1 -42495.391644 0.000000 0.000000 0.490053 -25.955554 0.803312 321.161361 3.575853 3.251062 2.601247 3.228909 3.791187 2.770044 2.822179 3.484621 3.494914 2.685659 259.938028 0.000000
1 -46162.039461 0.000000 0.000000 0.624478 -49.677076 1.166245 177.294467 3.554619 3.082486 3.871569 2.803605 2.888897 2.912033 3.591833 3.518662 3.764774 20.834163 215.763525 0.000000
1 -80912.687756 0.000000 0.000000 0.454812 -84.707814 4.757198 396.019678 3.602654 3.367773 3.218674 3.954386 3.977979 3.594338 3.615855 3.777028 3.597106 24.797815 101.926693 0.000000
1 -76074.447316 0.000000 0.000000 0.653369 9.051365 0.611684 132.048514 3.657068 3.063485 3.810385 3.515072 3.390526 2.586087 3.314335 3.540919 3.014980 22.663653 189.668398 0.000000
1 -85964.628229 0.000000 0.000000 0.464384 0.632489 0.610001 138.723139 3.338671 2.909344 3.512740 3.562837 3.808194 3.275075 2.688442 3.321561 3.597133 5.085848 177.404349 0.000000
1 -85872.007709 0.000000 0.000000 0.130811 -79.113237 4.822681 412.620102 2.828356 3.225136 2.679528 3.619217 2.822377 2.887977 3.379607 3.679326 3.956363 22.786605 53.745548 0.000000
1 -15532.103509 0.000000 0.000000 0.258663 88.632253 9.299134 178.904828 2.630365 3.360330 3.828093 3.903675 2.903797 2.518059 3.419566 3.665547 3.194624 5.491562 262.446599 0.000000
1 -85866.434005 0.000000 0.000000 0.131913 13.355709 3.720561 167.211321 3.648030 3.429776 3.492994 3.821457 2.864306 3.126672 2.784772 3.796085 3.581219 0.506391 128.372456 0.000000
1 -30566.373296 0.000000 0.000000 0.576805 -69.732396 1.315309 33.108865 3.236917 3.721045 3.458428 3.119692 2.896148 3.412952 3.650472 3.184442 3.236323 2.491005 322.257393 0.000000
1 -85877.778830 0.000000 0.000000 0.547071 -14.753487 9.536670 15.244060 2.778819 3.535371 3.724603 3.544087 3.824722 3.003420 3.578545 3.380106 2.882551 9.636192 127.509976 0.000000
1 -65988.377370 0.000000 0.000000 0.775053 -31.444271 5.665748 366.027653 2.546217 3.870790 3.774297 3.558294 3.745778 3.278443 2.602229 3.808265 3.012119 8.190469 195.482693 -0.192471
1 -15277.929177 0.000000 0.000000 0.506860 59.470587 1.825158 290.740594 3.640498 3.510814 2.501440 3.543961 3.892240 2.896276 3.233289 2.985313 3.229479 1.501877 299.869600 -0.192471
1 -70681.318452 0.000000 0.000000 0.584229 6.299855 0.903940 388.806873 3.630976 2.990572 2.759455 3.644927 3.566710 3.003483 2.503273 2.830969 2.925107 26.443529 290.718294 -0.192471
1 -20602.676642 0.000000 0.000000 0.271699 -37.733631 6.744351 157.869096 3.233412 3.860776 3.004894 3.471929 3.262291 2.678173 3.067712 3.260144 3.878644 19.877619 241.396644 -0.192471
1 -85932.890760 0.000000 0.000000 0.269349 -85.483287 9.312124 137.236228 2.933206 3.841877 3.746640 3.445388 2.842997 3.528175 3.373870 2.898177 2.999312 15.668605 161.254900 -0.192471
1 -85870.935486 0.000000 0.000000 0.543707 -55.940335 2.939358 99.591692 2.634213 2.977271 2.591288 3.744161 3.826963 2.869790 3.530597 3.985999 3.903838 22.419369 104.190498 -0.192471
1 -85864.779336 0.000000 0.000000 0.230355 11.567745 4.851499 83.307698 3.408898 3.308453 3.076373 3.997232 3.154648 2.528335 2.651923 3.523258 2.930992 13.524555 54.556276 -0.192471
1 -63084.572047 0.000000 0.000000 0.164927 -35.350885 5.237143 312.093841 3.077359 3.281999 3.385471 3.684449 3.709719 3.275114 3.467336 2.825986 3.088201 20.871257 349.649199 -0.192471
1 -20510.966291 0.000000 0.000000 0.249343 11.851813 1.508977 39.451828 3.632650 2.867276 2.630221 3.452416 3.828412 2.843482 3.241414 3.075590 3.610783 23.983728 257.627255 -0.192471
1 -85893.249713 0.000000 0.000000 0.081965 -56.767628 9.412336 372.887212 3.699508 3.963618 3.099438 3.432047 3.120456 2.823504 3.198131 3.972361 3.749396 15.756064 124.806281 -0.192471
1 -25757.995647 0.000000 0.000000 0.300092 -63.502131 7.109688 172.738128 3.115727 3.622368 3.334513 3.201761 3.049058 2.635336 2.594408 3.640139 3.580920 26.955226 222.525666 -0.362889
1 -80872.688368 0.000000 0.000000 0.534347 -15.017611 0.281154 106.784568 3.335646 3.957990 3.970596 2.811072 3.560282 2.807966 3.409666 3.577722 2.892309 25.479435 132.980001 -0.362889
1 -74020.275327 0.000000 0.000000 0.547779 36.131032 1.863944 415.245477 2.889822 3.478708 3.510137 3.381324 3.372795 3.033755 3.585151 3.123509 3.719419 14.151436 265.069413 -0.362889
1 -85867.369839 0.000000 0.000000 0.307717 50.284285 1.645178 36.035092 2.594352 3.148713 2.951059 3.968705 3.007653 3.055675 3.557012 3.725998 3.869417 14.959004 89.411489 -0.362889
1 -85875.530443 0.000000 0.000000 0.163393 -3.092363 7.063474 130.514067 3.306679 3.679995 2.501984 3.175959 3.479902 3.024189 2.794083 3.298146 3.256542 0.716094 198.472933 -0.362889
1 -25528.830752 0.000000 0.000000 0.224565 -53.157071 5.452330 86.143005 2.536613 2.860772 3.759539 3.618356 3.805344 2.973386 2.992323 2.807184 3.937395 21.345519 241.518628 -0.362889
1 -75865.353124 0.000000 0.000000 0.739305 -65.744215 2.355865 323.918571 3.518180 2.923653 2.508877 3.867803 3.688044 2.644898 2.997727 3.613651 3.254555 27.249906 100.225291 -0.362889
1 -85913.326696 0.000000 0.000000 0.774025 -22.774542 8.921538 158.836671 2.548407 3.799479 3.035144 3.983114 3.974510 2.585294 2.852730 3.404563 3.966687 3.809621 178.873573 -0.362889
1 -10372.296311 0.000000 0.000000 0.383261 6.865512 3.652554 253.142329 3.118297 2.981006 2.850806 3.695557 3.528255 3.562523 3.594121 3.764170 3.659829 3.416813 286.633853 -0.362889
1 -25753.893774 0.000000 0.000000 0.215113 -87.053514 3.734912 298.728922 2.559092 2.846817 3.775521 2.923947 2.960003 3.450612 3.117266 3.773292 3.721169 28.385292 242.286102 -0.362889
1 -73077.464910 0.000000 0.000000 0.383979 -74.385657 0.363576 483.170210 2.953952 3.342532 3.314948 3.011775 3.768673 3.059022 3.449529 3.892410 2.937851 11.996757 262.831950 -0.479954
1 -15505.356630 0.000000 0.000000 0.111648 -80.451231 5.446742 174.340484 3.459207 3.980191 2.566024 3.859309 3.685576 3.320652 3.329460 2.953325 3.452865 7.193136 272.080913 -0.479954
1 -25317.394029 0.000000 0.000000 0.022040 -72.653325 4.973555 50.256755 3.109139 3.854220 3.347890 3.590235 3.591874 2.778709 2.525495 3.936997 3.923523 8.828367 309.078170 -0.479954
1 -65781.065990 0.000000 0.000000 0.711006 72.449787 2.058623 207.088345 2.751328 3.728317 3.793328 3.472632 3.738345 2.854963 2.546834 3.266797 3.011990 26.839010 171.511517 -0.479954
1 -10127.913428 0.000000 0.000000 0.781946 26.788683 0.630226 261.592899 3.364194 3.086748 3.034233 3.294645 3.411387 2.971093 3.117746 2.830032 3.147751 13.675930 240.672536 -0.479954
1 -15491.038808 0.000000 0.000000 0.233223 -53.369293 5.406200 89.018175 2.545786 2.845839 3.747439 3.630893 3.802211 2.968708 2.982421 2.802076 3.927732 21.402857 238.427013 -0.479954
1 -76216.048282 0.000000 0.000000 0.636212 11.976755 8.197484 336.256460 2.984610 3.979047 3.758434 3.696134 3.621091 3.081205 3.129081 3.573856 3.838394 8.028163 200.629504 -0.479954
1 -50640.567306 0.000000 0.000000 0.792262 21.614275 1.103059 334.000469 3.497725 3.273247 3.870081 3.656858 3.961337 3.430452 3.453404 3.052094 3.941917 8.269316 93.165759 -0.479954
1 -36012.705142 0.000000 0.000000 0.435244 -26.927445 5.517996 273.711372 3.040264 3.189983 2.853760 3.231815 3.088500 3.325075 3.476833 3.623755 3.574540 17.506331 223.950063 -0.479954
1 -85915.796527 0.000000 0.000000 0.732854 -76.363617 6.427922 90.228210 2.901347 3.646822 2.787486 3.044329 3.912820 2.803170 3.416334 3.270471 3.884978 23.905587 153.437014 -0.479954
1 -30578.617127 0.000000 0.000000 0.275203 -43.058422 0.215331 66.358889 2.508506 3.989807 2.889129 3.395965 3.171112 3.254796 2.810333 3.012393 2.993082 3.624750 290.192806 -0.619895
1 -15466.394594 0.000000 0.000000 0.714745 -63.029960 1.676628 171.764736 2.534611 3.728068 3.642161 3.078502 3.004537 3.266958 2.668622 3.294067 2.823386 22.591093 251.209866 -0.619895
1 -41324.251935 0.000000 0.000000 0.014337 -55.733545 6.131598 266.190994 3.239507 3.485999 3.637954 3.522580 3.068825 3.231474 2.567023 2.944485 3.822312 5.554182 346.388077 -0.619895
1 -85870.448393 0.000000 0.000000 0.258358 -10.400418 9.592854 182.916120 3.242715 3.982746 3.353664 3.728431 3.601729 3.388952 2.555948 3.669834 3.652957 12.905576 103.259072 -0.619895
1 -85864.917586 0.000000 0.000000 0.288643 -15.717585 6.643545 23.431956 3.465013 3.851975 2.728368 3.544779 3.910076 2.830530 2.564797 3.931866 3.693288 11.674119 59.164789 -0.619895
1 -31004.098047 0.000000 0.000000 0.483498 -70.466072 1.494809 257.952664 3.558599 3.054798 3.041196 3.376919 3.135525 2.630357 3.362291 3.855938 3.591464 21.596069 202.400301 -0.619895
1 -85928.597940 0.000000 0.000000 0.171760 -52.060116 6.297532 249.052833 2.521339 3.357296 3.965820 3.471986 3.906900 2.949082 3.495580 3.552084 3.487287 1.425654 224.393278 -0.619895
1 -65655.882496 0.000000 0.000000 0.431526 -34.022344 3.618549 274.188935 2.657296 3.124167 2.804259 3.516472 3.317355 3.463732 2.975113 3.808821 2.819567 19.878878 322.440374 -0.619895
1 -51979.396655 0.000000 0.000000 0.367722 71.849028 0.866034 493.522582 2.930015 3.319722 3.683905 3.320018 3.238145 3.577227 2.816238 3.382157 3.707281 15.391645 221.831921 -0.619895
1 -50687.533062 0.000000 0.000000 0.764203 -85.753424 3.776758 421.135183 3.196240 3.646463 3.205770 3.572947 3.861649 3.035904 2.776946 3.989301 3.050166 21.569568 69.116690 -0.619895
1 -30344.592145 0.000000 0.000000 0.764560 60.762314 1.063740 485.429885 2.923910 3.231620 2.552177 3.423285 3.013380 3.609043 2.873612 3.243463 3.460956 3.804650 81.837048 -0.737305
1 -36779.104463 0.000000 0.000000 0.514452 76.779861 1.272857 35.661714 2.862670 3.161786 3.774938 3.193753 3.445932 3.192233 3.103292 3.957321 2.835875 14.275781 315.634852 -0.737305
1 -37711.807669 0.000000 0.000000 0.634797 29.662875 6.744177 388.192652 2.546173 3.039019 2.778405 3.992322 3.507213 3.634670 2.916275 3.616082 2.811386 28.184216 274.695553 -0.737305
1 -44578.586433 0.000000 0.000000 0.422222 -21.290740 0.891700 492.965578 2.607742 3.592470 3.990699 3.599064 2.909833 2.590168 2.634505 3.236119 3.359369 4.709132 113.894486 -0.737305
1 -15374.433430 0.000000 0.000000 0.736226 63.067592 0.560966 34.950527 3.248843 3.816384 3.878577 3.780603 3.147692 2.927131 2.608474 2.939531 2.873770 16.102697 260.107845 -0.737305
1 -76245.152685 0.000000 0.000000 0.296673 -29.606803 0.291582 261.091038 2.936240 3.042186 2.618643 3.284079 3.966743 2.577886 2.884868 3.083453 3.946606 7.945741 117.694867 -0.737305
1 -58466.307450 0.000000 0.000000 0.680440 32.214510 7.325065 56.189676 3.131396 3.962800 3.514538 3.560420 3.958243 2.720220 3.142898 2.851824 2.859195 17.973702 334.320585 -0.737305
1 -30706.818974 0.000000 0.000000 0.104903 -21.279469 5.979586 267.439738 3.468026 3.714470 2.593373 3.950036 3.431381 3.352422 2.587100 3.397462 3.286926 3.733460 259.598030 -0.737305
1 -58974.986469 0.000000 0.000000 0.606144 -7.478591 3.130076 332.281505 3.624671 3.346700 2.546973 3.216817 3.338078 2.752328 2.846523 3.532813 3.113939 8.030829 341.782339 -0.737305
1 -20423.128563 0.000000 0.000000 0.187956 -67.432924 5.462406 50.681909 2.587290 3.290651 2.945259 3.120398 3.530441 2.770114 2.640054 3.447108 3.660554 20.345267 241.525025 -0.737305
1 -59047.947244 0.000000 0.000000 0.197555 36.790404 4.073329 337.119937 2.796572 2.871607 3.022623 3.304481 3.520478 3.261435 3.064302 2.811810 3.816521 23.881465 267.154909 -0.916781
1 -85869.940736 0.000000 0.000000 0.374381 82.954036 1.488674 156.566681 2.530067 2.983675 2.804041 2.879314 3.389501 3.059676 2.950549 3.876578 3.810480 0.567295 136.174127 -0.916781
1 -75933.175310 0.000000 0.000000 0.552342 -48.410165 1.965118 343.331700 3.009658 3.141961 3.055660 2.864299 3.976674 3.636901 3.045581 2.979879 3.162051 0.680742 110.189884 -0.916781
1 -70875.061801 0.000000 0.000000 0.025224 -83.807162 1.479581 185.529922 3.419080 2.994380 3.483696 3.603085 3.263373 3.581603 3.492877 3.560131 3.996153 0.897478 304.800483 -0.916781
1 -40966.146738 0.000000 0.000000 0.481822 7.407534 0.002244 23.529167 3.298883 3.405278 3.461098 3.736290 3.784242 3.191213 3.428160 3.454509 3.490757 12.655839 309.740478 -0.916781
1 -85896.496923 0.000000 0.000000 0.099007 -49.141119 4.292826 93.618538 3.320489 2.921689 2.897182 3.823224 2.960667 2.706124 2.844617 2.979449 3.594523 18.062907 143.846554 -0.916781
1 -85867.161732 0.000000 0.000000 0.650966 71.790359 8.068693 335.336339 2.685843 2.982967 3.655020 3.944321 2.947787 2.661406 2.785735 3.924633 3.970457 25.463474 66.014170 -0.916781
1 -30760.871918 0.000000 0.000000 0.119123 -80.941214 9.049507 167.449168 3.431407 3.632764 2.995198 3.053787 3.927644 3.127602 3.297586 2.821326 2.979425 7.097945 246.972882 -0.916781
1 -5115.237238 0.000000 0.000000 0.645794 16.436884 7.263273 310.464383 2.521147 3.230438 2.846533 3.385120 3.876321 2.909887 3.606344 3.602217 3.137088 6.398784 280.725528 -0.916781
1 -25300.807407 0.000000 0.000000 0.589594 55.018456 5.458279 477.864981 3.628451 2.811661 2.580079 3.137348 3.003871 3.082463 3.270736 3.530534 3.455755 17.879784 216.331291 -0.916781
1 -52428.018166 0.000000 0.000000 0.697025 61.140299 9.313996 495.058673 3.636064 3.798299 3.568399 3.419615 3.420093 3.643720 2.668847 3.495304 2.985456 17.229827 337.780760 -1.076254
1 -63866.756995 0.000000 0.000000 0.507796 -5.725072 6.976752 389.086959 2.835526 3.899275 3.667103 3.865545 3.387711 3.102009 3.388711 2.824819 3.247104 23.062033 274.431773 -1.076254
1 -41025.997390 0.000000 0.000000 0.584213 -40.699971 1.114348 368.573210 2.968288 3.077388 3.091821 2.992700 3.862805 3.614618 3.023307 3.098833 3.160555 3.525814 101.134584 -1.076254
1 -65818.288789 0.000000 0.000000 0.277334 -61.499983 5.147625 202.539377 3.061073 3.921715 3.161369 3.648111 3.808133 3.144981 2.619413 3.334736 3.595394 16.189497 199.549696 -1.076254
1 -51554.813689 0.000000 0.000000 0.342591 -26.879497 3.084150 344.435535 3.141331 3.179994 3.248750 3.954098 3.129230 2.971362 3.141402 3.655404 2.968941 27.046792 183.479663 -1.076254
1 -85868.230600 0.000000 0.000000 0.164561 29.610412 9.112234 415.469371 3.591100 2.881869 3.553918 3.106511 3.342483 2.893132 3.654660 3.677081 3.785961 8.981599 80.862153 -1.076254
1 -85866.918509 0.000000 0.000000 0.781310 19.843250 4.829338 297.012563 3.550018 3.302252 2.974425 3.280041 3.332539 3.673050 2.685492 3.133403 3.133175 24.055164 63.058982 -1.076254
1 -25809.895325 0.000000 0.000000 0.147122 -27.456560 8.034291 5.069906 2.837592 3.665791 2.693713 3.646750 3.482800 2.866113 2.941653 3.803924 3.203902 18.408997 233.500457 -1.076254
1 -25415.077965 0.000000 0.000000 0.310841 -60.217313 4.037246 155.288236 2.566992 2.957229 2.724093 3.410594 3.259514 2.532245 2.573703 3.556435 2.887612 16.747026 278.476955 -1.076254
1 -85878.838650 0.000000 0.000000 0.376924 63.191512 0.919281 134.449094 2.795182 3.627144 3.844998 3.355324 2.926492 2.524897 3.440369 3.989855 3.269550 16.100023 105.278792 -1.076254
1 -15324.749515 0.000000 0.000000 0.716865 67.591760 4.371219 95.481816 3.150417 3.370314 2.964215 3.086004 3.335914 3.573303 3.531674 2.964354 3.013022 5.995025 311.598496 -1.249117
1 -30849.737511 0.000000 0.000000 0.209530 -44.440896 8.480948 372.993678 3.426014 3.073158 2.825881 3.858236 3.636793 3.024949 3.115801 3.617876 3.254379 9.825213 239.983330 -1.249117
1 -85945.777527 0.000000 0.000000 0.343747 41.441200 6.451810 461.268556 3.059917 3.381841 3.598854 3.578252 2.851384 2.876736 3.342951 2.850344 3.837375 25.412744 103.401042 -1.249117
1 -15471.660991 0.000000 0.000000 0.698803 68.893606 1.564122 238.499618 3.101575 2.908066 3.303449 3.097427 3.373458 2.511153 3.562967 3.127098 3.911012 8.401981 258.931634 -1.249117
1 -61485.626938 0.000000 0.000000 0.441129 -23.285558 0.351073 484.838821 3.492351 3.612801 3.826191 3.171179 3.196167 2.970774 2.686758 3.031337 3.330053 17.961747 95.521887 -1.249117
1 -85870.707015 0.000000 0.000000 0.636352 63.218207 0.217294 97.791761 3.023200 3.809525 3.221849 3.652738 2.965934 3.505856 2.921508 3.811672 3.471261 28.924559 83.081193 -1.249117
1 -85865.242580 0.000000 0.000000 0.148676 -42.745429 4.230780 39.186671 2.592925 3.732561 3.516803 2.921309 3.761879 3.543487 3.107267 3.873798 3.398400 11.431143 66.760224 -1.249117
1 -85866.011868 0.000000 0.000000 0.329047 54.065643 1.683069 59.677267 2.860246 3.748025 2.823018 3.121559 3.842998 3.441743 2.956775 3.979787 3.760029 12.830793 76.304230 -1.249117
1 -38187.782357 0.000000 0.000000 0.615572 27.637350 1.405878 314.197983 2.723638 3.256641 3.603404 2.938726 3.169520 2.920632 3.338910 2.805467 3.895495 10.477830 291.538470 -1.249117
1 -86067.502274 0.000000 0.000000 0.081393 -78.149839 7.243265 410.754774 2.837624 3.555730 2.817383 3.403219 2.824106 2.506538 2.504162 3.536703 3.311915 14.941713 154.635421 -1.249117
1 -20332.712507 0.000000 0.000000 0.438464 30.506526 1.093682 112.215399 2.827126 3.575277 3.576352 3.535058 3.672302 2.882945 2.632425 3.844246 3.705882 15.025755 235.992648 -1.375067
1 -20365.357867 0.000000 0.000000 0.167108 -83.935772 8.284974 293.377091 3.451549 3.877301 3.719322 3.011958 3.643641 3.069964 3.500984 2.825841 3.519666 11.754075 258.508344 -1.375067
1 -60793.191500 0.000000 0.000000 0.586345 35.020186 3.402837 142.718772 3.276605 3.154373 3.903545 3.317672 2.976576 3.360235 3.541872 2.839463 3.688363 28.163018 198.553958 -1.375067
1 -85872.773572 0.000000 0.000000 0.253550 40.969333 7.583432 164.977144 3.691379 3.398068 3.558774 3.193238 3.490062 2.676723 3.157619 3.698205 3.746817 19.502108 109.302102 -1.375067
1 -46302.277390 0.000000 0.000000 0.746315 -40.044449 5.138928 419.060328 3.459176 3.372037 2.519383 3.053322 3.993490 2.704150 3.605399 3.081976 3.929972 22.393277 177.237435 -1.375067
1 -20452.565432 0.000000 0.000000 0.003375 5.016396 5.784351 4.860993 2.647797 2.833289 3.451548 3.824549 3.758947 3.614175 3.226476 3.518416 3.933214 12.861494 299.613010 -1.375067
1 -54230.326422 0.000000 0.000000 0.336616 -32.325051 0.992749 458.710182 3.662204 3.930253 3.417772 2.949108 3.345947 2.528277 2.589285 2.961861 2.831156 8.656086 213.076754 -1.375067
1 -85874.986291 0.000000 0.000000 0.626308 -37.636028 3.186687 205.734578 3.535648 3.478096 3.731824 3.994205 2.934169 2.612145 3.679847 3.475744 3.513618 10.127689 109.627725 -1.375067
1 -85867.586680 0.000000 0.000000 0.021839 -62.799084 6.421270 19.853944 3.348804 3.654967 3.535241 3.683916 3.079971 2.578967 3.368900 3.317860 3.542483 13.863992 91.504329 -1.375067
1 -30788.637162 0.000000 0.000000 0.173644 -62.303816 5.003933 387.453309 2.841521 3.279658 3.225387 3.473057 3.433117 3.636757 2.938101 3.985398 3.823350 12.892299 225.346003 -1.375067
1 -60274.186698 0.000000 0.000000 0.206878 -31.223375 0.636790 464.894422 2.624435 3.266132 3.446188 2.908152 3.682134 2.971819 2.705731 3.016239 3.493445 8.033121 263.083395 -1.488276
1 -25641.486698 0.000000 0.000000 0.301077 -59.593894 2.503455 180.749634 2.656067 3.469128 3.727090 3.979616 3.432053 3.526461 3.657856 3.783051 3.309594 27.933651 234.511197 -1.488276
1 -85966.713774 0.000000 0.000000 0.590900 84.437973 6.113340 200.713390 2.641790 3.726871 2.583675 3.097820 3.606752 2.503923 2.990594 3.808988 3.858159 19.165498 163.794859 -1.488276
1 -22081.068040 0.000000 0.000000 0.700914 -43.986784 2.896138 412.401290 2.858030 3.066012 3.131136 3.251624 3.142170 2.966101 3.572166 3.978125 3.948483 21.457097 221.271239 -1.488276
1 -10344.529416 0.000000 0.000000 0.539544 -50.954899 5.799365 94.681816 3.317137 3.302829 3.021078 3.512565 3.138028 3.555452 3.046524 3.740215 3.994734 5.697102 277.773215 -1.488276
1 -41057.511719 0.000000 0.000000 0.686226 24.727817 2.180154 427.798556 2.903568 2.880882 3.961954 2.950062 2.823369 2.506354 3.620974 3.994171 3.083423 7.609070 341.068157 -1.488276
1 -51770.899866 0.000000 0.000000 0.349737 88.000955 0.550982 413.209405 2.615705 3.061944 3.664285 3.195191 3.939334 3.026657 2.876229 3.083705 3.150883 16.893292 92.017856 -1.488276
1 -36047.016857 0.000000 0.000000 0.177924 14.223383 3.600261 56.943597 2.848778 3.278614 2.500721 3.289904 3.540778 3.247909 2.508191 3.276386 2.950542 22.151206 293.476679 -1.488276
1 -50781.444180 0.000000 0.000000 0.486106 15.917733 3.330326 289.746707 2.959784 3.285601 3.810454 2.972682 3.024884 3.629848 2.857510 3.555302 3.482731 9.048749 186.961682 -1.488276
1 -62543.221486 0.000000 0.000000 0.074061 -24.958338 0.542910 395.020805 3.330097 3.964970 3.184901 3.095626 3.847835 3.180282 2.588331 2.875929 3.639931 26.828921 89.745960 -1.488276
1 -85869.331246 0.000000 0.000000 0.190263 -29.081466 2.543705 28.819103 3.176732 3.109789 2.918067 3.374454 3.165574 2.926544 3.208036 3.074913 3.479881 11.631122 102.019278 -1.622316
1 -10257.762504 0.000000 0.000000 0.183462 58.381240 4.088865 352.136867 2.670944 3.921790 3.353001 3.725822 3.623956 3.366561 2.858718 2.800353 3.475855 7.734573 226.933928 -1.622316
1 -85867.494031 0.000000 0.000000 0.416190 35.578867 8.002915 112.398361 2.885874 2.869114 2.671927 3.506946 3.330225 2.702423 3.474417 3.089883 3.390658 25.049250 89.104278 -1.622316
1 -85866.357305 0.000000 0.000000 0.677506 87.080210 6.364119 172.309978 3.264579 3.855307 3.890457 3.948373 3.569653 2.509212 3.361652 3.394050 3.922970 1.711229 93.717350 -1.622316
1 -15350.848647 0.000000 0.000000 0.568729 -42.164896 6.215570 74.604650 3.318455 3.337844 2.955529 3.526979 3.132299 3.519893 3.068172 3.800462 2.822451 6.543138 270.227509 -1.622316
1 -36102.561177 0.000000 0.000000 0.643603 -5.173432 1.933630 491.627991 3.525637 3.495394 3.458333 3.600496 3.363637 3.540119 3.181366 3.411570 3.834578 16.939944 114.445951 -1.622316
1 -15491.518385 0.000000 0.000000 0.253233 0.949126 5.745177 65.133032 3.203028 3.025211 2.992201 2.822264 3.162887 3.082405 2.625830 2.855035 3.459094 5.455013 296.730511 -1.622316
1 -85867.501514 0.000000 0.000000 0.001376 -63.151901 8.514117 493.348645 2.860520 3.807672 3.291007 3.693353 3.526461 3.048571 3.217932 3.538864 3.234953 19.155899 62.569756 -1.622316
1 -20507.409659 0.000000 0.000000 0.061056 -25.839958 6.722282 336.815032 2.564914 2.815313 2.926167 3.882174 3.961097 2.633559 2.974189 3.974253 3.773818 12.938137 254.929772 -1.622316
1 -36172.894250 0.000000 0.000000 0.102895 43.753899 7.692273 55.719297 3.366531 3.307668 2.915121 3.265893 3.422408 3.575107 2.942273 3.031792 3.189870 18.069452 298.512415 -1.622316
1 -20465.046145 0.000000 0.000000 0.132256 -37.128002 1.900462 106.995355 2.988532 3.648797 3.123321 3.700567 2.854021 2.631152 2.593418 3.340095 3.441536 10.980058 289.636595 -1.677791
1 -25624.790439 0.000000 0.000000 0.221273 27.853020 1.791586 318.806089 3.329628 2.996983 3.047894 3.216353 3.996501 3.291277 2.724086 3.844382 3.754167 12.958728 150.261881 -1.677791
1 -40732.357300 0.000000 0.000000 0.115270 -1.364969 2.010917 262.571862 3.251975 3.786374 2.606522 3.359416 3.945836 3.281553 2.956468 3.629690 3.760599 8.283449 185.902036 -1.677791
1 -10162.642337 0.000000 0.000000 0.088203 17.195971 1.493391 295.729515 2.535361 3.898941 2.877043 3.937451 3.614832 3.316296 2.973626 3.006040 3.370896 10.876700 214.603849 -1.677791
1 -15323.073824 0.000000 0.000000 0.095308 30.177837 2.993916 85.010408 2.577016 3.100777 3.535669 3.114900 3.005564 2.954670 2.846903 3.185825 3.113965 20.971983 259.062504 -1.677791
1 -85872.397343 0.000000 0.000000 0.206525 59.795866 5.830846 213.030950 3.465182 3.083617 3.657837 3.815658 3.221829 3.184851 2.631491 3.315546 3.114186 17.858691 103.930101 -1.677791
1 -15330.319694 0.000000 0.000000 0.245598 -1.533982 5.801585 15.622897 3.200421 2.841083 3.015742 3.935989 3.074475 3.039371 2.625853 2.891256 3.396816 7.417747 302.818286 -1.677791
1 -20412.517813 0.000000 0.000000 0.530298 57.501946 1.841119 61.592485 2.810685 3.340290 3.291378 3.088955 2.911788 3.492043 3.179567 3.541002 3.514005 25.728740 236.374248 -1.677791
1 -25452.573715 0.000000 0.000000 0.251884 -61.892441 3.707115 205.602317 3.561246 3.911475 2.995434 2.968189 3.336370 3.174825 2.898464 3.565431 3.701896 16.529623 226.649314 -1.677791
1 -5388.259031 0.000000 0.000000 0.236944 -13.098911 8.753107 11.183076 2.753421 3.510623 2.892039 3.600718 3.458831 2.895075 3.103782 3.703535 2.989714 5.890204 325.938294 -1.677791
1 -15323.614779 0.000000 0.000000 0.121183 65.887217 6.605631 241.124537 2.594484 3.016406 3.243360 3.356296 3.176390 3.461791 3.459774 3.285968 3.795395 11.303017 263.567100 -1.764825
1 -56064.330861 0.000000 0.000000 0.055285 11.174292 2.991001 472.350187 2.707064 3.265759 3.452569 2.909388 3.990123 2.996405 2.809407 3.209516 3.974959 16.943381 105.631869 -1.764825
1 -59552.287616 0.000000 0.000000 0.252381 13.456837 4.742742 374.541713 3.325088 3.575823 3.656843 3.858722 3.653871 3.024159 2.764901 3.020208 3.162629 10.644808 312.741141 -1.764825
1 -20491.689245 0.000000 0.000000 0.356103 -59.400413 7.688118 138.414663 3.085291 3.356473 3.070586 2.963984 2.811303 2.608098 3.628230 3.512789 3.218409 9.158896 280.447345 -1.764825
1 -64981.171434 0.000000 0.000000 0.217775 64.684831 1.983446 294.143566 2.657612 3.236682 2.606323 3.269411 3.742049 2.857952 3.034494 3.564260 3.758410 8.024390 341.662489 -1.764825
1 -15563.972404 0.000000 0.000000 0.051191 39.778433 9.328238 115.813277 3.009282 3.948484 2.517790 3.152110 3.579601 3.329600 3.202797 3.858409 2.933090 10.483958 283.424779 -1.764825
1 -60893.651333 0.000000 0.000000 0.518422 -78.243389 4.827380 488.729814 3.287713 3.188875 3.932178 3.749471 2.972061 3.391402 3.435372 2.924301 3.709038 17.363470 55.770292 -1.764825
1 -66021.063137 0.000000 0.000000 0.547468 -37.925651 3.738291 399.022774 3.353918 3.008082 3.188515 3.534534 3.750802 3.430448 2.590042 3.679143 3.631099 28.842150 121.292584 -1.764825
1 -25452.942195 0.000000 0.000000 0.249822 -61.262381 3.623267 206.677158 3.558677 3.905508 3.004805 2.961116 3.329770 3.175692 2.894724 3.557894 3.703705 16.749196 225.675679 -1.764825
1 -5379.402130 0.000000 0.000000 0.232057 -15.916255 8.782750 9.946145 2.748516 3.494226 2.896801 3.593927 3.458187 2.906848 3.101155 3.702766 2.990243 6.089466 321.494242 -1.764825
1 -50758.789570 0.000000 0.000000 0.100416 59.999229 3.668317 323.996750 3.057780 3.659964 2.820385 2.942002 3.437894 3.465049 3.132290 3.707656 3.674056 27.944934 158.669945 -1.847292
1 -10169.351457 0.000000 0.000000 0.520732 60.004513 2.380042 394.495140 2.780741 3.461452 2.878091 2.981318 2.899582 3.242836 3.691097 3.872889 3.235854 2.563657 291.807359 -1.847292
1 -15505.182941 0.000000 0.000000 0.272118 4.459238 2.604433 318.959824 3.079447 2.993032 2.700487 3.541846 3.826862 3.102218 2.600641 3.462791 3.396847 19.597324 182.498533 -1.847292
1 -25552.852062 0.000000 0.000000 0.045021 69.811163 8.304640 461.198379 3.620198 3.032628 2.679942 3.881475 3.130962 2.684738 3.382111 3.825372 3.755754 2.051803 286.533026 -1.847292
1 -36206.062359 0.000000 0.000000 0.322335 -44.183617 7.849263 391.071221 3.477390 3.582357 3.484284 3.302907 3.776053 3.662641 2.770812 3.192988 3.977733 6.055812 252.294437 -1.847292
1 -67489.441244 0.000000 0.000000 0.366928 20.869185 0.872791 488.434258 3.608562 2.924222 2.943383 3.518427 3.265914 2.698148 3.597366 3.686621 3.760100 1.384984 342.556248 -1.847292
1 -15861.814417 0.000000 0.000000 0.508411 -71.934128 1.321621 42.244224 2.831043 3.312633 3.456367 3.842450 2.842815 2.954531 3.536994 3.194422 3.407559 15.472333 276.546087 -1.847292
1 -46229.889099 0.000000 0.000000 0.144571 -58.750317 3.713071 452.808973 3.061044 3.624088 3.304753 3.172479 3.205930 3.224140 3.357176 3.520817 3.855833 8.308959 139.623866 -1.847292
1 -37505.886386 0.000000 0.000000 0.505594 -77.143341 5.876097 422.796263 3.139592 3.538765 3.021158 3.597198 3.341691 2.983558 3.588144 3.062429 3.159821 24.129268 231.592939 -1.847292
1 -49334.491219 0.000000 0.000000 0.302762 -31.849749 0.995913 495.666089 2.584652 3.824289 2.554129 3.484670 3.523391 2.808609 2.969472 3.721043 3.388377 2.358859 97.420376 -1.847292
1 -15348.680685 0.000000 0.000000 0.374350 -74.056925 7.637348 32.864775 3.037954 2.887720 3.632738 3.468116 3.035811 3.252028 2.934674 2.902874 3.757187 12.343910 281.929639 -1.932665
1 -85882.237728 0.000000 0.000000 0.039506 -21.932843 7.837499 428.003097 2.760464 3.107908 3.761809 3.097758 3.679062 3.250654 3.514466 3.334650 3.233509 2.551612 125.591576 -1.932665
1 -20920.584711 0.000000 0.000000 0.068873 41.257863 0.858839 281.150538 2.867152 3.083110 3.379075 3.382166 3.502872 3.480582 3.487363 3.751745 3.429216 8.205490 212.134467 -1.932665
1 -25518.531883 0.000000 0.000000 0.052321 68.416016 8.309150 461.027602 3.627380 3.033659 2.695085 3.897128 3.132050 2.675274 3.372308 3.814419 3.760510 2.017409 287.574517 -1.932665
1 -15312.129025 0.000000 0.000000 0.332977 49.132512 7.226722 48.157467 3.125552 2.867565 3.771262 3.884968 2.990793 3.139860 2.828787 3.871874 3.504437 11.577686 275.582192 -1.932665
1 -85864.813856 0.000000 0.000000 0.584372 -8.576927 7.638834 35.851083 3.048756 3.465232 2.770290 3.422370 3.888395 2.879535 3.006266 3.005054 3.398384 9.503340 56.332193 -1.932665
1 -15960.827253 0.000000 0.000000 0.232333 -40.628968 3.323736 476.951359 2.701613 3.516118 3.531216 3.549104 3.190514 3.284266 2.577097 3.704068 2.950915 5.519313 138.556802 -1.932665
1 -25406.846713 0.000000 0.000000 0.131667 -42.991259 6.751667 19.671605 3.369179 2.823121 3.288000 2.916051 3.333642 3.456489 3.339832 3.609234 3.751337 11.396435 290.862649 -1.932665
1 -10072.474347 0.000000 0.000000 0.787196 20.710112 3.749425 333.571081 2.649820 3.402896 3.831076 3.995424 3.390838 3.651459 2.542791 3.346709 3.599807 26.551394 220.630050 -1.932665
1 -10126.909503 0.000000 0.000000 0.345232 44.115669 7.925845 228.341892 3.085805 3.468201 3.962153 3.027983 3.700424 3.223966 2.992843 2.845104 2.968304 26.037161 248.182207 -1.932665
1 -5138.521659 0.000000 0.000000 0.508177 71.679260 0.273900 169.414250 3.282250 2.998421 3.960956 3.458149 3.980260 2.751091 2.841616 3.811046 3.018213 8.668112 255.159992 -1.986682
1 -75902.272930 0.000000 0.000000 0.245947 -85.894460 6.908681 382.720257 2.647584 3.780651 3.283932 3.691545 2.961395 2.904350 3.145657 3.933361 3.204452 13.442745 166.035568 -1.986682
1 -15300.364926 0.000000 0.000000 0.795558 -16.463910 3.125166 151.975587 3.454298 3.001808 3.503362 3.055250 3.870593 3.466309 2.668754 2.978857 2.845582 6.278840 279.906962 -1.986682
1 -20522.998702 0.000000 0.000000 0.054669 70.515059 8.296843 461.166417 3.629678 3.044721 2.692726 3.892270 3.129207 2.665550 3.370617 3.816540 3.756418 2.193626 287.698538 -1.986682
1 -15399.074996 0.000000 0.000000 0.637299 23.831919 4.805429 296.391746 3.151422 3.661193 3.447350 3.249880 3.554855 2.747251 2.566371 3.790296 3.499938 22.888590 212.281475 -1.986682
1 -25516.231797 0.000000 0.000000 0.146882 89.994685 5.603314 498.499930 2.711632 3.101157 2.709031 3.235768 2.850595 2.669456 3.463742 3.060952 2.901974 3.814280 185.910675 -1.986682
1 -20346.585117 0.000000 0.000000 0.219639 -88.274195 9.447624 406.409152 3.071566 2.801446 2.941409 3.519742 2.905070 3.433616 2.930396 3.428190 3.647065 11.166441 265.039602 -1.986682
1 -26408.542303 0.000000 0.000000 0.534996 69.575498 6.795163 42.363553 3.195205 3.644706 3.471310 3.135685 2.841278 2.586602 2.818972 3.047988 3.477151 24.401980 290.416111 -1.986682
1 -5094.644071 0.000000 0.000000 0.766088 23.995907 3.762042 358.479789 2.632327 3.416777 3.839213 3.972077 3.431387 3.651373 2.579340 3.373927 3.566795 25.934107 210.774819 -1.986682
1 -32019.964326 0.000000 0.000000 0.726426 81.333235 9.058011 471.635861 2.532235 3.794463 3.386761 3.538540 3.643527 3.669351 3.090727 2.925450 2.896810 16.518079 293.157454 -1.986682
1 -20579.501109 0.000000 0.000000 0.785994 26.692270 8.602367 246.208727 2.738753 3.152340 3.050232 3.657063 3.819907 2.722091 3.138973 3.848328 2.906550 28.851236 261.225177 -2.087451
1 -46179.453199 0.000000 0.000000 0.041789 -28.444515 8.343205 448.031885 2.948502 2.895052 3.196301 3.746670 2.896567 2.741435 3.489475 3.523638 3.320425 6.194856 300.612737 -2.087451
1 -20232.933812 0.000000 0.000000 0.134435 -16.735564 2.690987 30.887618 3.328679 3.175281 3.728473 2.836499 3.787344 3.443483 2.509257 3.956646 3.964837 12.699915 280.692690 -2.087451
1 -25553.831013 0.000000 0.000000 0.647407 70.548573 4.743344 454.167811 2.829511 2.923080 3.990346 3.718908 3.679141 2.736400 3.389216 3.918510 3.290445 21.054590 122.979706 -2.087451
1 -80887.046346 0.000000 0.000000 0.370344 -17.354268 4.143097 442.915860 3.219856 3.569344 2.753941 3.299182 2.896887 3.521496 2.680029 3.618107 3.581589 10.059809 52.189073 -2.087451
1 -40717.666625 0.000000 0.000000 0.648451 -13.328956 6.329999 276.389209 2.918828 3.394554 3.214718 3.824741 2.961397 3.064704 2.950335 2.931758 3.082275 11.118663 228.415128 -2.087451
1 -15329.619183 0.000000 0.000000 0.500559 -18.194423 7.644428 66.851856 3.609922 2.826354 2.866126 3.219446 3.772994 3.132511 3.474934 3.477636 3.410056 9.493496 283.991462 -2.087451
1 -85866.352513 0.000000 0.000000 0.442335 16.084752 2.557549 207.913656 3.073683 2.821938 2.885232 3.563418 2.858792 2.512958 2.853556 3.199416 3.859200 0.362011 74.050989 -2.087451
1 -53502.740527 0.000000 0.000000 0.595382 82.233110 3.726357 98.389226 3.579653 3.735978 3.524987 3.183346 3.738282 3.033880 3.518445 3.427218 3.872586 27.186357 333.282548 -2.087451
1 -10157.329313 0.000000 0.000000 0.007689 -87.788231 6.553770 95.951247 3.159167 2.959349 3.852760 3.471861 3.561865 3.537118 3.393419 3.134438 3.192533 21.376142 254.950816 -2.087451
1 -31969.950291 0.000000 0.000000 0.607961 63.019018 5.944629 460.081776 2.526064 3.463800 3.640853 3.843287 3.063193 3.204164 2.995873 3.257547 3.788774 15.090405 256.147901 -2.167616
1 -10127.236599 0.000000 0.000000 0.529132 50.479887 3.281104 369.291414 3.438655 3.976406 2.618728 3.012173 3.356075 3.403347 3.140728 3.701605 3.958282 4.663602 209.827723 -2.167616
1 -20656.135291 0.000000 0.000000 0.261553 -45.850374 4.313018 144.112056 3.420426 3.110413 2.808215 3.429655 2.977934 3.665940 2.946664 2.985360 3.371525 11.092579 238.392548 -2.167616
1 -5519.987497 0.000000 0.000000 0.721309 33.513919 7.725513 387.257266 2.893491 3.994314 3.763543 3.399034 3.535590 3.345972 2.943465 3.240914 3.987196 17.089159 226.585045 -2.167616
1 -36139.694991 0.000000 0.000000 0.450076 -80.754460 8.952917 137.892532 3.417011 3.428574 3.045462 3.585961 3.332538 2.603503 2.567163 3.433689 2.876698 20.890319 291.978636 -2.167616
1 -59275.089473 0.000000 0.000000 0.589114 -70.012562 7.646827 244.883895 2.779275 3.588409 3.706524 3.240731 3.118793 2.829043 3.113421 2.802963 3.084453 23.240132 319.074560 -2.167616
1 -20749.720171 0.000000 0.000000 0.792709 82.897374 8.922575 239.260216 3.479902 3.132167 3.821828 3.733680 3.981378 2.569654 3.216470 3.401419 3.812689 8.992454 308.338956 -2.167616
1 -15293.562144 0.000000 0.000000 0.317775 -35.169621 5.871565 260.812751 2.662094 3.423692 3.379161 3.903340 3.982774 2.615196 3.632374 3.620665 3.745840 18.881404 244.419447 -2.167616
1 -85876.792712 0.000000 0.000000 0.144939 23.221042 7.493248 241.320005 3.306693 3.516331 2.644383 3.276024 3.241901 3.596284 2.891257 2.857103 3.870769 10.182572 117.161584 -2.167616
1 -43260.404194 0.000000 0.000000 0.586736 16.530152 5.252001 459.843935 3.305731 3.894194 2.935159 3.182081 3.125119 2.858217 2.672632 2.911016 3.091112 16.090969 235.378040 -2.167616
1 -40748.431215 0.000000 0.000000 0.599381 -2.665485 6.964737 79.054319 2.968589 3.183540 3.605896 3.096651 3.614791 2.569881 2.787184 3.125893 3.756757 24.255351 226.146511 -2.230920
1 -20645.999143 0.000000 0.000000 0.564639 19.292378 7.395763 80.229320 2.725282 3.020457 2.844558 3.615495 3.862600 2.925201 2.999328 2.954058 3.925962 21.035388 235.883737 -2.230920
1 -10396.472429 0.000000 0.000000 0.778808 66.872101 9.434216 329.829764 2.614138 3.138504 3.874186 2.905577 2.988495 3.216520 3.196429 3.660889 3.226883 6.867360 257.218948 -2.230920
1 -15242.652436 0.000000 0.000000 0.765874 23.346518 7.144392 264.628777 2.674114 2.982394 3.167826 2.998955 3.506301 3.443122 3.036733 3.568739 2.892242 17.081682 244.653333 -2.230920
1 -15492.935905 0.000000 0.000000 0.416012 -41.203854 4.770352 75.082155 3.137741 3.199717 3.225636 3.293479 3.565766 3.087302 3.672459 3.867968 2.906126 4.340781 312.175962 -2.230920
1 -20531.120984 0.000000 0.000000 0.275042 -54.919456 5.591625 226.495901 2.677738 2.877707 2.748035 2.892589 3.824350 2.617239 3.327826 3.836206 3.810678 2.049157 329.773556 -2.230920
1 -36681.438208 0.000000 0.000000 0.051622 82.397734 3.689893 481.719957 3.126889 3.068879 3.305011 3.576519 3.828179 3.464937 2.683250 3.307202 3.287080 2.423410 249.687304 -2.230920
1 -25540.816825 0.000000 0.000000 0.092601 31.088063 6.264355 422.661890 3.584195 3.801159 2.819424 3.525726 3.447086 2.554924 3.170528 3.023410 2.954955 19.907925 174.416219 -2.230920
1 -10017.895066 0.000000 0.000000 0.633016 34.891047 1.950954 299.731704 2.959393 3.121702 3.974558 3.292634 2.929925 3.058760 2.725531 3.035787 3.415360 27.349592 196.575494 -2.230920
1 -35676.117047 0.000000 0.000000 0.492999 -38.893215 5.565433 223.563565 3.053710 3.910620 3.981019 3.296208 2.993539 3.599625 2.576748 2.827538 3.768616 4.470571 244.857373 -2.230920
1 -25420.740546 0.000000 0.000000 0.416041 -39.474037 4.624869 148.715370 2.667552 3.451194 2.798022 3.710834 3.932620 3.590619 3.050519 3.324715 3.626568 19.709713 261.907301 -2.318790
1 -48561.624991 0.000000 0.000000 0.230657 -34.959425 6.741730 447.788811 2.616067 3.513425 3.713121 2.856194 3.107489 2.819533 2.569707 3.474436 3.520622 9.598043 310.053864 -2.318790
1 -35634.038298 0.000000 0.000000 0.408341 -64.928084 0.192686 102.634961 3.498131 3.670376 3.950060 2.994708 3.261860 3.182576 3.176906 3.169119 3.074051 2.295487 289.987930 -2.318790
1 -30497.876728 0.000000 0.000000 0.385273 27.044074 4.535997 459.697161 3.025077 3.631886 3.357793 3.484014 3.304376 2.783819 3.092362 3.308368 2.923582 0.785583 259.958829 -2.318790
1 -15350.152674 0.000000 0.000000 0.119268 -73.550871 7.052440 53.807535 3.374402 2.978358 2.687779 3.558771 3.907833 3.658861 3.057226 2.875833 3.269533 22.972535 261.701366 -2.318790
1 -31581.782240 0.000000 0.000000 0.260267 -58.105452 6.085685 476.017004 3.364217 3.551845 2.737766 3.177016 2.816104 3.432241 2.779919 3.564342 3.085424 11.795396 193.835111 -2.318790
1 -42232.564984 0.000000 0.000000 0.186508 78.444960 0.488486 297.049155 2.676586 3.648585 3.722040 2.931191 3.573652 2.819259 2.737384 2.801855 3.975517 4.927015 284.314174 -2.318790
1 -25656.058562 0.000000 0.000000 0.161660 24.780728 4.562515 406.964978 2.541864 3.065578 2.540516 3.310607 3.835422 2.600745 2.728951 3.088153 3.197742 11.771555 171.549596 -2.318790
1 -36876.623190 0.000000 0.000000 0.351311 1.815379 2.530578 448.863799 3.480142 3.639964 3.286073 3.987399 3.092089 3.074467 3.494368 3.160164 3.054265 1.515663 248.289064 -2.318790
1 -10148.730253 0.000000 0.000000 0.777277 32.489527 2.504111 269.666999 3.523079 3.036225 3.799093 3.251468 3.145626 3.508156 3.583449 3.446445 3.092787 26.710913 242.405927 -2.318790
1 -15328.531261 0.000000 0.000000 0.028967 -86.446921 8.359509 250.793121 2.536456 3.095599 2.742687 3.509325 2.907196 2.512416 3.322138 2.813748 3.376885 11.241924 267.075592 -2.403903
1 -25581.779515 0.000000 0.000000 0.205556 29.067024 6.854531 15.715591 2.739892 3.453613 3.086395 3.863600 3.913827 2.966585 2.904280 2.923545 3.648870 26.839115 242.043724 -2.403903
1 -15320.132727 0.000000 0.000000 0.165423 78.239227 4.379427 55.957705 3.204722 3.456992 3.926878 2.817932 3.203432 3.118658 2.923707 3.860570 3.692763 26.610559 253.045315 -2.403903
1 -85914.928981 0.000000 0.000000 0.511747 -40.472417 0.588945 163.267649 3.101220 3.317491 3.263145 2.828770 3.716222 2.917414 2.954956 3.606039 3.381063 11.359171 127.960186 -2.403903
1 -10141.974205 0.000000 0.000000 0.069617 62.552559 4.883926 292.060542 3.550431 3.059001 3.967075 3.931191 3.926833 3.086485 2.862045 3.225001 3.432106 21.061538 227.856759 -2.403903
1 -42993.643942 0.000000 0.000000 0.625648 -0.375051 4.035954 375.837079 3.139195 3.110402 3.866713 3.847433 3.988691 2.527519 3.540548 3.284721 3.571100 5.741598 323.331150 -2.403903
1 -46109.275341 0.000000 0.000000 0.748170 -45.862785 1.850269 346.074701 3.616290 3.684646 3.686828 3.038205 3.730388 3.105997 2.747461 3.079083 3.636461 1.252009 218.065206 -2.403903
1 -20417.443845 0.000000 0.000000 0.021961 3.487280 2.948951 130.640056 2.759062 3.710699 2.629073 3.377599 3.775617 2.578812 2.946340 3.581926 3.755066 25.110776 229.127215 -2.403903
1 -15371.550507 0.000000 0.000000 0.570990 -25.701111 0.872670 29.688288 3.090014 3.597610 3.540006 3.407994 3.713413 2.967374 2.511776 2.852757 3.099328 5.895425 311.413170 -2.403903
1 -10309.873457 0.000000 0.000000 0.326466 16.798788 3.858211 358.623591 2.559843 3.639614 2.823681 3.394394 3.758033 3.495384 3.379591 3.249276 3.043619 6.332984 224.545985 -2.403903
1 -45748.154315 0.000000 0.000000 0.175140 -84.095291 6.890114 29.301817 3.330240 3.474085 3.729735 3.990762 2.823411 2.856687 3.459582 3.524015 3.358709 15.947009 223.639858 -2.496662
1 -26114.414608 0.000000 0.000000 0.389929 -68.188052 3.310424 172.796781 2.511345 3.872306 3.840980 3.843679 3.641129 3.582390 3.645374 3.776157 3.663343 17.810944 280.937897 -2.496662
1 -69345.946824 0.000000 0.000000 0.464630 86.146683 3.672707 110.115955 3.283083 3.786004 3.767012 3.682755 3.209662 3.435501 2.569411 3.988229 3.442187 28.124714 338.714257 -2.496662
1 -21259.042298 0.000000 0.000000 0.738756 -35.997272 8.832148 499.761456 2.610875 3.696281 3.553908 3.807666 3.768336 3.075309 2.984242 3.242497 3.267025 3.849759 320.604282 -2.496662
1 -15341.783751 0.000000 0.000000 0.079250 61.877421 4.819293 300.318502 3.559588 3.051131 3.984969 3.930820 3.928550 3.076417 2.876635 3.233283 3.430323 20.577750 229.720764 -2.496662
1 -49962.889335 0.000000 0.000000 0.252600 -36.777593 4.791265 428.324004 2.627619 3.230302 3.846419 3.269146 3.968801 2.553045 3.099531 3.512393 3.355781 21.752629 248.581766 -2.496662
1 -30735.259635 0.000000 0.000000 0.039250 -30.963838 8.022550 10.062954 3.555376 3.659721 2.781795 3.635417 3.620884 2.655263 3.434565 3.561783 2.821960 18.443589 231.888744 -2.496662
1 -10500.277235 0.000000 0.000000 0.797468 -5.192037 5.352689 259.653111 3.456632 3.208335 2.598632 3.072254 3.649923 3.341139 3.279537 2.907082 3.958638 10.825695 250.569340 -2.496662
1 -56438.136632 0.000000 0.000000 0.281796 -55.320791 4.494038 452.952517 3.145064 3.533721 3.380532 3.257664 3.828514 2.916264 3.631952 3.321272 3.349887 28.776409 251.142916 -2.496662
1 -15295.020557 0.000000 0.000000 0.303996 21.202062 3.622870 317.603721 2.553793 3.705740 2.815114 3.397430 3.856891 3.466126 3.393274 3.257334 3.060398 8.855395 215.867958 -2.496662
1 -40514.244125 0.000000 0.000000 0.532274 0.829557 3.569225 493.772930 3.173867 3.578226 3.555826 3.038486 3.652356 2.933457 3.143886 3.659481 2.839045 9.190565 84.631001 -2.598910
1 -20416.815060 0.000000 0.000000 0.636374 52.237931 2.576466 490.919994 3.570723 3.531768 3.935898 2.936222 3.958556 3.596317 3.416641 3.974369 2.836318 28.426003 58.637066 -2.598910
1 -32612.197845 0.000000 0.000000 0.440469 -77.136152 0.168298 231.885674 3.664346 3.850977 2.784533 3.487218 3.650716 2.614259 2.970415 3.978394 3.495793 25.937965 263.271468 -2.598910
1 -47328.316138 0.000000 0.000000 0.036079 53.272184 4.138711 453.809846 3.187538 2.944108 3.562893 3.860370 3.918516 3.586552 2.742118 2.801487 3.385697 16.025374 189.560981 -2.598910
1 -41970.753498 0.000000 0.000000 0.360665 -70.425460 5.245727 174.097150 2.646055 3.665333 2.581275 2.889810 3.549464 2.926753 3.486232 3.074597 2.966511 25.859356 292.746614 -2.598910
1 -85868.785086 0.000000 0.000000 0.098333 -33.922154 5.257589 0.197843 2.946549 3.185459 3.613266 3.725410 3.058587 3.577604 3.477942 3.400152 3.191153 0.691627 154.881495 -2.598910
1 -20513.876435 0.000000 0.000000 0.144681 -13.109170 9.470981 10.585255 3.580003 3.934385 3.845493 3.653951 3.850918 3.677656 3.448839 3.750512 3.142485 18.790378 263.352690 -2.598910
1 -10498.576897 0.000000 0.000000 0.797823 -4.902507 5.345169 260.359810 3.456984 3.208101 2.598401 3.070985 3.650617 3.341224 3.277953 2.906420 3.958088 10.843033 250.368030 -2.598910
1 -21161.114591 0.000000 0.000000 0.734091 41.781725 3.126000 337.738135 3.075900 3.519482 2.717957 3.422066 3.079037 3.587622 2.786254 3.818047 3.005419 7.552852 289.726881 -2.598910
1 -42053.952185 0.000000 0.000000 0.508179 -71.299229 2.301614 471.010193 3.122345 3.073853 3.354391 3.530645 3.754008 2.812401 3.099193 3.073275 3.711807 11.684953 94.089504 -2.598910
1 -10440.188463 0.000000 0.000000 0.479187 34.360678 7.282158 123.728986 3.178463 3.220179 2.608432 2.842711 3.453587 3.433344 3.443617 3.328191 3.579718 5.036756 341.673007 -2.648122
1 -15578.190129 0.000000 0.000000 0.660308 87.259346 2.770524 277.178211 3.444041 3.398703 3.927654 3.834220 3.396856 2.636314 3.551073 3.134771 3.394450 5.703674 253.967682 -2.648122
1 -10385.147321 0.000000 0.000000 0.321310 14.633407 1.750543 262.855552 3.392925 3.315381 2.842534 3.887893 3.392774 3.152888 2.524583 3.053343 3.015212 1.968791 298.759788 -2.648122
1 -25810.481191 0.000000 0.000000 0.723822 65.442775 5.814675 474.860549 3.142419 3.928822 3.123675 2.858484 2.872784 3.147060 3.008746 2.803800 3.462595 16.846290 145.545134 -2.648122
1 -20637.420095 0.000000 0.000000 0.367345 -66.535834 7.798171 210.543495 3.295420 3.867459 2.702979 3.077899 3.007770 3.456573 2.821696 3.357965 3.624469 19.938657 242.873176 -2.648122
1 -20394.110489 0.000000 0.000000 0.249810 10.845840 4.444904 226.151434 3.403414 3.702582 3.194590 3.552712 3.926631 3.321048 3.488605 2.954923 3.184858 5.959007 256.953741 -2.648122
1 -15444.078109 0.000000 0.000000 0.473980 -19.920750 8.870614 155.059030 3.179047 3.477361 3.162847 3.218116 3.025242 2.955334 3.248345 3.948084 3.092582 15.307498 272.827694 -2.648122
1 -15318.572670 0.000000 0.000000 0.227078 70.077058 7.821654 227.395796 2.753240 3.682784 3.085107 3.536335 3.983298 3.374793 3.408306 3.452374 3.236948 26.257390 242.517625 -2.648122
1 -10538.732562 0.000000 0.000000 0.497161 39.987638 7.033544 340.287107 3.491098 3.301033 3.979210 3.285598 2.824308 2.718947 3.185457 2.910124 3.599214 17.004056 239.844231 -2.648122
1 -25802.251977 0.000000 0.000000 0.115191 70.801478 3.962448 465.110437 3.240393 3.509671 3.079966 3.092088 2.850336 2.658713 2.761953 3.827934 2.950811 19.407222 156.610796 -2.648122
1 -25415.935546 0.000000 0.000000 0.783957 -14.403338 9.508740 35.602138 3.670669 2.832907 3.958471 3.462523 3.013112 3.020742 2.501226 3.326390 3.265775 27.662730 268.690835 -2.726528
1 -30983.978570 0.000000 0.000000 0.785756 -85.594564 7.975754 384.744364 3.112857 3.736257 2.865019 3.732301 3.797386 2.974155 3.356122 3.795843 3.090043 2.542714 311.173054 -2.726528
1 -20379.516571 0.000000 0.000000 0.327859 20.760235 0.944750 49.331460 3.283340 3.372926 2.866768 3.399313 3.038747 3.023179 3.367838 3.157920 3.682286 2.605573 327.138350 -2.726528
1 -15410.163393 0.000000 0.000000 0.704922 52.310470 7.716540 353.027696 3.690775 3.838512 3.471342 3.601266 2.857633 2.731346 3.640791 3.877415 3.138584 22.180302 244.889862 -2.726528
1 -20410.185888 0.000000 0.000000 0.070740 15.856044 8.804180 231.490302 2.908891 3.703360 3.143608 3.913595 2.924100 2.983389 3.376478 3.968506 2.904630 14.828303 231.627555 -2.726528
1 -15605.099359 0.000000 0.000000 0.061658 72.692707 2.973933 207.265944 3.114087 3.605492 3.324257 3.604195 2.978937 2.560238 2.511125 3.921970 3.035240 14.210536 257.905662 -2.726528
1 -15332.712897 0.000000 0.000000 0.671561 -87.212122 7.008967 78.146631 3.472022 3.336054 3.458548 2.918315 3.448194 3.238278 3.012946 2.848831 3.091825 17.088479 264.478519 -2.726528
1 -15548.147709 0.000000 0.000000 0.633977 20.451936 5.616991 213.034682 2.941755 3.539354 2.572546 3.478174 3.218759 2.501005 3.007751 3.166824 3.742315 25.346852 257.130863 -2.726528
1 -5543.586368 0.000000 0.000000 0.500205 22.456084 7.585060 328.666641 3.466533 3.237008 2.524203 3.291363 2.901244 2.715897 3.175605 2.805506 3.496591 18.326432 243.205212 -2.726528
1 -35683.624559 0.000000 0.000000 0.646925 54.659078 2.545914 172.183332 3.670806 3.854163 3.094454 2.871670 2.825605 3.262965 3.092673 3.695440 3.922279 6.387365 237.280338 -2.726528
1 -15327.288344 0.000000 0.000000 0.083492 -48.003952 1.328550 105.057538 2.635842 3.971682 2.951496 2.892382 3.031003 3.583976 3.634292 3.912960 3.010648 4.899124 295.713245 -2.804824
1 -15531.412170 0.000000 0.000000 0.229669 -23.230149 0.655793 63.376076 2.877987 3.849454 2.960965 2.952315 3.188568 3.158947 3.220398 3.987463 3.968953 12.099430 264.581246 -2.804824
1 -35717.800107 0.000000 0.000000 0.070140 7.678522 8.760863 300.162854 3.610087 3.455846 3.885551 2.978961 3.206514 3.495740 2.803928 3.702151 3.781673 5.038559 245.512080 -2.804824
1 -15448.007767 0.000000 0.000000 0.159060 -89.762207 7.159037 320.061123 3.578658 3.299247 3.592341 3.781808 3.055307 2.962869 2.559722 3.256487 3.447209 9.983033 265.008543 -2.804824
1 -15474.305872 0.000000 0.000000 0.063610 5.955614 9.060195 225.333391 2.922729 3.646991 3.097428 3.930742 2.899213 2.970763 3.389239 2.808237 2.923990 16.401595 228.859945 -2.804824
1 -26373.242676 0.000000 0.000000 0.736569 -61.077005 8.182339 320.556297 3.612936 3.415492 2.679649 2.939874 3.375679 2.926054 2.708786 3.059593 3.231698 11.209644 271.312451 -2.804824
1 -20601.490046 0.000000 0.000000 0.474454 -75.487235 7.512581 160.377643 3.467272 2.932889 3.171345 3.783046 3.132108 3.448115 3.078499 3.558870 3.954828 28.892964 236.862518 -2.804824
1 -41059.266745 0.000000 0.000000 0.061650 -17.295115 6.503393 349.022796 2.564472 3.199705 3.311354 3.230423 2.901739 2.537424 2.907383 2.819930 3.032461 6.412904 306.424046 -2.804824
1 -5336.749673 0.000000 0.000000 0.540394 26.144177 8.307091 361.626244 3.510395 3.287730 2.588544 3.314470 2.880573 2.683647 3.206134 2.884489 3.438867 20.420804 234.409442 -2.804824
1 -10415.139567 0.000000 0.000000 0.615270 59.314557 0.131878 205.186172 3.325714 3.080889 2.557710 3.999880 3.197202 3.578750 3.544604 3.656152 3.855660 9.352905 232.186615 -2.804824
1 -15455.380895 0.000000 0.000000 0.013841 -55.553855 1.986401 124.181482 2.628011 2.819128 2.852271 2.892788 2.958632 3.634177 3.632259 3.938977 2.988632 4.278198 302.346015 -2.882397
1 -15498.172999 0.000000 0.000000 0.231908 -19.077510 0.557411 57.983399 2.894975 3.852038 2.958079 2.958491 3.178329 3.156654 3.223617 3.966740 3.971872 12.008219 262.291935 -2.882397
1 -20564.760270 0.000000 0.000000 0.531040 38.430279 7.256614 347.680981 2.511696 3.410925 3.060969 3.989385 3.612922 2.930606 3.515871 3.737028 3.966789 3.521553 289.205215 -2.882397
1 -20438.054332 0.000000 0.000000 0.442925 -5.665995 9.343768 108.938247 3.595028 3.708410 2.507693 3.341271 3.046201 3.127481 2.986771 3.871388 3.210195 18.403883 244.988274 -2.882397
1 -49068.419344 0.000000 0.000000 0.676106 -64.434764 6.623956 274.823140 3.059862 2.892468 3.925871 3.574793 3.881310 2.856888 3.317335 3.714390 3.102581 13.048729 344.755576 -2.882397
1 -25758.400393 0.000000 0.000000 0.501960 -68.236091 4.868472 107.620113 3.667605 3.880520 3.819222 3.661885 3.291198 2.994186 3.426134 3.115585 3.681425 10.577818 299.837019 -2.882397
1 -15355.892325 0.000000 0.000000 0.035261 34.980453 0.613582 116.397752 3.526564 2.936118 2.924195 3.871762 2.977741 2.504345 2.579579 3.661989 3.813166 14.982901 232.613204 -2.882397
1 -20625.661503 0.000000 0.000000 0.656080 -57.753351 0.039249 98.434968 3.139668 3.570011 3.832126 3.652619 3.481009 3.598223 3.011671 2.938312 3.992737 10.242378 244.929444 -2.882397
1 -10466.665559 0.000000 0.000000 0.153562 18.643891 9.623980 299.808393 3.449579 3.168434 2.920529 3.782482 2.985218 3.205427 3.387779 3.354988 2.850234 4.547800 334.546059 -2.882397
1 -15365.895607 0.000000 0.000000 0.144839 34.765670 4.476328 121.037736 2.695782 3.953621 3.675680 3.662765 3.882520 2.615216 3.057394 3.716710 2.891720 5.918930 305.172815 -2.882397
1 -20616.436347 0.000000 0.000000 0.383575 36.842791 5.960198 459.923188 2.509080 3.478877 3.293318 3.610292 3.379260 3.164095 3.217347 3.965942 3.146907 15.466285 170.023177 -2.960403
1 -20614.284888 0.000000 0.000000 0.221660 -21.867420 0.573353 52.122923 2.885225 3.836022 2.962220 2.921677 3.172396 3.158924 3.221630 3.997050 3.962322 11.343424 265.870128 -2.960403
1 -10108.858210 0.000000 0.000000 0.291149 19.942357 1.555019 282.768603 2.891826 3.252527 2.740224 3.889008 3.119192 3.572756 3.686031 3.118756 3.247078 22.267856 205.518513 -2.960403
1 -20438.763267 0.000000 0.000000 0.441362 -1.538780 8.790911 89.677593 3.597364 3.659093 2.512853 3.399972 2.989337 3.071235 2.933162 3.891820 3.243257 18.793938 246.006348 -2.960403
1 -15520.970741 0.000000 0.000000 0.366882 80.468714 5.913481 271.711702 3.128915 3.568539 3.543763 3.873582 3.790487 3.634517 2.816334 3.807612 3.467429 22.767723 225.338588 -2.960403
1 -15358.069909 0.000000 0.000000 0.637090 49.609094 5.208947 92.814255 3.214672 3.210166 2.695438 3.704210 3.177808 3.011555 3.152162 2.844758 3.208150 10.932281 273.385050 -2.960403
1 -61405.200556 0.000000 0.000000 0.115201 -13.239586 5.311720 413.948152 2.632373 3.658941 2.544653 3.599086 3.090057 3.164780 3.017590 3.870836 2.887135 14.242533 317.011596 -2.960403
1 -10451.157198 0.000000 0.000000 0.614426 -66.327028 9.444789 70.169236 3.058414 3.642251 3.856873 3.613071 3.498274 3.407007 3.056893 2.921259 3.884737 7.081623 259.905972 -2.960403
1 -26529.306972 0.000000 0.000000 0.480885 -41.325787 9.119307 366.081125 3.282181 3.809167 3.836700 3.931059 2.897190 2.778475 2.707784 3.038034 3.859015 22.448920 260.710018 -2.960403
1 -10345.542137 0.000000 0.000000 0.095754 -85.563621 0.623548 183.357004 3.545601 3.484379 2.674794 3.523664 3.963502 3.081676 3.169161 2.857358 3.659801 24.292628 229.126285 -2.960403
1 -15436.178503 0.000000 0.000000 0.310982 60.719687 6.692628 480.179099 3.110929 2.942957 3.581029 3.228780 3.477332 3.049609 3.307387 3.007666 2.961870 28.822480 181.317212 -3.082018
1 -50809.911386 0.000000 0.000000 0.262234 53.355529 3.841349 262.732423 2.573220 3.398410 3.781868 3.007465 3.073493 2.590083 2.846768 3.870777 3.604658 9.398406 204.214965 -3.082018
1 -5295.597346 0.000000 0.000000 0.729931 24.405185 2.216224 300.699256 2.684103 3.093352 2.534131 3.929537 3.339555 3.145965 3.247692 3.304421 3.176007 14.407165 205.910516 -3.082018
1 -15463.555136 0.000000 0.000000 0.497933 33.889072 5.319810 34.528041 3.158944 3.822941 2.999003 3.795070 3.892683 3.491235 2.880527 3.429728 3.049927 3.998219 312.865213 -3.082018
1 -20636.504997 0.000000 0.000000 0.649839 -41.784941 6.645566 116.254067 3.658891 3.358817 3.063216 3.241081 3.758404 3.438995 3.452759 3.968629 3.149907 21.700192 263.462774 -3.082018
1 -20483.968599 0.000000 0.000000 0.261021 76.254385 9.054124 64.979101 2.501984 2.995197 3.709756 2.889100 3.941975 3.171704 3.566902 3.003566 3.473046 3.788550 306.061554 -3.082018
1 -85865.261347 0.000000 0.000000 0.448903 50.621644 7.367374 175.650839 3.141264 2.863714 2.911084 2.995773 3.166605 2.818066 3.155009 3.620679 3.565361 0.767161 91.265742 -3.082018
1 -10477.892020 0.000000 0.000000 0.155792 -47.173747 4.548464 146.444266 2.865756 2.883603 3.080297 3.699128 3.640662 3.544456 3.259094 3.704295 3.502670 4.310653 281.715684 -3.082018
1 -15515.745583 0.000000 0.000000 0.709038 27.834367 7.001579 30.523197 3.508207 3.335737 3.231675 3.214973 3.095606 2.694027 3.577273 2.848407 3.867003 19.308955 252.668635 -3.082018
1 -50749.984350 0.000000 0.000000 0.534834 -75.485273 5.149552 289.434065 3.000861 3.435887 3.266388 3.777078 2.850447 2.989434 3.066665 3.613779 3.666079 6.662115 213.674800 -3.082018
1 -20415.234488 0.000000 0.000000 0.698992 -78.651324 7.857910 216.538735 2.530283 3.903241 2.993121 3.580939 3.840238 2.665080 2.536762 2.880572 3.003011 7.663613 293.375791 -3.140193
1 -20424.438883 0.000000 0.000000 0.533653 -68.808909 8.430476 173.306928 3.577977 3.567065 3.347209 3.887872 3.391510 3.336876 3.300269 3.669527 3.927415 8.936601 252.998687 -3.140193
1 -15470.648354 0.000000 0.000000 0.013099 -10.123266 6.345935 156.326890 3.043229 3.164132 3.806177 3.609168 2.908553 3.560779 3.530225 3.190451 3.200233 10.217605 245.921597 -3.140193
1 -25358.621935 0.000000 0.000000 0.613780 -73.385106 8.060593 60.516851 2.884303 3.400688 3.077089 3.590127 2.937017 3.433791 2.992991 2.952421 3.513792 12.431707 301.971779 -3.140193
1 -25544.466587 0.000000 0.000000 0.659135 -40.399671 5.863299 129.094370 2.519577 3.289299 3.071811 3.233481 3.715525 3.395122 3.553077 3.955464 3.157182 22.427901 254.429700 -3.140193
1 -10377.229360 0.000000 0.000000 0.711475 -85.128795 0.179524 114.455025 2.880073 3.930259 3.441308 3.428912 3.884426 2.541072 3.452596 3.201288 2.836851 9.824884 281.471656 -3.140193
1 -10157.503647 0.000000 0.000000 0.543152 80.938689 8.904658 209.318426 2.806163 3.441027 3.512361 3.829443 3.287706 3.170031 2.777875 3.243215 3.490673 19.158537 255.515651 -3.140193
1 -25319.965912 0.000000 0.000000 0.696856 31.689371 2.545139 137.708791 3.457970 2.936748 3.077350 3.292603 3.698884 2.815356 2.556179 3.607219 2.955671 15.155188 282.107701 -3.140193
1 -10330.909989 0.000000 0.000000 0.670914 47.346503 1.420900 124.425297 3.473137 3.580807 3.509724 3.204684 3.774761 3.685271 3.634234 3.865664 3.711399 14.122999 268.170457 -3.140193
1 -25539.538044 0.000000 0.000000 0.150346 87.638197 7.827651 229.430091 2.914497 2.959951 3.810877 3.410800 3.301796 2.768845 2.764634 3.494829 3.569054 5.418660 271.000164 -3.140193
1 -15314.656273 0.000000 0.000000 0.200613 -38.313188 4.985772 21.615540 3.152699 3.732634 3.046698 3.102366 3.803453 2.590258 2.562743 2.896152 3.150959 23.150490 254.342574 -3.215265
1 -10110.750900 0.000000 0.000000 0.168659 7.899745 4.186570 286.444417 3.086707 3.138784 3.907464 3.611615 3.460811 3.243861 2.900260 3.509485 3.554556 8.662451 233.323760 -3.215265
1 -20586.260547 0.000000 0.000000 0.769880 -15.767793 6.894763 165.740730 3.071821 3.123760 3.810019 3.674879 2.860526 3.435479 3.405565 3.096336 3.169062 9.821163 248.077747 -3.215265
1 -10265.043634 0.000000 0.000000 0.282500 24.759479 8.361833 384.120329 3.697350 3.924302 2.860847 3.029965 3.127223 3.600193 3.531077 3.227446 3.103100 5.758154 267.817463 -3.215265
1 -20612.852461 0.000000 0.000000 0.627836 -44.240956 5.803141 115.591693 2.576754 3.356008 2.963995 3.172597 3.777969 3.312082 3.525189 3.992953 3.145389 22.036559 260.647149 -3.215265
1 -5192.479991 0.000000 0.000000 0.466319 -85.822684 3.850594 235.355572 2.639090 3.361118 3.337488 3.633416 3.943570 2.666663 3.131379 3.309882 3.050604 6.315813 294.723802 -3.215265
1 -10170.281701 0.000000 0.000000 0.023665 -32.260755 6.210934 398.996405 2.964246 3.384643 2.705304 3.942797 3.122120 3.114482 3.484167 3.362367 3.327081 3.686352 290.671167 -3.215265
1 -10386.491569 0.000000 0.000000 0.191661 50.701284 7.559192 172.003798 3.632160 2.976355 2.982715 3.223117 2.922671 2.875919 2.753413 3.191743 3.403930 4.544339 308.076632 -3.215265
1 -20393.296192 0.000000 0.000000 0.294226 27.853943 6.969697 289.836952 3.461938 3.798649 2.701503 3.628085 3.479450 2.674332 3.281849 3.888014 3.606930 16.739489 221.975022 -3.215265
1 -10245.206393 0.000000 0.000000 0.441005 -55.972479 6.298264 24.421534 3.674172 3.821638 2.679275 3.038469 3.513151 2.568187 3.112558 3.491313 3.049942 5.714619 313.143952 -3.215265
1 -15482.117661 0.000000 0.000000 0.419270 -9.662174 9.268805 47.481497 3.008886 3.001430 2.878093 3.225503 3.996095 3.431154 2.713716 2.833994 3.790105 25.925706 252.147024 -3.286047
1 -10270.195300 0.000000 0.000000 0.324375 45.539786 4.765698 291.113933 2.738972 3.200261 3.248463 3.264753 3.454970 3.126434 3.141913 3.354665 3.449761 23.203978 229.571576 -3.286047
1 -20434.061732 0.000000 0.000000 0.778741 -16.465543 8.008296 185.748176 2.612515 3.610649 2.719606 3.635967 3.757014 2.888054 3.058163 3.724590 3.654537 8.183369 262.858363 -3.286047
1 -5385.353328 0.000000 0.000000 0.260889 26.879953 9.010087 343.661789 2.540340 3.868421 2.730810 2.978084 3.131103 2.554839 3.509687 3.187613 3.161498 8.693869 267.499241 -3.286047
1 -15205.548356 0.000000 0.000000 0.027446 -19.570765 2.007039 236.824375 2.580405 2.877735 3.545145 3.499582 3.652550 3.023902 2.858810 3.681424 2.880077 16.223169 245.371475 -3.286047
1 -15449.476504 0.000000 0.000000 0.653973 60.350339 1.209031 203.969805 3.152909 3.190381 3.464962 3.541070 3.970719 3.638582 3.201886 3.688142 3.969680 10.489989 226.690249 -3.286047
1 -10475.424348 0.000000 0.000000 0.112327 -86.722122 3.662982 173.412410 2.853665 3.304747 2.729120 3.974217 3.382928 3.454878 3.185892 3.691300 3.181560 2.769463 315.681792 -3.286047
1 -15227.218589 0.000000 0.000000 0.021502 -78.646624 1.854911 205.322996 3.184416 3.794374 3.849047 3.966501 2.841507 2.583974 3.665408 2.885717 3.760303 17.608293 253.358860 -3.286047
1 -20585.665040 0.000000 0.000000 0.300056 31.648126 4.920006 436.600855 3.052270 3.850351 2.855048 3.795363 3.490867 3.220451 2.862582 3.679999 2.954439 14.581835 162.946841 -3.286047
1 -10341.739884 0.000000 0.000000 0.087658 69.734224 0.596817 79.702926 3.485682 3.672066 3.933027 3.507710 3.993536 2.945973 2.721294 3.590032 3.735190 13.918365 269.381771 -3.286047
1 -25701.525327 0.000000 0.000000 0.448145 -17.057961 8.813604 116.804971 3.466956 3.158404 2.940770 3.506649 3.178984 3.225492 2.847187 3.298583 3.657992 9.313172 318.401087 -3.389237
1 -25725.556680 0.000000 0.000000 0.454695 -81.922657 2.496485 67.723848 3.200985 3.137156 2.980559 3.761749 3.712329 2.869024 2.578698 3.160460 2.951401 13.551801 240.967576 -3.389237
1 -15221.338173 0.000000 0.000000 0.723175 28.460621 1.255135 193.501893 3.656047 3.728664 3.895319 3.358289 3.892961 2.920978 3.079832 3.713300 3.659579 7.616448 239.970628 -3.389237
1 -10256.734300 0.000000 0.000000 0.457184 -64.558989 0.795502 174.350271 3.410960 2.982832 2.628556 3.395031 2.974573 2.510432 2.785847 3.008817 3.801932 5.373998 308.879505 -3.389237
1 -10419.727889 0.000000 0.000000 0.460975 -48.146868 2.809804 186.432740 3.195423 2.947841 3.971824 3.404841 3.758774 3.539681 2.579440 3.410492 2.882234 8.623995 275.151595 -3.389237
1 -15379.439847 0.000000 0.000000 0.266458 -26.559174 4.391810 192.305237 3.283598 3.930988 3.425632 3.412771 3.412409 3.364978 3.138850 3.097480 3.563811 2.220418 338.049138 -3.389237
1 -60181.486325 0.000000 0.000000 0.069084 70.418650 3.322623 121.068367 2.917776 3.687307 2.793672 3.933068 3.303195 3.529438 3.229515 3.613022 3.253003 28.098696 340.488406 -3.389237
1 -5067.021525 0.000000 0.000000 0.734676 32.638598 2.217303 185.601531 2.773741 2.906687 3.557259 3.919532 3.544497 3.492173 2.554362 3.573523 3.470607 16.329260 252.796674 -3.389237
1 -15648.357657 0.000000 0.000000 0.501604 -34.696291 8.341294 157.198354 3.188678 3.467341 3.067104 3.643239 3.674018 2.622653 3.591692 3.968180 2.935010 15.356526 280.977902 -3.389237
1 -15481.117348 0.000000 0.000000 0.400222 -2.845762 6.338859 104.700374 3.294540 3.939860 3.264166 3.935739 3.601473 2.737808 3.462304 3.112026 2.865927 21.948568 272.926825 -3.389237
1 -30393.395006 0.000000 0.000000 0.448949 -17.508257 8.789166 116.853604 3.466531 3.160967 2.933526 3.511537 3.181020 3.226023 2.837347 3.291413 3.651783 9.299428 318.052348 -3.485426
1 -15465.325231 0.000000 0.000000 0.012196 -28.801425 9.571787 73.178530 3.595838 3.588142 3.348288 2.829958 2.981166 3.414118 3.030821 3.463178 2.908627 3.801881 325.800517 -3.485426
1 -15216.946344 0.000000 0.000000 0.752105 25.076288 0.956143 209.333033 3.595330 3.725240 3.952437 3.379662 3.885851 2.934997 3.093671 3.664734 3.667661 7.550752 235.669719 -3.485426
1 -30966.543209 0.000000 0.000000 0.618842 58.505690 7.002295 36.851591 3.614059 3.428812 3.283049 3.578760 3.627662 2.758731 2.974791 3.625597 3.603202 14.010742 306.920658 -3.485426
1 -10586.112190 0.000000 0.000000 0.123749 -80.234122 4.200767 81.210260 3.601018 3.880698 3.809548 3.207917 2.941058 3.069515 2.520167 3.636235 3.553033 7.153686 308.221611 -3.485426
1 -15409.460708 0.000000 0.000000 0.461495 -24.858047 4.883443 76.355015 3.213013 2.871018 3.782450 3.296347 3.563764 2.763754 3.620280 3.910469 3.644446 16.378659 269.744209 -3.485426
1 -25658.781303 0.000000 0.000000 0.340412 -69.226726 6.437879 242.735461 3.265641 3.978153 3.357997 3.634824 2.911174 2.672760 3.611860 3.902991 3.923581 13.567188 266.540210 -3.485426
1 -26067.444082 0.000000 0.000000 0.652842 1.911701 1.758845 306.653065 2.803477 3.280291 3.957733 3.591954 3.062101 3.436174 2.603994 3.090810 2.932971 9.212483 245.502467 -3.485426
1 -25359.164155 0.000000 0.000000 0.554991 55.796189 0.203951 91.097281 3.393922 2.832427 3.409322 3.688900 3.063336 3.208253 3.167190 2.976763 3.038768 8.383233 320.020969 -3.485426
1 -10643.056985 0.000000 0.000000 0.788255 31.121049 3.279675 108.877299 3.337798 3.448057 3.095316 3.334168 3.342906 2.845327 2.856335 3.248777 2.878311 23.032415 266.265755 -3.485426
1 -21783.208593 0.000000 0.000000 0.592994 -47.942169 4.114001 455.687309 3.021803 3.660563 3.660692 3.112373 2.966819 2.588184 3.606741 3.835237 2.847522 10.229579 240.611860 -3.637522
1 -10418.931089 0.000000 0.000000 0.437393 74.318936 0.079422 203.443247 3.096193 3.336934 3.305594 3.746821 3.230569 3.646141 3.159339 3.661219 3.494210 14.752364 215.641127 -3.637522
1 -15516.176062 0.000000 0.000000 0.407089 -6.507702 6.998287 235.897420 3.475336 3.973465 2.986190 3.032294 3.845780 2.683239 2.614970 3.722619 2.914138 24.376725 217.181922 -3.637522
1 -15488.160352 0.000000 0.000000 0.332816 -5.963567 4.885593 186.191578 3.426959 3.616089 3.404881 3.048768 3.893207 2.737753 3.598200 3.305656 3.578031 2.372385 327.208177 -3.637522
1 -20501.033725 0.000000 0.000000 0.164057 -76.914228 5.024024 162.699109 3.454192 3.826384 2.538318 3.272140 3.936155 2.829196 2.808826 3.653497 3.244894 5.015671 310.773573 -3.637522
1 -50735.307360 0.000000 0.000000 0.427709 80.543172 1.052169 215.376309 2.929519 3.698589 3.214459 3.655329 3.472224 2.541931 3.039425 2.846547 3.790228 22.430952 161.935162 -3.637522
1 -5192.780159 0.000000 0.000000 0.246433 17.596857 3.214630 404.139348 2.528327 3.209650 2.827150 3.104223 3.271173 2.514604 3.605257 3.475949 2.870478 15.509695 167.377891 -3.637522
1 -35495.437723 0.000000 0.000000 0.371205 2.600155 3.278587 444.207887 2.545185 3.819946 2.636002 3.690386 3.246617 2.585695 2.958494 3.164881 3.508653 19.905926 103.785697 -3.637522
1 -21156.222279 0.000000 0.000000 0.655717 -88.449923 9.547251 468.156306 2.993264 3.526813 3.099573 3.701321 3.542723 2.653657 3.043636 3.435745 3.254795 20.374733 242.083706 -3.637522
1 -20196.941855 0.000000 0.000000 0.097248 89.053127 9.112974 460.591520 2.882362 3.456342 3.898184 3.752420 2.972243 2.990707 3.192296 3.772732 2.922420 7.930003 251.223809 -3.637522
1 -15387.539413 0.000000 0.000000 0.019422 88.352765 6.993341 147.306150 3.015764 3.390899 2.851888 3.641844 3.138955 2.892535 3.091716 3.690060 3.704857 14.903749 266.906469 -3.756522
1 -36049.612576 0.000000 0.000000 0.539230 -51.843861 0.808512 216.389909 3.106589 2.913075 3.901611 3.208668 3.093207 3.441468 2.919676 3.662116 2.971082 10.181822 230.955077 -3.756522
1 -20480.506588 0.000000 0.000000 0.099301 28.588538 4.602968 223.087397 2.583381 3.036228 3.224689 3.782831 3.275414 2.901465 2.539259 2.819327 3.730696 23.922250 256.879263 -3.756522
1 -10348.551189 0.000000 0.000000 0.196630 -28.562752 1.609020 141.755255 3.271220 2.977804 3.169853 3.158347 2.980071 2.848552 3.274630 3.267878 3.745259 9.666376 275.460764 -3.756522
1 -20649.082746 0.000000 0.000000 0.026362 36.542783 6.558564 35.453216 3.467542 3.012146 3.276244 3.566205 3.688280 3.457320 3.437807 3.927161 3.639669 26.554055 233.248660 -3.756522
1 -10082.778761 0.000000 0.000000 0.694436 40.832852 7.530231 228.811799 2.546789 3.590627 2.838387 3.558681 3.845600 2.999879 2.820156 3.438482 3.867921 15.820178 252.960768 -3.756522
1 -35531.907193 0.000000 0.000000 0.328507 -47.474341 1.430500 425.702958 3.625174 2.941456 3.088133 3.554510 2.808038 3.003275 2.528583 3.238137 3.553291 11.542203 85.483192 -3.756522
1 -5016.994652 0.000000 0.000000 0.638653 44.255451 6.716053 410.405320 3.029804 3.716573 3.057295 3.442495 3.675857 3.390826 3.411922 3.441775 3.117945 9.847142 228.136736 -3.756522
1 -15323.291661 0.000000 0.000000 0.691234 -89.725187 1.856247 150.085353 2.582898 3.957313 3.919324 2.998796 3.471223 3.387555 3.026812 3.933437 3.067809 8.960271 269.934420 -3.756522
1 -15331.811850 0.000000 0.000000 0.531787 32.089398 9.520100 50.460861 3.152304 3.308695 3.542533 3.463313 3.703274 3.287758 3.052634 3.494120 3.955264 10.272180 283.984031 -3.756522
1 -10192.379123 0.000000 0.000000 0.108982 -74.295303 4.595346 282.499916 3.042736 2.974926 3.583850 3.624326 3.856473 3.073784 2.663577 3.118617 3.993920 8.058008 271.582762 -3.835193
1 -10292.158223 0.000000 0.000000 0.338139 44.383404 4.671446 330.198919 3.508308 3.013303 3.209830 3.509687 3.741756 2.785092 2.674150 2.967542 3.772101 6.975158 232.207780 -3.835193
1 -10309.840156 0.000000 0.000000 0.438767 48.184125 2.773220 330.233761 2.946190 3.506126 3.166758 2.835444 3.335619 3.482533 3.310246 3.434452 3.081722 15.670717 181.263717 -3.835193
1 -5227.684814 0.000000 0.000000 0.108064 -16.982205 2.398273 131.527362 3.360778 3.022721 3.327342 3.168975 3.035350 2.801886 3.146396 3.238319 3.402689 9.823682 287.191002 -3.835193
1 -30824.618192 0.000000 0.000000 0.368117 15.223856 5.637853 477.103343 3.218948 3.184120 3.397836 3.411485 3.431482 2.998265 3.368504 3.548452 2.827528 10.300878 159.915686 -3.835193
1 -5301.217298 0.000000 0.000000 0.336237 6.424615 6.993629 286.273280 3.325539 3.294974 3.239301 2.969479 3.334257 3.606727 2.925371 3.174391 3.214483 2.449080 345.008685 -3.835193
1 -10277.104152 0.000000 0.000000 0.410914 66.931615 2.059178 286.284065 2.720244 3.819519 3.678998 2.845956 3.691558 2.919418 3.521134 3.024644 3.853498 3.153632 291.524642 -3.835193
1 -15252.017068 0.000000 0.000000 0.353609 -28.597428 1.386072 71.880283 2.911277 3.143420 2.776944 2.804394 3.016307 3.684486 2.844230 3.511926 3.858412 11.415760 289.482287 -3.835193
1 -15267.516801 0.000000 0.000000 0.674611 76.809980 2.392327 362.297214 3.584664 3.094462 3.233471 3.258074 3.475345 2.659159 3.234510 2.977025 3.643055 16.875557 213.326013 -3.835193
1 -5137.353496 0.000000 0.000000 0.097727 -85.419635 5.387673 200.572800 2.561815 3.279005 2.633453 3.314972 3.257022 2.583540 3.524860 3.849272 3.868502 3.792892 341.377107 -3.835193
1 -15115.200765 0.000000 0.000000 0.124573 35.667163 8.350177 437.983512 2.594906 3.284140 3.195355 3.981648 3.826191 2.782171 3.176196 3.571776 3.464500 28.424307 216.652598 -3.932756
1 -5585.707944 0.000000 0.000000 0.622284 38.928666 4.350073 219.263597 3.363740 3.875968 3.732129 3.926587 3.602718 3.167911 3.181702 3.512220 3.346908 9.049359 278.553153 -3.932756
1 -5105.517170 0.000000 0.000000 0.202529 35.934479 2.731783 235.907039 2.853400 3.896961 3.759128 2.958182 3.770811 3.343017 3.530534 3.789323 3.666728 6.117669 275.689182 -3.932756
1 -10293.467280 0.000000 0.000000 0.638138 24.375308 0.757108 237.206734 2.986065 3.097779 3.813869 3.288518 3.808257 3.074875 3.409649 2.813072 3.389367 9.107717 230.755532 -3.932756
1 -20692.395704 0.000000 0.000000 0.212729 -6.531739 6.363344 264.711010 3.471804 2.888500 3.890668 3.093937 3.612563 3.534151 3.008617 3.379153 3.916498 13.947384 219.537058 -3.932756
1 -15531.631396 0.000000 0.000000 0.429455 26.610763 8.728231 417.936202 2.796195 3.652323 2.653953 3.049932 2.822429 3.182448 2.570500 2.936894 3.568319 24.345303 191.046557 -3.932756
1 -10413.593690 0.000000 0.000000 0.731012 -6.703722 6.813226 221.870344 3.090888 3.261711 3.221387 3.819995 3.779862 2.959414 3.395200 3.678701 3.295329 21.283583 250.931924 -3.932756
1 -20495.417929 0.000000 0.000000 0.600945 68.151335 6.171298 231.823455 2.807433 2.968248 3.717000 3.358900 3.819125 3.575733 3.634947 2.933825 3.391305 18.799144 267.032719 -3.932756
1 -25535.692363 0.000000 0.000000 0.078685 83.139383 8.200937 86.236450 2.516567 3.017486 3.639877 3.105281 3.697090 3.557642 2.707681 2.956231 3.452432 8.613354 319.042277 -3.932756
1 -10190.376916 0.000000 0.000000 0.188392 87.519493 4.533520 190.765790 3.681754 3.276567 2.575644 3.402470 3.192955 3.640925 3.480577 3.979723 3.845405 3.925906 347.856983 -3.932756
1 -10293.976449 0.000000 0.000000 0.028240 22.396459 7.195517 498.855546 2.698139 3.048251 3.252526 3.682015 3.177808 2.922966 2.891861 3.887110 3.511198 24.158815 181.214887 -4.015956
1 -10225.037601 0.000000 0.000000 0.726895 28.950701 7.378333 344.923430 2.952286 3.341097 3.212323 3.462770 3.943012 3.146080 3.435255 3.592009 3.385462 22.088539 212.683458 -4.015956
1 -5116.706241 0.000000 0.000000 0.258549 63.626883 2.238155 244.544726 2.914429 3.622582 3.655126 2.901165 3.938902 3.129791 3.592298 3.894562 3.480047 7.447449 257.168428 -4.015956
1 -10406.486450 0.000000 0.000000 0.572141 56.243933 5.981004 333.704071 2.652492 3.681027 3.589063 3.944313 3.367967 3.380637 3.209900 3.260027 3.908065 10.427739 260.468150 -4.015956
1 -15332.130034 0.000000 0.000000 0.799738 -20.955379 8.371878 179.222225 2.759408 3.152206 3.396475 3.970988 3.194819 3.689522 3.289344 3.182058 3.251426 11.655725 289.581056 -4.015956
1 -10391.156649 0.000000 0.000000 0.352783 36.404762 9.498607 390.410985 2.660233 3.524541 2.780071 3.075633 3.890895 3.317240 3.679545 2.876681 3.635438 22.293970 211.493227 -4.015956
1 -5351.752036 0.000000 0.000000 0.721802 -3.779338 6.657059 238.560232 3.092161 3.308442 3.119924 3.841621 3.729815 2.941636 3.409532 3.707046 3.333520 21.681667 247.568164 -4.015956
1 -20685.284695 0.000000 0.000000 0.494821 69.828250 5.742807 409.027641 3.117478 2.939859 3.308143 3.833678 2.976283 3.297429 3.608345 3.464871 3.210575 14.431500 188.705411 -4.015956
1 -5248.318050 0.000000 0.000000 0.722217 42.844270 8.656714 393.365571 3.581506 3.113854 3.781497 3.825858 3.521338 3.606505 2.612150 3.986830 3.544008 2.516169 340.171938 -4.015956
1 -15487.311163 0.000000 0.000000 0.231641 67.232101 5.347712 195.967242 2.538672 3.173709 3.987353 3.445928 3.303759 3.480182 3.475494 3.924384 3.765911 4.367590 318.138548 -4.015956
1 -20681.719376 0.000000 0.000000 0.159225 -88.554111 8.619329 456.797733 3.189060 3.149079 3.032206 3.168306 3.892278 3.250239 2.766916 3.715409 3.752589 3.457912 231.089388 -4.149479
1 -15322.181638 0.000000 0.000000 0.622869 -0.783626 6.976284 319.102248 2.966054 3.313570 3.030083 3.659543 3.811322 3.374311 3.513230 3.621173 3.601257 5.001097 269.940613 -4.149479
1 -20824.032397 0.000000 0.000000 0.159694 -14.254848 7.520869 437.994520 2.770208 3.675581 2.917924 3.382552 3.158892 3.027264 3.674848 3.882152 3.225766 4.593576 283.361025 -4.149479
1 -10701.527219 0.000000 0.000000 0.321421 89.721336 5.836259 427.933156 3.679336 3.518072 3.014021 3.126993 3.430451 3.503225 3.578635 2.934728 3.041771 27.908760 188.927700 -4.149479
1 -20173.638131 0.000000 0.000000 0.235383 53.393013 5.603548 471.815251 3.264474 3.319614 3.425736 2.872660 3.039749 3.244769 3.569254 3.660310 3.245311 15.810581 190.072416 -4.149479
1 -5330.060046 0.000000 0.000000 0.340644 31.946699 9.549581 380.616014 2.647970 3.517735 2.761367 3.073433 3.874614 3.327831 3.695378 2.843121 3.636740 22.841028 211.187433 -4.149479
1 -15882.079568 0.000000 0.000000 0.613437 32.125161 2.942078 427.578710 3.506649 3.648098 2.896497 3.665103 3.785899 3.350743 2.597555 3.075111 2.885899 22.720672 165.749259 -4.149479
1 -58971.735597 0.000000 0.000000 0.333813 -69.287862 6.580762 21.996722 3.432081 3.161215 2.556989 3.596627 3.008631 3.599166 3.224796 2.825320 3.730052 20.493459 324.509978 -4.149479
1 -5061.829467 0.000000 0.000000 0.748874 38.976911 8.629164 390.639517 3.567011 3.146616 3.763246 3.827858 3.528562 3.620362 2.606106 3.997345 3.548683 2.218134 340.158646 -4.149479
1 -5366.400188 0.000000 0.000000 0.665607 51.233503 2.571433 145.356754 3.697609 2.868452 3.652169 2.825992 3.303542 3.296721 2.617081 3.898818 3.666669 9.831583 282.471745 -4.149479
1 -15569.160001 0.000000 0.000000 0.632632 -80.833261 3.223733 3.794149 2.615111 3.070586 2.803547 3.397786 3.340727 3.531451 2.774377 3.867560 3.640725 25.082629 273.258663 -4.236252
1 -10286.177462 0.000000 0.000000 0.617293 -4.298001 7.034943 325.678868 2.995266 3.320290 3.007578 3.651830 3.828124 3.394410 3.527494 3.596539 3.572896 5.694259 266.468905 -4.236252
1 -15475.455054 0.000000 0.000000 0.231233 5.043594 9.420882 52.367915 3.142762 3.274271 2.581352 3.132105 3.845274 2.533349 2.753808 3.147860 3.458386 4.418911 284.836672 -4.236252
1 -5438.269078 0.000000 0.000000 0.198940 -61.477106 6.483292 66.258312 2.664942 2.898854 3.906373 2.973356 2.847846 3.011421 3.056720 3.983855 2.942554 6.383713 268.498235 -4.236252
1 -15494.459437 0.000000 0.000000 0.073195 -44.054803 6.073153 208.540647 3.241700 2.836470 3.257023 3.828858 3.838416 2.893833 3.006147 3.933841 2.830576 5.047996 286.628507 -4.236252
1 -10707.274264 0.000000 0.000000 0.206214 81.084087 4.488764 416.436819 2.955270 3.344633 2.689462 3.892726 3.263234 2.878669 3.328281 3.966657 3.535401 15.994837 163.492091 -4.236252
1 -15174.721384 0.000000 0.000000 0.739449 52.213462 5.333612 54.921233 3.645312 3.620475 3.536311 3.179819 3.097442 2.871703 2.611212 3.517227 2.896453 4.746010 348.258733 -4.236252
1 -26162.809282 0.000000 0.000000 0.210186 -58.412787 7.007240 93.266258 3.533997 3.276288 3.777812 3.868611 3.010451 3.495771 3.402799 2.857922 3.686873 22.312045 290.248983 -4.236252
1 -10159.339648 0.000000 0.000000 0.035753 -58.277561 1.284958 124.739098 2.955854 3.364584 2.679317 3.279179 3.250894 3.384232 3.455046 3.020707 3.743902 16.213983 258.146806 -4.236252
1 -10391.615970 0.000000 0.000000 0.650207 32.266642 2.890717 222.959876 3.555295 3.227247 2.668516 3.709371 3.513343 3.400306 3.596270 3.443092 3.643123 6.729133 248.678178 -4.236252
1 -10132.343692 0.000000 0.000000 0.219780 55.553720 4.248897 316.806736 3.295491 3.723447 3.391510 2.957149 3.824550 2.570389 3.327737 3.602306 3.911592 2.628478 301.776884 -4.342039
1 -15472.417805 0.000000 0.000000 0.027772 -16.417951 0.950574 42.131673 3.548639 3.693077 3.697024 3.312965 3.142657 2.915862 2.836273 3.010154 3.299936 4.760596 294.209576 -4.342039
1 -10336.436545 0.000000 0.000000 0.531189 2.319489 1.576501 55.389822 2.678812 3.873759 3.740919 3.775220 3.293470 2.948667 2.678346 2.902178 2.928926 9.194719 271.151963 -4.342039
1 -15436.898478 0.000000 0.000000 0.327281 -24.869121 6.602379 297.995204 2.770156 3.310948 3.598684 3.482632 2.946771 3.439012 3.003062 3.584630 3.196288 18.135013 244.070157 -4.342039
1 -10181.433104 0.000000 0.000000 0.761295 68.938714 1.590172 123.189462 3.458554 3.941128 3.295777 2.992896 3.900505 3.685046 2.539018 2.844422 3.197085 6.318848 297.745549 -4.342039
1 -15432.847832 0.000000 0.000000 0.131855 82.299490 4.426407 440.810657 2.896529 3.315039 2.556535 3.879663 3.224611 2.847030 3.419813 2.872120 3.546721 14.229028 162.298912 -4.342039
1 -10218.757080 0.000000 0.000000 0.682934 61.401885 6.218170 128.492488 3.444322 3.603716 3.021409 3.475835 3.189731 2.965242 2.734135 3.473664 2.920733 7.160613 313.011743 -4.342039
1 -10424.793163 0.000000 0.000000 0.356408 -86.596570 5.927403 87.337706 3.516122 3.899880 2.968030 3.654348 3.293776 3.459724 3.383002 3.098401 3.544903 15.210817 254.837979 -4.342039
1 -10430.907236 0.000000 0.000000 0.001144 82.490876 1.890140 133.808447 3.311681 3.230010 2.783541 3.116350 3.322420 3.380400 3.449499 3.009718 3.841365 10.467882 283.730035 -4.342039
1 -15480.694703 0.000000 0.000000 0.230258 -1.984875 0.757756 218.998410 3.440306 3.760566 2.802870 3.744224 3.155725 3.639194 3.577660 2.942636 3.944529 22.817310 213.284420 -4.342039
1 -10175.062725 0.000000 0.000000 0.369755 32.203603 3.158760 276.000679 3.056742 3.834503 3.417728 3.165287 3.825220 3.236097 3.686567 3.483526 3.844981 24.360734 200.104497 -4.444532
1 -15457.725659 0.000000 0.000000 0.027993 -74.056272 3.176387 238.165709 3.431940 3.590876 2.888949 3.693975 3.649862 3.146919 3.448495 2.958423 3.264174 11.280206 263.787814 -4.444532
1 -5167.580274 0.000000 0.000000 0.059808 -85.325646 8.680125 494.117597 3.142171 3.917825 3.112808 3.137979 3.861571 3.616518 3.437759 3.516843 3.172316 6.582191 236.201293 -4.444532
1 -15500.754907 0.000000 0.000000 0.708833 21.361944 2.720384 78.461814 3.366581 2.836508 3.411650 2.925717 3.689297 3.574223 3.680238 3.901826 3.246317 11.862237 284.349948 -4.444532
1 -10327.039822 0.000000 0.000000 0.723152 25.807276 6.604811 303.987860 2.881703 3.948725 3.637160 3.556750 3.016969 3.337302 2.740554 3.951614 3.382685 8.410401 237.890677 -4.444532
1 -10283.986899 0.000000 0.000000 0.411915 -41.401401 3.567586 162.419115 2.628239 3.650537 3.343345 3.930915 3.252644 3.564153 2.502149 3.813033 3.857656 20.318381 263.406386 -4.444532
1 -10063.873444 0.000000 0.000000 0.687194 53.199127 1.690594 362.240392 3.162763 3.138219 3.335037 3.536276 3.669826 2.691799 3.611752 3.508244 3.221036 24.771802 162.716400 -4.444532
1 -10154.451491 0.000000 0.000000 0.236810 -79.545422 5.701284 87.250933 3.211287 3.965297 2.748384 3.563916 3.315397 3.357853 3.234163 2.817455 3.618199 16.853913 259.028247 -4.444532
1 -10250.098810 0.000000 0.000000 0.526858 56.802382 2.190252 338.420349 3.617670 3.855576 2.775585 3.584425 3.359571 3.623096 2.547551 2.939271 2.962386 5.316247 194.396554 -4.444532
1 -10359.975931 0.000000 0.000000 0.290386 -26.230783 3.583073 100.723155 3.104475 2.817974 3.944145 2.943162 3.150716 3.487949 3.402082 2.865466 3.169842 17.630743 266.132943 -4.444532
1 -5238.062727 0.000000 0.000000 0.786490 -0.891702 1.734724 257.152965 3.262208 3.937314 3.654879 3.736145 3.685171 3.669887 3.225832 3.922386 3.751693 22.626889 219.139458 -4.620325
1 -10156.987169 0.000000 0.000000 0.038197 -45.751901 9.337948 371.076807 3.176682 3.527412 3.447395 3.913442 3.409374 2.822031 3.175898 3.962360 3.088112 10.907863 247.534351 -4.620325
1 -10138.207603 0.000000 0.000000 0.027642 86.206294 8.736598 498.551291 3.118971 3.980252 3.150696 3.127879 3.817401 3.644472 3.431327 3.542114 3.306351 6.769166 221.982219 -4.620325
1 -15541.003129 0.000000 0.000000 0.708759 10.550536 2.365521 49.681915 3.363797 3.977649 3.439213 3.006044 3.622310 3.543214 3.658647 3.954421 3.241819 12.753308 286.693894 -4.620325
1 -10235.451483 0.000000 0.000000 0.275635 73.456087 1.847909 315.741646 2.899657 3.684986 3.305563 3.024226 2.838583 2.531823 3.098594 3.720168 3.394963 24.512333 176.639917 -4.620325
1 -15479.502907 0.000000 0.000000 0.669642 37.665991 1.403215 96.631720 3.120767 2.883943 2.633752 3.959144 3.488785 3.609606 2.761001 3.745160 3.972755 6.209623 329.387175 -4.620325
1 -10264.226963 0.000000 0.000000 0.537291 49.876140 2.314405 228.504715 3.465480 3.919917 3.579686 3.032647 3.476290 3.040528 3.693448 3.518890 2.939280 28.452287 229.087487 -4.620325
1 -20489.687286 0.000000 0.000000 0.243624 8.316021 5.288906 234.432886 2.527505 3.286554 3.686681 3.371311 3.815986 2.646868 2.881404 3.774547 3.544625 19.600250 242.946376 -4.620325
1 -15429.312871 0.000000 0.000000 0.703538 73.895471 0.051348 219.550717 3.524904 3.527363 2.880683 3.176216 3.258314 2.713936 2.524999 3.776862 3.110542 8.527035 200.778756 -4.620325
1 -10223.928624 0.000000 0.000000 0.496176 22.010154 2.003152 309.589277 2.984478 3.259659 3.116041 3.019677 3.719791 3.352639 2.853705 3.686792 3.220709 10.013823 219.749124 -4.620325
1 -10239.194842 0.000000 0.000000 0.041601 -0.201560 2.099892 160.398140 3.696588 2.919573 2.829937 2.926501 3.436279 3.508530 3.498848 3.836820 2.949619 17.624697 259.502212 -4.756374
1 -10103.484376 0.000000 0.000000 0.368767 22.812899 1.599191 214.140326 3.011448 3.164686 3.101102 2.876683 3.505665 2.680094 3.082240 3.326688 3.567049 9.112662 262.340381 -4.756374
1 -10447.511511 0.000000 0.000000 0.315308 3.469521 8.574619 447.822823 2.565907 3.125257 3.468469 3.910823 2.987030 3.133241 2.529911 3.854105 3.428505 11.768337 215.860495 -4.756374
1 -5375.560618 0.000000 0.000000 0.595149 6.012654 4.798872 137.341816 3.379718 2.827387 3.487017 2.819931 3.673797 3.404225 2.601420 3.821891 3.165920 12.818285 275.039199 -4.756374
1 -10407.469903 0.000000 0.000000 0.632312 81.879915 6.161528 374.738273 3.127884 3.171020 3.040526 3.862956 3.365573 2.784721 3.661761 2.961483 3.639773 4.522631 282.170216 -4.756374
1 -20490.646894 0.000000 0.000000 0.298958 -13.520579 3.725922 17.225105 2.839183 3.029798 3.848022 3.701776 3.868874 3.359765 3.268319 3.471221 3.696612 10.511787 300.894266 -4.756374
1 -5049.648676 0.000000 0.000000 0.668770 28.193703 2.898243 223.953971 2.588355 2.809298 2.905122 3.652754 2.968504 3.265563 2.530639 3.911621 3.791946 27.761204 234.334133 -4.756374
1 -15330.431562 0.000000 0.000000 0.444793 88.185454 1.772193 142.907962 3.471709 3.923445 2.604587 3.407481 3.961004 3.041562 2.736328 2.829977 3.124724 25.839899 242.596430 -4.756374
1 -10581.379249 0.000000 0.000000 0.672598 74.400663 0.452086 230.242772 3.524221 3.522611 2.890968 3.139008 3.246673 2.659688 3.693354 3.749887 3.065878 8.035219 201.690629 -4.756374
1 -5208.292118 0.000000 0.000000 0.555618 29.941551 0.447284 156.298910 3.077708 3.593924 3.702409 3.888994 2.990389 2.874236 3.022531 3.955394 3.201615 2.785726 305.213280 -4.756374
1 -10353.677977 0.000000 0.000000 0.048185 5.919378 1.801064 115.348180 2.633466 3.216081 3.142829 2.883065 3.502247 3.603836 3.181040 2.909447 2.804721 17.478523 262.939134 -4.879939
1 -10255.610415 0.000000 0.000000 0.421632 28.364174 2.544018 213.898502 3.206052 3.288092 3.197326 2.963596 3.538721 2.576832 2.790273 3.260398 3.784636 6.609971 264.703046 -4.879939
1 -20470.027817 0.000000 0.000000 0.623963 -75.943042 8.589872 144.257626 2.882261 3.369558 3.532520 2.843203 3.868428 3.526684 3.398561 3.604556 3.442046 20.510606 256.986734 -4.879939
1 -5138.438094 0.000000 0.000000 0.744417 31.238379 4.713294 189.101306 3.317344 3.877427 3.357795 2.902038 3.227896 3.080016 2.760272 3.841656 3.264104 9.456676 281.305471 -4.879939
1 -15519.841125 0.000000 0.000000 0.067606 5.702178 4.667207 118.861757 3.235709 3.379398 3.147193 3.215323 3.780851 3.167602 3.699819 3.718520 3.742962 10.286772 265.546681 -4.879939
1 -10406.108966 0.000000 0.000000 0.704553 -16.700109 4.181785 182.974034 3.421792 3.916187 3.240359 3.030402 2.981113 3.353012 2.573890 2.920874 3.265654 17.190846 257.543189 -4.879939
1 -5036.500012 0.000000 0.000000 0.580159 39.150234 2.634220 300.049030 3.668621 2.922516 2.786062 3.434952 2.840601 3.056180 3.680642 3.641985 3.829966 28.137396 213.940812 -4.879939
1 -5189.336176 0.000000 0.000000 0.422354 40.231477 0.785905 182.328721 3.354798 3.007220 2.521855 3.778628 3.566329 3.136139 3.468330 3.118213 3.572774 28.972826 220.230064 -4.879939
1 -15282.502159 0.000000 0.000000 0.741462 40.140621 8.773018 379.283662 3.663905 3.010703 2.523939 3.138049 2.994918 2.824873 3.387172 3.603121 3.678954 11.805499 242.338555 -4.879939
1 -136.672575 0.000000 0.000000 0.498149 26.774639 0.021029 140.366406 3.077872 3.657696 3.674181 3.982454 3.013507 2.836845 3.098757 3.937784 3.215545 4.404116 300.637152 -4.879939
1 -10239.812416 0.000000 0.000000 0.753613 -2.740851 3.286735 79.986013 2.724110 3.113264 2.751142 3.868350 3.808085 2.937055 3.161227 3.008130 2.972907 5.400312 338.470704 -4.995264
1 -5078.666892 0.000000 0.000000 0.387746 21.024543 1.834615 213.916215 3.170091 3.230501 3.220337 3.081222 3.508878 2.539444 2.836806 3.319076 3.779778 5.441679 267.923723 -4.995264
1 -15353.553458 0.000000 0.000000 0.299363 -4.832246 1.041507 136.219642 3.678714 3.955176 2.686162 3.330751 2.820421 3.340558 2.589558 3.643451 2.855289 18.148287 257.031107 -4.995264
1 -5377.517199 0.000000 0.000000 0.221793 55.339690 4.432242 421.877394 2.701501 2.950331 3.016974 3.146748 3.806515 3.471923 3.378659 3.992973 2.833205 2.610652 248.540209 -4.995264
1 -5197.539082 0.000000 0.000000 0.612380 35.065057 3.388809 437.507634 3.583925 3.635663 3.382843 3.983491 3.899433 3.006531 3.676912 2.814510 3.466800 2.710144 270.690902 -4.995264
1 -10351.567808 0.000000 0.000000 0.089874 73.535698 1.843446 144.577225 2.842547 3.550943 2.531813 3.105441 3.245411 2.651477 2.740537 3.046175 3.244673 2.509814 317.242968 -4.995264
1 -10011.734393 0.000000 0.000000 0.796320 45.027714 2.000357 299.109427 3.524940 3.130391 2.612053 2.893560 2.981205 3.105115 2.913956 3.432464 3.040691 3.221102 283.688755 -4.995264
1 -10271.888876 0.000000 0.000000 0.283091 40.728177 0.613539 186.642584 3.314987 2.963348 3.920445 3.849905 3.496160 3.227305 3.408725 3.017903 3.687333 26.230846 220.619020 -4.995264
1 -15584.625491 0.000000 0.000000 0.345128 69.556730 8.058127 75.831976 3.008548 3.732411 3.347716 3.085003 3.718900 2.915119 3.008301 2.902290 3.841772 24.790318 266.202294 -4.995264
1 -180.041282 0.000000 0.000000 0.513266 27.691718 0.180017 129.970324 3.079075 3.688017 3.723095 3.989043 3.028332 2.836383 3.090901 3.959622 3.242023 4.621233 304.373471 -4.995264
1 -10125.530210 0.000000 0.000000 0.588113 22.933119 6.691117 238.723050 3.197062 3.168909 3.091721 3.361064 3.427630 2.687751 3.183310 3.853255 3.232123 3.732936 348.302323 -5.117710
1 -170.948313 0.000000 0.000000 0.303492 -3.095604 1.598116 157.311699 3.300596 3.436083 3.192113 3.063957 3.464249 3.575805 2.753734 3.514749 3.913071 6.851330 278.038229 -5.117710
1 -15327.168353 0.000000 0.000000 0.093145 -35.581330 0.709916 161.799512 3.604382 3.074957 3.512341 3.872515 3.777895 2.822425 3.021666 3.216656 3.363075 13.196140 235.675518 -5.117710
1 -5026.482833 0.000000 0.000000 0.690147 39.845998 4.744390 319.268947 3.551579 3.407294 3.476343 3.446926 3.103071 2.722126 3.398425 3.534684 3.482601 6.643652 256.598543 -5.117710
1 -5202.501644 0.000000 0.000000 0.638925 33.399543 3.315473 430.832116 3.630016 3.652157 3.364893 3.970531 3.855942 2.985822 3.643531 3.972929 3.487890 2.844850 272.036091 -5.117710
1 -5341.932846 0.000000 0.000000 0.489940 -31.265266 9.553674 245.541431 2.947484 3.394121 3.081832 3.160956 3.473832 2.891574 3.068288 3.180829 3.558926 20.623590 257.877990 -5.117710
1 -15509.292249 0.000000 0.000000 0.539326 0.476902 2.804898 222.076232 3.659846 3.146195 3.575783 3.310137 3.026179 3.193035 3.569392 3.152097 2.806627 3.790308 313.239272 -5.117710
1 -10494.482304 0.000000 0.000000 0.067042 9.203012 1.928316 122.231765 3.404923 3.349595 2.909872 3.811887 3.601472 2.697419 3.342553 3.504789 3.603270 20.892744 263.876874 -5.117710
1 -15310.958198 0.000000 0.000000 0.278244 61.378949 8.832930 45.667457 3.104409 3.920361 3.566238 3.120806 3.867700 3.096508 2.853083 2.836062 3.973682 27.154958 249.089165 -5.117710
1 -5206.774777 0.000000 0.000000 0.375567 -2.791133 0.011014 28.512318 3.276688 3.371433 3.907483 3.745186 3.096234 2.732947 2.596105 3.752877 3.161830 6.639468 315.995271 -5.117710
1 -15490.270806 0.000000 0.000000 0.168382 -7.534114 5.858529 119.868667 3.129196 2.915472 3.569077 3.210879 3.894563 3.389360 3.446947 3.002152 2.826966 3.172510 345.551104 -5.261252
1 -5255.970120 0.000000 0.000000 0.170929 18.148055 1.599894 264.112154 3.354927 3.302467 3.288039 3.221523 3.707868 2.589917 3.672994 3.467070 3.787909 2.795147 276.312971 -5.261252
1 -15661.165569 0.000000 0.000000 0.797889 -79.244275 2.048191 114.096699 3.121918 3.608488 3.109712 3.021790 3.928804 2.743366 2.712621 2.838004 3.965578 22.350379 270.794679 -5.261252
1 -5174.506540 0.000000 0.000000 0.783344 -31.508563 0.774157 71.547997 3.534501 3.451808 2.788283 2.965501 3.656683 3.243780 2.902544 3.926118 3.384840 4.797422 336.189225 -5.261252
1 -5337.180179 0.000000 0.000000 0.648254 30.532528 3.180176 426.267052 3.567455 3.643732 3.421523 2.805014 3.862514 3.017091 3.581517 3.984575 3.497708 2.799223 274.281645 -5.261252
1 -5568.998175 0.000000 0.000000 0.492160 -38.339086 9.426835 253.443454 2.982768 3.480105 3.040827 3.269232 3.495298 2.919897 2.959140 3.138624 3.517449 21.642037 259.896791 -5.261252
1 -10442.609072 0.000000 0.000000 0.548887 4.014900 3.422538 261.718496 2.549462 3.317960 3.798089 3.702697 3.052192 3.125948 2.561748 3.338316 3.923508 2.521509 293.336645 -5.261252
1 -10153.025632 0.000000 0.000000 0.627507 8.869482 4.287698 38.079275 3.237088 3.443928 3.267014 3.662976 3.713225 2.824444 3.170511 3.405272 3.401441 28.502539 252.439022 -5.261252
1 -25586.053316 0.000000 0.000000 0.349378 -16.993257 8.180596 90.614048 2.665222 3.340430 3.371351 3.817310 2.945506 2.847744 3.205673 3.875358 3.297711 6.449829 273.132747 -5.261252
1 -5120.965421 0.000000 0.000000 0.743309 27.641776 2.049590 112.574304 3.383406 3.627550 3.380232 3.723226 3.471346 2.827004 2.602148 3.701633 2.952337 8.048948 294.861742 -5.261252
1 -10261.371536 0.000000 0.000000 0.090189 -82.126665 5.387253 395.657782 2.636533 3.322411 3.141360 3.232224 3.699105 3.119710 2.531265 2.903637 3.076925 4.432110 287.200069 -5.379830
1 -10193.512078 0.000000 0.000000 0.109021 20.825321 0.778861 260.642775 3.321719 3.204255 3.154376 3.168645 3.829993 2.633447 3.620473 3.440104 3.768182 4.754079 262.390157 -5.379830
1 -15501.655898 0.000000 0.000000 0.134023 -56.408529 1.264996 54.550529 3.213050 3.643158 3.221767 3.113729 3.842175 2.691130 2.694763 2.986904 3.961841 22.770439 274.420813 -5.379830
1 -5164.069550 0.000000 0.000000 0.008543 -20.296336 1.228360 53.578897 3.554827 3.475794 2.710720 3.017044 3.696888 3.216991 2.860911 3.976963 3.314851 4.717183 341.538283 -5.379830
1 -5437.882756 0.000000 0.000000 0.629127 69.519431 9.374259 397.420376 3.326207 2.858679 2.502286 3.966210 3.750454 2.999421 2.596973 3.214376 3.189039 27.140586 207.620425 -5.379830
1 -10109.358240 0.000000 0.000000 0.550391 24.984055 6.366731 418.504603 3.561571 3.799558 3.584979 3.818257 3.213115 3.519364 2.714338 3.513096 3.887498 10.971341 214.412955 -5.379830
1 -5132.956224 0.000000 0.000000 0.790929 44.396800 2.361201 447.201918 3.440067 2.899951 3.705699 3.743802 3.094917 3.118159 3.365464 3.149419 3.790575 28.549435 134.961271 -5.379830
1 -10298.626379 0.000000 0.000000 0.511942 -2.696698 6.428929 351.704543 3.585685 3.841833 2.630137 3.998180 3.696711 3.063523 3.266334 3.544919 3.904357 7.997023 241.903592 -5.379830
1 -15481.300933 0.000000 0.000000 0.083892 36.170400 4.018171 171.600174 2.628177 3.968946 3.503344 3.217755 3.836002 2.722204 3.347333 2.886317 3.472319 15.846470 234.532948 -5.379830
1 -5159.532917 0.000000 0.000000 0.041238 2.913205 2.081182 72.129316 3.472340 3.358539 3.377680 3.631658 3.513115 2.959137 2.927701 3.200794 3.791224 6.087036 318.522920 -5.379830
1 -10182.839623 0.000000 0.000000 0.149949 59.313432 4.964489 459.876395 2.841285 3.365400 3.037144 3.192803 3.682803 3.341876 2.631021 2.961359 3.273179 1.713541 255.857195 -5.532095
1 -5168.977170 0.000000 0.000000 0.359254 42.454550 3.823420 327.973181 2.846322 3.169091 2.979893 3.318836 3.268055 2.833405 2.791288 3.570555 3.387247 28.725385 197.056700 -5.532095
1 -15184.059734 0.000000 0.000000 0.252410 64.162209 2.340791 437.848683 3.581368 3.816445 2.525264 3.556808 3.596441 3.137687 2.508250 3.820502 2.921807 21.786104 70.350297 -5.532095
1 -5152.116913 0.000000 0.000000 0.417759 83.435253 4.597546 192.291332 3.609508 3.673439 2.830378 3.147585 3.738413 2.712310 2.839738 2.948608 3.950096 4.901817 319.212133 -5.532095
1 -5233.647579 0.000000 0.000000 0.626210 53.561059 9.501623 381.200400 3.331901 2.820510 3.951618 2.820867 3.718127 3.017683 2.548395 3.168543 3.219420 26.210091 210.089615 -5.532095
1 -10437.181455 0.000000 0.000000 0.252504 71.243500 6.540469 448.104695 3.252953 3.228907 3.775234 3.603036 3.037819 2.716673 3.525806 3.233514 3.101801 24.957715 181.761148 -5.532095
1 -15507.139756 0.000000 0.000000 0.547128 79.495669 5.891269 180.467675 3.216602 3.303032 2.799813 2.822006 3.012476 3.699591 2.801449 3.123781 3.490575 5.229601 298.971512 -5.532095
1 -10430.577007 0.000000 0.000000 0.217034 -50.041103 5.410779 236.602251 2.967405 3.946486 3.869866 3.557585 3.508071 3.331707 3.105590 2.870849 3.958623 21.750902 250.502662 -5.532095
1 -15509.948633 0.000000 0.000000 0.012545 30.895669 4.018900 138.701865 2.639193 2.819436 3.406698 3.153275 3.888970 2.735075 3.298809 2.855155 3.428239 13.540754 253.877745 -5.532095
1 -5667.538498 0.000000 0.000000 0.175088 -15.196606 1.761564 42.850945 3.438531 3.491396 3.465214 3.710957 3.605205 2.918040 2.918914 3.318964 3.829303 7.792035 309.875467 -5.532095
1 -56.648977 0.000000 0.000000 0.163936 54.778541 5.160257 457.557200 2.852266 3.351921 3.102294 3.225330 3.732984 3.375668 2.674353 2.941543 3.298714 1.976780 256.974924 -5.654810
1 -10282.866689 0.000000 0.000000 0.566494 31.884875 6.344051 305.807609 3.200453 3.267784 3.366974 3.225842 3.135405 3.011495 3.345316 3.531192 3.004834 9.846582 235.408415 -5.654810
1 -46.847757 0.000000 0.000000 0.704166 31.884677 4.395699 369.986887 3.308545 2.954806 2.627236 3.427679 3.578696 2.786935 3.133176 2.838859 3.619746 7.949200 224.770669 -5.654810
1 -10034.697391 0.000000 0.000000 0.375200 34.950950 5.287763 448.596246 3.446898 2.883566 3.232312 3.599463 3.582912 2.966646 2.943950 3.226638 3.298922 18.732753 187.678084 -5.654810
1 -10497.347729 0.000000 0.000000 0.563247 27.329050 8.803849 308.772740 3.494098 2.955801 2.684676 2.907008 3.808111 3.006448 2.652920 3.064468 3.355968 20.455598 240.448169 -5.654810
1 -10230.291612 0.000000 0.000000 0.473658 40.901890 2.384607 424.666061 3.267927 2.989086 3.268985 3.937215 3.019484 2.925393 2.701127 3.912089 2.951057 1.851566 278.338132 -5.654810
1 -15472.737596 0.000000 0.000000 0.375256 31.504613 8.208980 429.726663 2.733635 2.827533 3.429397 3.875834 2.842332 2.881667 3.365738 2.954658 3.004219 18.027634 237.990427 -5.654810
1 -15370.968868 0.000000 0.000000 0.482615 50.951573 5.073841 11.068064 2.789804 3.685084 3.833835 3.145947 3.823901 3.623961 2.813040 3.456335 3.562656 7.583407 294.455815 -5.654810
1 -5145.898762 0.000000 0.000000 0.510030 -6.968568 1.926038 85.520874 2.657012 3.707901 3.266418 2.876445 3.686579 2.972066 2.907898 3.245287 3.853955 9.688306 285.221206 -5.654810
1 -5152.069391 0.000000 0.000000 0.267242 -10.747375 0.269899 78.586203 3.537085 3.583806 3.569311 3.872984 3.476309 2.795383 2.822285 3.131860 3.715766 12.254126 273.388977 -5.654810
1 -5076.035034 0.000000 0.000000 0.198164 60.833148 4.234452 491.490667 2.829457 3.288879 3.091185 3.238498 3.864435 3.258992 2.688886 2.887843 3.254419 1.257905 254.702359 -5.787639
1 -10109.637649 0.000000 0.000000 0.104264 39.924080 3.448215 329.975545 2.900390 3.204236 3.391220 3.139332 2.898416 3.089764 2.751763 3.750567 3.597525 10.372031 227.962174 -5.787639
1 -10327.386724 0.000000 0.000000 0.682887 36.909895 4.759540 287.867251 3.380170 2.990364 2.591776 3.282376 3.533247 2.881657 2.918177 2.829845 3.809583 13.230703 217.428722 -5.787639
1 -5050.709385 0.000000 0.000000 0.645038 62.383750 2.354258 348.010928 3.396735 2.865398 3.288273 2.843393 3.810038 2.651551 2.929344 3.818619 3.087018 1.458437 337.781344 -5.787639
1 -5422.165593 0.000000 0.000000 0.561655 31.786782 8.874156 300.526910 3.607761 2.898391 2.753149 2.896951 3.837468 2.970387 2.709458 2.944856 3.498113 25.291692 211.601114 -5.787639
1 -20296.462127 0.000000 0.000000 0.108259 -60.931594 7.979929 232.035127 2.670708 2.903476 3.861632 3.808740 3.933123 2.618767 2.932629 3.533665 3.325454 23.648187 263.039562 -5.787639
1 -5081.549859 0.000000 0.000000 0.611601 9.452651 0.689359 177.044607 3.430239 3.609427 3.042870 3.635252 2.916533 2.908468 2.635834 2.882081 2.938970 8.962287 243.960187 -5.787639
1 -10176.497210 0.000000 0.000000 0.232239 88.921341 1.590740 212.711130 2.941248 3.110037 3.888713 3.421394 3.151432 3.268065 2.553230 3.979572 3.932956 24.001296 221.988670 -5.787639
1 -10374.405593 0.000000 0.000000 0.247640 68.618477 7.583184 108.773570 2.809130 3.614498 3.877205 3.442924 3.013194 3.372635 3.220583 3.375911 3.526663 4.018327 320.720694 -5.787639
1 -5280.255653 0.000000 0.000000 0.179586 44.518633 7.115606 137.555537 3.428518 3.703224 3.449909 2.940702 3.089470 3.691500 2.791847 3.060359 3.462161 7.642423 308.358764 -5.787639
1 -10407.374750 0.000000 0.000000 0.162261 61.367835 5.147784 448.578812 2.911738 3.314834 3.318651 3.158735 3.660995 3.228287 3.690456 2.950292 3.202037 2.229465 265.686240 -5.908974
1 -15489.867345 0.000000 0.000000 0.626903 89.646471 7.173389 12.024521 3.374926 3.749137 3.968905 3.033596 3.701674 3.096979 2.653486 3.943122 3.100864 9.518008 267.956352 -5.908974
1 -10165.073015 0.000000 0.000000 0.306885 -21.469207 1.967526 132.731940 3.607012 3.985331 3.116825 3.479972 3.867391 3.319431 2.890975 2.963486 3.551696 3.991298 339.877885 -5.908974
1 -5062.687326 0.000000 0.000000 0.583482 39.577280 2.276364 414.413435 3.528195 3.866242 3.025207 3.010120 3.703024 2.721678 2.943431 3.934968 2.884200 0.411674 341.860586 -5.908974
1 -5721.792790 0.000000 0.000000 0.466618 7.541274 9.311508 409.324023 3.545311 2.969465 2.687637 2.861602 2.835778 3.008460 2.719821 3.869302 3.263090 18.548041 224.193293 -5.908974
1 -5111.417012 0.000000 0.000000 0.724003 70.324259 5.719144 320.496376 3.465472 2.883680 3.884755 3.281479 3.913962 2.826585 3.452477 3.687120 3.424522 3.807303 320.953333 -5.908974
1 -5130.941438 0.000000 0.000000 0.704346 13.051421 1.304017 204.321837 3.469459 3.530033 3.179896 3.528201 2.919021 2.908590 2.707112 2.989678 2.814234 9.825554 239.173558 -5.908974
1 -10380.814881 0.000000 0.000000 0.780726 73.634675 3.703036 0.469021 2.586832 2.805992 2.741049 3.758457 3.930596 3.093256 3.351581 3.942763 3.972281 17.881411 269.007864 -5.908974
1 -5398.434064 0.000000 0.000000 0.045346 59.054827 8.515706 298.989700 2.772784 3.028223 2.505107 3.457565 2.933929 2.666346 3.103727 3.727648 2.864773 7.457550 286.787527 -5.908974
1 -10397.173472 0.000000 0.000000 0.146814 27.347098 6.692283 152.260771 3.475955 3.787613 3.361002 3.032350 2.839470 2.591865 2.686607 3.144660 3.374848 9.436058 288.305805 -5.908974
1 -5226.049406 0.000000 0.000000 0.397016 -54.456430 2.337695 48.611350 3.683492 3.572089 3.768476 3.538536 3.377535 2.611068 3.176931 3.236824 3.240047 7.721778 308.309360 -6.021100
1 -5267.290172 0.000000 0.000000 0.400731 72.599575 8.729897 406.437331 3.249383 3.049804 3.896052 3.923730 3.655915 3.251476 3.229349 2.884790 3.615380 2.590487 325.433740 -6.021100
1 -179.068994 0.000000 0.000000 0.284164 -34.558906 2.305880 155.158041 2.544279 3.891590 3.183734 3.386869 3.969582 3.329068 3.038436 2.873991 3.608024 3.331326 328.832507 -6.021100
1 -5038.983799 0.000000 0.000000 0.690055 53.204038 8.104203 484.204134 2.742803 3.871826 3.654944 2.904707 3.036412 3.339819 3.447319 2.890395 2.959726 5.762299 236.869766 -6.021100
1 -10526.887495 0.000000 0.000000 0.077088 31.196943 9.320792 398.822393 2.574677 2.942298 3.833333 2.978315 2.846204 3.184776 2.988264 3.831466 3.103969 28.597648 222.941301 -6.021100
1 -5145.733654 0.000000 0.000000 0.272997 -4.012700 7.854138 118.489237 2.590021 3.641496 2.618898 3.679331 3.961077 3.359111 3.589347 3.829944 3.725936 4.489073 338.107539 -6.021100
1 -15635.338829 0.000000 0.000000 0.656401 73.113783 4.650997 323.816631 3.528800 3.370348 3.759917 3.491296 3.475085 3.282654 3.263038 3.429149 3.505874 18.050750 241.449710 -6.021100
1 -5028.866999 0.000000 0.000000 0.346478 44.887515 3.622511 475.699860 3.679135 3.484304 3.890158 3.358650 3.659582 3.557233 3.568230 3.531267 3.878762 0.258173 316.210757 -6.021100
1 -15330.982454 0.000000 0.000000 0.321932 81.983461 5.683158 406.330892 2.846596 3.366332 3.030118 3.431985 3.802766 3.639967 2.573267 3.675252 3.150147 7.648019 229.694624 -6.021100
1 -10493.674950 0.000000 0.000000 0.165315 18.708739 2.004702 357.058794 3.429322 3.928190 3.037295 3.383861 3.369873 3.357648 3.206447 3.192838 3.518109 27.560011 162.213619 -6.021100
1 -5657.137284 0.000000 0.000000 0.191594 -57.172947 8.651290 146.893709 2.590834 3.596437 3.942321 3.759718 3.470473 3.562626 2.976181 3.230860 3.274323 9.846171 292.113785 -6.115946
1 -5129.890573 0.000000 0.000000 0.064311 38.144844 7.278592 422.917421 2.636974 3.755760 3.574996 3.005518 3.983127 3.487184 3.401988 2.868285 3.502211 11.762128 228.728665 -6.115946
1 -5163.684809 0.000000 0.000000 0.122211 -23.392432 8.933571 74.609986 3.322588 3.634256 2.896565 3.492400 3.780364 3.383390 3.030624 3.139566 3.590093 5.154433 334.622539 -6.115946
1 -5271.719583 0.000000 0.000000 0.066838 33.714755 9.627680 26.547366 2.774683 3.665528 3.781621 2.899712 3.372453 2.536877 2.656350 2.866640 3.294194 8.306478 306.714534 -6.115946
1 -10258.644673 0.000000 0.000000 0.480421 33.520017 1.949681 380.594731 3.393606 2.892689 2.989870 2.873567 2.884557 2.897843 3.115445 3.566509 3.406150 25.816410 154.809596 -6.115946
1 -5482.568851 0.000000 0.000000 0.332380 -45.313938 6.543568 229.645369 3.231342 3.359200 2.619408 3.762578 3.415673 3.562291 3.573262 3.841667 3.366015 4.998718 324.512220 -6.115946
1 -5115.894622 0.000000 0.000000 0.490311 43.082874 2.458547 281.636446 2.838818 3.168349 3.825280 2.979262 3.065829 2.718713 3.263517 3.633374 3.856749 6.649933 232.021507 -6.115946
1 -5114.817389 0.000000 0.000000 0.265180 22.728146 4.261227 440.043914 3.671641 3.527805 3.789711 3.417611 3.596063 3.616255 2.507840 3.407217 3.890451 1.222878 312.732590 -6.115946
1 -15463.510743 0.000000 0.000000 0.368714 52.994329 5.922246 412.474647 2.558825 3.843891 2.950252 2.902832 3.788972 3.102293 2.647567 3.320263 3.684569 12.054333 191.308661 -6.115946
1 -10491.275515 0.000000 0.000000 0.544177 17.905434 7.386300 400.088582 3.440097 3.955228 2.772345 3.456705 3.133881 2.557366 3.458800 3.333876 2.913996 3.149195 297.593126 -6.115946
1 -15785.313790 0.000000 0.000000 0.787032 45.628395 1.488622 388.859447 3.358613 2.871865 3.732747 2.925409 3.740211 2.973696 3.605597 3.449323 3.072315 5.612998 269.985139 -6.217578
1 -18.981601 0.000000 0.000000 0.579301 53.702389 5.485432 421.208580 2.600137 3.293495 3.488150 3.442793 3.204650 3.144248 3.637352 3.200832 3.479276 2.249527 293.468523 -6.217578
1 -5162.679540 0.000000 0.000000 0.046512 -26.174390 0.446588 5.886007 3.430596 3.485736 2.906272 3.365727 3.905244 3.499374 2.973324 3.253671 3.563321 4.778349 342.315615 -6.217578
1 -5219.474561 0.000000 0.000000 0.083407 47.147178 5.364924 424.794090 3.242913 3.632270 3.833203 3.899918 3.339475 3.500797 3.612877 2.944485 3.096662 17.185581 181.666859 -6.217578
1 -5165.402063 0.000000 0.000000 0.382662 39.950938 3.470816 480.515395 3.458979 3.568692 3.449082 3.712754 3.562588 3.219675 2.553285 3.697106 3.789240 0.787224 331.699258 -6.217578
1 -5388.510474 0.000000 0.000000 0.471880 -30.464893 6.607241 266.157654 2.782145 3.131657 2.841705 3.787146 3.208913 3.649571 3.403800 3.686149 2.847131 5.620211 290.605117 -6.217578
1 -5103.920940 0.000000 0.000000 0.475223 49.014151 3.818732 209.319741 2.922887 3.949822 2.882498 3.229254 3.566820 3.213320 2.797932 3.301158 3.832638 6.921767 290.830045 -6.217578
1 -10249.536024 0.000000 0.000000 0.322542 30.284857 3.889778 461.587808 3.583555 3.539579 3.649591 3.587064 3.569668 3.425561 2.525958 3.558387 3.839595 0.732552 325.738630 -6.217578
1 -15426.258761 0.000000 0.000000 0.677095 35.427847 5.516102 468.322140 3.641109 3.910859 2.745104 3.301602 3.033929 3.218036 3.319933 3.532547 3.933742 15.575690 180.149290 -6.217578
1 -10217.596572 0.000000 0.000000 0.249401 -81.210160 7.541466 6.472333 3.397094 3.794956 2.651949 3.597095 3.195247 2.670510 3.420820 3.135714 3.309054 8.451883 298.948604 -6.217578
1 -186.132277 0.000000 0.000000 0.581209 32.348133 0.309497 187.179680 3.385281 2.843283 3.183700 3.859857 3.142718 3.624073 3.161398 3.120955 3.208082 20.391423 224.162094 -6.279320
1 -5197.965288 0.000000 0.000000 0.590069 41.389943 5.963297 377.024634 3.684114 3.238448 3.533418 3.451241 3.170127 2.987983 2.636274 3.186664 3.564742 2.925418 287.043896 -6.279320
1 -5345.188941 0.000000 0.000000 0.379564 14.047802 8.514184 250.061377 3.305063 3.849232 3.855406 3.189227 3.600825 3.042693 2.595820 3.924570 3.096005 12.708579 263.922198 -6.279320
1 -10096.560122 0.000000 0.000000 0.370364 26.173582 8.120159 285.438086 3.555235 3.847162 3.240908 3.655783 3.240675 2.948593 2.968700 3.456303 3.507115 8.073077 269.788548 -6.279320
1 -10246.013466 0.000000 0.000000 0.069577 4.990317 0.263296 171.275138 2.787704 3.319232 3.879797 3.058080 3.027278 2.842906 2.722976 3.483995 3.474409 4.684904 323.752256 -6.279320
1 -5325.561209 0.000000 0.000000 0.478778 -11.279930 7.790095 297.138172 2.786914 3.202925 3.836730 3.780086 3.351991 2.538740 3.579964 3.669147 3.941782 7.375664 266.389013 -6.279320
1 -5311.556881 0.000000 0.000000 0.705643 42.050591 6.636866 311.686173 3.030514 3.128743 3.337578 3.437309 3.291604 3.170195 3.340114 3.803611 3.699208 24.902257 215.945631 -6.279320
1 -5097.479009 0.000000 0.000000 0.739993 69.577032 6.112045 410.336400 2.729569 3.585571 3.934550 2.823869 3.049399 2.502119 3.498142 3.558677 3.517689 2.610659 327.052811 -6.279320
1 -35.572798 0.000000 0.000000 0.748110 39.523589 2.715618 385.693858 3.619510 2.888014 3.651531 3.845144 3.707581 3.214174 3.430339 3.869422 3.062062 2.731604 236.393087 -6.279320
1 -5456.171598 0.000000 0.000000 0.172163 -44.483756 1.423947 2.267456 3.382493 3.942897 3.293483 3.270837 3.456721 2.647040 3.599571 3.270169 3.913201 9.190840 296.350715 -6.279320
1 -5295.087815 0.000000 0.000000 0.548617 29.541353 0.860951 228.982449 3.312502 3.914697 3.250618 3.946843 3.228711 3.604165 3.185097 3.078198 3.152638 20.562736 205.878215 -6.382079
1 -10238.238579 0.000000 0.000000 0.479364 25.865541 7.283650 358.836578 3.589935 3.446000 3.491774 3.455499 3.203066 2.968251 2.607735 3.086259 3.645857 4.332188 283.448824 -6.382079
1 -10565.600480 0.000000 0.000000 0.059115 45.465712 6.417864 86.198157 3.570178 3.568206 3.917315 3.943955 2.851965 2.751937 3.555263 3.680479 3.134227 11.740282 281.063754 -6.382079
1 -10067.774103 0.000000 0.000000 0.781153 18.029488 2.475311 231.182222 2.718211 3.579572 3.397010 3.571335 2.838114 3.296989 2.861666 3.851260 3.481186 7.648176 274.573857 -6.382079
1 -5204.493643 0.000000 0.000000 0.070702 52.417821 8.332280 60.342714 2.984217 3.341506 3.796869 3.139963 3.118934 3.006884 2.705259 3.546465 3.561999 5.029245 334.790853 -6.382079
1 -5277.020020 0.000000 0.000000 0.735523 36.946298 5.242235 339.431625 2.855706 3.488056 2.847326 3.795743 3.676102 3.346579 2.683924 3.691971 2.826282 24.445263 221.856889 -6.382079
1 -15488.693333 0.000000 0.000000 0.790055 19.063743 2.249377 113.711024 3.007923 2.832196 2.983345 3.724819 2.831540 3.125017 3.312858 3.130073 3.274000 3.310320 340.619846 -6.382079
1 -5335.935158 0.000000 0.000000 0.060896 57.459429 1.305242 289.009702 2.812461 3.704987 2.573575 3.813029 3.972731 3.110074 3.205008 3.097672 3.169699 13.129146 176.889314 -6.382079
1 -15480.702183 0.000000 0.000000 0.149283 67.358926 3.678270 316.909415 3.678918 2.961626 3.813797 3.450652 3.740663 3.281945 3.183075 3.775873 3.275786 3.459680 288.538180 -6.382079
1 -5221.494953 0.000000 0.000000 0.135274 -66.950986 7.333061 140.981564 3.611561 2.920054 3.236201 3.821141 3.710680 3.597793 2.685779 3.615192 3.143012 7.399231 304.331905 -6.382079
1 -5387.305138 0.000000 0.000000 0.353593 19.920956 2.255041 142.474835 3.533506 3.075433 3.305435 3.981548 3.561656 3.333300 3.010802 3.009464 2.801422 4.431546 316.998572 -6.450774
1 -5397.380181 0.000000 0.000000 0.245069 -59.563071 3.543551 110.215009 3.204191 3.807576 2.970872 3.908353 3.570112 3.081797 3.635128 3.127145 3.459182 7.937892 299.168426 -6.450774
1 -5353.987828 0.000000 0.000000 0.514159 -12.032162 0.760203 141.944600 2.936989 3.209120 3.185931 3.654858 3.371431 3.690152 3.211775 3.679957 3.142931 7.776028 271.215252 -6.450774
1 -5337.722816 0.000000 0.000000 0.146295 51.775777 6.341789 145.434416 2.887574 2.862853 3.230257 2.967414 2.853878 2.662837 2.895025 2.857172 3.201154 3.836480 337.822185 -6.450774
1 -5149.643167 0.000000 0.000000 0.781541 79.215632 0.009217 9.431753 3.106729 3.112363 2.856827 3.306356 3.888125 2.580568 2.890982 3.413861 3.108983 6.557538 313.891203 -6.450774
1 -10303.056437 0.000000 0.000000 0.689604 38.711719 5.824166 333.521673 2.872938 3.480745 2.871602 3.750768 3.667613 3.255090 2.582983 3.567064 3.968722 24.130240 227.891759 -6.450774
1 -5156.779424 0.000000 0.000000 0.265942 -7.643918 4.516373 45.085090 2.640991 3.928616 3.701834 3.007274 3.918904 3.405361 2.506412 2.885377 3.360851 5.369335 332.965574 -6.450774
1 -254.697182 0.000000 0.000000 0.039046 60.633676 1.990111 318.735839 2.796856 3.719530 2.560848 3.941261 3.982351 3.235257 3.080341 3.162058 3.233792 14.712611 182.710353 -6.450774
1 -5080.168614 0.000000 0.000000 0.540793 53.990191 3.737202 296.514170 2.987582 3.155199 3.107825 3.291806 2.890955 3.605647 3.458028 3.669931 3.873190 6.468969 274.365273 -6.450774
1 -5110.304834 0.000000 0.000000 0.777683 51.983904 1.040938 177.440956 3.617638 2.817764 3.022741 3.283885 2.847834 3.286921 2.826848 2.891727 3.102910 5.968811 305.676388 -6.450774
1 -10104.278740 0.000000 0.000000 0.478925 -0.097054 7.743780 324.474346 2.851928 3.842184 3.164273 3.774596 3.688639 2.807170 3.417480 3.839700 3.972285 15.647664 229.747091 -6.524660
1 -10176.061139 0.000000 0.000000 0.477379 -35.813194 8.368256 132.094123 2.705771 3.441281 3.146266 3.813186 3.404033 3.334397 3.092801 3.118538 3.213108 8.944501 294.294198 -6.524660
1 -5169.094112 0.000000 0.000000 0.715959 31.774397 3.667951 207.081030 3.631614 2.833516 3.987408 3.271356 3.864909 3.281485 2.826276 3.208702 2.917036 21.781266 232.509187 -6.524660
1 -10151.166491 0.000000 0.000000 0.321015 65.679766 3.882001 138.318359 2.611662 3.805605 3.806464 3.045263 3.193360 2.648930 2.880201 2.965491 3.217345 4.710995 337.074434 -6.524660
1 -5155.061011 0.000000 0.000000 0.085238 -59.124259 1.470300 172.324203 3.603133 3.868599 3.037210 3.786364 3.519697 3.518606 2.691873 3.027421 3.442987 9.258418 262.578503 -6.524660
1 -5282.644972 0.000000 0.000000 0.641563 41.347583 5.066795 324.646127 2.863144 3.670664 2.792428 3.936066 3.606606 3.342296 3.656229 3.598502 3.714863 22.091078 225.283438 -6.524660
1 -5333.976667 0.000000 0.000000 0.239522 44.481684 9.215722 404.662040 2.917659 3.888055 2.956798 2.856579 3.785196 3.662477 3.238430 3.473496 3.740639 16.846547 209.356817 -6.524660
1 -259.698297 0.000000 0.000000 0.040517 61.001052 2.002576 319.343845 2.803766 3.727392 2.565065 3.931446 3.979765 3.234642 3.070238 3.144321 3.226321 14.314175 184.026772 -6.524660
1 -5412.203968 0.000000 0.000000 0.479395 62.089596 3.476096 306.197843 2.933123 3.576351 3.518978 3.224591 3.192197 3.652408 3.422177 3.445873 3.954274 6.335257 232.437336 -6.524660
1 -5137.799373 0.000000 0.000000 0.573658 62.201672 3.814602 133.366953 3.363287 3.094557 2.794577 3.169936 3.975375 3.418040 2.730414 3.071802 3.438094 5.090128 326.228752 -6.524660
1 -5315.049723 0.000000 0.000000 0.097613 -5.400649 4.242830 24.261176 3.458641 2.904994 3.202779 2.839558 2.805529 3.662860 2.802202 3.509932 3.521759 4.068690 341.401997 -6.619920
1 -5002.924449 0.000000 0.000000 0.546099 37.519300 8.828138 498.078336 2.759800 3.945288 3.688036 3.109072 3.396830 2.533591 3.307766 2.851472 3.258581 20.819165 193.105117 -6.619920
1 -10276.687769 0.000000 0.000000 0.560241 24.287195 0.615956 190.010207 3.586553 3.517306 2.638063 3.227568 2.946808 3.131022 2.954261 3.216901 2.837021 20.962045 235.734122 -6.619920
1 -5363.404529 0.000000 0.000000 0.420128 55.536807 3.783576 239.522519 2.576033 3.258804 3.952686 3.437104 3.222788 3.072051 3.601315 3.490391 3.630730 11.614633 261.778895 -6.619920
1 -5061.727811 0.000000 0.000000 0.764375 59.402000 3.728326 350.820389 3.644242 3.687084 3.087304 3.745300 3.804297 2.700537 2.924587 3.160522 3.226883 3.769670 292.866730 -6.619920
1 -5020.032151 0.000000 0.000000 0.608277 39.854628 4.068127 325.091290 2.859850 3.468372 2.886811 2.800801 3.563114 3.373835 2.522161 3.552138 3.474636 17.381500 224.397014 -6.619920
1 -20294.274826 0.000000 0.000000 0.763057 61.236609 2.163621 493.797181 3.235434 3.608719 3.577753 3.857225 3.768532 2.672639 3.025143 3.378708 3.659586 14.469508 125.027892 -6.619920
1 -275.056822 0.000000 0.000000 0.033797 63.845615 2.311790 327.015611 2.801074 3.710464 2.553781 3.824508 2.800765 3.222714 3.092711 3.166409 3.238204 15.261856 184.522792 -6.619920
1 -10332.329862 0.000000 0.000000 0.247452 40.405839 0.982489 60.358259 3.305866 3.654916 3.930951 3.388079 2.902182 3.533685 2.776119 3.113092 3.204498 9.802857 286.808554 -6.619920
1 -5684.174983 0.000000 0.000000 0.652804 60.175794 2.017985 66.805988 2.995337 3.080889 2.873449 3.035965 2.952987 3.332512 2.712441 3.189929 3.426719 5.918754 331.502453 -6.619920
1 -5203.604647 0.000000 0.000000 0.343368 25.339029 4.132602 38.409680 2.534804 2.954389 3.118621 3.237975 2.899374 2.710349 2.899335 3.517587 3.922701 5.871184 323.320737 -6.678572
1 -5209.114143 0.000000 0.000000 0.708748 -83.170146 6.303177 226.833149 2.632555 2.956348 2.785647 3.218626 3.549063 2.888658 2.840013 3.641104 3.173247 4.441172 338.814405 -6.678572
1 -10322.255640 0.000000 0.000000 0.720496 17.013794 8.705382 250.841097 2.515069 3.640040 2.970889 2.988047 3.004160 2.878977 2.880052 3.658108 3.129605 21.220333 253.881828 -6.678572
1 -5107.448967 0.000000 0.000000 0.471241 -0.604907 3.390292 217.646675 2.604169 3.349752 3.984729 3.477223 3.442990 3.629444 2.528437 3.257442 3.620637 13.308013 239.334500 -6.678572
1 -5118.622652 0.000000 0.000000 0.766585 69.902419 3.467235 380.350941 2.519880 3.724883 3.025719 3.786143 3.798623 2.603761 2.991233 3.162224 3.235118 4.043092 277.181932 -6.678572
1 -131.809818 0.000000 0.000000 0.752317 48.980351 6.135578 274.938554 2.904723 3.996420 3.547112 3.372167 3.898576 2.879234 3.117279 2.967884 3.374468 2.827778 337.146788 -6.678572
1 -162.457624 0.000000 0.000000 0.615095 13.248459 4.571472 324.492497 3.402028 3.758228 2.754520 3.307107 3.476317 3.355698 3.026699 3.113162 3.862959 2.481578 296.397454 -6.678572
1 -5361.104364 0.000000 0.000000 0.014948 66.369181 2.275887 327.192228 2.735248 3.664613 2.590113 3.916215 2.861741 3.211507 3.053427 3.182729 3.355674 13.966419 186.167605 -6.678572
1 -5326.012677 0.000000 0.000000 0.189726 36.142890 8.574549 203.900049 3.130805 3.734518 3.078668 3.545197 2.866265 2.951385 2.999658 3.551848 3.054194 6.312724 265.612496 -6.678572
1 -5118.050251 0.000000 0.000000 0.352309 18.848944 6.951981 287.153281 3.574687 3.766530 2.624716 3.589840 3.444498 3.272168 3.264826 3.297597 3.115733 5.044331 304.711556 -6.678572
1 -5135.894091 0.000000 0.000000 0.464123 43.793112 3.485411 107.643961 3.504397 3.252576 3.114028 3.372831 3.989137 3.657387 2.890962 3.203641 3.945205 5.883517 313.600543 -6.758842
1 -5224.224261 0.000000 0.000000 0.684033 -81.487921 5.548128 237.148459 2.703684 3.084601 2.806275 3.248979 3.406812 3.028919 2.797147 3.601397 3.204347 5.832125 311.886118 -6.758842
1 -15457.833307 0.000000 0.000000 0.733265 67.102880 8.685186 301.061168 2.867391 2.916554 3.097320 2.871937 2.808564 3.470690 3.100696 3.802395 3.169016 9.266155 235.734244 -6.758842
1 -5161.019101 0.000000 0.000000 0.044596 -86.319883 0.858629 119.010705 3.647522 2.854450 3.598653 3.246640 3.873187 3.387671 2.613449 3.889599 2.913618 9.813811 279.368880 -6.758842
1 -5121.560027 0.000000 0.000000 0.741057 70.594844 3.674609 372.145963 2.522637 3.701347 3.060660 3.795543 3.822630 2.569544 2.987041 3.203132 3.184667 4.386913 277.578293 -6.758842
1 -5096.681463 0.000000 0.000000 0.785196 63.763254 7.256931 270.615654 2.749660 3.767759 3.643721 3.252951 3.718929 2.909775 3.133740 3.151656 3.184688 4.678164 320.088035 -6.758842
1 -162.158358 0.000000 0.000000 0.618739 13.188836 4.557278 317.967709 3.416544 3.759884 2.748872 3.312493 3.470656 3.353142 3.037770 3.128450 3.862608 2.530224 297.387265 -6.758842
1 -5306.416913 0.000000 0.000000 0.042215 66.563825 2.425627 336.121901 2.733356 3.667979 2.586745 3.905281 2.862048 3.228585 3.071621 3.171699 3.350773 14.802266 183.074818 -6.758842
1 -10154.936388 0.000000 0.000000 0.127836 2.293132 7.888793 232.353146 3.227572 3.502723 3.220173 3.590792 3.782171 2.612316 2.968628 3.864271 3.003701 7.788566 289.752641 -6.758842
1 -5098.235519 0.000000 0.000000 0.491158 65.672233 6.867082 336.355601 3.181035 2.866677 2.821997 3.436174 3.289308 2.678132 3.169619 3.623848 3.911031 4.127498 309.493607 -6.758842
1 -10296.331781 0.000000 0.000000 0.458474 3.525238 3.915774 293.003838 2.603120 3.732934 3.264391 3.710471 3.455445 3.390306 2.784816 3.067936 3.149896 19.442904 212.665863 -6.827461
1 -5162.805982 0.000000 0.000000 0.063451 -87.911519 4.308357 188.838200 2.795874 3.129110 2.912932 3.147027 3.505331 3.197520 2.875594 3.657731 2.971107 4.404801 332.565559 -6.827461
1 -5378.457736 0.000000 0.000000 0.024148 73.036782 8.913993 89.612113 2.800175 3.933191 2.787474 3.811769 2.899826 2.596379 2.813134 3.003318 3.478370 6.289247 270.003955 -6.827461
1 -5244.682328 0.000000 0.000000 0.745624 -89.494440 1.109130 168.295134 2.519810 3.860353 3.465416 3.241546 3.706842 3.216187 3.664793 3.238563 3.960922 6.619100 294.677643 -6.827461
1 -5031.486639 0.000000 0.000000 0.678593 45.870329 3.756228 308.278422 2.555765 3.736776 3.164374 3.738788 3.951555 3.632775 2.914970 3.250624 3.026199 4.389048 290.711278 -6.827461
1 -5133.339361 0.000000 0.000000 0.101143 68.348587 6.096678 291.395837 2.644062 3.818904 3.623036 3.272549 3.722263 2.918435 3.167834 2.971158 3.243785 3.917195 318.350860 -6.827461
1 -5150.233631 0.000000 0.000000 0.510941 41.456660 4.243509 345.969446 3.374227 3.849764 2.749072 3.390278 3.404482 3.344855 3.078654 3.064164 3.936553 3.675546 280.157749 -6.827461
1 -5253.019559 0.000000 0.000000 0.068145 77.665652 2.867294 359.621329 2.817898 3.617904 2.690935 3.988015 3.992522 3.183619 3.143642 2.966592 3.319158 7.239588 195.353663 -6.827461
1 -5122.222131 0.000000 0.000000 0.705047 65.005749 0.212650 159.681299 3.215020 3.292422 3.033550 3.646412 3.752876 2.581705 2.731848 3.823909 3.131957 4.981115 308.901261 -6.827461
1 -5176.161925 0.000000 0.000000 0.278545 82.442603 8.157548 393.509897 3.204805 2.851117 3.045390 3.470619 3.526361 3.308656 3.234694 3.747640 3.849175 4.360051 304.515021 -6.827461
1 -174.529135 0.000000 0.000000 0.514031 24.503399 3.401034 277.405239 2.735202 3.515842 3.450525 3.770834 3.472763 3.371147 2.831388 2.954887 3.342142 12.907562 225.088297 -6.917714
1 -5163.479086 0.000000 0.000000 0.083879 -79.986302 3.892352 189.327038 2.761403 3.104835 2.870558 3.167611 3.483462 3.229335 2.880032 3.667003 2.998819 4.457447 329.363229 -6.917714
1 -5446.677941 0.000000 0.000000 0.033541 80.875663 8.993422 133.950694 2.889680 2.805329 2.705225 3.904449 2.972528 2.551074 2.815475 3.075472 3.492872 6.593694 261.365057 -6.917714
1 -10419.141314 0.000000 0.000000 0.752338 74.118992 1.706136 86.456661 2.749060 3.707626 3.414529 3.219481 3.769915 3.252441 2.530412 3.205078 3.973214 5.310753 274.131707 -6.917714
1 -5205.896112 0.000000 0.000000 0.241254 32.192553 2.165202 71.673149 2.916548 2.938231 3.573867 3.824046 3.783985 3.504966 3.077667 3.277970 3.910724 8.234762 298.841463 -6.917714
1 -5183.269418 0.000000 0.000000 0.205905 -59.616521 8.432448 257.648840 3.527212 3.738084 3.822402 3.470226 3.955125 2.658213 2.766545 3.024098 3.003144 6.620513 297.048069 -6.917714
1 -15474.776150 0.000000 0.000000 0.296552 -47.304956 4.928667 16.443815 2.695843 3.187216 3.455198 3.611460 3.811071 2.588253 3.420488 3.544624 3.685206 7.508550 260.610878 -6.917714
1 -5412.954661 0.000000 0.000000 0.066171 77.296264 2.882905 361.368491 2.817690 3.616255 2.691398 3.993484 3.989790 3.184800 3.146200 2.963799 3.313732 7.312701 194.852153 -6.917714
1 -5138.736103 0.000000 0.000000 0.150753 27.374110 7.005162 253.525354 2.975643 2.853340 3.459159 3.336729 3.477540 3.431667 3.508410 3.025604 3.433105 7.258841 286.670815 -6.917714
1 -10099.471423 0.000000 0.000000 0.697778 53.267081 2.160709 413.308356 3.402511 3.644766 3.683401 3.505412 3.005854 3.030220 2.714969 3.247842 2.945730 27.553895 147.921330 -6.917714
1 -138.278188 0.000000 0.000000 0.520368 25.926558 3.718265 278.566741 2.746860 3.543505 3.497257 3.765231 3.458705 3.357903 2.843253 2.971226 3.347250 12.739809 226.986417 -7.005286
1 -10478.130245 0.000000 0.000000 0.356396 1.059689 6.255653 259.766855 2.777352 2.956904 3.386386 2.926827 3.504403 3.566030 2.818441 3.638115 3.521830 5.238987 290.988082 -7.005286
1 -5437.108161 0.000000 0.000000 0.077739 75.525357 9.147576 113.367163 2.906245 2.814162 2.654329 3.876413 3.038421 2.568497 2.782155 3.162419 3.488680 5.563628 272.632404 -7.005286
1 -10372.276460 0.000000 0.000000 0.781575 -24.112350 7.170512 4.384192 2.711893 3.608786 2.833127 3.184853 3.586450 3.300596 3.541430 3.378594 3.921420 3.551781 340.961214 -7.005286
1 -31.709439 0.000000 0.000000 0.664512 44.994754 4.530900 463.366739 2.830799 3.111687 3.720402 3.430829 2.922243 3.651357 2.999579 3.435962 2.886949 0.958634 334.899319 -7.005286
1 -10157.450232 0.000000 0.000000 0.033011 -69.792340 7.959889 418.064053 2.940406 3.723575 2.637442 3.336052 3.314510 2.642670 2.609794 2.849272 2.842717 13.944349 224.689778 -7.005286
1 -10171.674248 0.000000 0.000000 0.787559 74.142348 7.239548 406.793860 3.227735 3.670614 2.787875 3.374663 3.258081 3.194851 2.760947 3.999997 3.160498 3.461606 278.533216 -7.005286
1 -10417.570967 0.000000 0.000000 0.146330 -83.658656 2.367758 322.702007 2.817229 3.627907 2.633295 3.807031 2.916940 3.174307 3.072144 2.940953 3.588052 4.809895 200.863786 -7.005286
1 -5087.121164 0.000000 0.000000 0.363876 44.098971 3.715335 245.157975 2.959778 3.791863 3.479942 3.388973 3.300118 2.770317 2.657437 3.238555 3.645863 9.577337 260.689839 -7.005286
1 -10078.075704 0.000000 0.000000 0.797756 47.189823 3.249819 397.875790 3.557915 3.137553 3.297450 3.828306 2.894995 3.290406 3.422315 3.502376 3.237229 15.776919 195.564807 -7.005286
1 -5223.968415 0.000000 0.000000 0.542066 57.235386 0.893327 249.265989 3.122198 3.834913 3.260596 2.992761 3.271335 3.192543 2.891797 3.231043 3.624779 6.646373 237.008736 -7.089547
1 -10292.129418 0.000000 0.000000 0.282434 8.058189 6.567439 352.814049 3.223662 2.897078 3.551941 2.840457 3.112273 3.681230 2.997689 2.945362 3.477877 8.415371 249.172898 -7.089547
1 -5431.341548 0.000000 0.000000 0.073120 66.325999 0.868812 39.662269 3.468252 2.963697 2.773809 2.809010 3.289956 2.585463 2.810793 3.543630 3.201619 6.250113 327.711637 -7.089547
1 -5599.931335 0.000000 0.000000 0.629848 44.749495 4.807875 180.910960 3.175625 3.428180 2.653401 3.164658 3.740932 2.669488 3.054431 3.152169 3.841427 9.746939 282.482728 -7.089547
1 -88.335335 0.000000 0.000000 0.693783 50.214726 3.809808 483.082359 2.812378 3.065364 3.677802 3.436772 2.960281 3.667751 3.018154 3.387937 2.846640 0.785259 336.243179 -7.089547
1 -15811.741717 0.000000 0.000000 0.604513 69.949743 0.119678 272.475980 3.478164 2.922805 3.387899 3.004958 3.845613 3.553065 2.676689 3.547317 3.337191 8.060589 230.431617 -7.089547
1 -193.243779 0.000000 0.000000 0.654947 28.588949 4.806257 318.249524 2.613231 3.372292 3.834631 2.869506 3.438973 3.406196 2.721497 3.057790 3.388632 14.006059 223.221665 -7.089547
1 -10267.021943 0.000000 0.000000 0.331341 70.912606 2.965493 358.787689 2.941071 3.886441 2.710285 3.979875 2.958578 3.328311 3.121088 2.933379 3.898025 7.107572 203.755493 -7.089547
1 -5098.476638 0.000000 0.000000 0.293829 36.824241 4.243728 245.443875 3.049787 3.779163 3.729945 3.193322 3.564728 2.775902 2.597464 3.554583 3.560292 8.920173 266.839472 -7.089547
1 -10476.330517 0.000000 0.000000 0.049086 -88.861629 3.040207 328.936869 2.866792 3.089181 3.472956 3.002412 3.551672 2.700533 3.399744 3.174750 3.220394 23.728439 193.942330 -7.089547
1 -5067.022101 0.000000 0.000000 0.676908 55.708843 1.723169 286.405257 3.211663 3.706785 3.550453 3.986104 3.399653 2.842302 2.855122 3.321144 3.732093 5.261511 271.574835 -7.144264
1 -5126.690674 0.000000 0.000000 0.710715 76.010277 6.038878 355.993834 2.530960 3.534698 3.331031 3.417540 3.886890 3.391644 3.539104 3.409026 3.341614 3.548699 314.199144 -7.144264
1 -10149.979193 0.000000 0.000000 0.516891 20.048915 2.439161 168.643547 3.270103 2.814875 3.181588 3.305912 3.662629 2.616031 3.458373 3.656506 3.346455 5.808417 272.519779 -7.144264
1 -5628.622884 0.000000 0.000000 0.440669 25.622626 6.485114 172.720011 3.040120 3.628944 2.659743 3.269129 3.560625 3.128152 2.884383 3.181493 3.990122 11.516851 280.511064 -7.144264
1 -5653.542964 0.000000 0.000000 0.081509 -28.103712 8.053452 35.593972 2.827618 2.977507 2.772955 3.099650 3.902574 3.209782 2.873805 3.413465 3.981462 7.739292 309.795182 -7.144264
1 -22.948505 0.000000 0.000000 0.550593 55.525017 4.574290 404.471454 3.558994 3.061472 3.151855 3.263789 3.959444 2.968991 2.831657 2.815612 3.428651 1.532870 333.952238 -7.144264
1 -5293.162061 0.000000 0.000000 0.604292 21.696476 5.453379 313.116264 2.618937 3.325255 3.763085 2.826202 3.388481 3.445444 2.687064 3.104361 3.379833 12.574482 228.679216 -7.144264
1 -5365.288938 0.000000 0.000000 0.386867 62.725251 1.837274 319.412958 3.123173 2.810315 3.179068 3.890230 3.906274 3.356959 3.053335 3.300914 3.744703 5.375188 216.745676 -7.144264
1 -5075.489446 0.000000 0.000000 0.379760 44.680049 3.218409 264.869272 3.175481 3.614894 3.639088 3.309431 3.704527 2.727619 2.611441 3.430020 3.429870 10.956173 250.596098 -7.144264
1 -51.027305 0.000000 0.000000 0.699525 31.633949 2.346619 325.807011 2.755796 3.069433 3.499471 3.960019 3.901901 2.699951 3.504950 3.294509 3.055285 28.950850 187.030407 -7.144264
1 -16.688427 0.000000 0.000000 0.606669 41.211628 4.258775 385.088377 2.527979 3.069289 3.197634 3.124099 3.943791 2.928902 2.677221 2.801815 3.511220 1.258346 337.605402 -7.205956
1 -5296.797289 0.000000 0.000000 0.448098 55.594919 2.155661 251.590332 2.608509 3.546245 3.300420 3.549481 3.887557 3.455921 3.636866 3.461564 3.769043 14.106861 211.729575 -7.205956
1 -5190.396802 0.000000 0.000000 0.474424 16.398118 2.416554 149.687120 3.411868 3.888503 3.174937 3.553647 3.738564 3.569147 3.670682 3.826180 3.209431 10.019982 281.766035 -7.205956
1 -5383.883592 0.000000 0.000000 0.333386 26.288892 5.653517 146.567472 3.034620 3.738698 2.671091 3.194929 3.561493 3.221915 2.856195 3.109123 2.813285 10.053129 288.118455 -7.205956
1 -5164.203297 0.000000 0.000000 0.051528 23.290164 0.356050 97.916288 2.581121 3.987866 3.505204 3.614326 3.856804 3.362709 3.213594 2.867162 3.040445 14.848113 267.337953 -7.205956
1 -5098.264498 0.000000 0.000000 0.546250 34.259055 5.499283 327.309758 3.385192 2.938500 2.630829 3.459731 3.509383 3.356786 2.872452 3.943857 3.384591 2.864330 335.550848 -7.205956
1 -10304.333641 0.000000 0.000000 0.753317 41.793669 3.899924 385.134455 3.630500 3.182098 3.512342 3.595461 2.870953 3.030547 2.848927 3.362285 3.520410 22.488384 182.853740 -7.205956
1 -5147.602682 0.000000 0.000000 0.361337 54.459141 2.132939 282.274513 3.051734 3.989321 2.957591 3.927622 3.927684 3.367215 3.130581 3.236314 2.843351 5.489767 229.240116 -7.205956
1 -5094.247287 0.000000 0.000000 0.239508 29.504614 3.718599 247.133717 3.114341 3.627951 3.666571 3.514777 3.875003 2.702611 2.577797 3.453691 3.567879 6.233739 276.068374 -7.205956
1 -36.259907 0.000000 0.000000 0.720183 31.857545 2.606170 332.742163 2.780576 3.028474 3.439254 3.952014 3.883757 2.711246 3.500637 3.324692 3.048738 28.582525 190.124890 -7.205956
1 -59.189634 0.000000 0.000000 0.626499 53.626126 4.166932 422.960265 2.512739 2.979231 3.198402 3.166511 3.885917 2.860870 2.719208 3.959769 3.537179 1.692434 306.173795 -7.249473
1 -191.755880 0.000000 0.000000 0.395534 22.601910 1.179328 210.494155 3.672433 3.143016 3.694275 3.461171 3.968256 3.520897 3.246246 3.086401 3.860376 17.604977 221.161460 -7.249473
1 -5333.976853 0.000000 0.000000 0.798696 29.686682 4.556400 208.660047 2.650392 3.338822 3.309724 3.173703 3.989859 3.636911 3.626152 3.805337 3.093490 3.095355 339.143091 -7.249473
1 -5380.664677 0.000000 0.000000 0.133499 42.910382 4.780052 99.016378 3.171595 2.931199 2.794426 3.358175 3.797329 3.324240 2.740996 2.809149 2.944581 8.818766 296.230675 -7.249473
1 -5095.450809 0.000000 0.000000 0.748133 51.360188 1.358268 195.197892 2.600470 3.683551 3.419008 3.518772 2.953638 3.088325 3.253652 3.302417 2.886254 8.212381 282.624258 -7.249473
1 -55.672496 0.000000 0.000000 0.772236 39.664491 5.224782 373.407370 3.338860 2.876337 3.981446 3.585923 3.518597 2.967841 2.574212 3.802245 3.682391 4.040862 270.902094 -7.249473
1 -5112.363924 0.000000 0.000000 0.555440 25.660194 5.188906 173.865472 2.532188 3.458343 3.726041 3.489702 3.914334 3.004054 3.139212 2.844389 3.776533 6.705525 300.486922 -7.249473
1 -177.604522 0.000000 0.000000 0.482996 48.361371 0.703843 264.454891 2.979496 2.903480 3.043405 3.981844 3.861413 3.119320 3.003291 3.093504 2.902948 10.016918 194.020423 -7.249473
1 -5322.905704 0.000000 0.000000 0.422971 27.271736 5.649598 243.299106 3.005716 3.960095 3.595662 3.410415 3.883703 3.681404 3.172707 3.761130 3.515454 10.405910 266.031358 -7.249473
1 -14.758043 0.000000 0.000000 0.737269 30.153002 2.535561 334.675767 2.755924 3.050510 3.477772 3.957596 3.880081 2.683726 3.533993 3.303838 3.098734 28.449258 187.219681 -7.249473
1 -49.447713 0.000000 0.000000 0.631626 52.171420 4.148930 427.700800 3.695664 2.971603 3.198565 3.155335 3.928192 2.868437 2.723234 3.954911 3.535326 1.501274 307.088726 -7.293044
1 -172.359951 0.000000 0.000000 0.414278 21.570706 1.523445 208.378655 3.584115 3.196378 3.633998 3.430576 2.856828 3.550521 3.214254 3.049859 3.896743 16.999227 225.900730 -7.293044
1 -206.535652 0.000000 0.000000 0.491412 51.920211 0.769738 296.161528 3.044026 2.831666 3.118323 2.861761 3.928957 3.140526 2.952077 3.115104 2.906603 11.186237 176.696147 -7.293044
1 -5585.964955 0.000000 0.000000 0.284764 15.294385 5.098612 257.593208 3.374782 3.330966 3.704406 3.760658 2.915488 3.640313 3.411964 3.258605 3.581602 17.608097 247.037852 -7.293044
1 -5133.196177 0.000000 0.000000 0.157381 41.809914 0.365000 149.303205 3.656607 3.426021 3.294245 3.180677 3.250051 3.152254 3.240669 3.212046 3.840360 9.349758 258.598490 -7.293044
1 -197.273017 0.000000 0.000000 0.799108 20.665122 9.260971 356.212668 2.729859 2.913757 3.737320 3.288202 3.385935 2.596028 3.339780 3.671253 3.139156 25.584894 222.479981 -7.293044
1 -5438.540850 0.000000 0.000000 0.356435 53.128046 8.940000 232.326878 2.679170 3.648407 2.923971 3.444893 3.771824 2.729768 2.689311 2.905605 3.622048 14.484518 268.262670 -7.293044
1 -258.724027 0.000000 0.000000 0.482101 45.278779 1.060261 285.410958 3.064616 2.815888 3.161072 3.951698 3.900132 3.257912 3.027496 3.212626 2.977975 10.456283 194.306310 -7.293044
1 -5108.091619 0.000000 0.000000 0.408354 47.339015 7.772249 236.599704 2.784311 2.933455 3.330166 3.323771 3.984876 3.673569 3.476332 2.822341 3.737879 4.570444 317.239788 -7.293044
1 -78.048882 0.000000 0.000000 0.708571 32.668575 3.171962 349.554134 2.750699 3.067522 3.474944 3.966098 3.766955 2.708688 3.587406 3.306254 3.024403 28.009968 180.565107 -7.293044
1 -10128.845962 0.000000 0.000000 0.090377 6.973697 4.834979 379.417404 2.951008 3.954797 3.130729 3.213220 3.651272 3.045405 2.665682 3.504236 3.904063 25.957682 204.477648 -7.360191
1 -168.989499 0.000000 0.000000 0.335092 18.641402 1.414846 215.891317 3.490105 3.099922 3.760821 3.383004 2.888758 3.530115 3.134559 3.070817 3.934117 18.542262 219.506898 -7.360191
1 -237.713385 0.000000 0.000000 0.509374 48.827637 0.865092 279.294176 3.032525 3.925833 3.176368 2.864076 3.861150 3.054800 3.020583 3.095759 2.908545 11.847622 185.566799 -7.360191
1 -5152.899351 0.000000 0.000000 0.333412 37.294825 8.616310 423.855461 2.514924 3.158925 3.828464 3.395954 3.793341 3.146838 3.558454 2.811749 3.012599 24.974077 204.987335 -7.360191
1 -5129.438765 0.000000 0.000000 0.246716 39.450478 0.242064 120.095715 3.595888 3.210902 3.194541 3.292213 3.525172 3.072657 3.096443 3.417476 3.552312 8.026388 275.115836 -7.360191
1 -204.220786 0.000000 0.000000 0.796964 20.929776 9.216438 357.819536 2.730970 2.915112 3.724593 3.287486 3.382909 2.604547 3.342443 3.657612 3.138743 25.624477 221.268468 -7.360191
1 -5154.803719 0.000000 0.000000 0.211512 -8.343475 3.511831 215.590094 2.888515 3.934252 2.701453 3.369444 2.874223 2.994301 2.789220 3.771463 2.813809 20.559323 244.196212 -7.360191
1 -10218.033974 0.000000 0.000000 0.459394 52.152667 1.494976 309.400632 3.021949 3.984621 3.133031 3.931272 3.798924 3.255430 3.072360 3.279008 3.066919 10.956047 191.927324 -7.360191
1 -286.171082 0.000000 0.000000 0.381367 45.725027 7.435025 481.111055 2.615588 2.936208 2.668343 3.280848 3.246990 3.329561 3.439961 3.673540 3.623055 2.573932 290.667464 -7.360191
1 -67.230481 0.000000 0.000000 0.678822 34.706876 4.769247 345.624678 2.774546 3.152698 3.349340 2.843778 3.872990 2.790796 3.567441 3.209503 3.151461 27.135092 200.298099 -7.360191
1 -10196.244656 0.000000 0.000000 0.353647 15.782238 4.719024 424.053959 2.924943 3.621045 3.376151 3.098443 3.684836 2.629742 3.011969 3.485677 3.971090 26.318881 181.064969 -7.424866
1 -248.644015 0.000000 0.000000 0.452668 29.107798 1.232708 221.286207 3.499137 2.922125 3.846566 3.494838 3.062378 3.515874 3.332058 2.896778 2.858554 19.436837 216.245098 -7.424866
1 -224.729639 0.000000 0.000000 0.481382 46.947040 0.775235 267.442701 3.050634 3.971109 3.140371 2.945493 3.799628 3.072368 2.965744 3.125881 2.893385 10.809973 190.198194 -7.424866
1 -5082.485799 0.000000 0.000000 0.330095 32.237953 9.430512 463.265252 3.651090 3.117224 3.702461 3.488203 3.805804 3.311276 3.473624 3.977062 3.135190 21.884232 207.246880 -7.424866
1 -5163.451759 0.000000 0.000000 0.751161 40.890052 5.974568 58.280287 3.279222 3.915234 3.573823 3.628299 3.586782 2.590534 3.251510 3.106452 3.453461 5.348159 334.579651 -7.424866
1 -5309.544737 0.000000 0.000000 0.268923 29.788684 4.945176 303.217790 2.874143 3.926306 3.087545 3.337512 3.494073 3.026768 2.618501 3.847136 3.365749 26.829377 225.977319 -7.424866
1 -5135.241599 0.000000 0.000000 0.218159 -4.607273 1.825237 202.664816 2.795866 3.686281 2.553301 3.170278 2.827210 3.124652 3.107116 3.782381 2.934786 16.013903 237.345912 -7.424866
1 -217.287163 0.000000 0.000000 0.402177 43.969536 1.798226 282.625865 3.105982 3.988347 3.151814 2.828434 3.698017 3.226119 3.043308 3.350704 3.081695 13.753580 200.194496 -7.424866
1 -113.419066 0.000000 0.000000 0.369910 46.763537 7.278625 476.348584 2.638432 3.972654 2.664245 3.473400 3.247950 3.363767 3.449722 3.689640 3.621965 2.353410 291.416060 -7.424866
1 -4997.714899 0.000000 0.000000 0.614844 35.502794 3.429628 345.074435 2.879851 3.093000 3.267992 3.959504 3.891940 2.977343 3.498779 3.123970 3.157403 26.338926 193.727303 -7.424866
1 -5076.260246 0.000000 0.000000 0.419034 58.324613 3.788236 362.081397 2.867880 3.346070 3.094222 3.283146 3.597946 3.685791 3.268426 3.266577 3.949554 26.670268 200.968484 -7.469244
1 -292.474906 0.000000 0.000000 0.470143 53.315008 0.884004 238.007812 3.217900 2.816360 3.725547 3.907886 2.942896 3.466936 2.570572 2.820356 2.947704 11.911657 217.907550 -7.469244
1 -212.310967 0.000000 0.000000 0.422949 50.515105 1.424175 302.262548 2.944893 2.834827 3.005054 2.933504 3.648862 3.107323 2.976030 3.226861 2.990664 10.700912 190.521798 -7.469244
1 -5308.091909 0.000000 0.000000 0.364871 30.693824 8.827290 480.893236 3.159148 3.087460 3.519080 3.991342 3.768890 3.213448 3.338313 2.905320 3.529371 16.414330 207.560825 -7.469244
1 -5404.506756 0.000000 0.000000 0.001496 56.380351 6.429765 46.521034 3.329640 3.835431 3.616574 3.441556 3.696886 2.550261 3.137457 3.776040 3.657571 5.224968 336.976190 -7.469244
1 -152.044450 0.000000 0.000000 0.458762 28.136886 4.946566 337.219914 2.814708 2.956545 3.186413 3.121158 3.539118 2.814930 2.531855 3.726889 3.364496 28.671044 204.514052 -7.469244
1 -199.396229 0.000000 0.000000 0.160856 -17.522431 2.244480 248.544912 2.966118 3.761883 2.723593 3.360951 2.969592 3.039573 3.165783 3.776206 2.992605 15.329723 223.352100 -7.469244
1 -268.533822 0.000000 0.000000 0.415076 52.783689 1.010162 251.428644 3.178712 2.830495 3.078385 3.989278 3.690759 3.225285 3.064813 3.347959 3.039266 16.301413 201.347133 -7.469244
1 -142.715363 0.000000 0.000000 0.294099 44.308715 7.693368 479.535115 2.658866 2.859867 2.635767 3.340548 3.173379 3.405130 3.361357 3.861632 3.648582 2.554043 293.820781 -7.469244
1 -5061.562977 0.000000 0.000000 0.628081 42.480655 2.142490 206.240840 2.693740 3.895740 3.111098 3.899194 3.685620 2.710294 2.671179 2.967386 3.266886 22.607350 241.952058 -7.469244
1 -175.791567 0.000000 0.000000 0.384001 37.190993 3.798028 388.622320 2.822994 3.262830 2.802531 3.398306 3.501529 2.522781 3.358010 3.423877 3.915449 21.750304 172.161503 -7.501913
1 -234.778275 0.000000 0.000000 0.470844 47.138318 0.990136 252.873029 3.230267 2.870987 3.781564 3.930084 2.932112 3.455375 2.625122 3.997056 2.943389 11.187543 213.122180 -7.501913
1 -397.007761 0.000000 0.000000 0.258513 40.276928 2.792097 340.278722 2.647177 2.961168 2.563531 3.724676 3.464377 3.164457 3.132310 3.555303 3.063660 4.944530 233.948541 -7.501913
1 -5512.232659 0.000000 0.000000 0.444421 32.473258 8.304019 357.933619 3.134369 3.056176 3.598253 3.898407 3.272852 2.932016 3.177305 3.844504 3.683649 14.554536 237.348595 -7.501913
1 -5328.440495 0.000000 0.000000 0.028344 58.051481 0.104703 171.489587 3.163208 3.336972 2.738596 3.691335 3.490660 2.579314 2.898905 3.361915 3.908612 26.082318 215.260886 -7.501913
1 -180.902790 0.000000 0.000000 0.455900 25.111019 5.912511 351.011443 2.899759 2.927829 3.381016 3.253470 3.602008 2.961428 3.688056 3.608341 3.226997 27.914952 209.383216 -7.501913
1 -199.559237 0.000000 0.000000 0.159064 -17.502110 2.303431 250.541743 2.962307 3.769815 2.709742 3.356350 2.976798 3.028022 3.174260 3.783055 3.004290 15.385173 222.993591 -7.501913
1 -183.332479 0.000000 0.000000 0.483970 26.815471 4.403756 346.105332 3.372365 3.014942 2.541317 3.753349 3.542548 2.779487 3.507016 3.235303 3.048390 10.469350 218.094221 -7.501913
1 -295.979628 0.000000 0.000000 0.291840 44.235429 7.775743 483.718413 2.671821 2.866941 2.646408 3.370937 3.182682 3.414115 3.365348 3.827693 3.649964 2.173505 292.985955 -7.501913
1 -5284.733832 0.000000 0.000000 0.702030 36.411719 0.274878 222.532026 2.676563 3.965180 3.168372 2.978109 3.659762 2.810821 2.554702 3.985649 2.949932 26.580505 207.354265 -7.501913
1 -167.254871 0.000000 0.000000 0.421240 33.759572 4.535089 405.234126 2.792149 3.186985 2.870785 3.468533 3.471692 2.559606 3.451336 3.425759 3.887316 19.179414 178.453806 -7.540471
1 -204.995263 0.000000 0.000000 0.461861 54.680215 1.056695 288.637960 3.137164 2.891407 3.737650 3.927932 2.873917 3.624312 2.692323 3.982964 3.956882 5.829015 207.792932 -7.540471
1 -204.751141 0.000000 0.000000 0.390175 49.804504 1.394604 295.502200 2.557893 2.882846 2.717417 3.594062 3.541084 3.363152 3.133830 3.509494 3.007987 8.403874 197.757343 -7.540471
1 -5051.742937 0.000000 0.000000 0.588751 32.782325 2.244431 227.408535 2.844122 3.333507 3.470987 3.997279 3.499108 3.075592 3.318908 3.660298 3.533454 17.161825 238.228858 -7.540471
1 -5329.900589 0.000000 0.000000 0.026809 57.849582 0.108164 171.424379 3.162681 3.336111 2.733698 3.689623 3.490334 2.577977 2.900318 3.365553 3.904894 26.077409 215.403095 -7.540471
1 -125.929409 0.000000 0.000000 0.455195 24.619084 5.937800 354.783830 2.910409 2.942378 3.377888 3.242363 3.605447 2.957735 3.678970 3.620174 3.228613 27.884535 208.476243 -7.540471
1 -194.595252 0.000000 0.000000 0.155430 -14.374783 2.290086 247.029602 2.954290 3.769869 2.713919 3.362472 2.972349 3.034612 3.179073 3.796111 3.013539 15.233182 226.126923 -7.540471
1 -322.414366 0.000000 0.000000 0.471070 29.290131 4.870884 359.035496 3.469443 3.045652 2.641505 3.791588 3.442053 2.822318 3.459708 3.170998 3.133141 9.916688 222.211167 -7.540471
1 -5165.800955 0.000000 0.000000 0.279953 43.829790 7.805972 476.031697 2.636850 2.840863 2.699432 3.355661 3.168506 3.435036 3.325914 3.869856 3.653272 1.925819 298.219889 -7.540471
1 -5131.587745 0.000000 0.000000 0.222768 24.343129 0.061965 160.779034 3.253826 3.537071 3.111930 3.785799 3.324098 2.848820 3.698361 3.178776 3.230711 13.987515 233.203154 -7.540471
1 -5262.285104 0.000000 0.000000 0.486848 33.991561 1.597926 281.806862 3.432902 3.294919 2.553584 2.886751 3.389444 2.976817 3.012461 3.912174 3.256628 22.003758 194.780624 -7.589383
1 -215.924291 0.000000 0.000000 0.518656 55.481764 0.949975 276.817764 3.158149 2.814126 3.577264 3.933274 2.860129 3.641539 2.645787 3.909780 3.952608 5.086096 222.949111 -7.589383
1 -188.292718 0.000000 0.000000 0.519147 39.443098 0.943378 251.417021 2.543898 3.871425 2.988242 3.116749 3.375137 2.791971 3.319549 3.190979 3.544153 8.209716 218.656582 -7.589383
1 -5047.951742 0.000000 0.000000 0.792945 33.732045 2.571966 231.311366 3.634325 3.134517 2.627483 3.086711 3.489114 2.996237 2.745913 3.185704 3.491067 27.645314 241.350816 -7.589383
1 -5335.879374 0.000000 0.000000 0.068575 74.058832 8.543317 135.158446 3.052673 3.532368 2.623414 3.809669 3.525015 2.559539 2.930581 3.361073 3.742947 23.806511 241.775955 -7.589383
1 -110.929587 0.000000 0.000000 0.481016 27.363065 6.183955 360.370012 2.899101 2.853942 3.318785 3.219402 3.570042 3.044333 3.580312 3.697187 3.360072 27.447142 208.874326 -7.589383
1 -5151.483859 0.000000 0.000000 0.038222 -20.790384 2.884097 265.293007 3.084246 3.783717 3.968290 3.140392 2.995323 2.881253 3.428242 3.896270 2.816865 16.526862 221.327086 -7.589383
1 -227.569553 0.000000 0.000000 0.482712 31.462060 4.595859 375.119269 3.480258 3.042216 2.561761 3.808035 3.366151 2.871153 3.425139 3.155967 3.128298 8.634388 215.284734 -7.589383
1 -5112.629276 0.000000 0.000000 0.439731 71.809565 7.569961 407.990291 3.643219 3.963073 3.653569 3.518983 3.396161 3.059967 3.427329 2.832020 3.583160 4.160053 290.446591 -7.589383
1 -151.898875 0.000000 0.000000 0.228127 23.584975 0.327839 168.298728 3.233505 3.518925 3.094478 3.791629 3.321676 2.864480 2.523039 3.180854 3.225266 13.668396 234.953787 -7.589383
1 -187.861536 0.000000 0.000000 0.480902 29.546362 1.167583 264.098912 3.384896 3.314128 2.538657 2.883650 3.392838 2.958276 2.975348 3.985521 3.200587 22.093498 193.156022 -7.629601
1 -174.184636 0.000000 0.000000 0.399371 48.713625 1.682981 308.777526 3.073670 2.857623 3.649796 3.892072 2.959131 2.737843 2.594924 3.777378 2.850835 6.543762 202.945145 -7.629601
1 -186.671963 0.000000 0.000000 0.541002 37.407939 0.743466 256.561844 2.577387 3.867405 3.239087 3.152236 3.211627 2.992893 2.995298 3.359294 3.718011 6.830288 214.043924 -7.629601
1 -5317.390644 0.000000 0.000000 0.292076 17.404468 3.537021 258.547070 2.704882 3.127761 2.708078 3.910758 3.366317 2.833921 2.983675 2.874577 3.474535 2.536004 321.211811 -7.629601
1 -5336.054491 0.000000 0.000000 0.060868 75.166931 8.533375 138.382497 3.067388 3.524461 2.618891 3.814242 3.519622 2.553497 2.932670 3.355177 3.749429 23.985178 241.445980 -7.629601
1 -89.298557 0.000000 0.000000 0.396127 30.381093 4.806421 372.708794 2.880814 2.851921 3.219118 3.117358 3.396843 3.083824 2.513757 3.750054 3.210453 26.639416 197.412998 -7.629601
1 -5160.947464 0.000000 0.000000 0.100237 -20.666081 3.155090 270.898220 3.144198 3.702817 3.874107 3.053355 3.016414 2.884301 3.453855 3.908725 2.833459 18.723109 220.596122 -7.629601
1 -151.382486 0.000000 0.000000 0.494525 28.747725 4.460505 372.974450 3.514651 3.051385 2.539697 3.727732 3.343543 2.868222 3.429881 3.201831 3.109853 9.411330 213.914344 -7.629601
1 -5300.193579 0.000000 0.000000 0.585958 67.998636 5.451014 407.952010 3.480077 3.975215 3.420070 3.643300 3.518591 3.129771 3.423836 2.971986 3.380430 2.467594 261.055245 -7.629601
1 -154.229702 0.000000 0.000000 0.217448 26.089123 0.562791 167.408361 3.246789 3.520235 3.082809 3.827912 3.327240 2.863976 2.518249 3.176942 3.242404 13.677908 236.137285 -7.629601
1 -164.996549 0.000000 0.000000 0.498371 35.326002 1.308215 285.513961 3.452537 3.223971 2.567202 2.914978 3.354255 2.935442 2.963481 2.862298 3.169909 21.877960 190.189351 -7.650519
1 -359.676937 0.000000 0.000000 0.458194 48.204917 2.086035 279.961417 3.004127 2.861777 3.529026 3.800030 2.896787 2.634030 2.672530 3.748583 2.821112 9.504604 221.025428 -7.650519
1 -106.128633 0.000000 0.000000 0.524312 34.416228 0.915364 301.593319 3.638642 3.849451 3.191007 3.142038 3.250046 3.033427 2.861960 3.287255 3.607596 6.770472 182.229579 -7.650519
1 -148.993847 0.000000 0.000000 0.219863 18.234503 2.463970 223.829228 2.718848 2.925409 2.650125 3.862669 3.370388 3.048350 3.137289 2.954488 3.427977 2.410387 329.342577 -7.650519
1 -5374.557132 0.000000 0.000000 0.623286 52.472587 8.882104 355.921499 3.248687 3.540553 2.612948 2.821677 3.243178 2.632454 3.148756 3.010599 3.846006 19.415630 214.253990 -7.650519
1 -274.896127 0.000000 0.000000 0.496206 25.453049 5.097644 359.812281 3.692040 3.497910 2.848324 3.952909 3.509496 3.144763 2.746324 3.503642 3.723802 26.570635 202.414611 -7.650519
1 -5165.729921 0.000000 0.000000 0.113282 -21.542889 3.000145 268.420841 3.174961 3.748667 3.874883 2.985348 3.015631 2.928104 3.486101 3.850860 2.870453 18.835059 220.717753 -7.650519
1 -276.751230 0.000000 0.000000 0.469619 4.286358 4.596931 339.898118 3.433735 3.166699 3.979786 3.585332 3.338537 2.986575 3.392628 3.073882 3.209577 4.503380 242.334864 -7.650519
1 -7.167204 0.000000 0.000000 0.471767 45.126253 4.017914 385.801565 3.376893 2.910103 3.631329 3.980528 3.493499 3.202885 3.250005 2.937977 3.126098 1.720619 297.489426 -7.650519
1 -155.733094 0.000000 0.000000 0.204264 28.998993 0.199075 164.854184 3.284314 3.515853 3.106911 3.783665 3.312919 2.845517 2.522294 3.199129 3.225061 12.909723 235.949568 -7.650519
1 -178.155838 0.000000 0.000000 0.435067 42.901714 1.308084 280.698654 3.432985 3.269641 2.576484 2.893144 3.350687 3.055003 2.995617 2.960108 3.202280 19.571496 186.376611 -7.677498
1 -5122.809077 0.000000 0.000000 0.440124 16.155947 4.570487 303.077849 3.166667 2.895207 3.679660 3.840059 3.362803 3.668188 3.033299 3.990666 3.883307 15.189480 218.615870 -7.677498
1 -108.195902 0.000000 0.000000 0.546345 36.462422 0.850309 305.586363 3.670846 3.849638 3.194945 3.132703 3.229669 3.005162 2.842074 3.301675 3.560106 6.979799 175.808636 -7.677498
1 -124.579132 0.000000 0.000000 0.144983 9.163325 2.706428 219.898239 2.707654 2.924016 2.892800 2.909694 3.347561 3.087485 3.223059 3.015565 3.554129 2.403884 335.150071 -7.677498
1 -54.309974 0.000000 0.000000 0.592212 45.356742 2.338691 348.168373 3.263671 3.258858 2.806899 2.961776 3.395243 2.892611 3.037336 2.952127 2.995957 3.482425 234.935311 -7.677498
1 -5024.214387 0.000000 0.000000 0.335889 38.959585 3.006377 340.811254 2.549976 3.426572 2.705602 3.718645 3.707230 3.449001 2.652581 3.074693 3.716084 25.105475 188.636764 -7.677498
1 -125.451802 0.000000 0.000000 0.200981 16.538749 2.263749 221.743472 2.646373 2.942578 2.589191 3.927986 3.358979 3.056582 3.081004 2.946617 3.433777 2.965056 330.378156 -7.677498
1 -5124.428166 0.000000 0.000000 0.308085 -8.088710 4.719575 286.278666 3.191341 3.006730 3.917441 3.991499 3.324517 3.088227 3.444705 3.110133 3.440518 4.452233 282.584266 -7.677498
1 -79.214242 0.000000 0.000000 0.468009 46.818066 4.358080 386.102356 3.330736 2.823781 3.628385 2.835112 3.486158 3.217520 3.251596 3.001687 3.074386 2.162430 300.378586 -7.677498
1 -166.358406 0.000000 0.000000 0.162577 18.600935 0.562324 145.234200 3.241353 3.352876 3.243727 3.911943 3.254017 2.784001 2.608539 3.214927 3.185465 9.324799 260.375171 -7.677498
1 -179.521483 0.000000 0.000000 0.427754 41.762841 1.293391 277.457467 3.410259 3.257176 2.671798 2.889095 3.351267 3.051529 3.000287 2.951549 3.200586 19.418360 188.259941 -7.697631
1 -5368.255889 0.000000 0.000000 0.236968 33.234593 3.072548 247.283706 2.612006 2.962237 3.974041 2.834774 3.343130 3.038885 3.135661 2.928189 3.420781 2.261636 325.869004 -7.697631
1 -109.782438 0.000000 0.000000 0.659552 33.726522 1.562766 314.395899 2.556397 3.779335 3.461102 3.280638 3.210709 3.139337 2.834124 3.434033 3.551230 7.083764 193.591132 -7.697631
1 -143.293283 0.000000 0.000000 0.128659 5.401430 2.485552 230.086439 2.696155 2.905890 2.903459 2.911706 3.359505 3.117681 3.220629 3.034679 3.578268 2.273112 333.071629 -7.697631
1 -29.834405 0.000000 0.000000 0.615629 43.671010 2.562618 359.747259 3.294830 3.183158 2.904279 2.954332 3.419173 2.875929 3.080574 2.959946 2.954334 3.003128 243.674549 -7.697631
1 -5294.416884 0.000000 0.000000 0.280172 67.395470 3.501074 389.195440 2.751708 3.156737 2.906234 3.826253 3.041933 2.873389 2.981494 2.931321 3.176600 5.468355 198.351178 -7.697631
1 -124.586269 0.000000 0.000000 0.266288 17.533133 1.551188 208.577465 2.649910 3.076135 3.776259 3.947803 3.363486 2.985937 2.944580 2.931606 3.422049 3.334700 300.411725 -7.697631
1 -358.883160 0.000000 0.000000 0.472268 1.704078 4.954658 364.396320 2.944378 3.118432 2.628963 3.714997 3.312830 3.222351 3.540495 3.188944 3.529372 3.604185 253.375539 -7.697631
1 -119.977494 0.000000 0.000000 0.460551 58.987948 4.624933 400.308677 3.313436 2.816137 3.744816 3.789322 3.423876 3.096800 3.335610 3.047256 3.062618 1.685647 328.096604 -7.697631
1 -162.626350 0.000000 0.000000 0.175428 21.299245 0.131466 151.050002 3.276149 3.405161 3.210014 3.907717 3.261257 2.792547 2.644846 3.261603 3.205073 8.975714 249.391028 -7.697631
1 -224.388593 0.000000 0.000000 0.428725 41.155727 1.331470 278.741433 3.423484 3.259228 2.658474 2.888714 3.353312 3.054151 3.008708 2.960151 3.194963 19.523637 187.482995 -7.734362
1 -168.461720 0.000000 0.000000 0.113054 58.856814 1.499938 211.532363 2.886076 2.914528 3.643613 2.812992 3.358304 3.158293 3.531156 2.944892 3.060930 6.754357 258.156416 -7.734362
1 -128.968357 0.000000 0.000000 0.576237 30.105917 0.737599 196.750627 2.591818 3.489186 3.773764 3.122811 3.789851 2.803297 2.743438 3.389392 3.689083 3.089737 313.017439 -7.734362
1 -126.736290 0.000000 0.000000 0.120641 8.976829 2.438857 202.945888 2.692883 2.889329 2.871288 3.047433 3.299297 3.108251 3.194014 3.058880 3.587162 2.468534 339.020510 -7.734362
1 -5.834544 0.000000 0.000000 0.657026 47.741814 2.169349 350.299580 3.367783 3.391324 2.984244 2.940486 3.482248 2.690683 3.104981 3.037916 2.939752 2.694598 249.493403 -7.734362
1 -5152.009511 0.000000 0.000000 0.275809 34.128953 9.127908 445.986482 2.709006 2.932979 2.836378 3.599079 3.784462 2.948080 3.273788 3.218007 2.837640 14.357102 209.285603 -7.734362
1 -10119.926177 0.000000 0.000000 0.303098 58.100473 2.144921 285.626760 2.781599 2.897657 3.562209 3.699224 3.228753 3.001555 2.898253 2.824842 3.402331 4.571204 287.482910 -7.734362
1 -331.219738 0.000000 0.000000 0.468968 0.608774 4.853880 370.300850 2.929812 3.125863 2.614987 3.678678 3.321911 3.194576 3.546439 3.147324 3.585549 3.834906 253.484990 -7.734362
1 -165.608487 0.000000 0.000000 0.425991 61.982907 4.682047 398.115126 3.272179 3.992957 3.848283 3.888725 3.395983 3.114525 3.320140 3.019880 3.064503 1.740003 332.025399 -7.734362
1 -5286.513209 0.000000 0.000000 0.145219 18.036008 0.356430 156.153047 3.233712 3.373341 3.200267 3.944404 3.252246 2.811300 2.666445 3.269288 3.224753 8.828535 252.131329 -7.734362
1 -5253.712355 0.000000 0.000000 0.450746 57.442742 1.328617 281.350591 3.333848 3.152409 2.703889 2.949225 3.168295 3.062548 2.925410 2.910089 3.261226 24.604373 183.773095 -7.771806
1 -177.891342 0.000000 0.000000 0.118726 68.913300 1.642346 211.705793 2.883520 2.879952 3.639547 2.827733 3.358350 3.152104 3.586412 2.945493 3.070433 7.087326 260.876191 -7.771806
1 -242.095239 0.000000 0.000000 0.600818 35.345457 1.183522 203.631519 2.571652 3.411292 3.662746 3.166950 3.736233 2.760714 2.786239 3.429097 3.613587 3.870844 298.325279 -7.771806
1 -129.314857 0.000000 0.000000 0.094863 7.836237 2.588690 202.401792 2.691476 2.916732 2.869002 3.043471 3.297921 3.098007 3.177002 3.046277 3.593472 2.625119 338.249579 -7.771806
1 -31.167919 0.000000 0.000000 0.610732 47.706249 2.240776 360.126036 3.344240 3.290679 3.041251 2.885537 3.277916 2.568356 3.025964 2.936719 2.865704 1.835345 271.172664 -7.771806
1 -5552.679626 0.000000 0.000000 0.208763 19.885993 9.537764 438.503204 2.739448 2.982993 2.839716 3.628678 3.575589 2.977634 3.166977 3.214008 2.901562 12.667327 236.388834 -7.771806
1 -10386.733394 0.000000 0.000000 0.236940 -84.913971 7.834899 86.305038 3.588152 3.111186 3.732871 3.634477 3.779070 3.236646 2.855217 3.085583 3.497205 4.335896 310.808275 -7.771806
1 -332.679148 0.000000 0.000000 0.473778 0.844194 5.112646 378.128975 2.947317 3.109921 2.649623 3.676538 3.322907 3.204291 3.570195 3.141425 3.557566 3.682770 255.885419 -7.771806
1 -116.456499 0.000000 0.000000 0.480271 77.474917 5.243845 410.532301 3.206137 2.823741 3.831056 3.890568 3.330877 3.134149 3.259546 2.859101 2.924447 1.560102 341.925187 -7.771806
1 -261.159013 0.000000 0.000000 0.250387 12.068566 0.099124 168.840515 3.373095 3.461706 2.888704 3.945326 3.250154 2.769167 3.671022 3.281981 3.296982 13.092729 229.650352 -7.771806
1 -179.650892 0.000000 0.000000 0.430929 31.612455 1.429937 262.712377 3.516791 3.512806 2.708047 3.002456 3.172721 2.944431 2.833518 2.984598 3.252405 26.132634 196.869945 -7.790931
1 -174.271414 0.000000 0.000000 0.139361 64.611833 1.264762 210.886701 2.959916 2.916817 3.624779 2.866367 3.340565 3.097781 3.653340 2.926151 3.052801 8.243963 242.682251 -7.790931
1 -204.525145 0.000000 0.000000 0.640102 38.853513 0.964003 200.117435 2.588153 3.482014 3.609180 3.285766 3.737315 2.794707 2.820193 3.474011 3.609396 4.119559 292.386867 -7.790931
1 -130.920607 0.000000 0.000000 0.101744 6.876114 2.520180 193.666230 2.670418 2.937399 2.860049 3.018525 3.307767 3.085248 3.165008 3.063159 3.610863 2.789631 335.853965 -7.790931
1 -29.199799 0.000000 0.000000 0.596838 46.287101 1.733360 342.364998 3.358275 3.233610 2.929807 2.901576 3.238176 2.519136 2.983931 2.912514 2.985644 1.533405 277.621610 -7.790931
1 -5318.719703 0.000000 0.000000 0.031704 -30.388001 7.414675 473.066971 3.187178 3.176323 2.785310 3.672226 3.662535 2.820186 3.520062 3.235833 3.590988 1.604203 326.493214 -7.790931
1 -5048.732742 0.000000 0.000000 0.608130 36.410873 4.129410 415.248356 2.701747 3.009109 2.791010 3.034698 2.851014 3.653603 3.523643 3.199484 3.409095 5.521186 195.660577 -7.790931
1 -278.534017 0.000000 0.000000 0.469214 1.152202 5.205867 363.800117 2.934498 3.113643 2.637258 3.686981 3.309584 3.202626 3.579535 3.125252 3.558425 3.518344 255.643789 -7.790931
1 -99.142603 0.000000 0.000000 0.469066 75.400445 5.234172 408.637231 3.221500 2.843846 3.831535 3.988594 3.331229 3.197838 3.328975 2.809146 2.900748 1.624326 342.942886 -7.790931
1 -158.646443 0.000000 0.000000 0.254940 11.696110 0.222402 175.277417 3.381355 3.455838 2.853881 3.952479 3.243741 2.762040 3.667204 3.273234 3.283708 12.440274 233.661396 -7.790931
1 -5029.061087 0.000000 0.000000 0.592765 29.628592 1.989291 306.544795 3.593947 3.463602 2.546488 3.843968 3.122985 2.749617 2.944475 3.947657 3.082428 18.444405 198.460548 -7.826047
1 -5287.161061 0.000000 0.000000 0.105435 58.655224 1.927007 241.237335 3.032719 2.928121 3.623096 2.935697 3.233541 3.069626 3.662393 2.803943 3.015711 7.273588 244.654582 -7.826047
1 -130.058544 0.000000 0.000000 0.615087 32.370906 1.410273 186.503951 2.645782 3.250682 3.452546 3.301036 3.604498 2.816222 2.795950 3.361126 3.535794 3.595472 301.201909 -7.826047
1 -129.557995 0.000000 0.000000 0.047932 19.378140 2.989444 232.598169 2.751437 2.814033 3.051894 3.067832 3.226228 3.071895 3.204824 2.894203 3.389008 2.165515 344.412249 -7.826047
1 -94.928549 0.000000 0.000000 0.434081 38.894259 3.353398 348.412608 2.685953 3.102872 3.623368 3.083259 3.209329 2.517329 3.089685 2.882636 2.886718 2.899593 270.185821 -7.826047
1 -5393.033640 0.000000 0.000000 0.712666 -83.723492 7.217676 44.850674 3.667915 3.846372 3.984241 3.540604 3.342878 3.583318 3.266524 3.308377 3.276728 9.924669 251.176949 -7.826047
1 -5065.939733 0.000000 0.000000 0.701725 55.566453 1.321669 287.456454 2.827124 2.980469 3.866087 2.875874 3.798642 3.212036 3.507964 3.582435 3.410004 8.965830 235.326316 -7.826047
1 -191.119344 0.000000 0.000000 0.460346 -3.051906 5.322728 373.705313 2.913085 3.122759 2.571340 3.683351 3.317607 3.199817 3.574743 3.136678 3.535210 3.247851 261.350626 -7.826047
1 -292.644650 0.000000 0.000000 0.469174 74.912765 5.232454 407.437525 3.220500 2.846609 3.833292 3.993428 3.333406 3.198080 3.309966 2.808756 2.904006 1.570889 343.296983 -7.826047
1 -220.338823 0.000000 0.000000 0.274339 13.226149 0.061700 171.169262 3.334460 3.514706 2.866291 3.966319 3.235416 2.776863 2.538762 3.340455 3.265949 14.262322 227.536186 -7.826047
1 -167.559211 0.000000 0.000000 0.659078 28.207983 2.492569 321.750156 3.617641 3.522344 2.511837 3.844758 3.087065 2.731112 2.935674 3.957864 3.020061 17.651741 197.960132 -7.861864
1 -207.078427 0.000000 0.000000 0.453431 -7.733858 5.385182 370.023620 2.913479 3.132859 3.992654 3.660719 3.332061 3.207229 3.589220 3.134043 3.530525 3.164030 263.061966 -7.861864
1 -132.175666 0.000000 0.000000 0.654337 19.064934 2.365028 188.636321 2.593319 3.207861 3.452230 3.358381 3.538009 2.860306 2.752755 3.251511 3.525523 3.088519 320.340115 -7.861864
1 -88.823714 0.000000 0.000000 0.030400 28.236903 2.286775 218.951839 2.675321 2.841143 3.045678 3.040981 3.258365 2.956271 3.078714 2.843114 3.389837 2.067023 347.926563 -7.861864
1 -5024.964296 0.000000 0.000000 0.401599 56.152716 3.970053 445.311527 2.940140 3.012679 2.539798 3.084008 2.990986 2.820360 3.188656 3.107642 2.841776 1.063462 296.245416 -7.861864
1 -5427.999290 0.000000 0.000000 0.717254 -83.152093 7.233817 46.204153 3.677634 3.846088 3.977847 3.551530 3.342656 3.587940 3.272257 3.311569 3.276274 9.951190 250.154486 -7.861864
1 -5041.239249 0.000000 0.000000 0.772412 49.134933 0.816142 294.066916 2.780588 3.027169 3.879588 3.038533 3.895687 3.229422 3.441573 3.411325 3.485215 9.830811 215.739068 -7.861864
1 -333.585558 0.000000 0.000000 0.462509 -3.177967 5.297707 372.988610 2.925590 3.135201 2.541317 3.670791 3.318783 3.174161 3.565558 3.182818 3.542330 3.572358 259.046880 -7.861864
1 -5050.213130 0.000000 0.000000 0.659189 55.729141 6.738722 403.876552 3.407778 2.922387 2.550807 2.946030 3.006443 3.143476 3.689396 3.930541 2.974566 3.179990 309.845804 -7.861864
1 -160.946322 0.000000 0.000000 0.198239 22.043122 0.246935 155.986615 3.387615 3.479660 2.926286 3.987662 3.240918 2.748638 2.655584 3.239040 3.319767 15.179733 236.662376 -7.861864
1 -109.782336 0.000000 0.000000 0.660310 29.770508 2.040108 317.916768 3.677100 3.491426 2.562728 3.887798 2.953582 2.842231 2.979112 3.932275 3.098966 19.030929 191.074351 -7.872234
1 -275.711701 0.000000 0.000000 0.456561 -6.133014 5.336295 368.605950 2.908628 3.132513 2.507841 3.661752 3.338119 3.201458 3.571805 3.141934 3.521084 3.280020 263.049338 -7.872234
1 -221.666377 0.000000 0.000000 0.651438 -20.231099 2.397447 114.265641 2.767757 3.177783 3.494141 3.284795 3.481228 2.933316 2.690116 3.160183 3.503608 3.792284 327.618614 -7.872234
1 -88.528559 0.000000 0.000000 0.040104 32.014709 2.096730 213.198065 2.685070 2.818425 3.056289 3.026273 3.250138 2.903116 3.072639 2.871404 3.372705 2.185158 342.499782 -7.872234
1 -28.437739 0.000000 0.000000 0.321516 56.052847 4.775219 498.338328 3.132891 3.025481 2.720591 2.909911 2.919665 2.853524 3.219729 3.074804 3.938235 1.156198 268.121390 -7.872234
1 -5180.347023 0.000000 0.000000 0.537493 0.504002 8.728760 305.407226 3.046659 3.688155 2.546874 3.799680 2.980605 3.306132 3.433343 3.193090 3.928590 5.107597 300.421505 -7.872234
1 -58.072040 0.000000 0.000000 0.799868 46.345715 0.204455 295.482288 3.021812 3.375668 3.877456 2.921070 3.966868 3.293772 3.051238 3.187612 3.023493 18.876174 174.327179 -7.872234
1 -282.813304 0.000000 0.000000 0.430435 -2.509651 5.665869 384.258367 2.856258 3.116622 2.517474 3.616878 3.343602 3.171773 3.529009 3.169838 3.564203 2.775278 271.457054 -7.872234
1 -46.406211 0.000000 0.000000 0.608465 45.115809 5.987117 400.865373 3.177210 2.891445 2.785610 3.129927 2.821929 3.057930 3.475130 3.616426 3.452980 2.732367 295.551704 -7.872234
1 -160.515915 0.000000 0.000000 0.175509 33.565215 0.091983 169.788273 3.430573 3.447813 2.896651 3.974655 3.207348 2.715712 2.691877 3.260877 3.326965 16.084528 229.818066 -7.872234
1 -5315.796264 0.000000 0.000000 0.041224 14.929728 0.710417 168.611525 3.567270 3.593159 3.038317 3.419814 3.069032 2.595944 3.394710 3.943175 3.499493 19.285548 233.013274 -7.890223
1 -267.508356 0.000000 0.000000 0.449248 -6.736042 5.350974 370.916136 2.916765 3.131018 2.512252 3.665710 3.326161 3.203571 3.588752 3.155201 3.520470 3.347165 263.058169 -7.890223
1 -94.079354 0.000000 0.000000 0.560602 52.507170 2.149621 304.355630 3.098110 3.122755 3.678427 3.657527 2.994346 2.538778 3.539786 3.140226 2.851993 1.960299 316.100786 -7.890223
1 -128.569899 0.000000 0.000000 0.046509 33.146686 2.077609 216.157421 2.662942 2.810909 3.099614 2.989239 3.282219 2.924227 3.082650 2.848326 3.368275 2.135697 341.637381 -7.890223
1 -64.208163 0.000000 0.000000 0.369219 62.300704 4.573782 498.546285 3.221986 3.036358 2.807991 2.937157 2.883475 2.818691 3.297335 3.144343 3.916040 1.225665 260.549953 -7.890223
1 -217.258082 0.000000 0.000000 0.576931 17.747187 1.707303 218.940936 3.146340 2.853156 3.886216 3.508833 2.844120 3.167988 2.599401 3.043924 2.807415 4.002863 280.539854 -7.890223
1 -57.724220 0.000000 0.000000 0.797653 46.956302 0.402205 298.717080 2.980160 3.355355 3.857826 2.891185 3.994946 3.288458 3.049556 3.176831 3.070171 18.492442 179.000579 -7.890223
1 -5127.011454 0.000000 0.000000 0.421324 57.677741 7.440459 377.934696 2.758616 3.165790 2.504009 3.530449 3.215218 3.006507 3.555004 3.937736 3.530587 4.970156 286.193301 -7.890223
1 -55.412551 0.000000 0.000000 0.650219 37.548512 7.178326 459.729051 3.108627 2.862897 3.203954 3.268508 3.047270 2.966530 3.411041 3.629396 3.586350 2.398973 299.783900 -7.890223
1 -235.808007 0.000000 0.000000 0.177041 31.529660 0.257518 175.053930 3.450513 3.435662 2.931813 3.974126 3.212063 2.701602 2.701980 3.266030 3.369961 15.640167 225.004878 -7.890223
1 -160.842466 0.000000 0.000000 0.608508 -2.378115 0.637765 145.522295 3.690600 3.789723 2.693534 3.834690 3.285890 2.527441 3.422123 2.864615 3.589848 19.897820 235.241172 -7.908652
1 -5360.745403 0.000000 0.000000 0.449911 -7.974500 5.274317 364.940332 2.913714 3.120259 2.524485 3.666338 3.318710 3.227460 3.548861 3.146732 3.508925 3.472343 261.311654 -7.908652
1 -82.230453 0.000000 0.000000 0.541127 46.073009 2.112474 305.150075 3.292590 3.263122 3.667907 3.640081 3.035815 2.563933 3.571576 3.167344 2.939255 1.599335 326.581476 -7.908652
1 -204.417744 0.000000 0.000000 0.093633 15.169090 1.792647 228.318643 2.679733 2.841727 3.167653 2.968916 3.415677 2.864265 3.093099 2.810917 3.444329 1.588385 346.038090 -7.908652
1 -5225.523346 0.000000 0.000000 0.524096 -10.824556 1.503090 113.393170 3.414551 2.840298 3.946629 2.892045 3.502877 3.497260 3.158204 3.588949 3.520361 15.987006 263.932860 -7.908652
1 -127.662456 0.000000 0.000000 0.597011 24.325865 1.375834 208.380728 3.128681 2.834133 3.967101 3.433687 2.807477 3.168446 2.577921 2.989496 3.940651 4.504666 279.204020 -7.908652
1 -150.211914 0.000000 0.000000 0.764611 36.298069 0.427074 274.285132 2.954928 3.328680 3.873303 2.921333 2.957129 3.274033 3.017321 3.099804 3.015281 18.411471 194.424954 -7.908652
1 -145.832482 0.000000 0.000000 0.785441 43.284446 0.199080 286.285403 2.940432 3.344040 3.805236 2.934739 2.836145 3.325465 3.104670 3.105269 3.051515 17.695441 181.032688 -7.908652
1 8.481123 0.000000 0.000000 0.614396 40.682267 7.590211 499.354078 3.140952 2.832410 3.155495 3.249767 3.015070 2.885088 3.435945 3.600254 3.572714 1.641246 300.926550 -7.908652
1 -172.725444 0.000000 0.000000 0.150852 29.224299 1.656064 255.107336 3.330664 3.227094 2.809964 3.864410 3.196676 2.548782 2.890827 3.140027 3.391881 12.134131 221.887387 -7.908652
1 -154.728395 0.000000 0.000000 0.584702 1.060070 1.000782 156.108894 3.624654 3.715427 2.506801 3.826358 3.247113 3.689790 3.504427 2.829877 3.590886 20.086161 235.486291 -7.934724
1 -10253.874779 0.000000 0.000000 0.279881 -1.326441 3.941346 330.682539 3.179101 3.119091 3.913323 3.806696 3.435713 2.927278 3.288376 3.127759 3.701957 7.715199 217.681266 -7.934724
1 2.611759 0.000000 0.000000 0.715822 44.692360 4.080166 402.183671 3.163195 3.272195 3.625468 3.783403 2.848635 3.650881 3.662923 3.377471 2.864388 1.423154 308.267494 -7.934724
1 -182.374447 0.000000 0.000000 0.132645 13.777421 1.785034 228.652225 2.668981 3.992378 3.276290 2.854980 3.419743 2.965639 3.096843 2.856057 3.427486 1.914670 346.673745 -7.934724
1 -5217.910181 0.000000 0.000000 0.467141 -14.752257 0.986060 121.652930 3.377642 2.899482 3.853753 2.962355 3.507818 3.506664 3.248380 3.686105 3.361316 16.882098 256.073217 -7.934724
1 -161.047928 0.000000 0.000000 0.631564 32.951437 1.526745 210.918552 3.095859 3.961162 2.569508 3.341113 2.872720 3.222965 2.546769 2.976421 3.995215 3.744823 299.771648 -7.934724
1 -185.361881 0.000000 0.000000 0.772107 38.778150 0.278748 242.870664 2.964120 3.508801 2.629325 2.918880 2.932273 3.256818 3.078830 3.179094 2.884918 18.461595 207.763071 -7.934724
1 -83.840951 0.000000 0.000000 0.704036 48.498363 0.435916 309.289158 2.935099 3.176271 3.730893 3.013120 2.851308 3.217905 3.006597 3.155145 3.094008 17.142583 167.370337 -7.934724
1 -54.580148 0.000000 0.000000 0.566120 36.917703 7.565035 492.596302 3.095255 3.912352 3.273914 3.155792 3.098036 2.840052 3.438124 3.603421 3.521032 1.773653 308.083869 -7.934724
1 -207.784898 0.000000 0.000000 0.117615 30.928944 1.732222 263.554069 3.311158 3.226382 2.780200 3.906189 3.182212 2.511262 2.912279 3.131632 3.379516 11.436125 213.616923 -7.934724
1 -195.815850 0.000000 0.000000 0.570858 21.718079 0.468562 164.015706 3.653905 3.675123 3.970480 3.891058 3.201271 3.677210 3.435307 2.808627 3.634708 18.894412 231.819930 -7.946500
1 -175.163350 0.000000 0.000000 0.781144 35.419705 0.304138 237.185726 2.934120 3.595155 2.627786 2.845054 2.937306 3.293458 3.047619 3.168905 2.848050 20.266354 208.590481 -7.946500
1 1.397158 0.000000 0.000000 0.604717 44.525178 4.584489 439.015978 3.106113 3.203150 3.455628 3.830674 2.862655 3.594882 3.525107 3.120463 2.835446 1.285797 291.311215 -7.946500
1 -291.805869 0.000000 0.000000 0.128681 12.936979 1.844428 228.944789 2.685860 3.985396 3.262491 2.852564 3.454028 2.969742 3.067688 2.851395 3.414702 1.981324 338.179216 -7.946500
1 -317.257846 0.000000 0.000000 0.221349 56.157402 2.268879 320.403569 3.580594 2.845428 3.011396 3.669018 2.907873 2.645817 3.146561 3.462213 3.607899 12.155818 196.462868 -7.946500
1 -72.016647 0.000000 0.000000 0.681158 36.347336 1.600269 248.570182 3.065106 3.840787 3.918413 3.330326 2.939076 3.217902 2.503785 2.824886 2.832110 1.983278 336.342256 -7.946500
1 -174.564256 0.000000 0.000000 0.751904 38.508363 0.262693 242.408263 2.976083 3.482270 2.584261 2.944938 2.939065 3.224447 3.088735 3.187281 2.901146 18.719042 204.184758 -7.946500
1 -77.840659 0.000000 0.000000 0.698494 47.924768 0.493425 309.912803 2.938744 3.175425 3.721398 3.018492 2.853466 3.209454 3.005366 3.157499 3.089305 17.027056 166.706551 -7.946500
1 -5180.861921 0.000000 0.000000 0.432359 26.690726 6.529338 470.048371 3.042235 2.820607 2.832811 3.032947 3.307222 2.734919 3.641265 3.628906 3.562885 2.107055 319.386139 -7.946500
1 -189.624218 0.000000 0.000000 0.152156 27.198343 1.467179 256.613684 3.284662 3.210649 2.769893 3.871914 3.161706 2.544274 2.956773 3.177084 3.242305 12.698004 210.374920 -7.946500
1 -204.993903 0.000000 0.000000 0.284032 38.207517 2.278761 306.245395 2.989931 3.063844 3.369227 3.384667 2.919915 2.996770 3.657255 3.148113 2.816429 18.998617 191.910165 -7.949222
1 -172.246026 0.000000 0.000000 0.088177 29.135378 0.586806 164.784989 3.055191 3.573831 2.923954 2.954909 3.997135 3.319185 2.650962 3.468942 3.839753 12.952573 242.113938 -7.949222
1 -24.475327 0.000000 0.000000 0.605300 53.108982 4.727190 438.357610 3.049724 3.214920 3.465282 3.736633 2.833054 3.497454 3.517628 3.147705 2.872055 2.243728 268.573680 -7.949222
1 -215.581319 0.000000 0.000000 0.119614 18.832751 1.408189 218.295649 2.679714 2.835878 3.210813 2.900009 3.453146 3.006640 3.034955 2.902718 3.391573 2.022259 331.191902 -7.949222
1 -163.940017 0.000000 0.000000 0.191569 54.665998 2.294085 320.065917 3.570494 2.819510 2.967299 3.689740 2.917467 2.660010 3.167977 3.458156 3.630534 11.961864 190.719116 -7.949222
1 -29.886632 0.000000 0.000000 0.638960 36.679055 1.664755 262.623737 3.138449 3.773148 3.864712 3.448390 2.927359 3.293388 3.698490 3.990288 2.867162 1.966158 324.230704 -7.949222
1 -200.520950 0.000000 0.000000 0.774089 28.430321 0.048455 220.276952 2.977348 3.489603 3.909709 2.869527 3.041993 3.158507 2.924801 3.210937 2.918264 18.488800 210.288092 -7.949222
1 -80.558241 0.000000 0.000000 0.700514 48.439856 0.490635 310.430315 2.958540 3.162982 3.714771 3.025941 2.850928 3.194393 2.998307 3.160498 3.107452 16.972151 167.259524 -7.949222
1 -158.308445 0.000000 0.000000 0.130779 34.767274 3.114200 343.525937 3.357208 3.437172 2.971484 3.978186 3.196174 3.652700 3.243483 3.175731 3.218845 14.580694 188.645718 -7.949222
1 -165.429310 0.000000 0.000000 0.645378 24.605529 2.150501 234.387990 2.563595 3.120054 2.560167 3.080528 3.267960 3.378748 2.786386 3.322359 3.642681 8.847358 245.499038 -7.949222
1 -166.645688 0.000000 0.000000 0.245843 37.300744 2.013743 250.253580 3.025150 2.971541 3.483660 3.486921 3.809404 3.069774 3.503450 3.209618 3.901369 23.888701 207.882907 -7.952498
1 -173.919158 0.000000 0.000000 0.078190 27.248407 0.851670 168.585658 3.013367 3.573188 2.915992 2.949949 3.996447 3.330796 2.632473 3.490602 3.812152 12.212616 244.111052 -7.952498
1 -0.753858 0.000000 0.000000 0.585392 47.307263 4.644524 423.200465 2.944779 3.089427 3.481743 3.617211 3.916576 3.554872 3.457107 3.104164 3.975625 2.038589 275.522819 -7.952498
1 -108.561519 0.000000 0.000000 0.111370 19.373181 1.433060 213.943213 2.683516 2.832746 3.212477 2.898028 3.443232 3.001008 3.037424 2.906958 3.383013 2.226781 328.900382 -7.952498
1 -294.082027 0.000000 0.000000 0.154315 53.080124 2.815504 371.258572 3.659995 2.876127 2.816515 3.886198 3.996906 2.749952 3.394489 3.494936 3.866696 6.965712 191.489748 -7.952498
1 -72.837051 0.000000 0.000000 0.679887 37.466055 1.702661 271.341226 3.150526 3.766947 3.842147 3.455969 2.867122 3.281535 2.520446 3.974598 2.812982 1.848290 322.865901 -7.952498
1 -224.441140 0.000000 0.000000 0.665720 43.883116 0.440045 266.411986 3.247508 3.342753 3.960478 3.168122 2.916909 2.887627 3.128190 3.217510 2.892150 15.980563 190.343228 -7.952498
1 -107.933419 0.000000 0.000000 0.740237 46.577780 0.448040 302.207674 2.844070 3.126113 3.761851 2.982709 3.878717 3.244598 3.032638 3.100252 3.111468 18.928038 167.676202 -7.952498
1 -216.380159 0.000000 0.000000 0.232964 34.927139 3.795104 361.375177 3.348708 3.479170 3.149227 2.915295 3.060540 3.677887 3.299606 3.163883 3.046527 14.734707 191.260360 -7.952498
1 -249.899892 0.000000 0.000000 0.672644 23.608288 2.111917 281.080626 2.647515 2.991456 2.522190 3.265022 3.129410 3.380014 2.950866 3.271474 3.545883 8.476400 236.990775 -7.952498
1 -160.161517 0.000000 0.000000 0.219562 37.290291 1.738797 251.816439 3.123387 2.902650 3.381462 3.832193 2.881712 2.776051 3.568696 3.198651 3.869903 27.151843 201.002698 -7.955909
1 -164.192261 0.000000 0.000000 0.187179 28.659819 0.115347 143.752599 2.894499 3.573114 3.168561 3.055413 3.904361 3.198494 2.554451 3.495955 3.863574 12.181136 247.731112 -7.955909
1 -42.805798 0.000000 0.000000 0.536581 49.916726 4.900160 410.776185 2.834799 3.230713 3.165310 3.864851 2.983500 2.606338 3.269397 3.273550 2.924571 2.096785 294.983181 -7.955909
1 -260.688164 0.000000 0.000000 0.083503 18.038917 1.360834 214.981458 2.722786 2.822171 3.184501 2.899484 3.463859 2.993329 3.045228 2.932523 3.353575 2.565428 320.429551 -7.955909
1 -256.060076 0.000000 0.000000 0.168168 52.679930 3.211011 401.039419 2.519358 2.952092 2.780389 3.892604 3.994769 2.841253 3.456685 3.621320 3.670410 5.994591 186.501779 -7.955909
1 -150.368857 0.000000 0.000000 0.586808 39.305477 1.594536 252.457605 3.239840 3.682885 3.518122 3.565912 2.832561 3.247128 2.588878 3.959640 3.966323 1.773801 340.349031 -7.955909
1 -163.446928 0.000000 0.000000 0.647065 29.817778 1.146210 235.875700 3.194226 3.388570 3.942678 3.194987 2.875536 2.899722 2.886803 3.088423 2.958421 20.218394 211.467798 -7.955909
1 -145.584945 0.000000 0.000000 0.714289 41.814962 0.376259 275.257064 2.756060 3.082830 3.787997 3.105208 2.829042 3.197513 3.130548 3.101567 3.228075 19.788688 183.656927 -7.955909
1 -137.400781 0.000000 0.000000 0.314909 38.073287 3.169363 366.337076 3.514931 3.344354 3.518360 3.899179 3.016690 2.546987 3.507786 2.989697 2.972649 16.240880 175.915753 -7.955909
1 -115.870434 0.000000 0.000000 0.772225 20.444156 1.495705 251.201678 2.517353 2.914047 2.651796 3.304923 3.321227 3.329326 2.922007 3.286902 3.549085 10.628877 227.318699 -7.955909
1 -189.574447 0.000000 0.000000 0.239662 33.237053 1.475723 220.381993 3.119048 2.872184 3.463329 3.752373 2.904116 2.948369 3.491275 3.346163 2.954884 28.600999 212.083893 -7.959281
1 -164.562828 0.000000 0.000000 0.174339 29.055477 0.203307 147.332642 2.958689 3.519194 3.099551 3.093680 3.955026 3.179290 2.574251 3.514921 3.880949 12.115025 246.228463 -7.959281
1 -56.855903 0.000000 0.000000 0.482245 39.653739 3.813522 407.981696 2.792156 3.214667 3.440927 3.651666 2.914078 2.599443 3.168258 2.860842 3.361487 1.382881 307.747817 -7.959281
1 -277.949362 0.000000 0.000000 0.084656 23.021628 1.237352 216.512070 2.743687 3.991556 3.192923 2.898718 3.469641 2.984164 3.051598 2.929276 3.351944 2.290602 320.935708 -7.959281
1 -207.976347 0.000000 0.000000 0.199388 55.199140 3.213944 407.702673 3.694626 2.858900 2.759688 3.952641 3.972579 2.852587 3.432283 3.662427 3.590189 2.784845 211.094682 -7.959281
1 -121.732454 0.000000 0.000000 0.584377 41.630759 1.714660 264.135805 3.302270 3.662358 3.495107 3.636323 2.841284 3.252704 2.621967 2.808967 3.961649 1.765237 341.524256 -7.959281
1 -221.895414 0.000000 0.000000 0.451453 43.869768 2.170120 290.794330 3.412308 3.576728 3.951315 3.304262 3.211112 2.996258 2.949219 3.281201 3.299183 4.675430 248.623028 -7.959281
1 -47.756391 0.000000 0.000000 0.783621 41.662227 0.227407 289.325287 2.765738 3.147957 3.764162 3.259101 3.957059 3.225778 3.001923 3.231148 3.273499 19.524786 178.888472 -7.959281
1 -139.754778 0.000000 0.000000 0.212512 32.852004 2.617727 305.818292 3.537602 3.537569 3.486671 3.876780 2.949184 2.627320 3.321454 3.098077 3.223333 16.041603 195.920696 -7.959281
1 -149.843236 0.000000 0.000000 0.790061 21.464851 2.580592 256.836780 2.530393 2.910924 2.507652 3.484341 3.030178 3.279503 3.043087 3.282108 3.491730 8.822148 240.999486 -7.959281
1 -236.198451 0.000000 0.000000 0.432207 30.247678 2.275433 275.777411 3.081838 3.869973 3.284324 3.880754 3.807031 3.001368 2.518936 3.304593 3.995990 27.186815 197.337413 -7.963165
1 -160.343671 0.000000 0.000000 0.229251 29.033833 0.221435 145.078912 2.982181 3.526952 3.133034 3.093605 3.956594 3.207831 2.552182 3.511641 3.887103 11.870763 249.678993 -7.963165
1 -3.203768 0.000000 0.000000 0.364234 48.277778 4.837552 476.651526 2.660611 3.192526 3.418062 3.582122 2.831199 2.521379 2.973442 2.839987 3.380928 1.721872 256.663727 -7.963165
1 -241.331852 0.000000 0.000000 0.788644 16.818884 0.693038 179.983375 3.150401 3.942969 2.877126 3.811223 3.455018 3.135008 3.258432 3.244403 3.442779 4.028277 296.838304 -7.963165
1 -234.407040 0.000000 0.000000 0.167860 32.940748 3.166848 384.623670 3.611595 3.040499 2.702678 2.815904 2.864909 2.938312 3.476900 3.619918 3.587295 5.412754 199.106205 -7.963165
1 -107.509397 0.000000 0.000000 0.597050 49.060622 1.486884 249.722871 3.346707 3.756565 3.553874 3.614217 2.859402 3.252561 2.621335 2.818633 3.956161 2.074713 333.325223 -7.963165
1 -248.268266 0.000000 0.000000 0.452724 41.811067 2.082019 272.511480 3.380232 3.619640 3.929217 3.239829 3.188627 3.036423 2.927220 3.278052 3.313150 5.038385 253.228441 -7.963165
1 -97.544599 0.000000 0.000000 0.787780 42.434291 0.099798 281.940613 2.791835 3.145716 3.798363 3.204627 3.978491 3.249884 2.969226 3.255537 3.267327 19.092117 178.173037 -7.963165
1 -148.010578 0.000000 0.000000 0.173586 33.865758 2.453574 312.872725 3.458235 3.598228 3.281846 3.902956 3.084591 2.557353 3.236686 3.048556 3.175569 21.992220 187.131053 -7.963165
1 -228.996468 0.000000 0.000000 0.720802 33.659975 2.852410 280.450807 2.619470 2.864828 3.916487 3.468489 2.935323 3.304583 2.995674 3.228876 3.413773 8.569661 241.650002 -7.963165
1 -99.789319 0.000000 0.000000 0.351747 42.086588 1.748528 253.164221 3.170458 3.946061 3.433669 3.849934 2.803678 2.956499 2.550005 3.322810 2.945385 27.780901 201.499911 -7.967044
1 -161.717161 0.000000 0.000000 0.224968 31.511826 0.106998 141.808520 2.954808 3.446739 3.119838 3.070860 3.976241 3.283185 2.541754 3.508268 3.908287 11.340708 251.132527 -7.967044
1 -39.289916 0.000000 0.000000 0.317273 60.562056 4.236533 480.669582 2.760856 3.131334 3.672373 3.563454 3.927461 2.610140 2.830568 3.128526 3.370070 1.485235 238.355223 -7.967044
1 -155.821170 0.000000 0.000000 0.689806 12.906941 0.029095 158.639570 3.142645 2.853463 2.958999 3.718971 3.481353 3.219243 3.259329 3.163046 3.474553 4.157491 294.466091 -7.967044
1 -274.722681 0.000000 0.000000 0.217254 47.654651 3.515597 419.040234 3.512943 3.000561 2.809349 3.926871 2.975868 2.963457 3.356837 3.656606 3.604299 4.547389 193.471717 -7.967044
1 -186.329406 0.000000 0.000000 0.576167 50.126333 1.756943 266.170287 3.296136 3.769543 3.594271 3.650846 2.815984 3.194047 2.631964 3.962035 3.923036 1.740575 336.335685 -7.967044
1 -226.297143 0.000000 0.000000 0.496618 41.258302 1.526222 283.944236 3.298891 3.641136 3.852833 3.303379 3.293711 3.204855 2.841710 3.327372 3.515316 3.575857 259.460494 -7.967044
1 -125.645368 0.000000 0.000000 0.792463 38.108947 0.082336 277.408294 2.812962 3.110424 3.787289 3.248322 3.958937 3.254444 2.947009 3.281605 3.254265 20.177307 178.082090 -7.967044
1 -147.892619 0.000000 0.000000 0.233303 25.800875 2.076342 269.418838 3.518027 3.606463 3.102573 3.974260 2.906715 2.621209 3.260749 3.019023 3.227397 23.370391 199.102786 -7.967044
1 -119.120672 0.000000 0.000000 0.733631 18.815990 3.409314 265.862361 2.619908 2.896379 2.664194 3.377029 3.941210 3.420904 2.797006 3.423550 3.304930 8.420194 249.756488 -7.967044
1 -226.126465 0.000000 0.000000 0.418502 41.253226 1.689721 253.726908 3.135758 3.900616 3.458099 3.819330 2.860868 3.011086 2.558456 3.324205 2.942712 27.763903 202.007908 -7.982191
1 -5298.286661 0.000000 0.000000 0.235726 33.924163 0.082283 132.950008 2.970370 3.501813 3.107975 3.102457 3.955896 3.359144 2.510557 3.539199 3.926132 12.564849 250.694122 -7.982191
1 -62.426416 0.000000 0.000000 0.308429 64.468429 4.089633 480.937534 2.670582 3.145534 3.708007 3.544714 3.860937 2.618259 2.850464 3.147259 3.390775 1.686929 203.118239 -7.982191
1 -155.858283 0.000000 0.000000 0.680742 30.542444 0.072812 156.576165 3.278652 2.811759 3.020666 3.486811 3.404470 3.252397 3.257455 3.019046 3.479784 4.199043 293.030212 -7.982191
1 -140.946742 0.000000 0.000000 0.163438 36.281992 3.570558 406.917765 3.430636 3.010105 2.710442 3.968660 3.146591 2.886914 3.394902 3.703718 3.850673 5.189851 183.189275 -7.982191
1 -132.956156 0.000000 0.000000 0.568739 49.405595 1.762725 271.451886 3.315341 3.740986 3.534256 3.707166 3.986111 3.176052 2.663782 3.982978 3.939616 1.654280 334.652316 -7.982191
1 -234.332645 0.000000 0.000000 0.206096 59.020232 1.061350 217.335895 3.445611 3.502234 3.931746 3.082999 3.293574 3.106034 2.983326 3.118415 3.476483 5.238101 256.820644 -7.982191
1 -52.463984 0.000000 0.000000 0.798845 42.147790 0.454133 286.351002 2.686456 3.189801 3.913998 3.357720 2.866518 3.166356 2.861123 3.376652 3.205949 22.365383 190.751921 -7.982191
1 -174.650186 0.000000 0.000000 0.536322 36.530886 2.562559 296.800277 2.908304 2.895195 3.926166 3.330271 3.741298 2.582843 3.041996 3.493960 3.165401 12.325195 211.715886 -7.982191
1 -112.832496 0.000000 0.000000 0.744139 18.820741 3.306515 265.635586 2.597264 2.883056 2.657880 3.383928 3.955394 3.454953 2.816884 3.443691 3.295786 8.940730 246.430798 -7.982191
1 -235.914799 0.000000 0.000000 0.320988 40.851966 2.750671 307.916094 3.313406 3.748616 3.307070 2.816778 3.989428 2.873806 2.562740 3.444008 2.966195 24.076437 193.201500 -7.986214
1 -194.016717 0.000000 0.000000 0.212422 33.801891 0.090217 170.454569 2.979318 3.486540 3.147557 3.163869 3.941689 3.332875 3.657139 3.579691 3.927303 11.757335 240.733561 -7.986214
1 -159.046765 0.000000 0.000000 0.291955 64.665792 3.832270 472.433326 2.667572 3.257654 3.619684 3.570812 3.798757 2.684607 2.799347 3.170104 3.421987 1.270330 217.008669 -7.986214
1 -186.652110 0.000000 0.000000 0.680038 29.071574 0.026204 155.968597 3.288734 2.819604 3.016356 3.490213 3.382316 3.276395 3.260602 3.011377 3.489298 4.064729 293.373264 -7.986214
1 -181.488839 0.000000 0.000000 0.158627 31.464311 3.936466 418.308157 3.400990 3.055283 2.718936 3.932286 3.117884 2.859942 3.392526 3.728510 3.891280 5.652441 193.856645 -7.986214
1 -102.195622 0.000000 0.000000 0.592734 52.937497 1.921204 288.733041 3.302328 3.648594 3.500595 3.746802 2.855222 3.157752 2.527140 2.845687 3.895344 1.694175 342.808110 -7.986214
1 -132.481702 0.000000 0.000000 0.256117 46.087777 1.115877 215.795643 3.481323 3.451733 3.970682 3.074341 3.292272 3.185024 3.071618 3.061745 3.503485 5.909126 255.123772 -7.986214
1 -156.000333 0.000000 0.000000 0.780369 38.204667 0.176447 270.148905 2.718201 3.074865 3.876145 3.391351 2.942039 3.191009 2.867843 3.377108 3.048630 25.630607 189.963672 -7.986214
1 -173.481912 0.000000 0.000000 0.552799 41.820821 2.368369 304.721963 2.841351 2.914749 3.980989 3.265717 3.775324 2.569280 2.993631 3.484437 3.166782 11.696290 200.871084 -7.986214
1 -242.633222 0.000000 0.000000 0.716530 16.297707 1.092897 211.643979 2.552098 3.986332 2.642920 3.281622 3.991141 3.544451 2.738495 3.469207 3.293660 8.167690 246.373245 -7.986214
1 -134.267077 0.000000 0.000000 0.285354 25.551064 2.538351 277.376435 3.267148 3.822542 3.463942 3.866229 2.920651 2.880404 2.763685 3.411469 2.951765 24.018186 199.289037 -8.012713
1 -228.043279 0.000000 0.000000 0.208880 34.196338 0.323304 192.544869 2.972509 3.328474 3.097509 3.227682 2.801418 3.295528 2.537878 3.677678 3.886769 10.580494 232.017290 -8.012713
1 -95.814101 0.000000 0.000000 0.196916 50.609012 3.996877 432.080249 3.650201 3.377256 3.771143 3.425539 3.660264 2.757406 2.926348 3.337621 3.517298 1.651791 258.145666 -8.012713
1 -174.675344 0.000000 0.000000 0.629929 31.160560 0.115193 180.410778 3.338210 3.938108 3.044793 3.465736 3.414841 3.234151 3.253484 3.102456 3.506283 3.010831 307.603445 -8.012713
1 -119.015318 0.000000 0.000000 0.198143 33.362934 3.937234 434.866036 3.452846 3.076616 2.686406 3.865459 3.184787 2.832921 3.409158 3.714333 3.878571 3.585908 192.528767 -8.012713
1 -10099.013319 0.000000 0.000000 0.585320 54.669298 1.748147 327.943240 3.263256 3.667012 3.689305 3.785887 3.973012 3.042576 2.601392 2.858568 3.851241 2.223073 332.578476 -8.012713
1 -240.308476 0.000000 0.000000 0.336027 23.786078 0.821790 186.772635 3.429665 3.614687 3.744381 2.883306 3.276412 3.153409 2.937623 2.863389 3.560276 13.832405 228.470203 -8.012713
1 -62.799671 0.000000 0.000000 0.777291 37.317499 0.954072 295.809087 2.754589 3.181664 3.866403 3.277992 2.931079 3.102489 2.919117 3.348978 3.117694 25.213439 189.072620 -8.012713
1 -87.574168 0.000000 0.000000 0.540023 40.183893 2.800448 338.612849 2.775255 2.855568 3.794111 3.353599 3.721022 2.617904 3.013905 3.474444 3.180356 10.066706 202.069774 -8.012713
1 -187.365800 0.000000 0.000000 0.739719 20.589870 0.634128 224.395341 2.574182 3.867690 2.621949 3.469980 2.859451 3.599011 2.537329 3.422377 3.577026 28.029950 216.028333 -8.012713
1 -233.620570 0.000000 0.000000 0.224216 24.206390 2.899516 300.139107 3.058972 3.783926 3.280060 2.862215 2.830783 3.001312 2.620653 3.718763 3.020842 24.708878 194.337770 -8.026730
1 -5236.803137 0.000000 0.000000 0.156696 21.014275 2.308935 235.785732 3.099691 2.938278 3.116400 3.654201 2.804281 2.719835 3.030097 3.699837 3.777086 2.466920 325.113112 -8.026730
1 -129.149874 0.000000 0.000000 0.118046 56.337140 4.793905 481.030332 2.517534 3.672298 2.723189 3.705846 3.586155 2.501159 2.925025 3.552809 3.270420 2.080146 228.332429 -8.026730
1 -46.593697 0.000000 0.000000 0.589715 40.637000 0.444274 204.149497 3.275777 2.852847 3.025112 3.335066 3.514890 3.155436 3.331831 3.039487 3.653736 2.252992 313.257652 -8.026730
1 -103.847749 0.000000 0.000000 0.193321 38.439572 3.601950 399.338256 3.607102 3.073727 3.891706 3.900232 3.134384 3.008753 3.513953 3.623198 2.818417 3.166352 216.957988 -8.026730
1 -92.576092 0.000000 0.000000 0.573525 46.839066 0.962420 261.137222 3.367906 3.702510 3.620747 3.677331 3.972997 3.066911 3.577435 3.841625 3.996530 1.769100 313.290686 -8.026730
1 -349.014064 0.000000 0.000000 0.324869 39.434489 1.854304 257.827108 3.426527 3.843269 3.900268 2.982944 3.206068 3.007220 3.205090 2.802059 3.315876 16.974048 207.056102 -8.026730
1 -149.328726 0.000000 0.000000 0.253925 28.244490 3.538935 351.667797 2.673885 3.589737 3.584060 3.415574 3.162553 3.390542 2.913576 3.585846 3.380377 26.211766 184.492015 -8.026730
1 -86.791147 0.000000 0.000000 0.523924 33.457193 2.130485 324.056557 2.681996 3.973440 3.741608 3.344381 3.635659 2.657709 2.939818 3.484114 3.244071 11.659597 184.289150 -8.026730
1 -127.759750 0.000000 0.000000 0.785671 21.373830 0.769769 246.509724 2.552678 3.942146 2.744206 3.493460 2.927789 3.446924 2.625112 3.417929 3.473618 24.746459 205.836357 -8.026730
1 -229.312293 0.000000 0.000000 0.232057 32.271544 3.228034 337.859004 3.041268 3.794719 3.193372 2.964099 2.916371 3.012839 2.653146 3.764828 2.933698 22.046343 189.640433 -8.041825
1 -221.655396 0.000000 0.000000 0.264183 13.440830 1.298022 191.782950 2.918895 2.940338 3.241884 3.438066 2.841715 2.770160 3.125231 3.437431 3.630843 4.009985 285.608904 -8.041825
1 -103.146515 0.000000 0.000000 0.155302 58.367035 4.790844 499.800427 2.566147 3.693420 2.773178 3.762107 3.598270 2.555329 2.972942 3.538343 3.154339 1.835414 214.752347 -8.041825
1 -137.362594 0.000000 0.000000 0.589397 40.349247 0.453529 204.637518 3.280115 2.860924 3.032364 3.350432 3.516075 3.157511 3.330075 3.032720 3.655901 2.399612 311.985836 -8.041825
1 -103.880651 0.000000 0.000000 0.187945 37.894227 3.534196 400.709001 3.597289 3.072364 3.889319 3.901317 3.140956 3.004675 3.525169 3.622057 2.828074 2.964584 217.705683 -8.041825
1 -96.136748 0.000000 0.000000 0.492384 51.260412 1.115479 287.095801 3.394821 3.619847 3.523654 3.736937 3.896328 3.117780 3.597547 3.815800 2.867200 1.410537 312.903185 -8.041825
1 -202.753389 0.000000 0.000000 0.388586 22.513097 2.365068 286.467114 3.521113 3.116077 2.504903 3.957733 3.256599 2.881357 3.075938 2.809664 3.301383 15.284111 209.020435 -8.041825
1 -5125.527390 0.000000 0.000000 0.294829 24.552166 3.626430 385.904742 3.491935 3.979379 3.580412 3.647012 3.407423 3.314701 2.878557 3.815016 3.409752 23.834440 170.788336 -8.041825
1 -224.939392 0.000000 0.000000 0.520279 39.149061 2.114150 340.519477 2.653978 3.990173 3.765518 3.359129 3.650941 2.629054 2.934938 3.527449 3.267107 11.640349 176.506496 -8.041825
1 -205.520274 0.000000 0.000000 0.747413 24.665971 0.105473 216.980464 3.640636 3.860427 2.508337 3.336693 2.813427 3.346477 2.596372 3.499914 3.533712 24.078191 215.557809 -8.041825
1 -285.902647 0.000000 0.000000 0.244726 44.597969 2.862487 336.504670 3.153465 3.810186 3.244740 2.875345 2.871821 3.039918 2.655979 3.772697 2.877296 21.077637 182.228744 -8.046197
1 -215.159727 0.000000 0.000000 0.203421 16.459543 1.134328 199.182025 2.681807 2.940434 3.233735 3.411771 2.964010 2.758993 3.251440 3.491952 3.654418 2.770196 293.029657 -8.046197
1 -129.443770 0.000000 0.000000 0.179206 63.069271 4.453878 482.852473 3.686296 3.689865 2.762903 3.637547 3.646071 2.587665 2.959911 3.484196 3.217648 1.754025 225.447075 -8.046197
1 -145.943533 0.000000 0.000000 0.583167 38.758908 0.189265 224.317782 3.292573 2.868102 3.018843 3.374447 3.484544 3.153351 3.348679 3.016400 3.651225 1.886749 326.429805 -8.046197
1 -117.596905 0.000000 0.000000 0.202298 44.598055 3.731346 386.149526 3.585904 3.032133 3.913650 3.906399 3.105725 3.016086 3.442844 3.695546 2.824863 3.531309 225.943755 -8.046197
1 -283.128284 0.000000 0.000000 0.487955 66.760263 1.098852 273.176649 3.418834 3.628182 3.655863 3.750260 3.723609 3.131878 3.672134 3.886752 2.803231 1.607351 323.514576 -8.046197
1 -204.242743 0.000000 0.000000 0.410908 34.499518 2.343930 286.638474 3.344283 3.294134 2.698083 2.873737 3.303389 2.847028 3.124875 3.987560 3.282551 15.265087 206.959456 -8.046197
1 -205.814554 0.000000 0.000000 0.466884 23.007656 2.218733 276.987679 3.591829 3.115961 2.513264 3.977195 3.221993 2.923624 3.077908 3.998619 3.293986 15.892270 214.096342 -8.046197
1 -83.681583 0.000000 0.000000 0.537716 38.847152 2.116412 341.711434 2.733521 3.920650 3.675354 3.403613 3.720249 2.606702 2.988283 3.425189 3.301921 10.658314 178.424703 -8.046197
1 -229.222691 0.000000 0.000000 0.748619 27.311414 0.087603 205.548809 3.520261 3.864608 2.576030 3.324648 3.919005 3.386364 2.612032 3.455750 3.471515 26.010670 209.069100 -8.046197
1 -200.001026 0.000000 0.000000 0.431559 43.519398 1.672370 274.320833 3.219725 2.900779 3.162341 3.752466 3.130650 3.407400 3.480445 3.467664 2.976423 27.447754 193.412783 -8.052182
1 -184.377411 0.000000 0.000000 0.265351 17.049502 0.704498 183.709339 2.707652 3.065134 3.178131 3.430484 3.099489 2.824534 3.184817 3.450030 3.683249 3.377980 301.719240 -8.052182
1 -125.486527 0.000000 0.000000 0.174199 61.379561 4.449326 496.247376 3.632937 3.662414 2.766151 3.631382 3.630335 2.521874 2.858298 3.492384 3.276168 1.145917 253.578271 -8.052182
1 -102.233102 0.000000 0.000000 0.570852 44.792900 0.398294 243.594856 3.368011 2.855633 3.163811 3.502396 3.491398 3.213393 3.434558 3.146201 3.540228 1.744154 322.681106 -8.052182
1 -169.634217 0.000000 0.000000 0.129934 59.105832 4.179413 400.071609 3.602787 2.999993 3.860177 3.999756 3.054207 3.057944 3.401377 3.764690 2.915724 3.968391 224.019247 -8.052182
1 -183.571582 0.000000 0.000000 0.492409 66.276583 1.084801 281.554658 3.403193 3.676386 3.648282 3.732103 3.755316 3.102631 3.651763 3.876840 2.812716 1.545124 321.224802 -8.052182
1 -194.726858 0.000000 0.000000 0.359495 23.728562 2.216710 257.718317 3.227172 3.284095 2.657115 2.822749 3.221934 2.653456 2.978809 2.830495 3.516007 7.124632 242.605351 -8.052182
1 -137.182965 0.000000 0.000000 0.410799 34.529346 2.201725 314.913536 3.517025 3.080396 2.577792 3.991564 3.131926 2.888103 3.200878 3.941339 3.354781 15.043186 189.168884 -8.052182
1 -75.459978 0.000000 0.000000 0.531238 38.986179 2.093579 343.961722 2.735057 3.915045 3.677130 3.396675 3.716137 2.590354 3.008738 3.431664 3.300762 10.368197 179.524223 -8.052182
1 -315.312359 0.000000 0.000000 0.631968 30.813511 0.537112 209.570138 3.540241 3.820129 2.780285 3.328270 3.881706 3.394042 2.620647 3.603173 3.412768 24.015440 217.042852 -8.052182
1 -175.335575 0.000000 0.000000 0.434950 43.318854 2.109715 283.910146 3.243537 2.919616 3.092233 3.873296 3.184713 3.288479 3.489084 3.551932 3.178160 23.867002 197.719834 -8.057851
1 -228.225745 0.000000 0.000000 0.275942 18.151795 0.432355 169.696103 2.763693 3.121247 3.129221 3.409902 3.154890 2.831003 3.147497 3.454521 3.688138 3.467693 302.809453 -8.057851
1 -74.937379 0.000000 0.000000 0.186722 44.953040 5.086060 491.201405 3.663153 3.704025 2.874672 3.572797 3.529623 3.676878 2.984002 3.512922 3.056040 1.614686 231.399005 -8.057851
1 -90.347224 0.000000 0.000000 0.617080 39.947462 1.372923 243.380894 3.361915 2.847296 3.089907 3.530732 3.371942 3.199225 3.367266 3.134485 3.549402 2.191949 316.314054 -8.057851
1 -286.983090 0.000000 0.000000 0.198760 24.693327 0.412149 178.384369 2.779570 3.621192 3.382173 3.296066 2.839101 3.255428 2.786399 2.950706 2.837983 27.360655 215.011667 -8.057851
1 -210.765198 0.000000 0.000000 0.524740 57.684469 1.448276 280.942766 3.343134 3.692312 3.632955 3.701817 3.733644 3.097421 3.633082 3.911168 2.802307 1.894976 308.534143 -8.057851
1 -170.052698 0.000000 0.000000 0.427717 33.994831 2.535623 296.487972 3.484529 3.686580 3.913872 3.938076 3.516744 2.823365 2.693617 2.886250 3.389836 15.020614 201.516328 -8.057851
1 -220.789685 0.000000 0.000000 0.262227 53.270537 2.252584 383.205516 3.325536 3.310367 2.612558 2.808790 3.089516 2.932449 3.062650 2.967842 3.440811 14.857472 139.186169 -8.057851
1 9.797673 0.000000 0.000000 0.612457 36.310296 3.665389 394.358791 2.785497 3.828318 2.600087 3.948089 3.854640 2.670539 3.190809 3.588013 2.933940 3.834430 219.322634 -8.057851
1 -153.482271 0.000000 0.000000 0.646194 35.808309 0.062032 194.704654 3.374569 3.904526 2.714168 3.255510 3.878039 3.446120 2.583736 3.535795 3.390014 23.618479 217.066185 -8.057851
1 -183.325094 0.000000 0.000000 0.413375 34.466939 1.871831 275.430391 3.201756 2.986755 3.108430 3.969680 3.123242 3.275641 3.482232 3.636804 3.248168 23.817766 198.140777 -8.063626
1 -113.649108 0.000000 0.000000 0.239703 7.803266 1.067894 178.559279 2.786557 3.201740 2.896277 3.369703 3.193961 2.823343 3.033547 3.373548 3.753887 5.658068 276.586965 -8.063626
1 -168.671907 0.000000 0.000000 0.219960 48.806721 4.870427 480.233376 3.644687 3.701256 2.841512 3.571128 3.481983 3.688457 2.975429 3.492994 3.046424 2.451075 221.387649 -8.063626
1 -95.536271 0.000000 0.000000 0.790886 47.553144 2.093806 340.163401 3.350085 3.858098 3.265354 3.781285 3.206105 3.552741 2.629585 3.960877 3.645526 1.798416 331.535641 -8.063626
1 -270.698918 0.000000 0.000000 0.235372 24.979898 0.548824 190.250965 2.831269 3.619218 3.396158 3.318724 2.821838 3.289118 2.829565 2.902504 2.824855 26.669953 216.308247 -8.063626
1 -134.948232 0.000000 0.000000 0.463734 58.082027 2.162385 290.280083 3.296065 3.802800 3.858241 3.626580 3.736775 3.063842 3.694763 3.849984 2.853259 2.281200 310.662871 -8.063626
1 -135.661708 0.000000 0.000000 0.375558 38.874786 2.671975 280.667869 3.648198 3.673789 3.965007 3.835887 3.523291 3.096392 2.695219 2.892106 3.467079 16.569043 209.808872 -8.063626
1 -164.844167 0.000000 0.000000 0.262240 58.568436 1.447308 303.832534 3.174806 3.374769 2.647259 3.964891 3.053240 2.815354 3.153101 3.115320 3.367083 17.011625 172.856030 -8.063626
1 -162.247174 0.000000 0.000000 0.627504 30.003502 3.067432 353.149156 2.717593 3.842887 2.547725 3.870699 3.866714 2.648062 3.122580 3.582769 2.996716 5.400274 223.573640 -8.063626
1 -201.849534 0.000000 0.000000 0.549785 9.000408 0.427836 175.407299 3.302498 2.854943 2.570304 3.163705 3.931437 3.467343 2.566429 3.517719 3.323028 19.649149 232.012165 -8.063626
1 -240.956071 0.000000 0.000000 0.379191 39.853870 2.574313 316.652613 3.258477 3.193522 3.312106 2.891606 3.007280 3.146288 3.539050 3.514165 3.292830 21.865112 186.492008 -8.085621
1 -155.276688 0.000000 0.000000 0.211202 10.066204 1.023581 175.792650 2.757932 3.141839 2.845625 3.384088 3.100910 2.793805 2.982778 3.300847 3.795063 6.667539 269.176329 -8.085621
1 -87.048112 0.000000 0.000000 0.230010 50.043937 4.704280 479.670316 3.608482 3.630572 2.782585 3.505632 3.503318 2.519188 2.979607 3.469833 3.033968 2.535691 215.926377 -8.085621
1 -4.261812 0.000000 0.000000 0.749175 43.762279 1.930669 323.763526 3.347640 3.789902 3.284938 3.731726 3.140953 3.555462 2.585833 3.926286 3.734413 1.647317 335.891572 -8.085621
1 -146.945426 0.000000 0.000000 0.260633 22.494989 0.474026 184.889805 2.863629 3.636125 3.325156 3.339512 2.807252 3.172424 2.749946 2.912082 2.947740 22.595605 221.435697 -8.085621
1 -168.486543 0.000000 0.000000 0.505271 51.609377 1.961074 273.195996 3.243739 3.837241 3.722492 3.561739 3.678731 3.129355 3.660992 3.920647 2.829032 1.974026 315.801399 -8.085621
1 -139.712815 0.000000 0.000000 0.347654 39.026826 2.424663 270.100004 3.642954 3.665807 3.998344 3.843645 3.499807 3.089331 2.714973 2.880430 3.458688 16.788894 208.171651 -8.085621
1 -218.204876 0.000000 0.000000 0.204150 43.470524 1.785868 291.717894 3.215008 3.427193 2.547588 2.906321 3.065427 2.975761 3.438189 3.266428 3.640787 16.558664 188.241764 -8.085621
1 -19.617283 0.000000 0.000000 0.544984 39.209235 3.261141 394.915254 2.594718 3.726133 2.606230 3.870473 3.823904 3.658637 3.134828 3.465067 2.880028 6.774473 190.702524 -8.085621
1 -5297.883546 0.000000 0.000000 0.556745 -9.205040 0.042909 137.696758 3.216373 3.951219 2.683662 3.285769 2.967819 3.538150 2.575524 3.421141 3.226639 14.964060 240.515132 -8.085621
1 -215.453987 0.000000 0.000000 0.321719 37.133985 1.824670 279.329793 3.015362 3.142379 3.479118 2.834713 2.953600 3.298035 3.546269 3.626303 3.094147 22.367914 196.043481 -8.105672
1 -205.969693 0.000000 0.000000 0.232671 7.098905 1.212520 176.354101 2.840077 3.094055 2.794000 3.303700 3.080246 2.784078 3.144412 3.226741 3.801437 7.295555 269.493043 -8.105672
1 -86.249875 0.000000 0.000000 0.210188 51.104723 4.589521 472.949566 3.557525 3.684416 2.692305 3.494815 3.513942 2.561974 3.085798 3.564439 3.027271 2.092124 219.719370 -8.105672
1 -23.310038 0.000000 0.000000 0.727369 45.391706 3.430517 400.297576 3.506941 3.961601 3.769972 3.616489 3.297632 3.423859 3.614150 3.026738 3.762212 2.080363 255.263429 -8.105672
1 -116.609485 0.000000 0.000000 0.384771 15.658450 2.454890 234.827695 2.910508 3.408953 3.318861 3.325481 2.945162 3.163253 2.601940 3.845942 3.074851 20.027701 220.230754 -8.105672
1 -130.325761 0.000000 0.000000 0.582092 37.524112 1.702944 264.709531 3.097073 3.792062 3.727244 3.307096 3.701552 3.069597 2.551852 3.805520 2.851980 2.625814 290.923086 -8.105672
1 -89.425206 0.000000 0.000000 0.370468 39.861398 2.656711 289.290331 2.518480 3.688016 3.972843 3.883521 3.451476 3.121400 2.704274 3.972008 3.581489 16.477143 203.813679 -8.105672
1 -232.787771 0.000000 0.000000 0.164531 38.997878 1.661534 288.012943 3.224209 3.379489 2.574943 2.822922 3.036814 2.922462 3.493379 3.254328 3.637080 17.816822 188.502044 -8.105672
1 -148.533170 0.000000 0.000000 0.637078 31.503392 3.254659 358.722734 3.665026 3.763354 2.659671 3.891383 3.796277 2.519250 3.221207 3.796068 3.794536 9.593436 199.081750 -8.105672
1 -5158.669374 0.000000 0.000000 0.235253 -69.512028 5.092287 55.647563 3.379491 2.966802 2.588722 3.681144 3.316241 2.642851 3.198658 2.899984 3.891972 4.909011 337.486544 -8.105672
1 -195.188774 0.000000 0.000000 0.390751 40.924355 1.820931 278.886387 3.632949 2.933768 3.087005 3.903628 2.852456 3.180618 3.225225 3.043212 3.426574 19.384678 197.700101 -8.127594
1 -147.283595 0.000000 0.000000 0.345267 9.701466 1.380644 182.045885 3.060252 2.953234 2.881900 3.820210 3.178187 2.921622 3.486642 3.339647 3.668958 6.738239 271.500024 -8.127594
1 -89.817762 0.000000 0.000000 0.216167 55.201748 4.393920 476.616423 3.555762 3.703865 2.671048 3.469202 3.581336 2.519875 3.013358 3.649872 2.947466 2.045513 216.404933 -8.127594
1 -26.910147 0.000000 0.000000 0.700738 46.108337 3.406385 404.875473 3.485885 2.847569 3.725056 3.395431 3.233039 3.407788 3.476107 2.986180 3.774740 2.026446 261.396305 -8.127594
1 -151.267910 0.000000 0.000000 0.384067 22.305568 2.447289 245.379307 2.964826 3.415481 3.320222 3.352166 2.984589 3.180930 2.621146 3.876375 3.074474 19.977812 215.871830 -8.127594
1 -112.842754 0.000000 0.000000 0.582003 35.616022 1.616698 255.494551 3.137500 3.722574 3.717314 3.278761 3.654467 3.090084 2.611530 3.764666 2.843431 3.009482 293.319674 -8.127594
1 -257.631703 0.000000 0.000000 0.376385 52.193146 1.312607 264.192299 2.572449 3.613882 3.536660 3.889414 3.612770 2.910135 2.510598 3.528461 3.071235 22.910504 192.822276 -8.127594
1 -188.023519 0.000000 0.000000 0.206550 39.765155 2.138682 313.993774 3.228801 3.420764 2.713922 2.832489 2.921815 2.931739 2.542209 3.090480 3.776876 18.034704 182.133493 -8.127594
1 -20.319699 0.000000 0.000000 0.691516 41.449512 3.077980 374.168694 3.673529 3.867705 2.731924 3.832139 3.905037 2.551047 3.313612 3.782280 3.766636 4.643267 218.015382 -8.127594
1 -5166.636958 0.000000 0.000000 0.295261 -66.013508 4.584080 53.197398 3.256440 3.018827 2.991071 3.969414 3.348673 2.705404 3.074827 3.114010 3.994310 4.478737 348.834571 -8.127594
1 -153.364415 0.000000 0.000000 0.210902 39.755292 2.136236 279.107672 3.541902 2.935252 3.080697 3.952344 2.857684 3.060699 3.147044 3.114678 3.211600 16.469831 201.358162 -8.148780
1 -188.770538 0.000000 0.000000 0.428810 7.993051 1.637584 196.758479 3.117658 2.821906 2.888036 3.987171 3.069622 3.081398 3.494464 3.160207 3.812091 10.807786 249.613979 -8.148780
1 -93.672237 0.000000 0.000000 0.210404 55.978085 4.380680 478.893283 3.556194 3.704418 2.667486 3.471942 3.579861 2.504425 3.001725 3.634751 2.952296 2.002900 215.610270 -8.148780
1 -42.238589 0.000000 0.000000 0.760627 46.508058 2.752807 401.247412 3.452449 2.827943 3.856984 3.392264 3.272087 3.339379 3.441242 3.005008 3.775165 2.095975 266.048207 -8.148780
1 -223.272268 0.000000 0.000000 0.419710 28.707538 2.261781 262.379243 2.944588 3.389369 3.300215 3.369049 2.949519 3.222568 2.589744 3.882913 2.943919 21.092833 209.843655 -8.148780
1 -39.541785 0.000000 0.000000 0.704552 42.498557 1.521775 303.838944 3.162829 3.674931 3.776168 3.373104 3.785060 3.021527 2.680510 3.895581 2.905680 2.403682 266.433717 -8.148780
1 -260.911551 0.000000 0.000000 0.382239 54.535452 1.404356 273.910845 2.586201 3.647315 3.595789 3.877853 3.633863 2.816978 3.692310 3.517626 3.123609 21.879032 189.407242 -8.148780
1 -161.546891 0.000000 0.000000 0.143273 41.514481 2.315049 319.805693 3.281110 3.456212 2.662702 3.994121 2.937683 2.894552 2.515653 3.142302 3.659497 17.137300 186.124480 -8.148780
1 -23.896675 0.000000 0.000000 0.686425 42.526337 2.999643 379.193895 3.596366 3.906833 2.826663 3.831698 3.689529 3.630946 3.395065 3.931545 3.766238 3.241806 235.098990 -8.148780
1 -5175.792815 0.000000 0.000000 0.278454 -66.523494 4.288888 49.845026 3.241278 3.029598 3.004119 3.988659 3.413975 2.724971 3.111080 3.103360 2.801607 4.827785 344.939212 -8.148780
1 -186.085804 0.000000 0.000000 0.275368 36.717586 1.131190 214.123651 3.491720 2.885420 3.002534 3.916010 2.839577 3.147445 3.377208 2.991053 3.239003 18.006608 218.278516 -8.170212
1 -210.236147 0.000000 0.000000 0.377180 17.437350 1.602015 250.180770 3.060188 3.948957 2.845114 2.811087 3.066133 2.927022 2.549201 3.104979 3.871025 14.636735 214.531861 -8.170212
1 -206.871397 0.000000 0.000000 0.204913 66.859412 4.371752 480.066972 3.522739 3.632171 2.821458 3.321172 3.533733 3.698461 2.928957 3.588453 2.922993 1.193693 253.906723 -8.170212
1 -33.016113 0.000000 0.000000 0.648403 48.123325 3.450648 429.234027 3.395275 2.865292 3.779711 3.215273 3.279317 3.164232 3.534508 3.991590 3.905628 1.869577 244.745680 -8.170212
1 -204.212874 0.000000 0.000000 0.419765 42.719859 1.859205 280.213861 2.997194 3.335947 3.320781 3.443688 2.896511 3.305678 2.721937 3.916905 2.860165 19.425194 198.839060 -8.170212
1 -85.648731 0.000000 0.000000 0.642894 46.939264 1.601955 301.014263 3.275770 3.578447 3.940848 3.317667 3.787937 3.082687 2.567085 3.938737 2.873143 2.831345 275.625767 -8.170212
1 -252.200194 0.000000 0.000000 0.367955 52.619885 1.592067 275.686227 2.527868 3.651856 3.709025 3.772343 3.579293 2.765004 3.593670 3.508705 3.035354 23.358606 190.024984 -8.170212
1 -194.075222 0.000000 0.000000 0.111826 41.168315 4.037321 387.972647 3.369702 3.201212 2.902673 2.852258 3.164365 2.948940 3.338974 3.297835 3.606274 17.419605 184.798218 -8.170212
1 -14.377643 0.000000 0.000000 0.672705 39.423638 2.215998 378.014561 3.459508 3.909428 2.784915 3.848690 3.706385 3.629048 3.366249 3.962791 3.898716 1.925095 232.568920 -8.170212
1 -5208.852123 0.000000 0.000000 0.345435 -74.827880 4.134449 35.012199 3.251160 3.311510 2.804515 2.887337 3.427405 2.762432 2.783137 2.926992 3.982934 6.207074 317.449367 -8.170212
1 -186.029053 0.000000 0.000000 0.274670 37.146047 1.233563 220.159199 3.480069 2.853944 3.047683 3.910712 2.806778 3.189982 3.393460 2.972487 3.222095 17.851524 218.357190 -8.191471
1 -217.144736 0.000000 0.000000 0.382897 10.175941 1.680987 234.475357 3.077388 3.953906 2.819525 2.809410 3.096632 2.861343 2.595146 3.036496 3.972546 13.722986 221.128173 -8.191471
1 -13.064422 0.000000 0.000000 0.272705 52.283426 4.191931 474.764980 3.432122 3.849961 2.777824 3.390257 3.483917 2.523549 2.929432 3.640220 2.903511 1.285020 241.754082 -8.191471
1 -62.035479 0.000000 0.000000 0.557802 44.005866 3.548245 411.054345 3.398682 2.861490 3.717897 3.421209 3.145961 3.270735 3.654287 2.808077 3.726711 2.529901 244.278953 -8.191471
1 -202.392243 0.000000 0.000000 0.481142 40.319170 1.349357 244.985804 3.004107 3.197032 3.435706 3.519271 2.856150 3.372382 2.680152 3.808268 2.835426 19.497983 206.128225 -8.191471
1 -136.376884 0.000000 0.000000 0.662483 33.872986 2.078954 288.163092 3.319109 3.621911 3.943481 3.323904 3.757231 3.168963 2.553848 3.841127 2.911671 3.321112 277.922281 -8.191471
1 -142.789991 0.000000 0.000000 0.493024 30.170120 1.972960 281.424325 3.494159 3.063270 2.924421 3.245578 3.384018 2.590791 3.075878 3.062995 3.948210 17.158158 199.248071 -8.191471
1 -237.553695 0.000000 0.000000 0.111336 41.483251 4.148513 394.206816 3.363598 3.126013 2.968300 2.810009 3.124951 2.987311 3.358134 3.208859 3.618556 17.426921 184.273155 -8.191471
1 -63.332544 0.000000 0.000000 0.597043 41.191769 2.174239 349.788052 3.434173 3.895811 2.840083 3.897657 3.730275 2.586878 3.395929 3.910920 3.769949 3.269420 239.907146 -8.191471
1 -5205.352334 0.000000 0.000000 0.094993 -71.154476 5.548595 135.722293 3.262625 3.700977 3.068017 3.754940 3.452443 3.206167 3.167296 2.947748 3.648960 5.923943 310.800647 -8.191471
1 -199.166475 0.000000 0.000000 0.256428 37.385669 1.371587 217.083792 3.434103 2.930910 2.955012 3.876528 2.830613 3.134536 3.371822 2.966505 3.190139 17.929326 220.314865 -8.212928
1 -170.410699 0.000000 0.000000 0.356420 8.943989 1.889617 243.614022 3.086673 3.990230 2.716719 2.823385 3.100616 2.810614 2.673729 3.032689 2.868586 13.623423 218.740515 -8.212928
1 -3.057093 0.000000 0.000000 0.392764 42.422423 3.697505 455.453819 3.399197 3.759057 2.749569 3.358484 3.461615 2.560729 3.027475 3.450935 2.917721 1.424478 210.834644 -8.212928
1 -47.933446 0.000000 0.000000 0.489108 51.946261 2.224875 401.783329 3.429308 2.938281 3.942164 3.305361 3.075286 3.554365 3.560556 3.074286 3.609207 1.337593 236.163227 -8.212928
1 -161.025480 0.000000 0.000000 0.650693 40.118056 0.901112 267.167756 3.116899 3.320154 3.565130 3.270165 3.521361 3.542484 2.698381 2.925914 2.909895 15.850986 201.174572 -8.212928
1 -121.831120 0.000000 0.000000 0.647336 23.269784 2.280803 264.025551 3.306390 3.523322 3.961915 3.325975 3.713568 3.156232 2.620478 3.813535 2.928026 3.455770 279.808794 -8.212928
1 -269.615171 0.000000 0.000000 0.512127 37.243337 0.034734 184.161974 3.490830 3.188478 3.032314 3.145765 2.901528 2.711928 3.084348 2.977977 3.921194 22.907405 214.528938 -8.212928
1 -251.906618 0.000000 0.000000 0.108258 44.764899 3.942360 378.182072 3.320447 3.030256 2.972214 2.811846 3.148110 2.973013 3.327546 3.193537 3.568979 18.464364 187.638145 -8.212928
1 -91.561056 0.000000 0.000000 0.494173 57.277331 2.328970 372.905557 3.447777 3.773464 2.968621 3.986679 3.916115 3.671952 3.455974 3.867643 3.767311 1.903349 249.156837 -8.212928
1 -5159.017280 0.000000 0.000000 0.153679 -47.313244 7.785132 106.106462 3.084580 3.422461 3.481927 3.679534 3.987780 3.197136 3.083205 2.897669 3.509950 6.154143 316.913466 -8.212928
1 -172.378126 0.000000 0.000000 0.264494 30.599909 1.366249 228.622511 3.419873 2.885960 2.946854 3.877179 2.853952 3.194825 3.406011 2.963210 3.171305 17.248618 216.246337 -8.217726
1 -226.354668 0.000000 0.000000 0.356961 9.146636 1.887523 243.009859 3.089955 3.998578 2.704818 2.826911 3.106366 2.810600 2.669012 3.037838 2.873091 13.715901 218.533308 -8.217726
1 -86.686834 0.000000 0.000000 0.536834 45.692679 3.044143 441.151466 3.386735 3.518119 3.242511 3.300405 3.535174 2.578362 2.788039 3.420346 3.895505 1.453650 220.354542 -8.217726
1 -55.107202 0.000000 0.000000 0.475357 54.060281 2.260794 405.094146 3.429925 2.862037 3.959008 3.403458 3.068768 3.627651 3.614077 3.041503 3.591061 1.286373 234.125178 -8.217726
1 -130.010338 0.000000 0.000000 0.664809 41.280352 0.262206 249.921215 3.083917 3.189893 3.550429 3.199549 3.375472 3.562877 2.719562 2.825046 3.044284 17.428736 190.619538 -8.217726
1 -44.608005 0.000000 0.000000 0.665859 25.312804 2.143079 273.440543 3.321642 3.541393 3.935500 3.335946 3.714493 3.111037 2.570851 3.847159 2.904151 3.428933 276.255750 -8.217726
1 -182.204364 0.000000 0.000000 0.492488 21.692163 0.075523 177.198330 3.528706 3.194842 3.044087 3.084249 2.920374 2.647415 2.840264 3.187581 2.874725 24.551074 220.754039 -8.217726
1 -228.099898 0.000000 0.000000 0.119492 44.446798 3.793064 374.845190 3.305781 3.037952 2.969097 3.998714 3.154877 2.968459 3.331000 3.183971 3.560883 18.353618 186.406522 -8.217726
1 -13.462726 0.000000 0.000000 0.511242 40.549778 2.908743 388.771932 3.314248 3.767319 2.876570 3.965353 3.999022 3.540901 3.420779 3.929115 3.761423 1.698549 252.337814 -8.217726
1 -196.484317 0.000000 0.000000 0.687768 31.443816 0.589983 229.927508 3.036912 3.590022 3.452076 3.220858 3.485903 3.432221 2.604521 2.936591 3.994238 15.874505 208.298170 -8.217726
1 -152.949305 0.000000 0.000000 0.305821 23.640029 1.405058 237.799236 3.525321 3.993268 3.019601 3.854514 2.997795 3.112976 3.307030 3.009216 3.148690 16.990587 210.622212 -8.224034
1 -229.733910 0.000000 0.000000 0.338485 9.745282 1.958438 246.599346 3.108686 3.980777 2.712331 2.839964 3.087029 2.822624 2.698245 3.032749 2.892941 13.777571 217.670618 -8.224034
1 -4.451475 0.000000 0.000000 0.445035 43.667790 2.914909 417.381073 3.529279 3.418996 3.306954 3.265970 3.680144 3.687518 2.725765 3.374246 3.963576 1.738175 210.904105 -8.224034
1 -28.959748 0.000000 0.000000 0.597440 48.661025 2.375217 398.248658 3.420773 2.947177 3.963794 3.305085 3.030267 2.514836 3.531309 3.080516 3.572249 1.551789 234.700241 -8.224034
1 -189.839077 0.000000 0.000000 0.709141 43.833397 0.022098 246.378097 2.987835 3.298357 3.540963 3.075237 3.416740 3.500543 2.578065 2.934076 3.094178 19.113589 184.762128 -8.224034
1 -73.437806 0.000000 0.000000 0.711182 29.699510 2.189000 274.867646 3.291490 3.616659 3.952790 3.334594 3.731740 3.099797 2.546493 3.829500 2.937671 3.781954 272.568621 -8.224034
1 -181.937801 0.000000 0.000000 0.489132 15.152148 0.337459 179.432107 3.497946 3.129482 3.099885 3.123971 2.838361 2.684492 2.868653 3.194150 2.884589 25.453946 221.933510 -8.224034
1 -185.376680 0.000000 0.000000 0.123005 44.844546 3.752089 372.266802 3.316463 3.026127 2.978362 3.997132 3.150089 2.965096 3.329252 3.189779 3.559158 18.552979 186.906906 -8.224034
1 -76.477431 0.000000 0.000000 0.341283 47.348606 2.863868 391.486657 3.606648 3.343440 2.984105 2.977609 3.720923 2.563849 2.619231 3.748656 3.966515 2.079901 247.226318 -8.224034
1 -240.520937 0.000000 0.000000 0.639818 26.913107 1.780161 263.023222 2.760587 3.521628 2.737238 3.686831 3.700239 2.562835 2.524339 3.352634 2.946073 17.010385 214.384588 -8.224034
1 -204.028260 0.000000 0.000000 0.169189 20.493966 2.272399 254.057082 3.498612 2.800861 2.979751 3.930533 3.062520 3.256615 3.419190 3.061979 3.050633 20.518183 211.730963 -8.234382
1 -218.974937 0.000000 0.000000 0.342727 10.807024 2.025902 253.983167 3.103447 3.970725 2.740143 2.851415 3.092184 2.820048 2.734109 3.025648 2.912799 12.973946 218.093673 -8.234382
1 -21.558122 0.000000 0.000000 0.348383 52.798590 3.190456 428.796555 3.691958 3.640031 2.995357 3.188349 3.977865 3.157570 3.380607 3.707250 3.665203 1.150295 244.133653 -8.234382
1 -40.800180 0.000000 0.000000 0.562324 49.255660 1.709059 372.524478 3.326964 3.972125 3.816256 3.134911 2.978216 3.506484 3.445795 3.024854 3.342179 2.429302 199.846014 -8.234382
1 -111.189149 0.000000 0.000000 0.730859 46.348174 0.057563 258.280094 2.984512 3.352458 3.539448 2.994026 3.487304 3.451513 2.514939 3.005446 3.078747 17.686052 187.364429 -8.234382
1 -98.177616 0.000000 0.000000 0.697270 29.619013 2.247079 275.568552 3.290652 3.613452 3.932854 3.360148 3.735728 3.095294 2.552920 3.829418 2.941736 4.021987 271.569012 -8.234382
1 -185.519352 0.000000 0.000000 0.495342 17.789654 0.106706 174.448123 3.554563 3.080913 3.125045 3.140125 2.905081 2.672273 2.876586 3.182008 2.841172 26.297125 221.519167 -8.234382
1 -188.252381 0.000000 0.000000 0.122743 44.533647 3.778417 374.003898 3.320513 3.021178 2.992557 3.999817 3.150663 2.961469 3.350707 3.193214 3.572151 18.560746 187.209317 -8.234382
1 -65.346588 0.000000 0.000000 0.328316 49.774076 3.060625 405.587960 3.593204 3.311986 3.037767 3.065381 3.757445 2.629725 2.710379 3.761966 2.888251 1.882775 244.574300 -8.234382
1 -182.527875 0.000000 0.000000 0.624050 22.045793 0.812917 243.490110 2.836913 3.479416 2.505109 3.451464 3.593185 3.669480 3.587962 3.259506 2.884199 21.357815 201.823283 -8.234382
1 -192.059751 0.000000 0.000000 0.214178 26.655637 1.191160 241.139334 3.490785 3.987923 2.948983 3.926557 3.093329 3.316762 3.406184 3.048083 3.016336 20.583676 204.888234 -8.246337
1 -208.326731 0.000000 0.000000 0.344801 11.178763 1.940894 254.990071 3.125430 3.999052 2.802337 2.845094 3.070927 2.819183 2.720973 3.014246 2.917279 12.223266 218.542321 -8.246337
1 -272.944957 0.000000 0.000000 0.264551 77.625419 3.079104 422.933175 3.572853 3.741677 2.799905 3.154134 2.925205 3.389190 3.194016 3.745664 3.597498 1.164778 282.401067 -8.246337
1 -23.784272 0.000000 0.000000 0.602761 43.724758 1.746380 351.152752 3.202301 3.005270 3.791611 3.007893 3.941965 3.386206 3.115058 3.976743 3.205107 4.866330 191.235207 -8.246337
1 -152.504819 0.000000 0.000000 0.744513 44.902845 0.149521 265.689412 2.927800 3.315426 3.607275 2.963390 3.523645 3.425885 3.675012 3.008246 2.981407 16.276576 185.487300 -8.246337
1 -180.123600 0.000000 0.000000 0.739568 22.318371 2.965756 286.974036 3.430066 3.405238 2.748716 3.213490 3.887191 3.146209 2.515505 3.803888 3.930554 5.787582 257.557584 -8.246337
1 -142.763566 0.000000 0.000000 0.478852 11.661691 0.264057 163.499502 3.580271 3.048912 3.047386 3.164413 2.898818 2.630756 2.883297 3.197037 2.829546 25.764118 228.211802 -8.246337
1 -179.110300 0.000000 0.000000 0.260884 41.041721 4.056012 400.145762 3.234308 3.007884 3.035566 2.807019 3.219891 2.928721 3.353740 3.296497 3.650554 16.544854 176.477927 -8.246337
1 -42.562747 0.000000 0.000000 0.425430 46.508900 2.915591 396.973126 3.483859 3.419577 3.020160 2.963690 3.855615 2.695123 2.560843 3.693613 2.813575 1.415694 252.648433 -8.246337
1 -169.976425 0.000000 0.000000 0.587109 24.288243 0.874826 258.484163 2.858881 3.382285 2.558259 3.552621 3.614444 3.640321 3.556806 3.240726 2.867386 21.954669 193.820106 -8.246337
1 -231.258513 0.000000 0.000000 0.177927 25.830400 0.845251 205.474063 3.484858 3.006250 2.852190 3.732438 3.037767 3.351344 3.169040 2.969796 2.948928 18.770318 219.419945 -8.258654
1 -151.169419 0.000000 0.000000 0.335915 11.780526 1.889865 255.326238 3.138869 3.981467 2.804594 2.865065 3.059204 2.833460 2.714121 3.003478 2.888773 12.218059 217.250742 -8.258654
1 -420.100425 0.000000 0.000000 0.265886 76.474446 3.113042 423.932490 3.581535 3.740430 2.806923 3.158271 2.924979 3.393656 3.192489 3.752869 3.600722 1.113708 283.757483 -8.258654
1 -23.616550 0.000000 0.000000 0.580353 41.620849 1.568826 345.404382 3.255340 3.050273 3.784543 2.959805 3.819852 3.407144 3.038184 3.905164 3.258701 5.278935 184.725642 -8.258654
1 -245.002460 0.000000 0.000000 0.590635 35.902569 0.044258 191.508009 2.825870 3.511917 3.487202 3.946492 3.420643 3.627721 3.354496 2.901075 2.941495 18.644668 216.357098 -8.258654
1 -88.711718 0.000000 0.000000 0.590465 24.945243 2.759609 257.013941 3.311142 3.431170 2.787021 3.054739 3.697684 3.087876 3.642808 3.815382 3.686409 7.497094 251.568406 -8.258654
1 -218.052540 0.000000 0.000000 0.450848 11.521889 0.242078 159.663227 3.581173 3.131421 3.093214 3.073877 2.843352 2.564276 2.889022 3.135865 3.864615 26.789089 225.862241 -8.258654
1 -57.096270 0.000000 0.000000 0.327050 38.701177 3.932396 411.578691 3.150412 3.074709 3.008358 3.900045 3.330650 2.953797 3.342927 3.363609 3.634147 16.667662 169.356888 -8.258654
1 -6.052898 0.000000 0.000000 0.549485 48.579859 3.659924 397.433246 3.414514 3.241959 3.047020 3.054119 3.850510 2.644573 2.547129 3.659352 2.832052 1.614522 311.964938 -8.258654
1 -165.220794 0.000000 0.000000 0.585214 24.749579 0.923480 250.872639 2.858626 3.442677 2.585124 3.592425 3.540851 2.560589 3.648367 3.225478 2.837302 23.453438 195.177278 -8.258654
1 -243.076585 0.000000 0.000000 0.215547 17.081442 0.588673 178.276688 3.539266 3.078613 3.115292 3.446968 3.048662 3.447927 3.149564 3.071682 2.905561 15.168520 228.912738 -8.269565
1 -134.198779 0.000000 0.000000 0.198915 9.018112 2.009025 249.156752 3.378699 3.847146 2.681557 3.950815 2.880214 2.852343 2.674901 3.000778 2.868269 11.346853 220.502611 -8.269565
1 -137.980972 0.000000 0.000000 0.177571 78.546365 3.963086 429.117371 3.448328 3.696618 2.805740 3.149791 2.964559 3.421405 3.221056 3.737670 3.669391 1.077533 307.061983 -8.269565
1 -38.919678 0.000000 0.000000 0.526390 37.097548 2.851245 390.673353 3.271808 3.197269 3.724159 2.829157 3.829141 3.436756 3.048135 3.863160 3.172048 5.038337 185.366170 -8.269565
1 -216.825510 0.000000 0.000000 0.643660 31.393617 0.101578 202.754362 2.785185 3.583799 3.454794 3.890307 3.509042 3.542914 3.413663 3.065118 3.102942 17.298949 216.238519 -8.269565
1 -175.079125 0.000000 0.000000 0.594650 11.817912 1.131216 166.954544 3.369693 3.517309 2.732661 3.119470 3.863627 3.190601 3.666763 3.831579 3.740189 7.489242 269.160675 -8.269565
1 -223.609387 0.000000 0.000000 0.456717 10.264405 0.051326 150.076987 3.601428 3.006780 3.189075 3.039327 2.934861 2.643737 2.922245 3.210670 3.888412 26.499491 227.297599 -8.269565
1 -75.772757 0.000000 0.000000 0.325375 31.852387 4.664516 436.750991 3.100716 3.267328 3.022293 3.993043 3.087610 2.937949 3.238212 3.545940 3.587475 13.638127 162.538930 -8.269565
1 -42.672951 0.000000 0.000000 0.516597 43.598335 3.793896 392.815875 3.372077 3.275653 3.059775 3.021910 3.865548 2.619126 2.552596 3.593206 2.826530 1.360148 313.895454 -8.269565
1 -98.360855 0.000000 0.000000 0.691323 25.079259 0.699288 215.702587 2.985935 3.406457 3.995394 3.347784 3.744158 2.695330 2.686142 3.395831 2.958308 20.506419 220.519993 -8.269565
1 -224.352469 0.000000 0.000000 0.208315 24.946125 0.428773 199.411919 3.340150 3.242362 2.907305 3.609464 3.022335 3.692642 3.298682 2.892810 2.870439 10.898549 229.729854 -8.281067
1 -136.299244 0.000000 0.000000 0.168324 14.113413 2.421726 266.488528 3.415221 3.855062 2.616662 3.934337 2.844519 2.879035 2.681639 3.026305 2.909175 10.381536 226.002363 -8.281067
1 -269.516452 0.000000 0.000000 0.128256 79.182977 3.862034 439.987231 3.474280 3.702789 2.792630 3.188336 2.937670 3.376295 3.176238 3.732412 3.640041 1.058896 301.368149 -8.281067
1 -8.192419 0.000000 0.000000 0.483299 37.052701 4.544429 447.977561 3.073511 3.215435 3.461048 3.938870 3.832657 3.375378 3.162866 3.671553 3.416085 4.974023 184.887848 -8.281067
1 -180.740746 0.000000 0.000000 0.667762 30.747419 0.239837 210.979568 2.740202 3.641116 3.463476 3.933991 3.520397 3.431781 3.352143 3.073244 3.118172 18.143752 210.931148 -8.281067
1 -208.022861 0.000000 0.000000 0.657714 3.473024 0.917733 132.890589 3.318408 3.463367 2.921217 3.173413 2.829233 3.120216 3.533627 3.788605 3.597605 10.057687 263.405322 -8.281067
1 -141.132917 0.000000 0.000000 0.505636 10.456587 1.006290 163.093483 3.513031 2.998364 3.058094 3.021708 2.971553 2.667506 2.978919 3.156238 3.888744 26.988667 228.686359 -8.281067
1 -74.395905 0.000000 0.000000 0.332697 31.856230 4.643191 434.726307 3.100901 3.258744 3.026995 3.979273 3.086620 2.941197 3.251601 3.558642 3.600276 13.648219 163.301179 -8.281067
1 -67.187603 0.000000 0.000000 0.517901 49.331572 4.013067 401.975928 3.452465 3.379352 3.308753 3.045311 3.874173 2.658765 2.616418 3.482096 3.859484 1.874293 292.943227 -8.281067
1 -152.173609 0.000000 0.000000 0.701379 22.811184 0.904192 230.842836 2.888057 3.478478 3.993384 3.451940 3.664241 2.706890 2.746024 3.409724 3.036889 21.845228 210.317628 -8.281067
1 -170.839113 0.000000 0.000000 0.096748 15.713392 0.851085 184.742679 3.550332 3.296645 2.796660 3.573432 2.929748 3.415646 2.934600 2.844603 3.898317 10.743138 239.738370 -8.300448
1 -136.720880 0.000000 0.000000 0.169178 11.936012 2.810853 283.610585 3.417090 3.864517 2.571098 3.925881 2.901580 2.859362 2.689483 3.022301 2.901830 10.649529 224.344808 -8.300448
1 -228.392668 0.000000 0.000000 0.143332 78.531064 4.028927 396.571954 3.386587 3.658386 2.824111 3.135265 3.009748 3.377470 3.221606 3.765019 3.661868 1.610483 300.129266 -8.300448
1 -13.442513 0.000000 0.000000 0.487464 42.711194 4.800313 467.033248 3.069532 3.195015 3.458558 3.816919 3.914475 3.434961 3.206248 3.850758 3.489292 3.279787 190.335997 -8.300448
1 -165.892457 0.000000 0.000000 0.660697 30.882920 0.575065 243.390910 2.635707 3.592780 3.408565 3.818193 3.570307 3.392381 3.402768 3.070126 3.098077 19.322656 195.263950 -8.300448
1 -165.879910 0.000000 0.000000 0.676085 -2.707719 0.866011 132.344867 3.327954 3.471141 2.904409 3.195776 3.976422 3.106321 3.508189 3.765210 3.593445 10.093182 263.356888 -8.300448
1 -134.844642 0.000000 0.000000 0.505144 11.879781 1.109255 168.063325 3.453800 3.098751 3.051786 3.155442 3.086352 2.566815 2.873339 3.160223 3.784819 28.323942 225.838161 -8.300448
1 -74.379289 0.000000 0.000000 0.332544 31.860001 4.643906 434.780115 3.101098 3.258666 3.027033 3.979396 3.086755 2.941346 3.251487 3.558619 3.600219 13.646202 163.290532 -8.300448
1 5.069566 0.000000 0.000000 0.562541 44.233320 3.587456 394.999018 3.506222 3.452030 2.990837 3.253990 3.878592 2.766757 2.541619 3.445114 3.596503 1.683332 291.625648 -8.300448
1 -146.450447 0.000000 0.000000 0.749675 22.595937 0.895130 253.502112 3.027894 3.500382 3.956657 3.368816 3.619650 2.614413 2.682990 3.478599 3.075663 21.856933 200.862279 -8.300448
1 -167.422036 0.000000 0.000000 0.136371 16.665729 0.634776 176.726217 3.522641 3.272790 2.862232 3.525236 2.991623 3.514454 2.940182 2.870578 3.923148 11.328927 237.242117 -8.344278
1 -137.757884 0.000000 0.000000 0.170284 11.076339 2.778181 281.993861 3.420918 3.867025 2.571387 3.920791 2.906071 2.855122 2.689670 3.023804 2.896919 10.788201 224.295350 -8.344278
1 -118.509152 0.000000 0.000000 0.142501 76.783275 4.087472 397.104391 3.374977 3.658685 2.823813 3.128485 3.012689 3.371456 3.225056 3.761965 3.661915 1.630033 299.591283 -8.344278
1 -179.371527 0.000000 0.000000 0.304902 40.311363 5.556522 438.535883 3.087656 3.017713 3.300765 3.583849 3.786062 3.413601 3.335092 3.741696 3.499491 3.225484 248.489225 -8.344278
1 -159.052866 0.000000 0.000000 0.667470 35.934281 0.393552 238.959216 2.673744 3.552455 3.415516 3.766555 3.587620 3.451399 3.466442 3.057885 3.190685 18.614592 199.021720 -8.344278
1 -142.967703 0.000000 0.000000 0.097895 18.946086 1.606545 205.014517 3.475164 3.114168 3.115812 3.840008 3.277133 3.083261 3.398954 2.842795 2.985573 2.484210 329.544533 -8.344278
1 -208.227961 0.000000 0.000000 0.485293 18.734220 0.664921 183.979979 3.463746 3.053697 2.988455 3.166408 2.927818 3.645610 2.777840 3.207662 3.765604 22.477511 224.507115 -8.344278
1 -155.312018 0.000000 0.000000 0.261252 29.898036 4.348653 417.019666 3.215444 3.295678 3.010269 2.843860 3.142063 2.997210 3.261415 3.536374 3.537066 12.931538 179.993195 -8.344278
1 -29.374450 0.000000 0.000000 0.528964 46.661780 3.104401 372.343939 3.528753 3.517574 3.210934 3.297759 3.766300 2.865414 2.583070 3.470599 3.601632 2.008294 272.640405 -8.344278
1 -148.560127 0.000000 0.000000 0.762713 21.493585 0.806546 247.338056 3.056330 3.502334 3.944273 3.386860 3.630886 2.652245 2.709500 3.477592 3.077538 21.807889 203.134456 -8.344278
1 -271.707424 0.000000 0.000000 0.127556 48.626722 0.258855 188.575306 3.443493 3.336145 2.643912 3.478375 2.982759 3.254973 2.998947 2.931896 3.852417 12.352688 228.014440 -8.430156
1 -128.704635 0.000000 0.000000 0.253284 50.727398 3.367732 340.071260 3.187225 3.643245 3.607993 3.205772 3.864381 2.901420 3.620331 3.576971 3.320933 2.937262 264.595255 -8.430156
1 -129.600804 0.000000 0.000000 0.143314 77.528954 3.993372 396.850122 3.372925 3.654258 2.828150 3.133649 3.017104 3.365504 3.221841 3.766705 3.662798 1.564747 300.311374 -8.430156
1 -1.371617 0.000000 0.000000 0.548901 36.180957 4.911907 459.941739 3.374905 2.850085 2.934412 3.730994 3.677124 3.402346 3.585297 3.598620 3.707863 2.102499 251.825636 -8.430156
1 -166.071259 0.000000 0.000000 0.677004 36.767731 0.409483 252.505017 2.674061 3.574873 3.437882 3.719791 3.598523 3.477329 3.462284 3.073627 3.105634 18.630898 187.264399 -8.430156
1 -184.985237 0.000000 0.000000 0.094411 13.934839 1.490555 207.655436 3.472303 3.095535 3.079063 3.850298 3.261880 3.049154 3.408730 2.853334 2.992219 2.362180 326.804476 -8.430156
1 -132.185162 0.000000 0.000000 0.466736 17.651768 0.956593 170.885482 3.424645 3.191243 3.153670 3.167231 3.118763 3.677186 2.804893 3.230548 3.803971 20.909622 231.661084 -8.430156
1 -150.472114 0.000000 0.000000 0.283557 37.269068 4.665417 417.968164 3.244600 3.343039 3.046617 2.818647 3.077142 2.994381 3.222072 3.575063 3.544668 14.770661 177.351621 -8.430156
1 -56.075336 0.000000 0.000000 0.567513 45.441256 2.933204 363.489796 3.514944 3.460956 3.224595 3.338526 3.807486 2.884205 2.595275 3.450601 3.652697 2.455522 267.811027 -8.430156
1 -161.450958 0.000000 0.000000 0.693040 19.953790 1.649086 241.134909 3.036659 3.454610 3.728061 3.462129 3.544813 2.800210 2.611121 3.502719 2.989003 23.898264 213.810159 -8.430156
1 -264.438568 0.000000 0.000000 0.113745 44.905237 0.389585 197.088293 3.441471 3.315209 2.663410 3.515654 3.009588 3.148081 3.044548 2.897260 3.772529 12.017611 226.484349 -8.597590
1 -70.312220 0.000000 0.000000 0.172889 48.436116 2.660636 303.196206 3.207280 3.690892 3.623363 3.218084 3.778429 2.834142 3.603989 3.469970 3.201507 3.340478 271.457097 -8.597590
1 -195.710212 0.000000 0.000000 0.096222 80.328737 4.203705 387.363977 3.329788 3.668093 2.773529 3.171441 2.991300 3.432910 3.214938 3.738711 3.603922 2.023406 286.819412 -8.597590
1 -44.366116 0.000000 0.000000 0.551518 37.499108 5.181959 434.614616 3.350267 2.904165 2.986162 3.708631 3.808043 3.392338 3.498814 3.588349 3.726194 2.758558 260.455336 -8.597590
1 -189.381412 0.000000 0.000000 0.688500 23.926655 2.204107 237.106395 2.761636 3.302155 3.300024 3.741120 3.273982 2.583138 3.499987 2.825333 2.909512 16.843992 223.423253 -8.597590
1 -182.562489 0.000000 0.000000 0.083977 13.950147 1.548285 215.113828 3.486565 3.088304 3.076484 3.871501 3.211861 3.070088 3.434254 2.856872 3.008405 2.713524 320.162840 -8.597590
1 -142.071226 0.000000 0.000000 0.324402 10.719454 1.630448 204.715893 3.528390 3.037869 2.961993 3.057144 2.986249 3.671111 3.041978 3.106798 3.874447 18.001203 226.553026 -8.597590
1 -216.800820 0.000000 0.000000 0.237604 27.914722 4.612854 406.514063 3.379895 3.320068 2.994882 2.935330 3.085915 2.969049 3.215033 3.498073 3.540081 15.098950 188.199958 -8.597590
1 7.514769 0.000000 0.000000 0.668191 39.822385 3.482942 393.801321 3.396947 3.495842 3.521807 3.389458 2.845908 2.734218 2.810629 3.455986 3.486130 2.131690 258.953828 -8.597590
1 -219.626724 0.000000 0.000000 0.668286 24.800817 1.494208 232.158276 2.946957 3.476545 3.695486 3.512353 3.687835 2.757998 2.674985 3.456833 2.877566 22.753109 220.671300 -8.597590
1 -173.966729 0.000000 0.000000 0.067601 44.121371 0.770557 204.919273 3.435515 3.166529 2.521094 3.603598 3.255247 3.316086 3.232016 2.911122 3.830408 11.799125 228.512309 -8.737627
1 -111.185036 0.000000 0.000000 0.148228 48.632705 2.882963 307.311049 3.208038 3.627799 3.573170 3.242759 3.894115 2.916941 3.682404 3.492804 3.231185 3.435885 272.159732 -8.737627
1 -10.902686 0.000000 0.000000 0.673492 39.117834 3.667187 400.502156 3.391337 3.482005 3.528936 3.406023 2.900156 2.746139 2.851090 3.521739 3.471323 2.034385 259.396443 -8.737627
1 1.142032 0.000000 0.000000 0.568656 41.984568 5.061977 445.661520 3.342831 2.994874 2.978778 3.692675 3.780051 3.403851 3.425103 3.648150 3.810133 1.863145 286.611173 -8.737627
1 -187.360595 0.000000 0.000000 0.705968 21.112152 2.300285 247.867860 2.789446 3.378449 3.364174 3.756719 3.195452 2.544448 3.430780 3.981069 2.919540 19.049419 222.508907 -8.737627
1 -127.489172 0.000000 0.000000 0.065402 15.800774 1.755181 222.837157 3.536558 3.098763 3.070405 3.831171 2.981211 3.027211 3.448514 2.887851 2.988665 2.159987 329.358097 -8.737627
1 -143.120613 0.000000 0.000000 0.312748 10.687205 1.692778 207.123482 3.528549 3.038795 2.953190 3.045488 2.979580 3.671003 3.062396 3.118313 3.875149 18.025413 225.458016 -8.737627
1 -237.815511 0.000000 0.000000 0.213820 33.844655 4.828939 422.416237 3.373417 3.331843 2.931484 2.895909 3.195971 3.024431 3.288334 3.547188 3.671710 14.487156 179.896179 -8.737627
1 -28.475819 0.000000 0.000000 0.765485 46.446873 2.931864 387.588759 3.359008 3.378291 3.477710 3.408432 3.939317 2.843890 2.593311 3.403681 3.680843 2.074429 272.443559 -8.737627
1 -268.477437 0.000000 0.000000 0.616717 29.822719 0.815846 199.562964 2.950278 3.443638 3.579671 3.638049 3.712545 2.703317 2.735710 3.333269 2.838821 22.446159 221.682327 -8.737627
1 -262.448441 0.000000 0.000000 0.068716 30.972948 0.855264 224.304692 3.562962 3.177636 2.732318 3.583371 3.353251 3.112842 3.034882 3.973095 3.839923 13.729295 216.928257 -8.866484
1 -170.931258 0.000000 0.000000 0.139301 46.045107 2.458466 265.555967 3.250341 3.561016 3.575338 3.247124 3.850055 2.826539 3.645863 3.417455 3.273920 3.462059 280.980835 -8.866484
1 -17.592899 0.000000 0.000000 0.704447 38.395213 4.843349 407.809014 3.481903 3.467531 3.487121 3.355699 2.835946 2.745409 2.886669 3.499970 3.453988 2.037676 280.938220 -8.866484
1 -94.243847 0.000000 0.000000 0.558928 36.633024 6.844518 420.214995 2.998621 3.219476 3.158876 3.748239 3.775756 3.519467 3.668898 3.554344 3.746301 3.196914 289.862828 -8.866484
1 -235.568346 0.000000 0.000000 0.720007 17.261593 1.166641 222.330771 2.746726 3.524974 3.302761 3.612180 3.154289 3.512838 3.259711 3.889940 2.967040 18.235866 220.885601 -8.866484
1 -26.526977 0.000000 0.000000 0.363880 28.667457 6.395319 467.641841 3.534835 3.628834 3.272419 3.730467 3.129771 3.579537 3.546418 3.075298 2.884279 1.353911 312.057637 -8.866484
1 -137.652902 0.000000 0.000000 0.281846 13.559603 2.199493 231.351368 3.538973 3.047650 2.947513 3.090082 2.938551 2.554088 3.183588 3.121314 3.908836 16.146265 227.096949 -8.866484
1 -164.551134 0.000000 0.000000 0.252678 35.009429 4.860472 423.251136 3.292256 3.363995 2.976020 2.966895 3.247082 3.012192 3.318005 3.625732 3.579597 14.880891 178.540175 -8.866484
1 -10.250639 0.000000 0.000000 0.645520 43.664880 1.697159 334.058112 3.325878 3.403461 3.497902 3.484642 2.959689 2.992899 2.798621 3.196368 3.415628 2.213979 280.417318 -8.866484
1 -246.375263 0.000000 0.000000 0.600318 27.473826 0.940350 203.064886 2.989959 3.483590 3.693389 3.568494 3.638268 2.754189 2.737644 3.271065 2.852580 24.599759 218.649448 -8.866484
1 -238.134320 0.000000 0.000000 0.037327 23.797541 0.734397 182.504828 2.506229 3.109826 2.818774 3.619018 3.344489 3.134193 2.959648 3.901941 3.980060 12.101515 237.104021 -8.993588
1 -206.355603 0.000000 0.000000 0.120552 48.160333 2.305759 261.941795 3.267676 3.557955 3.567634 3.240202 3.837746 2.848859 3.665267 3.420221 3.318330 3.429142 277.910956 -8.993588
1 -250.386623 0.000000 0.000000 0.052220 34.430073 5.525216 468.796059 3.504468 3.566117 3.579465 3.121160 3.828328 2.837723 3.047549 3.408100 3.397068 2.448649 234.393995 -8.993588
1 8.872205 0.000000 0.000000 0.493479 38.663072 4.725235 442.437351 3.208463 3.290245 3.140785 3.704703 3.720221 2.546420 2.610620 3.239199 3.316917 1.189989 307.857965 -8.993588
1 -136.517787 0.000000 0.000000 0.688328 19.628263 1.490877 234.471077 2.687317 3.569464 3.331466 3.541103 3.206383 3.534252 3.345271 3.877519 2.934400 16.930886 217.125851 -8.993588
1 -26.631651 0.000000 0.000000 0.345869 29.809927 6.350961 464.867267 3.532869 3.629846 3.274134 3.720822 3.149988 3.575457 3.549501 3.063450 2.885592 1.365782 311.843312 -8.993588
1 -126.710596 0.000000 0.000000 0.383835 14.225313 3.031484 246.274023 3.542129 3.008979 2.979542 3.145584 2.901717 2.617158 3.099327 3.107606 2.801599 17.426600 228.263369 -8.993588
1 -140.263678 0.000000 0.000000 0.264778 34.108757 4.718824 426.066154 3.258896 3.463915 2.942892 3.106721 3.225192 3.083730 3.373714 3.601372 3.513943 14.946827 173.568342 -8.993588
1 -18.271114 0.000000 0.000000 0.672439 43.456376 1.996822 365.445253 3.339467 3.390108 3.546766 3.521891 2.959265 3.055402 2.845743 3.205966 3.451112 1.363728 280.178403 -8.993588
1 -157.718509 0.000000 0.000000 0.702838 28.607966 1.305967 235.102845 2.966624 3.482741 3.628680 3.581100 3.467349 2.832712 2.670457 3.338139 2.845746 25.394054 209.640964 -8.993588
1 -185.261994 0.000000 0.000000 0.709341 23.399493 0.938140 185.775880 2.662484 3.076310 2.764647 3.509203 3.461653 3.024142 2.776575 3.826747 2.826131 10.205226 248.268464 -9.110320
1 -201.275992 0.000000 0.000000 0.122640 22.570083 1.278908 202.277109 3.477046 3.213580 3.532590 2.901513 3.674957 3.049122 2.692203 3.549925 3.109622 7.881521 254.194284 -9.110320
1 -218.760866 0.000000 0.000000 0.069209 36.393045 6.498133 467.071426 3.561728 3.471600 3.594278 3.214990 3.825550 2.975992 3.146975 3.456059 3.438964 2.738813 248.587917 -9.110320
1 -23.566652 0.000000 0.000000 0.476357 41.001403 4.682761 430.214792 3.226882 3.263302 3.133815 3.685849 3.769377 3.663155 2.585931 3.218503 3.421002 1.350656 293.435204 -9.110320
1 -149.739276 0.000000 0.000000 0.695198 20.753562 1.168826 242.988771 2.651605 3.607763 3.429277 3.481093 3.280014 3.591789 3.395603 3.870975 2.956251 15.192122 216.131850 -9.110320
1 -71.597125 0.000000 0.000000 0.344512 46.273049 6.274704 479.712201 3.580355 3.647688 3.328415 3.806312 3.100662 3.553028 3.637264 2.974525 2.908229 1.505890 307.198776 -9.110320
1 -133.088315 0.000000 0.000000 0.385896 8.949257 3.011647 244.052696 3.590868 3.020691 2.998833 3.108193 2.907309 2.584377 3.066983 3.116723 2.807254 18.212685 224.450256 -9.110320
1 -122.163269 0.000000 0.000000 0.296636 30.554814 4.422846 414.245409 3.230001 3.457678 2.980804 3.065589 3.231744 3.111445 3.389270 3.605482 3.536790 15.772398 173.619202 -9.110320
1 -7.356082 0.000000 0.000000 0.660077 49.060504 2.043080 352.717841 3.377070 3.401902 3.498941 3.507884 2.953818 3.044100 2.877689 3.159103 3.471460 1.798417 278.381135 -9.110320
1 -38.123573 0.000000 0.000000 0.475260 38.040554 5.233129 442.040879 3.295119 3.407107 3.261265 3.702959 3.697020 2.787662 2.553230 3.261751 3.428149 1.749895 285.194912 -9.110320
1 -8.393145 0.000000 0.000000 0.327774 49.451156 5.312192 487.884406 3.635909 3.180950 3.817525 3.283727 3.479714 3.600513 2.893060 3.365868 3.140673 1.110896 305.594375 -9.220434
1 -161.546031 0.000000 0.000000 0.103659 36.169854 1.383828 201.344518 3.472489 3.142959 3.538782 2.954694 3.722949 3.076473 2.658812 3.531060 3.004529 7.906949 249.508997 -9.220434
1 -153.688853 0.000000 0.000000 0.094480 38.328553 6.351872 464.201483 3.500643 3.513959 3.588562 3.221996 3.839633 3.064339 3.163847 3.521177 3.425468 2.846398 245.464604 -9.220434
1 7.903900 0.000000 0.000000 0.475457 41.089681 4.826089 439.658335 3.283289 3.291595 3.147905 3.708326 3.647114 2.550516 2.785612 3.145087 3.335840 1.409384 298.566908 -9.220434
1 -161.980157 0.000000 0.000000 0.645361 19.831029 1.484458 245.952298 2.666605 3.637355 3.417376 3.470378 3.308502 3.559994 3.261386 3.890456 3.038226 15.882948 216.883466 -9.220434
1 -172.685018 0.000000 0.000000 0.322679 43.906723 6.583389 475.929034 3.656919 3.641462 3.378578 3.884062 3.171216 3.591971 3.494304 2.902791 2.831191 1.540877 316.943925 -9.220434
1 -137.689813 0.000000 0.000000 0.377846 6.973824 2.915411 240.848671 3.613195 2.983956 2.985216 3.101890 2.930751 2.534854 3.059036 3.103134 2.845124 17.552039 224.984471 -9.220434
1 -174.409063 0.000000 0.000000 0.329402 31.020134 4.817318 434.001557 3.225227 3.511644 2.955814 3.115907 3.235292 3.095392 3.391130 3.630273 3.538102 15.089941 175.405821 -9.220434
1 -16.782757 0.000000 0.000000 0.592087 43.515923 3.314074 406.458008 3.197424 3.434720 3.444632 3.016747 3.422250 2.878496 2.670799 3.718770 3.948348 2.723795 222.165722 -9.220434
1 -67.618754 0.000000 0.000000 0.398455 42.384512 6.125475 441.042126 3.352707 3.467131 3.229004 3.759801 3.688054 2.867097 2.611226 3.229481 3.422334 2.442948 277.527352 -9.220434
1 3.071745 0.000000 0.000000 0.407648 38.867725 5.363024 486.197407 3.626791 3.214002 3.605518 3.218324 3.466193 3.629212 2.810613 3.406343 3.179528 0.889524 307.948140 -9.301389
1 -153.517911 0.000000 0.000000 0.105302 32.501042 1.812089 227.498150 3.460364 3.163603 3.513481 2.962132 3.727016 3.109184 2.585709 3.493057 2.967248 6.964436 250.084523 -9.301389
1 -1.554087 0.000000 0.000000 0.707817 47.243222 5.116022 404.187142 3.152840 3.460325 2.842007 3.149329 3.628561 2.633282 3.031003 3.001471 3.539326 2.169514 304.654343 -9.301389
1 -90.476693 0.000000 0.000000 0.300890 56.618537 5.837648 474.718707 3.608659 3.365502 3.445834 3.273212 3.206576 3.354464 3.145036 3.020483 2.880556 1.058504 333.330242 -9.301389
1 -129.175008 0.000000 0.000000 0.675313 23.558149 1.810607 260.305025 2.659931 3.615915 3.364449 3.458830 3.347800 3.546508 3.144867 3.881718 3.003142 16.524931 210.340398 -9.301389
1 -102.414178 0.000000 0.000000 0.404398 45.919104 6.273205 451.818657 3.577560 3.666730 3.394459 3.837306 3.184651 3.605490 3.467779 2.971404 2.848715 1.705099 326.004479 -9.301389
1 -135.959095 0.000000 0.000000 0.374532 8.270157 2.854458 239.123112 3.617108 2.989484 3.002985 3.106212 2.920214 2.521847 3.072833 3.098787 2.854919 17.457857 225.414830 -9.301389
1 -108.449665 0.000000 0.000000 0.449184 23.860560 4.259874 334.036004 3.007175 3.647670 3.411444 3.404872 3.624749 3.358381 2.769490 3.705197 3.252556 10.807294 216.573623 -9.301389
1 -20.543716 0.000000 0.000000 0.641822 42.024226 3.689495 398.405924 3.093420 3.500549 3.306187 2.991440 3.407371 2.934800 2.732418 3.636088 2.802175 3.997804 224.019400 -9.301389
1 -63.574469 0.000000 0.000000 0.425987 42.860882 5.729937 432.818837 3.286823 3.491137 3.225656 3.794152 3.779683 2.859298 3.682654 3.287496 3.500917 2.436546 274.918330 -9.301389
1 -17.154215 0.000000 0.000000 0.408952 44.642382 5.300347 488.531325 3.573096 3.234046 3.667451 3.270012 3.462255 2.541172 2.798894 3.491486 3.154583 0.879225 304.422571 -9.399585
1 -201.184215 0.000000 0.000000 0.077750 24.389836 2.194323 252.722145 3.499531 3.239752 3.414479 2.928077 3.755850 3.131764 2.533935 3.403648 2.962858 7.512605 243.071400 -9.399585
1 -6.680380 0.000000 0.000000 0.696597 46.234966 5.005976 401.356181 3.174439 3.442769 2.857441 3.101146 3.610861 2.670852 2.965554 3.003908 3.508838 2.347428 304.938776 -9.399585
1 -68.368916 0.000000 0.000000 0.356743 68.644843 5.985232 481.931589 3.535242 3.310294 3.393315 3.248934 3.189872 3.396688 3.083114 3.037645 2.861530 1.090595 344.370600 -9.399585
1 -164.951125 0.000000 0.000000 0.578131 25.037791 2.445541 263.116598 2.703736 3.662262 3.154227 3.551866 3.260623 2.531490 3.094885 3.832581 3.190259 17.169009 213.514350 -9.399585
1 -79.254478 0.000000 0.000000 0.393385 46.547928 6.395851 450.047067 3.561291 3.693966 3.365540 3.892257 3.219576 3.527632 3.545998 2.953547 2.874995 1.608909 322.867882 -9.399585
1 -140.723158 0.000000 0.000000 0.350459 8.514287 2.612217 229.913898 3.644963 2.956590 3.001467 3.074226 2.922767 2.508026 3.073203 3.079462 2.828391 17.368264 227.591938 -9.399585
1 -235.925531 0.000000 0.000000 0.455503 22.456702 4.115260 329.447114 3.005584 3.623022 3.416880 3.367011 3.604499 3.365792 2.728248 3.729249 3.239698 11.366054 213.412250 -9.399585
1 -14.728140 0.000000 0.000000 0.633626 40.675274 3.034307 374.066678 3.070792 3.435765 3.313801 2.841532 3.435968 2.862787 2.636179 3.643182 2.806961 4.002164 209.575274 -9.399585
1 -53.846322 0.000000 0.000000 0.473466 42.872188 5.280642 427.156263 3.202868 3.491241 3.262145 3.697461 3.746312 2.805788 3.593949 3.441256 3.387055 2.932568 253.387698 -9.399585
1 5.909846 0.000000 0.000000 0.407189 43.635029 5.411291 494.413407 3.556971 3.320505 3.711865 3.351254 3.418705 2.660065 2.842553 3.620863 3.177376 1.038530 299.539690 -9.448957
1 -191.749303 0.000000 0.000000 0.123596 31.072757 3.138999 284.628628 3.642756 3.177495 3.311067 2.951262 3.633926 3.102289 2.691417 3.206543 3.256947 3.418861 278.618659 -9.448957
1 2.554781 0.000000 0.000000 0.658793 44.078951 5.274477 414.082491 3.141263 3.496860 2.885767 3.143513 3.666760 2.651578 3.005169 3.018923 3.557557 1.959883 313.298678 -9.448957
1 3.472410 0.000000 0.000000 0.477371 35.027527 5.634756 484.828477 3.465731 3.673772 3.201133 3.324205 3.206286 3.608560 3.250137 3.982636 2.894551 1.561788 275.711525 -9.448957
1 -41.545566 0.000000 0.000000 0.528748 28.584796 1.881424 256.498890 2.754676 3.653406 3.159074 3.643854 3.262591 2.651278 3.113302 3.816874 3.105706 16.674284 215.869778 -9.448957
1 -97.667033 0.000000 0.000000 0.390404 46.847427 7.135084 456.385172 3.613994 3.691065 3.412666 3.896470 3.190207 3.551572 3.495228 2.884818 3.927051 2.098160 306.348532 -9.448957
1 -141.209597 0.000000 0.000000 0.347981 8.407420 2.576835 229.049183 3.655107 2.952080 2.999986 3.075889 2.926111 2.515485 3.084956 3.072219 2.827624 17.301325 227.661389 -9.448957
1 -120.035306 0.000000 0.000000 0.513885 28.079367 3.768083 353.449473 2.976849 3.539343 3.384542 3.335598 3.703775 3.372815 2.663487 3.705939 3.220184 11.697572 202.583556 -9.448957
1 -8.976099 0.000000 0.000000 0.599801 33.788257 2.866317 376.357243 3.087303 3.422759 3.288064 3.924442 3.425129 2.810094 2.695551 3.645163 2.867151 4.316622 210.432369 -9.448957
1 6.823365 0.000000 0.000000 0.426740 38.234378 5.279052 475.790916 3.369235 3.508193 3.186707 3.757138 3.462520 2.766504 3.536903 3.236373 3.330304 2.494222 232.299671 -9.448957
1 -123.962613 0.000000 0.000000 0.375472 46.431700 6.562741 481.214231 3.631493 3.290779 3.728249 3.364938 3.514875 2.645401 2.859375 3.431674 3.407271 1.830837 302.034968 -9.528711
1 -296.066663 0.000000 0.000000 0.132906 30.507951 2.325407 278.860478 3.636841 3.191182 3.366118 3.143769 3.630236 3.056798 2.564008 3.293536 3.100217 2.976754 270.442291 -9.528711
1 1.404261 0.000000 0.000000 0.706724 45.794546 5.818353 425.736805 3.135455 3.481278 2.852503 2.939495 3.673075 2.766579 3.040145 3.191717 3.502061 2.354110 291.662945 -9.528711
1 -68.778310 0.000000 0.000000 0.495914 45.553422 5.954416 499.434003 3.524417 3.507153 3.270560 3.353658 3.230389 3.561052 3.264091 3.945864 2.809609 2.266839 244.715266 -9.528711
1 -125.091660 0.000000 0.000000 0.585219 29.337680 1.741508 256.733010 2.664778 3.615633 3.142511 3.520220 3.336145 3.697703 3.024721 3.890820 3.015568 17.304171 210.390286 -9.528711
1 -75.223231 0.000000 0.000000 0.394586 39.765022 7.208823 463.847850 3.563840 3.763423 3.313114 3.931263 3.252691 3.623200 3.487688 2.886381 3.988699 1.804399 304.527647 -9.528711
1 6.015893 0.000000 0.000000 0.479892 36.813022 5.915368 488.368981 3.519727 3.734763 3.235678 3.340559 3.252851 3.582255 3.257688 3.875449 2.984204 1.671289 274.110858 -9.528711
1 -230.271878 0.000000 0.000000 0.447804 34.918174 3.840367 352.477870 2.995989 3.502559 3.509817 3.462240 3.552201 3.442902 2.713121 3.622230 3.242175 12.032573 202.741497 -9.528711
1 -27.296917 0.000000 0.000000 0.532120 44.629016 3.498569 393.343630 3.294243 3.555485 3.158522 3.908104 3.300028 2.855378 2.845738 3.551144 2.881976 3.099839 226.302204 -9.528711
1 -58.459078 0.000000 0.000000 0.405567 45.727671 5.423714 477.272576 3.242382 3.644154 3.321358 3.778910 3.417254 2.759607 3.580751 3.118138 3.372022 2.881745 228.734316 -9.528711
1 -16.656296 0.000000 0.000000 0.416963 36.851169 5.964884 475.797484 3.583734 3.652927 3.209957 3.389493 3.339962 3.580179 3.248894 3.748338 2.963754 1.408530 286.001980 -9.582487
1 -150.313890 0.000000 0.000000 0.116186 27.280654 2.346526 289.678387 3.639003 3.206905 3.423280 3.201217 3.634517 3.052019 2.571460 3.259313 3.180340 2.913323 270.087966 -9.582487
1 -71.792611 0.000000 0.000000 0.743923 45.785626 5.427085 409.456224 3.066418 3.509112 2.863597 3.018521 3.658152 2.683067 3.006014 3.163858 3.635521 2.738733 287.469578 -9.582487
1 -86.791271 0.000000 0.000000 0.369029 45.735359 4.854810 464.223535 2.886828 3.767815 3.279093 3.105291 3.639823 2.961938 2.767237 3.342017 2.852892 3.338411 204.737147 -9.582487
1 -126.538933 0.000000 0.000000 0.563191 28.797194 1.050756 239.661209 2.554486 3.683916 3.006998 3.613997 3.217731 2.649786 2.901896 3.971249 2.873939 16.250152 209.847042 -9.582487
1 1.419339 0.000000 0.000000 0.648941 45.396639 8.945602 496.665918 3.352261 3.897732 3.095890 3.874979 3.280891 3.530891 3.672560 2.873179 2.891789 1.974983 309.281689 -9.582487
1 3.022347 0.000000 0.000000 0.486114 43.863882 6.289442 491.453450 3.588477 3.587238 3.276262 3.094396 3.307976 2.513246 3.381184 3.717109 3.936588 2.779941 231.708956 -9.582487
1 -217.018427 0.000000 0.000000 0.468733 32.082658 3.807941 355.726521 2.989250 3.493602 3.501681 3.505813 3.543395 3.373739 2.684941 3.627908 3.264590 11.227897 204.549600 -9.582487
1 -27.738878 0.000000 0.000000 0.708219 36.631479 3.393192 378.035071 3.180538 3.860428 3.294921 3.999239 3.170477 2.976157 3.144422 3.658022 3.874864 3.307872 254.159199 -9.582487
1 8.136144 0.000000 0.000000 0.431674 40.316045 5.533744 492.111687 3.471004 3.581823 3.202409 3.825723 3.268756 3.005355 2.539818 3.267288 3.426984 1.439850 257.274719 -9.582487
1 -40.332804 0.000000 0.000000 0.455977 31.040410 5.685521 466.908437 3.554666 3.721516 3.021639 3.406930 3.393637 3.526418 3.379678 3.736950 2.856223 1.290387 286.833369 -9.635131
1 -202.737838 0.000000 0.000000 0.126424 26.906857 2.390143 288.042145 3.623837 3.188452 3.435942 3.207949 3.637436 3.080219 2.575601 3.295029 3.192530 2.994282 271.513501 -9.635131
1 -66.511861 0.000000 0.000000 0.615877 44.373534 5.904493 418.986966 3.268145 3.363134 2.803415 2.871462 3.720599 2.833178 3.186072 3.332350 3.437679 2.405341 298.260601 -9.635131
1 -37.844981 0.000000 0.000000 0.385859 43.442299 4.640265 458.248667 3.025910 3.777092 3.243829 3.990282 3.666132 3.339881 3.309043 3.701484 3.727533 3.560147 188.890534 -9.635131
1 -176.712790 0.000000 0.000000 0.549594 28.830020 1.242785 239.942427 3.660948 3.687529 3.079628 3.613152 3.265110 2.666115 2.866869 2.961638 3.806613 16.113463 211.941349 -9.635131
1 7.756711 0.000000 0.000000 0.759679 40.956066 8.365240 482.964256 3.458460 2.812260 3.225410 3.079068 3.049713 3.572581 2.581058 3.006559 3.362085 1.722812 330.737244 -9.635131
1 2.360420 0.000000 0.000000 0.464783 43.309490 5.740467 483.311203 3.571854 3.561954 3.296730 3.095690 3.319883 3.655835 3.326651 3.783168 3.995089 2.766872 224.203183 -9.635131
1 -160.293139 0.000000 0.000000 0.581100 25.051704 2.947532 276.394788 2.848414 3.656637 3.801935 3.438796 3.349774 3.043853 2.583243 3.804649 3.178564 13.260365 217.621138 -9.635131
1 -12.440138 0.000000 0.000000 0.676640 36.122398 4.313322 391.588375 3.100765 3.967797 3.572657 3.800286 3.145720 2.669710 3.183709 3.964990 3.595301 9.820950 194.404911 -9.635131
1 4.951617 0.000000 0.000000 0.420594 43.063592 5.374621 492.638438 3.407562 3.495811 3.252579 3.810650 3.334844 2.991605 2.611075 3.319879 3.613849 1.521776 243.939963 -9.635131
1 -48.197838 0.000000 0.000000 0.444947 46.873122 5.688106 472.410594 3.161150 3.114185 3.693680 3.154211 3.267321 3.262028 2.546004 3.798110 3.407680 2.328930 240.916292 -9.677276
1 -156.461029 0.000000 0.000000 0.186840 40.290640 2.805240 294.433500 3.493182 3.132939 3.476311 3.234559 3.599065 3.095925 3.634024 3.206227 3.382511 3.748370 261.269021 -9.677276
1 -46.949853 0.000000 0.000000 0.677922 44.636983 6.650225 430.908044 3.356434 3.191388 2.799190 3.865597 3.539225 2.933983 3.167021 3.241779 3.306908 2.418627 313.380303 -9.677276
1 -19.475317 0.000000 0.000000 0.401688 41.674115 4.380421 444.951864 2.943327 3.835976 3.326846 3.982267 3.649300 3.319132 3.302313 3.810586 3.725128 5.049906 179.849088 -9.677276
1 -142.576661 0.000000 0.000000 0.523557 39.588097 1.088004 275.423348 3.639503 3.802323 3.085535 3.644000 3.188784 2.834114 2.969768 2.907262 3.674993 18.985780 184.967948 -9.677276
1 -8.172225 0.000000 0.000000 0.726519 40.967812 8.576887 472.843345 3.450263 2.859312 3.355655 3.114615 3.137055 3.586247 2.569800 2.969446 3.285317 1.541801 340.806885 -9.677276
1 -18.718984 0.000000 0.000000 0.467062 44.369986 5.370895 483.723453 3.560056 3.488671 3.204635 3.045924 3.304388 3.678073 3.283149 3.607102 2.895534 2.004076 232.021291 -9.677276
1 -117.758156 0.000000 0.000000 0.494529 22.203599 3.470529 295.372263 2.660908 3.573344 3.619648 3.393585 3.414854 3.037002 3.681215 3.738011 3.234338 11.971057 221.586255 -9.677276
1 -13.211665 0.000000 0.000000 0.705755 34.282935 4.500189 396.218928 3.111104 3.909633 3.540025 3.725481 3.082311 2.655775 3.098305 3.921675 3.608175 8.354854 204.250143 -9.677276
1 7.736923 0.000000 0.000000 0.481818 41.113183 5.065124 461.796666 3.468556 3.578018 2.849977 2.818678 3.485789 2.806024 2.839112 3.130066 3.498851 1.787664 256.666135 -9.677276
1 6.861096 0.000000 0.000000 0.447222 35.388542 5.514668 496.303682 2.735794 3.761415 2.734394 3.162238 3.359613 3.021801 2.887066 3.491337 3.500430 2.426521 213.841110 -9.710384
1 -96.554642 0.000000 0.000000 0.736837 41.712670 7.711246 396.672033 3.588640 3.015672 2.906428 3.904681 3.120784 2.945543 2.761556 2.996648 3.247465 2.518851 333.576545 -9.710384
1 5.099135 0.000000 0.000000 0.635359 43.041422 6.157106 433.339394 3.447319 3.173259 2.622186 3.949195 3.611017 2.930093 3.216450 3.225022 3.220021 1.557492 330.849380 -9.710384
1 -46.158711 0.000000 0.000000 0.532610 42.536987 4.066211 396.635113 3.138371 3.721588 3.417198 3.092092 3.776022 3.494512 3.211527 3.518099 3.759498 2.731708 252.309296 -9.710384
1 -156.291780 0.000000 0.000000 0.513704 35.850973 0.829751 264.526559 2.502852 3.786372 3.020193 3.675836 3.183553 2.707105 2.935658 2.802589 3.644072 19.730480 190.721000 -9.710384
1 7.736450 0.000000 0.000000 0.667087 39.769498 8.520948 493.551051 3.431354 2.929158 3.446917 3.014237 3.006137 3.508522 3.435651 3.922405 3.517533 1.961226 306.177812 -9.710384
1 8.117795 0.000000 0.000000 0.495157 39.361721 4.689571 442.648331 3.353497 3.708995 2.502267 3.779237 3.652054 3.135443 3.612218 3.845798 2.901935 1.575607 280.348673 -9.710384
1 -115.998549 0.000000 0.000000 0.484015 20.147824 3.339804 290.977369 2.663638 3.533118 3.668396 3.417005 3.416627 3.045792 3.660248 3.734770 3.214185 11.910501 220.565102 -9.710384
1 -14.059810 0.000000 0.000000 0.708112 33.424551 4.972683 412.122373 3.121423 3.878097 3.648622 3.527053 3.056440 2.776236 2.993224 3.958370 3.635850 6.996237 210.448993 -9.710384
1 8.167074 0.000000 0.000000 0.480517 41.460196 5.203315 467.445310 3.457390 3.566010 2.897637 3.978130 3.454690 2.844786 2.822118 3.094056 3.548331 1.766794 253.043600 -9.710384
1 -14.491658 0.000000 0.000000 0.706511 52.190240 7.593045 446.329722 2.856995 2.944387 3.657594 3.701996 3.194687 3.404373 3.471150 3.571152 3.641238 1.897618 333.039793 -9.753509
1 -107.286586 0.000000 0.000000 0.727127 41.548418 7.540261 390.921551 3.635596 3.052287 2.806802 3.874420 3.117379 2.957365 2.768645 3.045083 3.238222 2.754298 327.845989 -9.753509
1 5.721951 0.000000 0.000000 0.744266 34.185766 5.686086 441.213734 3.512921 3.164604 2.755719 3.923935 3.670818 2.932287 3.135224 3.200778 3.245636 1.444496 321.979493 -9.753509
1 -76.882763 0.000000 0.000000 0.631701 45.350473 4.075139 351.663473 3.117477 3.758418 3.304270 3.387068 3.732074 3.309600 2.994100 3.203775 3.696757 2.960900 285.611677 -9.753509
1 -134.942227 0.000000 0.000000 0.552357 32.439632 1.099212 267.480074 3.640840 3.712671 2.996593 3.445537 3.100544 2.744564 2.949844 2.935955 3.838598 17.186000 194.073208 -9.753509
1 6.195869 0.000000 0.000000 0.624891 40.976193 7.832345 494.886557 3.527655 2.869225 3.377119 3.049292 3.033772 3.385492 3.273053 3.835632 3.571913 2.231482 275.299275 -9.753509
1 -4.640210 0.000000 0.000000 0.508762 39.490490 3.992343 406.141507 3.159295 3.744298 2.587902 3.827997 3.739904 3.147287 3.584829 3.720701 2.963459 2.068764 286.822386 -9.753509
1 -158.265243 0.000000 0.000000 0.462664 17.530645 3.328781 287.965719 2.687686 3.507980 3.697487 3.439855 3.415717 3.037572 3.680362 3.747165 3.236680 12.506392 221.085597 -9.753509
1 -16.664364 0.000000 0.000000 0.727300 37.566264 5.069683 411.500398 3.141715 3.812063 3.665424 3.565644 3.028241 2.739013 3.118659 3.957542 3.611260 7.878502 207.213525 -9.753509
1 -6.292810 0.000000 0.000000 0.542011 37.938473 5.218904 469.458382 3.359709 3.499759 2.931852 3.846208 3.542676 2.893679 2.913363 3.116357 3.526464 1.620399 257.493093 -9.753509
1 -9.668362 0.000000 0.000000 0.737663 49.812541 8.030861 458.961488 2.964230 2.968627 3.754330 3.768102 3.071943 3.454367 3.446997 3.617358 3.508325 1.824042 339.290872 -9.796731
1 -122.363486 0.000000 0.000000 0.705864 32.059680 7.352026 367.477205 3.697954 3.073856 2.747385 3.875429 3.100194 3.048210 2.783163 3.045867 3.255497 2.310199 324.877571 -9.796731
1 7.706425 0.000000 0.000000 0.768605 42.057150 6.056079 438.052283 3.270741 3.168937 3.832534 3.950669 3.737778 2.603732 2.819274 2.930712 3.132054 1.411559 326.137960 -9.796731
1 -9.968146 0.000000 0.000000 0.626081 51.869290 3.544401 384.583945 2.772636 3.563425 3.509651 3.249750 3.934631 3.325699 3.106765 3.057515 3.843480 1.641284 309.777099 -9.796731
1 -170.589362 0.000000 0.000000 0.446877 32.543848 1.534677 284.015713 3.536943 3.885240 2.867128 3.550617 3.049072 2.692559 2.852172 3.124593 3.877426 16.157304 189.470265 -9.796731
1 7.031150 0.000000 0.000000 0.666803 36.640300 8.007516 492.755391 3.601873 2.803332 3.294208 3.133959 2.878849 3.401656 3.255009 3.935550 3.576298 2.055995 283.319161 -9.796731
1 -101.910859 0.000000 0.000000 0.490386 52.040978 2.668546 403.994998 3.077495 3.680991 2.570821 3.735608 3.795260 3.191592 3.629360 3.743050 3.105584 1.221791 298.813955 -9.796731
1 -114.541951 0.000000 0.000000 0.516589 24.215750 3.649939 297.082870 2.616769 3.509340 3.530124 3.686233 3.422197 2.905228 3.436964 3.715281 3.125464 14.112037 219.201622 -9.796731
1 -14.527975 0.000000 0.000000 0.760462 35.836308 5.477164 415.113785 3.202884 3.752110 3.677152 3.603271 2.994529 2.682465 2.991395 3.822842 3.656428 7.823480 209.861575 -9.796731
1 8.585383 0.000000 0.000000 0.604324 38.177593 5.913326 459.100000 2.944997 3.512108 3.170514 3.877919 3.439863 2.988214 3.122127 3.161857 3.582230 2.126859 277.361256 -9.796731
1 -69.868561 0.000000 0.000000 0.736908 42.722431 8.591140 459.187719 2.740897 2.939069 3.669756 3.519635 3.194902 3.549512 3.376115 3.436693 3.677738 2.042075 337.883146 -9.847461
1 -92.561582 0.000000 0.000000 0.695014 43.781763 7.190867 371.582276 3.572167 3.040262 2.744535 3.627186 3.185280 3.319096 2.781083 2.985520 3.401415 3.020056 309.118411 -9.847461
1 1.098532 0.000000 0.000000 0.769027 41.115986 7.550715 445.635522 3.299289 3.289532 3.738139 3.837960 3.611168 2.591117 2.796435 2.926905 3.153285 2.074346 330.988678 -9.847461
1 6.578938 0.000000 0.000000 0.613210 40.594185 4.053412 413.818635 2.776418 3.443650 3.708954 3.227535 3.810054 3.349387 3.081083 3.163099 3.632868 1.722165 287.080463 -9.847461
1 -157.916050 0.000000 0.000000 0.490183 33.743217 1.352768 271.431462 3.526026 3.885530 2.907320 3.485972 3.155221 2.699705 2.833851 3.108399 3.929126 16.436354 198.042942 -9.847461
1 -92.166132 0.000000 0.000000 0.256138 41.486863 4.350932 435.458973 2.934500 3.421042 3.940985 3.108315 2.806365 2.982996 2.840675 3.192490 2.885450 3.292946 208.615874 -9.847461
1 -4.071672 0.000000 0.000000 0.577212 49.099640 3.265641 397.001170 3.110689 3.678743 3.865472 3.918047 3.718461 3.081819 3.518099 3.588764 2.961351 1.009532 317.941793 -9.847461
1 -179.301579 0.000000 0.000000 0.468169 24.886126 2.680273 288.041270 2.669904 3.625433 3.555683 3.691576 3.528861 2.875875 3.473574 3.707041 3.116497 14.462282 210.691215 -9.847461
1 10.093264 0.000000 0.000000 0.791475 35.398458 6.372246 431.744137 3.197935 3.659835 3.800408 3.655645 3.006096 2.770091 3.035375 3.838912 3.543184 5.270842 227.278087 -9.847461
1 -30.279285 0.000000 0.000000 0.610188 55.074901 1.755820 368.198743 3.373619 3.774900 3.056944 3.858264 3.944788 2.940023 3.602119 3.849195 3.565258 0.710017 342.310845 -9.847461
1 9.757993 0.000000 0.000000 0.718871 35.734606 7.666013 470.404270 2.532416 3.208795 2.609876 3.415423 3.132684 3.453027 2.531886 2.972241 3.783760 2.149442 304.707830 -9.876459
1 -61.427171 0.000000 0.000000 0.715934 42.554015 7.717613 379.146291 3.565830 3.001557 2.800226 3.628372 3.155339 3.288475 2.818833 3.007870 3.374856 3.038814 308.776417 -9.876459
1 4.820514 0.000000 0.000000 0.783148 41.937992 7.366868 465.569157 3.274557 3.217273 3.598100 3.705023 3.738890 3.680009 3.568209 3.642864 3.338197 1.756251 323.688338 -9.876459
1 2.667227 0.000000 0.000000 0.752782 45.370349 4.721859 391.601197 2.712917 3.575655 3.738344 3.363622 3.658208 2.940853 2.635602 2.916679 3.692099 3.078290 267.307369 -9.876459
1 -191.537536 0.000000 0.000000 0.454455 45.651811 0.831274 276.968886 3.507764 3.915493 3.133834 3.429685 3.191787 2.603435 2.856704 3.093426 3.794394 16.842786 183.749106 -9.876459
1 -33.337239 0.000000 0.000000 0.296080 46.209123 4.257230 420.346420 2.998759 3.459850 3.967260 3.153010 3.980730 3.021138 2.792339 3.215897 2.897359 2.432137 235.993292 -9.876459
1 2.334888 0.000000 0.000000 0.583673 46.659721 3.881743 397.132347 2.775535 3.528439 3.926367 3.634209 3.567390 3.539759 2.633019 3.622325 3.231358 1.565682 300.924392 -9.876459
1 -46.660875 0.000000 0.000000 0.619186 36.938350 3.638873 381.433241 3.191985 3.821882 3.803242 3.889581 3.368211 3.157259 3.512005 3.853943 3.047976 1.583192 304.434090 -9.876459
1 -7.271607 0.000000 0.000000 0.753882 39.767803 5.848376 431.474906 2.993006 3.661650 3.910754 3.639860 3.119297 2.809144 2.718891 3.782722 3.522066 3.639096 237.117714 -9.876459
1 -17.249762 0.000000 0.000000 0.621500 53.479878 2.757115 366.571325 3.514970 3.817867 2.810185 3.928893 3.810134 2.942556 2.519725 3.757498 3.532649 1.506504 323.723434 -9.876459
1 4.798132 0.000000 0.000000 0.705547 41.912188 6.338251 449.187406 3.159281 3.087381 2.823725 3.880915 3.905859 3.428764 2.934942 3.911185 2.826431 2.734118 272.002240 -9.905213
1 -102.460239 0.000000 0.000000 0.740116 38.390073 7.623547 388.630880 3.586476 2.989503 3.069577 3.624594 3.228091 3.180137 2.845455 2.902336 3.428679 3.148686 312.192100 -9.905213
1 5.865603 0.000000 0.000000 0.718463 38.316546 6.413008 481.970734 3.249142 3.276336 3.971756 3.528549 3.855636 3.679742 3.505405 3.393043 3.486760 1.486644 293.962174 -9.905213
1 -18.508010 0.000000 0.000000 0.700238 38.573828 4.695355 398.652836 2.734007 3.570237 3.966163 3.288805 3.592510 2.988778 2.593077 2.971817 3.697627 2.576153 262.147633 -9.905213
1 -145.108587 0.000000 0.000000 0.457783 42.272961 1.109263 295.499990 3.490052 3.970022 3.111613 3.479643 3.055782 2.648464 2.883258 3.272378 3.894604 16.994676 174.470011 -9.905213
1 -53.208408 0.000000 0.000000 0.302629 45.294281 4.162835 422.570744 3.090295 3.465080 3.969954 3.168125 2.818810 2.996975 2.785407 3.231935 2.888676 2.637831 238.605277 -9.905213
1 6.637497 0.000000 0.000000 0.742664 40.664636 5.241501 404.930046 2.592219 3.724260 3.509768 3.855791 3.307677 3.065414 3.223499 3.979546 2.975587 1.626263 313.244115 -9.905213
1 -17.083135 0.000000 0.000000 0.613936 35.805222 3.680252 375.267501 3.184170 3.801982 3.853266 3.898477 3.279481 3.126772 3.523039 3.907027 2.979350 1.583944 297.105861 -9.905213
1 4.421826 0.000000 0.000000 0.696510 40.307219 6.433295 433.131342 3.173595 3.531173 3.918791 3.617195 3.053127 2.926197 2.730463 3.794720 3.537584 4.780116 231.038677 -9.905213
1 -7.238520 0.000000 0.000000 0.613429 51.325098 2.773860 366.819590 3.686728 3.736305 2.978200 3.912513 3.961707 3.007415 2.528402 3.640717 3.641109 1.278806 327.233129 -9.905213
1 -15.581184 0.000000 0.000000 0.735206 32.982315 5.254490 417.424983 2.672269 3.712907 2.930138 3.131322 3.533483 3.433997 3.398564 3.666149 3.214935 2.037146 304.699201 -9.931240
1 -89.129648 0.000000 0.000000 0.707788 39.786986 8.877731 433.805751 2.520230 2.837350 3.098044 3.756911 3.253042 3.146727 2.967404 2.967809 3.398088 3.022478 311.771254 -9.931240
1 9.412006 0.000000 0.000000 0.660766 37.413752 7.177866 487.493190 3.249068 3.214982 3.625015 3.601488 3.707864 2.590541 3.679226 3.199333 3.169902 1.535797 312.730145 -9.931240
1 10.799130 0.000000 0.000000 0.758416 36.092271 4.251728 394.485512 2.591173 3.542585 3.598843 3.495492 3.738096 3.026671 2.662780 3.106694 3.993179 2.261277 279.945423 -9.931240
1 -133.832774 0.000000 0.000000 0.522211 45.877013 1.106972 306.213789 3.183942 2.812078 3.045674 3.417557 3.043950 2.647985 3.043616 3.312792 3.759836 15.069087 167.523409 -9.931240
1 -48.886095 0.000000 0.000000 0.421266 48.662022 4.494313 444.332570 3.593252 3.209893 3.616824 2.803193 3.217869 2.903599 3.332231 3.692196 3.776833 2.805140 227.027876 -9.931240
1 2.246520 0.000000 0.000000 0.731836 38.825316 4.476624 427.313081 3.479105 3.207220 2.703504 3.959252 2.955510 2.840126 3.248834 3.157135 3.758723 3.111766 224.666041 -9.931240
1 -21.534338 0.000000 0.000000 0.540471 45.440359 3.273984 425.524356 2.760790 3.250559 2.956500 2.879288 3.048694 2.674327 2.853610 2.844538 3.158991 1.825030 237.242048 -9.931240
1 8.424732 0.000000 0.000000 0.655933 40.905975 7.034633 471.002727 3.274930 3.672060 3.842088 3.663553 2.844559 2.995900 2.809442 3.888080 3.596430 2.865642 258.362548 -9.931240
1 -22.153148 0.000000 0.000000 0.723995 40.175298 2.739668 345.975671 2.609278 3.622047 2.813831 2.801462 3.996441 2.923472 3.699001 3.531060 3.816474 1.319261 331.083225 -9.931240
1 7.224823 0.000000 0.000000 0.519002 42.172188 6.627889 480.107598 2.548750 3.303979 3.574813 3.661855 3.275498 2.528252 2.784501 3.944420 3.314831 2.370837 258.706126 -9.972897
1 -80.632621 0.000000 0.000000 0.785629 36.749306 7.239453 391.640386 3.527029 3.007123 3.042330 3.523337 3.274012 3.207203 2.787503 2.949838 3.402922 3.476686 300.130238 -9.972897
1 -159.682695 0.000000 0.000000 0.330030 57.592661 4.225933 411.561431 2.698331 3.047204 3.788528 3.752951 3.506431 3.102730 2.735913 3.739829 3.963194 2.515294 250.310320 -9.972897
1 -10.465523 0.000000 0.000000 0.790853 34.071117 2.208844 364.787634 2.519652 3.772171 3.493898 3.327164 3.847876 3.118829 3.606577 3.462693 3.124637 2.229382 271.275479 -9.972897
1 -163.060869 0.000000 0.000000 0.498343 45.685698 0.735168 287.130714 3.150410 3.934312 3.084819 3.396321 3.085594 2.646095 3.085031 3.258072 3.755601 14.293272 175.592585 -9.972897
1 -16.703628 0.000000 0.000000 0.397524 52.642822 5.179008 478.261791 3.227096 3.355393 3.886111 3.800557 3.665577 2.699692 3.498273 3.798952 3.559975 1.715310 272.665123 -9.972897
1 0.648091 0.000000 0.000000 0.778614 37.669004 4.378167 422.102989 3.517898 3.255640 2.588713 3.891843 2.969261 2.791516 3.182880 3.095532 3.721422 3.210466 228.037728 -9.972897
1 -51.237498 0.000000 0.000000 0.480411 53.022588 3.744395 431.173222 2.934650 3.194157 3.025014 2.843880 3.032309 2.570849 2.801843 2.881464 3.150158 2.926900 219.647984 -9.972897
1 10.508875 0.000000 0.000000 0.784418 35.202747 7.056306 464.633448 3.364660 3.434092 3.773046 3.957231 2.972116 3.079141 2.593916 3.846289 3.929206 2.603584 267.931797 -9.972897
1 0.058765 0.000000 0.000000 0.564325 46.459618 4.200716 411.649289 3.349581 3.364970 2.879308 3.097653 3.511314 3.685964 3.387240 3.415463 2.888618 1.420540 306.654969 -9.972897
1 11.160689 0.000000 0.000000 0.562953 39.941661 5.699595 463.913254 2.556795 3.451484 3.607023 3.562234 3.346856 2.563934 2.809795 2.839634 3.525930 2.110363 260.546134 -10.000963
1 -90.906838 0.000000 0.000000 0.795034 37.089932 6.228851 366.379327 3.629262 3.171611 3.429981 3.281274 3.729199 3.392610 2.999258 3.177393 3.143809 2.920808 317.891022 -10.000963
1 -11.610201 0.000000 0.000000 0.627997 39.323528 1.845330 336.036153 2.837787 3.473788 3.861761 3.368808 3.505949 3.049389 2.657835 3.680457 3.642438 2.630005 252.453920 -10.000963
1 -8.844359 0.000000 0.000000 0.787777 34.704386 2.225293 359.329784 3.699118 3.749964 3.457389 3.296841 3.844547 3.192990 3.555162 3.499135 3.185622 2.322370 272.192651 -10.000963
1 -149.487904 0.000000 0.000000 0.417223 48.272088 0.673782 271.863331 2.878759 3.846882 3.014788 3.353418 3.181058 2.503368 3.053326 3.435667 3.636905 13.209831 174.427559 -10.000963
1 -51.236586 0.000000 0.000000 0.371628 44.216274 2.964377 410.173363 3.296850 3.241931 3.900590 3.782413 3.678202 2.884806 3.468977 3.503511 3.406149 1.529142 236.251367 -10.000963
1 -1.316158 0.000000 0.000000 0.756438 38.111380 3.648831 409.102553 3.431952 3.258736 2.588087 3.767399 3.074116 2.797845 3.233526 2.997432 3.826543 2.778331 231.391275 -10.000963
1 -10.795268 0.000000 0.000000 0.545752 44.950467 1.650607 346.130935 3.065194 3.289414 2.962081 3.444669 3.105048 3.224609 2.927376 3.209965 3.758476 2.183723 250.993416 -10.000963
1 10.906898 0.000000 0.000000 0.790535 34.446079 7.284347 453.834250 3.280200 3.466016 3.781059 3.967857 2.918490 2.988021 2.502360 3.794431 2.813968 3.271195 264.207121 -10.000963
1 -6.123216 0.000000 0.000000 0.515657 48.576818 4.028563 412.941894 3.353463 3.396279 3.009797 3.080076 3.592165 3.673541 3.468134 3.416509 2.854101 1.448279 310.429521 -10.000963
1 3.837572 0.000000 0.000000 0.518063 41.683330 6.295344 470.252592 3.501722 3.505835 3.659155 3.278295 3.091876 2.785385 2.520761 3.049256 3.618670 2.158269 259.848355 -10.044248
1 -87.539906 0.000000 0.000000 0.782188 37.171982 6.592691 374.536782 2.525988 3.111137 3.329096 3.344708 3.634394 3.353679 3.068990 3.154496 3.186018 2.883795 318.119795 -10.044248
1 -2.443133 0.000000 0.000000 0.648520 44.706853 1.801499 336.271279 2.815973 3.412633 3.941517 3.396296 3.665386 3.006439 2.721712 3.651694 3.562828 2.629851 257.641632 -10.044248
1 -41.339048 0.000000 0.000000 0.790030 36.536950 1.490911 327.799451 3.698468 3.740443 3.167135 3.217247 3.752287 3.209257 2.507489 3.261435 3.341727 3.758309 252.041785 -10.044248
1 -170.326297 0.000000 0.000000 0.409526 48.755547 0.543043 265.886793 2.914980 3.814759 3.026033 3.356627 3.230207 2.507992 3.083981 3.411468 3.634443 13.102624 180.655904 -10.044248
1 0.631595 0.000000 0.000000 0.424609 38.443655 5.550390 452.387235 3.527407 3.327219 3.654645 3.365574 2.873022 3.468409 2.694097 3.618514 3.869744 1.568274 297.559016 -10.044248
1 -63.551458 0.000000 0.000000 0.769430 37.634812 3.451913 404.683651 3.374254 3.276032 2.635241 3.749401 3.116903 2.774997 3.233904 3.015612 3.813208 2.879789 228.128294 -10.044248
1 -63.964071 0.000000 0.000000 0.595568 47.023325 1.744805 350.121139 2.921173 3.342910 2.914380 3.471136 3.098117 3.294091 2.797243 3.270741 3.733703 1.969754 243.465047 -10.044248
1 9.859308 0.000000 0.000000 0.687885 35.333527 6.136751 463.952872 2.858073 3.591408 3.997266 3.996374 3.995388 2.784315 2.509277 3.838782 2.955077 2.841960 243.598448 -10.044248
1 -23.179290 0.000000 0.000000 0.540946 43.435880 2.329116 360.442607 3.072092 3.265077 3.947985 3.931578 3.575305 2.972840 3.318287 3.433579 3.132312 0.963794 322.940211 -10.044248
1 10.388784 0.000000 0.000000 0.697356 37.564266 6.891299 469.780250 3.364988 3.474148 3.614983 3.493623 2.999027 3.612739 2.772387 2.922902 3.308700 2.331235 266.041266 -10.087281
1 -89.763192 0.000000 0.000000 0.766356 36.643151 6.196999 371.293803 2.568211 3.098950 3.397538 3.317567 3.677425 3.420719 3.137825 3.130418 3.280647 2.879895 317.624081 -10.087281
1 6.425532 0.000000 0.000000 0.655321 42.311707 3.956324 389.445557 3.687617 3.646390 3.780779 3.602880 3.492602 2.854207 3.477442 2.954390 2.983348 2.561192 263.522191 -10.087281
1 -79.367962 0.000000 0.000000 0.655589 46.685763 1.647050 344.476759 2.539878 3.509974 2.915937 3.136385 3.278274 3.144135 2.706175 3.577080 3.487248 1.692881 297.498006 -10.087281
1 -157.223087 0.000000 0.000000 0.421905 45.507283 0.714453 258.693597 2.812785 3.726445 3.019639 3.364319 3.262122 3.574869 3.176437 3.461227 3.580441 14.342837 184.922256 -10.087281
1 -24.076855 0.000000 0.000000 0.445826 35.584902 7.798213 474.708070 3.468533 3.139472 3.424957 3.406593 3.949736 3.655228 2.862568 3.480752 3.792655 1.471539 322.256359 -10.087281
1 -1.195004 0.000000 0.000000 0.768564 37.181532 3.687164 407.640006 3.375577 3.253153 2.650430 3.819696 3.103149 2.731037 3.299820 3.044939 3.742620 2.886665 234.382226 -10.087281
1 -30.800011 0.000000 0.000000 0.585659 47.647895 1.325939 341.126342 2.888382 3.326364 2.889884 3.423730 3.115168 3.238907 2.832617 3.320066 3.737670 1.945741 246.510060 -10.087281
1 -17.761649 0.000000 0.000000 0.682502 35.019416 6.113649 456.847567 2.914195 3.608243 2.560897 3.986854 2.847705 2.787506 2.565594 3.851091 2.971159 3.882439 237.468310 -10.087281
1 -8.461560 0.000000 0.000000 0.544115 50.134727 3.277563 399.531917 3.322483 3.265036 3.308182 2.962119 3.052090 3.058431 3.524531 3.093660 3.195346 1.185204 303.306343 -10.087281
1 4.684221 0.000000 0.000000 0.673888 43.583104 3.889949 390.931716 3.670905 3.218840 3.731698 3.414601 3.073424 3.358893 3.306459 2.828853 3.854361 1.496146 312.367593 -10.134351
1 -110.123213 0.000000 0.000000 0.775087 41.069391 6.198785 345.944705 2.792732 3.380368 3.360118 3.346554 3.750531 3.249573 3.169535 2.844461 3.877590 3.362021 297.125351 -10.134351
1 -6.490611 0.000000 0.000000 0.648777 49.543510 4.119643 395.519815 3.579088 3.752858 3.842006 3.484137 3.380684 2.966056 3.448401 3.034091 2.891417 2.331663 270.141408 -10.134351
1 -96.226112 0.000000 0.000000 0.522528 49.213125 4.768324 413.994936 2.754623 3.278373 2.723904 3.116633 3.503158 3.564785 3.506908 3.919045 3.916603 1.816507 322.291305 -10.134351
1 -151.348079 0.000000 0.000000 0.395332 45.384042 0.902966 270.169518 2.882915 3.745395 2.997026 3.392642 3.276570 3.590583 3.121769 3.492383 3.617910 14.345046 180.823369 -10.134351
1 -26.754621 0.000000 0.000000 0.444861 35.403457 7.369553 464.895409 3.371905 3.141913 3.393660 3.437608 3.979633 3.550929 2.844664 3.540492 3.761221 1.409988 322.488750 -10.134351
1 -41.868303 0.000000 0.000000 0.689650 36.442397 3.845944 379.198292 3.462757 3.308880 2.716867 3.819061 3.172329 2.787525 3.251585 3.048202 3.834495 3.758863 248.519990 -10.134351
1 -43.646395 0.000000 0.000000 0.579030 50.211648 1.444188 348.762017 2.839229 3.410655 2.594131 3.633032 2.973151 3.165393 2.626453 3.453706 3.696255 3.071931 209.907566 -10.134351
1 11.522928 0.000000 0.000000 0.737200 34.218765 6.441470 443.738383 2.753561 3.568203 2.577626 3.904605 3.825176 2.709114 2.563578 3.674404 2.803542 4.562721 233.324944 -10.134351
1 6.231818 0.000000 0.000000 0.669882 39.627508 4.863859 397.107496 3.430271 3.180229 2.971040 3.701039 3.965252 2.803291 3.122494 3.576866 3.727234 1.697334 309.605156 -10.134351
1 -31.703362 0.000000 0.000000 0.667992 56.304154 2.917029 381.482666 3.436715 3.517792 3.747918 3.417615 3.019281 3.115201 3.256331 3.696274 3.699589 1.939996 282.265617 -10.157015
1 -42.020321 0.000000 0.000000 0.383033 57.519272 3.801957 478.525398 3.000601 3.303996 3.923588 3.509747 3.129314 3.437511 3.073871 3.957248 3.562555 0.515255 304.762772 -10.157015
1 -22.223879 0.000000 0.000000 0.708548 45.621564 4.663474 418.382905 2.518941 3.903478 3.793208 3.377632 3.581020 2.905143 3.160933 3.030687 3.034231 1.139189 338.882210 -10.157015
1 -87.978026 0.000000 0.000000 0.522681 49.475450 4.827358 415.978887 2.789945 3.302813 2.760511 3.123201 3.492998 3.585288 3.521289 3.908993 3.943548 1.701890 325.077423 -10.157015
1 -17.491306 0.000000 0.000000 0.474304 41.460417 6.599196 456.057818 3.431052 3.209722 3.429248 3.484458 3.913197 3.512278 2.968615 3.496433 3.695993 1.525116 312.470079 -10.157015
1 -24.466345 0.000000 0.000000 0.450504 35.656993 6.808293 453.385115 3.370467 3.121768 3.361660 3.417366 3.925674 3.533236 2.921291 3.483029 3.614941 1.490765 314.912721 -10.157015
1 2.387170 0.000000 0.000000 0.746680 29.759933 5.576032 421.956946 2.690200 3.444698 2.879935 3.856242 3.558907 2.633994 2.832070 3.985566 2.805071 3.046221 268.767642 -10.157015
1 -2.000533 0.000000 0.000000 0.635136 47.197324 5.174135 435.937344 2.566126 2.949993 3.866421 3.841862 3.199841 2.704437 3.338043 3.294302 2.842661 2.055297 290.075863 -10.157015
1 7.765577 0.000000 0.000000 0.738770 31.707236 6.608762 445.339973 2.633752 3.630917 3.788511 3.906708 3.842916 2.733790 3.679207 3.747182 2.961049 5.413523 224.984556 -10.157015
1 -0.377345 0.000000 0.000000 0.568199 43.866443 2.651769 371.838854 2.733804 3.048014 2.606148 3.174048 3.559320 3.616504 3.348492 3.355575 3.037617 1.713981 284.155151 -10.157015
1 4.743631 0.000000 0.000000 0.600575 40.298741 2.933755 373.404255 3.456404 3.443647 3.597216 3.571206 3.064630 3.250788 3.288831 3.646818 3.673119 1.779635 282.663037 -10.174992
1 -72.748635 0.000000 0.000000 0.423587 54.629054 5.199768 472.866319 3.168247 3.257411 3.650228 3.767999 3.342945 3.430276 2.970473 3.851864 3.716943 1.039022 323.658632 -10.174992
1 -6.485778 0.000000 0.000000 0.639055 48.824661 7.079505 446.897033 3.680644 3.075123 3.667368 3.217133 3.015059 2.983087 3.366925 2.884886 3.124754 1.627595 331.426988 -10.174992
1 5.068367 0.000000 0.000000 0.602957 40.275991 3.399670 398.945394 2.895558 3.559320 3.959301 3.221457 3.177990 3.582532 3.660903 3.857073 3.303399 1.058276 326.296217 -10.174992
1 0.654793 0.000000 0.000000 0.548657 43.998316 6.277899 442.087922 3.396320 3.399515 3.427895 3.525194 3.824638 3.442584 3.003669 3.353844 3.817287 2.430395 272.856771 -10.174992
1 -25.158129 0.000000 0.000000 0.453955 35.721133 6.739739 449.027485 3.367364 3.112753 3.365967 3.398568 3.925268 3.522968 2.925502 3.499661 3.623164 1.526078 312.941579 -10.174992
1 4.913281 0.000000 0.000000 0.788082 32.301001 5.725467 422.199514 3.503343 3.183434 2.856411 3.890118 3.523486 3.581395 3.102366 3.787306 3.774327 3.326001 260.926846 -10.174992
1 -0.893827 0.000000 0.000000 0.690051 46.684351 5.620955 429.628897 2.544678 2.972909 3.124092 3.770792 3.629412 3.577020 3.449176 3.119444 3.015553 2.083098 300.297940 -10.174992
1 9.277462 0.000000 0.000000 0.765134 34.467467 6.683140 450.658231 3.630786 3.440732 3.892366 3.988006 3.836776 2.996783 3.591279 3.525448 3.052756 3.451386 248.843829 -10.174992
1 -70.162266 0.000000 0.000000 0.790188 53.520375 6.679805 448.349013 3.346089 3.688694 3.117324 3.918233 3.163073 3.049650 3.177057 3.088240 3.911343 1.675902 347.738005 -10.174992
1 -6.741831 0.000000 0.000000 0.610229 47.549010 1.887923 357.252236 3.374642 3.509709 3.555086 3.396137 3.184623 3.464082 3.095054 3.872710 3.868308 0.994332 316.089752 -10.187678
1 -3.919751 0.000000 0.000000 0.469312 48.638653 5.371081 474.507633 2.992707 3.122840 3.613688 3.633298 2.881774 3.425105 2.504490 3.714635 3.296016 1.278352 313.800211 -10.187678
1 -74.916132 0.000000 0.000000 0.653730 28.805229 5.985243 451.855877 2.595035 3.157844 2.898448 2.970726 3.654379 3.150641 3.552682 3.102213 3.863302 2.467879 253.638403 -10.187678
1 -18.026153 0.000000 0.000000 0.612766 54.262988 6.724031 469.358477 2.811107 3.252913 3.892620 3.877182 3.023906 3.294517 3.312131 3.947770 3.998248 1.680809 318.730024 -10.187678
1 -11.308709 0.000000 0.000000 0.508144 50.727918 6.459633 467.669085 3.446668 3.299013 3.520783 3.571333 3.853732 3.385469 3.096574 3.367747 3.878135 2.680298 262.996437 -10.187678
1 -26.942756 0.000000 0.000000 0.468517 30.476173 6.520258 441.905972 3.536353 3.230890 3.047886 3.639504 3.979859 3.436730 2.903328 3.221743 3.485823 1.609789 305.611099 -10.187678
1 10.936535 0.000000 0.000000 0.658622 39.361013 6.763840 466.619261 2.634147 3.411613 3.012325 3.972049 3.313605 2.979893 2.940837 2.971694 3.722495 2.923718 253.049000 -10.187678
1 6.933946 0.000000 0.000000 0.761459 41.229919 3.391648 362.077034 2.514777 3.983044 3.325289 3.559924 3.220379 3.689026 2.630292 3.449634 3.293039 1.311770 340.866518 -10.187678
1 5.280624 0.000000 0.000000 0.792952 42.005143 7.294898 449.172929 3.356801 3.351789 3.929005 3.894153 3.676981 3.111588 3.412601 3.718801 3.083539 3.474769 262.605500 -10.187678
1 5.809392 0.000000 0.000000 0.594510 35.550582 4.231771 431.847695 3.194981 3.667410 2.613390 3.336989 3.792966 2.548711 2.600022 3.197579 3.990426 1.082925 314.022580 -10.187678
1 -38.011350 0.000000 0.000000 0.663180 43.765938 4.218617 440.881657 3.051687 3.021500 3.361278 3.397016 3.294673 2.544717 3.163143 3.596298 2.804599 3.140636 236.338916 -10.194100
1 -13.302118 0.000000 0.000000 0.452216 52.473562 4.109623 445.325313 3.206590 3.111444 3.773434 3.515611 3.965191 3.685590 3.521853 3.728962 3.472309 0.957893 320.581720 -10.194100
1 5.730619 0.000000 0.000000 0.610709 33.142155 5.972103 465.282385 2.754115 3.058683 2.865208 2.902140 3.953872 3.019215 2.540950 3.095291 3.794810 4.810975 215.049426 -10.194100
1 -11.692506 0.000000 0.000000 0.678070 50.719898 7.618377 478.947367 2.711819 3.203850 3.894555 3.951533 2.951884 3.260229 3.279885 3.925788 3.966889 2.269627 297.196025 -10.194100
1 -5.509001 0.000000 0.000000 0.500410 48.402717 6.859663 480.472357 3.418568 3.318963 3.325106 3.544645 3.898447 3.252161 3.002636 3.189353 3.864151 2.802639 256.875888 -10.194100
1 -3.341483 0.000000 0.000000 0.473423 33.096150 6.587421 448.193310 3.480436 3.248830 3.007690 3.674865 2.808042 3.439650 2.851527 3.168609 3.559674 1.693439 303.348901 -10.194100
1 8.712175 0.000000 0.000000 0.601296 41.109365 7.332679 488.854619 3.541983 3.330079 2.958405 3.998215 3.173443 3.011330 2.810562 2.996461 3.532976 2.691404 259.069411 -10.194100
1 6.166876 0.000000 0.000000 0.633028 43.935790 3.566167 384.337645 3.665639 3.938080 3.086565 3.377952 3.496712 2.561458 2.520259 3.214305 3.631631 1.253163 335.643011 -10.194100
1 6.568759 0.000000 0.000000 0.780967 41.045821 8.109986 469.221056 3.357582 3.356029 3.782694 3.925670 3.781708 2.897556 3.412528 3.552080 3.050681 3.634222 255.992246 -10.194100
1 -7.382545 0.000000 0.000000 0.582013 37.905263 4.729081 421.894473 3.060790 3.728227 2.650551 3.572626 3.667736 2.772907 3.672850 3.185915 3.830601 1.368263 318.027792 -10.194100
1 -13.703349 0.000000 0.000000 0.629447 44.928391 3.720233 404.619498 3.127703 3.193646 3.376986 3.247350 3.091958 3.657298 3.133171 3.340888 2.840457 2.444399 245.310710 -10.199205
1 5.505943 0.000000 0.000000 0.531467 42.726764 5.056401 453.912982 2.555892 3.104346 3.861778 3.822250 3.004093 3.592364 2.613503 3.495879 3.655529 2.066868 249.409191 -10.199205
1 7.226729 0.000000 0.000000 0.661287 33.609273 6.645332 466.984354 2.641069 3.131287 2.999273 3.874515 3.026472 3.025111 2.592716 3.174466 3.723744 4.696684 226.685780 -10.199205
1 -3.575792 0.000000 0.000000 0.501247 48.680278 7.202254 498.511826 2.741399 3.053306 3.453775 3.420562 3.823552 3.288990 3.170292 3.741446 3.122004 1.678486 296.001554 -10.199205
1 -13.736383 0.000000 0.000000 0.496497 52.542816 4.047723 424.770720 3.488943 3.838316 3.048537 3.403062 3.731830 2.748190 3.425621 3.407039 3.975554 1.399800 305.864890 -10.199205
1 -22.862326 0.000000 0.000000 0.471609 33.136304 6.545065 447.177835 3.493817 3.250925 3.020782 3.673819 2.810144 3.432014 2.848983 3.171808 3.557841 1.653577 303.944503 -10.199205
1 -9.482897 0.000000 0.000000 0.630856 41.339113 6.362977 480.491946 3.248157 3.141672 3.003862 3.931641 3.129572 2.880770 3.352910 3.088269 2.892831 2.444860 248.489360 -10.199205
1 1.707326 0.000000 0.000000 0.571071 38.950488 2.903202 366.313242 3.001307 3.937273 3.151807 3.231423 3.557294 3.628797 3.357141 3.024473 3.286829 1.262364 319.067308 -10.199205
1 3.413611 0.000000 0.000000 0.773107 45.437477 7.660724 443.037157 3.421994 3.733114 3.595056 3.990477 3.927329 3.039359 2.522909 3.623603 3.985957 1.938973 327.397725 -10.199205
1 6.156144 0.000000 0.000000 0.594683 42.591138 5.689426 457.183433 3.131480 3.556437 2.930099 3.566206 3.613233 2.943214 2.570084 3.184950 3.780585 1.597276 306.286280 -10.199205
1 7.188603 0.000000 0.000000 0.672679 39.604622 2.899100 374.607521 3.299108 3.408676 3.232423 3.063922 3.188434 2.501053 2.850084 3.177103 3.921647 2.290612 257.740718 -10.209949
1 -14.630980 0.000000 0.000000 0.428729 53.703070 3.293440 420.313845 3.069978 3.586997 3.936859 3.603581 3.898469 2.757543 3.048977 3.387399 3.842242 1.247921 268.867709 -10.209949
1 9.386299 0.000000 0.000000 0.724965 34.845303 7.339468 462.711707 2.534826 3.324501 3.146620 3.041748 2.952771 3.234695 2.603320 3.014706 3.799116 3.131609 268.890071 -10.209949
1 5.764868 0.000000 0.000000 0.601634 40.813239 8.752840 497.429281 2.926145 2.979102 3.539177 3.619320 3.929700 3.494104 2.956828 3.693920 3.378961 2.047471 304.897941 -10.209949
1 -12.245337 0.000000 0.000000 0.463382 51.204810 3.872257 432.504599 3.622787 3.499190 3.145186 3.536964 3.710811 3.440064 3.196309 3.533728 3.140603 1.768073 259.235664 -10.209949
1 -43.491477 0.000000 0.000000 0.477510 29.866570 6.109864 440.590247 3.383362 3.138570 2.965137 3.677861 3.798288 3.473670 2.842872 3.108475 3.593750 2.151471 278.236197 -10.209949
1 -23.315406 0.000000 0.000000 0.714298 39.107817 7.421984 499.401381 2.742957 3.197849 3.042373 3.785287 3.912129 3.015803 3.670663 3.311497 3.735777 4.471130 225.204590 -10.209949
1 3.110045 0.000000 0.000000 0.575670 44.080491 3.178466 383.670171 2.959265 3.825826 3.217578 3.136366 3.599420 3.539844 3.429429 3.125615 3.327885 1.039240 335.932754 -10.209949
1 4.781043 0.000000 0.000000 0.783061 38.638921 7.408605 441.900760 3.422759 3.536674 3.518380 3.920016 3.510356 3.275584 3.426153 3.506047 2.881899 2.402378 307.846344 -10.209949
1 2.853051 0.000000 0.000000 0.622426 44.316054 7.306511 494.912906 2.638811 3.119082 3.220047 3.624721 3.608725 3.522112 3.357138 3.368878 3.440819 1.743256 304.226232 -10.209949
1 6.204454 0.000000 0.000000 0.719667 39.647473 3.294833 388.608367 3.268853 3.453350 3.131986 3.155309 3.154255 3.441939 2.603786 3.274544 3.885354 2.150194 260.009866 -10.235139
1 -38.504916 0.000000 0.000000 0.777329 37.345972 9.301337 492.327170 2.809280 3.340653 2.642938 3.872915 3.214575 2.523416 2.760293 3.412187 3.471560 2.343839 315.242246 -10.235139
1 8.051339 0.000000 0.000000 0.767008 37.986256 8.546287 480.017051 2.534334 3.187332 3.131594 3.191725 2.940205 3.175901 3.651641 3.162473 3.866865 3.504378 262.411604 -10.235139
1 -16.293416 0.000000 0.000000 0.477041 52.805518 7.912784 498.895832 2.712417 3.048156 3.642559 3.533808 2.906637 3.444511 2.976553 3.535703 3.301108 1.671401 312.098404 -10.235139
1 -22.705530 0.000000 0.000000 0.434471 54.426469 3.230205 413.040489 2.509579 3.524324 3.119747 3.467459 3.692854 3.351556 3.171574 3.593525 3.137927 1.643021 273.425076 -10.235139
1 -74.263595 0.000000 0.000000 0.386859 41.612646 5.258252 447.730839 3.387107 3.168436 3.059345 3.532276 3.857226 3.473181 2.728663 3.068095 3.659501 2.120846 282.216485 -10.235139
1 -18.011838 0.000000 0.000000 0.704112 39.074347 5.779472 446.073615 3.059738 3.331471 3.508254 3.769159 3.943548 3.311302 2.529842 3.254766 3.629571 5.917766 213.177704 -10.235139
1 -0.736026 0.000000 0.000000 0.599911 42.397738 3.877873 404.643778 3.060767 3.814223 3.204018 3.018677 3.559279 3.472869 3.443427 3.187783 3.237593 1.177421 347.606698 -10.235139
1 10.960068 0.000000 0.000000 0.790727 37.919311 7.541005 449.658685 3.577683 3.495984 3.487413 3.859833 3.514576 3.438969 3.485232 3.419713 2.941595 2.034671 306.054465 -10.235139
1 4.048954 0.000000 0.000000 0.536231 44.452042 6.067872 472.404347 2.739085 3.481656 3.486601 3.479026 3.735688 2.870419 3.576338 2.983675 3.356768 1.610788 301.457547 -10.235139
1 6.699408 0.000000 0.000000 0.573064 41.996656 4.442076 412.309546 2.504858 3.506995 2.978793 3.023551 3.645201 3.084484 3.090407 3.944034 3.565569 2.330488 260.426607 -10.257890
1 7.855401 0.000000 0.000000 0.677990 40.568291 8.412909 482.658269 2.755916 3.475099 2.731447 3.735288 3.282096 2.682816 2.828676 3.218263 3.514430 1.796734 329.164017 -10.257890
1 -31.326760 0.000000 0.000000 0.752397 34.183030 7.695467 478.435997 3.639481 3.217243 3.232076 3.232260 3.992113 2.911219 2.571480 2.931544 3.788249 4.045714 248.611627 -10.257890
1 -14.333432 0.000000 0.000000 0.558613 52.493712 7.817868 495.681806 2.821892 3.028380 3.620326 3.450018 2.918437 3.510403 3.174221 3.627925 3.331452 1.918271 301.474913 -10.257890
1 -15.264638 0.000000 0.000000 0.428703 53.280586 3.382449 419.775481 3.651977 3.677792 2.960976 3.464290 3.569128 3.132263 2.970403 3.671435 3.121046 1.316774 279.389397 -10.257890
1 -73.551237 0.000000 0.000000 0.407695 40.805533 6.096586 462.184857 3.254620 3.063130 3.111402 3.475132 3.663674 3.505279 2.658386 3.127748 3.715380 2.266731 283.697196 -10.257890
1 7.354615 0.000000 0.000000 0.633544 34.472720 5.388299 437.807198 3.113575 3.317529 3.361522 3.751513 3.783781 3.320148 3.479569 3.269379 3.749582 5.883346 205.062301 -10.257890
1 8.127577 0.000000 0.000000 0.757769 37.538913 4.231049 398.491090 2.831384 3.868536 3.231484 3.939379 3.633396 3.546069 3.635258 3.038462 3.586860 1.292104 337.156176 -10.257890
1 -24.727665 0.000000 0.000000 0.320405 57.496009 5.149003 488.327789 3.549704 3.403345 3.141976 3.446546 3.974010 2.794929 2.688329 3.849450 3.780132 1.056414 310.510999 -10.257890
1 1.499581 0.000000 0.000000 0.525315 38.308481 4.071336 432.456477 3.025380 3.990387 2.801606 3.970585 3.315070 3.642799 2.987692 3.794375 3.370239 1.053743 327.603749 -10.257890
1 9.516496 0.000000 0.000000 0.594030 39.189590 6.234777 459.607617 2.617612 3.496572 3.120494 2.814108 3.382928 2.798990 2.909346 2.856325 3.610199 2.423243 273.077181 -10.282322
1 8.729628 0.000000 0.000000 0.729014 35.582702 7.860503 466.140351 2.700152 3.601995 2.539868 3.431403 3.569091 2.820790 2.805777 2.856930 3.802507 1.892170 325.192473 -10.282322
1 -20.107441 0.000000 0.000000 0.792390 33.861754 6.909409 451.278053 2.643770 3.352119 3.124154 3.213805 3.133210 2.995762 3.553637 3.819077 3.981677 6.975616 219.910838 -10.282322
1 -58.936020 0.000000 0.000000 0.788725 32.659191 2.551697 344.282821 2.683014 3.059222 2.722371 3.141848 3.848001 2.771355 3.238982 3.777818 3.732135 2.289254 297.794735 -10.282322
1 -12.134093 0.000000 0.000000 0.568549 44.600928 3.247057 394.590597 3.575634 3.359745 2.678373 3.680450 3.764684 3.487161 2.910281 3.851151 3.497045 1.701652 277.853982 -10.282322
1 -58.043354 0.000000 0.000000 0.595612 43.797891 8.373015 487.410329 3.266516 2.824787 3.354296 3.660249 3.591740 3.308769 2.574608 3.200507 3.898519 2.900249 277.351587 -10.282322
1 -2.007349 0.000000 0.000000 0.692391 36.568699 6.266161 446.216188 2.897137 3.281665 3.299208 3.737355 3.814358 3.231764 3.451135 3.945665 3.542510 5.837829 217.554938 -10.282322
1 1.554004 0.000000 0.000000 0.733178 42.855560 4.158800 379.877050 2.855544 3.766200 3.299980 3.812847 3.446572 2.534962 3.460001 3.251561 3.384452 1.834120 327.197376 -10.282322
1 -11.620582 0.000000 0.000000 0.403417 52.386806 6.048425 492.548293 3.362876 3.562876 3.198203 3.477053 2.964281 2.599801 3.025579 3.650763 2.814445 1.408179 302.232071 -10.282322
1 9.001375 0.000000 0.000000 0.644663 40.503270 5.440731 450.206804 2.863482 2.976220 2.823493 3.591621 3.313666 3.325695 2.826322 3.328480 3.472059 1.232735 328.545005 -10.282322
1 11.481298 0.000000 0.000000 0.705288 37.755773 7.178812 458.263204 3.587906 3.227435 3.372818 3.914151 3.380505 2.972833 2.702328 3.563625 3.849606 1.916234 306.299807 -10.299508
1 6.743735 0.000000 0.000000 0.555791 40.111902 7.153169 496.187748 2.758264 3.218580 2.717242 3.500452 3.120188 2.802491 2.826383 3.546747 3.561842 3.137699 246.825327 -10.299508
1 -25.842907 0.000000 0.000000 0.799932 33.315963 6.681638 448.938279 2.627037 3.403822 3.104805 3.195740 3.125675 2.971384 3.595212 3.806200 3.932900 6.921062 222.957101 -10.299508
1 -14.469430 0.000000 0.000000 0.459825 32.570585 6.251333 489.618802 2.511375 3.938612 3.262376 3.765657 3.872441 2.875291 3.425633 3.065785 3.244530 1.534927 288.963970 -10.299508
1 1.794600 0.000000 0.000000 0.632011 40.524070 2.806584 364.763578 3.412681 3.297519 2.881904 3.559004 3.942587 3.366421 3.011019 3.935014 3.707726 2.459994 268.352792 -10.299508
1 -4.371694 0.000000 0.000000 0.731679 48.154853 8.883375 477.365038 2.639949 3.523233 2.542749 2.879030 3.348115 3.563262 2.857943 3.426475 3.562147 1.726189 345.614526 -10.299508
1 -23.070475 0.000000 0.000000 0.680907 36.720472 5.088112 408.669375 3.057320 3.278396 3.348026 3.708314 2.865696 3.357305 3.452279 2.899547 3.614848 6.103253 208.927960 -10.299508
1 -0.092698 0.000000 0.000000 0.728368 47.605512 4.092888 389.817956 3.047881 3.815521 3.399776 3.989924 3.377297 2.749113 3.146741 3.088387 3.440684 1.853416 305.774900 -10.299508
1 -52.164515 0.000000 0.000000 0.478994 37.067268 6.335147 484.086765 3.271846 3.467233 2.715463 3.488360 3.293906 2.637997 3.077706 3.863205 3.229928 1.370740 316.293840 -10.299508
1 4.927325 0.000000 0.000000 0.714139 36.286307 2.854057 359.533884 3.115923 3.203018 2.862261 3.972979 3.325242 3.104225 3.087851 3.290601 3.757801 2.185491 284.898214 -10.299508
1 -37.600436 0.000000 0.000000 0.442828 51.360198 2.910223 417.747874 3.437289 2.860783 3.108270 3.064982 3.427083 3.533643 3.154733 2.875423 3.871067 0.697591 298.555001 -10.314841
1 7.938014 0.000000 0.000000 0.638995 40.143622 7.655516 487.328156 2.586882 3.323636 2.826567 3.452458 3.136299 3.076965 2.768781 3.327391 3.667180 3.410614 249.544031 -10.314841
1 -33.737295 0.000000 0.000000 0.784373 37.048270 7.308351 475.634709 3.672216 3.612214 3.330377 3.220783 3.004657 2.809991 3.649412 3.579306 3.752475 4.981807 236.343450 -10.314841
1 -45.854240 0.000000 0.000000 0.512949 42.413816 1.647411 347.986033 3.213459 3.288705 3.404335 2.928089 3.481862 2.747032 3.076360 2.881301 3.155911 0.776815 342.005093 -10.314841
1 5.803040 0.000000 0.000000 0.736977 39.019240 2.693015 344.911005 3.478480 3.511998 3.076806 3.512150 3.779765 3.161603 3.403013 3.670487 3.721442 3.278519 257.186948 -10.314841
1 7.988551 0.000000 0.000000 0.791022 42.398013 9.331838 486.704869 2.739002 3.503040 2.677043 3.981676 3.300136 3.510347 2.905748 3.465330 3.577888 1.610738 345.095355 -10.314841
1 5.081832 0.000000 0.000000 0.656612 35.287896 4.254826 408.236575 3.004149 3.369601 3.099622 3.810566 3.020328 3.249713 3.444479 3.055297 3.822186 6.349052 198.167372 -10.314841
1 5.504573 0.000000 0.000000 0.549515 44.627888 4.581587 425.195616 3.277146 3.965511 3.555147 3.618926 3.648915 2.713638 3.153191 3.402201 3.232371 1.111806 342.425761 -10.314841
1 6.150956 0.000000 0.000000 0.437642 38.787349 5.939983 483.784087 3.314429 3.356387 2.714802 3.515680 3.394852 2.794218 3.015944 3.877633 3.361728 1.487444 301.102781 -10.314841
1 -0.293697 0.000000 0.000000 0.703121 32.723289 5.599096 427.538471 3.206267 3.560951 2.603079 3.883689 3.206013 2.698729 3.252281 3.900374 3.422124 2.494302 287.964641 -10.314841
1 -13.182644 0.000000 0.000000 0.377546 46.751212 5.054240 483.464948 3.114176 2.888371 2.614151 3.266073 3.138976 3.557927 3.054092 3.106725 2.803913 2.111752 248.667021 -10.324489
1 10.583293 0.000000 0.000000 0.604324 38.249289 7.211582 489.071036 2.765434 3.218480 2.952729 3.367485 3.159294 2.968540 2.808299 3.249608 3.622228 3.024103 250.468959 -10.324489
1 -26.899232 0.000000 0.000000 0.771831 36.960953 7.468478 480.481463 2.591721 3.788137 3.136288 3.221117 2.966665 2.899946 3.588076 3.566533 3.803065 4.804825 235.538527 -10.324489
1 -41.758068 0.000000 0.000000 0.506473 45.800480 1.822325 341.408684 3.209600 3.343531 3.407904 2.953087 3.477673 2.802906 3.082268 2.873341 3.177548 0.865110 339.951219 -10.324489
1 5.128268 0.000000 0.000000 0.764488 39.804226 3.734424 369.770775 3.442863 3.351641 2.991740 3.806323 3.809523 3.486998 3.464450 3.775791 3.860417 3.745497 253.291177 -10.324489
1 5.686729 0.000000 0.000000 0.765215 44.161472 9.091300 491.365830 2.736558 3.436182 2.905807 3.993461 3.389094 3.555769 2.949812 3.440619 3.567931 1.538323 347.646321 -10.324489
1 3.620412 0.000000 0.000000 0.688368 33.799134 4.647550 406.230265 3.027418 2.932096 3.116702 3.974200 3.130595 2.975397 3.408842 3.510964 3.501159 6.164835 218.048158 -10.324489
1 1.129998 0.000000 0.000000 0.528188 46.337899 4.540843 449.322649 3.500410 3.013409 3.909955 3.692984 3.643196 2.761564 3.243739 3.335369 3.339748 0.866849 331.805503 -10.324489
1 -7.751287 0.000000 0.000000 0.399714 45.464785 4.534965 453.429625 3.477629 3.420417 2.877611 3.427600 3.465815 2.951285 3.131364 3.870209 3.300473 1.391150 301.558230 -10.324489
1 10.078287 0.000000 0.000000 0.779513 34.076043 8.444956 479.228148 3.654406 3.411116 2.592650 3.910414 3.066592 2.575837 2.741465 3.760503 3.284767 2.192224 302.528025 -10.324489
1 -6.585348 0.000000 0.000000 0.426717 48.129117 4.964200 447.602848 3.276706 2.885316 3.933314 3.564078 3.236556 3.511620 3.055388 3.221030 3.839620 2.150236 260.532971 -10.340919
1 10.092625 0.000000 0.000000 0.687691 33.664761 7.137797 481.475327 2.652604 3.442832 2.999702 3.294449 3.271535 3.235957 2.737951 3.097075 3.756414 2.905522 249.976720 -10.340919
1 -23.620068 0.000000 0.000000 0.726204 37.271599 5.127012 427.305961 2.706508 3.686064 3.137620 3.559008 2.897518 2.764526 2.647063 3.834272 3.738766 5.774740 222.362329 -10.340919
1 -1.772881 0.000000 0.000000 0.528423 43.635176 2.489240 360.021513 2.998546 3.538527 3.360725 2.831876 3.504162 2.903273 3.079149 2.805909 3.162968 1.078181 335.239232 -10.340919
1 -58.783598 0.000000 0.000000 0.721512 41.752855 2.496235 333.131881 3.528041 3.188970 3.022548 3.836763 3.916617 3.522759 3.366856 3.885765 3.722048 3.581430 260.833597 -10.340919
1 3.028331 0.000000 0.000000 0.746069 44.043954 8.746748 487.014829 2.530862 3.466129 3.051692 3.815221 3.371405 3.598475 2.977091 3.275240 3.592844 1.654336 343.412179 -10.340919
1 -24.696673 0.000000 0.000000 0.692147 36.069983 3.795183 398.720271 2.948649 2.933241 2.993072 3.917010 3.266010 3.160224 3.518457 3.448644 3.567671 6.112673 212.205534 -10.340919
1 4.897985 0.000000 0.000000 0.616851 42.111005 5.245495 446.639840 3.324726 3.131452 2.557775 3.681181 3.663347 3.619026 3.111500 3.363738 3.670485 1.246279 333.117536 -10.340919
1 0.741222 0.000000 0.000000 0.441228 47.223103 5.176841 471.039450 2.574380 3.100545 2.697898 3.976146 3.427545 3.128825 2.955167 3.538585 3.618833 1.452846 288.255601 -10.340919
1 10.794185 0.000000 0.000000 0.778997 34.475421 8.849165 492.890594 3.662024 3.384511 3.999459 3.953343 3.084861 2.676909 2.713026 3.786911 3.333518 1.919305 309.950203 -10.340919
1 8.350447 0.000000 0.000000 0.678839 41.774926 6.437337 452.103552 2.633483 3.191830 3.951475 3.304542 3.468102 3.239268 3.113163 3.190485 3.858926 2.280065 284.439290 -10.357671
1 -9.648531 0.000000 0.000000 0.693676 33.707102 6.864858 478.470709 2.615488 3.421359 2.965127 3.300862 3.182440 3.140793 2.645526 3.187882 3.826597 3.697391 228.742780 -10.357671
1 9.985397 0.000000 0.000000 0.565231 35.216904 5.980244 459.422883 2.949116 3.976735 2.897198 3.961237 3.816672 3.413391 3.581436 2.998525 3.479228 3.020858 243.070705 -10.357671
1 -16.883112 0.000000 0.000000 0.603056 37.391820 2.482138 348.333878 3.130956 3.728286 3.286025 2.858583 3.598711 2.985749 3.117280 3.987856 3.127252 1.373929 329.968196 -10.357671
1 -1.125125 0.000000 0.000000 0.416534 47.989497 5.274811 477.918787 2.587513 3.135685 2.709100 2.851941 3.491930 2.972692 2.900937 3.410420 3.602642 1.540709 276.311210 -10.357671
1 6.302610 0.000000 0.000000 0.677479 39.973779 8.475493 499.281739 2.640727 3.780236 3.924612 3.039107 3.557284 2.529326 3.194366 3.293822 3.438700 1.643661 331.337589 -10.357671
1 -11.889385 0.000000 0.000000 0.761005 36.608960 5.092773 419.358688 2.739761 2.907971 3.380623 3.919886 3.176799 3.147600 3.489991 3.447515 3.744110 6.433295 204.649178 -10.357671
1 -0.440982 0.000000 0.000000 0.405464 48.305792 4.132718 437.930212 3.069764 3.532485 2.932394 3.584181 3.904794 2.611981 2.686055 2.999801 3.281552 1.321496 284.866123 -10.357671
1 -50.364366 0.000000 0.000000 0.362569 46.280206 3.445712 413.590386 2.873439 2.887179 3.151420 3.517035 3.368556 2.912934 2.907107 3.376397 3.489962 1.095097 306.328185 -10.357671
1 6.939904 0.000000 0.000000 0.799993 42.645630 9.501229 475.546195 3.681608 3.484424 3.888754 3.990879 3.127007 2.768167 2.719840 3.868483 3.401106 2.050282 319.684605 -10.357671
1 7.204285 0.000000 0.000000 0.681687 43.270077 7.010832 470.434389 2.595682 3.137583 3.899752 3.443331 3.524033 3.123845 3.016180 3.117659 3.868676 2.196771 284.922885 -10.381356
1 -9.744394 0.000000 0.000000 0.652324 32.370598 6.414019 460.784355 2.738231 3.597643 3.125421 3.470859 3.262887 3.143974 2.585376 3.009343 3.775868 3.804247 234.493321 -10.381356
1 -17.175629 0.000000 0.000000 0.545191 35.602669 5.405502 459.003156 2.886940 3.690414 3.989685 3.002042 3.740721 3.393845 3.467143 3.008595 3.348359 3.058432 218.966349 -10.381356
1 -3.215943 0.000000 0.000000 0.639843 37.197733 3.454804 367.889154 3.086654 3.775864 3.171041 3.969739 3.654790 2.920191 3.156929 3.984542 3.112516 1.156966 338.942477 -10.381356
1 0.402331 0.000000 0.000000 0.433127 46.493798 5.029491 467.734468 2.860352 3.385290 2.618687 3.162075 3.497317 2.795311 2.778585 3.616836 3.375879 1.617071 279.528112 -10.381356
1 3.501224 0.000000 0.000000 0.651121 43.711802 8.741791 491.524762 2.926088 2.823147 2.585755 3.440949 3.782068 2.567469 3.559593 3.358007 3.289055 1.519962 344.002589 -10.381356
1 -27.170223 0.000000 0.000000 0.779917 34.185800 4.592862 396.870679 2.784401 2.957772 3.437511 3.914990 3.248506 3.156504 3.519449 3.496591 3.747194 6.593278 226.060983 -10.381356
1 -3.365011 0.000000 0.000000 0.608504 48.453607 8.704634 498.637715 2.644697 3.770685 3.869400 2.892282 3.382179 2.756176 3.525765 3.864985 3.490449 1.446653 347.152393 -10.381356
1 -24.963981 0.000000 0.000000 0.379081 48.623721 4.407220 429.469672 2.908848 2.868198 3.254379 3.453571 3.336312 2.857003 2.954804 3.394855 3.503075 1.157068 314.991490 -10.381356
1 -1.945363 0.000000 0.000000 0.757291 45.555072 9.522911 474.772815 3.551379 3.395955 3.591671 2.804801 2.987171 2.726168 2.828604 3.943981 3.409532 2.891703 291.697620 -10.381356
1 0.084348 0.000000 0.000000 0.594353 33.413084 5.481397 452.998227 3.406261 3.262209 2.717248 3.965168 3.658988 2.973924 2.936072 3.036449 2.827546 1.310847 332.146187 -10.374335
1 11.062200 0.000000 0.000000 0.628330 36.297489 6.462389 466.862975 2.656852 3.532609 3.229632 3.600617 3.210326 3.143568 2.529191 3.029717 3.713806 3.081424 238.863945 -10.374335
1 6.239427 0.000000 0.000000 0.463033 42.141071 4.809237 457.552820 2.758805 3.809285 2.733389 3.931906 3.928223 3.401413 3.233683 2.821303 3.024934 2.448976 228.778412 -10.374335
1 1.711643 0.000000 0.000000 0.643728 44.950364 2.848815 372.094612 2.886214 3.961497 2.792643 2.888871 3.616861 2.905029 3.095052 3.948231 3.148476 1.462612 310.734164 -10.374335
1 3.258528 0.000000 0.000000 0.505636 34.948881 5.677207 493.928722 2.870107 3.555339 3.797155 3.398500 3.533060 2.772823 2.982697 3.765615 3.480531 1.126609 288.483611 -10.374335
1 5.362391 0.000000 0.000000 0.471894 42.018666 6.636087 496.230029 3.059146 3.146528 3.333796 3.812860 2.893710 2.764356 2.738932 3.090582 3.480285 1.329303 300.079882 -10.374335
1 -14.246390 0.000000 0.000000 0.781122 34.727404 4.960502 403.132649 2.919201 2.890532 3.351310 3.661064 3.236698 3.120195 3.447893 3.600301 3.802977 6.646098 215.163221 -10.374335
1 -2.904950 0.000000 0.000000 0.598012 47.840702 8.335158 499.552015 2.521455 3.746067 2.548720 3.819229 3.185767 2.667702 3.359475 3.938913 3.712266 1.835680 317.331892 -10.374335
1 4.052865 0.000000 0.000000 0.409566 44.699373 5.244749 468.197385 2.946435 3.916354 3.990520 3.043521 3.302857 2.886859 3.127093 3.806991 3.712596 1.599587 274.757975 -10.374335
1 9.233754 0.000000 0.000000 0.703450 40.303873 9.082435 494.532019 3.661101 3.420716 3.502389 3.863275 3.090798 2.820024 2.994234 3.962622 3.320234 2.058732 298.453923 -10.374335
1 1.415558 0.000000 0.000000 0.565054 45.482126 3.948327 415.252280 2.664633 3.592503 2.828616 3.164699 2.956696 2.718177 3.214704 3.625863 2.836149 2.300935 248.981553 -10.372410
1 3.440487 0.000000 0.000000 0.617660 41.675657 6.661560 468.878055 3.360589 3.074533 3.576854 3.445656 3.166337 3.145358 2.689548 3.420696 3.209727 4.578248 221.097508 -10.372410
1 -12.089820 0.000000 0.000000 0.416943 39.963873 4.898379 466.822350 3.578680 2.972955 3.892437 3.627792 3.928318 3.299139 3.182365 3.453811 3.657153 2.265415 217.968585 -10.372410
1 6.992064 0.000000 0.000000 0.731407 41.847033 4.218013 396.922040 3.589308 3.957830 3.519876 3.357625 3.525813 2.937192 3.118541 3.038305 2.883197 1.777942 303.252984 -10.372410
1 5.968304 0.000000 0.000000 0.445240 40.186977 5.141668 489.258757 3.052400 3.297810 2.641120 3.502988 3.422582 2.915058 3.363037 3.800978 3.517246 0.876667 310.137889 -10.372410
1 -3.769051 0.000000 0.000000 0.473706 47.326615 5.895073 487.474519 2.837530 3.161520 3.543458 3.635809 2.860602 2.680278 2.615217 3.165686 3.616174 1.262902 327.165949 -10.372410
1 7.849585 0.000000 0.000000 0.685240 36.516804 4.652071 411.465945 2.935723 2.989595 3.071620 3.765887 3.177515 3.134675 3.451531 3.577539 3.675888 5.083646 215.896332 -10.372410
1 -5.723445 0.000000 0.000000 0.626167 49.307565 7.896062 485.945760 2.687600 2.951728 3.846857 3.986154 2.806080 2.967327 3.605457 3.694541 3.425025 1.670736 318.617221 -10.372410
1 -1.785137 0.000000 0.000000 0.420471 45.187857 5.101370 458.313172 2.961860 3.976551 3.970309 2.952917 3.211065 2.890882 3.130946 3.794393 3.709029 1.381977 278.734627 -10.372410
1 2.744344 0.000000 0.000000 0.704001 44.187209 8.364700 482.936858 3.577199 3.580493 3.205446 3.689154 3.015657 2.739241 2.997080 3.966209 3.297998 2.532218 288.767921 -10.372410
1 -5.951910 0.000000 0.000000 0.464009 48.719319 4.062498 420.951308 3.665269 3.622695 2.743662 3.011100 3.856595 2.686812 3.390969 2.804985 2.902423 1.681805 284.985006 -10.386396
1 -1.438832 0.000000 0.000000 0.685066 44.401176 6.642977 454.179900 3.527020 3.338794 3.794674 3.523860 3.077216 3.243562 3.616658 3.153872 3.309717 3.895465 238.586732 -10.386396
1 -12.737728 0.000000 0.000000 0.354696 50.135402 4.517716 477.554610 2.547029 3.038747 3.798237 3.549851 2.806079 3.021141 3.307657 3.476555 3.705146 2.444693 209.975463 -10.386396
1 8.002261 0.000000 0.000000 0.770900 42.308231 3.750631 373.225001 2.551917 3.964889 3.703558 3.427335 3.620359 3.007242 3.036199 3.086950 3.976312 2.294837 281.719587 -10.386396
1 -10.068949 0.000000 0.000000 0.473571 39.675911 5.485331 491.734335 3.021516 3.280457 2.665968 3.490683 3.533323 2.995088 3.372121 3.828593 3.468727 0.760118 330.245485 -10.386396
1 2.399661 0.000000 0.000000 0.710770 46.382337 4.945766 405.458767 3.214780 3.554932 3.425960 3.558237 3.174799 3.658243 2.706667 3.920857 2.857153 1.379355 348.024307 -10.386396
1 -32.808204 0.000000 0.000000 0.729354 34.060350 4.507231 392.426481 2.958705 3.134520 3.081858 3.683397 3.317430 3.201474 3.592111 3.576589 3.669940 6.112086 220.126894 -10.386396
1 3.393043 0.000000 0.000000 0.674312 45.880383 7.060927 470.301024 2.560220 3.086060 3.863189 2.829448 3.873330 2.949225 3.263248 3.454855 3.318674 1.412596 340.534345 -10.386396
1 -0.694232 0.000000 0.000000 0.703043 43.281319 8.351634 496.602064 3.381643 3.153947 3.766810 3.710809 3.281511 3.586034 3.699880 3.474185 3.501063 3.991141 237.346760 -10.386396
1 5.187516 0.000000 0.000000 0.715264 43.162636 8.905307 497.620031 3.432803 3.550464 3.289964 3.729441 2.873283 2.662142 2.954145 3.873973 3.285189 1.886653 319.481711 -10.386396
1 -20.090325 0.000000 0.000000 0.378176 54.127017 3.291885 428.409987 3.558484 3.605152 2.553518 2.939825 3.913742 2.756318 3.391882 2.923157 2.817221 0.991434 294.308701 -10.397106
1 -12.013371 0.000000 0.000000 0.679176 46.691258 7.190251 483.144637 3.680568 3.163751 3.774496 3.688902 3.791129 3.161801 3.673107 3.329185 3.222797 4.664325 222.606612 -10.397106
1 -35.259865 0.000000 0.000000 0.390714 54.258525 4.430337 491.015210 2.626375 3.046924 3.693480 3.607662 2.884984 2.908497 3.285161 3.443269 3.706351 1.387992 215.596241 -10.397106
1 8.327680 0.000000 0.000000 0.730732 38.327281 3.836637 373.306952 2.597772 3.777611 3.796375 3.262992 3.735387 2.976968 3.030857 3.170614 3.830236 3.586685 241.276899 -10.397106
1 -0.226267 0.000000 0.000000 0.712689 46.952101 7.763550 476.431070 2.965938 3.300462 3.692618 3.566209 3.637886 2.557683 3.513791 3.484029 3.761040 2.123799 302.369080 -10.397106
1 6.441081 0.000000 0.000000 0.564750 43.566479 3.812029 411.089860 3.144548 3.576209 2.977714 3.565191 3.223472 2.626330 2.801274 3.912873 2.992608 0.958744 342.476785 -10.397106
1 0.748951 0.000000 0.000000 0.747984 32.115187 4.820263 391.938641 2.954178 3.171859 2.687336 3.664045 3.477880 3.060743 3.503153 3.416227 3.605844 10.501494 209.454700 -10.397106
1 3.106748 0.000000 0.000000 0.508240 41.749953 3.722472 428.281461 3.018589 3.169149 3.230795 3.283030 2.921104 2.801483 3.663957 3.826872 2.987610 0.866431 333.695287 -10.397106
1 6.681952 0.000000 0.000000 0.780799 40.443286 8.738357 483.320947 3.441282 3.369091 3.951690 3.832294 3.423476 2.977957 3.237239 3.612265 3.450995 3.958165 248.518952 -10.397106
1 8.218823 0.000000 0.000000 0.680186 35.971362 6.712910 476.426243 3.297294 3.447340 3.324184 3.643912 3.859038 2.714707 3.062490 3.846947 3.325923 1.252534 319.250369 -10.397106
1 -25.153286 0.000000 0.000000 0.600466 50.055784 3.387050 411.382836 3.365815 2.980341 3.905800 2.805342 3.534355 3.195312 2.705338 3.874148 3.813783 2.835689 221.718689 -10.392515
1 -1.328798 0.000000 0.000000 0.714881 32.794855 2.204272 341.878414 2.622038 2.973084 2.877893 3.971841 3.316258 3.117081 2.687803 3.991916 3.019085 9.538597 200.694150 -10.392515
1 7.244474 0.000000 0.000000 0.774622 39.210052 3.479746 381.614851 2.796808 3.254301 3.350420 2.814294 3.123878 3.192580 2.816788 3.643387 3.792063 1.914703 298.121397 -10.392515
1 10.253733 0.000000 0.000000 0.742617 38.025440 4.338653 387.746318 3.590914 3.614653 2.502817 3.361651 3.813546 2.863825 2.970894 2.942106 3.992184 2.864275 266.569374 -10.392515
1 4.617180 0.000000 0.000000 0.707169 43.544989 8.639739 476.889108 3.070346 3.314472 3.471039 3.596852 2.924828 2.534728 3.445681 3.775976 3.653494 1.858189 319.375012 -10.392515
1 8.759798 0.000000 0.000000 0.685148 36.845519 6.968734 470.844030 3.506823 3.783835 2.769699 3.446603 3.154816 2.698501 3.396670 3.303171 3.859214 1.336447 342.407172 -10.392515
1 0.649735 0.000000 0.000000 0.785122 30.597054 5.675966 410.366080 2.938623 3.176090 2.722542 3.681251 3.533510 3.096005 3.650568 3.457270 3.624085 10.721778 209.881984 -10.392515
1 4.522886 0.000000 0.000000 0.561488 43.376665 5.467705 448.822742 2.753005 2.931209 3.677629 3.653262 3.419748 2.686146 3.615493 3.029804 3.497787 1.117095 334.579971 -10.392515
1 4.479861 0.000000 0.000000 0.766065 40.612017 8.311027 474.111309 3.474867 3.381077 3.822749 3.681640 3.391981 3.022926 3.314601 3.547776 3.336388 4.645328 235.017252 -10.392515
1 1.917783 0.000000 0.000000 0.495937 45.274482 4.962602 431.877974 3.197105 3.741316 3.982242 3.745062 2.817594 3.699347 3.051418 3.444085 3.682728 1.121809 341.993898 -10.392515
1 -7.754801 0.000000 0.000000 0.557219 48.959289 4.684164 438.816455 3.487867 2.976346 3.953288 3.011042 3.506947 3.030427 2.910226 3.834309 3.775615 2.784812 239.072415 -10.380778
1 3.813714 0.000000 0.000000 0.696281 34.805858 2.766520 352.360034 2.639285 3.026304 2.880601 3.985787 3.293154 3.047905 2.714309 2.823037 2.971695 9.270723 203.151680 -10.380778
1 6.716886 0.000000 0.000000 0.797721 40.140943 3.429193 386.287418 2.788087 3.206100 3.402541 3.980811 3.285021 3.354438 2.771637 3.679002 3.797376 1.814463 295.420146 -10.380778
1 4.478234 0.000000 0.000000 0.719842 40.940305 2.630952 356.476791 3.197373 3.533111 3.195686 3.276959 2.912618 3.386150 3.640514 2.984729 3.859737 2.603610 255.394970 -10.380778
1 -0.414510 0.000000 0.000000 0.615341 46.327098 7.968154 475.024393 2.922361 3.315503 3.226001 3.820462 3.953101 3.609149 3.359485 3.840548 3.506743 1.696417 322.881586 -10.380778
1 9.477129 0.000000 0.000000 0.599565 39.250744 6.630611 479.250028 3.607145 3.857264 2.846673 3.412100 3.103127 2.796165 3.459342 3.225589 3.834431 1.029581 348.663412 -10.380778
1 2.573244 0.000000 0.000000 0.753494 31.645517 5.908237 420.994479 2.870423 3.172625 2.879666 3.640610 3.459757 3.132698 3.666666 3.696781 3.479965 11.953594 202.198273 -10.380778
1 9.365770 0.000000 0.000000 0.682449 36.601849 6.585089 453.861272 3.073113 3.895783 2.848832 2.963314 3.441748 3.111543 2.717927 3.914579 2.929882 4.024719 234.194679 -10.380778
1 8.637046 0.000000 0.000000 0.688291 33.168479 7.944952 499.641893 2.523144 3.347062 2.535770 3.418714 3.177641 2.751668 3.403083 3.553784 3.424620 2.850158 258.344592 -10.380778
1 4.699406 0.000000 0.000000 0.485926 43.348253 4.562007 429.439297 3.258700 3.797470 3.839470 3.693914 3.938062 3.613773 3.012694 3.377154 3.740741 0.930916 345.213051 -10.380778
1 -14.063258 0.000000 0.000000 0.577772 48.598078 5.434208 452.867073 3.452011 3.049083 3.936233 3.017989 3.567207 3.089723 3.000406 3.861444 3.904783 3.062082 247.927888 -10.375332
1 -13.560856 0.000000 0.000000 0.711258 40.432034 0.859243 312.865975 2.749812 2.937836 3.126639 3.932053 3.277399 3.170053 2.804471 3.931977 3.024706 8.797034 185.176342 -10.375332
1 6.936780 0.000000 0.000000 0.789065 42.330357 3.498194 382.187853 2.729779 3.193880 3.396099 3.973336 3.383522 3.453539 2.805994 3.703413 3.778050 1.728930 299.783332 -10.375332
1 -0.150741 0.000000 0.000000 0.652776 42.591804 1.881170 336.967903 3.283460 3.459619 3.470259 3.438053 2.978898 3.414294 2.523394 2.862953 2.835012 1.829214 282.720220 -10.375332
1 7.566524 0.000000 0.000000 0.610050 42.613240 7.572673 477.573851 3.270084 3.544657 3.159764 3.453403 3.773884 3.408009 2.523662 3.530473 3.584455 1.461472 334.601351 -10.375332
1 10.522431 0.000000 0.000000 0.634621 37.416118 7.218518 490.874333 3.620269 3.914585 2.721651 3.349090 3.019651 2.708824 3.111750 3.187039 3.799113 1.119081 345.501901 -10.375332
1 5.404032 0.000000 0.000000 0.792193 32.555879 5.467278 400.846751 3.695996 3.428936 2.808764 3.632261 3.520347 3.228363 3.397586 3.821123 3.249079 12.172732 204.511039 -10.375332
1 10.283603 0.000000 0.000000 0.647734 36.734127 6.884469 466.461716 2.989712 3.884359 2.917853 2.961668 3.540988 3.082675 2.772808 3.998567 3.038976 3.324788 241.191591 -10.375332
1 9.771286 0.000000 0.000000 0.681929 34.899610 7.254418 477.188663 3.699321 3.182317 2.708141 3.465428 3.094589 2.841097 3.315908 3.381537 3.392659 2.945471 254.764137 -10.375332
1 -5.271997 0.000000 0.000000 0.453795 46.367849 4.209660 437.927379 3.509255 3.512554 2.627445 3.697346 3.921962 3.532128 3.151995 3.325302 3.982246 0.983098 346.055319 -10.375332
1 -6.594256 0.000000 0.000000 0.561359 43.035165 4.806994 432.248067 3.265513 3.020513 2.535436 2.923198 3.635442 3.213735 2.914515 3.905251 3.868634 3.816998 231.900171 -10.376670
1 -11.320989 0.000000 0.000000 0.681718 47.426575 1.474027 331.188138 3.572714 2.840627 3.535842 3.724593 3.368539 3.292103 3.530942 3.531156 3.414958 1.794189 283.729151 -10.376670
1 -15.580801 0.000000 0.000000 0.793150 47.406786 2.881110 364.994430 2.753625 2.946060 3.445634 2.912089 3.436739 3.521995 2.855826 3.742037 3.706983 2.114603 290.668949 -10.376670
1 3.931961 0.000000 0.000000 0.604916 36.969659 6.071789 436.399900 2.669621 3.350200 3.015436 3.545051 2.845073 3.052179 3.655895 3.680026 2.970616 1.419632 325.746271 -10.376670
1 -0.490157 0.000000 0.000000 0.624802 47.385528 7.619970 486.239203 3.210453 3.773144 3.188078 3.403192 3.799351 3.386760 2.542566 3.430157 3.530340 1.796988 313.328082 -10.376670
1 7.510947 0.000000 0.000000 0.646872 36.350091 7.655094 485.524956 3.460391 2.817250 2.785658 3.146170 3.047087 2.674851 2.978822 3.055776 3.613149 1.477762 338.401493 -10.376670
1 -3.246653 0.000000 0.000000 0.790058 28.434561 6.659686 426.113608 3.498238 3.471788 2.639846 3.713379 3.244824 3.065266 2.500966 3.821893 3.205614 14.398770 206.181995 -10.376670
1 8.477546 0.000000 0.000000 0.694928 36.889244 6.038131 450.802487 2.967566 3.885398 3.050091 2.931839 3.566844 3.110230 2.708593 2.800411 3.047968 3.174393 235.841830 -10.376670
1 5.010338 0.000000 0.000000 0.657136 38.668211 7.353499 478.211004 2.629759 2.931422 2.606362 3.514205 3.366627 2.955719 3.303676 3.317577 3.188078 3.182954 262.109429 -10.376670
1 7.326380 0.000000 0.000000 0.793200 33.765575 7.521530 470.109052 3.088312 3.207631 2.676629 3.975831 3.822489 3.634840 3.108100 3.944184 3.540419 4.091803 239.979584 -10.376670
1 1.659792 0.000000 0.000000 0.533995 43.676529 5.973297 462.719508 3.291544 3.396730 2.591534 2.821371 3.476451 3.013883 2.847946 3.803126 3.928818 2.380480 271.891964 -10.367409
1 -13.052493 0.000000 0.000000 0.631135 49.214986 1.929595 343.950856 3.655750 3.885776 3.224620 3.660277 3.061726 3.240871 3.607029 3.741802 3.342339 1.933774 280.818268 -10.367409
1 4.862092 0.000000 0.000000 0.792131 41.830887 2.750292 363.607268 2.768193 2.855979 3.467241 2.995795 3.494267 3.527402 2.838894 3.681641 3.688558 2.474262 269.775728 -10.367409
1 3.297486 0.000000 0.000000 0.492980 43.840798 3.687538 401.061073 3.446839 3.572009 2.989933 3.833709 3.788202 2.854411 2.801683 3.719051 2.873370 1.245358 325.887207 -10.367409
1 2.853077 0.000000 0.000000 0.631313 42.772584 7.953423 462.611483 3.168687 3.664861 3.313539 3.353949 3.852254 3.516345 2.630738 3.454971 3.636069 1.976635 306.900768 -10.367409
1 6.593161 0.000000 0.000000 0.679882 37.622732 7.547619 470.136513 3.696477 3.900007 3.058257 3.364781 3.098319 2.646151 3.266280 3.073517 3.451250 1.234041 341.928519 -10.367409
1 -2.090455 0.000000 0.000000 0.789330 29.262852 6.224715 420.881360 3.498827 3.544167 2.675414 3.700864 3.185241 3.039870 3.662765 3.608784 3.086641 12.298520 205.503258 -10.367409
1 8.428991 0.000000 0.000000 0.574980 35.807217 5.438468 449.603645 3.679231 2.928772 3.801515 3.901319 3.351858 3.171327 2.707226 3.042165 3.251804 2.818710 246.184267 -10.367409
1 8.062016 0.000000 0.000000 0.726323 39.017705 5.400400 427.343064 3.689277 2.938634 2.722697 3.591606 3.314354 3.132012 3.345222 3.364123 3.122829 3.365233 244.174848 -10.367409
1 9.714078 0.000000 0.000000 0.708385 33.630647 7.712293 483.317047 2.733942 3.500998 3.974025 3.973334 3.836002 3.552642 2.767144 3.878374 3.607187 4.985244 220.813061 -10.367409
1 9.251761 0.000000 0.000000 0.634970 40.080598 6.670910 479.282528 3.180146 2.884692 2.879599 3.884948 3.317145 3.016546 2.805624 3.755645 3.820462 2.752739 249.126828 -10.346745
1 9.014317 0.000000 0.000000 0.779135 41.493125 8.953302 488.471814 3.400157 3.984785 3.609049 3.856549 3.333740 2.789006 2.965540 3.538752 2.943347 1.540345 329.279567 -10.346745
1 3.709665 0.000000 0.000000 0.786533 44.631619 3.051079 353.377750 2.669353 3.954763 3.208415 3.745974 3.235810 3.216959 3.540156 3.389299 3.994110 1.643904 325.957570 -10.346745
1 6.593601 0.000000 0.000000 0.499102 40.581128 3.515906 404.189513 3.429611 3.486250 2.747403 3.828363 3.750588 2.883219 2.766028 3.807853 2.833884 1.083321 324.066741 -10.346745
1 9.070246 0.000000 0.000000 0.649907 42.110869 7.784007 489.628947 3.411413 3.803515 2.893671 3.332479 3.880326 3.456781 2.702203 3.774181 3.529018 1.471852 326.374572 -10.346745
1 0.725018 0.000000 0.000000 0.521352 45.198829 3.100136 402.708373 2.981803 3.177388 2.732147 3.537450 3.237231 2.527981 3.545522 3.170850 3.033817 1.033873 318.662508 -10.346745
1 1.245628 0.000000 0.000000 0.775492 30.013088 5.849894 411.764487 3.475375 3.608020 2.613145 3.571455 3.212438 3.154729 3.637422 3.549686 3.244393 12.154823 204.517088 -10.346745
1 9.903867 0.000000 0.000000 0.776660 36.153040 8.882055 494.012700 2.983800 3.500452 2.834551 2.839336 3.480908 3.446957 3.577364 3.256034 3.029572 2.913454 262.767136 -10.346745
1 10.533931 0.000000 0.000000 0.774302 38.960604 8.454522 466.046324 2.907922 3.999671 3.131352 3.544348 3.154986 2.615005 3.357947 2.994423 3.963467 2.243668 297.685292 -10.346745
1 10.183331 0.000000 0.000000 0.692138 33.455344 6.434558 451.808964 2.545419 3.786899 3.822067 3.833798 3.842157 2.508713 2.716084 3.973280 3.721786 5.881205 210.267940 -10.346745
1 10.261067 0.000000 0.000000 0.601691 38.787776 6.408934 483.842901 3.082771 3.051037 3.005401 2.985192 3.370231 2.948625 2.532917 3.839467 3.021455 2.337046 251.205954 -10.340879
1 -9.318167 0.000000 0.000000 0.729945 35.865971 9.373183 497.030028 3.392347 3.881813 3.715724 3.892962 3.451872 2.638561 2.779866 3.643831 2.906053 1.921773 301.099293 -10.340879
1 1.632949 0.000000 0.000000 0.792920 42.459699 2.800532 350.327877 2.700638 2.806419 3.487551 3.932919 3.306053 3.049043 3.112872 3.809333 2.830599 1.807763 327.144893 -10.340879
1 -1.165327 0.000000 0.000000 0.485731 42.228252 3.393181 396.632305 3.513603 3.601898 3.162190 3.969026 3.705868 3.342435 3.292452 3.485937 2.906046 1.069387 345.350992 -10.340879
1 -7.623752 0.000000 0.000000 0.721140 41.395407 6.933745 448.200073 3.034068 2.805054 3.271413 3.454478 3.664594 3.697247 2.973382 3.731818 3.500547 2.432495 308.469863 -10.340879
1 2.764130 0.000000 0.000000 0.589263 44.934318 5.530614 443.921631 2.846053 3.101177 3.966054 3.170472 3.138329 3.522495 3.581377 3.041611 3.331237 1.719639 300.185377 -10.340879
1 0.357886 0.000000 0.000000 0.775981 29.937593 5.735056 407.496049 3.423648 3.679065 2.581215 3.548394 3.148247 3.105570 3.689397 3.469047 3.303251 11.644338 207.375009 -10.340879
1 8.311532 0.000000 0.000000 0.677850 38.881044 7.306889 473.406491 2.872643 3.496001 3.075655 2.840145 3.454645 3.471581 3.667855 3.258046 2.920471 3.194977 249.339404 -10.340879
1 4.621866 0.000000 0.000000 0.678716 38.784419 7.714586 460.301546 3.009479 2.903872 3.259387 3.632154 3.182417 2.545598 3.527800 2.811045 3.683608 2.094238 292.961755 -10.340879
1 10.823475 0.000000 0.000000 0.763673 33.631193 6.808961 450.617051 2.522080 3.906337 3.929428 3.951878 3.864507 2.651129 2.703739 3.933187 3.974367 4.857299 227.844089 -10.340879
1 6.904150 0.000000 0.000000 0.523715 40.694154 6.339279 473.718158 3.260412 3.059295 2.891917 2.894029 3.333207 3.074393 2.664379 3.748875 2.959071 2.256232 261.253474 -10.332700
1 5.475325 0.000000 0.000000 0.765085 34.710899 9.236822 484.238930 3.257942 3.850773 3.752854 3.804414 3.320019 2.587997 2.836667 3.519616 3.044670 2.063764 295.179753 -10.332700
1 2.706787 0.000000 0.000000 0.797205 35.972365 2.476889 355.235279 2.716342 2.813010 3.246913 3.784950 3.194380 2.861978 2.755148 3.898976 2.814706 1.608641 320.670095 -10.332700
1 2.227808 0.000000 0.000000 0.432803 41.988094 3.555590 409.026228 3.550307 3.663738 3.132373 3.938429 3.685584 3.250098 3.356122 3.426596 2.893246 0.993422 333.426362 -10.332700
1 4.976964 0.000000 0.000000 0.688995 35.137981 6.712039 488.177186 2.688723 3.858202 3.640118 3.338407 3.468930 3.635292 2.986939 3.768098 3.517508 1.542551 284.833876 -10.332700
1 -13.675070 0.000000 0.000000 0.381750 40.841204 3.915195 453.346299 3.178614 3.475088 3.662497 3.036915 3.325016 3.173908 3.458166 3.206503 2.924064 0.721856 314.505333 -10.332700
1 1.841562 0.000000 0.000000 0.794773 29.890857 5.162292 391.600277 3.364010 3.529913 2.638352 3.508754 3.109726 3.186387 2.532987 3.468763 3.230350 11.668613 211.022607 -10.332700
1 6.148081 0.000000 0.000000 0.634322 43.269116 5.771351 437.253175 2.956425 3.578242 3.692842 3.906740 3.216754 3.337655 3.378642 3.872556 2.976173 2.012834 283.293780 -10.332700
1 4.770834 0.000000 0.000000 0.604618 41.059411 8.659429 490.977094 3.199556 3.122472 3.361878 3.655824 3.218779 2.604387 3.601396 3.970203 3.390299 2.351857 290.111620 -10.332700
1 4.774364 0.000000 0.000000 0.764231 39.519705 7.328924 452.913243 2.507656 3.837721 3.869839 3.982829 3.853257 2.585241 2.723646 3.942225 2.874004 5.549494 222.970694 -10.332700
1 7.315168 0.000000 0.000000 0.677027 37.320472 7.303601 476.025199 3.117694 3.095081 2.892301 3.035829 3.283540 3.120189 3.652474 2.837261 3.009124 3.851537 233.188155 -10.316321
1 8.686166 0.000000 0.000000 0.765904 37.571022 7.903627 471.363044 3.268883 2.827007 3.834645 2.867360 3.431885 3.124938 2.726732 3.451256 2.803962 2.270647 302.108856 -10.316321
1 6.032200 0.000000 0.000000 0.753575 34.657421 3.263647 375.077324 2.642931 3.696284 3.273157 3.552020 3.015252 2.590405 2.912374 2.830298 3.900899 1.617105 312.275668 -10.316321
1 0.336134 0.000000 0.000000 0.417585 42.318290 4.552293 429.393274 3.656030 3.646846 3.250393 3.989875 3.698931 3.293661 3.384187 3.331839 3.938754 0.946123 338.714340 -10.316321
1 10.607301 0.000000 0.000000 0.661403 38.875966 6.985666 493.432475 2.688079 3.796124 3.519173 3.251869 3.535789 2.553185 3.050013 3.730606 3.723885 1.585631 290.966181 -10.316321
1 4.027621 0.000000 0.000000 0.423477 42.814170 5.312263 469.645198 2.931189 3.104697 3.902188 3.117201 2.942651 2.746843 3.610105 3.568205 3.064848 1.701367 271.590834 -10.316321
1 6.626753 0.000000 0.000000 0.777679 35.122965 4.758995 384.620442 3.365219 3.478698 2.647357 3.525791 3.092448 3.276104 2.589529 3.476935 3.221625 11.700826 203.671238 -10.316321
1 -4.826631 0.000000 0.000000 0.587105 44.808141 5.245349 427.674561 3.104565 3.518060 3.672014 3.957736 3.278526 3.300961 3.420057 3.872033 2.973777 2.369132 286.128504 -10.316321
1 1.360273 0.000000 0.000000 0.560735 42.670977 8.157922 483.725440 3.210071 3.114107 3.443192 3.733316 3.217983 2.635030 3.644037 3.956378 3.382659 2.033698 296.065923 -10.316321
1 9.909167 0.000000 0.000000 0.662487 33.071618 6.944724 469.835344 2.530117 3.702562 3.823929 3.831788 3.838780 2.786344 2.868259 3.890820 2.912278 5.871187 211.092431 -10.316321
1 9.364215 0.000000 0.000000 0.684541 35.815994 7.439683 479.198852 3.136204 3.091615 2.870238 3.098537 3.333793 2.972058 3.492498 3.914505 3.222349 3.444723 247.996226 -10.300545
1 6.551888 0.000000 0.000000 0.643145 43.977486 7.707082 499.729696 3.597995 3.024138 3.715877 3.891522 3.482853 3.047301 2.713943 3.357433 3.165614 1.476378 314.343134 -10.300545
1 1.545049 0.000000 0.000000 0.662719 35.008237 2.955350 388.272898 2.709579 3.722970 3.273518 3.721462 3.065101 2.546640 2.896992 2.848644 3.884148 1.168424 314.469094 -10.300545
1 1.735958 0.000000 0.000000 0.387982 42.315157 5.538939 471.289731 2.601420 3.500157 3.451591 3.898993 3.701829 3.493177 3.403773 3.402733 3.668705 0.975763 338.512902 -10.300545
1 8.998966 0.000000 0.000000 0.791225 41.104557 7.631083 477.030274 2.843474 2.887384 3.321142 3.788615 3.747263 2.872164 3.024348 2.951523 3.621765 2.086133 288.298028 -10.300545
1 -1.178466 0.000000 0.000000 0.435268 45.911067 4.975220 465.125259 3.066469 3.111374 3.794973 3.058333 2.868405 2.813331 3.618355 3.517122 3.065554 1.608672 276.566928 -10.300545
1 7.342296 0.000000 0.000000 0.770511 34.783181 4.713897 384.257869 3.359379 3.515869 2.684700 3.540838 3.099926 3.264572 2.561691 3.497848 3.204005 11.817562 202.427879 -10.300545
1 3.113960 0.000000 0.000000 0.665527 38.983593 5.381205 420.445503 3.028607 3.574712 3.440832 3.881149 3.330341 3.377464 3.391317 3.736492 2.995849 2.711178 277.418146 -10.300545
1 2.202950 0.000000 0.000000 0.747368 44.453240 9.655307 484.461961 3.246066 2.925277 3.216427 3.749416 3.516629 2.595290 3.309710 3.821096 3.531167 2.491576 302.036591 -10.300545
1 8.169096 0.000000 0.000000 0.656444 33.547987 6.722567 467.766497 2.530783 3.693352 3.841509 3.742624 3.724822 2.754644 2.835578 3.894679 2.860468 6.419531 204.413231 -10.300545
1 8.418230 0.000000 0.000000 0.729477 37.399490 8.946888 498.273468 3.225728 2.878864 2.855257 3.202513 3.240418 2.722182 3.515886 2.813538 3.304009 4.011108 243.161740 -10.282426
1 3.779780 0.000000 0.000000 0.556988 36.587941 5.432429 467.540998 2.687731 3.373028 2.655795 3.919211 3.358685 3.244579 3.593114 3.252960 2.868013 1.333130 308.823855 -10.282426
1 -1.074667 0.000000 0.000000 0.605434 41.101536 2.092515 362.236488 2.908767 3.879158 3.473085 3.357669 3.876001 3.671036 3.102079 3.123821 3.514268 1.305169 299.306582 -10.282426
1 5.137088 0.000000 0.000000 0.402675 42.214426 5.401361 471.951387 2.626781 3.568608 3.514910 3.946852 3.668947 3.566284 3.310920 3.444509 3.731010 0.884739 339.535038 -10.282426
1 9.518770 0.000000 0.000000 0.782897 39.897681 6.152891 450.209733 2.785685 3.082609 3.400190 3.855017 3.718400 3.032014 3.060307 2.932039 3.617893 1.973424 285.301308 -10.282426
1 -1.122060 0.000000 0.000000 0.511006 45.449963 3.940104 430.793425 3.368486 3.250341 2.539483 2.873998 2.808793 2.836968 3.430433 3.494676 2.996001 1.830071 255.011402 -10.282426
1 6.935056 0.000000 0.000000 0.776627 34.918322 4.490531 378.757987 3.336114 3.498643 2.675432 3.542502 3.087705 3.209569 2.545984 3.515052 3.199448 12.003800 202.513316 -10.282426
1 10.490130 0.000000 0.000000 0.722652 36.083487 6.969789 464.791865 2.953774 3.182547 3.551442 2.956354 3.217005 3.071290 3.027083 3.564925 2.900387 2.049745 295.081229 -10.282426
1 1.760578 0.000000 0.000000 0.750269 45.313982 9.423167 478.957989 2.941071 2.929931 3.269895 3.844151 3.682557 2.558222 3.333114 3.576321 3.744342 2.361060 303.907620 -10.282426
1 10.579321 0.000000 0.000000 0.693534 34.349724 7.843239 492.308335 3.587060 3.535479 3.851333 3.888964 3.961597 2.656510 2.968151 3.784597 2.947179 4.109526 226.826551 -10.282426
1 8.356952 0.000000 0.000000 0.706255 37.290752 8.299651 484.374647 3.223136 2.948566 2.928719 3.272036 3.246134 2.836146 3.576367 2.826032 3.336476 3.866977 245.884236 -10.268618
1 9.683004 0.000000 0.000000 0.644120 40.669486 5.233127 439.524776 2.768885 3.200183 3.900380 3.436186 3.007505 3.143671 2.513299 3.059389 2.804868 1.650859 300.751125 -10.268618
1 -11.182880 0.000000 0.000000 0.713411 34.415620 2.749462 350.648021 3.457561 3.936491 3.582207 3.410145 3.862526 3.404745 3.129065 3.496204 3.221312 3.523384 244.259880 -10.268618
1 3.044296 0.000000 0.000000 0.367530 42.586663 5.850339 491.345668 2.696561 3.382914 3.372930 2.855418 3.668215 3.419139 3.282572 3.063600 3.520584 1.090685 323.627558 -10.268618
1 8.077755 0.000000 0.000000 0.667520 42.236655 7.156788 481.534730 2.800053 3.033085 3.197869 3.921790 3.803919 3.165618 3.616899 3.280803 3.778562 1.689129 304.097242 -10.268618
1 8.773028 0.000000 0.000000 0.491134 42.253913 5.909939 480.890913 3.082424 3.200575 2.879445 3.890753 3.067600 2.739852 2.598508 2.957691 2.937415 2.045530 259.582701 -10.268618
1 -1.946162 0.000000 0.000000 0.794966 34.722865 4.530560 376.893062 3.307953 3.497447 2.682996 3.516811 3.125230 3.237333 2.548158 3.488000 3.232305 12.063588 204.315378 -10.268618
1 5.971513 0.000000 0.000000 0.484313 42.701082 5.989800 475.975909 2.959833 3.045578 3.669931 3.425572 3.246904 3.296726 3.211009 3.359575 3.400524 1.735688 284.820581 -10.268618
1 6.398489 0.000000 0.000000 0.692154 39.923173 6.715870 444.142030 2.773522 3.793939 3.543581 3.114438 3.369351 3.172585 3.240666 2.857644 3.946284 1.691480 307.454348 -10.268618
1 4.640201 0.000000 0.000000 0.642902 40.958764 7.331015 477.126866 3.607029 3.670371 3.851945 3.036499 2.916283 2.568482 2.865803 3.917118 3.943097 2.911947 249.516060 -10.268618
1 9.464701 0.000000 0.000000 0.673416 36.082822 8.560925 499.618529 3.101396 3.963331 2.796922 3.441199 3.192101 2.785324 3.643712 3.838802 3.176254 3.369003 251.967674 -10.250048
1 8.777384 0.000000 0.000000 0.660243 39.310287 4.347365 418.213608 2.893988 3.465206 3.911240 3.499946 3.166590 3.221639 2.502579 3.169850 3.891238 1.718707 290.877867 -10.250048
1 2.483017 0.000000 0.000000 0.674785 35.226287 3.104836 365.034481 3.480718 3.898369 3.600807 3.359197 3.961559 3.419632 3.259574 3.557578 3.176094 3.548508 245.769809 -10.250048
1 1.133725 0.000000 0.000000 0.564510 42.201499 6.683141 480.675913 2.823342 3.380142 2.649031 3.856992 3.901821 3.610385 3.662531 3.612117 3.364794 1.364757 337.196549 -10.250048
1 7.002977 0.000000 0.000000 0.701632 40.966105 5.912865 431.314238 3.640395 3.606012 3.019312 3.831926 3.138198 2.555001 2.874639 3.728062 2.983571 3.708307 246.141358 -10.250048
1 6.549986 0.000000 0.000000 0.441271 41.444863 5.518938 478.873803 2.905678 3.291346 3.331975 3.444830 2.971016 2.813024 3.430258 2.852358 3.301316 1.689430 272.696465 -10.250048
1 -2.632132 0.000000 0.000000 0.792052 30.485376 4.253961 386.107133 3.384691 3.627558 2.642757 3.445014 3.190617 3.252277 3.694022 3.646146 3.231077 10.618647 200.624382 -10.250048
1 4.370281 0.000000 0.000000 0.641510 39.845578 6.668307 444.466400 3.141686 2.939194 3.583353 3.588739 2.982974 3.063071 3.284067 3.196102 3.284714 3.576964 245.906419 -10.250048
1 10.193239 0.000000 0.000000 0.754691 37.758357 6.099368 441.601515 3.105382 2.872090 3.470425 3.080350 3.509409 3.118120 3.192899 3.244951 3.982630 2.126362 288.924003 -10.250048
1 8.481420 0.000000 0.000000 0.642652 38.054282 5.444013 433.109739 3.557573 3.806663 3.568923 3.297368 3.165080 3.402265 2.861803 3.760869 3.145781 3.796707 227.402379 -10.250048
1 7.944894 0.000000 0.000000 0.641454 36.509297 8.254342 498.121084 2.704164 3.982064 2.685637 3.671520 3.026887 3.657771 3.521149 3.821936 2.920433 3.413312 248.744845 -10.247608
1 6.861669 0.000000 0.000000 0.699021 35.420945 6.567564 463.231912 3.140910 2.990098 3.898579 3.562428 2.966255 3.054328 3.620392 2.857466 2.971761 1.669853 311.797101 -10.247608
1 -1.325249 0.000000 0.000000 0.779167 42.018814 2.021588 322.055333 3.092381 3.611641 3.507139 3.048483 3.819936 2.879130 3.021259 3.879752 3.268844 1.850516 327.196904 -10.247608
1 4.739654 0.000000 0.000000 0.720893 42.485628 4.373836 424.318666 2.734224 3.035992 3.133146 2.904671 3.859785 3.569595 3.401413 3.472720 3.276596 1.133647 325.564313 -10.247608
1 5.433803 0.000000 0.000000 0.704565 41.591087 3.745095 377.370819 2.844388 3.382998 3.549162 3.514839 3.214579 2.764551 3.583299 3.607427 3.023977 4.347444 231.640948 -10.247608
1 0.845675 0.000000 0.000000 0.460801 44.530972 4.434655 453.581139 2.993527 3.644324 3.515972 3.506843 3.202685 3.481754 3.371777 3.672654 2.817006 1.194144 296.802845 -10.247608
1 0.071403 0.000000 0.000000 0.793517 29.782493 4.481895 387.099214 3.353878 3.631329 2.589255 3.442157 3.187499 3.247998 2.527025 3.689691 3.244929 10.793399 205.701349 -10.247608
1 -3.805089 0.000000 0.000000 0.543496 45.983257 4.715120 437.000495 3.689838 2.971910 3.043973 3.476553 3.857953 3.254963 3.338511 3.262971 3.563089 1.185559 342.416347 -10.247608
1 7.184933 0.000000 0.000000 0.791747 36.542640 7.386664 462.570277 3.087681 3.125275 3.208869 3.170817 3.381351 3.088940 3.211760 3.369819 3.728193 2.473373 291.008683 -10.247608
1 -21.267345 0.000000 0.000000 0.590687 38.712742 5.284218 450.897581 3.689778 3.965078 3.508447 3.257608 3.302141 3.565328 2.719686 3.774078 3.210743 3.764997 218.097238 -10.247608
1 7.369086 0.000000 0.000000 0.620469 36.999542 7.596604 495.118475 2.755869 2.825437 2.952993 3.655514 2.920704 3.611172 3.232161 3.849071 3.020089 3.601866 235.318495 -10.239589
1 -2.512795 0.000000 0.000000 0.735751 46.227563 7.175322 427.834454 3.254123 2.902622 3.886794 3.398834 3.065709 2.998564 3.539498 2.893630 3.156831 2.185399 316.537708 -10.239589
1 -12.507271 0.000000 0.000000 0.730968 42.547484 2.402768 348.635087 3.012560 3.322065 3.358027 2.935345 3.971973 2.892569 3.039741 2.889096 3.569403 1.488365 307.306147 -10.239589
1 7.952686 0.000000 0.000000 0.686155 39.071322 5.253327 442.276583 3.126980 3.974907 2.809084 3.016574 3.103306 3.663297 3.489039 3.444696 3.572546 1.066142 343.722746 -10.239589
1 2.246356 0.000000 0.000000 0.704911 42.753714 4.171391 385.343825 2.726479 3.275716 3.539293 3.534172 3.227699 2.817701 3.666202 3.604977 3.013738 4.155712 234.764816 -10.239589
1 3.621491 0.000000 0.000000 0.471163 40.660732 5.717584 468.512400 3.271857 3.761403 2.875951 3.431575 3.736720 3.360923 3.235363 3.989000 3.289648 2.124966 270.112354 -10.239589
1 5.506473 0.000000 0.000000 0.797751 31.686599 4.231200 377.349850 3.312125 3.648956 2.731116 3.441209 3.169642 3.161735 2.553321 3.626761 3.229769 10.995269 203.757985 -10.239589
1 -11.634739 0.000000 0.000000 0.453493 51.670718 4.862838 440.222067 3.691219 3.879203 3.805066 3.268028 2.928776 3.339435 2.886141 2.956715 3.848115 1.093390 327.149037 -10.239589
1 6.750590 0.000000 0.000000 0.797185 36.655988 6.732141 426.102739 2.882210 2.802851 3.827932 3.220255 3.591523 3.375586 3.055026 3.951364 3.707027 5.632803 233.914077 -10.239589
1 9.734252 0.000000 0.000000 0.577612 40.583408 6.715478 487.626029 2.727890 3.754186 3.549751 3.233763 3.285440 2.519292 2.658304 3.651094 3.316483 2.368339 252.022167 -10.239589
1 6.154340 0.000000 0.000000 0.621070 37.187756 7.298713 488.660789 2.700314 2.828601 2.990823 3.655961 2.839092 3.591569 3.200884 3.950428 2.995694 4.215372 222.087758 -10.222956
1 6.434218 0.000000 0.000000 0.769753 42.099855 7.428004 437.088430 3.142066 3.754099 3.521963 3.395373 3.215810 3.155688 3.544370 2.876728 3.099163 2.021382 314.524212 -10.222956
1 4.699701 0.000000 0.000000 0.795643 42.217884 3.146948 353.823516 3.126539 3.197084 3.274006 2.947021 3.964236 3.027133 2.827586 3.024214 3.699526 1.653665 336.702939 -10.222956
1 8.625578 0.000000 0.000000 0.691590 41.532117 6.077424 435.647835 3.145037 3.730824 2.907837 3.169803 2.923458 3.533415 2.595251 3.480563 3.454741 1.294642 348.907048 -10.222956
1 2.455905 0.000000 0.000000 0.484876 41.915806 3.314300 411.109466 3.393198 3.088907 2.983658 3.612722 3.298462 3.354330 2.989639 2.851685 3.360871 1.114695 303.025327 -10.222956
1 4.921501 0.000000 0.000000 0.581443 40.667814 3.792239 422.232278 3.224307 3.510842 2.799463 3.276132 2.892162 2.889744 3.378164 2.924468 3.469784 1.135732 299.655168 -10.222956
1 3.970382 0.000000 0.000000 0.751744 31.394896 4.179649 380.072218 3.307813 3.690716 2.701086 3.433310 3.224616 3.139425 2.545116 3.653230 3.240616 11.195110 201.203393 -10.222956
1 -2.614280 0.000000 0.000000 0.424622 48.772168 5.042499 459.018102 3.609817 3.842388 3.785205 3.402837 3.902126 3.294242 2.964446 2.998079 3.712026 1.057780 316.210812 -10.222956
1 2.280100 0.000000 0.000000 0.786743 39.477879 6.865887 419.740666 2.832819 2.825100 3.823321 3.206174 3.587874 3.377986 3.031113 3.989477 3.673476 5.814280 233.874732 -10.222956
1 4.452962 0.000000 0.000000 0.619197 44.088276 5.776288 446.051320 2.752926 3.527029 3.831546 3.095227 3.490768 3.581058 2.752306 3.527505 3.343676 2.702623 255.110715 -10.222956
1 6.023203 0.000000 0.000000 0.565951 39.294116 6.996206 488.156484 2.804713 2.964824 3.009658 3.722628 2.823526 3.567678 3.210227 3.005750 2.928499 3.358047 231.033708 -10.191224
1 4.668684 0.000000 0.000000 0.724948 34.179686 6.924124 454.848550 3.361260 3.777867 3.208294 3.557988 3.142473 3.139781 2.602205 3.898653 3.119964 1.926144 317.026499 -10.191224
1 5.928124 0.000000 0.000000 0.720419 41.058731 2.514402 347.771912 2.969795 3.012456 3.634167 3.054931 3.768849 2.850196 2.599641 3.997861 3.381120 1.660607 309.748918 -10.191224
1 8.996197 0.000000 0.000000 0.706406 37.927818 6.421518 449.753635 2.991607 3.559818 2.790838 3.252323 3.895585 3.652581 2.548439 3.719419 3.243454 1.543983 332.964656 -10.191224
1 -2.400028 0.000000 0.000000 0.519858 39.576854 6.056112 464.068441 3.484600 3.668082 2.845063 3.564648 3.159163 2.702018 3.673591 2.954150 3.186335 2.069742 290.873164 -10.191224
1 1.689595 0.000000 0.000000 0.599595 40.591972 3.904997 426.962744 3.218973 3.489984 2.754463 3.282317 2.871404 2.905897 3.406870 2.984659 3.464785 1.276291 296.144717 -10.191224
1 2.016080 0.000000 0.000000 0.771027 29.639317 4.347436 376.476303 3.298616 3.702809 2.716937 3.377555 3.261867 3.042613 2.510952 3.682418 3.273549 10.525006 211.092657 -10.191224
1 -2.974715 0.000000 0.000000 0.449499 48.437704 5.461467 462.916098 3.629815 3.840394 3.579848 3.504192 3.978317 3.572698 2.985052 3.206262 3.622022 1.061535 323.321369 -10.191224
1 3.089141 0.000000 0.000000 0.748931 41.725568 6.948783 435.978729 2.787539 2.824284 3.866187 3.142266 3.558050 3.368637 3.141420 3.925573 3.727474 3.862204 250.569201 -10.191224
1 11.799265 0.000000 0.000000 0.628109 38.269220 5.962332 464.908556 2.675700 3.493545 3.896851 2.906953 3.692272 2.527869 2.604252 3.730817 3.396425 2.087814 266.851484 -10.191224
1 4.584786 0.000000 0.000000 0.544745 39.422576 6.456175 465.079389 2.927888 2.883305 2.979055 3.810212 2.800637 3.653177 3.205896 2.963108 2.987876 3.386921 236.640366 -10.144277
1 10.583184 0.000000 0.000000 0.662523 36.658434 6.286930 463.108665 3.161476 3.782450 3.955437 3.203102 2.926891 3.667231 2.602344 3.913648 3.238037 1.646574 296.487246 -10.144277
1 2.560840 0.000000 0.000000 0.792638 37.017157 2.807128 343.598711 3.006000 3.026080 2.707663 3.000485 3.117341 3.629691 2.731792 3.245894 3.506555 2.955929 282.802560 -10.144277
1 7.477546 0.000000 0.000000 0.772663 42.479050 5.325803 405.846847 2.671886 3.978454 3.972363 3.675297 3.903111 3.055612 2.785125 3.137675 2.838432 2.478163 276.692677 -10.144277
1 8.077078 0.000000 0.000000 0.517839 39.517319 6.805147 493.930125 3.609235 3.795258 2.784970 3.703816 3.079368 2.935507 3.369970 3.229730 3.200336 1.073215 330.906205 -10.144277
1 4.307639 0.000000 0.000000 0.675341 40.912426 7.728802 487.594102 2.896284 3.389212 3.709045 2.994159 3.509493 2.688825 2.703022 3.645191 3.149331 4.171382 228.984491 -10.144277
1 -10.783350 0.000000 0.000000 0.786803 30.401864 4.441706 375.952568 3.300754 3.728759 2.762753 3.379954 3.240477 3.074424 3.687522 3.759688 3.287082 9.912946 213.748613 -10.144277
1 6.490358 0.000000 0.000000 0.517591 43.024065 6.625710 478.768203 3.478617 3.672199 3.696869 3.438328 2.884296 2.715169 3.014077 3.524937 3.851816 1.277191 330.546712 -10.144277
1 5.772185 0.000000 0.000000 0.741370 41.952395 6.984131 460.111245 2.724961 2.867877 3.542119 3.235200 3.507365 3.441131 3.407276 3.874538 3.861019 2.884746 268.187102 -10.144277
1 -3.858572 0.000000 0.000000 0.636363 36.996258 5.691184 480.035823 2.680968 3.477702 2.551103 2.815196 3.559121 2.648999 2.631737 3.750546 3.443130 1.482248 275.615116 -10.144277
1 5.325878 0.000000 0.000000 0.501967 38.768045 4.796393 444.773990 2.714568 2.985049 3.937129 3.727080 3.984610 3.462519 3.072602 2.800246 3.286534 2.112796 243.006556 -10.064506
1 8.747043 0.000000 0.000000 0.695276 37.782310 5.367291 427.451063 2.976972 3.808994 2.788758 3.252824 3.022072 2.507017 3.597174 3.945744 3.236105 1.785593 307.878692 -10.064506
1 0.740971 0.000000 0.000000 0.789387 41.093190 2.509228 336.170992 3.062835 3.154063 2.588053 2.982268 3.044978 3.416870 2.855174 3.286514 3.493539 2.763032 287.391578 -10.064506
1 4.143452 0.000000 0.000000 0.668174 40.704807 5.049151 408.681936 2.660158 3.199292 3.979204 3.571263 3.895697 2.927046 3.432950 2.982173 3.187960 3.510674 238.280418 -10.064506
1 7.992636 0.000000 0.000000 0.650038 36.815372 4.384648 420.354662 3.627676 3.383597 2.508359 3.667781 3.860757 2.534407 2.855169 3.049638 3.701896 1.768273 285.491406 -10.064506
1 9.676115 0.000000 0.000000 0.679777 39.434612 8.117063 498.278490 2.885808 3.361599 3.885851 2.983919 3.782049 2.598320 2.753105 3.701755 3.075307 3.445794 243.602688 -10.064506
1 0.235225 0.000000 0.000000 0.778034 30.969959 4.664422 382.984684 3.317477 3.725537 2.722381 3.356004 3.203212 3.042732 3.683233 3.787690 3.281637 9.932925 212.140504 -10.064506
1 5.843669 0.000000 0.000000 0.713538 42.128734 7.230717 464.304784 2.791055 3.706508 2.586007 3.525896 3.458094 3.547318 3.597778 3.878767 3.609173 1.497910 340.967277 -10.064506
1 7.676150 0.000000 0.000000 0.725579 41.581774 6.874554 473.334365 2.983625 2.836381 3.308188 3.412205 3.773936 3.344655 3.460242 3.577460 2.943307 1.742916 301.261352 -10.064506
1 -9.405882 0.000000 0.000000 0.639970 37.139219 5.651492 477.085923 2.693721 3.520468 2.506064 2.818569 3.551298 2.669209 2.694136 3.817086 3.446902 1.540348 277.905780 -10.064506
1 6.343881 0.000000 0.000000 0.524463 41.534117 5.033060 454.138964 2.674758 2.949471 3.990276 3.836428 2.883201 3.470428 3.141193 2.857357 3.324589 2.156137 249.889873 -9.979728
1 7.969325 0.000000 0.000000 0.786647 38.844307 4.103357 376.287688 2.530823 3.225613 2.654600 3.665477 2.813681 3.157316 3.661642 2.831119 3.923400 2.337590 296.157870 -9.979728
1 2.167087 0.000000 0.000000 0.736849 40.255798 2.618648 346.091825 2.834124 2.966797 2.834252 3.094992 3.945704 3.584069 2.882548 3.285847 3.401487 3.236205 264.122011 -9.979728
1 8.713802 0.000000 0.000000 0.661986 41.757545 4.705342 420.237711 2.793459 3.032714 3.943803 3.390618 3.944422 3.180984 2.534338 2.885604 3.260531 2.195646 267.059063 -9.979728
1 7.132520 0.000000 0.000000 0.564095 41.928681 3.354704 396.418250 3.271271 3.308987 2.746233 3.760656 3.732935 2.755313 2.770523 3.751113 3.553359 1.671703 273.568622 -9.979728
1 -3.763578 0.000000 0.000000 0.782342 40.044228 6.609355 441.969771 2.791915 3.469682 3.589916 3.829740 3.802660 2.564112 2.741155 3.476633 3.114589 4.420496 235.919362 -9.979728
1 -3.920113 0.000000 0.000000 0.741128 29.178215 4.114716 382.548644 3.279338 3.669181 2.504413 3.425977 3.259929 3.093489 3.623359 3.927062 3.253482 9.703879 205.802268 -9.979728
1 5.391848 0.000000 0.000000 0.761594 40.721508 4.780075 388.548808 3.236184 2.927099 3.661605 3.838167 3.794355 3.187196 3.492906 3.410731 3.761225 4.976305 232.710129 -9.979728
1 5.965159 0.000000 0.000000 0.683278 40.929452 4.008945 377.618087 3.274526 3.176668 3.659975 3.343756 2.887940 3.328101 2.835334 3.934483 3.109548 1.286671 349.115729 -9.979728
1 3.499012 0.000000 0.000000 0.747760 45.644116 4.961935 416.316038 3.568270 3.490468 3.242088 3.500403 3.848060 2.582142 2.910532 3.361830 3.575732 1.990969 292.868075 -9.979728
1 -0.477865 0.000000 0.000000 0.683909 43.226199 1.804373 331.362790 2.669359 3.285241 2.764969 3.944851 3.783016 2.657996 3.575997 3.334375 2.856531 2.958833 252.936742 -9.915244
1 6.797829 0.000000 0.000000 0.524555 40.136872 4.600211 444.025288 3.533221 3.059678 3.749157 3.233244 3.546087 2.591764 3.535795 3.995969 3.870770 2.360982 238.983490 -9.915244
1 0.139967 0.000000 0.000000 0.663186 34.904777 2.329079 350.019405 2.785358 3.074467 2.739251 3.145226 2.855463 3.487015 2.806795 3.664256 3.200903 3.389741 245.050383 -9.915244
1 8.183680 0.000000 0.000000 0.710588 41.024498 4.241279 395.616538 2.799335 2.939079 3.943069 3.739948 2.880778 2.947692 2.749914 3.910720 3.109566 2.844262 255.369427 -9.915244
1 4.537656 0.000000 0.000000 0.540307 41.524340 3.745465 415.774575 2.757220 2.800990 2.651076 3.435726 3.797481 3.192476 3.398101 3.894752 3.457423 2.835998 227.373066 -9.915244
1 -4.126576 0.000000 0.000000 0.772279 40.610422 6.675864 446.691329 2.738597 3.523296 3.572064 3.757521 3.829973 2.504815 2.670933 3.432566 3.093376 4.203792 238.144873 -9.915244
1 -10.455998 0.000000 0.000000 0.742415 29.030820 4.430023 397.379864 3.316011 3.700817 2.509728 3.368905 3.278946 3.121806 3.622088 3.968295 3.320613 9.377132 203.812834 -9.915244
1 -1.101479 0.000000 0.000000 0.631506 42.072267 1.854611 336.775127 3.539168 3.844646 3.187634 3.807828 3.728659 3.072723 3.431024 3.785924 3.888467 1.889848 281.676740 -9.915244
1 0.274298 0.000000 0.000000 0.666670 41.816814 3.022910 356.111277 3.276829 3.176797 3.363914 3.410099 2.815142 3.289232 3.065387 3.953129 3.044141 1.395888 348.646588 -9.915244
1 9.808263 0.000000 0.000000 0.779437 40.279425 5.397874 428.560520 3.624465 3.526700 3.333644 3.442207 3.847081 2.712341 2.772392 3.337778 3.678585 1.933404 290.904249 -9.915244
1 8.971842 0.000000 0.000000 0.759855 34.217775 6.035786 437.382353 2.562388 3.187595 3.065225 3.973800 3.778167 2.513499 3.376490 3.960995 2.956257 1.664020 316.091660 -9.851199
1 10.725915 0.000000 0.000000 0.537190 38.094565 5.183268 449.075338 2.804390 3.599647 3.804496 3.230436 3.767611 2.693380 2.620528 3.827570 2.932972 2.061556 269.767305 -9.851199
1 1.172399 0.000000 0.000000 0.694587 40.117809 2.765388 360.289183 3.093787 3.082424 2.645740 3.047253 2.831284 3.517417 2.801644 3.617905 3.516586 2.660303 270.112200 -9.851199
1 8.443575 0.000000 0.000000 0.769081 38.558892 4.298309 387.734035 2.822393 3.038892 3.927313 3.779643 3.962688 3.047734 2.610889 3.820876 3.978962 4.130634 246.021459 -9.851199
1 7.097144 0.000000 0.000000 0.571685 40.273656 5.091645 445.936932 2.692543 2.909242 2.638076 3.597082 3.982775 3.324874 3.548476 3.916073 3.493422 2.639449 238.805370 -9.851199
1 9.952366 0.000000 0.000000 0.794905 39.878789 6.928775 436.548073 2.759953 3.590791 3.585208 3.853946 3.794031 3.618064 2.761485 3.418327 3.242979 3.540082 258.935551 -9.851199
1 -19.551012 0.000000 0.000000 0.781438 32.342446 4.740436 390.736596 3.283632 3.869008 2.641620 3.463744 3.287211 2.953147 3.590599 3.979942 3.239227 8.755544 213.154911 -9.851199
1 3.768449 0.000000 0.000000 0.596876 43.735395 3.917499 411.854721 2.999615 3.020249 3.502861 3.284032 3.814308 3.360153 2.588900 3.338817 3.153324 3.136175 226.661941 -9.851199
1 -6.505984 0.000000 0.000000 0.799860 50.040173 3.701967 375.748390 3.249083 3.115038 3.384659 3.545386 3.820380 3.547300 2.876383 3.985033 3.291867 1.585364 338.912558 -9.851199
1 8.419983 0.000000 0.000000 0.774470 41.998464 5.710505 424.751241 3.553156 3.386154 3.337174 3.594316 3.768344 2.736045 3.224776 3.519462 3.921095 2.329380 280.193333 -9.851199
1 9.146583 0.000000 0.000000 0.792586 36.643788 4.831874 404.964324 2.558123 3.079506 3.223366 3.881993 3.653211 2.663226 3.117195 3.981617 3.830393 1.529871 336.251002 -9.801619
1 4.288108 0.000000 0.000000 0.385514 40.936881 4.664460 470.786116 3.436976 3.320452 3.362207 3.280734 3.246956 3.637024 3.077676 3.844451 3.065681 1.787813 236.450722 -9.801619
1 -0.904515 0.000000 0.000000 0.765109 44.559528 6.916356 431.122922 3.289434 3.890277 3.099096 3.724457 2.813375 2.887007 3.430607 3.373880 3.590056 1.899736 336.041923 -9.801619
1 8.717402 0.000000 0.000000 0.775718 39.642233 3.995195 377.927511 2.641972 2.847484 3.547593 3.916322 3.070330 3.033623 2.846400 3.915626 3.858602 3.432629 250.569075 -9.801619
1 6.630815 0.000000 0.000000 0.563255 37.715768 5.279437 454.946758 2.750862 2.881868 2.646240 3.673421 3.179068 3.239659 3.567448 3.740335 3.522930 1.723701 269.631965 -9.801619
1 9.757822 0.000000 0.000000 0.759100 40.203599 6.737005 433.568030 3.304951 3.636321 3.379002 3.663255 3.759636 3.676372 3.196717 3.128937 2.862916 1.911474 314.479966 -9.801619
1 -17.480717 0.000000 0.000000 0.791172 32.716602 4.843520 395.632339 3.280059 3.704656 3.869531 3.549051 3.275235 3.149890 2.599975 3.962107 3.367213 8.309729 214.378238 -9.801619
1 7.506863 0.000000 0.000000 0.797756 41.652156 8.372163 493.201197 3.530302 3.768309 3.409846 3.992247 2.846253 3.614428 3.085333 3.664606 3.003062 1.673378 315.468588 -9.801619
1 -10.271339 0.000000 0.000000 0.759776 51.097162 3.638658 367.349895 3.219069 3.110662 3.214096 3.457394 3.984612 3.438788 3.043218 3.835594 3.420082 1.707367 333.820900 -9.801619
1 8.029677 0.000000 0.000000 0.578503 40.309567 4.583005 425.896505 2.812015 3.083674 3.738541 3.390594 3.108786 3.252420 3.299455 3.117966 2.990065 2.001997 269.457885 -9.801619
1 5.778905 0.000000 0.000000 0.795921 37.496259 5.878679 429.644827 2.621172 3.047264 3.552697 3.608839 3.268816 2.563531 3.317090 3.054210 3.939992 1.642295 305.025741 -9.717703
1 9.520299 0.000000 0.000000 0.516711 38.154949 6.479299 493.844535 2.538927 3.586498 3.394644 3.649339 3.193394 2.515281 3.230398 3.707580 2.962367 1.884326 259.073727 -9.717703
1 -0.965420 0.000000 0.000000 0.780436 45.897183 6.636960 425.268911 3.364415 3.836600 3.256170 3.676713 3.827820 2.919254 3.427074 3.351713 3.871506 2.006455 327.022664 -9.717703
1 9.434124 0.000000 0.000000 0.636069 38.701387 5.718634 446.683995 3.180563 3.579042 3.587620 2.965292 3.852027 3.511967 3.033055 2.920862 3.645916 2.537715 251.659136 -9.717703
1 1.505564 0.000000 0.000000 0.722335 44.510440 9.597380 498.702826 3.327750 3.435571 3.811227 3.500707 2.990671 3.510421 3.078642 2.998988 3.552262 1.886800 329.764968 -9.717703
1 10.037280 0.000000 0.000000 0.681007 35.831466 7.208689 468.456616 3.345519 3.621250 3.134570 3.536027 3.734439 2.545552 3.114514 3.361454 3.027188 1.888980 307.228993 -9.717703
1 8.153837 0.000000 0.000000 0.780493 42.290568 7.616280 455.839152 2.758624 2.918875 3.344837 3.939395 3.781733 2.566128 2.987203 3.866804 3.167426 1.465907 344.686687 -9.717703
1 10.075550 0.000000 0.000000 0.752698 39.640738 7.588622 488.141846 3.325105 3.457652 3.494788 3.939584 3.755955 3.526175 2.961683 3.788024 2.981870 1.629175 301.757350 -9.717703
1 3.438565 0.000000 0.000000 0.713512 44.555585 4.277901 387.682141 3.193743 2.820151 3.317812 3.175651 3.278659 3.616442 2.828104 3.519552 3.170697 1.796385 309.129317 -9.717703
1 5.012299 0.000000 0.000000 0.548422 39.904542 3.159395 407.839709 2.795181 3.907445 3.154236 3.172083 2.994837 2.572039 2.931836 3.923915 2.813436 0.991065 305.969544 -9.717703
1 7.674730 0.000000 0.000000 0.757745 40.533007 6.143519 435.296471 2.627191 3.224971 3.621177 3.547559 2.945929 2.568749 3.445165 2.901098 3.100007 1.366173 334.687490 -9.571680
1 7.462423 0.000000 0.000000 0.785189 42.386000 6.778444 438.796941 2.739252 2.957887 3.611168 3.665437 3.629518 2.982984 2.510084 3.764870 3.561941 3.026753 276.516016 -9.571680
1 8.483063 0.000000 0.000000 0.492656 40.608771 5.923424 481.085506 3.335182 3.616410 3.099943 3.315285 3.140499 3.574217 2.849406 3.572278 3.732986 2.073723 256.570574 -9.571680
1 4.555503 0.000000 0.000000 0.659480 33.672300 3.832107 394.225676 2.723328 3.223572 2.919143 3.693137 3.466963 2.811860 3.539690 3.805333 3.320159 2.455507 267.620043 -9.571680
1 4.161860 0.000000 0.000000 0.735964 44.282920 8.633156 476.315278 3.336502 3.594180 3.731239 3.472601 3.048707 3.489130 3.068316 2.912382 3.682026 1.634413 342.589413 -9.571680
1 7.585280 0.000000 0.000000 0.628746 42.366688 5.421136 436.207557 3.346558 3.961664 3.248901 3.862662 3.058036 2.645493 2.919058 3.218174 3.232466 2.373730 267.399167 -9.571680
1 6.246371 0.000000 0.000000 0.712970 39.713689 7.591485 468.576041 2.599979 2.861720 3.287417 3.919832 3.693362 2.684114 2.860083 2.898158 3.035443 1.826160 329.372084 -9.571680
1 11.385250 0.000000 0.000000 0.787122 38.910960 7.954972 491.432687 3.213363 3.285612 3.593719 3.464193 3.617257 2.757309 2.670491 3.861398 3.952446 1.689779 306.762052 -9.571680
1 9.051950 0.000000 0.000000 0.655066 39.181532 6.537559 468.032272 3.150080 3.128721 3.312313 3.341405 3.181308 3.497675 2.666039 3.802256 3.385738 2.715682 259.314534 -9.571680
1 2.020429 0.000000 0.000000 0.489461 42.004876 4.417887 421.157752 3.519749 2.964399 2.647921 3.177939 3.578031 3.412698 2.679548 3.139371 3.266133 1.160034 334.447704 -9.571680
1 9.621644 0.000000 0.000000 0.786086 39.730267 5.631537 428.254341 2.742038 3.120395 3.683049 3.418941 3.087148 2.804619 2.955753 3.918738 2.809150 1.408561 330.944846 -9.432968
1 6.735539 0.000000 0.000000 0.668928 42.277046 6.322761 452.437398 2.855039 3.186676 3.372864 3.668358 3.604739 3.515921 3.603960 3.995232 3.731776 2.595787 266.722064 -9.432968
1 6.849950 0.000000 0.000000 0.479758 40.386415 5.619079 469.380400 3.157508 3.190355 2.973608 3.296754 3.693387 3.641928 2.534435 2.982208 2.974697 1.973902 272.616319 -9.432968
1 7.453057 0.000000 0.000000 0.645665 35.626992 4.213449 410.110652 2.591994 3.151318 3.055808 3.433009 3.248853 2.673792 3.639201 3.948782 3.545597 2.180171 272.044250 -9.432968
1 4.912380 0.000000 0.000000 0.717984 44.571923 4.114051 402.635069 3.121644 3.945912 3.516028 3.847040 2.803695 2.632914 3.337301 3.226356 3.969907 1.124464 339.743440 -9.432968
1 3.006942 0.000000 0.000000 0.684956 42.290909 4.740458 431.917174 3.016920 3.856728 3.530971 2.819931 2.966502 3.369193 2.744953 3.852017 3.367259 2.178835 250.865737 -9.432968
1 10.825888 0.000000 0.000000 0.640503 38.360796 7.215131 474.765263 3.634350 3.598468 2.958322 3.787902 3.936864 3.078559 3.074549 3.043560 3.888060 1.318524 336.923370 -9.432968
1 3.607894 0.000000 0.000000 0.735698 44.372505 7.928713 481.583996 3.367078 3.654337 3.685791 3.305434 3.338122 3.596234 2.756573 2.867445 3.047015 2.478168 275.423135 -9.432968
1 8.266666 0.000000 0.000000 0.799225 41.989002 6.598072 425.652782 2.690835 3.548646 3.985650 3.499968 3.126250 2.805455 3.460003 3.441572 3.914641 2.117033 311.439381 -9.432968
1 0.257622 0.000000 0.000000 0.675569 43.562133 3.014054 374.614939 2.990926 2.838303 2.981886 3.143355 3.957174 3.547653 3.579586 3.193738 3.169648 1.241470 342.105333 -9.432968
1 8.444895 0.000000 0.000000 0.752966 41.259849 5.862936 448.629697 2.993175 2.822640 3.619854 3.287898 3.410880 3.272983 2.682421 3.872843 3.944803 1.864274 294.862801 -9.260644
1 7.962361 0.000000 0.000000 0.718210 39.684025 5.044468 405.236736 2.532302 3.024030 3.224157 3.571504 3.318942 3.420457 3.543761 3.140113 3.416565 2.629913 267.863572 -9.260644
1 7.882341 0.000000 0.000000 0.565074 39.700804 4.970483 457.805445 2.783379 3.105907 3.319210 3.235304 3.697866 3.350742 2.730332 3.232710 3.458599 1.687502 269.936896 -9.260644
1 7.785846 0.000000 0.000000 0.721136 36.326294 4.388622 403.968324 2.705687 3.101684 3.233440 3.324141 3.138687 3.697707 3.383561 2.841049 3.253429 2.227655 278.050441 -9.260644
1 7.254872 0.000000 0.000000 0.719828 38.224743 3.602320 389.982416 2.657287 3.888228 3.786607 3.933597 2.982798 2.623434 3.607364 3.434571 3.760084 1.126812 348.990244 -9.260644
1 5.407451 0.000000 0.000000 0.652900 40.574139 5.285594 449.187545 3.093485 3.823942 3.486168 3.920408 2.967822 3.412468 2.754021 3.876259 3.326838 1.929100 255.015093 -9.260644
1 7.981839 0.000000 0.000000 0.554111 40.370119 7.664588 498.357110 2.540656 3.778899 2.844098 3.760619 2.933455 3.147419 3.392294 2.874976 3.909078 1.296180 342.733877 -9.260644
1 10.145046 0.000000 0.000000 0.672623 39.884169 8.169564 498.903298 3.107458 3.131814 3.365991 3.197768 3.565956 3.679612 2.590193 3.790550 2.990605 2.545812 268.559464 -9.260644
1 10.776282 0.000000 0.000000 0.761904 40.838890 6.786035 450.421785 2.580971 3.679084 3.347411 3.295724 3.222506 2.861940 2.579968 3.696872 2.843872 1.802578 314.116171 -9.260644
1 6.889388 0.000000 0.000000 0.418585 41.371312 4.893929 473.624922 3.238480 3.893121 3.793357 3.682510 3.250981 3.292941 2.738396 3.570800 3.602055 0.851310 330.766112 -9.260644
1 9.619232 0.000000 0.000000 0.753368 41.459202 6.285912 446.249087 2.988811 3.232208 2.767449 3.874152 3.948985 3.506304 2.625517 3.948827 3.787342 1.311872 341.876848 -9.096820
1 -0.388847 0.000000 0.000000 0.454804 42.456279 3.861166 425.737047 2.908213 3.740039 3.202816 3.935679 3.549593 2.842073 3.680362 2.884622 3.687702 1.571269 283.002860 -9.096820
1 8.528348 0.000000 0.000000 0.580250 40.759459 6.293194 470.406965 3.137093 3.065223 2.906571 3.068416 3.962355 3.157612 3.345872 3.282244 3.088943 1.775436 285.095458 -9.096820
1 6.870371 0.000000 0.000000 0.663770 40.498111 5.396403 421.795336 2.953223 3.267165 2.998209 2.832496 3.777954 3.676708 3.118500 3.196071 3.156971 2.527637 278.407528 -9.096820
1 8.754055 0.000000 0.000000 0.791337 41.448328 4.987757 408.427042 2.556565 2.890782 3.874888 3.510122 3.346393 3.531590 2.633785 3.698679 3.042873 1.439567 336.305528 -9.096820
1 5.910815 0.000000 0.000000 0.530706 39.756663 6.134752 489.003818 3.396914 3.153897 3.473063 3.774725 3.991550 3.367605 2.687240 2.985542 3.242149 1.544905 293.423424 -9.096820
1 6.181517 0.000000 0.000000 0.550921 42.418307 7.674570 494.753789 3.602833 3.041585 3.654769 3.539352 3.216208 2.885739 2.844716 2.898157 3.090559 1.402533 333.787527 -9.096820
1 11.015596 0.000000 0.000000 0.728743 39.132367 8.363542 487.434552 2.834287 3.313556 3.211023 2.996054 3.767056 3.672467 2.682847 2.851577 2.899723 2.445797 280.569498 -9.096820
1 9.313005 0.000000 0.000000 0.711844 41.262696 6.581337 465.154128 2.684192 3.713371 3.180561 3.363421 3.322285 3.553724 2.651594 3.745620 2.973468 1.503131 310.538920 -9.096820
1 7.435029 0.000000 0.000000 0.456450 41.909448 5.561467 487.389033 3.206610 3.702995 3.614229 3.323884 3.326774 3.223446 2.744328 3.702311 3.459296 0.986371 324.619286 -9.096820
1 8.685510 0.000000 0.000000 0.795662 36.829247 5.105638 407.529413 2.864234 3.103976 2.924817 3.989407 3.873785 3.452299 2.975042 3.862907 3.772389 1.613599 314.878788 -8.893802
1 11.436002 0.000000 0.000000 0.527341 38.067531 5.115091 442.532759 3.042299 3.412884 2.730342 3.673024 3.704861 2.630344 2.684444 2.944250 3.838823 2.069623 265.317909 -8.893802
1 11.780102 0.000000 0.000000 0.570338 38.204851 6.937251 482.628018 2.995036 3.929708 3.981428 3.944226 3.660029 3.224898 3.198835 3.784637 3.371639 2.130291 267.533683 -8.893802
1 10.618985 0.000000 0.000000 0.746148 37.023344 4.345623 387.214652 2.633477 3.596972 2.655393 3.718189 3.758010 3.294191 3.233367 3.622106 2.811987 2.449426 278.371547 -8.893802
1 8.026445 0.000000 0.000000 0.676857 40.461496 4.178937 406.021735 2.710400 2.935581 3.930243 3.632572 3.571989 3.486026 2.548431 3.539166 3.007948 1.522635 315.823516 -8.893802
1 7.723091 0.000000 0.000000 0.593567 38.952165 6.209203 462.016592 3.357789 3.872114 3.462001 2.956842 3.916643 3.114395 3.566368 3.494477 3.911357 1.583309 312.148375 -8.893802
1 8.149600 0.000000 0.000000 0.680342 34.520829 7.323926 480.658173 2.848620 3.019181 2.729125 3.014852 3.771821 2.907707 3.072694 3.041039 3.907352 2.251303 286.484962 -8.893802
1 10.824675 0.000000 0.000000 0.734193 39.671765 8.396712 478.146157 2.799343 3.323496 3.070849 3.145823 3.720981 3.505164 2.596068 2.935303 3.106523 2.142013 299.492807 -8.893802
1 12.275213 0.000000 0.000000 0.750048 36.071726 7.393908 468.129028 2.640948 3.631985 2.919088 3.201647 3.457881 2.596578 2.909689 3.745162 3.914759 2.423606 282.145267 -8.893802
1 8.074951 0.000000 0.000000 0.384003 41.634048 5.455990 499.997786 3.374150 3.859348 3.654377 3.440412 3.349135 2.894326 2.796908 3.693887 3.648477 0.855016 316.248028 -8.893802
1 9.936883 0.000000 0.000000 0.793737 39.805575 9.057945 475.309237 2.879041 3.012630 3.952026 3.958941 3.686414 3.396957 2.709968 3.065561 3.188658 2.286293 300.412232 -8.726973
1 11.414181 0.000000 0.000000 0.620652 37.501705 5.806879 445.525619 2.744371 3.305157 3.940805 3.656530 3.543277 2.871953 2.759699 2.920633 3.249934 2.361709 263.606324 -8.726973
1 9.769156 0.000000 0.000000 0.715048 39.250294 5.494767 410.304780 3.677080 3.555801 3.522167 3.508574 3.599502 3.240993 3.017082 3.983540 2.981650 2.161103 295.972415 -8.726973
1 4.675082 0.000000 0.000000 0.692453 37.040544 6.562182 468.077297 3.479553 3.326687 3.402345 3.696634 3.839055 2.807224 2.625897 3.022008 3.201406 1.019752 342.812231 -8.726973
1 10.001131 0.000000 0.000000 0.799048 40.678840 5.018813 392.771027 2.521065 2.909990 3.930367 3.719859 3.692765 2.587937 2.632084 3.807713 3.852443 1.992811 318.489814 -8.726973
1 9.529714 0.000000 0.000000 0.764784 38.647504 5.309371 423.230602 3.679229 3.173805 2.982140 3.849124 3.852693 3.035079 2.945678 3.876510 3.851522 1.757019 309.093742 -8.726973
1 10.863736 0.000000 0.000000 0.760509 38.059052 6.065327 436.227305 3.013375 3.039128 2.988197 3.980854 3.637150 2.805508 3.151489 2.885787 3.665977 2.300309 286.457284 -8.726973
1 11.945883 0.000000 0.000000 0.777791 37.114410 7.201968 452.891973 2.524535 3.739075 2.816884 3.475778 3.788058 3.573853 3.090329 3.268311 3.274984 2.216730 293.624451 -8.726973
1 3.325001 0.000000 0.000000 0.528689 45.733008 4.150465 411.100152 3.156260 3.799245 2.630766 3.225613 3.938800 2.747062 2.697197 3.594714 3.880111 1.699262 294.288778 -8.726973
1 6.332693 0.000000 0.000000 0.409420 41.466571 5.074165 495.993971 3.309383 3.539025 3.676586 3.606548 3.263449 2.704293 2.793395 3.835868 3.914234 0.740822 315.202249 -8.726973
1 8.952302 0.000000 0.000000 0.775781 37.798141 9.572494 490.840706 2.919232 2.860853 3.577393 3.758531 3.485519 3.275731 2.845167 3.248029 3.033998 2.551114 282.219265 -8.526771
1 8.947297 0.000000 0.000000 0.659217 36.816613 5.028470 419.987843 3.317422 3.267921 3.555122 3.722947 3.378184 2.633077 2.683787 3.572905 3.550925 2.413506 278.603478 -8.526771
1 10.530349 0.000000 0.000000 0.689795 38.261695 7.187311 475.441429 3.667121 3.155034 3.676859 2.991400 3.020142 2.937155 2.813101 3.845612 3.453202 1.908786 297.992709 -8.526771
1 9.824804 0.000000 0.000000 0.782454 38.641555 6.352635 448.310355 3.103784 3.057837 3.335417 3.626954 3.931205 2.582651 3.491453 3.779096 3.296607 1.681618 316.995152 -8.526771
1 8.606304 0.000000 0.000000 0.799962 41.449175 4.455355 389.493293 3.534756 2.814691 3.679930 3.634308 3.704657 2.707584 2.574586 3.618360 3.189419 1.824687 316.633587 -8.526771
1 8.841555 0.000000 0.000000 0.638896 40.328011 4.674266 411.763680 2.730515 3.498223 3.148861 3.309025 3.465142 3.476035 2.945958 2.828662 3.860342 1.735659 305.690146 -8.526771
1 10.797276 0.000000 0.000000 0.726936 36.249408 8.028768 496.713083 2.896681 2.992153 3.195516 2.852243 3.539395 2.551725 3.246179 3.636511 3.689896 1.968974 294.747018 -8.526771
1 7.529330 0.000000 0.000000 0.482724 42.119436 6.335698 487.551485 3.535236 3.691587 3.095852 3.297071 3.429265 2.985261 2.846445 3.364652 3.056481 1.726388 284.902132 -8.526771
1 10.708130 0.000000 0.000000 0.654365 39.287572 5.224214 419.834292 2.796788 3.582811 3.927035 3.062588 3.430386 2.625884 2.617048 3.785772 3.229890 1.683616 309.048990 -8.526771
1 8.315892 0.000000 0.000000 0.431783 40.659621 5.742312 489.966334 3.266256 3.502899 3.807133 3.737323 3.343977 2.743043 2.882559 3.730754 3.804672 1.279370 299.097522 -8.526771
1 7.669564 0.000000 0.000000 0.799784 42.947168 9.232394 475.240976 2.687721 3.974837 3.584348 3.886371 3.305570 3.359985 2.821270 3.480512 3.164455 1.747163 332.734381 -8.285289
1 9.648262 0.000000 0.000000 0.772540 37.179604 6.597319 444.944704 3.105590 3.241720 3.997465 2.852270 3.192712 2.779479 2.747431 3.360979 2.884728 2.456358 289.093283 -8.285289
1 10.559634 0.000000 0.000000 0.713482 35.732044 7.138223 459.401178 3.683989 3.102496 3.804872 3.632525 3.133271 2.655915 2.882682 3.894692 2.876051 2.212767 292.714062 -8.285289
1 7.376750 0.000000 0.000000 0.669549 39.941052 5.176504 413.541472 3.285303 3.749608 3.283573 3.243785 2.947900 3.158690 2.586127 2.852518 3.020198 2.572218 279.673728 -8.285289
1 7.764247 0.000000 0.000000 0.736664 42.100726 3.914064 397.057747 2.504377 3.140606 3.909696 3.687302 3.787025 3.620670 2.550902 3.405491 2.973920 1.798320 289.153377 -8.285289
1 6.538994 0.000000 0.000000 0.624352 36.516410 5.664671 476.361139 2.857158 3.279215 3.107141 3.187419 3.288918 2.600372 3.108155 3.819493 3.552653 1.294936 300.824802 -8.285289
1 10.505761 0.000000 0.000000 0.789835 38.909331 8.347029 490.936245 2.561385 3.309809 3.214509 3.903191 2.982232 3.468125 2.979453 3.788712 3.096534 1.634240 324.774563 -8.285289
1 5.995996 0.000000 0.000000 0.509066 43.803537 5.396543 471.515549 2.638094 3.463838 3.111142 3.295804 3.697240 2.811280 3.618359 3.299485 2.960434 1.222891 301.717631 -8.285289
1 9.300520 0.000000 0.000000 0.663562 40.252372 7.749998 483.477726 3.262436 3.252689 3.664869 3.687212 3.115108 2.566541 2.949369 3.160249 2.919550 1.592781 313.123235 -8.285289
1 3.368215 0.000000 0.000000 0.516412 44.379911 6.658110 470.771582 3.387501 3.495318 3.931910 3.794667 3.661283 3.332717 3.647102 3.393464 3.541172 1.572051 309.577242 -8.285289
1 9.104483 0.000000 0.000000 0.777997 40.626553 9.062058 469.330487 2.724687 3.972739 3.620982 3.852116 3.262515 3.347942 2.756823 3.347853 3.073299 1.889114 322.149323 -8.059309
1 7.637803 0.000000 0.000000 0.647172 37.829789 5.561736 466.591825 3.322902 3.802877 3.144853 3.113223 3.848312 3.294587 2.502204 3.809959 2.871729 1.113585 321.655810 -8.059309
1 8.596307 0.000000 0.000000 0.728627 38.766231 9.100835 491.431286 3.410732 3.537622 3.759091 3.843104 3.640825 3.370456 2.675609 3.877833 2.828185 1.883262 324.888782 -8.059309
1 9.074899 0.000000 0.000000 0.671471 38.893406 4.927377 409.716782 3.350042 3.589582 3.530734 3.048423 2.998348 3.048167 2.501049 2.801342 2.933666 2.724861 270.468417 -8.059309
1 11.364196 0.000000 0.000000 0.758039 38.287013 8.287424 490.669720 2.736646 3.312219 3.258933 3.147257 3.376317 3.538417 2.876631 3.782027 3.299638 1.473114 329.520809 -8.059309
1 8.651182 0.000000 0.000000 0.739902 39.362549 6.713636 481.562997 2.986377 3.454680 3.448580 3.421319 3.297777 2.625574 2.872113 3.706839 3.545929 1.420226 301.250466 -8.059309
1 0.656619 0.000000 0.000000 0.722274 33.675467 7.135561 465.300165 3.504341 3.155904 2.634083 3.256079 2.840696 2.570522 3.353784 3.643562 3.200247 2.045965 310.614768 -8.059309
1 9.723320 0.000000 0.000000 0.647450 40.522620 5.423293 429.571813 2.517231 3.871165 2.763944 3.332572 3.267314 3.075757 3.157090 3.858391 3.326657 1.760787 304.882869 -8.059309
1 6.356412 0.000000 0.000000 0.699591 36.864406 6.508941 479.040218 2.749147 3.394175 2.849092 3.335497 2.853670 2.864433 3.399782 3.199758 3.371472 1.555765 304.876471 -8.059309
1 9.128188 0.000000 0.000000 0.501463 42.431903 5.419092 470.832959 2.928489 3.538329 3.416802 3.813677 3.627044 2.573461 2.596854 3.421672 3.661566 1.208647 313.888981 -8.059309
1 5.063169 0.000000 0.000000 0.783564 42.113167 9.471049 482.342099 2.818267 2.901059 3.586088 3.503754 3.471429 3.442658 2.625185 3.272332 3.284090 1.710431 329.412513 -7.811794
1 10.747407 0.000000 0.000000 0.582161 40.219707 5.618459 448.336575 2.566437 3.663956 2.854526 3.711584 3.821684 3.230245 2.609408 3.835923 2.895089 1.398901 314.854320 -7.811794
1 10.593597 0.000000 0.000000 0.701706 37.412058 8.715346 496.278317 2.905525 3.331773 3.559878 3.692788 3.551412 3.306889 3.030400 3.894986 3.013876 1.391009 336.355083 -7.811794
1 9.234624 0.000000 0.000000 0.781357 35.088712 6.531508 443.624771 3.539941 2.863955 3.041092 3.852438 3.206191 2.781634 2.520759 3.830934 3.113836 2.712549 279.403637 -7.811794
1 6.497966 0.000000 0.000000 0.715949 33.736729 6.693753 470.531671 2.876784 3.387024 2.895253 3.193555 3.349121 3.491833 3.139408 3.005497 3.481179 1.444174 321.292221 -7.811794
1 6.233690 0.000000 0.000000 0.635103 43.331249 6.286078 471.369405 3.174225 3.604603 3.922914 3.602351 3.124356 2.806970 3.597734 2.934338 2.803644 1.246669 318.090385 -7.811794
1 9.874743 0.000000 0.000000 0.710740 38.339453 5.173428 425.542682 3.097885 3.149575 2.638730 3.923730 3.948250 3.025617 2.961599 2.831908 3.062295 1.820156 299.471782 -7.811794
1 10.734766 0.000000 0.000000 0.727803 38.918338 5.632863 426.529312 3.658715 3.795835 2.806787 3.989153 3.333154 3.261964 2.570819 3.981726 3.435518 2.051007 294.116340 -7.811794
1 10.805669 0.000000 0.000000 0.790387 36.754589 7.819533 487.284103 2.897811 3.410744 2.759619 3.143952 2.805104 3.283177 2.503183 3.261819 3.428062 1.690357 309.627300 -7.811794
1 10.573175 0.000000 0.000000 0.712890 37.467659 5.828305 444.363684 3.368174 3.928218 3.898137 3.907307 3.251729 2.747126 2.977513 3.206798 3.242278 1.492019 309.073978 -7.811794
1 8.759516 0.000000 0.000000 0.558089 40.205042 3.892036 408.454250 2.858517 3.484038 3.730637 3.779407 3.962149 3.120934 2.612809 3.330305 3.706935 2.643203 246.224647 -7.570158
1 10.991413 0.000000 0.000000 0.575846 36.869282 5.382458 446.861907 2.799341 3.930106 3.152972 3.722212 3.940333 3.038476 2.616545 3.791408 3.172509 1.443027 312.279229 -7.570158
1 12.578023 0.000000 0.000000 0.737278 38.164075 8.429409 483.384490 2.661488 3.500212 3.840696 3.853143 3.652593 2.997711 2.920413 3.524173 3.450259 1.962216 304.594413 -7.570158
1 6.754672 0.000000 0.000000 0.597047 41.274201 6.488150 487.088421 3.568254 3.558616 3.353097 3.124508 3.293139 3.425498 3.680220 3.052792 3.064200 1.538255 292.600476 -7.570158
1 8.431212 0.000000 0.000000 0.581109 39.509509 5.022948 457.617746 2.914803 3.670511 3.604412 3.643786 3.840198 2.669558 3.506562 3.559013 3.460310 1.154537 304.308039 -7.570158
1 6.746594 0.000000 0.000000 0.540381 39.573324 6.601164 475.244544 3.538976 3.054061 2.842150 3.059198 3.034459 2.500825 3.159559 2.941860 3.068989 1.371023 317.215670 -7.570158
1 8.697677 0.000000 0.000000 0.796281 38.626057 8.991193 473.680014 3.168268 3.396191 2.599371 3.008281 3.193485 3.545489 3.575987 3.700893 3.101036 2.230406 309.832732 -7.570158
1 10.517200 0.000000 0.000000 0.775986 38.598134 7.473685 455.344108 3.274093 3.465769 3.562577 2.838784 3.727807 2.879416 3.305879 3.197284 2.998279 2.897142 269.685546 -7.570158
1 8.753334 0.000000 0.000000 0.722897 41.195635 5.864932 453.402799 3.522358 3.862258 3.601911 3.513296 3.546198 3.336140 3.011927 3.897228 3.297416 1.089476 342.841906 -7.570158
1 11.277470 0.000000 0.000000 0.770755 37.830912 7.403528 455.401267 2.717367 2.861662 3.421192 2.887095 3.660245 3.491170 2.585371 3.284718 3.878119 2.560074 286.186826 -7.570158
1 10.077799 0.000000 0.000000 0.590359 36.027258 3.710846 400.375508 2.853568 3.574025 3.745610 3.643686 3.807514 2.993655 2.556895 3.291283 3.801437 3.438072 225.107551 -7.311281
1 10.687890 0.000000 0.000000 0.572188 37.453210 5.641482 461.625299 2.608796 3.951933 2.803260 3.445812 3.816364 2.986221 2.560502 3.773008 3.080164 1.110276 325.667459 -7.311281
1 8.343321 0.000000 0.000000 0.731969 37.211918 6.476144 449.512276 3.000621 3.759659 3.412265 3.779733 3.754393 3.095511 2.857982 3.510605 3.388793 2.019512 302.014300 -7.311281
1 8.942358 0.000000 0.000000 0.639766 40.703749 7.465262 496.443821 2.613249 3.312804 2.848693 3.086511 3.003506 3.223972 3.559818 3.933418 3.071773 1.503958 312.041362 -7.311281
1 9.400765 0.000000 0.000000 0.744443 39.173170 7.235584 482.431505 3.325118 3.525743 3.872049 3.353177 3.966321 2.707712 2.860945 3.457912 3.270513 1.749960 300.441404 -7.311281
1 2.154834 0.000000 0.000000 0.711799 40.473833 7.408738 468.438670 3.325329 3.252103 2.942169 3.600116 3.764775 3.039752 2.616755 3.762085 3.136568 1.866482 324.409900 -7.311281
1 10.558787 0.000000 0.000000 0.761388 38.249993 8.720788 477.373795 2.946681 3.510559 2.520479 3.923683 3.024020 3.484801 3.325578 3.653280 3.124627 2.082793 307.667512 -7.311281
1 9.783140 0.000000 0.000000 0.755671 37.925545 6.587675 437.641603 3.007156 3.662323 3.378045 2.979625 3.999225 3.089502 3.189280 3.119196 3.115898 3.488045 249.284464 -7.311281
1 5.750014 0.000000 0.000000 0.682596 38.892274 4.380311 423.265761 2.866364 3.281210 3.591749 2.853787 3.278988 3.155640 3.594863 3.141841 3.440502 1.085667 344.041782 -7.311281
1 10.999938 0.000000 0.000000 0.794895 39.572157 8.415349 465.820349 2.793273 3.493511 3.170842 3.498905 3.132323 2.561744 2.654978 2.907812 3.461047 2.897073 281.670449 -7.311281
1 10.467005 0.000000 0.000000 0.566303 36.872647 3.706667 404.800568 2.973296 3.818382 2.516273 3.616468 3.995418 2.781237 2.612092 3.314749 3.670964 3.099820 225.785002 -7.068301
1 9.776600 0.000000 0.000000 0.776712 38.363221 6.947296 455.754636 2.566845 2.810371 2.889922 2.927031 3.957009 3.189671 3.579409 3.166100 3.820830 2.693082 271.103311 -7.068301
1 11.363478 0.000000 0.000000 0.739648 36.253671 7.414621 466.680904 2.634975 3.364766 2.572417 3.943758 3.272028 3.414256 3.032883 3.471518 3.508195 2.232159 291.147354 -7.068301
1 9.192375 0.000000 0.000000 0.620581 40.739609 6.648752 485.583936 2.603162 3.300163 3.069002 3.175151 2.991350 3.128128 3.183767 2.985490 2.970552 1.320958 315.010679 -7.068301
1 8.474028 0.000000 0.000000 0.772345 42.611359 7.564504 466.589302 3.526073 3.651684 3.819846 3.142719 3.866818 2.668324 2.758662 3.229712 3.107219 1.845960 313.243725 -7.068301
1 10.918729 0.000000 0.000000 0.693810 39.059447 8.005943 492.820089 3.322484 3.899357 3.874893 3.950942 3.410523 2.560081 3.268116 3.964736 3.057000 1.561274 321.389735 -7.068301
1 10.524212 0.000000 0.000000 0.597951 40.438383 6.212181 463.881449 2.861975 3.503967 3.687367 3.348293 3.615903 2.558008 3.003348 2.835041 3.143189 1.547432 303.347306 -7.068301
1 9.729172 0.000000 0.000000 0.669394 40.400622 6.839836 458.795668 2.747755 3.019080 2.909458 3.955959 3.003752 3.048701 2.881868 3.578157 3.957714 2.191477 284.469174 -7.068301
1 8.652360 0.000000 0.000000 0.704581 37.907037 4.702301 420.423698 2.940245 3.186103 3.671109 2.810595 3.398373 3.263388 2.580649 3.032783 3.355758 1.210261 343.524374 -7.068301
1 5.112315 0.000000 0.000000 0.719960 40.439868 6.551504 438.811924 2.657564 3.453638 2.749171 3.577212 3.736130 3.382942 3.692020 3.262561 3.636650 3.260812 266.317236 -7.068301
1 11.580454 0.000000 0.000000 0.589871 37.826320 4.599203 418.113539 3.085088 3.946793 2.716283 3.543707 3.726103 2.644000 2.577861 3.458146 3.404490 3.273179 236.577081 -6.747665
1 9.676587 0.000000 0.000000 0.739133 40.602482 7.468242 462.599727 2.738077 3.396622 2.806562 3.117550 2.838059 2.520716 3.255774 3.272215 3.103964 1.672902 324.206551 -6.747665
1 7.036247 0.000000 0.000000 0.675473 34.640523 6.014631 453.375361 3.677049 3.404326 2.539666 3.863645 3.665693 2.645313 3.107192 3.850408 3.166024 2.020796 287.934743 -6.747665
1 8.526793 0.000000 0.000000 0.553737 39.569285 6.281534 488.373158 3.566069 3.342615 2.717841 3.002753 3.836387 3.114806 3.328967 3.209622 3.037767 1.315603 298.941328 -6.747665
1 10.096329 0.000000 0.000000 0.697076 39.552351 7.746854 475.444298 3.513897 3.635260 3.914634 3.072207 3.776529 2.555903 2.895415 3.214421 3.054513 1.758351 305.573089 -6.747665
1 8.623007 0.000000 0.000000 0.510973 38.078158 5.786880 480.721931 2.660294 3.774929 3.346160 3.967954 3.088848 3.088293 3.631207 3.908144 3.099019 1.279990 303.747585 -6.747665
1 6.658481 0.000000 0.000000 0.463922 40.493718 4.297762 443.041171 3.035067 3.864289 3.567537 3.346309 3.914932 3.540250 3.183065 3.116459 3.116243 1.719319 257.617137 -6.747665
1 10.918282 0.000000 0.000000 0.761319 39.427742 7.240871 459.161574 2.809870 3.677700 3.734913 3.595644 2.812544 3.378019 2.841157 3.821155 2.830286 1.962561 304.686438 -6.747665
1 6.638315 0.000000 0.000000 0.701972 38.315080 4.249707 394.392488 3.512294 3.304508 3.837959 3.887125 3.943999 3.159352 3.696914 2.931236 3.234634 1.374331 338.647943 -6.747665
1 12.539751 0.000000 0.000000 0.667484 38.458984 6.792312 459.413805 2.647860 3.476795 2.968494 3.510985 3.735486 2.597192 2.827625 3.135843 3.618891 2.388547 277.840988 -6.747665
1 12.047470 0.000000 0.000000 0.605288 36.524004 4.716171 418.785095 3.115827 3.902344 2.720403 3.591208 3.715762 2.698755 2.571468 3.383404 3.369530 3.376961 236.203796 -6.378819
1 10.262742 0.000000 0.000000 0.733693 40.635219 8.538091 497.100310 2.832218 3.302134 2.994755 2.933693 3.757354 2.523944 3.322788 3.273094 3.095212 1.721872 314.965232 -6.378819
1 11.309572 0.000000 0.000000 0.635999 34.602203 6.779054 476.061846 2.511285 3.623642 2.644236 3.737980 3.753097 2.834148 2.759422 3.663328 3.018617 2.072006 282.641948 -6.378819
1 8.472987 0.000000 0.000000 0.796755 34.814635 8.085200 478.235269 2.821304 3.469492 2.698668 3.947947 3.887450 3.197009 3.564229 3.577806 3.430086 1.336864 339.293579 -6.378819
1 9.769677 0.000000 0.000000 0.772373 39.739759 7.987453 464.740109 3.421747 3.293449 3.949716 3.040121 3.080725 3.440632 3.014326 2.944520 3.291437 1.868499 313.089765 -6.378819
1 10.498859 0.000000 0.000000 0.493207 37.612127 5.862588 493.026637 2.813924 3.655003 3.232713 3.929035 3.212103 3.037177 2.518212 3.911360 3.206163 1.074677 308.365308 -6.378819
1 7.006841 0.000000 0.000000 0.458100 41.922277 4.860808 460.643239 2.739045 3.131507 3.219394 3.294215 3.020716 3.043979 2.944313 3.988831 3.795713 2.080764 245.284047 -6.378819
1 8.538312 0.000000 0.000000 0.553314 41.050727 4.442568 427.199871 2.715251 2.891976 3.184037 3.685524 3.058149 3.051484 2.616549 3.265928 3.891310 2.345708 256.153163 -6.378819
1 8.957570 0.000000 0.000000 0.789226 38.573371 4.593301 386.120269 3.398804 3.111593 3.459702 3.676767 3.045307 2.811652 2.779220 3.218082 2.988058 1.439684 347.050700 -6.378819
1 7.752693 0.000000 0.000000 0.690097 34.668522 5.570629 423.373982 3.277280 3.718966 3.813525 3.714986 3.887152 3.501303 3.578108 3.103830 3.849003 3.287936 256.275164 -6.378819
1 11.794659 0.000000 0.000000 0.590904 36.804164 4.937483 424.271000 3.057336 3.922248 2.639933 3.660774 3.696653 2.747267 2.739469 3.395417 3.451259 3.095960 245.326128 -5.963142
1 8.823064 0.000000 0.000000 0.730267 42.033906 7.821143 478.178604 2.934239 3.429012 3.118147 2.948581 3.855115 2.568067 3.287887 3.320607 3.251114 1.807232 312.799795 -5.963142
1 7.690593 0.000000 0.000000 0.728388 32.294843 8.402381 493.531414 2.837234 3.856256 2.954928 3.533307 3.891615 3.088828 2.668607 3.815914 3.173825 2.413568 285.984834 -5.963142
1 11.208407 0.000000 0.000000 0.616539 38.546844 7.202616 482.695467 2.974500 3.618393 3.231052 3.736568 3.937077 3.538877 2.518266 3.383917 3.249031 2.892693 246.776137 -5.963142
1 11.072992 0.000000 0.000000 0.698107 38.489948 7.236474 475.185772 3.619201 3.431257 3.553475 2.810317 3.096470 2.881725 2.662087 3.836060 3.858574 2.078331 283.554062 -5.963142
1 8.995619 0.000000 0.000000 0.476662 39.495336 5.842074 495.891916 2.653154 3.616828 3.218011 3.905142 3.027364 3.002024 2.980735 3.717032 3.061446 1.196135 298.724825 -5.963142
1 10.427198 0.000000 0.000000 0.445411 39.245806 5.576774 483.431947 2.542144 3.382858 2.606702 3.540926 2.818047 2.950852 2.577859 3.734529 3.475380 2.051600 250.655603 -5.963142
1 9.326983 0.000000 0.000000 0.629667 37.624504 4.133030 414.324041 2.751112 3.553070 2.537395 3.271540 3.612124 2.950097 2.911790 2.844248 3.005196 2.009174 264.004306 -5.963142
1 8.465360 0.000000 0.000000 0.730528 38.013459 3.696226 376.411781 3.497074 3.037142 3.326810 3.602875 3.115444 2.808513 2.537121 3.321067 2.934503 1.632151 318.147524 -5.963142
1 10.051496 0.000000 0.000000 0.773986 40.199074 8.623712 485.278301 2.617078 3.073112 3.354528 3.713098 3.656049 3.439613 3.430811 3.939007 3.255327 2.273837 292.161349 -5.963142
1 7.769136 0.000000 0.000000 0.648202 35.503502 5.153712 415.096846 2.857272 3.911250 2.748657 3.309891 3.377968 2.502389 2.639985 3.626942 3.669183 2.984010 268.164726 -5.580663
1 10.098719 0.000000 0.000000 0.605483 39.041518 7.120865 499.781946 2.996720 3.558405 2.667470 2.817970 3.956458 3.674472 2.851293 3.493736 3.130048 1.337346 311.083163 -5.580663
1 9.469982 0.000000 0.000000 0.787957 36.655709 7.655928 475.579080 2.861728 3.637533 2.739644 3.373431 3.773786 3.202183 2.571953 3.815911 2.957754 1.773930 318.036655 -5.580663
1 9.701344 0.000000 0.000000 0.585992 40.185085 6.796280 483.275032 2.901694 3.443706 3.360460 3.364385 3.704062 3.558213 2.751956 3.077420 3.319485 2.171138 262.722862 -5.580663
1 8.409794 0.000000 0.000000 0.685999 41.183138 7.026462 472.744904 2.581094 3.140062 3.876665 3.070612 2.847753 2.940026 2.701368 3.792989 3.889228 1.734950 297.697860 -5.580663
1 9.230927 0.000000 0.000000 0.714988 40.877594 7.380611 463.687351 2.711870 3.133546 3.567922 3.422141 3.968883 3.011465 3.174016 3.765385 3.198931 1.704841 326.083910 -5.580663
1 11.235781 0.000000 0.000000 0.519424 37.206424 6.772335 499.425236 3.323185 3.359920 3.601277 3.974283 3.615175 3.484250 2.649152 3.519087 2.958166 1.865121 270.647127 -5.580663
1 8.891793 0.000000 0.000000 0.532582 39.846906 6.089112 494.146561 3.370265 3.955736 3.824156 2.983396 3.320349 2.615916 3.182773 3.489392 3.110143 0.908778 334.716177 -5.580663
1 8.706877 0.000000 0.000000 0.760853 38.524715 3.921558 372.729014 3.303318 2.996244 3.216894 3.692971 3.208401 2.672663 2.603871 3.395208 2.872084 1.800365 311.100890 -5.580663
1 9.943019 0.000000 0.000000 0.446338 38.033330 5.373746 473.130233 2.880884 3.811579 3.582048 3.438699 3.275497 2.917112 3.118539 3.227802 3.487983 1.856570 259.798956 -5.580663
1 5.994409 0.000000 0.000000 0.679132 35.491475 5.396259 421.181345 2.716218 3.884169 2.783336 3.264341 3.377079 3.612153 2.747077 3.740163 3.736906 2.862305 270.729463 -5.122622
1 11.265370 0.000000 0.000000 0.604237 36.025740 5.986491 457.104584 3.275335 3.926755 3.508123 3.755940 2.989096 2.550207 3.112779 3.887488 3.407629 2.400986 261.954919 -5.122622
1 12.306921 0.000000 0.000000 0.664037 38.198144 8.173343 495.133152 3.179087 3.201217 2.754182 3.425900 3.955412 2.811278 2.566547 3.231967 3.809596 2.374489 279.902916 -5.122622
1 11.769544 0.000000 0.000000 0.693156 37.190229 7.720742 492.725980 2.746365 3.945082 2.760781 3.448767 3.278174 3.445027 2.684065 2.925605 3.341397 1.852263 292.807891 -5.122622
1 10.290733 0.000000 0.000000 0.739097 40.950003 7.961069 488.235865 2.777996 3.547896 2.670527 3.059627 3.624422 2.872655 2.861903 2.801909 3.798699 1.413486 337.184619 -5.122622
1 7.825848 0.000000 0.000000 0.648799 37.001855 6.108191 469.686261 3.423504 3.671156 3.675318 3.002886 3.456858 2.687062 3.463169 3.891439 3.807152 1.410233 294.746675 -5.122622
1 10.906093 0.000000 0.000000 0.730749 37.586063 7.820177 475.522790 2.660921 3.765532 3.998527 2.965474 2.929406 2.852845 3.216816 3.928523 3.416991 1.497280 331.448092 -5.122622
1 7.391839 0.000000 0.000000 0.503992 35.268344 5.995517 496.637673 3.173373 3.958938 3.440231 2.911898 3.308354 2.618406 3.045693 3.555699 3.216514 0.941403 326.209330 -5.122622
1 9.600396 0.000000 0.000000 0.736984 38.094881 4.300018 398.442622 3.506404 3.965977 3.716858 2.874610 3.267494 2.691228 2.519460 3.330828 3.796331 1.693362 304.518649 -5.122622
1 11.516640 0.000000 0.000000 0.567575 37.024850 6.124697 469.059830 2.773982 3.647882 3.607461 3.525565 3.221186 2.721760 3.284687 3.204109 3.547861 1.921291 275.371427 -5.122622
1 4.304274 0.000000 0.000000 0.630502 37.422730 3.492911 401.558056 2.699148 2.998406 2.696727 2.925766 3.334347 3.135428 3.328457 3.683335 3.172703 1.071936 326.324148 -4.779784
1 10.261793 0.000000 0.000000 0.665726 38.948344 7.594400 493.769253 3.448504 3.659042 3.274263 3.585655 3.197127 2.754702 3.590251 3.825627 3.429821 2.339056 264.644952 -4.779784
1 11.565583 0.000000 0.000000 0.775476 38.128965 8.066165 467.033771 3.065183 3.742197 3.225702 3.721263 3.245485 3.358459 2.684867 2.917032 3.072970 2.149263 304.449335 -4.779784
1 11.522437 0.000000 0.000000 0.646636 37.114303 8.011126 497.926537 3.375074 3.807885 2.961707 3.408658 3.071344 3.045107 2.842511 3.337116 3.017959 2.000111 291.446376 -4.779784
1 11.644710 0.000000 0.000000 0.671744 37.513738 7.328812 481.558208 3.127499 3.301713 3.816595 2.973435 3.640157 2.713892 3.071531 2.867082 3.782380 2.047913 287.346773 -4.779784
1 10.851277 0.000000 0.000000 0.587170 38.043110 6.937800 499.186276 2.909222 3.772190 3.680771 3.977491 3.535566 3.182408 3.030445 3.989772 3.630128 0.997388 340.717662 -4.779784
1 9.008294 0.000000 0.000000 0.575154 40.235729 6.014737 460.987138 2.629113 3.749003 3.508346 3.967672 3.461207 3.695639 3.593968 3.311013 2.887016 1.289098 327.313627 -4.779784
1 7.948942 0.000000 0.000000 0.562560 37.637007 5.357138 476.368913 3.145586 3.805970 3.502908 2.955503 3.483373 2.509423 2.737358 3.673414 3.362797 0.915575 326.889578 -4.779784
1 11.023860 0.000000 0.000000 0.754591 38.860245 4.803551 387.622126 2.517054 3.811633 3.258490 3.814969 3.215638 2.594735 2.601172 3.119852 3.602967 1.914173 314.630810 -4.779784
1 11.978005 0.000000 0.000000 0.641670 36.741305 5.573131 438.770548 3.376850 3.471302 3.835628 3.667617 3.224898 2.794787 2.539747 3.252589 3.885163 2.469397 264.695574 -4.779784
1 10.768545 0.000000 0.000000 0.771769 38.153239 6.912649 431.834774 3.149900 3.835803 3.126645 3.808405 2.925461 2.652685 2.655876 3.442188 3.564555 2.193428 309.906534 -4.453251
1 9.770587 0.000000 0.000000 0.696410 39.219187 8.100888 490.426956 2.744926 2.977724 2.745764 2.897390 3.040281 3.579399 2.859814 3.375911 3.926042 1.706396 310.142856 -4.453251
1 10.859460 0.000000 0.000000 0.566413 38.196415 6.941486 489.795554 3.095152 3.366324 3.003816 3.457076 3.391835 3.239726 2.707347 2.845904 3.023730 2.799938 242.137517 -4.453251
1 11.714676 0.000000 0.000000 0.718553 37.458158 6.620345 453.452049 3.613150 3.850910 3.166857 3.449724 3.119224 2.698006 2.870086 3.263853 3.086653 2.096494 288.232473 -4.453251
1 12.221376 0.000000 0.000000 0.702587 36.992338 7.347136 470.356769 2.930870 3.344688 2.990349 3.971971 3.644070 2.975572 3.101801 2.954697 3.622744 2.053048 291.610563 -4.453251
1 9.682986 0.000000 0.000000 0.624596 39.497415 6.469399 484.913803 2.999343 3.806602 3.742763 2.846096 3.588155 3.135637 3.097914 3.933680 3.561316 1.074988 338.356268 -4.453251
1 9.581894 0.000000 0.000000 0.630185 40.658381 5.882331 447.185559 2.777053 3.428541 3.238157 2.862621 3.681611 2.770020 2.614604 3.281806 3.825025 2.418709 273.506778 -4.453251
1 8.246787 0.000000 0.000000 0.679544 36.799543 8.275172 478.924367 2.748021 3.982291 2.793597 3.170285 3.689299 3.521239 3.386467 3.318166 3.999760 1.417494 340.917695 -4.453251
1 8.051241 0.000000 0.000000 0.650408 40.185416 3.564901 391.211049 3.383939 3.628613 3.629346 2.809342 3.945783 2.922031 2.713578 3.323659 3.239425 1.316831 317.924494 -4.453251
1 10.877566 0.000000 0.000000 0.610036 39.870800 6.950613 492.685025 2.946992 3.556434 3.910358 3.167526 3.476441 3.279792 2.733768 3.775229 3.432494 1.788949 280.915127 -4.453251
1 10.497395 0.000000 0.000000 0.769140 37.364312 5.604754 424.364239 2.508027 3.260502 2.695006 3.974544 3.975482 3.095647 3.169028 3.809340 3.232055 1.507461 331.261730 -4.064670
1 10.315466 0.000000 0.000000 0.616758 37.008626 8.122100 497.445755 2.736785 3.877259 2.790859 3.809101 3.079474 3.277989 3.477571 3.412174 2.810615 1.827971 304.639626 -4.064670
1 10.923505 0.000000 0.000000 0.553058 36.277386 5.983542 473.414688 2.966719 3.409974 3.290092 3.578014 3.666222 3.308902 2.689451 2.918662 2.884200 3.186618 228.122571 -4.064670
1 10.925744 0.000000 0.000000 0.767343 35.984031 6.298097 440.552098 3.034949 3.516889 3.134806 3.965581 3.131545 2.527747 2.827340 3.279832 3.136251 2.213907 293.333468 -4.064670
1 12.176783 0.000000 0.000000 0.719548 36.520577 8.630474 489.725056 2.616392 3.021858 3.007093 3.734380 3.725938 2.758774 3.039591 2.830292 3.363317 2.260020 291.169945 -4.064670
1 9.507663 0.000000 0.000000 0.651692 38.929296 6.017310 460.274406 2.878252 3.625216 3.776197 3.020811 3.689563 3.241644 3.234159 3.895227 3.349192 1.016799 349.013988 -4.064670
1 9.576302 0.000000 0.000000 0.642168 39.807324 7.129563 471.998876 2.945089 3.265397 3.024395 3.099700 3.734253 2.688227 2.819704 3.467578 2.829394 1.755035 299.416811 -4.064670
1 8.567735 0.000000 0.000000 0.622466 37.288907 8.185593 494.625596 3.433419 3.877484 2.825101 3.113829 3.779354 3.521037 3.320816 3.257404 2.950547 1.539151 321.453133 -4.064670
1 7.416104 0.000000 0.000000 0.670199 40.248776 3.871085 402.757097 3.268009 3.646246 3.741913 3.059457 3.613825 2.881505 2.813749 3.497878 3.329354 1.338215 322.033322 -4.064670
1 8.707911 0.000000 0.000000 0.649033 40.009488 3.448524 390.634761 2.858325 3.277369 3.908712 3.111106 3.938312 3.126069 2.521240 3.620002 3.460480 1.643063 290.660170 -4.064670
1 10.167145 0.000000 0.000000 0.792789 37.565255 6.169603 442.526905 2.709785 2.811814 2.532479 2.919122 2.888937 2.890149 3.045583 3.743000 3.258441 2.047208 297.589223 -3.633983
1 10.527154 0.000000 0.000000 0.697066 38.179597 5.736715 426.410902 2.809950 3.577153 3.599482 3.493123 3.668753 2.545293 2.905943 3.568817 2.981019 1.683176 309.289716 -3.633983
1 10.644128 0.000000 0.000000 0.489256 38.516514 6.085666 486.274446 3.104722 3.274243 3.371429 3.394331 3.899451 3.361621 2.631661 3.150762 2.906655 2.825325 231.147415 -3.633983
1 10.140377 0.000000 0.000000 0.787111 37.110546 7.064447 439.696550 2.862744 2.921722 2.951272 3.867284 2.835278 2.774396 3.273901 2.965146 2.881108 1.927561 319.753663 -3.633983
1 10.905208 0.000000 0.000000 0.747546 36.990502 8.577363 489.118197 3.566582 3.286211 2.776318 3.668559 3.869889 2.972025 3.114561 3.642065 3.318255 2.775911 274.234093 -3.633983
1 8.154122 0.000000 0.000000 0.598347 38.169914 4.450646 432.363311 2.824946 3.799591 2.758009 3.685075 3.775503 3.561214 3.089827 3.527089 3.551424 0.997782 334.791915 -3.633983
1 9.725572 0.000000 0.000000 0.712469 40.032343 8.767020 493.566694 3.132709 3.358558 2.653438 2.850011 3.783041 2.859346 3.031041 2.909015 2.970878 1.539027 331.888734 -3.633983
1 10.972652 0.000000 0.000000 0.780822 36.971422 9.006867 487.653403 3.370923 3.598939 3.570507 2.823480 3.798596 3.178442 3.224179 3.084515 3.413945 2.908398 267.998939 -3.633983
1 9.266319 0.000000 0.000000 0.690063 41.662159 5.071960 415.051023 3.484216 3.460267 3.731491 3.466940 3.633094 2.950676 2.726324 3.910874 3.241949 1.636165 315.153710 -3.633983
1 10.387701 0.000000 0.000000 0.713433 37.080474 4.360624 404.054635 2.865145 3.402984 2.727997 3.917308 3.819628 3.058121 2.799787 3.964907 3.014732 2.310390 272.785945 -3.633983
1 10.922553 0.000000 0.000000 0.579879 36.891443 6.136846 461.856678 3.177302 3.009675 3.767857 3.769099 3.427980 2.533246 2.732999 3.918723 3.791380 2.375791 269.118874 -3.197183
1 10.041365 0.000000 0.000000 0.560762 38.776305 5.976429 464.539616 2.771140 3.910541 2.688350 3.190726 3.756887 3.174342 3.161331 3.202558 3.928955 1.312473 324.603719 -3.197183
1 10.858131 0.000000 0.000000 0.513924 37.583134 6.546619 493.060659 3.107783 3.151514 3.522262 3.217435 3.937925 3.364373 2.628321 3.501341 2.985896 2.724794 240.767944 -3.197183
1 7.873767 0.000000 0.000000 0.706707 40.557948 4.239545 411.113633 3.546471 3.309086 2.973931 3.877113 3.814799 2.536431 3.103315 3.037800 3.744290 1.209929 335.969472 -3.197183
1 11.973756 0.000000 0.000000 0.629854 36.008748 6.715046 472.586151 3.382940 3.360767 3.346059 3.911449 3.818707 2.617573 2.948148 3.935672 3.600143 3.057988 241.619963 -3.197183
1 7.603546 0.000000 0.000000 0.551517 42.009830 6.131312 462.751677 3.047552 3.671072 3.925015 3.355545 3.705665 2.598229 3.035880 3.892146 3.404625 1.537305 316.127742 -3.197183
1 11.988683 0.000000 0.000000 0.773420 37.434680 9.323452 497.524886 3.138569 3.039600 3.874696 2.941159 3.916906 2.841086 2.905008 2.895855 3.796512 2.371444 289.350153 -3.197183
1 8.937629 0.000000 0.000000 0.593532 39.042220 6.125854 450.956045 2.686321 3.483469 3.119528 3.658972 3.630971 3.487372 2.832968 3.845907 3.331572 1.605922 320.251807 -3.197183
1 9.387743 0.000000 0.000000 0.776773 40.502418 4.754219 401.773093 3.646450 2.986853 3.916480 3.573729 3.442374 2.891780 2.517005 3.866244 3.136259 2.067993 291.231601 -3.197183
1 10.748038 0.000000 0.000000 0.671940 38.336122 4.226652 399.210795 2.928093 3.722041 3.158774 3.719141 3.402209 2.910588 2.687010 3.095754 2.925100 2.427935 269.442623 -3.197183
