1 -29163.409268 0.666600 7.150210 1.978891 215.625567 0.104900 6.509389 0.899659 197.464131 0.414394 6.843804 0.923106 121.078582 0.052193 -68.342461 2.607378 1.749702 2.231061 0.000000
1 -10999.824758 0.084701 -17.576557 1.128959 303.361298 0.636534 11.670431 1.744684 281.982634 0.524628 30.789829 0.727232 282.882429 0.413780 -57.458274 6.959257 1.881431 1.535588 0.000000
1 -16897.690661 0.423916 -29.274030 1.167840 45.927939 0.220847 -29.436434 1.078783 332.929794 0.558611 17.926096 0.060728 162.271252 0.755122 -64.306264 4.633883 2.609255 6.500110 0.000000
1 -29135.818517 0.488979 -9.136472 1.885653 182.844653 0.042043 -63.442813 2.127178 63.245075 0.049213 -55.611015 0.105191 41.193695 0.984548 81.422913 2.427534 6.536892 1.579612 0.000000
1 -29176.824310 0.257181 -20.920656 1.361794 70.415884 0.161065 -42.870767 1.583898 198.132039 0.033110 -36.224978 1.188181 184.303982 0.507234 -58.896739 6.621940 4.764525 1.990564 0.000000
1 -27341.064952 0.787194 -80.170652 2.041214 335.444709 0.109134 -16.062771 0.352626 26.262821 0.501215 -14.534175 1.619834 65.038693 0.574044 89.980571 2.489280 2.158784 4.414541 0.000000
1 -11150.888604 0.272496 25.851859 0.634837 86.555274 0.624503 81.382418 1.001287 343.926813 0.238938 -51.525122 1.720098 262.242670 0.366381 -84.021391 3.623733 2.119209 3.124332 0.000000
1 -29134.482759 0.485279 -42.320736 0.793982 68.757559 0.700496 -77.848331 1.163932 218.076058 0.311702 31.114552 1.934106 95.350251 0.486929 76.917172 6.152226 3.814025 4.140800 0.000000
1 -13200.007941 0.730649 -79.967503 1.332798 338.168769 0.423463 68.078800 0.450343 311.812485 0.585824 -75.378059 1.590816 241.032868 0.311808 -52.064288 2.317572 4.813488 3.943131 0.000000
1 -25776.475487 0.067188 -21.459714 0.603788 62.450155 0.145965 -12.624514 1.483367 317.609370 0.008243 29.505137 1.996646 146.871772 1.176993 4.034527 1.435644 6.857036 3.902913 0.000000
1 -21837.464628 0.040222 -84.911544 1.134715 122.781702 0.418868 55.231259 1.591811 125.782309 0.570826 67.069936 2.064939 336.272692 0.526136 -62.304930 4.246588 6.361795 1.080846 -0.783037
1 -11558.789315 0.362966 26.758614 0.979278 276.157029 0.415994 42.864964 1.932716 312.148173 0.482407 -17.865791 0.869269 67.312614 0.696332 83.908761 1.228754 3.824151 4.185349 -0.783037
1 -29126.461621 0.576670 -62.125074 0.290352 101.003576 0.317461 -70.471311 0.081591 114.618188 0.140167 -67.949161 1.636748 30.861298 0.207343 -84.303432 3.408822 6.518890 1.942725 -0.783037
1 -17590.810466 0.254423 0.097707 2.001005 230.964548 0.272383 -11.448111 2.019142 334.218230 0.047037 20.923342 0.997082 319.559929 1.191542 69.641094 3.976372 5.327929 3.782900 -0.783037
1 -18515.256239 0.129051 11.791113 0.302263 125.697842 0.296601 -8.016956 1.137611 102.615721 0.457883 53.521596 0.898640 349.502647 0.016177 33.655461 2.814117 6.304062 1.545072 -0.783037
1 -29154.763656 0.054204 -27.629499 1.031577 174.668669 0.302472 -35.027543 0.855262 102.433217 0.688162 89.596852 1.920849 213.643789 0.504202 -69.943894 5.556697 4.308074 1.584759 -0.783037
1 -16745.163760 0.348920 39.614369 0.604238 70.492055 0.033028 18.187713 0.362656 289.241424 0.578141 43.981137 0.082207 348.852009 0.625426 -39.080542 5.190543 2.621370 3.026137 -0.783037
1 -16609.500027 0.153755 14.841754 1.444204 263.470663 0.399636 82.679021 0.316285 299.384097 0.051781 83.591063 2.050842 181.227659 0.347258 -47.056337 4.343376 2.334596 3.826859 -0.783037
1 -18228.946154 0.532504 87.131734 0.915235 266.646810 0.045630 -62.956094 0.502117 97.533518 0.770851 68.012966 0.695271 183.353251 1.025493 -44.418246 6.473790 0.718860 2.588121 -0.783037
1 -22048.163685 0.226423 -11.447739 0.253452 314.676694 0.508247 33.809139 0.482200 180.590068 0.156898 27.725304 0.802728 75.677808 0.108183 38.043338 1.912604 1.486676 2.291691 -0.783037
1 -19006.309962 0.514814 -31.458442 1.157919 332.794174 0.582339 86.029562 0.321731 258.416477 0.103319 23.071916 1.006801 328.550661 0.055861 -23.288037 6.962924 5.010340 0.929367 -1.667365
1 -16601.288545 0.109910 -64.732534 1.347413 343.606340 0.039854 0.675322 0.877129 126.778074 0.037452 22.228709 0.551026 144.365329 0.731622 -64.366105 3.985180 0.865579 1.162469 -1.667365
1 -18526.021915 0.362875 32.950712 1.320602 310.275407 0.090177 -1.552998 0.979576 203.918777 0.588969 51.925693 0.190846 231.960347 0.635261 63.680074 1.290606 0.828856 6.649407 -1.667365
1 -18331.506887 0.466060 -0.770904 0.677754 173.171587 0.520445 43.769677 0.146163 246.936597 0.162688 1.604053 0.924544 281.566020 0.141955 -34.415383 3.567510 5.217679 1.250738 -1.667365
1 -18516.531705 0.127642 11.303045 0.303388 125.871393 0.295151 -8.145134 1.133625 101.942283 0.456014 53.661970 0.898038 349.810760 0.015571 32.997764 2.824973 6.296381 1.530644 -1.667365
1 -27357.744745 0.676539 -35.521859 1.477409 210.398886 0.785702 52.354064 2.050640 178.446455 0.115812 -1.962902 1.282223 22.471610 0.815478 -46.255858 4.789043 1.562046 5.580240 -1.667365
1 -12790.273505 0.327742 24.701754 1.436471 328.624969 0.502210 -61.653282 1.514252 310.621962 0.178510 -29.042513 1.393230 223.458886 0.528405 73.548227 5.783268 5.930700 4.984476 -1.667365
1 -14730.901859 0.449640 37.067327 0.761088 169.421868 0.371927 65.221288 1.831951 228.468613 0.625304 -41.319449 1.879456 250.330141 0.781651 -10.175844 5.105658 0.837222 3.824179 -1.667365
1 -11460.684556 0.360929 -64.956669 1.212006 294.083225 0.145308 -82.075171 0.498039 94.013471 0.332806 82.878386 1.711396 342.827751 0.261161 -36.625918 5.716625 2.914837 6.775608 -1.667365
1 -29126.046727 0.646313 64.703316 1.592709 213.795168 0.028224 -47.881982 1.944123 66.808293 0.321091 -62.660295 2.044884 106.417090 0.662558 59.629107 3.711031 2.795092 0.771483 -1.667365
1 -18440.690304 0.345672 -6.090623 0.532773 232.569910 0.758381 -63.480914 1.837564 315.323413 0.196097 -2.790536 0.677071 107.550340 0.615170 18.998383 3.795760 1.424950 3.790324 -2.418356
1 -14949.750085 0.344642 42.590430 0.390180 149.083610 0.058619 -6.870870 0.896884 168.085938 0.722265 -20.386818 0.217271 234.431311 1.147546 -70.988727 1.704052 5.451192 6.889370 -2.418356
1 -24879.453350 0.724796 -76.119095 0.110862 129.102302 0.152962 56.368268 1.716512 275.923664 0.080830 18.563181 0.694957 289.875277 0.239390 41.717923 1.699606 0.991321 0.817390 -2.418356
1 -11218.334847 0.487822 -81.165622 0.497956 302.476389 0.786512 -57.953596 2.085793 296.081514 0.652024 59.757840 1.567817 133.552295 0.911010 -51.333793 5.328728 6.152765 5.829835 -2.418356
1 -16525.255262 0.190030 -3.367463 1.385160 23.369981 0.451135 -87.204437 1.655519 218.295194 0.026291 -68.334252 1.877876 173.796024 1.160277 -75.026393 3.373181 3.927418 1.440599 -2.418356
1 -11483.727118 0.201202 -77.322982 0.166614 308.603006 0.185194 -44.241929 0.796453 328.578374 0.796794 -21.149299 0.424317 292.326480 0.461517 36.751045 2.833558 2.665905 1.406821 -2.418356
1 -12790.273505 0.327742 24.701754 1.436471 328.624969 0.502210 -61.653282 1.514252 310.621962 0.178510 -29.042513 1.393230 223.458886 0.528405 73.548227 5.783268 5.930700 4.984476 -2.418356
1 -18101.298797 0.386807 -71.346841 0.805702 186.586386 0.743903 8.308523 0.517930 152.428513 0.378971 45.778585 1.202712 150.134359 1.004371 -57.927682 6.184565 6.232584 5.350823 -2.418356
1 -16390.939987 0.766435 -46.771929 1.361227 183.605662 0.736862 72.798012 0.605094 170.050657 0.694458 -63.940792 1.531791 199.422796 1.054395 -73.716206 3.388428 3.338801 4.377582 -2.418356
1 -18613.682892 0.492258 21.907582 1.193343 236.332029 0.290924 -76.530226 1.485567 328.381778 0.007762 65.861043 1.632100 257.581347 0.803757 55.679543 4.202053 5.685195 5.780222 -2.418356
1 -11103.144423 0.476330 86.969935 0.726090 327.406612 0.441923 60.382351 1.638805 193.972499 0.737591 43.666769 1.535624 36.504004 0.025185 -54.602836 6.445752 4.013377 0.712355 -3.067918
1 -15148.799870 0.312453 1.936825 0.303577 250.628031 0.521728 -7.795703 1.749498 338.113675 0.139420 32.042604 1.013253 104.681036 0.747428 -43.911202 5.308154 2.241529 4.366798 -3.067918
1 -16942.030897 0.261836 31.337716 0.856186 316.842967 0.267585 -41.568383 1.599286 130.526085 0.622346 -74.287078 0.154123 286.995424 0.695087 -88.031526 5.997712 4.625400 1.535243 -3.067918
1 -9266.501786 0.539855 -69.811959 2.013185 166.508759 0.290649 73.272274 1.593886 240.284891 0.751838 -64.383936 1.094945 296.001464 0.672388 -57.528855 6.349527 4.472782 6.205241 -3.067918
1 -17090.005419 0.497597 59.349844 0.074129 319.757414 0.718192 70.289794 0.693118 147.787906 0.533613 -47.213714 0.765510 203.926664 0.617952 48.144638 3.334658 1.104313 4.718890 -3.067918
1 -10913.995766 0.707812 89.549270 0.116330 303.141606 0.050447 26.344924 0.931524 220.535005 0.540341 -78.144530 1.484804 144.022353 0.395103 -31.682994 3.885327 3.734674 3.229669 -3.067918
1 -19361.273496 0.307862 -44.716167 1.198574 119.660728 0.040365 -26.820305 1.260277 169.581750 0.649370 29.551340 0.100917 241.203530 1.119312 5.111777 3.901791 0.820902 4.711485 -3.067918
1 -11876.642834 0.285136 -70.209534 0.212406 262.820642 0.661153 -81.286651 1.331567 153.234555 0.542794 2.820618 1.195090 339.388552 0.367853 32.655927 5.599656 6.196714 6.903794 -3.067918
1 -15004.062948 0.047362 -45.725159 0.581083 283.613307 0.787356 -18.284513 0.113028 78.149395 0.278124 80.762782 1.040476 119.620256 1.051400 -65.514914 3.988048 2.013702 2.132199 -3.067918
1 -7287.216383 0.775049 74.401920 0.458840 279.806176 0.278063 78.947333 1.080925 134.568203 0.521186 38.352076 0.602219 233.895461 0.396847 -89.416722 1.885476 6.890225 1.696703 -3.067918
1 -20468.122480 0.551602 -43.848166 0.964107 321.932701 0.002635 -80.120300 0.697519 281.160483 0.366491 -33.220320 0.097144 257.925932 0.382080 -25.478264 2.029832 2.565130 3.095133 -3.613134
1 -11253.337098 0.736788 81.682998 1.994051 115.556526 0.561228 -62.085591 1.431944 265.415119 0.391942 -88.443771 0.392604 282.344861 0.919981 -85.020482 4.038050 4.752938 3.561983 -3.613134
1 -18722.663140 0.785876 72.600935 0.910999 282.788470 0.490840 58.651383 1.654568 125.381508 0.332976 -5.030373 0.145088 293.651637 0.139217 43.908434 2.964436 0.615435 3.742696 -3.613134
1 -9275.895248 0.540003 -70.004609 2.008637 166.455406 0.292576 73.341378 1.587290 239.962753 0.750415 -65.017827 1.089574 297.169236 0.676522 -56.812192 6.327827 4.452492 6.233186 -3.613134
1 -12822.440051 0.118798 -28.280574 0.395465 137.864238 0.171278 -68.227943 0.075712 342.788516 0.469313 -50.894470 0.223645 144.002409 0.878475 50.243740 4.216827 2.354800 6.764393 -3.613134
1 -14645.988591 0.643842 76.191186 1.830908 324.291296 0.789367 23.584881 0.965686 154.518504 0.525355 51.893128 1.401511 164.321439 0.113808 8.254962 3.634261 4.173563 2.794942 -3.613134
1 -7316.815173 0.261639 -77.894992 1.099551 346.193329 0.570072 -9.959488 0.294162 209.769064 0.782245 -16.431498 1.029508 77.461861 0.558371 -33.926715 4.373583 1.303843 6.188076 -3.613134
1 -14600.239320 0.531139 0.901428 1.992153 233.212862 0.746878 -4.605304 1.874775 121.837870 0.770050 -12.776257 0.285992 208.314429 0.921753 -45.816408 6.129426 3.329821 2.216007 -3.613134
1 -14801.096140 0.031672 -21.087925 0.218670 310.576404 0.700062 0.318297 2.116376 98.798036 0.268832 -83.080321 1.398185 70.439273 0.794756 -68.030042 4.078596 2.209371 1.701776 -3.613134
1 -7236.123649 0.758869 74.657032 0.363445 298.761431 0.266686 88.626345 1.104212 128.180703 0.547755 34.708011 0.692387 215.439340 0.319823 -87.799328 2.054650 6.833273 1.428833 -3.613134
1 -7306.094368 0.527026 -81.285976 2.005386 157.877795 0.251124 81.482746 1.462878 269.662979 0.746207 -65.832434 1.035176 277.788438 0.772051 -74.189420 6.311214 3.691731 6.843971 -4.217557
1 -22164.719552 0.164685 7.696619 1.512280 67.971789 0.785348 81.103814 1.190355 128.470688 0.627464 -64.595493 0.728411 272.140054 0.547268 49.036751 3.968850 6.464109 1.493914 -4.217557
1 -13036.709567 0.228595 83.193517 0.188297 296.378026 0.492706 44.879338 1.436198 112.309955 0.545743 26.716291 0.643557 202.512926 0.268380 -8.091443 2.231803 1.208434 2.531753 -4.217557
1 -18471.636290 0.249383 -55.609789 2.024240 209.753715 0.221567 -17.788405 1.424855 283.539904 0.709368 -43.460350 1.753591 231.501450 0.730638 -75.497532 1.897331 4.854305 0.616022 -4.217557
1 -14754.652120 0.782952 22.330346 0.507367 254.268759 0.786428 -14.561067 1.004836 266.606494 0.233606 -88.966296 1.648982 128.638108 0.414839 -73.732993 3.519508 6.352117 0.799794 -4.217557
1 -18388.727254 0.712055 -68.363107 1.395826 89.985449 0.381636 9.383223 0.157613 22.367121 0.466585 -89.448542 0.709973 343.356849 0.722275 -45.012402 6.202720 0.773278 4.029098 -4.217557
1 -7317.475350 0.261251 -77.857582 1.099285 346.081799 0.569838 -9.904473 0.295186 210.077267 0.782561 -16.546853 1.029180 77.701280 0.559825 -34.037913 4.381108 1.292223 6.198730 -4.217557
1 -20513.183464 0.210185 -84.995403 2.040235 113.362837 0.321955 82.575847 1.582908 136.263546 0.006735 -85.090905 1.382523 196.153587 1.184377 74.952350 2.969487 2.264811 5.985314 -4.217557
1 -14801.096140 0.031672 -21.087925 0.218670 310.576404 0.700062 0.318297 2.116376 98.798036 0.268832 -83.080321 1.398185 70.439273 0.794756 -68.030042 4.078596 2.209371 1.701776 -4.217557
1 -9238.658723 0.738055 67.794203 0.663208 321.182884 0.327096 -89.870171 1.303320 110.670142 0.577286 20.034669 0.577812 210.566725 0.344112 89.526378 2.163863 6.284689 1.500723 -4.217557
1 -9269.173976 0.558342 65.212861 0.409172 278.772850 0.161696 16.726842 0.684882 169.463505 0.477581 -44.634724 1.183820 301.587480 0.074313 -66.446428 3.667117 3.981904 3.667637 -4.843601
1 -11058.253688 0.154186 -41.040356 1.638652 302.170520 0.328506 -17.921682 1.356679 344.770811 0.507283 -8.018413 1.235468 315.961850 0.646407 65.870983 2.433889 6.300301 1.511685 -4.843601
1 -17103.341037 0.717599 -12.397768 0.098584 333.691523 0.299040 78.185863 1.208535 167.257183 0.598164 -40.601886 1.908300 83.135110 0.550286 15.393032 6.689417 6.767905 4.148428 -4.843601
1 -13813.429792 0.144620 21.013767 0.122967 288.961500 0.079365 -69.035619 1.450685 331.504452 0.018424 -72.775461 1.170828 168.415314 0.181290 -1.659870 3.173748 1.365345 1.385176 -4.843601
1 -14927.730236 0.788382 -64.707705 0.686567 335.238864 0.467612 -38.062361 1.267732 280.154022 0.625881 -0.565028 1.257233 319.524797 0.153929 -60.471960 6.491864 1.774072 4.722723 -4.843601
1 -11006.775378 0.384095 -44.404882 0.183013 315.808793 0.378078 40.410999 1.825142 78.015921 0.478856 -82.712192 1.915638 245.023972 0.339922 62.353489 2.082268 6.901589 6.748556 -4.843601
1 -7344.225078 0.214463 -77.723671 1.079763 347.561918 0.572461 0.611090 0.222214 202.562706 0.778273 -16.479336 1.088080 66.806002 0.571190 -28.698297 3.895459 1.639763 6.026757 -4.843601
1 -16824.887356 0.519495 -42.115042 1.567830 115.468276 0.240302 -69.276811 0.200264 157.469474 0.122183 65.847856 1.374951 343.771884 0.465386 81.305764 0.730708 3.025263 5.170036 -4.843601
1 -29159.558470 0.235406 -63.102834 0.457769 12.079869 0.498927 85.934880 0.407930 191.159867 0.575335 0.198306 1.950774 191.285185 0.289536 2.789171 0.772296 5.871484 2.697711 -4.843601
1 -18387.910856 0.741657 63.095506 0.160426 244.458327 0.311277 60.130054 2.115597 105.818981 0.079441 -11.041711 1.117554 174.273175 0.685162 44.522048 2.732255 2.283140 4.757835 -4.843601
1 -13171.828644 0.378831 -26.497605 0.841975 293.172405 0.095531 16.290677 0.089054 228.778812 0.663957 -41.479284 0.431483 264.187317 0.656296 -87.763036 6.610375 5.940757 2.497814 -5.408615
1 -9291.381988 0.501396 59.743261 0.295713 281.865927 0.147802 -41.801455 1.538587 54.078752 0.491534 -43.113705 0.542609 12.314022 0.701592 -6.453815 2.479830 5.000010 4.138074 -5.408615
1 -14704.285893 0.294929 12.496294 1.172331 282.437482 0.301581 -41.749869 0.133911 132.737270 0.451731 -88.419832 0.976014 221.223198 0.125452 -61.116967 0.816029 5.430410 3.720404 -5.408615
1 -12942.332590 0.598458 12.405670 1.032309 314.835051 0.610032 10.627332 0.564197 337.424247 0.116940 81.403948 0.545984 195.281704 0.219610 -48.918439 2.086425 6.254417 3.849503 -5.408615
1 -14776.075807 0.683323 33.044932 0.880641 275.166862 0.090125 69.183785 0.218118 297.809998 0.287387 -68.637439 0.540426 264.746133 1.023310 -69.177805 3.572795 6.683568 1.470069 -5.408615
1 -14490.930074 0.691891 41.127622 1.471946 140.042104 0.230130 -0.537069 1.061388 341.662825 0.618252 39.922343 1.642165 221.971935 0.463272 -68.144379 5.615908 6.440710 4.586800 -5.408615
1 -7347.783128 0.214973 -77.667885 1.075220 347.905030 0.570345 1.196173 0.219320 203.197023 0.777100 -16.997406 1.083382 67.563467 0.574674 -28.777983 3.886840 1.639414 6.002180 -5.408615
1 -12669.630908 0.394009 73.664899 0.335705 73.067866 0.127172 85.984487 1.390926 211.814065 0.083270 -19.189528 0.581716 324.328757 0.619132 -45.096127 6.113565 4.002520 4.717151 -5.408615
1 -16557.301253 0.204967 -54.764369 0.969707 278.321308 0.548819 37.636487 1.995695 250.333930 0.448909 -71.438202 1.771801 192.600951 0.898967 -36.656796 6.962516 1.253011 3.139755 -5.408615
1 -14704.382201 0.759770 33.366578 1.846743 277.078390 0.199512 62.202523 1.345113 135.684732 0.091598 22.098073 1.478594 177.499811 0.833201 11.835473 2.293677 4.242534 4.426968 -5.408615
1 -9738.825697 0.133938 -48.402770 0.931432 288.305281 0.017035 -83.857383 0.798673 322.303562 0.408266 85.820534 1.125576 239.314634 0.565351 25.046205 3.816435 6.824976 3.961343 -5.938827
1 -9318.137915 0.472299 61.865487 0.292253 275.979605 0.172604 -45.680588 1.557043 65.879102 0.486027 -53.918921 0.621296 25.244119 0.720618 -11.416363 3.015858 5.093225 3.917429 -5.938827
1 -7497.626975 0.266333 4.089996 0.806589 282.026803 0.034800 -47.803231 0.148531 145.542356 0.776938 83.147407 1.231615 233.397220 0.162624 16.194155 4.044508 5.431242 2.166019 -5.938827
1 -12871.786900 0.031679 -37.895082 1.647261 323.842847 0.460224 56.860194 1.327468 328.157652 0.732947 1.442839 1.813863 274.094327 0.719831 71.255471 2.922851 5.813422 6.951427 -5.938827
1 -12835.265570 0.694459 -83.049911 0.576263 91.719810 0.341400 68.152742 0.387168 164.798807 0.705646 -77.116397 1.764560 289.420467 0.827783 -33.921544 6.547961 0.574121 1.726869 -5.938827
1 -9585.790842 0.310391 60.729255 0.144890 242.482740 0.120043 -50.175108 0.613813 288.507079 0.332473 30.341551 1.894690 233.491484 0.879589 -39.218263 2.928277 1.518944 4.234939 -5.938827
1 -11284.267178 0.791822 -81.075848 0.337406 286.713621 0.286071 82.911343 0.617790 255.948021 0.381441 32.244907 1.636695 164.008174 0.542835 -23.496194 1.675452 1.375078 1.536123 -5.938827
1 -10907.462378 0.365800 -5.165596 1.855629 302.387062 0.050308 65.501301 0.932391 327.599848 0.201827 -74.340728 1.224235 273.254940 1.013964 48.500428 5.427694 5.490550 1.735072 -5.938827
1 -11917.893676 0.763528 -30.836787 0.588598 343.509869 0.310116 13.537142 0.738882 97.325781 0.225356 -4.233927 0.508270 318.232989 0.132430 2.310210 3.546435 3.212538 4.112915 -5.938827
1 -9526.487586 0.215420 -40.397423 1.082448 344.482560 0.432862 21.134529 0.442887 249.090000 0.642560 65.281139 0.913864 98.547933 0.848529 -23.678216 3.609366 1.519439 1.590711 -5.938827
1 -12886.525263 0.422799 55.080362 1.168079 286.469919 0.755402 56.018447 1.760321 60.146900 0.417661 68.751879 0.417632 103.072683 0.691162 9.260053 1.560888 6.727735 4.038276 -6.574957
1 -10989.999652 0.359365 65.265878 0.058875 193.581208 0.067974 59.737400 1.661485 261.449751 0.095245 -47.445135 1.572205 57.476928 0.698225 -25.834159 2.056404 5.967687 4.320713 -6.574957
1 -7410.459742 0.299865 29.991100 0.647862 267.644060 0.145446 -39.289152 0.304088 129.635489 0.689729 74.999375 1.130673 248.337395 0.054809 -7.988169 3.560121 6.202036 6.073372 -6.574957
1 -5858.146409 0.679658 43.331772 0.248492 286.482287 0.076772 74.808160 0.938063 259.426309 0.669068 -80.479075 0.261673 251.188701 0.770614 -44.357289 2.339549 6.359193 1.004052 -6.574957
1 -12811.399689 0.592589 28.265595 1.705225 349.690964 0.341898 61.953494 1.670646 18.923001 0.455579 -71.421363 0.253673 149.538432 0.651115 -15.943627 5.810343 5.571058 5.857642 -6.574957
1 -7694.466469 0.413869 13.528201 0.085356 255.323330 0.045601 -59.948450 0.637361 280.672201 0.343622 43.943506 1.853177 109.041516 0.613749 -4.995775 3.617793 6.848397 4.639457 -6.574957
1 -12889.891215 0.493968 -20.554109 1.940174 312.778356 0.167610 -29.632966 1.545092 319.672805 0.348293 32.397039 1.098567 284.398040 0.224017 61.560545 2.968751 1.138322 1.072219 -6.574957
1 -16499.936732 0.706450 37.050646 0.925831 282.628843 0.394421 79.371102 0.422405 52.069759 0.356795 -78.346404 1.166183 274.431911 0.008311 -86.983227 1.011453 5.839720 6.692346 -6.574957
1 -21118.220590 0.388500 69.761257 1.642972 148.393890 0.713244 -19.506609 0.206123 329.956834 0.151462 5.285712 0.309195 283.064464 0.176821 -5.379769 1.590956 5.211500 4.895464 -6.574957
1 -13006.735054 0.537195 -22.484018 0.095370 344.975684 0.181781 14.837355 1.058073 285.161245 0.630521 -81.708197 2.063460 199.010564 0.607971 27.990350 3.424192 5.249801 6.388316 -6.574957
1 -5766.671936 0.552824 -83.564963 0.300817 276.630231 0.665976 -74.860691 1.449226 172.350450 0.471434 21.859969 1.514862 328.041644 0.542258 -29.501097 2.529573 2.211958 5.517633 -7.083249
1 -11009.123585 0.319685 57.640703 0.076206 190.304250 0.250114 36.496901 1.576549 279.251999 0.788171 -15.811113 1.998977 29.221653 0.632379 -17.295524 2.245290 6.065570 5.294143 -7.083249
1 -9199.874356 0.243853 28.424406 0.673678 264.693888 0.697434 -61.103801 0.296446 95.270384 0.721817 85.114402 1.108605 239.049475 0.029716 -3.527966 3.882112 6.144425 6.416683 -7.083249
1 -5871.558599 0.682440 43.124108 0.243835 286.529520 0.084877 75.075796 0.941443 262.016989 0.663566 -80.842324 0.272098 249.857382 0.776285 -44.395602 2.332449 6.366315 0.987593 -7.083249
1 -9136.324216 0.114247 19.248757 1.959450 73.082115 0.586571 57.803849 1.756032 348.419241 0.707677 -28.722236 1.964610 325.801393 0.316414 -38.621765 6.801380 6.160603 3.917592 -7.083249
1 -9177.746384 0.298509 50.422008 0.270172 307.312337 0.739601 4.869640 0.855602 97.715500 0.067732 7.665235 0.421886 25.784914 0.665655 -35.340721 3.772210 5.243011 1.812835 -7.083249
1 -11332.146804 0.432629 64.706850 0.961973 234.295784 0.342153 -3.395241 1.485537 323.493338 0.395586 -11.041104 2.026152 320.222470 0.350295 35.783695 4.130922 0.603345 5.485049 -7.083249
1 -9423.526579 0.154895 -60.219151 0.663895 207.878217 0.090192 -33.368539 0.763339 326.767222 0.775310 -21.135982 1.032989 314.209718 0.745061 67.824438 5.338147 3.795083 6.680736 -7.083249
1 -7312.520899 0.503808 16.594669 0.234534 267.287254 0.798056 -11.801026 0.609162 327.298126 0.267312 39.063572 1.973865 138.264138 0.531702 -10.610903 3.166434 6.879064 4.896326 -7.083249
1 -14760.046914 0.467519 -83.409585 0.216363 253.865290 0.409746 -71.722835 1.626749 254.496732 0.517337 -69.725199 1.480897 201.027401 0.556217 -1.941793 2.728314 5.342168 5.629931 -7.083249
1 -10853.974090 0.544299 -48.266003 0.744482 223.730692 0.051901 -43.154396 2.089337 176.551147 0.488956 26.171129 1.687297 340.940410 0.367184 -58.333338 3.107624 3.452161 4.327541 -7.666479
1 -10936.680057 0.270434 58.052375 0.223978 172.108480 0.285426 33.865989 1.681117 285.248099 0.796234 -12.401231 0.113431 32.348349 0.578650 -17.322898 2.505389 6.033952 5.556354 -7.666479
1 -11031.497469 0.305354 -36.539427 0.396896 232.984624 0.257874 5.772720 1.470181 333.813399 0.366175 63.050950 1.313453 293.670234 0.790319 57.573013 3.081771 6.965098 0.530266 -7.666479
1 -3950.058197 0.042196 52.350533 0.437883 261.127948 0.523224 -85.524586 0.731825 101.885506 0.676199 6.536581 0.385603 250.373417 0.368623 -12.541556 4.193577 4.918248 1.904873 -7.666479
1 -10851.990817 0.572234 45.187753 0.416455 316.698245 0.025670 -86.900556 1.667682 160.948486 0.663986 -36.586621 1.905533 120.267801 0.298300 -66.251145 0.918229 0.855563 3.855901 -7.666479
1 -9449.718279 0.516109 28.537384 0.711882 329.868044 0.706038 -29.375423 0.587754 310.831193 0.264699 -13.244020 0.167662 76.676943 0.266970 -15.351979 3.300092 6.209492 3.722201 -7.666479
1 -5569.465669 0.461691 -48.832673 0.701251 277.669712 0.463493 -49.333641 0.467741 210.329632 0.460391 16.257952 0.627505 238.948258 0.753449 -47.914895 6.552028 1.232629 3.800198 -7.666479
1 -13124.588431 0.602499 -34.999941 0.288932 147.843774 0.482010 31.370762 1.565649 280.267886 0.052432 78.573750 0.807527 116.435657 0.702565 20.423546 1.756106 5.869996 2.769751 -7.666479
1 -7325.094679 0.512585 18.518765 0.141322 274.059460 0.787342 -13.361160 0.594031 322.115308 0.263913 40.259179 1.877039 122.436463 0.547271 -9.611195 2.953807 6.867022 4.946139 -7.666479
1 -9288.471314 0.350902 -28.943372 0.662401 240.002341 0.467045 53.620886 0.805385 234.955839 0.065641 -6.969430 0.125462 114.278121 0.731016 -10.890580 2.127648 6.468869 5.114693 -7.666479
1 -5448.315156 0.730036 54.579446 0.088772 267.368315 0.371713 -80.147131 0.682985 157.603157 0.768800 3.314795 0.646475 270.719232 0.114645 11.869046 2.508266 5.661919 1.003989 -8.226109
1 -11250.664320 0.747873 40.274473 0.134885 324.501433 0.134028 49.026248 1.770846 173.423548 0.464694 49.492306 0.959280 260.817934 0.361717 -54.166830 5.877126 0.670799 4.571707 -8.226109
1 -14634.717028 0.548212 36.039655 0.390079 116.086442 0.211049 -33.884967 0.887090 260.518314 0.305241 -67.971711 0.858144 119.357266 0.965427 -40.527931 5.540727 0.696285 6.653533 -8.226109
1 -5587.054494 0.104642 42.594123 0.538817 267.805159 0.564281 -70.089170 0.516722 76.580777 0.603272 0.657516 0.754591 261.713732 0.436853 -44.501973 4.439622 4.165524 2.714132 -8.226109
1 -7344.372584 0.674597 -21.066617 0.830660 271.750151 0.012411 75.483305 0.170418 21.145368 0.172818 -63.065758 0.750874 303.123108 0.885081 -43.186031 2.307143 5.934381 1.113956 -8.226109
1 -5544.955224 0.529072 25.812370 0.796414 336.629656 0.686982 -33.309843 0.335233 252.805828 0.342825 -25.143502 0.084483 58.667670 0.187938 -48.285339 2.760243 5.048435 5.163226 -8.226109
1 -5545.856624 0.505093 -42.006024 0.748700 274.969157 0.491846 -56.888527 0.371364 209.705342 0.443666 25.089611 0.700109 230.758190 0.742007 -47.029754 6.650983 1.087875 3.903641 -8.226109
1 -5741.469473 0.347500 -74.442021 0.765979 223.119434 0.457008 -21.242647 0.654874 108.255650 0.592429 11.586180 0.871380 336.616141 0.263472 -51.279471 3.088455 4.660660 0.966443 -8.226109
1 -7321.427299 0.503069 21.062382 0.131506 274.629757 0.790972 -18.918014 0.585528 317.832005 0.282493 40.618082 1.827718 125.163344 0.536589 -10.277143 3.053095 6.791005 4.916850 -8.226109
1 -9428.382713 0.340164 -27.436492 0.691681 243.474586 0.520115 63.359518 0.846235 239.010977 0.146484 6.948407 2.007193 155.968873 0.700437 -5.086671 2.057919 6.179969 3.690110 -8.226109
1 -13365.958134 0.325915 51.040401 1.022369 118.154046 0.469398 37.476218 0.920606 346.224627 0.336195 -85.510147 0.751525 313.306016 0.240571 78.959328 0.692411 2.907848 6.446755 -8.810895
1 -7559.433703 0.774246 52.773325 0.096249 221.037042 0.031513 24.708473 1.892974 108.349399 0.211291 -87.230684 0.800839 277.554603 0.169398 -54.805001 5.428455 4.328161 6.050025 -8.810895
1 -12884.266983 0.223467 -66.979031 0.704118 277.104483 0.261891 59.492072 0.368543 330.755238 0.024508 49.916037 1.774495 81.358014 1.013677 62.294513 6.690071 4.851973 0.509853 -8.810895
1 -9181.463833 0.050539 40.464230 0.588119 325.402065 0.630790 -17.501305 0.770672 25.445023 0.593192 34.214641 0.281233 291.355761 0.165999 -61.406323 4.845051 3.085891 3.178257 -8.810895
1 -9219.604601 0.218281 -82.523559 1.158603 226.212785 0.012644 -4.946146 1.919752 301.055605 0.108267 47.651421 0.443831 287.825680 0.644637 -69.299262 3.031912 1.275340 2.300880 -8.810895
1 -3882.540871 0.531342 36.182196 0.728466 333.136680 0.796171 -26.634421 0.229337 278.727783 0.361536 -22.291186 0.375654 50.797294 0.122804 -57.819915 2.566348 5.677451 5.292943 -8.810895
1 -5852.378785 0.489278 -34.361551 0.732024 262.712443 0.518250 -58.503295 0.372018 208.510085 0.405890 18.636659 0.882405 234.283935 0.750257 -43.232628 6.714600 1.265576 4.003059 -8.810895
1 -12759.135720 0.524512 -80.261189 0.775052 248.840698 0.448289 75.818151 0.477080 155.925847 0.634819 25.112881 0.606151 337.867257 0.328049 -52.793207 3.683335 2.502434 0.732248 -8.810895
1 -5526.516151 0.515597 18.552622 0.164891 285.672015 0.780800 -9.535611 0.514574 299.341759 0.275268 39.242350 1.824441 140.058960 0.524087 -8.364390 2.753368 0.746964 4.517580 -8.810895
1 -14762.224013 0.676403 -23.284234 2.046934 231.422917 0.270319 -57.771210 2.073746 299.719096 0.619277 81.539138 0.096430 133.872107 0.506925 -27.405653 5.777192 1.531773 2.128896 -8.810895
1 -10941.737690 0.329654 71.657735 0.775306 194.597009 0.784405 45.779520 1.056750 331.578575 0.331507 -65.035224 0.637529 269.841212 0.212167 88.787215 6.929466 3.123206 6.504296 -9.321640
1 -5689.553147 0.625071 78.032888 0.617417 250.016864 0.448398 71.792077 0.928085 184.830803 0.450922 -87.447666 0.930622 309.491078 0.196093 -84.694757 1.624304 5.321725 4.969801 -9.321640
1 -3726.077149 0.496472 25.762175 0.168840 287.801341 0.791181 -9.813789 0.524914 297.222925 0.286126 39.228583 1.797537 137.281386 0.495983 -2.958911 2.781411 0.772774 4.611549 -9.321640
1 -11175.605071 0.142542 71.993563 0.789626 321.618247 0.435441 13.182230 1.672738 315.490484 0.506869 -45.947544 0.610521 79.258108 0.166225 79.179776 4.745487 0.759959 6.579429 -9.321640
1 -3951.180555 0.221326 82.260057 1.307229 322.708663 0.574366 -6.810341 1.995729 279.936501 0.669955 -20.558775 0.161951 114.415875 0.307402 -62.654969 6.007748 1.133387 3.153320 -9.321640
1 -5639.624677 0.480410 41.829702 0.779805 336.602146 0.772781 -25.205576 0.354875 272.756816 0.337574 -22.329427 0.324040 53.052393 0.115073 -60.225869 2.323064 5.796249 5.251314 -9.321640
1 -11201.261723 0.502848 -65.663251 1.828672 328.632412 0.216885 82.879429 1.097174 249.102401 0.429860 77.862996 1.212454 221.971090 0.733766 -51.387292 1.278960 1.801873 6.265605 -9.321640
1 -7701.387901 0.457677 -44.176554 0.737822 230.193925 0.426154 24.521791 0.336150 120.268214 0.624071 -9.241836 0.463731 326.213761 0.520809 -76.236017 3.523702 3.818712 5.888040 -9.321640
1 -7305.551221 0.507274 34.609140 0.126393 284.439549 0.741699 -21.737175 0.312273 260.016364 0.326307 7.994602 1.698105 140.738325 0.451225 -1.352740 4.406459 5.850101 4.672040 -9.321640
1 -6293.884313 0.342439 51.613124 0.278434 285.476154 0.002518 63.460037 0.171194 289.419685 0.205865 83.147032 0.238342 144.547379 0.848252 -1.783457 1.634503 0.712040 5.753679 -9.321640
1 -9151.738280 0.755058 59.143024 1.629945 325.293607 0.121427 -53.580052 1.457942 164.066476 0.286936 12.313370 2.004133 232.026654 0.026135 9.463054 6.026700 2.291018 5.494909 -9.801093
1 -5648.040614 0.609142 77.512765 0.608570 255.697853 0.438757 71.121146 0.958009 185.625179 0.459959 -86.449198 0.915441 299.474519 0.198732 -84.220832 1.501692 5.241447 4.994767 -9.801093
1 -7355.895174 0.512926 36.709383 0.150981 293.408608 0.742267 -3.560789 0.518292 302.627779 0.263142 33.655655 1.796249 124.184790 0.463958 -5.680268 2.525101 1.074700 4.814752 -9.801093
1 -5496.210152 0.644476 45.630117 0.117129 286.466000 0.725497 -79.812793 1.218956 93.669361 0.235963 30.884033 1.532164 245.846153 0.032689 39.789486 4.869732 6.912742 6.041623 -9.801093
1 -5580.503640 0.392622 62.913507 1.346859 320.554917 0.600468 -18.605526 2.019096 274.277197 0.713596 -17.122310 0.344124 119.187557 0.300231 -70.872650 5.512934 1.056362 2.499980 -9.801093
1 -3664.360832 0.439251 43.124500 0.508386 310.099662 0.732750 -29.683976 0.406335 234.105748 0.431932 -4.838608 0.148589 26.299312 0.208333 -56.860879 3.025320 5.668221 5.636705 -9.801093
1 -10893.761376 0.163289 -89.267322 0.130318 294.635809 0.374950 23.249167 0.404207 126.723675 0.171813 -60.356291 0.646962 205.678923 0.402812 -30.057905 2.893413 0.521447 0.725696 -9.801093
1 -5594.246984 0.666193 6.436020 0.846895 301.266299 0.387093 -39.545382 1.035488 247.705853 0.347922 58.258283 1.970650 154.630597 0.160131 15.854628 2.571288 6.538118 5.493862 -9.801093
1 -3697.756315 0.579808 48.947929 0.182844 254.475017 0.444132 62.685850 0.744755 294.844752 0.424596 8.653489 0.868685 154.692465 0.248694 -38.106919 3.215181 1.196637 5.289275 -9.801093
1 -7599.864201 0.605065 80.625190 0.179536 255.166800 0.111066 63.400696 0.730523 326.880546 0.796135 -83.805053 0.692241 192.754436 0.040759 -17.257001 3.900430 5.802455 2.466768 -9.801093
1 -9040.471435 0.780365 37.295936 2.046422 329.272913 0.153017 -41.076593 1.533713 173.975690 0.347881 -9.678672 1.989206 287.292833 0.102307 -4.798491 6.625440 3.861526 5.340560 -10.395482
1 -3797.540244 0.623158 81.973474 0.604851 254.330955 0.442846 72.480092 0.965956 190.830962 0.467318 -84.182672 0.925029 297.885350 0.193158 -84.409653 1.494336 5.280131 5.153550 -10.395482
1 -9388.022780 0.764269 -33.113723 0.658660 298.943981 0.747263 39.590019 0.839629 311.877499 0.447824 11.249334 1.951625 142.820898 0.636600 -45.531306 1.692565 4.279007 4.765610 -10.395482
1 -7495.625878 0.580618 68.802333 0.173348 274.011815 0.694010 -51.628703 1.835216 53.301732 0.336435 -8.684487 1.171843 239.435867 0.039568 32.001958 4.482285 6.429618 5.581698 -10.395482
1 -9075.063688 0.528993 81.544665 0.203214 271.075583 0.616852 -78.664333 1.331857 260.209786 0.503253 37.906158 0.094915 22.042363 0.191638 -80.053321 5.425605 5.913266 4.786778 -10.395482
1 -3631.899461 0.402220 57.314495 0.509694 305.121292 0.689549 -37.690590 0.269938 214.700304 0.435549 -1.980070 0.101633 30.088839 0.299417 -52.396870 3.310114 5.685222 6.012803 -10.395482
1 -13313.119642 0.347482 46.086706 1.361848 229.649818 0.452091 -80.892848 0.369407 241.642091 0.694791 -29.974217 0.194557 256.204348 0.880964 -46.497494 4.015084 3.729035 2.737967 -10.395482
1 -11575.348545 0.739313 -27.938741 1.851309 306.702619 0.438028 70.580404 1.002951 328.474662 0.570453 -66.402361 1.402550 247.639367 0.621663 -80.357690 6.412830 6.497032 4.809349 -10.395482
1 -3692.885231 0.527105 54.682067 0.249515 287.555601 0.280525 16.700811 0.267601 262.675287 0.311307 23.795993 1.216513 97.823256 0.304662 -22.088131 4.379383 0.761474 5.487852 -10.395482
1 -5469.260221 0.096481 3.240738 0.892975 313.466734 0.142444 -10.750695 0.655806 275.905373 0.566509 -23.789579 0.572517 34.418204 0.203999 -32.591413 1.298123 4.868783 6.241357 -10.395482
1 -3689.392031 0.520368 67.381439 0.542254 319.446488 0.701229 -12.650319 0.379887 221.783635 0.497571 -25.477512 1.974141 92.994689 0.187327 -63.220223 3.760647 6.050768 6.095240 -10.855264
1 -5493.797465 0.590936 -88.875628 0.611176 261.846878 0.473860 75.060331 1.031972 206.878056 0.488300 83.972239 0.994272 290.591810 0.259655 -77.547770 0.638533 5.449366 5.125105 -10.855264
1 -3931.353255 0.764995 -23.558273 0.550808 333.172941 0.616905 38.805227 0.502016 293.297900 0.359037 2.520399 1.754283 85.032041 0.709309 -27.864805 1.649279 2.088099 5.261949 -10.855264
1 -5655.191431 0.468372 45.675329 0.371226 280.096798 0.689723 -48.550904 1.815911 41.181711 0.371805 2.033598 1.075567 254.701202 0.028014 34.109986 3.697841 6.804063 5.610452 -10.855264
1 -9068.211613 0.706014 52.585100 0.254252 284.722267 0.792887 -86.835058 1.185394 221.481848 0.281257 13.679410 0.414682 88.842586 0.048683 -67.524775 5.723003 5.685491 5.869382 -10.855264
1 -5533.593329 0.526727 59.859211 0.421934 307.308331 0.768564 -35.648538 0.189509 231.621710 0.395899 3.967179 0.303942 23.671670 0.353820 -61.144258 3.754169 5.170045 5.913460 -10.855264
1 -9155.220542 0.263350 42.189825 0.259821 307.788167 0.499324 39.749442 1.635558 156.459860 0.712372 68.061909 0.352991 191.076351 0.619889 -35.440659 4.564375 5.277542 5.967406 -10.855264
1 -9667.894475 0.120180 -47.693357 1.257135 263.450608 0.185984 73.824662 1.102594 40.032080 0.508260 -60.951568 0.429260 332.614299 0.836433 68.274750 0.877024 3.317604 2.612189 -10.855264
1 -5455.161135 0.599938 47.607146 0.256932 268.079849 0.165484 43.356115 0.658358 261.129029 0.392619 28.836022 1.400788 173.805965 0.140969 -35.553297 3.187743 1.726959 5.466454 -10.855264
1 -3657.295160 0.064876 -0.943644 0.933097 321.656723 0.234562 -22.153102 0.638654 261.408308 0.582994 -23.192329 0.572278 21.260416 0.212047 -31.634442 1.274558 5.667534 6.369696 -10.855264
1 -5426.600838 0.497030 55.160107 0.560785 310.263522 0.008691 20.037591 0.545563 196.128811 0.516429 -42.940265 1.858117 113.986145 0.110329 86.777792 3.464530 5.586114 6.242291 -11.309160
1 -10980.833579 0.611858 -70.686975 1.165086 262.382581 0.510330 -47.968657 0.559544 326.567060 0.423924 -50.766912 0.860663 317.357099 0.472993 52.238549 2.095431 2.535023 2.036145 -11.309160
1 -5562.019746 0.496327 21.205797 0.565781 297.438578 0.166366 68.263359 0.167415 285.184649 0.195289 -17.780415 1.659267 54.325539 0.365207 -33.758742 2.890351 4.291559 6.912174 -11.309160
1 -5717.922917 0.434394 20.121378 0.570434 306.830892 0.641452 -1.351829 1.649377 66.586248 0.522659 51.164584 1.171107 338.163065 0.144053 12.633595 2.320134 0.972164 5.485433 -11.309160
1 -7263.388725 0.600679 68.087232 0.228914 285.058045 0.063725 66.543231 1.115909 257.263992 0.245430 17.205529 2.030138 33.573698 0.058983 69.981356 5.799148 4.481550 5.917419 -11.309160
1 -5458.326052 0.628031 34.442611 0.316970 313.886764 0.698779 -64.436251 0.243988 231.615598 0.278604 21.028503 0.093653 17.456183 0.287624 -41.275333 4.117255 4.693371 6.233630 -11.309160
1 -1952.858989 0.783968 58.982996 0.467207 322.191980 0.046811 27.353929 0.290114 237.234386 0.452845 -6.858949 0.343437 126.288281 0.414409 -65.166563 3.010759 4.867790 5.395904 -11.309160
1 -9872.964422 0.103769 -48.345482 1.271594 262.051905 0.188297 74.560237 1.101094 41.389805 0.514433 -60.029464 0.440037 330.758800 0.838280 69.227036 0.763223 3.299885 2.607971 -11.309160
1 -5445.797207 0.689554 66.955824 0.126678 262.582226 0.251378 17.765564 0.759265 284.858853 0.325711 54.019021 1.215180 149.659332 0.036286 -48.194194 4.013967 1.760387 5.584213 -11.309160
1 -3650.831809 0.056579 2.501501 0.894375 316.818078 0.309547 -31.244387 0.634360 261.688992 0.563067 -14.942896 0.469213 18.656894 0.182980 -44.082202 1.440892 5.613557 6.403550 -11.309160
1 -9249.426499 0.359990 37.917324 1.191490 327.407628 0.173747 -23.041206 0.302609 214.110947 0.580177 -10.958340 2.088805 36.439782 0.136931 89.091135 2.456127 5.735570 0.823220 -11.686948
1 -6378.577527 0.774478 28.813896 0.320171 306.580560 0.784187 -53.885749 0.368760 208.131472 0.106792 -80.731360 0.476539 310.504572 0.675947 -21.685260 6.811683 3.962434 2.011151 -11.686948
1 -5564.901786 0.574881 28.102927 0.657509 288.223309 0.098936 56.363939 0.570811 290.787105 0.254946 -15.624040 1.672395 99.111085 0.394086 -12.363025 3.904934 4.499450 5.467901 -11.686948
1 -7524.631560 0.433431 20.534574 0.577177 307.597097 0.634786 1.063415 1.656851 69.141354 0.520596 50.974183 1.188179 336.986239 0.142010 11.354472 2.275022 0.931570 5.417642 -11.686948
1 -1893.871812 0.776199 50.330827 0.419485 318.802618 0.152801 24.005343 0.302637 216.012686 0.457437 -0.592004 0.225997 140.709519 0.377660 -49.732361 3.138589 4.831991 5.750886 -11.686948
1 -5495.673715 0.684802 2.314326 0.335791 316.206350 0.759946 82.017463 0.153858 279.114068 0.180752 9.533707 0.177620 20.548814 0.095691 2.960548 3.583672 3.535364 4.297785 -11.686948
1 -1907.905744 0.774961 56.766008 0.464678 311.089210 0.067185 39.314144 0.386374 230.903290 0.424568 -16.225029 0.552677 148.903427 0.413355 -57.005340 3.292499 4.393453 5.129789 -11.686948
1 -7856.972963 0.738538 84.092731 0.909374 337.560316 0.038763 13.958601 2.037224 241.144432 0.533112 88.795809 1.083453 261.617568 0.455930 61.153964 4.447024 6.854506 2.081595 -11.686948
1 -5503.955404 0.549102 57.914357 0.226318 288.559628 0.281107 35.465364 1.765676 138.326624 0.796595 -19.690591 0.962882 321.554914 0.413357 -22.580614 4.253699 0.592743 4.212272 -11.686948
1 -1844.553591 0.099319 12.038999 0.953429 325.502883 0.297090 -38.902890 0.698079 239.555408 0.656246 -6.920480 0.083767 48.705765 0.168020 -49.912000 1.417414 5.616704 5.768450 -11.686948
1 -7242.175294 0.178643 44.237974 1.186271 325.933210 0.240805 -25.840725 0.162895 209.502815 0.744401 -17.528442 1.851029 27.236428 0.126305 70.320379 1.982792 5.547450 0.762607 -12.033452
1 -5441.941841 0.041730 18.930976 0.846076 321.990914 0.282277 -38.598304 0.661276 237.526672 0.646497 -14.366294 0.098605 54.731286 0.145493 -52.867045 1.952659 5.576775 5.744361 -12.033452
1 -5714.446762 0.528255 26.822684 0.180853 284.528940 0.083998 47.264728 2.017421 144.911218 0.564290 -21.787066 0.283636 326.612736 0.214831 -43.196235 3.266113 3.981074 6.375909 -12.033452
1 -5703.891450 0.444618 22.426782 0.572035 306.581844 0.622302 -0.107945 1.686953 69.114017 0.513198 50.769134 1.218882 343.129534 0.157579 11.949915 2.319302 0.946697 5.430840 -12.033452
1 -1894.223791 0.777318 50.216081 0.414373 318.523160 0.151897 24.452362 0.314006 215.730593 0.457047 -0.711754 0.218167 142.238216 0.377861 -50.216638 3.147808 4.819486 5.774889 -12.033452
1 -5488.865246 0.619656 1.104335 0.407947 334.309011 0.760631 78.622098 0.130362 270.080428 0.199236 15.754425 0.164448 30.315934 0.081864 -6.424273 3.420520 3.408784 4.334793 -12.033452
1 -3723.429173 0.777852 61.957714 0.534748 312.552962 0.067403 30.272504 0.370724 242.017268 0.417441 -15.785784 0.524675 135.444161 0.441223 -56.043279 3.058595 4.255474 5.081881 -12.033452
1 -8135.345654 0.511498 47.928532 0.275329 291.745142 0.602579 -17.144846 1.932940 255.923698 0.068999 16.941650 1.031511 260.103423 0.507501 31.386056 4.517991 5.005264 5.383409 -12.033452
1 -5510.142986 0.586908 70.574253 0.096237 270.377762 0.266334 22.458117 1.759679 126.403706 0.784988 -17.861540 1.018430 342.011493 0.423482 -21.194232 3.411711 5.993109 4.543708 -12.033452
1 -1850.451453 0.082042 17.014198 0.896404 324.774157 0.339177 -34.686287 0.648145 235.334709 0.680213 -6.829803 0.161768 61.702512 0.195136 -52.348631 1.418904 5.206792 5.757917 -12.033452
1 -3656.942102 0.189061 41.558114 1.195259 327.689937 0.234427 -23.874213 0.208291 209.329805 0.746301 -15.165103 1.784860 31.845826 0.121425 69.680076 2.016895 5.510409 0.813774 -12.447059
1 -7443.548323 0.152502 22.551867 0.869135 332.413492 0.141664 -21.538031 0.192577 230.498403 0.720488 -21.659095 2.033759 21.517794 0.131392 -76.292598 1.633916 5.312388 5.568186 -12.447059
1 -7317.892117 0.646785 21.099484 0.122640 250.204977 0.274341 -42.526029 2.079112 201.379312 0.773538 9.225011 1.020646 247.232056 0.412410 -66.332889 5.834433 4.425289 5.122901 -12.447059
1 -7256.136427 0.335985 4.132655 0.940270 311.889636 0.561665 -10.802378 0.330251 233.613685 0.480447 80.888284 1.282934 130.786116 0.315737 -8.028148 6.237911 3.105688 2.269069 -12.447059
1 -1894.500304 0.755873 53.903633 0.478284 315.432524 0.082409 16.565543 0.340140 221.859735 0.511541 2.851004 0.219830 136.770424 0.384719 -53.670567 2.920678 4.844919 6.014364 -12.447059
1 -7314.120022 0.456868 11.851917 0.575441 339.558223 0.739491 65.483836 0.257686 254.495307 0.272757 -0.007019 0.601533 87.193307 0.080577 0.943338 2.022753 4.157595 3.752958 -12.447059
1 -1945.194300 0.792160 58.527363 0.466819 321.849190 0.043583 31.682916 0.427092 245.683280 0.430648 -10.982629 0.544323 131.338033 0.459382 -58.175641 2.867288 4.241624 5.089086 -12.447059
1 -6289.943696 0.520596 53.203813 0.268091 295.721227 0.645382 -26.742615 1.864646 246.008745 0.008232 26.768307 0.907257 265.851622 0.488372 35.670487 4.699463 5.154347 5.322871 -12.447059
1 -1829.574220 0.058295 12.071772 0.871984 301.794159 0.359680 -34.956084 0.712840 246.339500 0.696669 -15.385049 0.362957 61.987085 0.195955 -46.223739 1.730717 5.333598 5.873341 -12.447059
1 -3631.351875 0.032496 21.089348 0.852475 315.698630 0.347954 -42.080991 0.786944 215.384296 0.680145 5.057818 0.277057 100.163787 0.201537 -54.272588 1.457713 5.090274 5.733426 -12.447059
1 -5487.882601 0.018499 1.871700 0.516545 306.926902 0.135450 -40.014542 0.602862 246.479104 0.660971 -6.515309 0.516791 55.566683 0.268935 -14.509323 1.521826 5.463092 5.280619 -12.769042
1 -7332.684802 0.113787 21.219817 0.938701 330.353380 0.157654 -31.904589 0.233817 230.571826 0.745436 -15.008229 2.109564 22.881061 0.145387 -78.452729 1.905398 5.177111 5.299005 -12.769042
1 -3732.305362 0.464770 37.762302 0.293010 256.625710 0.217345 -61.912864 1.715772 173.195374 0.775828 -30.379144 0.962295 245.301296 0.505748 -62.603970 4.300236 4.598230 5.129723 -12.769042
1 -5484.793100 0.612952 35.578372 0.916786 326.839562 0.661295 -22.983850 0.433644 222.762937 0.482211 80.778923 0.881134 152.830769 0.364518 -23.117427 4.973848 2.898778 1.601593 -12.769042
1 -1886.416011 0.722670 51.511261 0.507661 317.098744 0.168849 13.525957 0.285772 217.403023 0.501776 14.070931 0.354361 134.463341 0.349748 -47.136330 3.229031 4.668405 5.611033 -12.769042
1 -5548.995793 0.634257 12.914313 0.926536 344.330831 0.716652 -87.906940 0.060971 278.618606 0.421019 -10.248744 0.480799 15.125512 0.220610 3.849068 6.854498 3.937718 3.974306 -12.769042
1 -3763.942044 0.596411 36.805720 0.576079 319.992460 0.271791 36.302806 0.488311 267.099889 0.381550 -12.103440 0.499382 114.156896 0.373666 -37.325225 2.442810 4.150554 4.458392 -12.769042
1 -1992.871076 0.088836 16.580756 0.978712 293.294969 0.370247 -24.336221 0.664208 253.306857 0.641414 -6.197428 0.220728 85.117280 0.241847 -48.089091 2.013607 5.238926 6.030339 -12.769042
1 -1829.983763 0.078873 12.519758 0.853041 299.582497 0.361979 -33.146222 0.777443 248.572887 0.667721 -16.944980 0.321480 68.644838 0.210773 -42.521604 1.794473 5.282824 5.849673 -12.769042
1 -2034.696990 0.338106 17.971767 0.542699 335.129846 0.288565 -8.713987 0.608006 229.740966 0.684851 -3.324688 0.378176 108.610031 0.498817 -54.450662 0.893469 5.599704 5.412090 -12.769042
1 -5524.623081 0.007077 -23.018229 0.756066 297.965720 0.097531 -41.160462 0.758097 268.440926 0.042940 -0.303196 0.742885 85.793532 0.152852 11.872572 1.799231 5.864229 4.593139 -13.065254
1 -3671.122593 0.096651 4.621267 0.981242 288.155189 0.293229 -79.942528 0.383748 230.921488 0.658309 -50.651733 0.100458 118.163214 0.306549 -37.089133 3.144062 4.848990 6.924095 -13.065254
1 -3957.140331 0.449248 38.010892 0.415613 266.222001 0.232564 -64.909282 1.722511 163.081833 0.797726 -40.123845 0.804605 258.186640 0.484451 -62.342023 3.413018 4.995614 4.619521 -13.065254
1 -5494.551688 0.652722 38.956565 0.803457 342.536969 0.522449 -28.889208 0.629759 215.592440 0.497836 79.495420 1.071910 173.321857 0.321682 -16.385455 5.390973 2.863581 1.702094 -13.065254
1 -1866.277113 0.674090 52.406636 0.504534 302.454960 0.170014 4.074006 0.356458 212.886876 0.488848 13.523037 0.285535 139.570368 0.319786 -56.662150 3.216400 4.854822 5.709083 -13.065254
1 -3680.283833 0.714190 19.172824 0.918278 345.043878 0.742932 -81.056994 0.187761 224.376174 0.386499 10.154990 0.650163 90.199873 0.168654 9.670120 1.583266 2.566789 2.646502 -13.065254
1 -3680.621904 0.737507 18.178204 0.746251 316.691450 0.390921 47.780232 0.635914 239.179299 0.327379 30.406616 0.849291 155.516455 0.368541 -4.283589 2.882479 3.707251 2.832470 -13.065254
1 -3683.265275 0.136653 39.808342 1.210302 313.607478 0.369668 -9.752223 0.826200 233.606388 0.670121 -6.869983 0.172369 108.623361 0.281138 -63.226882 2.118696 4.831091 5.992866 -13.065254
1 -1826.630172 0.097564 14.292444 0.808549 295.304442 0.350914 -31.094961 0.829026 244.548138 0.652766 -24.079220 0.233463 73.459241 0.157299 -44.073673 1.938768 5.299951 5.359819 -13.065254
1 -1954.452255 0.338901 31.155832 0.440382 319.975601 0.322712 -9.771061 0.722583 221.617883 0.754796 -3.845823 0.357772 133.972719 0.383753 -49.964089 1.242097 4.750633 6.597816 -13.065254
1 -5559.514390 0.100246 59.607157 0.838916 328.751338 0.126442 89.743822 0.216333 187.229931 0.165152 -47.037340 2.091674 117.610547 0.322100 -34.142225 1.833536 2.299448 2.861762 -13.323167
1 -3706.475506 0.071573 3.767367 0.860006 292.301344 0.261983 -78.246863 0.651316 256.488044 0.691095 -52.645895 0.073629 107.553826 0.445108 -52.582256 3.569390 5.286192 6.876055 -13.323167
1 -3657.220995 0.393299 42.704603 0.483105 267.651635 0.052481 -63.173064 1.717412 164.966871 0.637172 -42.375120 0.816126 240.925963 0.516436 -45.416800 2.822590 4.854932 4.971598 -13.323167
1 -3742.729654 0.600180 58.344247 1.011168 347.266700 0.642491 -54.891708 0.989446 264.544600 0.279106 74.704886 1.558899 154.279649 0.164143 -19.503682 6.258391 4.651532 1.593789 -13.323167
1 -1866.389262 0.668247 54.002037 0.476308 301.584450 0.144388 3.775951 0.384300 209.726020 0.493388 12.122730 0.325938 144.136604 0.331070 -58.235189 3.176213 4.868656 5.783193 -13.323167
1 -1831.845218 0.053201 12.727590 0.767115 297.297290 0.302345 -23.072340 0.795057 235.559211 0.673741 -34.011340 0.311948 79.018498 0.155045 -53.335178 1.586684 4.946797 5.957015 -13.323167
1 -1826.956054 0.081350 14.103927 0.826431 297.918513 0.348647 -27.279565 0.804084 242.653573 0.646758 -26.999121 0.243706 73.281803 0.158236 -42.448555 1.880485 5.133152 5.286118 -13.323167
1 -1846.918996 0.171618 35.653573 1.336764 325.854581 0.269305 -1.800079 0.668877 221.651198 0.703028 -11.181424 0.474015 96.467232 0.126512 -53.688525 2.000718 4.281152 5.977872 -13.323167
1 -3648.039117 0.700248 14.464199 0.875322 319.163337 0.598383 81.596081 0.130360 237.706953 0.391923 -28.223927 0.732544 117.137429 0.032392 -4.044601 1.653620 3.007328 3.317588 -13.323167
1 -3712.377554 0.424706 37.833887 0.507100 323.310925 0.356386 -3.948282 0.665413 208.223709 0.798984 4.048971 0.262485 138.192614 0.358600 -51.219877 1.159474 4.591791 6.631958 -13.323167
1 -5554.720547 0.106781 51.353239 1.016937 329.633984 0.154119 -65.745506 0.355287 243.828278 0.306633 -41.890295 0.173170 102.848491 0.481686 -35.988419 2.260901 1.811129 2.054896 -13.586740
1 -3746.484182 0.157799 -1.800746 0.827296 289.434986 0.235016 -88.908844 0.705643 268.981021 0.720733 -52.206643 0.149480 102.752784 0.507232 -40.627017 4.283106 4.838820 6.914500 -13.586740
1 -3669.943279 0.459695 32.441371 0.280690 249.024615 0.729108 -80.470193 1.693869 176.241891 0.579922 -52.028156 0.714316 238.486438 0.625056 -47.722932 3.589394 5.446308 5.493115 -13.586740
1 -2058.758179 0.595099 57.689342 0.899839 339.426105 0.650595 -51.150052 1.018386 266.529539 0.276481 70.685492 1.583270 145.858060 0.175285 -20.217336 6.186853 4.684983 1.725713 -13.586740
1 -1867.083188 0.546627 52.136286 0.535599 297.305071 0.129595 -48.001646 0.562227 202.719814 0.507747 3.854413 0.258266 140.640794 0.321390 -73.508538 2.361039 5.868067 6.082869 -13.586740
1 -1844.547980 0.127511 14.283618 0.613156 288.177816 0.296350 -8.161540 0.576903 241.923062 0.670384 -33.745610 0.401611 97.907429 0.190084 -50.519944 1.523094 4.793958 5.270897 -13.586740
1 -1829.717733 0.065806 6.248474 0.789233 282.512986 0.359698 -30.409834 0.654673 252.789072 0.640584 -34.775332 0.303001 68.352451 0.261093 -44.453167 2.515545 5.254969 6.416003 -13.586740
1 -1842.915513 0.117086 43.416305 1.449816 348.427775 0.219052 3.181541 0.513851 213.586052 0.725281 -8.427894 0.529493 86.724374 0.097234 -63.435987 1.505626 4.464874 5.857144 -13.586740
1 -3765.237396 0.684802 14.635453 1.020026 332.005229 0.539215 85.288750 0.137756 245.402682 0.394158 -33.535047 0.701555 82.955390 0.038192 -14.513635 1.614136 2.780058 3.067867 -13.586740
1 -1888.301376 0.014108 34.148990 0.183513 253.447957 0.077821 72.730452 0.598036 286.022179 0.557000 -25.177217 0.414568 82.470668 0.402826 -40.983494 6.359314 1.007540 6.599975 -13.586740
1 -1872.334672 0.519523 44.313508 0.515566 288.324981 0.245720 -48.261866 0.595510 208.590722 0.438436 3.532575 0.356489 150.475607 0.343808 -66.242808 2.996671 6.040949 5.935262 -13.885202
1 -1975.600072 0.417564 18.517543 1.003351 323.482224 0.400273 68.442538 0.815383 271.750040 0.566016 -5.007253 0.746272 131.334525 0.420920 -29.309582 5.295884 4.894866 4.654947 -13.885202
1 -3809.811709 0.396085 45.348950 0.214860 226.897046 0.775429 -75.655128 1.654207 182.942562 0.605782 -48.554362 0.865180 235.895538 0.618709 -60.391046 3.761733 5.212723 5.384901 -13.885202
1 -5513.497105 0.610137 58.719675 0.827324 334.061382 0.592799 -65.947763 0.947690 264.868408 0.259221 79.164761 1.558357 144.087224 0.139516 -24.187126 5.850256 4.617935 1.683963 -13.885202
1 -1879.426277 0.477478 54.385979 0.475435 282.768038 0.067790 -63.051046 0.514782 236.559617 0.450357 -5.280286 0.789871 127.155906 0.360180 -67.856684 1.718383 0.935360 5.795279 -13.885202
1 -1834.118213 0.266252 -13.087675 0.431470 246.907765 0.223576 -34.576303 0.741460 250.569427 0.608954 -9.410223 0.340521 130.667003 0.338040 -49.459215 2.076653 4.979849 5.649541 -13.885202
1 -1829.352901 0.125575 12.009958 0.725550 284.096639 0.387848 -27.878985 0.700465 249.601315 0.575490 -23.637646 0.350063 76.557681 0.245194 -43.110528 2.764082 5.549457 5.921154 -13.885202
1 -1850.364661 0.103102 37.127265 1.304479 339.308451 0.234445 9.932260 0.581701 227.191700 0.769303 -19.284795 0.492211 81.343281 0.127277 -57.569159 1.398937 4.400516 5.937968 -13.885202
1 -3688.349723 0.725600 13.303764 1.102815 340.255993 0.606392 67.932207 0.154856 242.965781 0.367672 -26.859353 0.787751 84.216920 0.008385 -14.367443 1.247475 3.435457 2.738823 -13.885202
1 -1870.222132 0.081943 44.998398 0.298092 262.187628 0.062487 -83.850376 0.495798 268.447125 0.588012 -39.781555 0.198064 77.563918 0.347362 -35.374269 5.999051 0.817250 6.357595 -13.885202
1 -1880.216663 0.606178 41.988015 0.504458 307.915737 0.332766 -52.830976 0.559822 185.544315 0.383578 0.821549 0.404684 148.762353 0.316588 -75.253353 2.123443 6.474177 6.039087 -14.130560
1 -1942.611698 0.399952 15.011698 0.902271 309.527125 0.422997 72.056271 0.859446 266.323557 0.591581 0.305903 0.660767 157.341158 0.380436 -34.165070 5.187595 6.106550 4.835298 -14.130560
1 -2069.468609 0.454142 55.241229 0.222033 235.105589 0.000685 -86.143471 1.431797 170.410528 0.501843 -54.050315 0.683976 226.989102 0.552003 -68.795089 3.498070 5.960066 6.576933 -14.130560
1 -121.118833 0.569912 50.394821 0.363526 274.343268 0.081576 -61.337232 0.578225 239.025078 0.419233 0.022109 0.827790 147.108265 0.420840 -67.526393 2.053649 1.013575 5.607641 -14.130560
1 -1840.267267 0.654821 64.546942 0.179609 271.143768 0.054273 -86.982133 0.694359 207.293573 0.305596 -16.738233 0.731279 168.030198 0.366088 -69.325130 2.890091 1.413629 5.458982 -14.130560
1 -1851.970983 0.304905 2.701243 0.356223 261.278598 0.061449 -20.547820 0.673123 251.980308 0.567191 -2.103265 0.483482 135.469707 0.256536 -47.884767 1.496057 3.905548 5.151795 -14.130560
1 -2005.283200 0.061712 18.619414 0.768944 267.940116 0.424889 -10.236663 0.763543 279.515300 0.621281 -37.302854 0.182120 54.689711 0.298564 -43.341547 2.568438 5.339162 5.541598 -14.130560
1 -1849.304390 0.055139 29.426429 1.331717 337.082266 0.244725 9.211196 0.566494 230.474605 0.029961 -13.195601 0.475661 76.620087 0.132314 -55.484643 1.419645 4.619866 6.173177 -14.130560
1 -3925.351101 0.230786 1.598433 0.465087 239.041974 0.062622 53.618440 0.988431 238.524203 0.190345 -47.967267 1.423520 183.379524 0.439977 -14.019463 2.533377 1.476393 2.709724 -14.130560
1 -1862.348903 0.070641 47.972248 0.230323 256.091768 0.030341 -84.080133 0.398612 263.775984 0.615117 -35.508191 0.199260 85.173721 0.355548 -38.968048 6.123040 0.968610 6.811791 -14.130560
1 -100.590926 0.498505 37.132133 0.680349 322.134734 0.407049 -41.567120 0.608830 178.036433 0.292896 -1.747578 0.313381 143.579441 0.265829 -72.863389 2.024199 0.784282 6.209192 -14.383360
1 -1944.488137 0.319120 9.431662 0.936898 314.268191 0.465453 73.008406 0.840885 268.359256 0.656468 -4.602751 0.562259 146.899300 0.374558 -30.287103 5.669164 6.329471 4.917772 -14.383360
1 -2058.324260 0.459528 55.255388 0.181872 229.730592 0.007817 -86.488823 1.446449 178.248613 0.569897 -55.462535 0.655794 223.993821 0.569850 -67.740375 3.732580 5.990610 6.567277 -14.383360
1 -101.749251 0.604396 53.391421 0.404227 275.597529 0.088727 -61.638030 0.530824 227.019668 0.379938 6.649558 0.876750 152.851076 0.407127 -71.025244 2.174351 1.158550 5.490814 -14.383360
1 -1859.657953 0.510768 66.906368 0.274195 251.031348 0.060719 -61.499048 0.866268 225.021100 0.314214 -31.192361 0.634768 167.876226 0.418684 -69.568222 3.237214 3.070753 4.700528 -14.383360
1 -1977.581099 0.233918 2.192733 0.491668 275.727257 0.769702 -35.554663 0.888667 230.731078 0.568200 7.520588 0.369740 144.873111 0.357077 -47.681462 1.770342 4.150979 5.348072 -14.383360
1 -2000.683527 0.052012 17.429234 0.827522 269.632876 0.449060 -6.005210 0.730145 277.367317 0.654405 -37.417895 0.182114 54.160445 0.276167 -41.617075 2.764874 5.457983 5.580307 -14.383360
1 -1858.910661 0.045918 29.023847 1.328942 349.010054 0.213765 5.356235 0.530112 218.452409 0.039805 -4.792916 0.318116 71.788272 0.133482 -62.317318 1.290644 4.741903 6.317737 -14.383360
1 -3906.774755 0.247402 6.564628 0.442325 237.470896 0.078060 47.998070 0.961151 233.928406 0.181055 -50.086829 1.348580 186.053889 0.452947 -16.656878 2.595267 1.348534 2.678700 -14.383360
1 -1873.173707 0.067435 47.683414 0.393219 275.669709 0.023983 -69.204940 0.339599 260.547435 0.522746 -26.622241 0.233540 86.959152 0.313547 -39.310417 6.167778 1.044310 6.915063 -14.383360
1 -42.308451 0.501327 40.817640 0.677485 305.733683 0.347694 -40.187932 0.650524 186.033922 0.231224 -10.160710 0.251656 138.128320 0.256064 -67.162050 2.222658 0.847038 6.521426 -14.685336
1 -1921.049534 0.345647 3.985180 0.892526 312.648135 0.467865 72.441275 0.816847 269.882934 0.669498 -2.191976 0.562870 141.921191 0.315193 -29.806888 6.048445 5.968885 4.539132 -14.685336
1 -2055.260733 0.462457 58.070144 0.178029 232.959157 0.008829 -84.314089 1.462670 172.622041 0.576496 -59.559305 0.580808 232.377796 0.547924 -68.392903 3.640056 6.229639 6.725572 -14.685336
1 -89.404209 0.636297 59.181411 0.333656 272.269265 0.056319 -60.417458 0.651859 227.152440 0.421009 5.107615 0.956274 163.586348 0.434279 -68.765931 2.411701 1.140624 5.372220 -14.685336
1 -2004.571927 0.537736 68.813873 0.144379 235.785664 0.067101 -64.912261 1.013948 216.054267 0.343287 -39.393145 0.653318 187.731402 0.468551 -66.159829 3.337754 3.231006 4.648662 -14.685336
1 -5505.754348 0.773287 73.925972 0.206128 296.885483 0.691670 3.577585 0.632677 252.073836 0.665732 -54.108018 0.628857 190.132038 0.254589 -8.690588 2.042837 3.045675 6.372577 -14.685336
1 -1842.077730 0.106822 23.357712 0.770575 283.512266 0.460317 -8.973201 0.604198 249.602102 0.634834 -28.068417 0.133472 70.088959 0.347468 -31.040578 2.790075 5.366924 6.343690 -14.685336
1 -1871.600146 0.083292 27.226012 1.293910 346.835219 0.240139 8.193955 0.543378 215.191050 0.787482 1.249745 0.396417 88.628738 0.157001 -59.680775 1.277760 4.297108 5.877577 -14.685336
1 -4132.398916 0.248596 21.976688 0.429618 256.191724 0.120653 56.524612 0.697412 264.529499 0.145237 -32.949772 1.107492 181.613959 0.478648 -9.108023 3.993080 0.798465 2.099581 -14.685336
1 -1872.862125 0.035975 30.319693 0.445594 273.917494 0.003097 -63.341225 0.448789 260.164025 0.533589 -25.456223 0.343867 94.842572 0.356651 -37.997559 6.307677 0.853118 6.805479 -14.685336
1 -197.875301 0.490823 40.309130 0.703907 307.757344 0.352975 -37.941401 0.651899 185.199584 0.239504 -10.226749 0.240814 137.016339 0.248943 -67.164998 2.155346 0.949624 6.507352 -14.904190
1 -1900.705917 0.406761 3.808992 0.827689 283.730540 0.438917 63.587279 0.989096 284.133651 0.587227 -18.194963 0.666732 155.670287 0.279209 -30.465279 6.841937 5.472772 5.078869 -14.904190
1 -2065.876631 0.476593 59.001545 0.171326 232.532360 0.006256 -85.091760 1.467869 171.814321 0.573652 -58.937864 0.596697 234.216796 0.550362 -69.314725 3.558223 6.215309 6.700241 -14.904190
1 -94.890307 0.564693 56.858216 0.483777 279.494652 0.045218 -37.627467 0.655085 228.044392 0.382777 3.201087 0.973933 172.197811 0.405768 -62.998649 2.322703 0.893382 4.604056 -14.904190
1 -2005.143977 0.424130 54.263321 0.305817 249.183334 0.096122 -55.845897 1.245429 202.228901 0.425811 -53.942309 0.435207 190.911652 0.402357 -68.336899 3.581908 4.764413 4.898690 -14.904190
1 -105.773990 0.569969 57.295787 0.315093 261.856043 0.043152 -60.005128 0.551473 235.681195 0.457080 -5.423616 0.942890 153.563500 0.448979 -65.646365 2.670782 0.923319 5.572623 -14.904190
1 -1836.426501 0.134046 26.646816 0.865540 300.965116 0.451629 -22.174993 0.530028 238.235858 0.674248 -28.083633 0.115106 57.488451 0.304089 -36.463642 2.365201 5.239636 6.593245 -14.904190
1 -2040.229742 0.103353 17.967813 1.288114 349.153474 0.262253 -14.618948 0.663711 209.255746 0.715508 -8.497654 0.358111 94.179884 0.086955 -64.676734 1.311684 3.499795 5.362318 -14.904190
1 -3760.136234 0.395673 19.130362 0.783071 303.319762 0.289522 -86.062989 0.874130 248.287858 0.247801 8.791990 0.972235 190.737993 0.407306 -32.495525 2.645078 6.750681 2.058027 -14.904190
1 -1862.072058 0.030945 33.681544 0.461593 278.178030 0.017961 -62.622343 0.501654 252.198102 0.500794 -39.215407 0.278236 90.128265 0.332454 -37.487008 6.176931 1.114737 6.590050 -14.904190
1 -51.660547 0.486526 40.286508 0.708085 308.636466 0.359120 -37.817625 0.678764 182.539211 0.231762 -10.780082 0.270983 141.673585 0.248550 -67.039104 2.159165 0.970268 6.451129 -15.106810
1 -1911.491326 0.393052 4.647443 0.858968 280.844647 0.417509 61.486125 1.028494 286.627577 0.556564 -23.270458 0.591609 156.432250 0.280345 -33.973123 6.759222 5.443706 4.817760 -15.106810
1 -2059.881713 0.471398 53.190948 0.224866 241.807289 0.050286 -83.114738 1.411938 164.092361 0.555552 -57.418415 0.611963 228.421528 0.541400 -68.468832 3.340523 5.851943 6.902608 -15.106810
1 -1953.745897 0.543647 55.045585 0.226556 251.550990 0.084991 -70.697010 0.362248 253.725880 0.523192 -9.924389 0.857849 118.029012 0.458931 -64.285023 2.961969 0.836703 6.253085 -15.106810
1 -1988.140020 0.436667 55.420742 0.314333 252.441880 0.099783 -53.321012 1.129054 210.641835 0.413745 -46.694324 0.492264 180.455148 0.392802 -68.228320 3.489606 4.117620 4.760970 -15.106810
1 -147.367709 0.580245 55.986710 0.283772 263.667542 0.045244 -56.360660 0.504118 231.483520 0.457570 -3.868200 0.915445 162.831804 0.464193 -67.940896 2.589095 0.866405 5.795816 -15.106810
1 -1855.323823 0.187118 31.919583 0.690211 276.782575 0.355569 -14.123464 0.672615 259.702145 0.703621 -32.965324 0.327352 83.262275 0.384005 -31.133278 3.303661 6.034741 5.700054 -15.106810
1 -1925.100123 0.117692 20.581707 1.264385 346.871397 0.219261 -12.983643 0.576196 223.664532 0.729887 -2.310712 0.505713 87.163285 0.119993 -68.402512 1.165606 3.054530 5.358882 -15.106810
1 -94.735479 0.567858 60.291103 0.337416 269.206606 0.050113 -59.139364 0.625844 222.739393 0.470089 -3.455837 1.022674 160.816731 0.457671 -69.604478 2.664868 1.269295 5.723376 -15.106810
1 -1838.523130 0.114245 21.288597 0.316006 267.393745 0.793890 -53.069226 0.601258 265.034469 0.426132 -47.638878 1.933285 138.389206 0.313101 -38.211101 6.075048 0.923143 5.304629 -15.106810
1 -82.228721 0.503180 42.807440 0.700132 312.086858 0.373557 -44.661599 0.658126 188.283808 0.243881 -1.077565 0.189007 137.758978 0.277398 -70.511792 2.060358 0.850570 6.232320 -15.313022
1 -1908.408736 0.350117 -0.174269 0.938269 283.311841 0.471735 66.049293 0.930388 293.836809 0.587358 -20.749228 0.512027 137.623487 0.265393 -26.793367 6.713927 5.684455 4.940727 -15.313022
1 -2034.108177 0.448912 56.006909 0.212624 241.520964 0.038319 -89.258910 1.380225 161.415588 0.573655 -58.536473 0.578243 221.657049 0.545879 -67.652408 2.941735 6.038544 6.954975 -15.313022
1 -3722.071763 0.543225 57.903812 0.169263 248.938117 0.078653 -71.606078 0.415446 252.560154 0.539245 -11.428553 0.825499 125.871609 0.444822 -65.819853 2.962855 0.975224 6.280667 -15.313022
1 -1974.153678 0.435802 55.833345 0.336953 258.370729 0.117388 -49.384786 1.148772 211.122247 0.410190 -45.662758 0.487183 169.469889 0.378087 -66.962012 3.521985 4.333106 4.654429 -15.313022
1 -272.063232 0.564888 62.521317 0.184797 250.801210 0.023164 -53.038449 0.645246 245.662082 0.475551 -6.231928 0.739590 161.088763 0.415753 -61.123651 2.816201 1.009579 5.868851 -15.313022
1 -1850.300375 0.215909 28.218669 0.715012 272.560784 0.347420 -5.141698 0.426202 256.453818 0.671166 -14.129854 0.185481 81.628092 0.323002 -29.747612 2.986144 5.538701 5.374602 -15.313022
1 -64.497737 0.638676 63.747989 0.301082 274.723716 0.002995 -33.953664 0.714835 213.546678 0.415137 -28.408045 1.203725 175.221772 0.391644 -73.310606 2.848264 1.409115 5.942846 -15.313022
1 -94.474528 0.647817 65.466181 0.384608 275.199707 0.027475 -54.318553 0.658012 219.519514 0.403102 -3.930145 1.085033 179.091346 0.464817 -66.483968 2.386265 1.039272 5.227692 -15.313022
1 -1894.014205 0.121572 23.463776 0.321023 266.287691 0.787197 -56.230002 0.570924 268.255099 0.444930 -48.534183 1.913079 134.653146 0.303285 -35.269148 6.154165 0.891703 5.343243 -15.313022
1 -52.697718 0.445780 39.884738 0.699093 312.634326 0.448137 -47.184219 0.617793 188.565548 0.241730 -2.160305 0.268147 130.753693 0.276514 -68.244394 2.513207 0.828709 6.181107 -15.454548
1 -67.369745 0.602584 62.552926 0.286445 271.976548 0.061478 -31.415348 0.667897 218.705205 0.404014 -32.244950 1.280283 173.060505 0.363952 -68.774153 3.071843 1.247873 6.002594 -15.454548
1 -2033.837022 0.442910 55.276161 0.222546 242.384666 0.051029 -89.501037 1.374715 161.038928 0.568963 -57.508825 0.554078 220.560533 0.542498 -67.258809 2.932620 5.993121 6.972612 -15.454548
1 -1878.046073 0.516775 77.209247 0.287089 248.561619 0.119506 -88.130021 0.536055 234.977227 0.536077 -10.669964 0.688580 137.403665 0.520814 -67.277538 2.959544 1.382809 5.821362 -15.454548
1 -1842.072110 0.521698 61.399657 0.346962 267.072722 0.069495 -56.945053 0.881894 226.799014 0.534168 -45.952852 0.349441 136.270902 0.406810 -69.999546 2.882127 5.256729 4.530839 -15.454548
1 -79.420822 0.547152 60.052432 0.189419 246.838110 0.010829 -47.392399 0.558860 252.570673 0.506091 -8.948913 0.796935 162.241002 0.420753 -52.355981 2.874074 1.192383 5.648584 -15.454548
1 -1875.768403 0.169202 29.589010 0.569664 265.862178 0.425185 1.577554 0.436597 267.838605 0.737704 -36.352788 0.411252 84.612774 0.414827 -24.835900 3.639910 5.986883 5.588283 -15.454548
1 -69.313208 0.661893 61.659912 0.367960 281.020102 0.013545 -36.808431 0.743023 201.082910 0.366503 -27.392591 1.296164 184.594958 0.397488 -75.821156 2.819158 1.205176 5.765616 -15.454548
1 -81.197928 0.605871 56.034075 0.380061 270.747291 0.068335 -47.325199 0.622865 227.273444 0.372373 -10.325841 1.246072 179.606242 0.409857 -61.204826 2.913986 0.896473 5.116530 -15.454548
1 -1846.859325 0.108096 21.238763 0.327204 272.287808 0.790409 -50.247595 0.604365 262.961359 0.451452 -49.010414 1.909868 138.518242 0.287784 -32.726298 6.388436 1.156619 5.367279 -15.454548
1 -1857.839646 0.469965 42.336140 0.704342 311.939831 0.390162 -44.950524 0.625801 186.658572 0.272242 -2.650014 0.273957 132.393577 0.289319 -69.913641 2.312781 0.806375 6.183321 -15.579596
1 -99.507194 0.530763 60.272906 0.269868 263.422961 0.115454 -41.851356 0.506725 245.480482 0.365897 -9.220160 0.800626 151.143052 0.381805 -58.247888 3.101707 1.020011 5.538557 -15.579596
1 -2063.717733 0.500968 44.423422 0.294520 242.499636 0.021460 72.693982 1.485917 172.991663 0.560664 -51.997847 0.760013 233.417561 0.519052 -65.817762 2.674770 6.178949 6.877069 -15.579596
1 -78.289179 0.515485 62.757113 0.243031 251.995558 0.027813 -43.653863 0.564578 248.682180 0.495731 -13.282409 0.807229 159.157669 0.429220 -54.030775 2.872080 1.003147 5.686924 -15.579596
1 -1833.131929 0.532185 68.927950 0.262631 271.998973 0.018640 -69.833119 0.800707 229.046163 0.518995 -49.364682 0.540776 126.787917 0.364874 -72.501030 3.143480 5.418280 4.131078 -15.579596
1 -120.129747 0.557495 67.228393 0.153501 257.800687 0.036606 -82.301959 0.394588 259.698237 0.474493 -13.121054 0.805864 136.071323 0.393606 -56.981414 3.033941 1.333538 5.037869 -15.579596
1 -193.453388 0.004940 16.249889 0.597237 266.475536 0.594280 5.054805 0.505704 263.352126 0.018135 -49.417825 0.259532 72.230252 0.394301 -18.182995 4.738037 1.388597 5.239483 -15.579596
1 -64.952967 0.632401 56.959147 0.410593 287.234310 0.074141 -43.622079 0.600344 198.051477 0.334978 -19.572464 1.185450 160.003211 0.381416 -78.278282 3.016036 1.007056 5.983680 -15.579596
1 -112.592375 0.631712 50.159691 0.096375 253.683743 0.006898 -52.703638 0.635363 248.433667 0.480491 0.896384 1.170841 184.930649 0.467186 -51.767947 2.499460 0.834753 5.612071 -15.579596
1 -1927.467186 0.113402 20.277752 0.333136 272.533088 0.796888 -50.027601 0.632726 258.974787 0.442227 -50.815497 1.911619 138.987110 0.287373 -33.904997 6.373200 1.125832 5.333208 -15.579596
1 -40.975398 0.403431 37.834675 0.619044 303.461581 0.472400 -54.024345 0.573054 205.298920 0.304317 -5.382609 0.321584 123.943356 0.271668 -59.765078 2.718469 0.845347 5.891086 -15.671313
1 -88.701727 0.564158 59.740550 0.446711 269.396445 0.154730 -50.169223 0.439979 232.155367 0.369672 -5.246206 0.661925 154.430548 0.381039 -61.666079 3.052948 1.236253 4.931884 -15.671313
1 -2067.428080 0.532448 45.890628 0.270676 242.445878 0.000468 63.899186 1.477700 175.377247 0.575678 -51.408872 0.722409 232.617151 0.516067 -66.613378 2.568903 6.534506 6.651640 -15.671313
1 -66.787994 0.540644 69.374722 0.399189 277.657596 0.010103 -29.252298 0.716441 205.374381 0.438409 -15.085619 0.628383 157.257507 0.392479 -75.534292 2.437884 1.513742 5.987412 -15.671313
1 -1867.893213 0.539324 63.318381 0.487426 263.169557 0.041013 -87.157653 0.691478 257.913957 0.585938 -36.070842 0.442081 116.047674 0.300688 -70.625236 3.423762 4.704845 3.665161 -15.671313
1 -58.854986 0.590329 63.253174 0.065152 254.811652 0.014744 -85.292747 0.414475 247.978378 0.507144 -10.502299 0.845779 133.701411 0.379100 -58.814287 2.867609 0.907019 5.193975 -15.671313
1 -199.144705 0.005007 17.582994 0.612050 266.288576 0.576132 5.041015 0.510376 263.478547 0.040348 -50.990163 0.199909 69.988770 0.382419 -19.756840 4.785902 1.773601 5.103685 -15.671313
1 -83.646810 0.653854 56.478372 0.420954 284.666963 0.047716 -34.052543 0.650718 196.519568 0.336435 -19.588282 1.219775 170.960101 0.411883 -79.237644 2.891934 0.915193 5.988557 -15.671313
1 -109.897096 0.621476 46.517322 0.101024 255.889951 0.050781 -49.369810 0.663099 244.226404 0.467658 -3.758361 1.350741 188.554995 0.464751 -52.630142 2.792503 0.859013 5.654653 -15.671313
1 -1836.005622 0.145325 21.646328 0.340056 270.470057 0.775163 -52.357119 0.636972 256.324963 0.458974 -48.549612 1.939423 144.468529 0.287410 -36.979791 6.253616 1.036853 5.283111 -15.671313
1 -39.430147 0.399850 37.951886 0.639898 304.610570 0.485504 -52.864940 0.572611 203.428233 0.297592 -6.958393 0.326197 123.302580 0.265917 -60.558442 2.795240 0.907694 5.872230 -15.740527
1 -53.143309 0.522808 64.728862 0.535000 274.464262 0.144372 -42.920961 0.450455 221.910779 0.352245 -13.608373 0.492779 143.037594 0.371518 -66.488627 3.096297 1.533645 4.987755 -15.740527
1 -2093.327220 0.554833 39.658706 0.158459 231.080476 0.019220 58.363349 1.478925 191.194664 0.611489 -44.620042 0.967696 239.536758 0.531459 -64.819068 2.739194 6.354859 6.570151 -15.740527
1 -61.502050 0.507498 69.983173 0.444444 284.572833 0.023621 -40.455461 0.657335 205.032962 0.424575 -17.863726 0.579170 148.523273 0.393439 -72.506831 2.420985 1.283768 5.873198 -15.740527
1 -47.473884 0.441970 64.374691 0.385045 273.939045 0.057977 -34.716291 0.642533 216.227769 0.451029 -18.420556 0.743684 138.663773 0.377799 -67.238587 2.665685 1.357722 5.999055 -15.740527
1 -52.160483 0.588616 64.871080 0.059418 252.826135 0.013231 -72.666385 0.502326 236.920753 0.500169 -14.897586 0.770351 137.298597 0.406863 -63.687257 2.898804 1.484393 5.261305 -15.740527
1 -185.075805 0.043742 14.364730 0.572940 263.203972 0.544535 8.278227 0.454604 261.288559 0.051672 -53.954840 0.133734 68.071629 0.385650 -17.898390 4.801501 1.688724 5.522089 -15.740527
1 -93.344191 0.664059 59.501959 0.432875 288.992717 0.001505 -8.979500 0.725561 203.010947 0.314903 -9.939813 1.190009 173.320678 0.418461 -79.342461 2.290207 0.933269 6.050429 -15.740527
1 -116.936934 0.581098 52.277321 0.099710 252.738174 0.017465 -53.707292 0.617083 252.750141 0.517761 5.383764 0.979331 175.749741 0.471371 -52.156982 2.323414 0.860010 5.477885 -15.740527
1 -1854.475364 0.158089 25.185077 0.297462 270.709050 0.791678 -54.326742 0.629270 265.778088 0.440285 -45.101214 1.981630 146.526142 0.303545 -34.294150 6.202493 0.905674 5.108537 -15.740527
1 -35.264865 0.392668 35.421382 0.614190 301.366636 0.489305 -57.333699 0.499314 205.924769 0.292048 -9.355191 0.329947 122.236210 0.245438 -57.265602 2.684157 0.835485 5.769367 -15.806637
1 -61.974150 0.483306 67.390671 0.592126 265.134744 0.184482 -30.214413 0.496712 216.779019 0.409433 -10.367731 0.527878 152.575424 0.419564 -65.565334 3.369487 1.900908 5.219096 -15.806637
1 -2073.776864 0.537140 18.118100 0.123992 233.483610 0.106536 43.630402 1.453309 203.758270 0.615541 -41.808699 0.820170 236.653846 0.467719 -58.305595 2.119869 6.743975 5.878792 -15.806637
1 -42.033288 0.384223 50.544222 0.679639 307.423529 0.413561 -28.415349 0.793804 202.324164 0.304856 -11.267540 0.445558 122.167597 0.259625 -68.903753 2.810209 0.925202 5.944003 -15.806637
1 -60.066374 0.525100 72.734682 0.392253 284.736743 0.044563 -47.052575 0.609929 207.831131 0.508931 -9.005362 0.933500 148.218860 0.366646 -76.680878 2.347786 1.084697 5.796150 -15.806637
1 -57.754842 0.532537 61.087702 0.198771 273.535003 0.185999 -86.850914 0.370150 246.730965 0.438260 -16.484147 0.542323 117.107604 0.315791 -56.686810 2.873568 0.885446 5.094930 -15.806637
1 -182.074853 0.010208 15.065026 0.541180 260.764980 0.553672 3.407174 0.449592 263.735257 0.090324 -54.252904 0.184565 67.474602 0.381633 -16.915929 4.873834 1.686546 5.488685 -15.806637
1 -89.718788 0.698065 66.525897 0.522652 298.160782 0.017197 -3.128370 0.712781 195.514468 0.389757 -17.626064 1.274369 173.874382 0.469978 -76.954141 2.772060 1.351330 5.629276 -15.806637
1 -110.316943 0.525858 35.754304 0.152370 260.755042 0.147731 -38.933809 0.525761 228.502647 0.487121 9.543933 0.835748 181.574783 0.475045 -51.169428 1.996382 0.772396 5.631999 -15.806637
1 -1843.967155 0.153100 24.365022 0.304041 271.710162 0.796050 -51.310427 0.646215 264.658118 0.431040 -46.063097 2.003985 145.957183 0.303484 -34.455489 6.218174 0.897139 5.168201 -15.806637
1 -30.656386 0.425689 46.535154 0.563407 299.375555 0.483884 -56.625274 0.528792 201.214017 0.302495 0.773523 0.330817 123.116735 0.234059 -70.375491 2.506348 0.892411 5.847092 -15.882903
1 -80.155665 0.492014 66.794144 0.650924 268.299208 0.196373 -16.057178 0.570603 209.510509 0.386027 -14.427912 0.584669 161.365505 0.442595 -68.374193 3.351730 1.997155 5.367860 -15.882903
1 -2021.087631 0.556548 19.753769 0.125675 233.421439 0.132176 27.909790 1.276656 196.409669 0.650404 -45.019175 0.769423 232.816702 0.453681 -56.273341 2.232954 6.720510 6.030872 -15.882903
1 -49.441503 0.407033 55.162549 0.624274 305.526558 0.346173 -25.932128 0.824834 198.673982 0.318779 -5.968428 0.462202 131.459919 0.289277 -70.017500 2.694760 1.016939 5.941614 -15.882903
1 -81.518008 0.482841 59.124784 0.200181 270.077685 0.061506 -43.175730 0.510510 204.848110 0.511040 -13.139304 1.223614 173.177973 0.421211 -67.512263 2.272853 0.981530 5.658740 -15.882903
1 -78.248716 0.590549 56.832257 0.137090 265.397822 0.020480 -74.707802 0.345632 255.632659 0.569631 3.784631 0.611353 126.988467 0.359064 -51.954101 2.546077 1.054419 5.066178 -15.882903
1 -197.616405 0.019854 9.630911 0.565507 263.221330 0.589547 4.935950 0.445486 264.793964 0.072706 -51.359061 0.197784 66.805590 0.378093 -16.075594 4.883239 1.744751 5.564528 -15.882903
1 -80.686351 0.686356 67.219775 0.593623 298.316048 0.037530 -3.252774 0.638600 198.021047 0.338134 -16.638867 1.077333 163.376410 0.471390 -74.805932 2.895234 1.264419 5.531350 -15.882903
1 -102.878039 0.546455 31.359040 0.153580 255.666071 0.134980 -37.756705 0.550838 239.015547 0.503350 6.494315 1.054670 183.081958 0.464862 -46.349862 2.444845 0.826179 5.496916 -15.882903
1 -1953.782384 0.148284 27.078904 0.364581 254.066397 0.048746 -51.130152 0.434620 283.369509 0.365392 -48.377586 2.089776 138.377297 0.419257 -11.518466 6.742731 0.884714 5.426888 -15.882903
1 -35.836644 0.439656 46.160223 0.539596 301.710077 0.494965 -56.638280 0.503033 203.297114 0.330941 1.778891 0.297095 120.945923 0.240758 -72.185178 2.450232 0.828313 5.823657 -15.927142
1 -207.826873 0.465960 66.940122 0.715787 280.248375 0.308904 -36.711955 0.390330 222.569683 0.306400 -16.424470 0.311858 123.892591 0.359616 -65.299350 3.918246 1.858289 5.322525 -15.927142
1 -120.093762 0.602069 36.168336 0.070459 244.964405 0.033932 -39.856340 0.478002 246.834895 0.562845 6.933432 1.169763 189.547616 0.490140 -48.432064 2.143513 0.906287 5.386788 -15.927142
1 -55.777862 0.426813 54.063767 0.628730 305.691093 0.404732 -28.328021 0.808120 196.270458 0.298457 -1.992560 0.282354 127.077207 0.286686 -70.392111 2.700883 1.102385 5.899309 -15.927142
1 -80.099155 0.460840 55.333837 0.163425 270.922294 0.096304 -45.459114 0.539179 202.587497 0.519859 -10.029414 1.148919 172.983914 0.413147 -65.784190 2.129505 0.906451 5.690933 -15.927142
1 -83.225898 0.541102 38.144836 0.108031 258.257113 0.039783 -81.427989 0.367690 265.905715 0.583951 4.596024 0.669516 127.418617 0.347616 -38.960507 2.722859 0.742522 4.897669 -15.927142
1 -142.240062 0.033482 13.974403 0.503633 259.304098 0.583222 1.372746 0.453309 269.685206 0.091152 -45.035371 0.279060 66.103490 0.372469 -17.257750 4.981529 1.708296 5.692113 -15.927142
1 -68.081923 0.587846 62.316331 0.556158 284.457174 0.018950 -14.420355 0.705031 232.798401 0.374654 -15.660967 1.190827 146.279020 0.390756 -67.275787 3.114379 1.155540 5.650814 -15.927142
1 -109.378492 0.534852 34.869402 0.255607 267.830767 0.129918 -38.560368 0.609253 223.791633 0.519403 3.115477 1.241794 195.244757 0.447350 -51.546966 2.396298 0.777050 5.544906 -15.927142
1 -1952.002025 0.149992 30.637662 0.347845 249.673772 0.066720 -57.631469 0.365098 288.993137 0.366885 -48.763778 1.935108 137.911378 0.373886 -13.354590 6.779703 0.764440 5.369067 -15.927142
1 -57.638602 0.509854 51.194089 0.473542 299.053984 0.362511 -60.323258 0.428452 209.361554 0.373399 -2.317960 0.626145 131.543343 0.251974 -75.403605 2.150496 0.886824 5.656068 -15.968642
1 -222.192869 0.514762 67.139587 0.673672 275.009764 0.252109 -39.734052 0.406938 224.009319 0.344817 -13.118178 0.425853 136.935701 0.372944 -65.110546 3.837318 1.814014 5.164898 -15.968642
1 -166.284247 0.619698 34.055992 0.062118 245.107511 0.013605 -39.249374 0.454345 250.599818 0.554765 7.116614 1.187490 188.221419 0.509410 -46.926022 2.051154 0.771960 5.422470 -15.968642
1 -53.640872 0.409013 49.516085 0.570466 297.531482 0.405589 -27.597997 0.778785 199.260168 0.309504 -2.239591 0.407461 138.769076 0.313837 -66.080921 2.833552 1.083062 5.909271 -15.968642
1 -61.900023 0.497110 63.922554 0.106483 270.421550 0.060493 -50.264440 0.596757 217.117094 0.465075 -14.110635 1.195328 175.327894 0.339462 -64.332078 2.216408 0.971294 5.555601 -15.968642
1 -91.469850 0.529861 34.306120 0.078424 253.103540 0.004503 -80.780400 0.373913 266.565344 0.585240 6.449684 0.768139 139.818316 0.380420 -35.289656 2.562316 0.748344 5.011620 -15.968642
1 -66.919400 0.024861 15.415362 0.476763 253.276235 0.599147 -0.216906 0.430583 277.467688 0.063296 -50.625537 0.291315 66.921101 0.391907 -22.132324 5.006986 1.702865 5.747736 -15.968642
1 -62.840365 0.525623 61.253604 0.806813 304.318227 0.232999 -20.353683 0.740404 224.636341 0.267422 -17.450733 0.849895 127.750967 0.297698 -75.878474 3.347265 1.266229 5.562480 -15.968642
1 -84.691234 0.577272 35.326625 0.137007 236.189196 0.066400 -35.470966 0.576346 239.710555 0.482223 -5.778246 1.403188 201.447317 0.466727 -45.151784 3.072787 0.999206 4.908315 -15.968642
1 -1947.753410 0.139165 27.770693 0.366826 243.680024 0.097588 -59.906009 0.375034 288.681380 0.365766 -48.157826 1.836650 135.350892 0.341605 -9.405860 6.641324 0.774818 5.303157 -15.968642
1 -60.183405 0.418831 39.104423 0.390242 286.544842 0.489543 -49.925952 0.416358 224.797151 0.335289 -7.473361 0.546544 118.496860 0.270536 -65.581587 2.331296 0.795938 5.955137 -16.012008
1 -219.524002 0.514144 64.149625 0.674881 276.814535 0.270733 -39.889260 0.353579 224.144604 0.327283 -15.831578 0.342127 133.138852 0.362651 -63.481956 3.778606 1.761360 5.240170 -16.012008
1 -116.304539 0.566829 34.653467 0.120559 250.741102 0.056724 -47.736778 0.372849 262.300947 0.543517 6.408145 0.819364 154.982280 0.475330 -40.375591 2.186944 0.822555 5.441669 -16.012008
1 -58.521577 0.396851 43.154319 0.382702 292.293160 0.325167 -22.127503 0.805517 205.400481 0.426599 3.565790 0.571147 136.181717 0.243875 -63.416239 2.354135 0.836645 6.257385 -16.012008
1 -76.328702 0.470015 65.520652 0.172775 252.719527 0.105166 -11.974237 0.621865 192.169947 0.332613 -19.880358 1.492042 206.534009 0.411001 -71.609680 2.531060 1.411769 5.471549 -16.012008
1 -103.447708 0.573805 33.308517 0.119170 256.930572 0.005870 -80.972121 0.436129 268.614444 0.590162 -2.111471 0.741362 140.536059 0.417439 -37.092837 2.546965 0.712187 4.946634 -16.012008
1 -51.230284 0.044485 17.334580 0.322543 251.653605 0.597828 0.164078 0.520611 271.241926 0.086744 -48.515257 0.304633 74.927947 0.356351 -24.370340 4.386910 1.536421 5.791968 -16.012008
1 -63.679348 0.588881 61.522244 0.693198 296.105684 0.150628 -32.778811 0.678248 232.085020 0.342644 -12.964113 0.844600 125.002988 0.317942 -70.086386 2.902486 1.314909 5.711555 -16.012008
1 -253.325482 0.541309 39.089425 0.367884 240.583835 0.085421 -44.465905 0.490248 255.206868 0.423321 -16.408275 1.257514 174.545029 0.392758 -39.466584 4.594266 1.062148 4.718935 -16.012008
1 -1937.726460 0.064495 30.355992 0.306504 238.307217 0.103300 -52.527449 0.406921 285.457101 0.293378 -60.887973 2.030171 137.493096 0.342794 -9.433245 6.793027 0.893119 5.286863 -16.012008
1 -62.129980 0.375284 37.284654 0.400329 291.748363 0.520213 -49.482934 0.447813 215.560538 0.319962 -8.367411 0.483399 123.910175 0.279055 -66.145221 2.237542 0.891158 6.034885 -16.061537
1 -43.819886 0.531593 63.427919 0.652942 282.386930 0.239878 -47.034412 0.474256 215.766704 0.332975 -15.830349 0.475875 133.842674 0.372222 -70.243115 3.692752 1.400636 5.053093 -16.061537
1 -106.316060 0.344028 35.038574 0.179253 251.996875 0.102201 -85.572812 0.551394 262.373101 0.472807 -14.621462 1.155580 151.141648 0.476315 -36.519064 3.246309 0.828090 5.835741 -16.061537
1 -50.009846 0.406527 45.277120 0.412723 296.081176 0.330677 -18.437107 0.809851 203.640657 0.418498 3.061760 0.573670 135.066651 0.227593 -66.772650 2.325090 0.857306 6.237206 -16.061537
1 -82.129415 0.423497 66.814029 0.185195 259.160892 0.221695 -13.099683 0.489928 186.644858 0.318961 -18.767369 1.337361 197.753987 0.414283 -71.104369 2.408253 1.462006 5.649022 -16.061537
1 -78.477241 0.535634 31.428864 0.234465 259.614365 0.095100 88.619442 0.427546 266.091517 0.506282 -10.886576 0.795003 131.630645 0.339109 -35.861032 3.381560 0.743951 4.810963 -16.061537
1 -48.597456 0.041399 20.963622 0.474251 247.985019 0.644252 -3.573187 0.469353 272.883471 0.086362 -53.195179 0.223236 68.162711 0.364307 -28.311640 4.505482 1.467805 5.841753 -16.061537
1 -267.653369 0.597245 59.098306 0.736057 300.299859 0.223384 -42.297161 0.609007 236.479201 0.290786 -15.582654 0.773293 108.859339 0.337977 -77.561057 2.770048 1.127197 5.406096 -16.061537
1 -52.856324 0.524498 31.794919 0.382705 247.470534 0.187010 -30.568074 0.503898 255.673514 0.390758 -16.686899 0.924279 147.747281 0.340258 -37.107924 4.253490 0.975839 4.749909 -16.061537
1 -1948.013946 0.126391 30.785019 0.413069 258.818341 0.144242 -64.343799 0.476906 296.877571 0.262567 -62.438779 1.676785 100.586143 0.330810 -8.798236 6.963623 0.813811 5.332356 -16.061537
1 -85.991774 0.419517 41.782385 0.441079 295.791366 0.506586 -54.425156 0.439076 211.673768 0.329200 -5.242154 0.412132 122.629603 0.287329 -71.494068 2.002589 0.911635 5.966954 -16.110760
1 -175.885984 0.503645 71.416565 0.678241 293.198477 0.289845 -45.638243 0.542022 209.367736 0.321688 -8.431062 0.336768 123.415375 0.352100 -73.302109 3.545737 1.480677 5.349192 -16.110760
1 -100.401136 0.367232 33.068534 0.115025 243.752957 0.019064 -84.061652 0.493419 252.809818 0.499085 -12.697004 1.439126 158.476663 0.520575 -34.460702 2.869814 0.886809 5.828734 -16.110760
1 -32.554682 0.467844 45.540225 0.413391 293.330010 0.307740 -13.930446 0.769134 202.354183 0.398935 10.007455 0.492216 138.492973 0.184990 -63.700084 2.614434 0.953646 6.089347 -16.110760
1 -77.750804 0.414950 72.855490 0.245211 261.000438 0.281394 -6.701437 0.380127 201.737474 0.290049 -20.017151 1.293478 186.550156 0.430843 -65.593997 1.989498 1.430228 5.743486 -16.110760
1 -73.258381 0.451319 26.947665 0.314339 266.425571 0.219125 -78.380565 0.424085 260.144626 0.475287 -4.049039 0.393135 112.389092 0.312762 -32.844857 2.679272 0.739704 5.015052 -16.110760
1 -41.936436 0.089508 18.475730 0.427639 244.596250 0.627297 -6.866474 0.499981 266.547962 0.114390 -46.435789 0.168941 76.477919 0.390549 -33.814017 3.913811 1.454335 5.909068 -16.110760
1 -92.043623 0.589443 57.138562 0.737353 298.907297 0.216643 -46.010087 0.589057 233.360564 0.319597 -16.050135 0.786601 108.653472 0.340725 -78.166949 2.708335 0.890638 5.355611 -16.110760
1 -64.695982 0.543304 30.546789 0.399689 255.609970 0.234713 -11.197273 0.541357 237.974199 0.376954 -5.540964 0.956660 172.888652 0.337834 -47.188575 3.764314 1.053139 5.134917 -16.110760
1 -1954.376108 0.115711 35.936393 0.332018 257.430504 0.088031 -74.451573 0.387698 295.404961 0.300403 -57.886754 1.636840 91.746753 0.361146 -8.672833 6.444731 0.722075 5.451901 -16.110760
1 -142.074211 0.396534 39.604853 0.351534 285.730243 0.469115 -52.620792 0.502514 238.616217 0.269728 2.129201 0.406329 115.991537 0.282199 -69.421859 1.988921 0.773196 6.044682 -16.128401
1 -204.827910 0.506641 60.969494 0.471201 273.925495 0.327829 -38.688358 0.412263 205.003315 0.346996 -4.606443 0.463442 154.745658 0.362043 -67.247778 3.708667 1.430191 5.405372 -16.128401
1 -103.187146 0.377138 25.071259 0.158833 248.300053 0.000329 -82.475145 0.490979 254.562220 0.522877 -13.051523 1.388084 156.694748 0.506149 -30.335150 2.860195 0.876828 5.545479 -16.128401
1 -37.976354 0.590165 45.770337 0.590593 310.045144 0.185256 -17.315092 0.929449 233.566276 0.379708 16.261693 0.532784 119.119023 0.105852 -50.247825 3.233144 0.827242 5.599945 -16.128401
1 -72.713844 0.410880 73.599388 0.142735 254.636035 0.399275 -3.062981 0.330091 195.057403 0.349361 -15.235531 1.283667 197.676802 0.445911 -60.482990 2.188291 1.691632 5.543910 -16.128401
1 -73.599962 0.450985 31.329230 0.334094 266.847443 0.188662 -82.196635 0.411545 260.861974 0.470966 -6.558318 0.412321 110.026253 0.334231 -33.928769 2.696944 0.795684 4.952254 -16.128401
1 -155.839345 0.147628 9.314187 0.409886 229.992769 0.512136 12.270033 0.562818 279.572455 0.134887 -42.548773 0.339643 93.993034 0.374624 -20.430998 4.753189 1.412774 5.640912 -16.128401
1 -45.342973 0.540664 64.215362 0.870128 304.714399 0.213368 -38.778827 0.736934 235.401353 0.315661 -13.170583 0.564863 102.636889 0.317936 -68.275394 2.889685 1.148173 5.126797 -16.128401
1 -67.729933 0.526837 35.115807 0.397491 256.353310 0.282654 -7.670512 0.508487 231.711957 0.354049 -7.850976 0.972121 175.748273 0.348078 -50.344325 3.603299 1.124550 5.215888 -16.128401
1 -35.727120 0.387519 51.596143 0.363814 288.919400 0.459190 -18.851198 0.685781 197.771759 0.351062 5.675080 0.562370 139.865573 0.238323 -65.851062 2.201269 1.021579 6.486116 -16.128401
1 -123.090130 0.418673 41.082078 0.362460 279.811627 0.420067 -53.618322 0.457425 239.179645 0.284298 2.579548 0.440372 125.590183 0.314117 -67.541210 2.197327 0.806307 5.919652 -16.162170
1 -195.896671 0.489592 59.143801 0.506257 274.862101 0.375967 -19.833013 0.487835 202.363988 0.302200 -4.456906 0.428326 154.798377 0.321417 -67.698795 3.890382 1.481292 5.645746 -16.162170
1 -112.268079 0.403569 27.704678 0.321361 253.309596 0.039994 -65.712959 0.409517 256.666638 0.490234 -21.871252 1.359797 148.232127 0.524753 -34.131239 2.860340 0.933558 5.419458 -16.162170
1 -44.530742 0.561627 38.351848 0.412584 298.581085 0.172829 -17.083427 0.872581 236.103462 0.397909 18.499112 0.561269 127.494458 0.157032 -40.583504 3.451523 0.878036 5.306829 -16.162170
1 -53.897421 0.451613 80.630852 0.277857 258.372434 0.349455 -14.567399 0.393108 208.894947 0.396326 -18.061016 1.328943 173.916444 0.423685 -63.135742 2.625073 1.719709 5.663562 -16.162170
1 -72.275624 0.437554 22.505316 0.436978 268.474668 0.179274 -82.653849 0.471647 257.480090 0.456522 -15.113658 0.348481 123.485065 0.357983 -36.744817 2.682404 0.853809 4.968708 -16.162170
1 -137.923175 0.142186 8.784076 0.460835 232.835905 0.522966 5.785961 0.566051 280.838589 0.129362 -44.150818 0.238251 86.550606 0.369465 -23.047152 4.787464 1.379544 5.675151 -16.162170
1 -71.825400 0.532043 60.122886 0.900689 298.150133 0.179419 -47.066556 0.726406 246.282033 0.326542 -18.919972 0.544437 103.310687 0.304090 -66.256579 3.013987 1.118677 5.069704 -16.162170
1 -86.215498 0.501704 50.603197 0.405729 264.879170 0.255231 -16.105097 0.587566 224.511299 0.465557 -27.498613 1.575569 192.583636 0.426174 -57.081843 2.591222 1.073277 4.995210 -16.162170
1 -232.694301 0.440264 47.242136 0.398583 294.453369 0.387230 -41.123584 0.768336 196.915968 0.397406 5.991838 0.791511 152.529768 0.316884 -70.508954 1.742370 0.989661 6.596652 -16.162170
1 -268.845932 0.456133 45.621096 0.432505 280.542940 0.391903 -64.898711 0.444933 232.361789 0.301833 8.028003 0.424461 125.755088 0.344790 -70.481105 2.240653 0.919051 5.851919 -16.216009
1 -50.500293 0.460937 53.718867 0.484818 268.174992 0.396900 -17.312095 0.530558 208.712413 0.321786 -7.882641 0.481792 151.589274 0.359198 -62.554443 4.080132 1.577172 5.570627 -16.216009
1 -96.969661 0.374692 17.892851 0.175481 243.424084 0.076745 -72.900071 0.402692 242.703260 0.514938 -15.659550 1.326812 167.073187 0.538816 -31.377367 2.539242 0.833613 5.802054 -16.216009
1 -53.466960 0.591451 43.898455 0.654766 307.685451 0.102763 -15.292808 0.912718 244.001121 0.482143 14.103177 0.698677 133.746442 0.164208 -47.343444 3.652369 0.928135 5.225335 -16.216009
1 -41.043851 0.404793 74.545164 0.108868 251.795272 0.427341 6.201617 0.442850 199.811799 0.397408 -1.534240 1.257325 195.796359 0.350277 -53.188499 3.285862 1.921871 5.880543 -16.216009
1 -84.345586 0.494338 24.137064 0.389389 261.007076 0.137523 -74.439159 0.462204 240.598295 0.440814 -21.131281 0.470437 142.614139 0.493147 -39.165896 2.798673 0.882910 4.855949 -16.216009
1 -139.737001 0.168400 15.077778 0.416866 234.853417 0.462938 6.812399 0.658282 282.877356 0.114890 -47.805858 0.231270 85.415253 0.408671 -24.843161 4.688043 1.364769 5.610723 -16.216009
1 -61.639595 0.499519 65.248791 0.773102 296.994861 0.177702 -41.469440 0.710634 236.803867 0.334480 -25.016579 0.642932 106.162566 0.327627 -70.314158 2.869865 1.358508 4.908689 -16.216009
1 -62.554860 0.594743 59.334214 0.611852 282.684588 0.129371 -12.136732 0.568120 229.390405 0.566907 4.124840 1.480276 188.535370 0.288341 -49.241326 3.655889 1.128142 4.507115 -16.216009
1 -65.242210 0.399510 43.649574 0.491026 291.800834 0.415250 -38.248230 0.798776 190.080954 0.361777 -5.229246 0.697011 157.712492 0.303145 -70.641429 2.089393 0.880489 6.713216 -16.216009
1 -131.935876 0.509274 48.846948 0.519424 291.520943 0.353958 -69.149016 0.473810 230.494459 0.372623 10.055760 0.669123 135.580678 0.317544 -74.627614 1.835537 0.797743 5.560684 -16.321827
1 -51.396442 0.494594 59.484043 0.458456 278.955674 0.307976 -20.158082 0.485969 217.073135 0.354731 -6.088881 0.377694 128.229245 0.393615 -58.943726 4.075616 1.376757 5.356494 -16.321827
1 -103.460573 0.344029 16.087114 0.164841 242.600701 0.107451 -76.357256 0.371998 243.310656 0.492420 -15.373019 1.188254 168.118994 0.554145 -34.852973 2.477655 0.837093 5.980636 -16.321827
1 -57.012449 0.651565 41.367433 0.729388 311.430781 0.074506 -19.687454 0.885515 246.305982 0.512788 21.160194 0.639260 136.820937 0.149246 -49.061655 3.944681 0.837985 4.943989 -16.321827
1 -43.365092 0.384605 70.941681 0.103304 248.602177 0.469885 4.033362 0.407032 206.853627 0.365542 -2.707821 1.174662 189.345466 0.356208 -52.607358 3.231678 1.866973 5.838657 -16.321827
1 -84.835387 0.527997 24.720094 0.386140 262.077217 0.099776 -72.485530 0.476885 241.061213 0.478769 -16.021724 0.505510 149.906013 0.477362 -37.409573 2.923575 0.901074 4.760563 -16.321827
1 -57.534401 0.233563 14.648218 0.394010 250.616376 0.437158 -4.352235 0.463214 268.703308 0.150819 -40.657575 0.574340 79.227431 0.398667 -22.711627 5.118146 1.107630 5.278334 -16.321827
1 -250.986868 0.487845 62.038784 0.839310 299.800952 0.181674 -48.133242 0.757723 233.195825 0.335113 -25.033317 0.605750 108.284512 0.349789 -77.121031 2.294767 1.156004 5.150327 -16.321827
1 -47.534605 0.462314 65.169959 0.674490 287.172321 0.273007 -6.189767 0.642743 208.233683 0.469803 -22.016656 1.654202 184.747390 0.346377 -57.375954 2.989455 1.394849 5.071309 -16.321827
1 -80.319016 0.438799 45.214416 0.555057 293.095037 0.315607 -25.606396 0.806328 206.665226 0.398076 11.413351 0.493407 151.066517 0.345386 -66.392800 2.261130 0.885126 6.718019 -16.321827
1 -120.513500 0.470182 49.109898 0.548349 290.303531 0.394167 -65.889379 0.456072 232.592417 0.316910 2.648461 0.622404 123.274160 0.329466 -76.085771 1.989484 0.829356 5.590884 -16.448599
1 -59.120545 0.520640 55.344305 0.597349 290.663276 0.212854 -24.422208 0.519509 226.628070 0.373429 -5.840340 0.449199 121.977669 0.358110 -58.001758 4.146784 1.175457 5.174891 -16.448599
1 -67.764424 0.306074 24.495697 0.142876 235.437951 0.162725 -54.655296 0.366795 233.132523 0.488383 -12.040793 1.294039 181.338088 0.492518 -35.762751 2.764771 1.000097 6.167654 -16.448599
1 -61.274254 0.663757 39.757154 0.824737 321.295036 0.028248 -5.539420 1.041256 245.391131 0.580501 20.200922 0.768644 146.024954 0.137997 -43.544073 3.893858 0.749912 4.948728 -16.448599
1 -42.820121 0.356836 65.822330 0.062238 244.493755 0.488601 3.414173 0.400656 210.927906 0.356144 -1.566716 1.184443 188.706453 0.352476 -50.028027 3.198962 1.810204 5.988209 -16.448599
1 -48.263206 0.437533 25.041148 0.428248 252.762524 0.273572 -66.300264 0.530214 255.627118 0.284143 -43.857616 0.259015 114.576647 0.368389 -43.282544 3.216430 0.948708 4.571872 -16.448599
1 -50.066796 0.250856 12.938282 0.458111 247.363961 0.423894 -10.141663 0.525889 281.622837 0.139283 -48.782978 0.348139 63.735791 0.364989 -29.004351 5.188436 1.057775 5.133864 -16.448599
1 -71.840345 0.500425 53.586641 0.801618 298.931857 0.068240 -41.917096 0.838325 240.429207 0.424535 -12.286344 0.643769 119.330187 0.341051 -66.302213 2.654355 1.099554 5.348654 -16.448599
1 -54.779630 0.454556 66.085724 0.692498 299.660015 0.344462 -14.625619 0.604912 199.288154 0.400232 -17.089477 1.614545 158.113075 0.328758 -71.989137 2.295782 1.029227 5.602223 -16.448599
1 -252.877952 0.461872 56.661076 0.594987 300.563827 0.330919 -19.699997 0.844602 199.028064 0.404561 16.819561 0.562101 157.254689 0.309137 -74.112334 2.012783 0.992227 6.763916 -16.448599
1 -31.102909 0.386014 74.993421 0.181721 238.100185 0.564146 15.447558 0.524757 233.665213 0.272818 -13.321580 0.604785 154.704662 0.259943 -59.034764 3.136710 1.910379 5.046749 -16.729013
1 -238.586230 0.529405 52.191821 0.565536 283.180407 0.207735 -30.550537 0.564421 234.449699 0.355013 -2.242476 0.106153 115.315824 0.365836 -55.246595 4.433804 1.166049 4.934035 -16.729013
1 -88.964368 0.334109 28.440701 0.206765 245.437076 0.110535 -67.184196 0.453978 231.089772 0.564697 -8.406164 1.304251 192.193083 0.502106 -43.433090 2.142884 0.871281 6.084933 -16.729013
1 -55.059403 0.659824 35.367655 0.785651 316.029545 0.021974 0.434456 0.996743 239.533821 0.583605 19.233848 0.792398 156.729431 0.127159 -34.413816 3.889808 0.770536 4.473044 -16.729013
1 -61.144449 0.417647 63.701054 0.064010 247.472711 0.390941 -2.692438 0.371017 201.529017 0.494304 13.397195 1.454988 218.554158 0.362264 -51.392364 2.803185 1.652210 6.173125 -16.729013
1 -51.000026 0.498244 28.703393 0.383804 263.939110 0.158000 -75.604422 0.592338 237.742658 0.430458 -26.500252 0.595809 150.382963 0.346789 -40.910141 2.527957 0.845956 4.663579 -16.729013
1 -54.186743 0.236407 12.431369 0.422546 243.348769 0.410410 -6.459392 0.529897 283.505695 0.149064 -44.820465 0.320389 69.710606 0.369168 -26.992108 5.120250 1.023372 5.324859 -16.729013
1 -71.394686 0.460197 58.839424 0.683047 290.169185 0.133461 -29.947429 0.804251 233.886248 0.414811 -6.267955 0.648626 130.280314 0.354749 -68.306593 2.580443 1.242128 5.860800 -16.729013
1 -43.689966 0.488631 69.860045 0.531405 289.213006 0.457234 1.490736 0.482836 198.832341 0.386381 3.999320 1.606176 175.449905 0.283854 -66.898595 2.950248 1.562843 5.564019 -16.729013
1 -251.368573 0.487778 55.271618 0.631218 303.867968 0.289389 -28.751580 0.851888 200.486450 0.404757 14.823884 0.387417 149.874784 0.314745 -74.602672 2.044911 0.914526 6.599966 -16.729013
1 -37.648871 0.399354 79.477062 0.187358 239.020439 0.572745 14.748318 0.493990 234.284990 0.282900 -10.291188 0.802273 162.245526 0.267881 -59.953085 3.003049 2.031961 5.281410 -16.911916
1 -60.688115 0.529876 52.907465 0.574136 285.932714 0.211515 -28.659775 0.562330 233.733430 0.351601 -1.950454 0.117360 113.505273 0.360937 -55.184981 4.474555 1.176742 4.905483 -16.911916
1 -76.871970 0.332976 22.328705 0.110533 235.795290 0.249099 -67.349475 0.406820 233.235522 0.526740 -12.726230 1.101158 192.650644 0.495944 -42.455105 2.063448 0.903814 5.771950 -16.911916
1 -63.775309 0.649001 43.590699 0.799181 332.712638 0.055774 -1.645476 0.897535 234.835077 0.618695 13.093916 0.869045 137.192227 0.151545 -30.397656 3.901125 0.791474 4.172999 -16.911916
1 -60.413947 0.428098 60.450055 0.088488 253.111521 0.376499 -10.079561 0.455540 197.152323 0.538949 9.737499 1.521860 222.379237 0.354383 -51.274317 2.573126 1.545149 6.259744 -16.911916
1 -49.726611 0.465332 28.624019 0.409539 263.555906 0.201885 -70.529990 0.575703 242.452403 0.359594 -32.056169 0.482023 131.387505 0.357013 -42.365061 2.802217 0.862789 4.753621 -16.911916
1 -134.802388 0.224480 19.861186 0.362856 226.928775 0.449378 9.255273 0.628116 281.099513 0.230904 -52.993377 0.838825 107.921009 0.292624 -24.542562 4.554277 1.675584 5.602546 -16.911916
1 -58.695848 0.483455 59.606317 0.695706 293.239989 0.020362 -35.085805 0.757086 230.589870 0.513982 -4.907754 0.655202 139.254702 0.333333 -58.902303 2.697677 0.894681 5.659716 -16.911916
1 -50.542367 0.521809 69.207859 0.511597 292.522552 0.396149 -2.604619 0.487399 185.715383 0.424069 7.490215 1.712753 193.204355 0.305486 -68.516962 2.761376 1.609739 5.649239 -16.911916
1 -53.920685 0.448393 53.104559 0.300827 267.761187 0.323738 2.635696 0.455224 204.557426 0.505667 16.029666 1.231776 198.897754 0.265591 -54.849759 2.423216 1.034138 6.230040 -16.911916
1 -28.952025 0.452872 73.880001 0.200620 247.166231 0.596182 14.175801 0.441762 231.057169 0.231225 -8.950342 0.841211 153.113755 0.253862 -56.992352 3.252742 2.190093 4.834379 -17.198490
1 -53.587631 0.546867 48.182523 0.626212 290.452758 0.179303 -36.323887 0.613618 241.165341 0.336082 -2.762134 0.078392 103.440575 0.294257 -54.237335 4.529194 1.054955 4.842552 -17.198490
1 -101.105971 0.360625 12.848651 0.095343 237.519909 0.224339 -80.047796 0.459933 239.313749 0.548060 -15.403023 1.100842 205.315506 0.496981 -43.113922 1.746190 0.843635 5.578462 -17.198490
1 -62.139549 0.639900 43.515612 0.835533 331.715001 0.070492 0.733390 0.914090 241.806618 0.583282 8.410292 0.806755 126.189813 0.137248 -28.834797 3.992019 0.853907 4.044863 -17.198490
1 -65.196684 0.423738 64.510539 0.085819 255.525041 0.347573 -5.868213 0.453210 190.722170 0.567196 13.077119 1.564631 230.485062 0.337249 -54.910629 2.315121 1.492834 6.416252 -17.198490
1 -54.035573 0.589235 21.288807 0.594202 291.689917 0.155909 -67.521439 0.730774 259.495091 0.347417 -33.139095 0.143204 95.425565 0.258758 -29.270073 3.698073 0.779745 3.410638 -17.198490
1 -87.219960 0.251123 21.691325 0.339930 229.304955 0.507127 10.696174 0.598289 278.756361 0.215847 -50.014034 0.829161 113.339069 0.277467 -24.213431 4.602421 1.770402 5.319857 -17.198490
1 -34.344086 0.429021 65.896846 0.592047 275.430660 0.219187 4.629069 0.726134 237.823793 0.379389 -15.781307 0.682021 123.792095 0.282274 -60.013442 3.461763 1.398990 5.672399 -17.198490
1 -46.568945 0.512925 67.783633 0.484933 288.696682 0.436743 1.644168 0.476681 188.449285 0.399062 4.753825 1.721997 191.380455 0.294055 -66.377280 2.872132 1.689830 5.577994 -17.198490
1 -28.861219 0.532537 61.383559 0.108459 263.044765 0.457171 28.368569 0.557980 206.868282 0.398022 1.099060 0.950511 181.782014 0.194698 -60.289455 3.471514 1.524782 5.384540 -17.198490
1 -42.487354 0.424511 69.126231 0.113451 233.310363 0.557288 13.215176 0.528462 232.336707 0.306733 -12.201269 0.814323 172.231656 0.268051 -60.706182 3.047028 1.990641 4.699530 -17.628607
1 -54.072575 0.543087 48.951770 0.628475 290.127080 0.203706 -37.438582 0.591281 239.124940 0.330879 -1.893048 0.160473 107.797702 0.298951 -54.441384 4.432098 1.124042 4.772617 -17.628607
1 -76.166922 0.423620 4.999807 0.312490 243.992730 0.214513 -87.653795 0.476518 255.378625 0.476696 -32.886503 1.056475 170.065413 0.438392 -37.810562 2.310611 0.947945 5.030166 -17.628607
1 -68.609194 0.569782 40.028416 0.805016 320.010262 0.054178 -3.048793 0.899044 248.000620 0.605079 5.027440 0.934244 134.808949 0.188348 -31.036891 3.586356 0.843669 4.472854 -17.628607
1 -69.290403 0.417190 64.058966 0.207416 265.108291 0.295630 -13.262509 0.448203 190.152381 0.574072 14.082725 1.486665 222.736392 0.351667 -56.079181 2.417148 1.401985 6.432102 -17.628607
1 -54.825720 0.625221 21.304161 0.708994 296.703784 0.149555 -65.115574 0.734336 264.138898 0.358441 -23.109109 0.123309 98.765893 0.229841 -28.784092 3.672067 0.768834 3.438608 -17.628607
1 -37.150641 0.473184 71.934024 0.366695 256.602764 0.624973 14.653647 0.396828 228.597908 0.258528 -16.712097 1.149593 170.245969 0.258384 -52.918373 2.919621 2.171257 5.014408 -17.628607
1 -24.872713 0.406066 75.725887 0.483066 270.606930 0.283255 9.218127 0.566917 217.934705 0.314032 -17.094296 1.004725 138.661146 0.286307 -65.146978 3.432913 1.530268 6.555672 -17.628607
1 -49.050315 0.461186 73.609823 0.491544 279.737350 0.462122 -0.298934 0.394415 188.662193 0.362150 3.084851 1.793590 191.760107 0.301437 -71.309488 2.875483 1.826224 5.891688 -17.628607
1 -39.662901 0.606716 53.523987 0.350515 291.291382 0.228932 1.116249 0.613802 215.937677 0.432934 4.810405 0.578453 143.238947 0.227772 -54.218938 4.286322 0.981624 5.783678 -17.628607
1 -42.322086 0.508303 50.019929 0.090211 232.389079 0.579535 13.908495 0.578812 257.257189 0.292778 -22.506247 0.718344 152.769020 0.201492 -53.481531 3.215292 1.481979 4.106155 -18.056603
1 -48.609509 0.543511 53.151775 0.619606 288.327582 0.226042 -31.195768 0.601641 240.035781 0.297582 -3.600463 0.082079 102.231911 0.287319 -56.541036 4.538304 1.189856 4.728981 -18.056603
1 -30.743841 0.438691 17.301880 0.216155 233.726022 0.276612 -60.000996 0.653863 226.787517 0.480583 -52.664178 1.109069 189.001858 0.374017 -51.200724 2.427615 1.074270 5.075957 -18.056603
1 -64.157171 0.606323 46.582945 0.758126 329.426978 0.052234 -24.909214 0.736487 230.456068 0.695366 7.111234 1.260444 146.317494 0.151141 -29.942269 2.801196 0.819853 4.471912 -18.056603
1 -71.312621 0.400521 65.468432 0.100508 249.615523 0.500524 -13.158056 0.278164 189.776384 0.409296 4.081462 1.225714 214.247758 0.359338 -61.442652 2.633150 1.810734 6.328913 -18.056603
1 -51.304352 0.619023 19.290092 0.750128 290.407228 0.134638 -69.342083 0.696164 265.546565 0.346930 -24.672327 0.069938 93.702778 0.232213 -28.975316 3.849550 0.809547 3.433809 -18.056603
1 -39.179206 0.517275 57.261366 0.212934 264.515184 0.658132 16.225082 0.355327 224.447476 0.298986 -23.100241 0.972435 167.812487 0.202344 -55.243453 3.131582 1.996425 4.888551 -18.056603
1 -31.594312 0.442966 70.214834 0.415425 271.078656 0.365050 22.942200 0.581275 237.027185 0.280156 -30.146315 0.631487 120.343581 0.217139 -57.448844 3.709306 1.617649 6.048483 -18.056603
1 -31.478033 0.403904 81.315845 0.506243 269.042372 0.462964 0.988642 0.496427 208.023729 0.309047 5.226847 1.609996 184.355900 0.270065 -62.748915 3.096353 1.927967 5.941788 -18.056603
1 -55.592198 0.593720 49.067687 0.307908 289.053340 0.348831 15.496284 0.532286 188.643806 0.447257 -8.066134 1.006625 184.150759 0.258923 -62.236229 3.661452 1.107029 5.081068 -18.056603
1 -45.211338 0.504774 47.873026 0.076305 228.628119 0.606699 13.017120 0.561505 268.703316 0.259499 -30.591370 0.593301 140.361041 0.187338 -50.841396 3.173467 1.563964 4.040667 -18.432242
1 -36.031073 0.590334 60.119849 0.710622 304.951033 0.183546 -24.960582 0.618039 230.470616 0.299705 4.000225 0.094096 90.192449 0.242613 -64.293811 4.809695 1.111085 4.902812 -18.432242
1 -30.033348 0.426594 19.430071 0.167175 228.048800 0.304114 -53.402230 0.643212 227.609552 0.447573 -56.760366 1.039846 186.339520 0.377869 -54.090293 2.509081 1.120203 5.222921 -18.432242
1 -54.074683 0.549841 42.827610 0.795787 322.123138 0.065347 -20.193489 0.793610 243.217149 0.664700 -5.302610 1.140552 121.857340 0.088390 -19.469656 3.055645 0.851632 3.846228 -18.432242
1 -41.453494 0.444773 61.490313 0.520308 282.397239 0.192473 5.453106 0.635072 251.297309 0.350258 -38.546136 0.539216 96.082824 0.200490 -48.073234 3.543741 1.277873 5.670771 -18.432242
1 -45.778982 0.594194 17.224457 0.724314 281.626415 0.156253 -63.015237 0.731926 269.334247 0.332749 -27.134272 0.090289 89.014489 0.230113 -26.216912 3.864267 0.895660 3.420375 -18.432242
1 -36.555574 0.542723 58.744115 0.370567 277.912755 0.567736 17.808309 0.500119 225.955792 0.326913 -17.344662 0.902259 154.090466 0.181064 -50.951512 3.427987 1.851782 5.335164 -18.432242
1 -37.805828 0.467319 67.380705 0.460707 275.890621 0.469914 9.403350 0.559060 193.399431 0.413610 5.925543 1.459332 202.806442 0.248431 -58.995792 3.306665 1.864870 5.653545 -18.432242
1 -34.476846 0.304248 88.814928 0.574382 256.494155 0.405096 0.545003 0.564915 239.421911 0.256470 -10.624768 1.604627 155.867671 0.243149 -61.716198 2.847407 2.189377 6.686295 -18.432242
1 -52.283285 0.623772 38.950888 0.223050 277.920475 0.298554 21.555647 0.584149 208.400317 0.449690 -26.309249 0.604351 168.843110 0.268269 -57.106623 3.760715 0.882358 5.180949 -18.432242
1 -64.720429 0.520803 47.407353 0.103165 232.192130 0.631378 9.697425 0.511569 279.391512 0.223715 -26.966573 0.466368 122.742651 0.201469 -53.604451 3.287315 1.165653 3.791092 -18.793384
1 -38.291876 0.590964 60.072670 0.672514 294.634886 0.216499 -22.622471 0.587029 232.693425 0.286056 10.027988 0.127006 97.361121 0.257941 -63.875119 4.793071 1.132496 4.701611 -18.793384
1 -31.960058 0.443577 18.817491 0.177579 229.122000 0.286836 -54.401668 0.663648 232.648747 0.438199 -60.177721 1.019386 180.512299 0.388171 -53.916176 2.667963 1.142623 5.235764 -18.793384
1 -35.811892 0.526197 63.374202 0.469085 272.199530 0.513164 22.176474 0.420132 210.258696 0.356931 -4.412356 1.023043 177.303804 0.184222 -52.910157 3.570475 1.479985 5.272762 -18.793384
1 -44.358062 0.450003 45.279710 0.525938 292.785403 0.149953 -11.999652 0.531785 245.052377 0.316142 -44.191123 0.059066 73.601337 0.202291 -39.634448 3.812286 0.797807 5.470960 -18.793384
1 -47.076270 0.570548 19.284483 0.697414 280.636293 0.155782 -62.966538 0.742810 268.458171 0.342070 -27.023542 0.153945 95.257254 0.234773 -29.784647 3.870659 0.824864 3.484876 -18.793384
1 -38.611103 0.447082 63.654808 0.406323 265.857107 0.510254 7.981567 0.478337 240.159808 0.323095 14.224796 0.543654 125.997489 0.218901 -50.945206 3.948038 1.233684 5.081287 -18.793384
1 -36.267658 0.436552 68.596081 0.414477 276.080626 0.401442 12.380915 0.589566 218.880533 0.420554 -3.699693 1.390326 175.695625 0.219046 -53.852176 3.230457 1.850828 5.698322 -18.793384
1 -38.650604 0.251375 74.153597 0.279681 240.441424 0.545254 15.430147 0.572222 249.343504 0.299210 -23.520069 1.975339 187.843388 0.199570 -49.150228 2.041354 2.112924 6.460814 -18.793384
1 -27.444806 0.603291 52.309606 0.335322 281.405932 0.269609 26.073844 0.548613 174.262843 0.519226 -26.505754 0.880834 189.174004 0.266476 -68.971744 3.708345 1.170768 6.079023 -18.793384
1 -59.554184 0.403281 55.865395 0.120390 242.430977 0.497535 6.147258 0.633955 262.268554 0.323706 -29.666061 1.077157 143.794688 0.234485 -50.525049 2.866070 1.425399 4.751437 -19.165544
1 -35.313611 0.596042 62.797488 0.631073 294.306289 0.233170 -17.243435 0.568440 225.134706 0.305701 12.159704 0.216969 101.121388 0.261986 -70.206652 4.790447 1.116270 4.982027 -19.165544
1 -30.716887 0.430163 16.891082 0.178804 226.388554 0.262880 -61.083547 0.712071 238.790464 0.441019 -58.064595 1.017675 176.180675 0.378892 -51.610921 2.618091 1.141535 5.146420 -19.165544
1 -29.788168 0.529303 54.416685 0.449947 267.835647 0.496691 17.431376 0.397673 214.942553 0.343068 -11.541341 0.902783 164.271795 0.202507 -54.658609 3.561699 1.295427 5.210143 -19.165544
1 -47.699258 0.440473 45.569125 0.451987 290.241865 0.175352 3.294206 0.460394 247.919397 0.267093 -48.631188 0.272979 84.364555 0.155132 -40.179966 3.470277 0.913662 5.512675 -19.165544
1 -47.655293 0.574387 20.308744 0.735448 285.590347 0.163035 -62.973104 0.748397 268.183344 0.327566 -24.743405 0.120150 91.109897 0.223926 -29.550775 3.915082 0.830942 3.476477 -19.165544
1 -62.855688 0.612187 45.476947 0.135009 235.672755 0.552212 21.215550 0.483382 242.961606 0.291151 -60.919599 1.352455 194.800534 0.150799 -61.066284 2.711178 1.782838 4.705613 -19.165544
1 -35.546618 0.464052 61.651258 0.442612 281.338753 0.362068 4.399105 0.566814 215.986330 0.411300 -9.302318 1.258122 165.365361 0.228371 -51.791046 3.413099 1.445740 5.342271 -19.165544
1 -34.349632 0.274073 77.718328 0.347951 244.650107 0.522658 13.905792 0.629502 241.250224 0.310381 -12.857667 2.072920 197.493665 0.198700 -51.841235 2.248412 2.117596 6.498094 -19.165544
1 -38.301981 0.535166 60.462581 0.568381 305.771707 0.116110 14.445815 0.570775 168.203699 0.521621 -14.984054 0.693473 163.171917 0.273953 -63.602713 4.052003 1.236641 6.767682 -19.165544
1 -41.708938 0.508856 54.614356 0.423420 258.055884 0.502954 6.575344 0.605342 259.250953 0.342870 -3.402062 0.835680 124.167477 0.196955 -52.857392 3.864791 1.221151 4.764171 -19.523944
1 -34.987099 0.597987 63.495381 0.626035 294.671657 0.228471 -15.663004 0.572835 224.526188 0.310010 11.370168 0.210631 100.911744 0.258518 -70.708760 4.796455 1.117157 4.995648 -19.523944
1 -39.798193 0.393464 17.682472 0.127177 226.174304 0.295070 -59.324404 0.628656 242.390510 0.418465 -60.870066 1.140701 183.997655 0.380711 -57.034813 2.317838 1.113103 5.329940 -19.523944
1 -43.713613 0.301510 69.118724 0.309996 252.083603 0.557340 9.488693 0.488071 225.808939 0.289555 -4.269862 1.794444 192.638199 0.280183 -51.818391 2.587026 1.820143 6.405000 -19.523944
1 -45.938623 0.415144 45.992671 0.391207 280.786236 0.105318 2.189045 0.508422 254.100178 0.343265 -65.027973 0.271803 81.919776 0.167954 -39.542496 3.154868 1.019380 5.233167 -19.523944
1 -46.193477 0.581589 19.829235 0.744710 283.114977 0.169557 -61.490343 0.749017 269.259923 0.325063 -25.476651 0.154483 90.383283 0.222080 -28.466983 3.836625 0.812699 3.532375 -19.523944
1 -52.244598 0.629281 47.518641 0.106442 240.520220 0.546297 25.188532 0.444244 236.979621 0.287873 -58.150377 1.292740 198.915519 0.163317 -60.976982 2.757844 1.844024 4.566455 -19.523944
1 -35.410298 0.298404 72.654514 0.395470 268.820098 0.457266 5.387711 0.530174 221.148675 0.334677 3.135315 1.709354 175.285844 0.244250 -41.770800 2.838902 1.618578 5.905441 -19.523944
1 -32.520715 0.299177 79.228179 0.390504 261.684107 0.367094 7.167184 0.686361 226.131191 0.351237 -11.747844 1.662905 183.651480 0.253754 -54.041163 2.655347 1.861655 6.418865 -19.523944
1 -23.659856 0.589094 55.470427 0.434617 295.994141 0.124009 10.858589 0.661102 196.675811 0.565901 -30.914517 0.428396 138.495709 0.232596 -67.963191 4.026333 1.174699 5.461562 -19.523944
1 -38.580389 0.384520 58.086792 0.366241 277.575297 0.520518 -2.875849 0.673918 243.723555 0.345618 3.615541 0.732511 112.876290 0.165386 -52.681511 3.597521 1.438225 4.599381 -19.971494
1 -39.541391 0.576499 62.040634 0.585225 287.666277 0.224075 -16.462824 0.502992 229.177021 0.278285 8.292462 0.285146 105.119036 0.249277 -65.980329 4.708722 1.189581 5.213073 -19.971494
1 -31.962146 0.395828 11.752385 0.155638 230.279230 0.256578 -58.098292 0.745399 238.660565 0.460278 -63.345854 0.892128 170.697144 0.369723 -56.714829 2.347949 1.059290 5.292931 -19.971494
1 -38.745752 0.247217 72.263860 0.450254 255.471671 0.612432 -4.082822 0.568815 255.364460 0.319498 35.544111 1.598978 142.587246 0.276462 -46.957965 3.503804 1.459102 6.246206 -19.971494
1 -42.136170 0.490277 48.571820 0.423485 284.879465 0.117566 15.384222 0.455304 236.132368 0.302285 -69.465754 0.212528 103.803637 0.170324 -43.118810 3.143602 1.078501 5.087720 -19.971494
1 -40.529723 0.631510 48.073206 0.124161 245.258684 0.538700 26.799917 0.418176 230.441530 0.289028 -61.218275 1.276268 199.629742 0.168468 -59.813606 2.811850 1.912513 4.540777 -19.971494
1 -46.533025 0.650040 47.076497 0.077145 243.133271 0.537326 25.286100 0.420344 238.955064 0.300914 -62.078874 1.231303 191.459136 0.143244 -62.027256 2.866564 1.767281 4.564782 -19.971494
1 -48.755269 0.350931 59.256550 0.271588 265.963289 0.488127 12.318202 0.476596 239.349253 0.340759 -16.887440 1.553230 164.612626 0.201017 -36.725608 2.831352 1.671802 5.242588 -19.971494
1 -29.074365 0.344342 77.129967 0.378509 261.055426 0.353345 1.314854 0.685453 220.789583 0.297695 -7.794401 1.378666 173.404544 0.262863 -61.280200 2.744037 1.669130 6.103821 -19.971494
1 -35.465254 0.589291 50.837725 0.389335 296.328487 0.206840 24.427897 0.681544 210.482435 0.590738 -30.204714 0.411840 138.234938 0.223637 -65.555979 3.972533 1.035721 5.469836 -19.971494
1 -25.095010 0.383151 62.183840 0.386745 270.475399 0.533524 -3.403600 0.700100 238.332940 0.373880 9.679562 0.905337 131.237401 0.177179 -56.491753 3.647226 1.580235 4.407916 -20.631485
1 -41.326968 0.549548 59.470144 0.597445 306.104933 0.302693 -20.794722 0.497232 228.644508 0.345740 13.609946 0.211726 90.730885 0.201586 -68.419489 5.390349 1.252590 4.856640 -20.631485
1 -31.693051 0.380631 11.247050 0.146578 227.000173 0.370471 -62.416438 0.715452 243.556376 0.475362 -53.279017 1.084012 174.650731 0.369170 -55.652851 2.720988 1.192786 5.089756 -20.631485
1 -35.382862 0.218594 74.832075 0.566434 260.702261 0.635040 -3.005677 0.629767 255.300161 0.328573 48.819052 1.450360 130.980272 0.282777 -45.957767 3.643907 1.476297 6.182196 -20.631485
1 -34.308439 0.508605 40.469082 0.404340 276.149121 0.142497 22.216086 0.513370 230.760552 0.330290 -63.307707 0.248778 121.696454 0.113151 -46.175923 2.858987 1.125048 4.561615 -20.631485
1 -43.793206 0.403370 60.643889 0.365851 245.740827 0.667692 6.279385 0.483850 243.099953 0.341875 -13.452728 1.583312 177.110995 0.186940 -54.590594 3.964449 2.033059 4.842263 -20.631485
1 -39.955505 0.625454 49.224313 0.149746 257.203986 0.492876 28.099398 0.427489 235.282934 0.326007 -51.400939 1.022204 171.724750 0.133290 -54.984950 2.970129 1.654039 4.421354 -20.631485
1 -48.174560 0.198527 61.130711 0.353899 253.396128 0.595752 4.168997 0.541593 252.038631 0.366228 12.060931 1.948637 168.381469 0.263758 -28.581017 2.720900 1.619877 5.890069 -20.631485
1 -33.268347 0.347849 83.832351 0.346793 249.491948 0.459428 21.467858 0.616910 229.745048 0.292604 -18.128503 1.768609 194.554093 0.246994 -52.057945 2.251743 2.038328 5.999878 -20.631485
1 -35.144638 0.590990 39.588340 0.357441 274.041603 0.349796 27.257336 0.676043 224.725488 0.603078 -28.689487 0.499632 148.185487 0.173213 -67.563136 4.092486 1.015420 5.283736 -20.631485
1 -32.546705 0.469020 41.908357 0.309281 273.106684 0.380383 8.105885 0.673014 236.428770 0.400863 -25.680723 0.396969 119.136240 0.122857 -51.898503 3.184129 1.173287 4.003311 -21.257975
1 -42.014334 0.622785 60.087267 0.656042 307.825951 0.219399 -20.554136 0.448299 224.784823 0.358315 6.419185 0.109226 93.704637 0.250706 -65.965219 5.186902 1.081276 4.687036 -21.257975
1 -30.658529 0.392887 12.764578 0.119294 232.007500 0.331204 -61.135618 0.735129 238.172607 0.479765 -55.661436 0.977703 172.815754 0.353184 -56.212566 2.570520 1.116789 4.968488 -21.257975
1 -31.292671 0.222438 73.279695 0.543331 255.284198 0.600456 -11.242803 0.678134 253.574806 0.361719 45.090611 1.494499 132.104762 0.310184 -51.254453 3.640244 1.493014 6.204247 -21.257975
1 -39.852952 0.290365 56.344995 0.568412 269.305355 0.351675 13.625731 0.480649 247.488472 0.193916 -4.951131 0.757816 106.525144 0.186103 -33.219240 3.528983 1.530251 5.947173 -21.257975
1 -49.298246 0.387603 65.778213 0.338431 241.804172 0.671395 8.424363 0.505903 244.638364 0.318718 -17.844334 1.672377 182.698288 0.181805 -55.494478 3.631376 2.237163 4.637320 -21.257975
1 -39.937370 0.594420 48.761610 0.149985 251.147791 0.508881 26.601797 0.444815 237.263506 0.341741 -49.765832 1.160235 178.433154 0.158926 -54.051568 2.845249 1.647453 4.712582 -21.257975
1 -38.443050 0.119424 87.154253 0.552233 258.495884 0.689791 -3.106729 0.640471 260.233307 0.279517 71.748431 1.607412 139.013874 0.310176 -42.442244 3.200110 1.527406 6.714533 -21.257975
1 -33.635600 0.298898 83.788640 0.280926 243.276243 0.436327 19.486221 0.704471 233.990263 0.356122 -14.940412 1.725583 182.847416 0.224126 -62.949636 2.266741 1.940101 5.808935 -21.257975
1 -29.265222 0.514153 50.121878 0.214455 256.871748 0.491838 46.519813 0.686302 228.725991 0.588610 -23.080008 0.985457 173.639705 0.116354 -61.307386 3.190206 1.338828 5.659110 -21.257975
1 -29.151347 0.392666 39.956285 0.267742 261.602479 0.437203 -6.369421 0.694040 243.662456 0.382070 -19.525551 0.599854 127.486196 0.176150 -47.944420 2.851771 1.196390 4.162393 -21.897043
1 -41.922965 0.619676 61.842478 0.649569 307.270304 0.222267 -22.169188 0.456191 225.034360 0.358835 8.852245 0.128501 94.272191 0.261128 -66.450449 5.158519 1.092610 4.640703 -21.897043
1 -28.788976 0.369913 10.104731 0.147843 226.311311 0.335294 -64.639535 0.700724 242.897732 0.490163 -59.625550 0.912202 164.628617 0.370737 -53.195106 2.853477 1.128144 4.971975 -21.897043
1 -32.631272 0.504518 65.568736 0.224377 258.886966 0.551507 37.218019 0.717622 232.945423 0.583203 -5.393179 1.241826 188.762277 0.139997 -67.923743 2.976669 1.448914 6.193818 -21.897043
1 -37.160444 0.224103 55.799884 0.546350 268.844384 0.448948 11.347729 0.538229 245.768479 0.235532 -13.297659 0.869377 117.550549 0.134285 -35.766903 3.308874 1.285086 5.967750 -21.897043
1 -33.024617 0.161725 82.834497 0.499957 247.948129 0.684252 -8.920375 0.704656 262.260191 0.337321 62.227394 1.822367 145.342287 0.291191 -50.688387 3.122809 1.687580 6.464541 -21.897043
1 -38.314759 0.629193 46.780860 0.189894 255.811418 0.504873 27.866408 0.440205 236.437123 0.340717 -48.093070 0.944035 167.718274 0.130740 -52.650351 3.141634 1.682189 4.632679 -21.897043
1 -36.166895 0.120491 89.502607 0.520340 254.888212 0.671904 -4.986822 0.671024 258.254357 0.322602 65.244992 1.597341 144.856836 0.316757 -43.910190 3.147801 1.483513 6.819278 -21.897043
1 -22.520891 0.335763 79.220115 0.263524 249.285001 0.405736 23.318492 0.679427 232.734072 0.353938 -25.214949 1.560239 177.698978 0.206952 -61.408160 2.358299 1.884625 5.708175 -21.897043
1 -31.946517 0.516117 43.450508 0.242922 263.282732 0.426685 17.591467 0.678787 229.044453 0.542265 -24.346896 0.681271 151.729826 0.166420 -60.543817 3.397088 1.159538 4.748466 -21.897043
1 -28.361043 0.482957 44.022547 0.284405 267.194839 0.417548 -4.138018 0.708027 239.800991 0.463186 -21.311702 0.524261 132.906379 0.166070 -55.959387 2.989544 1.148288 4.002346 -22.506556
1 -47.844257 0.655384 61.773854 0.670052 310.733146 0.242404 -17.275340 0.463824 223.725638 0.367049 13.255657 0.137764 97.761104 0.237186 -74.869099 5.233577 1.148416 4.800226 -22.506556
1 -29.926946 0.348932 17.452665 0.168090 224.160040 0.385185 -62.721884 0.715103 246.264879 0.500954 -50.765270 1.081343 172.618716 0.374333 -53.479291 2.792073 1.205077 5.415482 -22.506556
1 -36.945686 0.568814 68.930694 0.196669 258.633329 0.563467 35.708646 0.754546 231.753256 0.655620 -2.257136 1.210749 194.212644 0.149483 -73.334486 3.048452 1.424477 5.933345 -22.506556
1 -34.142390 0.267514 48.509313 0.517495 270.430274 0.394191 11.334494 0.533660 241.961096 0.250713 -26.397575 0.754802 118.309818 0.135723 -38.963464 3.376609 1.173829 5.774800 -22.506556
1 -52.533592 0.278450 -73.681254 0.505457 261.087927 0.638746 -9.469412 0.713182 249.882251 0.383560 55.289664 1.518500 136.663481 0.292506 -46.608875 3.659208 1.955756 5.660685 -22.506556
1 -19.147506 0.377232 -89.663070 0.325121 251.162564 0.379866 25.473431 0.632353 231.017991 0.337493 -24.938625 1.471622 172.607118 0.192534 -64.037847 2.809646 1.697282 5.802814 -22.506556
1 -28.440819 0.022892 74.371407 0.162325 256.566600 0.678900 -9.864048 0.612060 250.009623 0.348491 50.287138 1.437327 122.479090 0.232986 -41.263051 2.386513 1.351075 6.552566 -22.506556
1 -21.570926 0.361394 78.545496 0.132994 246.177793 0.415782 32.415523 0.626779 224.241317 0.415173 -14.429501 1.497549 192.371613 0.178440 -64.078712 2.524619 1.732767 6.025826 -22.506556
1 -25.810291 0.633367 46.811949 0.179810 267.840899 0.351333 17.358255 0.693758 220.894749 0.582848 -34.871122 0.537956 156.882313 0.178997 -69.808451 3.459412 1.194176 4.172125 -22.506556
1 -26.615509 0.527985 54.365936 0.100059 264.477603 0.449378 27.632520 0.731784 225.034964 0.470397 -10.779387 0.507030 153.993697 0.145931 -68.803880 3.087359 1.327140 4.293873 -22.991749
1 -31.171619 0.360913 8.883989 0.206961 219.820190 0.376760 -66.900435 0.652520 245.591715 0.489829 -56.084307 0.972917 173.717329 0.391319 -54.685736 2.964528 1.085892 5.435818 -22.991749
1 -32.587591 0.356706 7.416347 0.162405 225.452304 0.403091 -62.280463 0.688667 242.122725 0.529461 -58.502139 1.042623 175.916943 0.399589 -57.346635 3.126540 1.270023 5.386911 -22.991749
1 -45.511724 0.669808 67.042724 0.139222 252.972848 0.554537 37.678599 0.718136 242.718163 0.615439 11.354265 1.227401 207.654459 0.124283 -74.543681 3.184063 1.758688 5.660405 -22.991749
1 -36.186073 0.216366 50.753753 0.683752 279.360029 0.376638 11.759125 0.584264 242.162276 0.182989 -20.152494 0.740232 104.726916 0.085360 -26.361569 3.611632 1.378255 5.532525 -22.991749
1 -32.249647 0.266373 -86.842225 0.516993 259.839536 0.632889 -10.232077 0.712900 249.947661 0.367468 54.126894 1.578035 137.700839 0.298471 -46.704617 3.612681 1.985207 5.729576 -22.991749
1 -18.997875 0.353111 87.515104 0.305904 251.572036 0.398953 11.992075 0.630308 233.567902 0.333228 -23.587537 1.425753 162.812947 0.211876 -60.164322 2.763079 1.548836 5.691677 -22.991749
1 -20.781205 0.031850 72.919337 0.181539 247.534337 0.744354 -8.118290 0.604168 260.242769 0.375052 55.536044 1.612894 133.370552 0.254973 -41.512708 2.805395 1.451018 6.948070 -22.991749
1 -23.490643 0.383852 73.212611 0.150382 252.644680 0.369805 20.887286 0.641548 219.948457 0.388127 -25.202532 1.416551 184.169064 0.223373 -62.502300 2.779863 1.772076 5.799473 -22.991749
1 -26.351938 0.606757 49.418074 0.250795 274.776585 0.333697 20.790890 0.650278 219.754849 0.502683 -27.943385 0.590046 143.200460 0.184925 -70.405445 3.737790 1.257225 4.310755 -22.991749
1 -19.418465 0.639820 48.057845 0.157504 273.319973 0.393653 35.340523 0.731604 219.337202 0.490028 -16.371444 0.236281 147.183344 0.115474 -73.397174 3.361525 1.193425 3.710214 -23.526702
1 -22.514143 0.028084 88.312080 0.093645 247.040913 0.740131 -13.714388 0.621945 257.930722 0.430410 37.759276 1.640479 138.304975 0.284149 -44.883582 2.875461 1.504915 6.934788 -23.526702
1 -36.491985 0.255141 13.498356 0.118706 220.424206 0.414716 -71.463003 0.714671 250.711192 0.522962 -63.832386 1.067101 179.449829 0.422803 -59.177113 2.736227 1.103373 5.811132 -23.526702
1 -18.794916 0.037142 58.299448 0.275044 252.020645 0.748742 -5.947695 0.634606 258.441268 0.348158 60.779856 1.622497 130.132109 0.228017 -39.197306 2.905271 1.462703 6.923642 -23.526702
1 -37.079371 0.311253 53.033218 0.673065 285.378960 0.320503 19.118659 0.539716 218.800082 0.234278 -24.460341 0.637500 131.652895 0.081358 -35.613052 3.736621 1.312932 5.237248 -23.526702
1 -32.148954 0.197742 -80.097769 0.488830 254.155979 0.662213 -11.901487 0.710504 252.414493 0.341827 58.648957 1.795237 144.465278 0.311390 -44.297150 3.379658 2.094557 6.136563 -23.526702
1 -24.853189 0.277722 -78.525369 0.299470 252.941573 0.430247 4.911980 0.597966 238.473995 0.277671 -20.403776 1.520530 149.007728 0.209213 -53.818125 2.628973 1.585235 6.016011 -23.526702
1 -24.748660 0.236403 82.494340 0.356254 249.924859 0.477717 2.627125 0.610854 243.276135 0.304972 -5.227620 1.552191 151.377175 0.221643 -51.193130 2.780264 1.518402 6.180734 -23.526702
1 -27.212680 0.348783 69.051031 0.156625 252.101934 0.389964 18.500132 0.635231 222.000328 0.378379 -21.739906 1.456372 182.023337 0.225085 -60.152853 2.758241 1.770828 5.943162 -23.526702
1 -23.400811 0.614016 63.220265 0.077945 267.485291 0.363441 27.850635 0.675527 219.600124 0.543166 -22.121328 0.872094 157.837609 0.215336 -78.632162 3.421607 1.427400 4.590741 -23.526702
1 -28.092561 0.577935 48.265775 0.098938 263.472201 0.410223 35.248901 0.653300 239.339301 0.448913 -6.660090 0.274757 129.847578 0.128029 -68.929154 3.694909 1.226113 4.206317 -24.122633
1 -29.420260 0.059463 69.230086 0.058113 245.648236 0.699436 -8.415756 0.517439 245.295207 0.400140 22.812789 1.570615 145.999964 0.292096 -44.471526 2.755371 1.473514 6.906061 -24.122633
1 -36.080373 0.192682 -1.066730 0.178374 220.847385 0.449942 -76.536653 0.710437 252.553934 0.497973 -54.462452 1.160903 177.760522 0.431076 -53.446024 2.762332 1.179435 6.052904 -24.122633
1 -20.446485 0.061694 57.506596 0.316149 257.303871 0.734277 -6.575086 0.686292 253.196533 0.352461 58.626636 1.545281 129.411234 0.237448 -38.886152 3.078296 1.380928 6.614639 -24.122633
1 -32.611783 0.267457 38.080357 0.662772 285.856531 0.308426 10.229717 0.557104 217.311446 0.240546 -32.040992 0.722464 135.664960 0.117258 -32.698677 3.681501 1.322788 5.540150 -24.122633
1 -26.829396 0.203793 -73.612549 0.451647 257.956429 0.638994 -14.674643 0.735829 246.549771 0.343842 58.141441 1.749833 150.067302 0.330106 -47.412616 3.255017 2.200919 5.905902 -24.122633
1 -23.199956 0.202916 -78.692313 0.425612 258.400757 0.500784 -1.925102 0.629465 242.088951 0.300622 -11.337575 1.505316 135.698269 0.231088 -51.851194 2.456628 1.716085 6.207116 -24.122633
1 -20.445371 0.407865 55.607237 0.281825 265.375358 0.340511 8.529516 0.624019 213.062940 0.297252 -17.477022 1.159625 165.955127 0.173833 -60.497858 2.632911 1.537309 5.283949 -24.122633
1 -40.829829 0.169704 73.917352 0.255255 245.304585 0.469042 -5.229793 0.518437 241.851861 0.320574 -4.837946 2.004040 174.763044 0.284629 -50.926031 2.225768 1.929863 6.844489 -24.122633
1 -20.085217 0.648534 58.516242 0.104300 270.500675 0.345401 29.228501 0.721992 214.654245 0.556617 -27.266788 0.628733 155.262776 0.197891 -78.576196 3.685334 1.164710 3.855306 -24.122633
1 -26.297488 0.530319 54.165983 0.227267 271.758317 0.297764 32.393641 0.658817 216.494222 0.467053 -25.919262 0.748704 151.641037 0.213797 -67.524422 3.276458 1.279911 4.689166 -24.753999
1 -29.977019 0.012340 59.513001 0.216694 255.121426 0.731786 -8.916218 0.486449 235.851047 0.464135 34.617349 1.510234 151.263987 0.245394 -38.435562 2.733064 1.417863 6.593056 -24.753999
1 -32.124593 0.209548 -13.454059 0.212676 224.220568 0.429852 -75.082211 0.746898 250.829402 0.472333 -60.286469 1.152267 176.512871 0.404783 -53.801169 2.701206 1.107418 6.040121 -24.753999
1 -21.912790 0.093464 64.023237 0.315353 251.322841 0.694205 -5.508595 0.679373 256.029728 0.344284 47.960885 1.597109 134.826390 0.235246 -40.702834 2.911994 1.341730 6.640250 -24.753999
1 -31.326752 0.383335 38.735556 0.681076 288.861513 0.225424 17.761083 0.623876 216.306299 0.267186 -45.439439 0.557216 134.546112 0.103008 -38.015659 3.865305 1.165143 5.052389 -24.753999
1 -28.074920 0.197127 -69.983173 0.470585 259.305832 0.630062 -13.817200 0.704559 246.114012 0.335994 59.945066 1.763265 148.483084 0.334213 -45.497254 3.198083 2.233180 5.940649 -24.753999
1 -21.710077 0.232639 -82.299118 0.453083 264.188389 0.485848 -1.138423 0.620695 235.818666 0.279931 -11.148660 1.356087 134.862553 0.223681 -54.048289 2.600752 1.553532 5.758996 -24.753999
1 -24.369012 0.385671 65.416836 0.228397 265.627276 0.377260 4.898393 0.641790 217.157318 0.307810 -9.807860 1.216643 164.344563 0.199781 -59.514690 2.681736 1.495894 5.376203 -24.753999
1 -44.343004 0.178077 88.610651 0.227041 239.683901 0.440815 -2.826751 0.572667 242.333037 0.333683 -3.227094 2.023565 184.751766 0.271099 -53.887816 2.294406 1.780091 6.643124 -24.753999
1 -24.287928 0.689521 51.458116 0.073249 271.158507 0.349899 26.852152 0.777730 219.757357 0.556267 -29.016229 0.612638 165.840168 0.170520 -76.668492 3.454862 1.183842 3.950658 -24.753999
1 -27.418634 0.551207 54.702424 0.452945 286.767100 0.319656 59.758888 0.763184 211.854591 0.500110 -19.707757 0.637016 153.871279 0.229843 -70.881716 3.066118 1.152006 4.553125 -25.349429
1 -21.978506 0.043713 55.296515 0.188906 256.722459 0.750534 -9.909680 0.561658 239.125638 0.522789 33.197895 1.473526 157.112890 0.241081 -40.464063 2.638790 1.388362 6.382418 -25.349429
1 -32.201749 0.210132 -20.089034 0.213418 224.189159 0.442157 -75.462542 0.754666 251.851685 0.484308 -56.805900 1.165017 176.427061 0.410338 -53.863298 2.755044 1.130061 6.018367 -25.349429
1 -28.396563 0.095685 49.172804 0.255794 238.736458 0.692969 -3.805538 0.652138 260.854806 0.340271 44.775471 1.528572 147.139058 0.233719 -42.825130 2.910337 1.477858 6.683549 -25.349429
1 -27.980155 0.499862 36.090214 0.561274 286.943635 0.178563 39.673890 0.602143 220.367275 0.326674 -48.565513 0.257939 118.723927 0.082632 -45.103872 3.507207 0.947531 4.613964 -25.349429
1 -26.768434 0.200618 -69.340918 0.447016 257.802703 0.625669 -16.340568 0.708546 245.521110 0.331738 58.591822 1.822901 150.064213 0.342718 -47.084508 3.080207 2.249801 5.934400 -25.349429
1 -23.499743 0.350099 80.854853 0.414145 263.049768 0.429273 2.391679 0.639202 241.202642 0.292497 -21.590366 1.226269 135.302028 0.216120 -61.609114 2.753434 1.632909 5.372940 -25.349429
1 -24.059401 0.313138 57.982193 0.224492 258.694386 0.427124 -11.676958 0.647980 223.374674 0.313899 -8.837813 1.313753 167.276233 0.225103 -55.906963 2.613534 1.471249 5.651464 -25.349429
1 -22.201528 0.703168 48.965405 0.097366 276.252894 0.353152 35.834917 0.787059 217.679013 0.584944 -23.801234 0.645293 164.590963 0.133446 -79.745123 3.723991 1.217373 4.020443 -25.349429
1 -23.124805 0.689687 58.191282 0.112526 278.041649 0.337558 23.144787 0.798412 218.892754 0.579351 -14.867050 0.656091 161.311808 0.184061 -80.521415 3.853104 1.179292 3.680660 -25.349429
1 -26.384505 0.592653 54.750783 0.469118 289.072372 0.284324 60.581078 0.771649 211.396356 0.499525 -21.435675 0.583352 152.171795 0.236009 -74.552429 3.140358 1.119724 4.311777 -25.945300
1 -30.234293 0.019162 52.088327 0.191605 255.554507 0.752372 -10.808673 0.542028 239.005559 0.504740 36.072524 1.494237 156.657340 0.264867 -38.091494 2.665592 1.352015 6.615851 -25.945300
1 -30.183972 0.242541 -21.032115 0.372312 227.538152 0.425431 -72.530415 0.685891 248.696337 0.447889 -55.444647 1.216584 175.675364 0.394122 -53.511923 2.606725 1.234052 6.447012 -25.945300
1 -26.237645 0.104402 41.449386 0.277037 243.788101 0.666929 -6.260493 0.622409 256.554975 0.272647 35.918095 1.548034 147.110913 0.234512 -42.135334 2.723709 1.420797 6.837722 -25.945300
1 -27.843082 0.478237 33.934014 0.464691 284.606421 0.229781 23.287796 0.604428 219.231735 0.347088 -48.962705 0.311294 120.424632 0.054549 -42.389445 3.657970 0.855216 4.654699 -25.945300
1 -24.130793 0.182256 -61.012882 0.455202 250.858203 0.637129 -14.705705 0.688584 248.802729 0.349382 59.104802 1.822201 150.702400 0.324646 -50.151280 3.036117 2.254081 5.927903 -25.945300
1 -18.478457 0.374212 -84.139483 0.468361 261.990894 0.403147 -0.636403 0.596731 238.786486 0.277969 -16.459305 1.149896 128.291924 0.245894 -58.868662 2.906229 1.594535 5.552643 -25.945300
1 -25.755314 0.130381 51.068425 0.150396 250.139215 0.613301 -13.601331 0.652724 225.863342 0.322530 20.662238 1.498089 175.838638 0.252004 -44.050020 2.582064 1.482939 6.295427 -25.945300
1 -24.612455 0.674104 49.225224 0.091530 273.038522 0.388310 33.822087 0.792130 225.509444 0.575253 -20.775238 0.672018 157.196247 0.142897 -77.032343 3.741890 1.206838 4.224768 -25.945300
1 -26.264701 0.673724 59.103729 0.132557 276.213866 0.414052 22.345198 0.765612 222.942898 0.557543 -26.274332 0.855066 155.913537 0.196517 -83.138587 3.906001 1.050329 3.943734 -25.945300
1 -26.233748 0.625704 61.963345 0.422675 289.896025 0.320724 61.256207 0.809077 209.781143 0.544820 -18.339976 0.691744 160.623368 0.268435 -82.882882 3.165145 1.130924 4.174000 -26.558731
1 -22.496930 0.026060 60.387550 0.169502 256.855536 0.760177 -9.060100 0.577461 239.110438 0.518536 33.209256 1.515484 151.751224 0.266912 -39.508879 2.655056 1.285802 6.619292 -26.558731
1 -30.474389 0.268505 -19.992162 0.383134 227.949735 0.431782 -72.016432 0.710466 253.359674 0.437081 -52.262883 1.238693 172.504036 0.374485 -52.588436 2.779131 1.286918 6.422582 -26.558731
1 -22.693123 0.154911 38.344180 0.259157 250.348862 0.604852 -5.358896 0.619258 242.449224 0.200073 23.344132 1.431427 152.228758 0.201272 -43.442286 2.735274 1.373764 6.668583 -26.558731
1 -26.118614 0.405442 31.505357 0.540193 281.753332 0.221647 24.436133 0.583970 218.447844 0.281038 -43.016616 0.363288 120.990927 0.084934 -39.257399 3.369095 0.917285 4.990458 -26.558731
1 -30.348133 0.086798 -45.533919 0.389361 248.683064 0.719235 -12.833363 0.724258 259.256609 0.407926 78.018513 1.885950 144.342038 0.324646 -41.569725 3.067747 2.141059 6.071645 -26.558731
1 -23.112484 0.349308 -88.979276 0.457334 260.534097 0.434021 1.301690 0.589451 237.692841 0.300675 -13.434278 1.225174 126.405130 0.267726 -59.469141 2.800010 1.732918 5.620886 -26.558731
1 -28.163237 0.293587 42.834157 0.253497 265.024123 0.387421 9.980091 0.585612 210.281240 0.313671 -32.102286 0.811278 155.557505 0.165539 -45.470660 2.729532 1.049785 5.630814 -26.558731
1 -21.566934 0.716671 47.282576 0.059473 273.347104 0.391094 22.133874 0.724894 234.894847 0.622727 -31.217473 0.555873 141.587165 0.087698 -68.422446 4.128303 1.035855 3.988671 -26.558731
1 -25.384839 0.722583 54.727587 0.151144 279.276696 0.421677 25.142175 0.843787 228.102071 0.567841 -29.693589 0.861840 160.233694 0.171374 -82.580372 3.882562 1.013217 4.109960 -26.558731
1 -25.074022 0.602880 64.388370 0.472210 287.042282 0.272977 70.043306 0.901681 226.263820 0.568372 -17.335176 0.603685 138.246162 0.291502 -78.741206 3.128235 1.217103 4.120498 -27.163529
1 -23.827427 0.035220 70.169961 0.240739 258.491103 0.701472 -11.435504 0.574881 229.639633 0.454832 17.476478 1.465573 155.851326 0.296495 -42.977044 2.457661 1.336840 6.677006 -27.163529
1 -29.902812 0.268846 -23.222560 0.432071 224.252735 0.427632 -71.238308 0.720167 252.035391 0.445081 -52.085930 1.165100 174.178666 0.388819 -55.402279 2.832215 1.229941 6.377240 -27.163529
1 -22.272935 0.141944 30.517916 0.213351 243.602698 0.614948 -3.333615 0.602014 246.821443 0.230624 27.374356 1.490257 151.087664 0.184045 -40.783696 2.684934 1.441262 6.861815 -27.163529
1 -22.514167 0.356778 33.135140 0.565035 274.957267 0.206219 11.345661 0.576530 221.590926 0.199003 -50.568925 0.399284 120.130729 0.100741 -39.621433 3.030973 1.144634 5.293510 -27.163529
1 -26.283682 0.111906 -53.052358 0.459078 257.359145 0.712885 -8.912907 0.717751 258.397523 0.373486 64.945600 1.811609 139.792457 0.307544 -41.973831 3.098791 2.009822 5.947110 -27.163529
1 -26.864651 0.271173 72.720491 0.363572 253.990583 0.479454 -8.140098 0.624548 249.554698 0.355816 -2.010976 1.356737 123.393047 0.256424 -55.542665 3.094336 2.026339 5.703311 -27.163529
1 -28.001033 0.583339 45.161940 0.419045 285.376254 0.234186 26.103729 0.646406 194.959328 0.287456 -59.118383 0.377986 151.074179 0.178528 -67.867022 2.984115 1.126281 4.789737 -27.163529
1 -24.214043 0.672553 45.230740 0.076244 272.966529 0.406808 21.141072 0.707870 236.379321 0.613044 -26.486502 0.572597 138.679987 0.085265 -64.582838 4.077336 1.045135 4.122396 -27.163529
1 -28.716967 0.759555 46.354477 0.098950 278.326550 0.443958 27.444838 0.879180 225.917961 0.587851 -26.255763 0.834405 165.161167 0.147746 -75.150977 4.153413 1.114940 3.786937 -27.163529
1 -22.589995 0.609681 70.839032 0.478174 284.767280 0.268212 64.826272 0.866394 234.590497 0.586075 -22.217398 0.696079 130.993616 0.299263 -79.571734 3.104134 1.324072 4.168957 -27.794698
1 -27.028183 0.051667 76.427025 0.255406 262.571599 0.663667 -19.456902 0.574553 226.018614 0.484409 15.958448 1.284236 152.575197 0.283589 -49.499734 2.522926 1.289547 6.737612 -27.794698
1 -29.722326 0.262670 -25.025250 0.430883 224.384803 0.436833 -75.237803 0.751749 252.620327 0.434314 -52.193641 1.172364 175.260670 0.381610 -55.712826 2.995106 1.226101 6.523007 -27.794698
1 -30.076896 0.159106 31.273908 0.263805 247.268677 0.620257 -0.668620 0.541319 243.676231 0.239694 27.573264 1.385828 155.234231 0.188631 -44.095374 2.640686 1.534347 6.946091 -27.794698
1 -28.337721 0.325630 33.704711 0.598648 276.923430 0.219784 20.522292 0.469175 222.247881 0.178356 -45.138420 0.343098 118.857847 0.087719 -41.611440 2.890522 1.063783 5.400018 -27.794698
1 -24.076910 0.141046 27.726362 0.190159 249.447673 0.598554 -3.513447 0.603273 239.630918 0.186210 26.128629 1.353005 151.939325 0.182743 -42.735880 2.680568 1.403827 6.980674 -27.794698
1 -22.525161 0.294156 88.738147 0.393116 263.227238 0.453527 -7.566883 0.631330 243.557956 0.491255 -19.155345 1.192467 119.242167 0.274993 -55.975395 3.190496 1.844012 5.135120 -27.794698
1 -26.891573 0.511829 52.842893 0.462779 284.809074 0.237609 22.569271 0.619373 197.472614 0.289518 -57.354404 0.439798 145.355049 0.207370 -65.881180 2.858790 1.256591 4.984008 -27.794698
1 -26.128167 0.614933 39.466888 0.085802 273.886305 0.379423 21.316217 0.679615 236.751272 0.547022 -26.570493 0.509833 127.989238 0.046481 -59.463168 4.191245 1.012635 4.370536 -27.794698
1 -30.843145 0.791005 55.753978 0.065082 277.571773 0.441072 43.034175 0.938011 243.022215 0.654877 -20.351996 0.851403 163.859232 0.197925 -77.524912 3.908223 1.033310 3.731732 -27.794698
1 -22.737588 0.586835 77.502585 0.505560 286.809888 0.271091 63.200110 0.856529 229.528934 0.579186 -23.022455 0.695834 132.340901 0.318569 -79.931885 2.960294 1.333019 4.274395 -28.442124
1 -27.119709 0.159102 76.759544 0.364156 280.095243 0.601831 -19.412017 0.608376 207.963996 0.455889 -0.873451 1.124895 151.070772 0.307008 -52.750243 2.326877 1.310309 6.460301 -28.442124
1 -29.798402 0.238790 -24.072812 0.464396 224.072599 0.439885 -74.026285 0.724496 250.741950 0.405167 -51.793092 1.222447 179.407757 0.365390 -56.532361 2.836962 1.228048 6.619902 -28.442124
1 -30.839953 0.154133 29.189915 0.280569 247.593817 0.609254 0.796445 0.539149 245.222897 0.236954 27.100468 1.375704 152.532521 0.185587 -43.401674 2.650531 1.537573 6.931594 -28.442124
1 -28.959899 0.398319 29.881277 0.603033 279.776656 0.176726 34.951295 0.540271 221.355211 0.193195 -46.575837 0.257766 126.186014 0.104261 -48.052268 2.804807 0.930586 5.190325 -28.442124
1 -24.360513 0.148767 29.553242 0.186569 250.167151 0.597058 -4.035244 0.606010 241.151509 0.191999 23.513807 1.345134 151.073922 0.178727 -42.724472 2.689134 1.432468 6.966677 -28.442124
1 -18.437313 0.303399 -88.950918 0.382856 265.542661 0.501153 -14.788121 0.680141 243.123237 0.565729 -17.795131 1.218822 117.173181 0.292710 -55.092557 3.445392 1.758775 5.196522 -28.442124
1 -29.449430 0.507719 45.479092 0.458628 281.689184 0.224691 19.653766 0.601596 200.025003 0.271657 -65.213751 0.423004 149.556418 0.206845 -66.135579 2.866352 1.238957 4.966114 -28.442124
1 -21.304667 0.590647 42.527201 0.115867 261.875088 0.343287 8.093357 0.677833 242.722023 0.572773 -41.033046 0.363809 119.031800 0.107625 -56.960108 4.270639 0.924063 4.542505 -28.442124
1 -26.808870 0.762889 63.844392 0.077431 281.151902 0.463450 46.221285 0.918841 240.981827 0.658613 -14.016311 0.876849 160.941242 0.199823 -76.141237 3.817332 1.065111 3.791350 -28.442124
1 -20.464307 0.610399 77.219320 0.471425 282.245244 0.281281 61.730481 0.856467 232.944345 0.592221 -23.960403 0.698600 135.419020 0.314863 -80.324318 3.091145 1.309582 4.234768 -29.069797
1 -25.746673 0.058084 79.085489 0.470287 285.172515 0.544781 -19.853527 0.557374 202.066508 0.382444 1.597311 1.125333 151.088959 0.283377 -48.595860 2.064426 1.341556 6.816247 -29.069797
1 -32.339020 0.238054 -25.258096 0.494345 222.438101 0.435132 -76.486021 0.752559 252.371112 0.387685 -50.311130 1.199215 184.013005 0.361903 -57.283600 2.899269 1.213518 6.686566 -29.069797
1 -27.009722 0.130169 25.269423 0.303156 248.108541 0.618893 -0.067972 0.562041 245.853259 0.229032 27.363338 1.356469 148.338991 0.177534 -41.511278 2.637212 1.543165 6.994640 -29.069797
1 -27.799289 0.358210 39.476870 0.529667 284.897247 0.158919 33.881166 0.769171 226.210444 0.191492 -27.599313 0.353512 112.397049 0.041562 -43.643082 2.933608 1.189294 5.326731 -29.069797
1 -26.389891 0.169134 33.146650 0.158196 253.564597 0.649405 -3.059638 0.557323 240.107926 0.218667 25.320082 1.382436 145.992985 0.181977 -41.912236 2.793614 1.308204 6.950666 -29.069797
1 -18.005361 0.308555 -84.304137 0.384763 265.693395 0.496539 -14.938621 0.689299 243.765468 0.582539 -19.543979 1.208662 117.044767 0.291859 -54.787770 3.409085 1.727023 5.181455 -29.069797
1 -29.792489 0.510935 48.376412 0.427804 278.030120 0.241045 12.473422 0.594962 202.814748 0.289050 -66.180724 0.455796 151.639571 0.220334 -62.899116 2.938658 1.255237 5.065067 -29.069797
1 -18.747517 0.565592 42.785905 0.062858 257.791296 0.404307 6.653364 0.702559 240.436068 0.579894 -33.717506 0.412039 126.619005 0.091291 -49.148133 4.505519 1.043313 4.559024 -29.069797
1 -29.034137 0.767647 60.463803 0.097411 281.168739 0.453198 45.287379 0.935237 243.446717 0.681724 -19.312869 0.956734 159.627471 0.213906 -74.753343 3.743588 1.041753 3.821412 -29.069797
1 -21.919367 0.601969 73.314028 0.465842 285.950018 0.284696 68.548372 0.925284 237.722120 0.631255 -15.833682 0.687161 123.394313 0.302008 -81.467155 3.124022 1.206802 3.895373 -29.688857
1 -24.169749 0.027149 81.487884 0.523459 286.395752 0.576881 -23.370602 0.545649 201.306068 0.371748 9.142985 1.162931 143.175356 0.232078 -44.811284 2.215398 1.534680 6.684535 -29.688857
1 -31.919590 0.251173 -31.952708 0.512157 224.349846 0.415738 -77.072523 0.756389 253.467162 0.403810 -53.610907 1.206183 181.620629 0.362671 -58.202381 2.939557 1.294803 6.540777 -29.688857
1 -31.696646 0.146758 20.690001 0.332267 258.093232 0.625686 -4.661450 0.507555 241.428324 0.260461 19.141247 1.429292 151.829436 0.210514 -40.622115 2.537600 1.596504 6.869077 -29.688857
1 -23.611310 0.280858 -89.662735 0.327148 256.116007 0.534085 -18.026033 0.797054 253.099291 0.604490 -9.992323 1.291048 109.607142 0.333478 -55.628506 3.194911 2.081778 5.238046 -29.688857
1 -21.976029 0.235551 36.792642 0.150460 251.217809 0.593844 -4.432605 0.554249 237.104356 0.193646 9.831015 1.214616 150.499575 0.167462 -43.034841 2.978086 1.213010 6.772318 -29.688857
1 -18.919281 0.297714 -80.021278 0.396174 262.537780 0.472578 -9.689281 0.730448 246.239880 0.575406 -23.081472 1.179052 109.809013 0.281729 -54.852737 3.354514 1.637122 4.875545 -29.688857
1 -33.892051 0.512348 43.418223 0.441851 274.830408 0.234580 2.123649 0.622886 206.553135 0.301077 -73.265748 0.430051 155.541862 0.240690 -62.174219 2.931051 1.164944 4.919227 -29.688857
1 -17.072253 0.528411 46.794755 0.277029 274.000469 0.426111 8.124246 0.676132 223.184237 0.547321 -30.957275 0.490912 127.354672 0.093896 -49.885267 4.655791 1.090186 4.484354 -29.688857
1 -30.420379 0.777866 60.048586 0.167872 286.046074 0.405756 46.499515 0.895103 231.345719 0.613892 -29.352067 0.967306 169.685546 0.254764 -78.807314 3.550363 1.081513 3.898107 -29.688857
1 -22.286679 0.566877 81.546519 0.491186 283.289662 0.273980 61.930638 0.849339 236.633938 0.606357 -18.490209 0.715318 124.196523 0.315864 -80.627576 2.967035 1.219422 4.162634 -30.289231
1 -24.760068 0.060019 -88.410947 0.539866 285.712338 0.554782 -26.734904 0.519009 200.163121 0.427084 6.885456 1.050631 142.111866 0.245829 -45.365939 2.336433 1.475878 6.487793 -30.289231
1 -31.666091 0.268256 -32.969589 0.502984 222.712938 0.410294 -77.451989 0.764150 255.615227 0.413467 -56.093093 1.189656 179.614602 0.361140 -58.266220 3.040542 1.308650 6.447170 -30.289231
1 -18.932279 0.405667 39.898515 0.143309 263.902022 0.505963 4.366899 0.662046 223.673008 0.450229 -9.798105 0.613806 136.542726 0.134380 -43.601039 4.147517 1.214281 5.379331 -30.289231
1 -22.846618 0.408210 88.703456 0.219026 254.797994 0.480404 -4.932320 0.794234 255.849717 0.579309 -22.178035 1.087095 107.104467 0.302510 -56.115577 3.681813 1.921841 4.769617 -30.289231
1 -23.233633 0.229666 36.279959 0.184620 249.114415 0.576211 -3.680096 0.535178 238.759467 0.181390 6.649860 1.211842 148.167256 0.185997 -44.549916 2.892782 1.203241 6.788549 -30.289231
1 -17.332941 0.299488 -84.814259 0.384625 265.339498 0.457452 -14.981920 0.770096 240.726889 0.562648 -24.907062 1.226104 115.809892 0.299303 -54.947018 3.240042 1.627091 5.065559 -30.289231
1 -29.519072 0.528211 43.129596 0.459413 276.731004 0.226054 2.824792 0.651198 208.940230 0.291636 -72.584037 0.444909 148.375499 0.214412 -63.331189 3.040681 1.131870 4.786124 -30.289231
1 -18.390750 0.637098 44.757314 0.199294 272.727295 0.433341 16.326526 0.715015 227.289181 0.574073 -36.339690 0.456042 131.653834 0.088077 -52.735230 4.871915 1.070946 4.155798 -30.289231
1 -28.127248 0.789803 66.730211 0.114012 282.044471 0.422018 43.814433 0.860808 235.730448 0.627579 -33.267818 0.936803 163.268989 0.290053 -77.496868 3.673062 1.253977 3.721888 -30.289231
1 -16.813141 0.542926 80.624178 0.474934 275.381122 0.282021 56.120254 0.687209 227.528937 0.583106 -15.381088 0.613447 130.675908 0.278524 -78.258010 3.249320 1.315745 4.211510 -31.075249
1 -23.684515 0.061777 89.996755 0.515038 284.524227 0.564169 -23.960410 0.523774 202.309477 0.417215 9.507046 1.089807 141.372335 0.256819 -45.373666 2.313814 1.509707 6.491750 -31.075249
1 -31.986630 0.248476 -22.744519 0.517200 223.766484 0.414906 -77.730053 0.757868 253.875493 0.400276 -53.693612 1.178936 181.124305 0.363217 -57.311654 2.958653 1.298604 6.554927 -31.075249
1 -18.875482 0.502978 36.636408 0.151961 252.469758 0.386803 12.135027 0.677753 234.341256 0.332118 -32.086438 0.520143 137.111239 0.131249 -48.670694 4.169969 1.079471 5.176328 -31.075249
1 -16.999392 0.454959 -88.630145 0.155635 253.217608 0.495517 -2.713665 0.801477 259.735736 0.550906 -20.148182 1.039758 108.022348 0.247261 -56.314776 4.067469 1.653387 4.867338 -31.075249
1 -21.537971 0.286061 37.520187 0.165983 248.646334 0.581503 -1.395281 0.550368 237.643039 0.181713 2.982317 1.175072 148.640741 0.175634 -43.221804 3.036172 1.291272 6.614424 -31.075249
1 -18.111999 0.342101 -79.345013 0.340663 263.225912 0.453498 -13.765210 0.780142 245.476934 0.586264 -30.512325 1.231249 112.544079 0.300418 -55.305627 3.499823 1.603671 4.802708 -31.075249
1 -31.041123 0.489096 45.632325 0.531573 275.917643 0.196123 8.739928 0.612138 213.751458 0.261391 -65.381671 0.581594 147.732706 0.233402 -65.674308 2.738151 1.052351 4.960641 -31.075249
1 -20.915149 0.581426 42.649538 0.260841 288.295276 0.420852 15.201009 0.639764 210.417957 0.541675 -32.955065 0.369912 130.601826 0.053179 -54.418930 4.288558 1.047970 4.565285 -31.075249
1 -27.107037 0.783824 70.084709 0.066752 271.747600 0.466572 39.282643 0.843682 231.826770 0.660074 -32.324461 0.998862 172.017179 0.334455 -70.584700 3.990625 1.267237 3.786059 -31.075249
1 -17.917675 0.533887 77.061764 0.446822 269.331860 0.285609 57.279901 0.685036 232.530585 0.536574 -14.057890 0.662159 131.807329 0.279663 -76.967740 3.199744 1.326997 4.349310 -31.862149
1 -22.986712 0.083158 -86.521715 0.565450 283.507351 0.556541 -26.229673 0.536191 204.960326 0.429589 5.064663 1.004951 140.109466 0.285882 -47.846082 2.566886 1.628294 6.413653 -31.862149
1 -33.124587 0.215686 -26.297801 0.563479 223.534633 0.403592 -82.557215 0.746286 253.066867 0.380339 -54.806515 1.206485 182.484322 0.379524 -57.041718 2.694442 1.349744 6.740891 -31.862149
1 -20.771386 0.541641 27.029790 0.174650 248.465287 0.354257 23.847978 0.674456 236.281173 0.285377 -37.842275 0.506527 142.738919 0.111335 -50.599783 4.032722 1.110204 5.057432 -31.862149
1 -19.354352 0.397470 87.866382 0.217677 247.060064 0.470007 -7.548441 0.791224 263.676352 0.503375 -20.563469 1.099291 108.510060 0.274716 -56.818442 3.789940 1.683616 5.123300 -31.862149
1 -22.336137 0.311167 35.647493 0.161614 250.055269 0.569307 -0.438727 0.552216 236.218434 0.181564 -0.821186 1.131383 148.832005 0.163934 -43.719149 3.112224 1.257265 6.531247 -31.862149
1 -17.689040 0.352478 -79.097310 0.307579 262.473334 0.423255 -16.198288 0.766707 246.779630 0.576397 -29.832345 1.159018 108.859227 0.304095 -55.904113 3.407348 1.742769 5.076125 -31.862149
1 -27.731312 0.610079 43.456476 0.442648 283.704842 0.158069 20.696221 0.634977 211.226986 0.306878 -74.901829 0.287872 136.666481 0.153106 -67.949571 3.425465 1.080728 4.515780 -31.862149
1 -16.956361 0.526551 50.338872 0.412829 289.746803 0.419284 2.729953 0.654147 209.892571 0.552122 -36.630424 0.421198 116.346754 0.091312 -57.360076 4.479587 1.210560 4.688367 -31.862149
1 -23.247112 0.791429 70.676609 0.058654 266.039753 0.456203 41.663901 0.851223 233.931994 0.671224 -31.356968 0.927723 169.133555 0.342067 -72.734198 4.038413 1.266975 3.657930 -31.862149
1 -20.495094 0.506645 80.880673 0.355265 263.421290 0.301459 57.234319 0.602358 236.144046 0.526504 -15.168970 0.655794 133.971933 0.284283 -75.600180 3.094049 1.402991 4.511482 -32.727680
1 -23.634315 0.081470 -89.941196 0.519538 276.167407 0.551245 -22.891318 0.547601 211.405764 0.389137 6.362866 1.053523 142.198135 0.295108 -46.805385 2.479203 1.643322 6.468278 -32.727680
1 -33.481017 0.215129 -33.931585 0.572009 224.011096 0.386856 -82.905857 0.752348 253.447022 0.375186 -57.479357 1.216170 182.180853 0.390354 -57.836306 2.620329 1.363077 6.717835 -32.727680
1 -21.689106 0.512795 28.001328 0.200078 250.602273 0.357290 21.131260 0.658045 233.822836 0.259215 -39.821118 0.541095 144.307874 0.126443 -51.779917 3.820780 1.156350 5.187255 -32.727680
1 -18.004572 0.415824 85.498004 0.224049 254.224981 0.474230 -3.140219 0.790988 258.952018 0.527283 -19.195669 1.021154 102.258768 0.248537 -56.164374 3.964049 1.679671 4.967926 -32.727680
1 -20.443975 0.285471 34.962869 0.132512 243.906387 0.601396 -6.000845 0.561691 240.768493 0.230884 1.077026 1.200603 148.076616 0.196569 -43.549403 3.038079 1.321014 6.574397 -32.727680
1 -25.528049 0.329527 -81.014378 0.306854 260.840594 0.387432 -10.266294 0.706360 244.724387 0.489739 -28.443640 1.172977 114.845974 0.296425 -54.864688 2.896808 1.818308 5.211642 -32.727680
1 -28.260420 0.544847 39.997301 0.448950 283.533819 0.199674 23.548803 0.579118 205.687553 0.223755 -62.447262 0.298779 145.353410 0.145944 -64.448928 3.166235 1.057050 4.941704 -32.727680
1 -18.859838 0.567582 48.305008 0.505082 290.432133 0.387299 6.045317 0.724675 216.078212 0.624977 -38.536856 0.352054 119.789377 0.121401 -63.320648 4.528519 1.112908 4.636559 -32.727680
1 -17.469044 0.559539 37.900515 0.251685 261.489755 0.329582 28.968988 0.623492 225.650872 0.359915 -35.744910 0.415773 136.427011 0.078541 -56.043064 4.012044 1.051099 4.804678 -32.727680
1 -19.554109 0.531488 76.780204 0.366757 265.445885 0.291935 59.560435 0.611057 235.803890 0.554161 -16.429682 0.608657 131.835074 0.278612 -77.172177 3.221321 1.378214 4.378181 -33.621821
1 -26.912227 0.082388 -38.580090 0.598130 279.094664 0.594156 -20.497852 0.493063 208.794179 0.372829 9.813088 1.051543 152.879447 0.284105 -46.491874 2.471469 1.583314 6.703648 -33.621821
1 -34.161348 0.216784 -22.417980 0.554723 221.932481 0.392086 -82.555172 0.765702 253.995002 0.347533 -56.851735 1.249534 186.749670 0.383128 -57.197537 2.637397 1.340746 6.789228 -33.621821
1 -26.224474 0.524575 43.384984 0.188847 257.822851 0.394045 10.764066 0.729484 235.913448 0.335287 -42.672813 0.532933 129.898305 0.113025 -52.670772 4.105438 1.219595 5.071434 -33.621821
1 -17.203437 0.348405 -87.109467 0.160945 247.001463 0.509673 -9.754818 0.809398 262.685996 0.479972 -9.883178 1.212341 106.057349 0.260690 -53.136752 3.858190 1.732067 5.339878 -33.621821
1 -18.915722 0.294829 41.938642 0.179532 250.973858 0.592052 -3.279493 0.517001 232.726669 0.224835 1.252622 1.119137 148.909674 0.175882 -44.112996 2.990491 1.264282 6.599553 -33.621821
1 -20.865005 0.353159 -82.513528 0.317512 262.447284 0.380940 -9.253417 0.708141 245.012398 0.530651 -29.952775 1.146268 111.503283 0.306648 -56.897901 2.932761 1.835253 5.065542 -33.621821
1 -18.952302 0.465163 80.718163 0.133901 250.283865 0.462873 -3.184086 0.858562 265.260640 0.574205 -21.567936 1.039738 92.546800 0.251210 -58.133926 4.262867 1.728535 4.714894 -33.621821
1 -20.690762 0.436367 62.402808 0.597269 297.482594 0.439942 2.931291 0.675608 214.828793 0.661910 -18.226887 0.546553 121.319447 0.185243 -62.178846 4.093121 1.204538 5.001951 -33.621821
1 -19.167876 0.538184 31.887010 0.250185 265.115479 0.306916 42.712107 0.569995 217.665077 0.337234 -32.194832 0.335195 139.947837 0.082844 -60.219022 3.797652 0.989605 4.845814 -33.621821
1 -19.782912 0.495098 81.002787 0.427348 278.527785 0.298160 61.383679 0.613185 220.270491 0.562449 -10.342089 0.545580 138.386985 0.280653 -76.566140 2.984883 1.246202 4.422554 -34.607905
1 -23.877837 0.041035 -5.495175 0.785516 288.657910 0.642874 -29.598610 0.520280 202.275019 0.484110 18.451605 1.009374 151.978704 0.273212 -46.874536 2.950046 1.676668 6.786785 -34.607905
1 -20.675478 0.551818 31.637936 0.286272 271.561318 0.288800 42.834120 0.569914 216.061929 0.361961 -32.604177 0.288372 138.461300 0.067153 -60.492082 4.004910 1.015755 4.735339 -34.607905
1 -17.924225 0.514612 37.582419 0.215751 257.469337 0.377017 18.331695 0.716522 236.463612 0.306462 -42.598786 0.442083 130.625361 0.081531 -50.782706 4.154986 1.121795 5.038879 -34.607905
1 -16.453583 0.416744 67.127654 0.650590 289.618486 0.427901 15.463381 0.704203 214.797141 0.691333 -17.140842 0.516032 129.064143 0.173316 -61.487228 4.510506 1.348179 4.740326 -34.607905
1 -19.087742 0.250802 36.940176 0.189600 249.819775 0.628097 -9.718945 0.535463 237.641747 0.264963 8.782821 1.261898 143.631295 0.210759 -44.035797 2.949924 1.384721 6.691238 -34.607905
1 -20.343881 0.365747 -74.496394 0.341376 249.748310 0.410867 -13.535770 0.704574 253.965975 0.551863 -30.808110 1.232573 110.951255 0.338415 -56.093803 3.054228 1.903270 5.080952 -34.607905
1 -17.178560 0.457847 88.810370 0.162709 253.542471 0.461338 -0.956955 0.832256 259.686916 0.561688 -19.702830 0.978287 96.876187 0.241804 -58.324758 4.234672 1.688783 4.767830 -34.607905
1 -19.912542 0.350326 58.283912 0.654571 290.184218 0.486817 -1.560761 0.709616 215.525475 0.682303 -15.278847 0.640771 122.839630 0.182278 -60.611604 4.383273 1.421361 5.272286 -34.607905
1 -19.429646 0.444672 -82.816812 0.358743 259.752759 0.386501 -7.597766 0.699006 244.812646 0.629202 -37.172586 1.021853 103.148935 0.330939 -60.591512 3.211293 2.018692 4.632776 -34.607905
1 -19.628042 0.498351 79.250614 0.451200 280.464482 0.291924 62.415464 0.612597 218.541382 0.579167 -11.210725 0.524729 138.854663 0.280704 -77.351070 3.016781 1.236056 4.377246 -35.561457
1 -23.361648 0.045660 -7.517528 0.737341 284.713668 0.650621 -34.357608 0.541573 208.421601 0.492760 17.194922 1.086638 143.970608 0.283338 -46.550406 2.948795 1.754262 6.798467 -35.561457
1 -19.069769 0.549011 32.115604 0.250964 263.297826 0.300683 40.146446 0.616769 224.621052 0.356923 -28.191572 0.394707 136.054993 0.072075 -61.985093 3.974861 0.904856 4.846517 -35.561457
1 -17.893124 0.568925 32.778349 0.233901 259.368562 0.298979 32.546523 0.739080 231.811799 0.335237 -48.031476 0.261639 136.024773 0.069196 -52.601608 4.215309 1.073288 4.657653 -35.561457
1 -15.548298 0.440473 61.845255 0.664037 288.938389 0.371234 28.820957 0.689772 208.240579 0.710158 -17.859880 0.383920 141.557564 0.148534 -66.942582 4.436935 1.330333 4.310571 -35.561457
1 -22.233869 0.297977 54.073985 0.152522 249.522384 0.601988 -1.322145 0.553917 238.987354 0.278013 6.542860 1.196135 141.965827 0.201142 -46.570412 3.088110 1.346541 6.426227 -35.561457
1 -18.655504 0.357598 -77.660680 0.365764 253.807484 0.404983 -8.137695 0.668364 243.879518 0.510544 -28.713321 1.143016 121.744671 0.311635 -56.406524 3.029586 1.799464 5.221841 -35.561457
1 -16.611745 0.475437 84.663058 0.191069 252.812854 0.444636 0.416978 0.844554 259.864494 0.567257 -21.224611 0.935019 95.471174 0.224070 -59.041077 4.205276 1.701219 4.752066 -35.561457
1 -18.265656 0.378949 49.584108 0.568895 280.769065 0.461555 0.975170 0.656284 220.462296 0.558480 -14.377908 0.577706 125.455927 0.131459 -55.483633 4.180717 1.237427 5.458158 -35.561457
1 -18.672870 0.449140 -79.906406 0.320810 254.223183 0.396573 -10.513685 0.655894 250.717412 0.624980 -39.675828 1.020492 110.220740 0.343653 -57.632354 3.303940 2.036558 4.376672 -35.561457
1 -22.523463 0.487781 79.790263 0.403820 276.637098 0.306164 59.492324 0.626407 222.867270 0.543389 -10.443536 0.586997 136.979293 0.286117 -75.392516 2.945204 1.255455 4.523866 -36.665978
1 -23.273511 0.049788 -10.647850 0.722547 285.976567 0.645347 -27.271122 0.570888 207.244061 0.487887 19.186057 1.096349 151.999533 0.277052 -44.729160 2.851733 1.514047 6.807898 -36.665978
1 -18.150141 0.546039 39.971365 0.263083 258.942120 0.332879 30.038107 0.646756 232.601060 0.349354 -30.157884 0.377621 131.009926 0.088888 -62.158184 4.243519 1.024990 4.869901 -36.665978
1 -19.064541 0.563589 30.846755 0.275347 265.489117 0.304510 37.945728 0.761118 230.577623 0.345235 -45.819819 0.255109 139.950206 0.049772 -53.819566 4.258592 1.043766 4.770612 -36.665978
1 -15.508060 0.430542 72.235837 0.663955 290.623185 0.413375 21.175622 0.702432 214.814155 0.765539 -16.923876 0.439146 132.644747 0.184590 -67.196381 4.508139 1.574958 4.288792 -36.665978
1 -18.422468 0.292398 42.408501 0.152027 248.569581 0.610044 -7.629268 0.570208 241.338077 0.267993 4.576248 1.233261 138.226737 0.190959 -44.304712 3.144091 1.301875 6.399301 -36.665978
1 -17.605095 0.322521 -79.061750 0.424492 266.934367 0.411540 -3.287742 0.668077 235.640094 0.501168 -27.566951 1.083760 128.370502 0.261752 -54.596285 2.853468 1.665527 5.319396 -36.665978
1 -16.631885 0.458351 88.115875 0.217269 253.500621 0.475778 -0.533602 0.789353 258.403978 0.565467 -20.229794 0.983143 97.778936 0.244582 -56.944958 4.142945 1.706029 4.794711 -36.665978
1 -16.667432 0.458815 55.536509 0.642290 296.643508 0.390301 13.941461 0.645279 199.769512 0.696953 -16.879098 0.256951 131.776909 0.139759 -66.273206 4.353442 1.232118 4.493214 -36.665978
1 -17.632451 0.462187 -67.435984 0.306236 255.826702 0.423937 -18.059727 0.698604 253.669943 0.670220 -42.337703 1.069522 100.828267 0.352005 -54.674759 3.380713 2.023986 4.322884 -36.665978
1 -19.667319 0.479431 76.344318 0.509604 278.385968 0.288307 64.128395 0.609089 212.072825 0.598792 -10.975866 0.409891 138.182307 0.307340 -75.544420 3.038005 1.285618 4.441033 -37.684785
1 -22.793792 0.057633 -17.655135 0.648561 281.658198 0.637940 -33.198264 0.541828 209.863807 0.502262 20.135545 1.123821 146.967069 0.293571 -45.935862 2.789612 1.620355 6.697623 -37.684785
1 -18.333726 0.546722 39.810778 0.301696 261.936117 0.320020 29.264530 0.645348 229.946375 0.381967 -32.379214 0.333906 130.601495 0.091619 -62.909398 4.260708 1.044824 4.760847 -37.684785
1 -16.888501 0.426741 70.781353 0.620268 281.222545 0.452049 13.260262 0.667930 219.774619 0.741935 -20.704904 0.554191 133.188504 0.211209 -62.528552 4.700957 1.596429 4.340825 -37.684785
1 -16.389770 0.504478 60.979052 0.639978 300.268326 0.289832 47.744321 0.685921 200.821777 0.733989 -15.173874 0.240825 131.465212 0.164717 -76.678581 3.841698 1.225810 4.301419 -37.684785
1 -19.027340 0.283338 40.470339 0.164085 251.595433 0.618829 -7.987467 0.560735 239.807236 0.245401 8.580193 1.263535 136.200793 0.195135 -44.328678 3.196838 1.268964 6.413905 -37.684785
1 -17.963733 0.310529 -87.375948 0.474557 260.888323 0.406309 2.997285 0.662714 234.652955 0.498838 -26.983018 0.987119 139.429754 0.261806 -55.934880 2.906291 1.817188 5.469652 -37.684785
1 -18.444050 0.496660 -83.163606 0.175752 252.652143 0.496715 -4.263634 0.767533 265.561090 0.621910 -22.460441 1.002330 88.874515 0.295451 -54.792760 4.073664 1.755662 4.638765 -37.684785
1 -17.760489 0.400742 57.008634 0.711517 298.968595 0.366616 13.474603 0.572076 197.562287 0.733299 -19.135799 0.289241 132.651203 0.161344 -65.649996 4.068947 1.321912 4.461885 -37.684785
1 -17.735164 0.464493 -66.862726 0.293867 256.046295 0.421513 -16.881077 0.715732 252.946180 0.664078 -42.351759 1.051779 99.672055 0.352631 -54.252483 3.323956 1.987362 4.352338 -37.684785
1 -17.767432 0.481306 78.179646 0.518580 277.888196 0.278702 62.992350 0.626965 212.089447 0.599552 -7.574376 0.411335 138.837966 0.295695 -74.895373 3.228572 1.310418 4.503990 -38.691953
1 -17.446430 0.486939 61.174562 0.571036 277.943331 0.382094 23.515819 0.678990 213.229048 0.702157 -29.924592 0.316007 138.612354 0.204953 -65.368659 4.730235 1.435262 4.018797 -38.691953
1 -16.985899 0.548405 43.749642 0.265735 264.279011 0.331210 29.733126 0.639658 226.471973 0.383419 -32.364084 0.322469 128.783633 0.074391 -65.446487 4.360717 1.050674 4.701201 -38.691953
1 -17.198720 0.500701 56.333238 0.670401 292.122511 0.360291 31.313353 0.744009 219.450026 0.795458 -17.445666 0.236736 132.933601 0.103274 -67.413073 5.068344 1.308902 3.886935 -38.691953
1 -16.398280 0.512051 58.060378 0.679328 304.359240 0.278903 40.135236 0.674512 193.532184 0.750041 -22.142034 0.240267 132.831008 0.157267 -74.633507 3.938668 1.387001 4.174125 -38.691953
1 -18.546658 0.294981 43.817414 0.151598 248.409925 0.621301 -6.214820 0.581241 242.613491 0.229750 7.603693 1.246471 136.806101 0.180905 -44.009752 3.427508 1.264801 6.390103 -38.691953
1 -18.970350 0.316972 89.136937 0.368416 257.694132 0.425828 -4.391029 0.728544 240.297117 0.546440 -26.302088 1.070683 133.537403 0.281936 -56.774095 2.936078 2.122188 5.743948 -38.691953
1 -16.906336 0.505945 -81.422839 0.239559 257.352388 0.466266 -4.580213 0.743496 258.100637 0.669885 -24.825843 0.935006 93.109695 0.299937 -55.819987 4.021540 1.811020 4.330136 -38.691953
1 -20.398702 0.395603 58.384139 0.680679 296.872897 0.425379 2.880700 0.606580 205.713279 0.727652 -10.090064 0.358088 135.895379 0.180568 -61.227750 3.789761 1.185561 4.448913 -38.691953
1 -17.698321 0.467755 -67.732785 0.288949 256.903888 0.415505 -15.719532 0.716118 252.239367 0.661801 -41.673813 1.032303 101.624318 0.353120 -54.252009 3.362532 2.036907 4.330957 -38.691953
1 -17.264506 0.498332 81.772192 0.510217 280.372003 0.254113 63.761604 0.624155 215.879466 0.628361 -13.377610 0.385307 132.963916 0.296169 -75.658745 3.256879 1.328151 4.358350 -39.709839
1 -16.001623 0.469922 73.133761 0.588594 281.051656 0.385547 24.128315 0.696664 214.937311 0.765459 -21.262480 0.432129 144.597710 0.230674 -64.656020 4.182544 1.620727 3.955290 -39.709839
1 -17.935700 0.507578 47.014706 0.230674 258.374215 0.329402 22.995755 0.641660 231.553520 0.383772 -35.676879 0.406653 129.909027 0.117888 -64.949430 4.227717 1.075994 5.127228 -39.709839
1 -20.116904 0.495158 54.528093 0.587709 280.147854 0.358428 34.600734 0.744449 230.945483 0.721986 -22.701270 0.299378 134.253613 0.141260 -65.731811 5.069119 1.339795 4.096290 -39.709839
1 -17.822587 0.490506 53.475263 0.669314 300.029759 0.315448 28.650089 0.637133 190.638464 0.757559 -26.031993 0.291981 140.198662 0.159693 -69.882953 4.119916 1.387024 4.223465 -39.709839
1 -18.692321 0.307748 47.468144 0.132501 248.817318 0.621967 -5.073689 0.574672 243.380305 0.222049 6.985881 1.228794 135.441880 0.188040 -44.515419 3.466884 1.199526 6.334126 -39.709839
1 -19.971724 0.318386 -89.058254 0.439840 265.933569 0.417764 -5.299715 0.735412 234.866708 0.615244 -25.029019 1.044713 134.914851 0.281255 -58.321935 2.931839 2.179855 5.650269 -39.709839
1 -18.170761 0.450769 82.727579 0.278325 258.096978 0.487289 -2.261388 0.782573 256.052210 0.654879 -20.711455 0.980999 98.659917 0.260903 -56.210831 4.146633 1.855221 4.822243 -39.709839
1 -18.242619 0.452581 62.951624 0.686222 297.670703 0.375350 15.660616 0.588188 202.839570 0.773047 -13.480683 0.268628 129.228108 0.191643 -64.948466 4.123378 1.217880 4.089320 -39.709839
1 -17.436980 0.474409 -75.791218 0.324144 262.069140 0.401692 -8.266982 0.694875 245.802481 0.652121 -46.745458 0.969506 108.839310 0.324961 -56.557997 3.209738 1.937081 4.431465 -39.709839
