#Nsample
#ln(Lhood)
#O1 : emass
#O1 : theta (deg)
#O1 : rc (arcsec)
#O1 : sigma (km/s)
#O2 : emass
#O2 : theta (deg)
#O2 : rc (arcsec)
#O2 : sigma (km/s)
#O3 : gamma
#O3 : theta (deg)
#Chi2
1 -4.299269 0.787472 -16.187813 0.386316 242.393771 0.025459 -78.784333 5.765131 462.340482 0.399079 5.835812 3.179546
1 -6.963662 0.729932 -54.007287 0.058985 227.490639 0.791200 -72.346389 3.919119 324.416607 0.557232 0.280940 8.508331
1 -6.593247 0.581853 -23.308399 0.317530 275.447526 0.163945 -76.246118 0.808887 212.202331 0.445728 23.251678 7.767501
1 -7.841408 0.597520 -46.552075 0.274408 317.492542 0.408142 -32.044605 6.527514 82.706023 0.419850 25.766635 10.263823
1 -6.965407 0.378843 -82.188781 0.150512 295.408773 0.583836 -38.542025 0.485127 71.727865 0.545282 30.128387 8.511821
1 -5.300081 0.455211 13.174015 0.063675 225.245921 0.705066 -63.097738 5.888449 265.318458 0.764747 26.419005 5.181169
1 -5.501182 0.092082 -80.416852 0.185001 234.055717 0.426768 -55.923879 5.397431 371.981606 0.419411 27.361953 5.583371
1 -5.567834 0.582450 -51.851700 0.165581 281.335272 0.021116 16.835742 6.399536 14.502472 0.465549 10.835507 5.716676
1 -7.113156 0.008039 9.048343 0.129203 280.060500 0.544151 56.701157 4.957605 137.632589 0.586884 24.326217 8.807320
1 -6.393758 0.662225 -53.038363 0.095956 286.542722 0.657730 -34.206964 1.486061 199.430583 0.342291 21.086800 7.368523
2 -4.174166 0.787186 -14.189873 0.331407 232.509478 0.038781 -81.232319 5.603705 462.574464 0.408077 8.307180 2.929340
2 -6.890105 0.680842 -46.253603 0.072810 223.061861 0.766501 -61.284593 3.547704 344.382047 0.553877 1.715080 8.361218
2 -6.660841 0.633609 -24.118616 0.267830 275.731957 0.195782 -84.637965 0.787252 218.309468 0.434805 22.406701 7.902690
2 -6.056673 0.372356 -68.772403 0.068574 274.836482 0.291466 -40.089103 0.960227 145.278504 0.503734 26.428173 6.694354
2 -7.557993 0.410478 -74.566068 0.070292 294.737621 0.560099 -39.461671 0.658533 65.006958 0.573039 28.404241 9.696994
2 -5.585914 0.463760 12.247983 0.052007 225.530438 0.767711 -65.563465 6.063692 275.197334 0.758441 27.197840 5.752836
2 -6.097495 0.078595 -83.045437 0.236100 240.396054 0.435204 -48.812431 4.995095 382.309932 0.357997 25.623209 6.775998
2 -5.654273 0.562688 -49.528091 0.193488 291.475141 0.025644 11.841820 6.387817 22.261677 0.462181 19.344093 5.889554
2 -5.646172 0.102311 -40.669947 0.112866 251.718224 0.519087 14.809555 0.869032 192.878387 0.613915 26.823097 5.873352
2 -4.924815 0.716412 -44.619854 0.293334 283.545225 0.078526 -49.019769 2.602756 230.507650 0.327283 4.690005 4.430637
3 -4.592661 0.772152 -14.136884 0.267916 236.624657 0.038078 -80.412457 5.656752 450.630168 0.421315 5.890971 3.766329
3 -5.597597 0.661310 -49.983461 0.128266 234.261380 0.797803 -55.762733 3.764549 370.969746 0.420224 1.070129 5.776201
3 -5.984588 0.684219 -25.881140 0.274926 276.361239 0.238120 88.006593 0.676452 220.989025 0.416918 20.120635 6.550184
3 -6.626101 0.673293 -21.015785 0.019514 217.055840 0.011622 -62.059562 2.692140 123.396386 1.033500 15.805434 7.833209
3 -4.014305 0.742804 -26.847369 0.202972 258.677965 0.613703 -70.458282 2.202046 246.305302 0.462539 -0.624831 2.609618
3 -5.332268 0.445967 8.355547 0.027741 225.692938 0.796204 -45.642504 6.351358 255.103084 0.792461 24.315941 5.245543
3 -6.816099 0.056981 -83.651352 0.257716 239.612232 0.397257 -48.921922 4.473645 378.314774 0.369666 27.069126 8.213205
3 -5.437060 0.582573 -53.571224 0.197275 286.761968 0.036064 10.858312 6.560697 50.580334 0.450046 16.742586 5.455128
3 -6.621324 0.106684 -39.969583 0.086913 252.791242 0.567332 14.322913 0.963129 195.763741 0.630081 30.076281 7.823656
3 -5.252078 0.696790 -41.999353 0.280216 283.606286 0.068097 -45.822367 2.791192 227.266664 0.347467 9.465280 5.085164
4 -4.533969 0.773513 -14.332552 0.269501 236.973885 0.040428 -79.507925 5.623354 450.112559 0.418594 5.876622 3.648945
4 -4.999062 0.589444 -42.172312 0.051934 217.238210 0.781350 -47.548528 4.203444 405.957506 0.337816 2.932994 4.579132
4 -5.005391 0.658550 -26.056562 0.292015 264.415124 0.248658 87.244313 0.965947 226.967206 0.426407 19.498027 4.591789
4 -7.448743 0.606538 -32.214712 0.020305 218.412263 0.167367 -68.453420 3.176310 121.468627 1.039021 16.875775 9.478493
4 -4.685452 0.780857 -42.164191 0.164023 251.375849 0.797465 -65.181970 2.221408 296.551372 0.364918 0.733430 3.951912
4 -5.695598 0.386938 7.620984 0.027585 221.649320 0.014938 -38.131330 6.156647 272.082425 0.801923 26.136100 5.972203
4 -5.328806 0.029835 -89.084942 0.164576 226.243588 0.397048 -48.583907 4.704259 364.675486 0.449089 25.736768 5.238620
4 -5.417160 0.604059 -56.896847 0.120306 273.570385 0.080414 13.235758 6.050226 33.061293 0.577684 18.469351 5.415328
4 -7.928415 0.052098 -40.381198 0.132219 261.793375 0.499594 19.376696 0.867880 204.626414 0.597986 29.576824 10.437837
4 -5.038605 0.793960 -44.080712 0.195440 266.254982 0.230127 -24.606581 0.546371 257.897649 0.254115 11.678411 4.658218
5 -4.367495 0.767963 -14.610098 0.169521 227.441870 0.042522 -79.011572 5.674215 450.902908 0.426785 8.049417 3.315997
5 -4.432354 0.466672 -43.145452 0.010627 207.085434 0.648280 -36.061077 4.734710 378.870875 0.485227 10.300446 3.445715
5 -7.057088 0.699898 -43.107157 0.028956 222.718908 0.494040 0.694960 4.152019 173.559725 0.948098 8.752399 8.695184
5 -10.535365 0.773393 -65.063026 0.046115 231.369584 0.677857 -88.256417 0.748406 198.702363 0.813535 2.175683 15.651737
5 -4.695568 0.734597 -43.833672 0.175498 238.682010 0.699525 -73.542599 2.919889 342.018544 0.300445 1.967645 3.972144
5 -6.609956 0.357970 -2.038229 0.047836 219.132701 0.769746 -47.542543 5.768702 304.544362 0.726489 26.457601 7.800919
5 -5.170471 0.025184 -88.617772 0.165796 231.772339 0.381539 -37.966253 4.980711 339.792792 0.508971 24.655411 4.921949
5 -5.793120 0.658760 -57.948909 0.167237 273.544128 0.193476 1.318338 6.484204 86.355751 0.502357 8.615910 6.167248
5 -5.443800 0.135000 -50.132333 0.116110 253.865105 0.579676 4.993085 5.790955 161.810565 0.664325 23.412889 5.468607
5 -4.491792 0.793573 -55.376875 0.065951 261.355755 0.222650 -15.425485 0.796468 256.168650 0.231607 13.965619 3.564591
6 -4.539078 0.777981 -18.263711 0.183365 213.332848 0.004814 -76.562079 5.656902 447.246315 0.464747 8.485768 3.659163
6 -3.713997 0.424708 -67.708281 0.017019 178.251775 0.575252 -48.420823 3.934247 369.343669 0.485732 11.801652 2.009001
6 -6.756789 0.540344 -38.106296 0.023627 220.548776 0.613169 23.673403 5.301451 151.559649 0.991855 15.245933 8.094585
6 -7.256999 0.750297 -51.834748 0.058165 237.523300 0.703354 -84.872654 5.989463 211.635652 0.757636 3.505890 9.095006
6 -5.053122 0.746057 -38.564600 0.317295 257.305882 0.687289 -75.592357 2.984729 330.103971 0.333268 -1.931084 4.687252
6 -6.030788 0.395750 -0.358561 0.048202 217.553274 0.763659 -38.144228 6.001263 304.874841 0.731339 25.472013 6.642583
6 -5.699088 0.009913 -87.037944 0.244590 240.135548 0.373956 -42.831462 5.007626 358.902781 0.439862 25.120320 5.979184
6 -5.978668 0.720492 -43.971142 0.130322 276.784709 0.212739 -5.171077 6.058502 94.328828 0.547323 3.516001 6.538343
6 -7.376343 0.130799 -28.525649 0.023624 254.408189 0.002801 13.613111 6.098751 146.654789 0.757106 29.656109 9.333693
6 -4.822528 0.777876 -52.387369 0.074487 262.543533 0.229808 -18.244914 0.824067 257.957893 0.253614 13.979546 4.226065
7 -4.661742 0.785150 -17.114659 0.152224 215.840950 0.006997 -78.494694 5.888549 442.554866 0.490580 10.301910 3.904492
7 -4.226644 0.483311 -70.961508 0.020351 177.988916 0.581325 -62.319099 3.924456 370.360191 0.408350 7.156797 3.034296
7 -6.283231 0.556496 -41.038847 0.005267 197.066643 0.549436 9.660075 5.650695 209.437599 0.961842 13.157904 7.147470
7 -6.688206 0.791073 -41.965865 0.071424 240.497133 0.681540 87.747832 5.407204 223.429262 0.744567 6.248779 7.957420
7 -5.053839 0.759705 -38.437070 0.178420 261.832677 0.577350 -74.598073 3.364117 302.572807 0.323160 9.358129 4.688685
7 -5.146486 0.392800 -0.377766 0.044732 209.461641 0.701434 -46.970190 6.275586 312.032916 0.711494 23.518790 4.873979
7 -6.193745 0.000042 -87.999274 0.232888 247.279985 0.409489 -39.290822 4.931960 349.467723 0.430041 24.806750 6.968498
7 -5.674810 0.610942 -42.284710 0.105676 264.750337 0.181954 25.948770 6.062290 91.439752 0.587719 14.145570 5.930628
7 -6.775767 0.201191 -22.196243 0.034454 259.389590 0.487012 22.551088 6.462517 115.421592 0.743989 25.700245 8.132541
7 -4.851057 0.795654 -47.384029 0.078992 256.127936 0.247281 -11.233339 1.081887 249.660485 0.390426 13.244298 4.283121
8 -5.251516 0.784271 -25.130578 0.193307 206.272565 0.032568 84.022568 5.949751 472.409286 0.452811 5.117355 5.084040
8 -3.789522 0.436073 -63.979034 0.011193 190.280997 0.602710 -55.753328 3.877576 370.079104 0.383809 7.845730 2.160052
8 -6.493135 0.641745 -40.897239 0.013511 222.718049 0.264647 23.648712 4.841112 289.465603 0.778978 16.362818 7.567278
8 -5.866582 0.443719 -56.798888 0.014834 227.050007 0.717805 -47.416315 5.269911 18.105948 0.770639 19.446587 6.314172
8 -5.163098 0.663744 -35.546342 0.005516 228.947737 0.744525 -62.592233 4.804957 294.473320 0.548759 9.986614 4.907204
8 -4.891286 0.526755 -11.639217 0.030899 193.480594 0.771041 -72.980227 6.073141 315.052561 0.672853 16.097861 4.363579
8 -5.198169 0.021244 83.761245 0.185854 238.720537 0.413495 -33.381631 4.880695 335.660195 0.478712 21.334188 4.977345
8 -5.828800 0.669824 -59.786819 0.064350 262.001415 0.180055 37.158264 5.600645 52.814333 0.645285 12.884862 6.238607
8 -6.209430 0.218711 -31.459114 0.144626 264.565340 0.496462 25.707981 6.024380 119.080831 0.664438 27.814217 6.999868
8 -3.948841 0.716978 -49.914127 0.049185 222.610068 0.135232 -20.142658 1.089320 263.415632 0.394375 13.713343 2.478690
9 -4.752538 0.783079 -24.819645 0.113140 203.104551 0.019725 82.765149 5.709595 471.723360 0.410477 5.629474 4.086084
9 -4.321319 0.453195 -48.960705 0.074970 190.524738 0.777493 -66.881734 5.213716 440.129408 0.305122 -3.927394 3.223646
9 -6.875458 0.751758 -38.993194 0.004728 215.071536 0.295025 11.700300 4.917700 339.932855 0.777437 14.507328 8.331925
9 -6.045548 0.372023 -60.368138 0.044482 224.241943 0.787618 -57.319984 5.821348 57.513547 0.751507 16.363436 6.672103
9 -5.902392 0.794075 -36.142349 0.034565 238.393608 0.706542 -45.501749 4.872548 326.356114 0.536912 0.496911 6.385792
9 -4.324915 0.522961 -3.737133 0.032288 185.626884 0.662665 -62.466646 5.941011 362.401847 0.638913 15.210472 3.230837
9 -5.565432 0.009261 86.222504 0.069566 237.632434 0.415038 -33.985837 5.003912 334.930394 0.502383 20.836119 5.711872
9 -5.445171 0.717734 -72.110296 0.043318 271.247536 0.167095 76.093909 6.563638 71.182857 0.689440 23.066333 5.471350
9 -5.480974 0.221252 -42.757979 0.068616 261.828773 0.500914 28.453026 5.865608 101.007080 0.648450 21.060553 5.542955
9 -4.376058 0.761347 -66.260338 0.037747 219.474212 0.159711 -4.887403 1.104618 265.543061 0.370323 11.037899 3.333124
10 -5.250237 0.772710 -28.052706 0.073776 202.999816 0.032618 80.569715 5.622108 461.502272 0.406430 9.732855 5.081482
10 -6.016268 0.172660 -38.721671 0.071268 242.805352 0.136217 -21.491346 0.475410 206.561576 0.569057 25.806138 6.613543
10 -6.760975 0.729003 -43.109588 0.008956 189.469094 0.357063 -19.373642 3.972966 389.941470 0.681352 11.882646 8.102958
10 -6.359403 0.477372 -45.377770 0.024285 223.039635 0.740216 -62.675011 4.976059 47.182397 0.769233 15.380986 7.299814
10 -5.271059 0.786589 -55.673758 0.034625 235.679102 0.701476 -52.134200 4.717236 308.839699 0.510281 8.504172 5.123126
10 -4.138871 0.478517 -5.251100 0.021872 177.808608 0.782598 -73.251783 5.984891 374.138674 0.608918 18.703276 2.858750
10 -6.426142 0.009335 79.954490 0.071044 243.400612 0.499811 -46.227291 3.141590 293.665711 0.478896 24.157512 7.433291
10 -6.069296 0.777072 -67.393587 0.011127 268.322928 0.223545 -79.103346 2.742934 88.605499 0.771917 22.105844 6.719600
10 -6.304254 0.182537 -52.973168 0.042770 261.478749 0.515463 24.684617 5.615217 65.844126 0.638793 18.939370 7.189515
10 -4.239884 0.755749 -70.831506 0.009281 232.230812 0.051881 24.807595 0.119115 188.443723 0.442298 15.745756 3.060775
11 -5.797329 0.771000 -33.054683 0.033577 183.990118 0.023085 73.450762 5.774314 473.460405 0.410794 14.661972 6.175666
11 -5.842802 0.178389 -36.032457 0.063966 239.749723 0.086463 -16.035966 0.211109 206.940977 0.542914 26.596970 6.266611
11 -5.534856 0.569094 -55.461898 0.001687 217.587388 0.167159 34.259496 4.984501 289.450524 0.712134 18.455407 5.650719
11 -6.011924 0.575735 -67.270516 0.004877 225.437301 0.614189 -74.216696 3.235577 53.019753 0.761975 15.172959 6.604856
11 -5.069983 0.710648 -39.112946 0.108530 241.823612 0.713623 -59.274599 4.239214 289.507394 0.463053 8.077112 4.720973
11 -5.996761 0.739654 -65.986460 0.114874 296.510646 0.253491 53.462349 1.925202 79.965708 0.418063 29.867969 6.574530
11 -7.813545 0.024304 76.342938 0.077313 250.731913 0.392308 -33.696359 2.601081 283.822686 0.464640 22.010690 10.208098
11 -6.873127 0.744180 -50.898045 0.028414 266.939974 0.242109 -37.097686 4.284477 141.101704 0.665520 23.179020 8.327261
11 -6.153085 0.177282 -54.285181 0.058608 259.540716 0.534533 25.856552 5.689113 63.026649 0.642191 19.215708 6.887178
11 -4.612652 0.756629 -64.220303 0.004932 228.057431 0.097743 17.911932 0.427595 196.982500 0.444333 15.892609 3.806312
12 -5.488378 0.704379 -38.737019 0.087710 181.835146 0.118568 54.377780 4.919351 451.466285 0.408140 8.559902 5.557764
12 -4.777469 0.178429 -39.143957 0.132626 236.183633 0.084845 -9.397905 0.172583 206.460170 0.537296 24.729221 4.135946
12 -5.978604 0.692735 -50.734112 0.029275 213.539508 0.079620 45.563054 6.254081 372.749261 0.635285 12.292430 6.538215
12 -8.980446 0.612186 -52.193971 0.080338 218.759654 0.529966 -47.186900 4.117586 111.397202 0.739381 -0.370452 12.541899
12 -5.064712 0.739424 -72.161168 0.020622 238.377103 0.617739 -62.983224 2.134719 262.036217 0.546102 16.574792 4.710432
12 -4.356393 0.363061 -8.935794 0.002392 175.968784 0.659586 -81.304116 3.907064 332.486936 0.642941 26.559330 3.293794
12 -7.435866 0.025062 76.006144 0.115769 251.171680 0.337534 -26.395673 2.613790 282.246625 0.466289 24.011836 9.452739
12 -6.155576 0.787859 -46.284905 0.107251 286.832373 0.145847 -25.514928 4.490977 110.438464 0.578766 10.979918 6.892160
12 -5.391691 0.162924 -51.418686 0.103592 258.912871 0.549348 27.312688 5.693000 53.292885 0.660776 20.692455 5.364390
12 -4.333613 0.798029 -61.703124 0.001635 222.722601 0.068337 18.207229 0.713008 231.147559 0.432306 14.271286 3.248234
13 -4.256946 0.770427 -21.165450 0.132303 202.512177 0.050231 55.466349 4.571791 434.522237 0.430203 10.959098 3.094900
13 -3.843931 0.194387 -31.157903 0.122132 224.153562 0.215283 -40.024859 1.311391 212.713162 0.584468 19.577583 2.268870
13 -6.000635 0.640984 -46.285415 0.031625 219.709001 0.229295 1.685345 6.530185 305.167773 0.734098 11.405401 6.582278
13 -8.705477 0.650193 -55.109008 0.018300 225.676851 0.454686 -37.137392 4.042963 90.027667 0.713472 -0.184017 11.991963
13 -4.678882 0.473906 -54.813548 0.043215 243.554415 0.155680 36.203710 0.081921 138.591913 0.567933 23.317006 3.938772
13 -3.951951 0.269796 10.379926 0.021903 184.015461 0.692883 -85.860175 4.142702 331.879906 0.615483 28.004860 2.484910
13 -6.214356 0.021998 75.500312 0.122276 249.081156 0.345839 -26.260873 2.700815 271.202667 0.487383 23.013470 7.009719
13 -6.600628 0.770943 -35.000200 0.094978 293.616398 0.108627 -41.604648 3.152467 135.963996 0.537260 12.854202 7.782264
13 -5.447842 0.163137 -52.463049 0.113136 260.973893 0.547732 29.274908 5.591885 55.089740 0.651624 21.710877 5.476691
13 -5.918817 0.741573 -57.728223 0.027860 249.802275 0.134724 -6.600178 0.701569 134.779718 0.475335 14.338456 6.418642
14 -4.830195 0.727994 -44.866031 0.148269 236.385335 0.277890 -56.641074 1.898787 264.082032 0.478239 5.312691 4.241397
14 -6.800269 0.128670 -33.439854 0.142762 247.162153 0.239970 -34.700052 1.410833 225.698180 0.555589 29.698465 8.181546
14 -5.978056 0.699353 -50.812449 0.012321 205.972826 0.228636 -4.035652 6.122695 333.225771 0.725582 12.014705 6.537120
14 -8.101921 0.612230 -47.097550 0.013736 209.151543 0.546847 -47.125583 4.604717 122.679016 0.817043 3.499248 10.784850
14 -4.695290 0.486936 -54.036698 0.063658 239.840156 0.119526 32.391757 0.132478 140.723936 0.613198 25.751303 3.971588
14 -4.659937 0.312585 -5.789070 0.003793 175.691855 0.709941 -76.000714 4.515222 318.165644 0.670837 26.661514 3.900882
14 -5.320392 0.020711 74.000264 0.120905 241.169546 0.370959 -32.724105 2.470848 262.756122 0.517675 23.323088 5.221792
14 -6.440351 0.654696 -50.518247 0.001699 146.932205 0.398718 -9.736061 4.053946 440.517014 0.684470 5.213265 7.461710
14 -5.469416 0.170246 -54.214877 0.089910 260.338337 0.545097 27.672740 5.596775 63.501240 0.645989 20.739041 5.519839
14 -5.592973 0.716943 -54.597556 0.056517 263.210844 0.060230 -17.538609 0.135422 112.959770 0.450105 14.830975 5.766954
15 -6.279287 0.765570 -46.317124 0.175153 234.568659 0.216051 -39.583477 1.976222 311.320433 0.476144 3.518859 7.139582
15 -6.219756 0.231266 -50.141937 0.103862 257.364967 0.191164 -27.992874 1.580427 192.255925 0.557199 28.751334 7.020521
15 -5.311727 0.705738 -30.543841 0.127578 228.541884 0.016033 38.111597 4.911982 354.433542 0.474363 12.938208 5.204461
15 -7.624804 0.596541 -37.113417 0.056765 206.614071 0.515465 -88.259880 3.075896 172.184600 0.765331 2.714130 9.830616
15 -5.863429 0.505740 -57.024775 0.070215 259.454743 0.665295 41.485836 5.903564 108.078798 0.597206 25.786326 6.307867
15 -4.865465 0.345930 -8.003923 0.018789 185.142463 0.664379 -68.261391 4.331591 336.293432 0.632892 25.661827 4.311937
15 -5.317247 0.012087 75.377790 0.091408 237.794386 0.366992 -34.809534 2.582694 274.467408 0.503679 22.485019 5.215502
15 -5.784741 0.656695 -43.346856 0.027876 160.948334 0.350601 3.948368 4.425126 468.692106 0.587910 9.257705 6.150489
15 -6.816901 0.148168 -60.331143 0.052789 271.854073 0.591342 41.262212 6.301145 29.421919 0.653321 24.854987 8.214809
15 -4.527823 0.792228 -61.590665 0.061121 255.613204 0.001294 -10.664293 0.285342 195.036831 0.456291 14.525379 3.636653
16 -6.598433 0.555677 -52.903381 0.071055 262.062858 0.088587 -77.762500 4.554895 86.759650 0.656188 28.059059 7.777873
16 -6.477429 0.227168 -64.966492 0.145133 284.047256 0.195330 33.023619 2.250285 110.157410 0.554962 25.934595 7.535865
16 -4.953325 0.651469 -31.086589 0.127486 228.647174 0.002222 47.356985 5.050079 362.680073 0.471312 13.509657 4.487657
16 -7.747648 0.589925 -41.739368 0.061193 204.736964 0.520847 -87.265532 3.307168 179.266306 0.772214 2.292043 10.076303
16 -6.541489 0.531738 -50.560457 0.047907 256.775289 0.131124 86.787854 0.570570 120.382864 0.650240 28.935708 7.663986
16 -4.233239 0.336916 -14.079129 0.012517 201.734851 0.718174 -81.934948 3.416374 264.078040 0.652375 22.860683 3.047486
16 -5.201197 0.025294 71.122491 0.103285 234.758208 0.351293 -29.501729 2.414439 280.053801 0.490976 21.522872 4.983402
16 -4.797701 0.580847 -61.514495 0.014221 190.094573 0.513535 -8.948157 1.860940 317.815860 0.642865 11.488010 4.176409
16 -5.794586 0.132635 -56.156245 0.047713 253.005821 0.539334 33.548959 6.395320 79.719265 0.699240 22.628656 6.170179
16 -5.114829 0.652061 -63.106764 0.049921 253.692813 0.434782 -5.021689 0.387938 114.151714 0.602479 16.162076 4.810665
17 -6.386800 0.572015 -51.367859 0.078077 274.183990 0.004429 69.097482 3.770776 111.134499 0.576664 25.461264 7.354608
17 -5.722497 0.281697 -83.338688 0.182890 273.744547 0.218999 40.817525 1.659439 98.317279 0.597231 28.944115 6.026001
17 -4.917818 0.636763 -28.849990 0.128398 227.200160 0.044800 59.308068 5.260606 366.719276 0.465275 12.075754 4.416643
17 -7.964951 0.707851 -47.750620 0.013839 194.190902 0.432456 -84.097604 1.881726 199.241839 0.765190 -1.006636 10.510909
17 -5.914100 0.596713 -52.746837 0.006835 250.669295 0.149142 -12.060746 4.894902 82.210505 0.712103 20.000099 6.409208
17 -4.813054 0.327130 -17.745500 0.029986 203.219913 0.684689 -74.099620 3.948288 254.813591 0.658266 23.697814 4.207115
17 -5.877865 0.044461 73.176015 0.094107 239.821658 0.343115 -28.239856 2.188412 274.141194 0.477798 22.268476 6.336737
17 -4.670108 0.482860 -56.071693 0.008097 178.014553 0.633191 -28.455860 2.596027 341.041194 0.662943 10.413943 3.921224
17 -5.848760 0.168662 -57.653721 0.002175 249.482830 0.584965 34.768158 6.466486 89.083266 0.703264 22.224833 6.278527
17 -5.621803 0.794930 -68.449687 0.009712 271.304712 0.322271 32.884367 6.533697 94.152468 0.692479 19.734108 5.824614
18 -6.459817 0.696306 -54.290576 0.065847 280.831911 0.544959 81.099225 3.562407 71.130599 0.552463 24.548209 7.500642
18 -6.298317 0.262830 -81.131193 0.012330 262.956027 0.331727 -5.162136 0.782550 68.480788 0.660296 26.971078 7.177642
18 -4.924701 0.624704 -29.593329 0.087563 234.236225 0.054088 64.097095 5.314497 364.288272 0.456504 13.438286 4.430409
18 -7.185779 0.571705 -37.331836 0.029433 177.360682 0.496159 -34.258894 2.471034 288.186592 0.728203 -1.280690 8.952566
18 -5.206613 0.563559 -42.500438 0.072770 260.918586 0.448975 -83.208185 0.413283 121.349161 0.530150 21.739275 4.994234
18 -4.807166 0.403509 -16.870382 0.018853 187.367241 0.721068 -77.477530 3.810506 260.623753 0.694829 19.679131 4.195339
18 -7.311920 0.005798 76.710876 0.035990 240.501889 0.351560 -34.063730 2.229654 271.945208 0.491621 22.658724 9.204848
18 -5.125405 0.519062 -65.937100 0.010166 181.714461 0.581012 -29.741407 2.078741 316.519292 0.677280 8.675622 4.831818
18 -5.993437 0.161460 -52.457649 0.022410 253.583034 0.598336 62.472075 0.374270 119.447114 0.631364 23.025601 6.567882
18 -6.298866 0.786136 -58.382122 0.013564 277.630814 0.319690 38.836222 6.420349 105.769793 0.675458 15.241444 7.178740
19 -6.214041 0.638277 -52.630788 0.050925 273.491935 0.554319 77.282482 2.162682 14.210686 0.548038 19.955134 7.009090
19 -6.414469 0.220705 -80.113659 0.082227 270.003286 0.357992 -36.994768 0.200663 89.862984 0.669320 29.239340 7.409945
19 -5.582745 0.738140 -36.597355 0.105128 227.252341 0.016235 69.404839 4.699426 412.409391 0.380265 16.308768 5.746497
19 -8.270323 0.711020 -43.681380 0.038994 213.598388 0.792573 -77.515308 3.943986 178.413070 0.905250 -0.423716 11.121654
19 -4.512976 0.611719 -42.268009 0.019663 222.521387 0.517436 -84.632207 0.649118 236.285884 0.517885 19.502514 3.606959
19 -4.297969 0.370426 -13.322903 0.008952 181.188963 0.771252 -83.883358 3.846378 273.300762 0.743192 20.465288 3.176946
19 -5.762210 0.001203 76.769615 0.037195 231.811379 0.352528 -27.114779 3.141905 286.526053 0.537209 20.215346 6.105428
19 -4.718171 0.578190 -67.555652 0.016040 198.077133 0.578350 -37.093263 2.319664 303.594651 0.631427 12.631302 4.017349
19 -7.023300 0.208925 -61.069064 0.027860 272.849195 0.633628 70.667873 0.049559 61.478908 0.610427 23.517203 8.627607
19 -6.314498 0.793504 -68.991387 0.100603 289.856180 0.314286 42.175310 5.914793 137.174987 0.697754 17.048996 7.210004
20 -6.067831 0.685350 -55.590222 0.104093 282.590088 0.649258 41.144807 1.182482 30.071182 0.512025 22.850607 6.716669
20 -7.622739 0.280770 -62.913996 0.012078 274.914694 0.141828 3.676264 0.884370 109.997985 0.564399 25.515601 9.826486
20 -5.536971 0.784751 -37.787990 0.098267 218.789712 0.038221 50.336243 5.497497 442.654480 0.427012 11.514876 5.654950
20 -5.672873 0.471899 -26.590192 0.036589 217.353402 0.005910 53.650405 0.602355 92.886857 0.811630 13.565874 5.926754
20 -4.139351 0.711912 -46.087023 0.054515 229.231385 0.549410 -55.476945 0.567677 207.894452 0.505462 12.854858 2.859710
20 -4.368276 0.034877 30.047512 0.010221 190.851395 0.697020 -70.444131 5.013356 272.791771 0.751414 23.431355 3.317560
20 -5.763762 0.007955 76.356085 0.038323 232.270154 0.367309 -16.550595 3.406071 274.928488 0.570554 19.434414 6.108532
20 -5.050103 0.722066 -73.873621 0.019433 205.457700 0.558277 -27.929579 2.624378 294.390578 0.661891 7.613936 4.681214
20 -6.952646 0.253359 -61.536039 0.038276 274.418769 0.650515 48.551669 0.254875 57.161585 0.602062 24.047209 8.486300
20 -6.204009 0.792669 -69.904430 0.022672 269.933814 0.431083 28.065498 5.783675 137.569361 0.733710 12.900424 6.989026
21 -6.538350 0.507102 -64.092060 0.093847 295.890169 0.140880 25.944055 5.531454 50.319813 0.471392 27.907937 7.657708
21 -5.596581 0.323008 -47.122216 0.064436 257.777715 0.022596 16.927104 1.261981 181.809757 0.534073 25.389262 5.774170
21 -5.549829 0.751204 -30.900807 0.084972 215.328987 0.041527 56.201325 5.130486 424.874886 0.398779 14.795306 5.680665
21 -5.921204 0.528944 -40.765470 0.003945 234.287656 0.749860 44.329454 1.030730 23.814124 0.818594 14.106451 6.423415
21 -4.356170 0.747967 -44.122639 0.019657 212.971301 0.463640 -65.372007 1.256720 252.801862 0.518726 13.068365 3.293348
21 -4.177213 0.030710 34.107830 0.015231 186.618451 0.719117 -73.084553 4.471910 273.314709 0.744370 22.878019 2.935434
21 -4.781666 0.775895 -79.659677 0.027124 232.696033 0.298421 -3.062884 3.352130 255.246916 0.571322 24.481857 4.144339
21 -5.118456 0.722488 -71.666802 0.014912 201.971069 0.565098 -31.652603 2.540921 299.568825 0.672877 7.173830 4.817919
21 -7.696724 0.270826 -73.412056 0.031107 273.268093 0.586219 26.859115 0.240517 120.781005 0.536686 23.648989 9.974455
21 -6.805467 0.780729 -53.722704 0.031317 256.223535 0.305292 45.639037 6.115703 190.007454 0.729529 7.824703 8.191941
22 -5.592639 0.646524 -61.170600 0.065046 273.166372 0.370446 9.410453 5.344726 76.913857 0.504752 19.783390 5.766286
22 -5.151095 0.471381 -56.700960 0.058030 239.377086 0.047247 27.236587 1.749103 142.627624 0.673618 23.768652 4.883197
22 -4.979170 0.678155 -45.329364 0.025862 226.791384 0.375298 -41.194105 2.171898 234.933773 0.611305 13.206724 4.539347
22 -5.759185 0.501636 -35.970120 0.012693 223.142069 0.798676 36.938139 0.120764 74.296346 0.859119 14.413611 6.099378
22 -4.858654 0.718621 -36.302938 0.011174 216.178168 0.426879 -71.189733 1.920335 254.608516 0.495678 16.365232 4.298315
22 -4.244417 0.046764 28.346299 0.015906 186.504809 0.704088 -74.515252 4.621489 289.403718 0.728457 25.385387 3.069841
22 -5.460793 0.636665 -82.981573 0.053238 263.207572 0.117704 15.729015 2.691607 189.946812 0.532739 31.515098 5.502593
22 -5.880921 0.776259 -71.121457 0.020398 204.643176 0.475327 -12.859611 2.748965 295.095851 0.660318 6.939466 6.342850
22 -7.954245 0.277867 -58.454077 0.221474 284.433232 0.699345 16.641868 0.003384 124.748914 0.598385 33.132984 10.489497
22 -7.037903 0.760039 -67.120998 0.085532 256.871168 0.253988 56.658243 6.068439 192.536125 0.741661 7.757236 8.656814
23 -5.894023 0.694541 -59.919509 0.050255 262.841052 0.412234 13.752869 6.421281 98.371888 0.566098 15.838475 6.369053
23 -4.977062 0.410374 -45.002068 0.048276 230.274896 0.113857 0.799693 0.883892 184.002789 0.640261 26.075995 4.535131
23 -4.942646 0.767539 -48.121998 0.035511 229.248975 0.297417 -47.652909 1.148028 238.059352 0.574888 10.501867 4.466299
23 -6.516675 0.271133 -21.861177 0.019037 222.789624 0.600971 34.848061 3.832015 85.540441 0.890696 28.883646 7.614358
23 -5.345970 0.767541 -37.471989 0.011756 211.522627 0.377637 -83.333530 1.235670 292.055571 0.488107 15.017838 5.272947
23 -4.273455 0.083812 24.222484 0.008368 181.354504 0.705771 -78.225363 4.928159 307.902044 0.692682 25.513771 3.127919
23 -5.517309 0.595756 -69.445623 0.016918 244.048001 0.234176 10.559581 4.809571 222.133177 0.604046 26.649218 5.615625
23 -3.753871 0.601666 -52.284232 0.026364 198.275042 0.552386 -41.555282 1.212731 272.533867 0.528117 10.537040 2.088750
23 -6.818106 0.376532 -58.097087 0.198792 293.390971 0.047017 10.821411 1.760571 83.974424 0.491905 30.370303 8.217220
23 -7.587409 0.764377 -65.097061 0.071883 235.468884 0.274815 44.260567 5.328978 207.629822 0.761873 3.934813 9.755825
24 -4.904336 0.794524 -63.020513 0.141620 288.549514 0.395430 -27.348837 0.058970 128.582602 0.337689 10.547543 4.389680
24 -5.055093 0.429634 -47.022882 0.099264 252.973014 0.037323 -6.709136 0.338655 165.793493 0.540063 26.233889 4.691194
24 -5.127439 0.702816 -43.643980 0.024232 239.596186 0.356294 -61.567914 1.666608 212.703085 0.556245 15.717319 4.835885
24 -5.660860 0.430637 -46.590287 0.019201 242.890753 0.592943 38.126653 0.807112 48.846906 0.732866 20.816509 5.902728
24 -4.595122 0.748083 -47.443432 0.061594 221.178980 0.396259 -78.733426 1.142768 240.865850 0.495485 7.256718 3.771251
24 -4.077901 0.096310 27.260735 0.012582 179.009074 0.709955 -87.026657 4.628200 320.965935 0.667747 24.841433 2.736809
24 -6.195942 0.685975 -47.639260 0.013161 212.318673 0.144698 -69.468772 3.907892 356.472238 0.532289 23.680437 6.972892
24 -4.526772 0.438627 -37.400090 0.014670 191.105859 0.588501 -31.454871 2.625855 292.736116 0.582738 15.391387 3.634551
24 -7.388659 0.447443 -52.115795 0.005550 283.174663 0.160970 12.007723 0.963236 54.130684 0.528026 20.290601 9.358326
24 -7.297014 0.745676 -61.288753 0.055930 232.248233 0.404120 51.351431 5.143913 197.309041 0.824211 6.699892 9.175036
25 -5.584008 0.729812 -65.551648 0.159232 291.356443 0.363292 -21.916808 5.142334 124.970651 0.338770 18.660135 5.749024
25 -6.527513 0.407159 -47.766770 0.032399 258.153524 0.005799 -8.138486 0.287639 170.575874 0.525465 25.934572 7.636033
25 -4.317776 0.787992 -66.619533 0.014203 253.074718 0.741875 -57.496788 1.261524 222.955526 0.453453 17.072915 3.216560
25 -5.576894 0.516746 -57.457907 0.016395 247.684649 0.618391 45.960879 0.200582 39.704181 0.711337 20.588381 5.734795
25 -4.515384 0.716261 -40.413668 0.165976 237.759275 0.151901 -84.990053 1.979116 259.304001 0.432684 7.525393 3.611776
25 -4.473293 0.149342 11.648618 0.017699 196.167096 0.780308 -72.048998 4.588798 283.415043 0.700234 27.650389 3.527593
25 -5.535937 0.770261 -59.901337 0.144961 295.952207 0.708048 -63.522906 3.854258 87.410554 0.401856 13.385604 5.652882
25 -3.894135 0.405956 -31.727809 0.013181 184.594947 0.584889 -46.736828 2.458260 306.340811 0.571190 5.790861 2.369278
25 -8.181693 0.565689 -53.790367 0.024501 293.010010 0.080368 -29.077037 1.122957 107.025193 0.444344 16.859681 10.944394
25 -8.749796 0.786479 -60.131624 0.044615 218.990152 0.425473 46.293960 4.837055 237.360936 0.811909 1.528881 12.080600
26 -5.539978 0.708101 -65.840750 0.168592 294.564213 0.472949 -25.629669 5.261685 112.801915 0.347533 22.027176 5.660963
26 -5.982078 0.413383 -46.323320 0.105278 246.928987 0.088616 -32.922607 0.115700 184.707269 0.561994 28.562901 6.545164
26 -4.189998 0.771914 -68.598496 0.038836 234.740327 0.625880 -76.332114 0.683096 246.936148 0.427898 15.407692 2.961004
26 -6.280508 0.719489 -69.450319 0.035596 240.624068 0.235733 71.400992 0.447230 80.185479 0.602695 11.942243 7.142023
26 -4.802431 0.794034 -41.584613 0.215959 256.283756 0.287756 -61.620873 1.845990 264.206652 0.415514 0.966154 4.185870
26 -4.661976 0.178937 9.265103 0.023293 199.351186 0.797315 -64.751145 4.662742 279.813242 0.704757 27.395693 3.904960
26 -5.447616 0.789984 -68.304095 0.110042 289.662965 0.780244 85.875439 2.896663 113.040407 0.345052 17.102087 5.476239
26 -3.874609 0.425993 -33.715225 0.003866 166.528950 0.703187 -32.936592 2.202345 326.676994 0.622884 6.311506 2.330226
26 -7.078442 0.484293 -55.586482 0.016836 279.730639 0.115822 -85.322842 1.432945 95.573249 0.478638 22.615622 8.737892
26 -6.855272 0.723061 -63.281327 0.012903 224.507188 0.506177 45.120030 5.951211 202.186212 0.815804 8.340894 8.291552
27 -5.350891 0.714159 -70.406360 0.125346 290.682737 0.460441 4.526732 6.387336 91.186777 0.399665 22.879480 5.282789
27 -7.043830 0.462553 -51.341220 0.039708 237.279289 0.083626 -25.015852 0.642482 203.214214 0.587649 32.206192 8.668668
27 -5.438229 0.689184 -50.838670 0.034387 226.169123 0.101237 -78.132741 3.279772 271.091716 0.465992 14.023213 5.457465
27 -6.708512 0.739526 -53.959344 0.058425 259.002808 0.111968 69.037690 6.444938 34.482260 0.593181 7.201631 7.998031
27 -4.455777 0.761017 -33.832370 0.351992 274.244189 0.305659 -56.534492 1.677284 229.793037 0.453860 -3.279124 3.492562
27 -4.233745 0.189025 12.800019 0.039003 207.321570 0.729314 -85.007123 3.961402 289.369274 0.632475 26.839022 3.048498
27 -5.806200 0.730138 -56.674648 0.168352 303.641604 0.539803 -80.077095 3.625722 87.649262 0.401400 19.723329 6.193407
27 -3.915598 0.422859 -44.593182 0.023152 180.481177 0.481516 -42.023498 2.340494 316.038956 0.581665 9.677103 2.412203
27 -5.913835 0.485654 -48.363448 0.102561 287.665567 0.761715 -82.363755 1.199329 95.023041 0.476205 21.620950 6.408677
27 -5.845598 0.739295 -66.617201 0.009839 214.789770 0.475002 53.441670 5.483027 215.818215 0.842033 16.330467 6.272204
28 -5.645891 0.637325 -65.225205 0.114953 292.923213 0.402102 39.125641 5.470506 38.628029 0.427818 24.930035 5.872790
28 -7.011837 0.504099 88.929075 0.059261 209.368259 0.294672 -50.545861 0.513640 158.508741 0.567652 9.522373 8.604682
28 -5.594681 0.782674 -63.936942 0.073002 271.291634 0.136363 -42.134070 4.749716 234.236227 0.387496 19.834359 5.770369
28 -6.256284 0.724591 -39.109739 0.096125 265.841513 0.078808 73.466097 0.398028 17.101847 0.614926 9.525886 7.093576
28 -4.608416 0.767284 -34.959291 0.353279 274.353759 0.336098 -57.126147 1.680982 228.793247 0.456408 -4.215005 3.797840
28 -4.858879 0.216142 0.584257 0.031274 205.726408 0.741815 -71.566427 4.489492 296.729498 0.639582 28.708668 4.298765
28 -5.639895 0.757320 -62.872501 0.066223 289.119920 0.605109 76.967203 4.321523 56.684568 0.462164 16.314316 5.860798
28 -4.206480 0.449800 -42.196901 0.026924 179.309306 0.473684 -42.930338 2.308107 326.141877 0.573901 8.328456 2.993967
28 -5.479803 0.500596 -51.704888 0.220500 291.361357 0.069146 84.035255 2.059385 119.756130 0.411375 20.273038 5.540614
28 -5.711970 0.690946 -62.730942 0.011946 225.683343 0.523444 50.777401 5.834476 210.356348 0.830755 21.307033 6.004948
29 -5.392056 0.750318 -76.594173 0.122480 302.783979 0.446457 87.383972 2.869970 58.705007 0.416375 31.758744 5.365119
29 -6.467250 0.483122 -89.621190 0.019259 201.413169 0.328703 -57.276164 0.537320 175.209801 0.569721 8.930095 7.515507
29 -5.380515 0.791589 -67.318115 0.107225 274.744983 0.073177 -42.424307 4.238100 206.607456 0.402956 14.367623 5.342037
29 -6.222026 0.747474 -49.780909 0.062008 265.209249 0.158594 80.731298 0.749521 15.192659 0.672346 11.108654 7.025059
29 -4.650353 0.760235 -34.832292 0.351874 274.760381 0.374222 -55.476183 1.717148 223.389607 0.460858 -4.110090 3.881714
29 -5.051629 0.210551 4.396371 0.016740 205.158750 0.683491 -83.578153 4.880953 333.457730 0.606526 31.425338 4.684266
29 -6.945244 0.701767 -37.817985 0.030120 216.117774 0.562295 -70.853005 3.490077 283.431075 0.742394 12.796892 8.471495
29 -3.492656 0.409381 -35.634565 0.013022 184.237278 0.371682 -28.381137 1.834068 303.682227 0.518639 16.572835 1.566319
29 -6.789988 0.566876 -64.570940 0.037600 274.673831 0.049973 71.062423 2.178723 170.092659 0.474833 28.601057 8.160983
29 -6.099232 0.688575 -22.149437 0.040433 224.163135 0.523862 37.969849 5.252037 191.161343 0.865730 12.695159 6.779471
30 -5.402561 0.773669 -83.751201 0.166002 315.225575 0.438454 -79.612757 2.898121 32.189476 0.388761 34.394561 5.386130
30 -4.931245 0.397805 -80.165738 0.011048 184.350608 0.393289 -57.345337 0.264414 200.348342 0.580512 9.108243 4.443498
30 -5.142855 0.740602 -69.917762 0.112195 275.852832 0.104702 -22.524886 4.824650 213.118217 0.417423 23.454737 4.866717
30 -5.500237 0.738119 -37.003323 0.225601 280.545066 0.081927 75.451868 0.339422 94.914801 0.549141 1.462342 5.581481
30 -4.472920 0.757248 -35.610049 0.331143 273.868145 0.367556 -57.373846 1.762266 230.068681 0.438994 -4.627842 3.526847
30 -4.821034 0.217032 12.236829 0.015157 210.321907 0.640789 89.734379 4.410392 321.345899 0.593862 29.394716 4.223075
30 -7.476253 0.768824 -38.940235 0.006019 250.069816 0.352934 -40.716878 3.892229 217.606747 0.704276 22.040701 9.533514
30 -3.445654 0.504112 -20.340085 0.112894 213.632822 0.354237 -36.873616 2.196111 310.659182 0.460298 9.619133 1.472315
30 -6.709139 0.624297 -69.051715 0.112033 303.720820 0.097402 87.414238 1.665148 125.720880 0.398286 29.959206 7.999286
30 -6.644836 0.775346 -28.437498 0.047100 243.804537 0.460062 31.705712 4.525092 98.012318 0.912752 9.202498 7.870679
31 -5.355446 0.787831 -85.927867 0.170691 319.509123 0.414762 -82.378211 2.915458 26.780770 0.368577 34.016812 5.291900
31 -5.068070 0.405507 -82.153365 0.021099 187.704298 0.371988 -53.275208 0.054363 194.132282 0.571135 8.945489 4.717148
31 -5.104641 0.719556 -68.556851 0.127130 267.174109 0.079426 3.989197 4.281451 209.971874 0.464913 16.715490 4.790289
31 -5.658157 0.797866 -59.957637 0.132723 296.271234 0.787005 76.994753 0.386803 59.156443 0.536244 11.073636 5.897321
31 -4.357027 0.762298 -31.381874 0.351960 276.742548 0.407816 -59.228309 2.164182 246.010122 0.444222 -1.405129 3.295062
31 -4.832258 0.204823 12.518874 0.026542 205.271612 0.657383 81.953804 4.200305 328.723683 0.603951 30.564872 4.245524
31 -6.039885 0.634214 -20.792606 0.107578 232.368999 0.459086 -59.764811 3.880165 305.164949 0.608467 17.591150 6.660778
31 -3.630430 0.508504 -19.578928 0.088346 213.188313 0.361668 -37.275956 2.264817 307.051476 0.479553 8.261015 1.841867
31 -8.289308 0.613145 -70.799225 0.086140 311.490027 0.095261 77.375521 1.848974 95.045280 0.389164 31.546887 11.159623
31 -6.789783 0.760958 -23.676061 0.080394 240.342651 0.437974 52.795783 4.402461 97.249781 0.977216 9.265697 8.160573
32 -5.343887 0.789575 -86.078097 0.178947 320.257646 0.415621 -82.383053 2.933612 26.430319 0.367901 34.359209 5.268782
32 -5.231009 0.399751 -88.217234 0.011038 185.432408 0.368358 -65.474960 0.628108 212.507118 0.550153 9.584644 5.043025
32 -5.585855 0.737166 -53.889168 0.140324 253.857066 0.080397 -6.579345 4.506178 275.079290 0.488694 8.135870 5.752717
32 -6.171423 0.782106 -32.982594 0.101979 275.495479 0.064168 78.596667 1.463790 96.003847 0.637351 11.884048 6.923854
32 -4.295013 0.765762 -28.722665 0.348243 277.784657 0.396935 -48.277499 2.137701 241.774836 0.464085 -1.619169 3.171033
32 -5.259599 0.223429 11.711873 0.019363 210.248227 0.608996 -87.795355 4.021424 316.056969 0.597349 32.492405 5.100206
32 -5.893885 0.615727 -28.288223 0.105177 231.679669 0.520102 -64.449432 3.040930 279.346697 0.615568 16.404401 6.368778
32 -3.451905 0.516494 -20.905196 0.113079 214.743749 0.358891 -36.123472 2.218085 306.440883 0.474423 9.431055 1.484818
32 -5.363905 0.602190 -68.163631 0.174178 288.604430 0.195901 57.481681 0.230254 54.178800 0.378434 18.214351 5.308818
32 -6.577039 0.754606 -24.406801 0.053666 239.434712 0.452811 53.035872 4.254865 96.560291 0.962620 12.622726 7.735085
33 -5.283195 0.785880 -84.121830 0.156550 316.266718 0.437124 -83.680342 2.883398 29.666118 0.368743 32.807941 5.147398
33 -5.249493 0.399696 -88.229264 0.012386 185.517970 0.367751 -65.527530 0.628428 212.316194 0.550064 9.544857 5.079993
33 -5.739508 0.726987 -59.628866 0.007648 251.830634 0.030593 -24.794992 4.615374 259.047819 0.465858 15.730282 6.060023
33 -5.621798 0.713424 -25.591604 0.116346 278.721762 0.085613 52.570421 1.383127 136.125086 0.565447 14.836808 5.824604
33 -4.531385 0.792591 -31.872802 0.190282 267.359171 0.342921 -47.324716 2.113103 243.008191 0.467717 1.102968 3.643778
33 -5.802193 0.235344 17.809438 0.032759 221.681388 0.608944 86.304401 4.079997 325.961150 0.556648 30.843750 6.185394
33 -5.301588 0.615859 -21.083754 0.028393 216.849542 0.363048 -9.012898 3.321585 266.510732 0.671862 15.331660 5.184184
33 -3.922090 0.528911 -31.841227 0.085117 222.210070 0.368820 -46.181305 2.383206 286.226974 0.441708 10.510926 2.425187
33 -5.398313 0.607758 -69.295973 0.181596 291.037268 0.198282 53.677849 0.223399 51.239910 0.367173 18.625438 5.377633
33 -6.872138 0.576114 -74.971959 0.020401 213.481252 0.464824 20.808726 2.258543 26.088850 0.814554 12.311448 8.325283
34 -6.432749 0.771819 -82.563620 0.049596 322.355287 0.479707 -86.934291 2.830621 12.206930 0.421375 34.729269 7.446505
34 -4.851737 0.356973 -83.218088 0.011144 185.283221 0.389179 -75.543934 0.785935 217.967273 0.549003 11.217124 4.284481
34 -6.114752 0.745947 -59.703429 0.047169 240.593908 0.011527 -14.570462 4.893379 248.510700 0.490430 17.172929 6.810512
34 -5.589325 0.738526 -58.810542 0.138797 296.793714 0.753830 73.626616 6.373719 55.475584 0.407233 15.524659 5.759658
34 -4.576812 0.751742 -39.822688 0.245743 258.748351 0.359871 -64.819981 1.653486 243.553436 0.423525 -1.010008 3.734631
34 -6.406238 0.270617 19.625105 0.001869 216.189181 0.560165 -82.897009 4.939977 327.490297 0.654508 31.925666 7.393483
34 -6.532363 0.686970 -29.307898 0.054913 246.988524 0.320453 5.719570 3.133857 207.266499 0.620400 19.068058 7.645734
34 -4.059776 0.597784 -43.082299 0.076144 210.930063 0.381790 -46.482451 2.183371 297.979567 0.465741 10.141935 2.700560
34 -5.752660 0.621895 -70.414538 0.118452 296.341566 0.186227 55.710475 0.321411 41.683728 0.346576 18.182080 6.086327
34 -5.739693 0.423851 -52.311541 0.010283 229.779517 0.590628 -8.548484 2.635975 46.282337 0.772776 20.276235 6.060393
35 -6.106780 0.799750 -69.612123 0.194640 327.132393 0.452043 88.419896 2.940795 30.037752 0.334824 34.500003 6.794569
35 -4.821612 0.353909 -82.920678 0.017183 184.240915 0.388156 -75.962375 0.756997 217.828397 0.552163 11.262992 4.224232
35 -5.668452 0.711662 -66.609270 0.010908 238.436216 0.021439 -17.832668 4.654495 219.755036 0.557309 17.025055 5.917911
35 -5.240857 0.799460 -68.658114 0.166828 313.396004 0.567324 89.427379 0.594920 24.307053 0.416447 19.665173 5.062721
35 -4.941372 0.731482 -26.950754 0.140254 262.421070 0.462446 -75.300872 1.533612 246.989967 0.395495 14.285041 4.463752
35 -5.575975 0.231445 17.339975 0.062139 227.075467 0.441506 -89.861332 4.804438 280.344102 0.666110 29.167900 5.732958
35 -5.698125 0.735244 -60.803195 0.065875 271.398335 0.300168 76.315048 1.407826 74.012784 0.619527 14.514628 5.977257
35 -4.767859 0.518003 -37.657677 0.043982 189.405693 0.424499 -72.030923 2.633760 321.565702 0.546675 10.471058 4.116726
35 -5.453823 0.597661 -59.752731 0.126372 291.788865 0.232533 50.968982 0.149060 53.049273 0.388432 16.155924 5.488653
35 -5.558978 0.493421 -68.609310 0.020351 232.139861 0.439870 -25.766630 4.256051 88.175124 0.721244 18.815109 5.698963
36 -6.004991 0.757890 -77.843051 0.100232 317.294763 0.515755 59.132852 3.188416 12.166891 0.420615 34.602480 6.590990
36 -4.880905 0.358797 -83.543049 0.017879 184.515579 0.390188 -76.777903 0.696604 215.946708 0.549930 11.095137 4.342817
36 -6.068456 0.754197 -27.831453 0.041064 216.529458 0.089526 -74.392637 6.381104 349.753079 0.701426 9.751304 6.717919
36 -5.234197 0.756974 -68.611039 0.149658 300.490548 0.596938 70.494803 1.792014 33.605319 0.486266 20.690627 5.049401
36 -4.957619 0.792149 -56.464440 0.043432 260.293542 0.500852 76.453312 0.751180 204.806574 0.374656 18.009471 4.496246
36 -5.788590 0.207302 19.893782 0.031840 229.954048 0.365222 88.751884 5.157567 276.965759 0.671262 28.028294 6.158187
36 -7.371068 0.797530 -50.262999 0.024593 249.193309 0.412674 -84.369961 1.520840 44.594267 0.659134 6.002851 9.323143
36 -4.448163 0.749458 -39.203868 0.040369 213.145301 0.401017 -68.093792 2.200348 301.334988 0.397226 10.313919 3.477334
36 -5.838372 0.644374 -69.353934 0.256800 319.962913 0.161748 76.372919 6.522889 31.288781 0.289684 27.131301 6.257751
36 -6.493170 0.575245 -71.039673 0.026333 219.021812 0.583484 -42.335726 3.481084 107.889287 0.761884 10.688717 7.567348
37 -5.920608 0.736073 -74.771262 0.111533 304.037178 0.597654 51.873656 3.734524 15.814634 0.483173 33.825138 6.422224
37 -4.735392 0.364017 -84.041627 0.006925 183.413877 0.394488 -73.393678 0.703879 218.545931 0.551148 10.994717 4.051791
37 -6.184800 0.730998 -37.663474 0.023445 221.352256 0.133766 -62.380757 6.435126 335.767353 0.684171 16.774292 6.950607
37 -5.565344 0.672349 -63.932868 0.063527 269.571257 0.607278 42.173996 1.451860 59.116341 0.573502 17.949270 5.711696
37 -5.111933 0.784746 -64.561307 0.130548 297.535990 0.438504 -59.064644 0.410013 123.740437 0.302758 23.692368 4.804874
37 -6.098946 0.145183 23.479961 0.051857 236.764883 0.263024 75.219995 5.491774 280.669999 0.656131 26.482396 6.778900
37 -5.392851 0.607216 -85.184127 0.010671 213.096757 0.754645 28.364379 6.528246 171.011999 0.872949 21.032174 5.366710
37 -4.806350 0.748729 -38.332808 0.033219 207.755814 0.386300 -74.289529 2.668248 345.014373 0.388965 8.382075 4.193707
37 -5.456473 0.644630 -57.756157 0.312404 314.260363 0.127875 65.445763 0.133587 66.120597 0.302715 18.186415 5.493954
37 -7.144562 0.710218 -54.445026 0.114493 315.367739 0.602667 -56.545638 6.310442 20.776716 0.366735 24.238663 8.870131
38 -5.157797 0.009786 -63.950304 0.004268 230.512140 0.639739 -73.475844 4.507141 253.214818 0.586958 23.586721 4.896602
38 -4.652396 0.353161 -82.692430 0.017404 183.477693 0.394664 -73.256044 0.761042 219.973647 0.552613 11.512684 3.885800
38 -5.830611 0.627930 -50.131342 0.016968 222.459461 0.196476 -67.624314 6.555865 315.642691 0.692193 16.692881 6.242229
38 -5.212235 0.734467 -81.017494 0.038574 274.394546 0.745312 32.402669 0.073377 61.480794 0.543059 26.683850 5.005478
38 -5.575279 0.798758 -63.333737 0.087347 272.217554 0.315500 -47.738112 0.193021 208.702140 0.400827 26.282906 5.731565
38 -5.335732 0.188303 23.661635 0.028697 224.774021 0.425879 -65.999117 5.825398 269.560475 0.693196 26.160955 5.252471
38 -5.811130 0.563812 -88.956546 0.014060 214.411801 0.788027 15.102230 6.157030 148.577997 0.826228 21.284045 6.203267
38 -4.460499 0.756828 -47.100681 0.021455 212.862285 0.352209 -48.846856 1.633726 284.896672 0.364744 11.395262 3.502005
38 -6.055583 0.659069 -53.594348 0.277576 315.872336 0.110405 78.711398 0.049719 66.501889 0.318599 21.481871 6.692174
38 -5.748028 0.757605 -61.161606 0.107482 306.646034 0.691747 -52.759708 0.001763 11.133302 0.318610 10.271954 6.077063
39 -5.559839 0.761861 -58.271060 0.037523 242.133287 0.625412 73.073032 3.906952 253.477379 0.551549 25.317556 5.700685
39 -3.994142 0.279840 -65.183315 0.016654 184.752327 0.361980 -69.567665 1.491839 233.832450 0.606872 15.567567 2.569291
39 -5.753509 0.615795 -53.602934 0.034335 203.417479 0.798400 -75.846737 6.510911 374.891360 0.620759 11.319466 6.088026
39 -6.128913 0.735977 -64.540518 0.064638 273.550372 0.797371 40.042213 6.173832 36.983356 0.497525 23.787833 6.838833
39 -5.976902 0.736074 -53.735835 0.057990 261.323261 0.303066 -75.626164 2.225919 233.910911 0.482660 20.110007 6.534812
39 -5.186665 0.177403 23.941308 0.023392 221.339245 0.422071 -75.583179 5.760939 283.652607 0.689858 25.845800 4.954338
39 -5.236803 0.712823 -75.979999 0.022722 245.362809 0.548915 86.923400 5.542301 38.644429 0.774972 19.515587 5.054613
39 -3.633646 0.666730 -62.627066 0.029232 210.705194 0.357738 -59.081483 0.905595 261.390202 0.374942 9.555305 1.848300
39 -6.579025 0.685647 -51.148796 0.255673 314.937972 0.014125 77.209895 0.351989 86.660589 0.331665 23.341790 7.739058
39 -5.712358 0.796362 -64.001379 0.127450 306.265509 0.762913 -63.598067 0.666173 41.275068 0.291798 9.840521 6.005724
40 -4.991487 0.593438 -52.863794 0.037141 212.498463 0.494276 55.059077 3.772355 331.595044 0.518477 26.343875 4.563981
40 -3.991028 0.327259 -68.598342 0.027675 193.654554 0.390056 -67.163281 1.362409 259.059871 0.612167 21.252146 2.563063
40 -6.103366 0.716618 -50.696604 0.009851 253.218809 0.227924 -64.951264 5.845704 221.849415 0.641859 13.725692 6.787740
40 -5.322589 0.711739 -68.128418 0.061330 265.580573 0.718260 -34.803351 0.694506 57.774319 0.593315 18.730658 5.226185
40 -6.456548 0.541343 -64.760749 0.011447 204.763134 0.773552 -46.477094 5.788070 21.856367 0.935277 13.161753 7.494103
40 -5.296633 0.213641 23.505298 0.039164 226.905953 0.433174 -74.904270 5.770375 268.218944 0.694754 25.308654 5.174274
40 -5.406803 0.679397 -65.081820 0.008444 235.085741 0.720462 -81.386259 1.145032 95.792455 0.808101 14.506934 5.394613
40 -3.486146 0.649070 -68.531367 0.038345 204.364367 0.281468 -40.832777 1.517411 294.808938 0.341743 13.096045 1.553300
40 -6.081327 0.683283 -53.858506 0.167285 301.952163 0.683899 -67.320987 1.349161 180.348902 0.264811 20.247321 6.743661
40 -5.874189 0.744576 -64.823815 0.167720 299.159643 0.539191 50.930189 2.221449 47.875025 0.302980 7.423814 6.329386
41 -5.821665 0.721803 -57.737097 0.007969 216.709095 0.558175 60.456343 4.044829 278.157022 0.572992 23.157285 6.224337
41 -4.248429 0.375703 -75.662866 0.014803 195.607160 0.255266 -60.052624 2.113163 227.308764 0.657951 18.590758 3.077866
41 -5.958556 0.748476 -60.140981 0.010127 262.728769 0.236331 -54.409322 5.477170 196.218362 0.634345 15.648979 6.498120
41 -6.110230 0.775608 -55.834749 0.066035 279.479358 0.653992 -43.820352 2.867794 99.975200 0.540860 18.253041 6.801468
41 -6.166334 0.702327 -55.145042 0.005266 227.792607 0.099841 31.526228 1.277493 19.872412 0.945261 18.206659 6.913676
41 -5.475859 0.211057 24.859441 0.087590 234.979315 0.437934 -77.655842 6.097807 281.193479 0.677745 27.355942 5.532726
41 -5.418541 0.690161 -63.609117 0.033246 242.878127 0.660033 -58.646599 0.800318 112.121263 0.766604 12.571742 5.418090
41 -3.374533 0.680136 -64.029760 0.045510 206.030152 0.278786 -48.146674 1.254451 288.027022 0.340931 12.531356 1.330073
41 -4.698431 0.786756 -57.308260 0.177501 294.265364 0.643178 -83.026276 0.932984 194.336535 0.209231 17.001460 3.977870
41 -5.547141 0.795901 -62.538377 0.238907 317.719267 0.444712 55.662038 4.307806 62.611969 0.275914 6.354863 5.675290
42 -6.183164 0.653927 -52.440126 0.012182 230.565293 0.408921 60.911638 4.109438 268.721683 0.633342 28.162833 6.947336
42 -5.612534 0.344974 -59.725374 0.009114 218.772736 0.165960 -43.522052 2.801233 103.768046 0.926239 22.123848 5.806076
42 -6.309528 0.742878 -39.874745 0.042628 264.164707 0.310092 -71.400637 5.136283 199.514310 0.553244 10.742080 7.200063
42 -6.635294 0.790279 -47.044203 0.077232 290.526580 0.549186 -52.510305 4.370364 105.451486 0.493674 15.521452 7.851595
42 -6.052814 0.621119 -53.845656 0.007989 218.258387 0.756218 12.325238 0.819523 22.284282 0.969731 17.243709 6.686635
42 -5.325549 0.201898 23.175073 0.155350 240.455451 0.442233 -61.093980 6.308349 262.175795 0.678578 25.795140 5.232106
42 -4.602765 0.692206 -70.386169 0.051952 223.854524 0.518673 -67.239021 1.003520 201.712337 0.547820 9.602027 3.786537
42 -3.613184 0.694596 -65.197458 0.002531 190.081713 0.282939 -32.422938 1.578976 324.718640 0.407454 15.017310 1.807377
42 -5.161740 0.788895 -56.939448 0.156556 299.234364 0.455194 -74.557912 0.733486 174.527974 0.208468 17.903984 4.904488
42 -5.544578 0.724259 -58.907203 0.348980 328.006768 0.456449 42.279924 3.799580 60.904743 0.227656 4.867144 5.670163
43 -7.968009 0.454744 -60.655168 0.010580 205.997671 0.280660 79.610349 2.359160 267.939730 0.734026 34.902833 10.517025
43 -5.756444 0.328364 -59.581896 0.019472 218.276277 0.223954 -38.785406 2.748723 92.036049 0.947223 23.580759 6.093896
43 -5.535204 0.683306 -46.554669 0.008816 219.585060 0.103457 -77.356065 3.154020 229.883367 0.663906 14.184143 5.651415
43 -7.195120 0.786766 -50.209855 0.001870 273.043648 0.689777 -27.915992 6.462230 44.407442 0.820454 12.865819 8.971248
43 -5.998845 0.675770 -35.150707 0.030248 243.360491 0.576121 -4.965279 0.027120 80.956873 0.833246 17.025260 6.578699
43 -5.798848 0.196813 27.717754 0.159202 247.433962 0.485713 -52.539538 6.425632 232.197912 0.700736 27.751989 6.178704
43 -5.418901 0.374244 -55.348267 0.016200 187.806405 0.754041 86.822397 4.032754 399.097867 0.495956 43.169782 5.418809
43 -3.513274 0.672343 -69.618899 0.012155 196.984379 0.342412 -52.837474 1.216216 283.079367 0.442369 13.155635 1.607555
43 -5.696776 0.787420 -47.820791 0.146577 294.094401 0.462692 -83.524523 0.864656 184.621212 0.270332 17.801017 5.974560
43 -5.800219 0.775268 -56.338509 0.301065 334.564056 0.495283 46.430383 3.791853 35.921232 0.234750 8.560888 6.181446
44 -6.493322 0.520723 -58.320795 0.022717 231.334720 0.326765 66.987854 3.722690 182.909811 0.796426 29.193567 7.567651
44 -5.524566 0.404421 -63.521176 0.031817 240.542424 0.224719 -74.724106 1.396157 77.190851 0.793313 25.197582 5.630140
44 -5.723186 0.644492 -40.040084 0.046499 214.667215 0.202568 -55.678687 4.084121 288.591706 0.713169 13.401324 6.027380
44 -7.172573 0.788669 -42.661810 0.032422 276.953429 0.719312 -30.126972 0.365586 83.484411 0.757987 17.260406 8.926153
44 -6.424365 0.659423 -40.818174 0.010497 237.033635 0.584884 -7.011257 6.039253 91.178069 0.845798 19.502397 7.429737
44 -6.321806 0.177211 27.374997 0.126270 250.490549 0.523286 -44.184227 6.526298 230.863453 0.707467 29.457429 7.224619
44 -5.288513 0.373696 -44.412243 0.003227 184.488772 0.757500 80.875235 3.902899 395.537065 0.536608 42.511663 5.158034
44 -4.017135 0.617340 -77.396071 0.008210 195.492493 0.225707 -31.623906 1.985309 288.294308 0.461512 16.818652 2.615277
44 -5.707835 0.664893 -44.258953 0.192861 279.744343 0.555678 -82.861868 0.924470 187.544472 0.381346 23.698223 5.996677
44 -5.739591 0.785515 -55.802516 0.312866 338.243459 0.501323 53.575422 3.918431 34.610848 0.272512 6.954580 6.060189
45 -7.907746 0.429623 -48.012599 0.025810 239.967558 0.320821 59.853171 3.970233 202.641201 0.787901 29.875130 10.396500
45 -5.144706 0.507867 -67.853008 0.022183 202.644818 0.383959 -77.962095 0.554305 146.506317 0.711900 12.812351 4.870419
45 -7.336395 0.763162 -38.486374 0.037053 235.175229 0.171012 62.917480 4.627066 202.849174 0.739670 2.261752 9.253797
45 -7.238394 0.786303 -41.761597 0.010557 259.484655 0.703656 -51.031532 6.354781 144.607156 0.769524 20.209473 9.057795
45 -6.350476 0.776104 -53.969752 0.005489 251.595789 0.664288 -10.758828 0.004542 21.585574 0.860436 16.274841 7.281959
45 -7.404209 0.196926 25.574405 0.049758 259.544359 0.459535 -72.686370 6.202530 197.462937 0.708097 27.232782 9.389426
45 -6.408454 0.331450 -46.920120 0.014634 180.395246 0.713679 78.426740 3.460857 403.400962 0.559533 44.531632 7.397916
45 -4.900371 0.520058 -56.215621 0.021562 207.146823 0.259773 -33.281743 2.770925 319.155002 0.408189 23.317278 4.381750
45 -5.173783 0.720600 -52.113917 0.186329 275.918810 0.545406 -87.517635 2.109133 231.161438 0.311364 23.138414 4.928573
45 -5.774576 0.798603 -56.816826 0.208224 327.714483 0.511387 58.998417 3.866947 20.510892 0.279416 7.680960 6.130160
46 -6.004788 0.361876 -48.452144 0.024767 218.369414 0.228265 73.025720 3.719686 226.566362 0.717037 29.963075 6.590583
46 -4.710816 0.442515 -59.257124 0.001625 217.422558 0.414678 71.490048 0.407019 124.616157 0.733918 22.370227 4.002640
46 -7.244695 0.771805 -34.652895 0.146634 260.255005 0.210045 52.939704 5.400777 159.273245 0.675204 -2.907437 9.070397
46 -5.810950 0.548375 -45.923167 0.037566 238.031029 0.326452 13.956057 0.891381 73.829075 0.731616 12.714519 6.202908
46 -6.207381 0.694002 -39.713314 0.027077 246.348330 0.487306 55.732768 1.833091 166.207084 0.736167 18.589471 6.995769
46 -6.822807 0.094202 20.400367 0.048286 246.662299 0.335419 -55.503848 5.861321 222.284765 0.702729 30.315137 8.226621
46 -6.026636 0.366796 -51.841881 0.049891 186.551380 0.716222 79.410775 3.555954 418.795003 0.488870 46.169690 6.634279
46 -4.428275 0.474120 -45.487484 0.016493 208.845421 0.262066 -75.390084 2.812625 289.098050 0.490021 21.549271 3.437558
46 -5.361071 0.745094 -53.473788 0.190695 282.661223 0.314031 75.605703 0.204847 109.517836 0.391898 3.126028 5.303150
46 -6.169327 0.785418 -58.313012 0.132972 324.078851 0.488370 42.086497 3.830421 26.738063 0.268982 13.348613 6.919662
47 -5.491804 0.427944 -52.427997 0.055664 236.431733 0.216761 89.797456 3.380130 204.982750 0.659864 25.268654 5.564615
47 -4.642874 0.372437 -44.876875 0.004108 194.509534 0.398724 70.210812 0.967584 164.626365 0.875579 19.676112 3.866755
47 -8.163768 0.727352 -38.483164 0.054359 234.598346 0.199831 39.785020 4.779055 177.637084 0.688460 -0.661145 10.908543
47 -4.309007 0.348408 -18.298527 0.038107 206.294690 0.304719 -52.067753 1.209754 169.932459 0.756873 16.587909 3.199021
47 -6.169646 0.671093 -33.997588 0.051881 240.919261 0.283324 -42.997659 0.632601 90.710696 0.887651 12.971021 6.920299
47 -6.125790 0.129511 20.608856 0.073049 247.630330 0.349620 -31.953660 6.533310 239.741909 0.697181 28.006518 6.832588
47 -6.117529 0.376847 -50.962337 0.044146 187.111930 0.742606 79.784202 3.569442 414.197194 0.509442 46.632310 6.816066
47 -4.387126 0.634296 -53.025029 0.092602 244.464926 0.259973 -69.333625 1.794110 240.103131 0.371379 19.410245 3.355259
47 -4.636556 0.700107 -55.910218 0.086816 273.934115 0.414082 -86.569056 0.098739 143.813705 0.371550 18.822965 3.854120
47 -6.460904 0.795117 -55.943968 0.135643 329.005502 0.476231 39.192161 3.898730 17.041090 0.275008 12.902210 7.502815
48 -4.832881 0.460242 -67.964547 0.026533 218.922320 0.091160 67.266450 3.795823 279.164226 0.582252 26.039213 4.246770
48 -5.842584 0.685618 -42.043213 0.065797 259.944041 0.587619 -65.410487 0.985865 75.465131 0.667803 11.920411 6.266175
48 -6.985331 0.740863 -57.484049 0.085918 231.895711 0.036304 46.961993 3.298564 239.133150 0.683805 4.573461 8.551670
48 -4.207300 0.379935 -10.974024 0.012672 174.593461 0.437466 -86.928905 1.099049 196.040635 0.831047 14.379043 2.995608
48 -7.320875 0.784661 -45.609919 0.024243 281.264329 0.111026 53.137416 0.862788 58.172623 0.721209 19.374409 9.222757
48 -5.482987 0.137650 26.011602 0.109307 247.107132 0.274286 -53.563503 6.145142 203.904842 0.711217 24.782195 5.546982
48 -4.995073 0.422714 -58.231079 0.034859 183.106402 0.725238 74.432336 3.234598 415.183864 0.474607 45.366176 4.571154
48 -4.794500 0.611261 -42.971191 0.080107 249.931302 0.310923 -71.366592 1.819129 240.683897 0.379096 19.577763 4.170007
48 -6.387210 0.787938 -50.995867 0.111763 305.400984 0.396799 -75.505933 6.378691 88.101219 0.454954 15.837817 7.355428
48 -6.400924 0.749081 -53.728731 0.216690 320.703011 0.559698 86.041737 4.492107 55.326133 0.306374 18.995785 7.382855
49 -4.743029 0.505089 -69.239346 0.017250 208.977731 0.142592 69.020371 3.159131 299.156114 0.581545 29.078161 4.067065
49 -6.106991 0.718508 -50.981827 0.055301 253.453417 0.503471 -33.227860 0.772641 75.059757 0.734581 9.191711 6.794989
49 -7.201075 0.737289 -56.927519 0.081251 226.710842 0.013209 32.602766 3.186636 246.565090 0.682532 3.413956 8.983158
49 -4.415550 0.396855 -24.139527 0.007337 180.159930 0.318524 -78.791484 0.612159 173.511619 0.853772 12.590325 3.412108
49 -6.525542 0.036732 -51.160997 0.040930 262.373737 0.123991 58.804759 1.095238 52.201676 0.712358 26.348890 7.632092
49 -5.243211 0.066351 19.966697 0.104804 232.476727 0.220683 -25.884918 5.643177 230.706829 0.730879 25.843480 5.067429
49 -4.680035 0.446922 -61.889520 0.017643 181.445413 0.745225 72.796969 3.001289 405.547725 0.479503 43.734019 3.941078
49 -4.205279 0.637155 -43.649369 0.074495 242.435803 0.411223 -84.574534 1.281952 242.003741 0.373922 19.081165 2.991566
49 -6.122226 0.784311 -54.122138 0.090695 295.587690 0.399214 -64.161575 6.086741 51.575385 0.498915 16.029092 6.825460
49 -5.561145 0.792561 -71.240211 0.109289 298.120535 0.508922 -36.597158 4.335568 99.156406 0.347756 25.227618 5.703298
50 -5.064765 0.421761 -56.743130 0.013309 204.728411 0.094762 52.271967 3.612902 288.831609 0.656527 26.546541 4.710537
50 -5.265942 0.779601 -50.305587 0.205193 293.056392 0.423871 -28.951364 1.086055 151.819171 0.370934 6.446736 5.112893
50 -4.605369 0.633787 -48.393230 0.082227 203.601052 0.623705 -70.817544 4.798047 452.233853 0.176708 16.955357 3.791745
50 -4.546579 0.364650 -24.666419 0.003622 173.679380 0.422262 -86.601017 0.506332 201.773508 0.873057 14.926488 3.674165
50 -7.765699 0.083001 -53.846143 0.006474 274.271588 0.115787 52.622809 1.313921 44.560755 0.659990 23.983314 10.112406
50 -5.465334 0.047987 12.853136 0.087438 237.879218 0.241143 -23.020419 4.794488 213.938632 0.721100 26.993705 5.511676
50 -4.495692 0.437101 -61.521865 0.042205 181.289938 0.740300 73.480951 3.061849 406.316509 0.477757 43.783141 3.572391
50 -5.195639 0.638722 -45.672703 0.087261 238.890532 0.259197 -53.466347 2.292159 285.993566 0.358809 21.569473 4.972285
50 -5.079214 0.742978 -60.168674 0.148431 275.084762 0.511569 -74.742761 0.139308 118.928612 0.475244 8.042785 4.739436
50 -5.205986 0.798848 -75.826801 0.153061 299.938328 0.464730 -25.608441 4.509949 110.313766 0.344534 22.635047 4.992979
51 -5.031713 0.440344 -56.354726 0.021902 216.856149 0.068857 59.191575 3.537916 234.757213 0.692171 22.214089 4.644433
51 -5.209776 0.746111 -52.755960 0.152834 282.657878 0.477132 -20.424856 1.343330 184.445213 0.330917 13.229831 5.000559
51 -3.976041 0.600579 -49.217827 0.085141 183.111582 0.672019 89.428757 4.888237 471.367856 0.171089 31.908536 2.533089
51 -4.549924 0.267449 -17.001538 0.003400 172.711933 0.446410 -71.755014 0.797042 190.979808 0.935507 16.496398 3.680855
51 -9.799654 0.655929 -19.242369 0.026760 284.479629 0.153379 26.370689 2.173546 31.665879 0.695935 26.078153 14.180315
51 -5.296080 0.042686 7.734730 0.078390 234.546816 0.249714 -32.842241 4.890709 238.539670 0.683373 26.251098 5.173168
51 -4.773586 0.425322 -61.460026 0.025658 184.828117 0.746734 72.433586 3.278961 412.705306 0.469630 43.434694 4.128179
51 -4.916191 0.728668 -58.776285 0.048640 208.228007 0.582741 -78.924106 2.750783 376.983618 0.245008 32.642332 4.413390
51 -5.318678 0.723350 -61.730703 0.152729 279.412576 0.623795 76.006958 0.585398 94.990188 0.389515 15.554789 5.218363
51 -5.365613 0.746460 -72.680763 0.129548 294.603350 0.449808 -31.121557 4.702167 120.096228 0.332112 21.272056 5.312233
52 -5.363052 0.593222 -72.738597 0.042652 222.865562 0.116401 50.559729 3.080285 199.107096 0.614907 17.982362 5.307112
52 -3.962394 0.687752 -60.561664 0.157512 248.321910 0.599913 -56.237798 1.176388 264.415447 0.293016 11.149850 2.505796
52 -4.413404 0.678400 -57.038423 0.102291 188.948313 0.700621 85.977067 4.764396 456.093501 0.147448 31.184932 3.407815
52 -4.293323 0.279537 -17.648185 0.004847 176.402231 0.421967 -81.033330 0.808545 174.104680 0.936272 16.455834 3.167653
52 -10.265170 0.772622 -28.559471 0.005356 299.812646 0.171446 10.739832 2.851819 39.423679 0.580094 22.356442 15.111347
52 -6.961927 0.049458 12.035495 0.139599 267.824574 0.269641 -19.869179 4.977963 182.881322 0.660156 29.594874 8.504862
52 -5.722657 0.570721 -82.079778 0.054735 229.995566 0.714836 -87.787233 4.427647 407.105680 0.334526 48.891246 6.026321
52 -3.920900 0.736678 -52.777857 0.024970 188.093960 0.537934 89.503595 3.156832 403.361531 0.224075 34.573983 2.422808
52 -5.281356 0.753161 -64.400014 0.171718 293.165223 0.634088 81.779636 1.045033 97.711170 0.314308 16.997627 5.143720
52 -5.439834 0.774782 -73.932829 0.120127 296.072569 0.394763 -29.965763 4.932031 120.845717 0.325331 22.023797 5.460676
53 -5.562455 0.539170 -75.722846 0.043922 218.229345 0.136608 24.630478 3.867631 209.739345 0.645311 18.132823 5.705917
53 -4.612273 0.738515 -61.488264 0.166875 254.001263 0.713655 -60.209595 1.925330 320.609829 0.165323 9.462014 3.805554
53 -4.048412 0.686098 -56.089444 0.073196 183.428741 0.697164 89.094135 4.692655 466.840767 0.155590 33.160188 2.677832
53 -4.770328 0.304993 -28.835239 0.003046 175.179489 0.376887 -84.863803 1.139550 171.587509 0.948649 14.544795 4.121663
53 -9.377623 0.797889 -31.455690 0.009002 294.297614 0.193446 17.720650 3.029856 68.260830 0.541210 19.526964 13.336255
53 -5.270945 0.031249 20.499725 0.098605 244.311580 0.286411 -30.920880 4.401559 175.647143 0.707906 24.687002 5.122898
53 -6.487293 0.530835 -74.492444 0.060742 231.569270 0.702900 -82.778830 4.953021 416.233738 0.319454 48.988329 7.555594
53 -4.230500 0.749360 -44.453925 0.037422 190.138982 0.609716 88.702958 3.256717 405.430824 0.236180 37.704237 3.042007
53 -5.484151 0.728445 -59.240926 0.155588 296.340663 0.566611 -78.452591 0.810227 105.520379 0.361530 23.163575 5.549309
53 -5.606027 0.684744 -53.558318 0.138065 280.575421 0.247574 -20.495017 3.643006 25.070907 0.544779 10.633643 5.793062
54 -5.358715 0.373899 -55.957417 0.003026 210.156380 0.096223 24.284948 4.888562 240.256273 0.710767 19.915963 5.298438
54 -3.432915 0.672820 -56.250642 0.086066 230.759414 0.694426 -77.815685 1.191375 285.051985 0.214623 13.426176 1.446837
54 -3.966559 0.760920 -59.992525 0.086715 205.697198 0.702576 -82.511839 4.549575 458.755034 0.023597 36.334695 2.514125
54 -4.846251 0.359031 -18.534437 0.001848 193.416307 0.335739 -82.565783 0.740288 121.046284 0.938948 21.446721 4.273509
54 -8.067288 0.736932 -26.386811 0.089298 306.924370 0.127922 29.698819 3.045086 38.142331 0.591074 17.970259 10.715584
54 -5.748132 0.034092 13.526597 0.133647 256.657182 0.304377 -19.688950 4.258422 181.411791 0.669997 26.162313 6.077271
54 -6.631927 0.482439 -81.502476 0.159888 239.144703 0.720061 -70.912166 6.216222 459.565549 0.217070 50.201824 7.844861
54 -3.459756 0.622069 -29.814101 0.006702 146.503301 0.608080 79.391916 3.521820 458.963275 0.349254 38.959487 1.500519
54 -5.363032 0.657678 -60.934196 0.161496 285.347410 0.520418 -70.745273 0.660784 99.456039 0.407049 25.246857 5.307071
54 -6.591289 0.798349 -55.494679 0.056157 276.558227 0.204292 32.517591 4.058887 36.934775 0.542130 18.237921 7.763586
55 -5.693106 0.397034 -60.847977 0.019581 204.211431 0.128397 22.220048 4.821477 254.068838 0.683549 20.660071 5.967220
55 -3.133629 0.660973 -58.221373 0.065486 209.442859 0.698556 -74.783245 0.457064 266.873186 0.278669 8.951183 0.848266
55 -3.760153 0.745969 -59.025575 0.090568 194.017638 0.636493 -77.841328 4.033306 452.002688 0.057766 35.799837 2.101313
55 -5.383511 0.340923 -8.381960 0.004292 187.778950 0.327945 87.724572 0.273767 97.450766 0.964062 16.612113 5.348029
55 -5.855381 0.738771 -23.855591 0.136510 305.404225 0.142620 16.555367 2.819578 65.705370 0.584651 9.221923 6.291769
55 -5.978740 0.094225 39.171779 0.036465 236.038114 0.101398 -2.167332 4.724778 229.168420 0.715336 28.100443 6.538488
55 -5.844877 0.463418 -82.691763 0.153737 233.288944 0.721277 -78.880959 5.965112 452.760439 0.262062 50.715286 6.270762
55 -3.795823 0.673213 -28.620690 0.002550 139.441028 0.609790 81.502435 3.478726 468.113183 0.327824 37.534824 2.172653
55 -6.110105 0.617855 -57.316159 0.069855 284.986705 0.447839 -65.167792 1.035947 77.979779 0.494361 25.439354 6.801217
55 -6.454036 0.753877 -59.089250 0.030482 271.430744 0.274078 29.076838 4.621338 107.603781 0.452914 13.470090 7.489081
56 -5.266037 0.412566 -62.378506 0.015378 218.941925 0.093638 12.642462 4.746191 217.616446 0.699845 20.430149 5.113082
56 -3.395310 0.639187 -54.368437 0.015072 201.228191 0.733002 -79.554678 0.050337 279.934009 0.300393 10.898083 1.371628
56 -4.476194 0.734061 -60.063304 0.007127 170.277292 0.712427 -70.054697 3.747870 476.382187 0.027863 24.318164 3.533395
56 -5.092110 0.294156 -17.326753 0.003041 210.565705 0.276946 86.087023 0.423000 88.518103 0.939234 22.480040 4.765228
56 -6.402596 0.767369 -29.827374 0.116455 284.794932 0.174616 18.451695 3.505425 84.198285 0.669224 12.897386 7.386200
56 -5.411374 0.091106 39.771815 0.079974 239.830398 0.113050 8.691701 4.985399 210.158915 0.724437 25.837862 5.403755
56 -6.218989 0.485277 -85.387214 0.104578 238.669392 0.707039 -84.979791 6.057895 453.245986 0.224148 50.278674 7.018985
56 -3.676791 0.634515 -19.898137 0.005352 146.489834 0.571469 83.319832 3.578600 454.264732 0.355688 38.799482 1.934589
56 -6.762856 0.454050 -64.493291 0.047909 272.501958 0.195885 86.240582 3.033682 160.170300 0.518423 27.634413 8.106720
56 -5.845684 0.758716 -50.289982 0.164972 293.265904 0.266562 42.649824 3.983004 68.540967 0.489390 4.058452 6.272376
57 -5.582864 0.302562 -45.253879 0.010426 232.532944 0.050780 31.409607 6.301994 263.382907 0.635937 23.043123 5.746736
57 -4.341112 0.632581 -57.146130 0.051475 197.199648 0.746929 -74.152411 0.877968 252.438544 0.426206 2.725621 3.263232
57 -3.583812 0.676704 -62.382166 0.012911 185.000048 0.709061 -79.267093 3.054580 412.118328 0.119429 22.267980 1.748631
57 -5.137985 0.337113 -23.142657 0.022131 214.497393 0.393715 69.761046 0.618972 120.347991 0.852186 25.605638 4.856977
57 -6.105132 0.746920 -27.424258 0.159887 285.558987 0.063233 47.605768 5.779563 83.002925 0.605871 11.107310 6.791271
57 -5.693991 0.087576 38.553383 0.074669 242.099806 0.097262 19.040722 5.227810 213.617244 0.728411 27.745217 5.968989
57 -4.470286 0.494330 -88.192322 0.082222 213.532740 0.757339 -80.602142 6.290232 482.290040 0.246097 49.013569 3.521579
57 -3.777483 0.657302 -23.038874 0.005258 146.527883 0.549691 85.697185 3.586376 446.213997 0.347503 35.951918 2.135973
57 -6.455567 0.520552 -55.379921 0.042800 272.217164 0.181371 -88.934666 3.095460 134.106190 0.528655 24.028019 7.492141
57 -6.175354 0.736864 -50.303702 0.185743 280.903459 0.273295 40.609674 3.807037 71.255060 0.511885 2.791629 6.931716
58 -6.063718 0.390019 -41.903605 0.052470 251.774756 0.794555 46.717063 5.457713 238.616542 0.619785 23.555485 6.708443
58 -4.208607 0.641063 -44.899499 0.102433 225.993914 0.757744 -80.248064 1.020519 246.834519 0.451707 5.195137 2.998222
58 -6.189716 0.643873 -55.530870 0.002274 182.517862 0.623357 -54.883444 3.072747 391.233934 0.162231 24.681695 6.960439
58 -6.067487 0.310471 -27.872151 0.022435 222.313815 0.447215 27.117517 6.321459 107.826584 0.866785 25.609534 6.715981
58 -5.936717 0.751665 -27.572695 0.150045 280.853594 0.027208 65.087306 5.913445 74.883314 0.643315 9.859667 6.454441
58 -8.712328 0.068739 34.699542 0.145819 276.957540 0.179808 4.228743 4.323324 171.302055 0.678667 32.415110 12.005664
58 -5.212895 0.484687 -85.663242 0.050296 217.938347 0.767435 -80.262447 5.933734 457.524271 0.280570 45.927473 5.006798
58 -3.738413 0.664962 -23.270237 0.003571 143.394110 0.557742 85.968312 3.581132 451.330712 0.328892 37.722372 2.057834
58 -5.798491 0.557593 -62.868373 0.075525 270.714304 0.327891 -83.388563 2.537154 95.580840 0.530138 27.884424 6.177990
58 -5.711280 0.748408 -0.908077 0.260598 299.582555 0.558667 87.296126 0.977023 56.157612 0.790262 17.323837 6.003568
59 -6.213074 0.452167 -45.842932 0.032938 241.746467 0.000388 68.174618 4.995026 275.342369 0.536005 25.652611 7.007155
59 -4.395249 0.645314 -65.547596 0.019348 204.532670 0.663604 -53.334401 4.478643 391.408853 0.286088 0.889813 3.371505
59 -3.544254 0.550504 -39.040872 0.114554 175.587232 0.627316 -83.359148 3.139486 428.842757 0.139583 20.662338 1.669516
59 -5.251194 0.352235 -52.088427 0.004249 221.893498 0.503834 28.816401 0.453287 138.103404 0.796473 27.440108 5.083395
59 -6.569402 0.721181 -48.833880 0.015244 273.138812 0.160934 77.446131 6.021759 206.128559 0.440871 8.852173 7.719812
59 -8.906847 0.049124 48.364454 0.052764 273.768109 0.204336 -1.409099 3.698646 136.981607 0.700486 27.858955 12.394702
59 -5.919207 0.380851 -70.324172 0.061975 221.338751 0.731886 89.901735 6.039994 460.518156 0.342547 46.700168 6.419422
59 -4.040544 0.673865 -24.087140 0.005394 144.960139 0.583913 88.398095 3.542495 453.143964 0.321425 37.606721 2.662096
59 -5.575214 0.553518 -57.339217 0.082821 266.854703 0.385883 73.167686 1.934179 99.490652 0.528429 24.559933 5.731436
59 -5.401966 0.742118 -4.464378 0.269181 286.752828 0.585432 86.531000 0.876463 99.725699 0.767091 17.795663 5.384940
60 -5.716665 0.510320 -40.473721 0.070307 227.543891 0.050462 50.703502 4.584690 286.964679 0.571098 24.354438 6.014337
60 -4.109897 0.577159 -51.341544 0.032862 202.699208 0.751079 -64.234449 4.174591 374.565517 0.338485 2.715270 2.800801
60 -3.233970 0.500930 -35.660574 0.171908 182.203292 0.554802 -81.461084 4.042638 454.189061 0.112995 17.889867 1.048948
60 -5.233649 0.378249 -55.933741 0.026234 225.785521 0.547495 25.054504 0.151858 124.179417 0.758175 28.298814 5.048306
60 -5.875397 0.798823 -63.764695 0.091226 282.446080 0.457737 23.467748 6.128654 244.114732 0.336024 10.724865 6.331801
60 -7.310252 0.002741 54.256037 0.338270 294.582570 0.148161 -4.973967 3.824140 129.039076 0.579491 28.319751 9.201512
60 -6.938155 0.425098 -79.353736 0.035193 221.032689 0.712162 -82.723060 6.332068 466.661125 0.338211 46.314777 8.457317
60 -4.233920 0.673810 -26.085341 0.006557 148.395310 0.586561 -89.014651 3.753348 456.697561 0.305901 36.363065 3.048848
60 -5.149590 0.562175 -63.627166 0.115045 271.404304 0.334649 68.679943 2.020496 108.433336 0.474703 21.301079 4.880188
60 -5.461879 0.760280 -6.204413 0.223986 285.192914 0.600611 87.692695 0.935741 107.801511 0.752439 17.936878 5.504766
61 -5.070520 0.466930 -49.125831 0.096332 232.886912 0.091963 37.623541 4.630124 283.361734 0.546268 21.579250 4.722047
61 -4.218571 0.499484 -40.972256 0.045581 195.553181 0.649868 -62.619317 3.818134 388.819653 0.361022 2.544594 3.018151
61 -3.958216 0.516152 -36.439412 0.110872 187.469439 0.564635 -71.080183 3.858455 439.782202 0.143275 18.695121 2.497439
61 -5.501448 0.380489 -55.359019 0.026994 229.945479 0.541561 25.762378 0.413890 129.712666 0.717112 29.294016 5.583904
61 -5.884314 0.736442 -48.070160 0.136893 295.947632 0.326116 28.283851 5.836580 187.791921 0.390465 11.671830 6.349635
61 -7.711920 0.028186 57.519796 0.380441 299.633905 0.161644 1.147573 3.574351 114.898017 0.588576 29.080341 10.004847
61 -6.098208 0.408450 -78.969057 0.011552 215.856394 0.738235 85.942819 6.140854 470.632484 0.334542 46.327758 6.777423
61 -4.036502 0.674228 -25.819007 0.011784 143.331679 0.530290 87.738675 4.399261 497.945190 0.285961 36.874993 2.654011
61 -6.191689 0.668582 -66.912242 0.047164 273.353493 0.454706 -85.773133 0.787805 41.502167 0.593901 30.059289 6.964386
61 -5.804146 0.767093 -3.942139 0.209085 285.041515 0.559030 86.627523 0.852008 124.139813 0.741801 20.441672 6.189299
62 -5.538893 0.550110 -44.268247 0.002152 234.069364 0.052712 73.461311 3.212733 182.017978 0.643268 15.939572 5.658794
62 -3.972176 0.402000 -29.267041 0.092558 192.385219 0.666125 -44.772794 4.914904 447.001183 0.334501 5.636160 2.525359
62 -3.624343 0.538945 -42.916679 0.134703 197.625583 0.588862 -75.375720 4.137231 443.436601 0.114053 13.000963 1.829694
62 -9.363985 0.491607 -73.798914 0.072456 279.614080 0.667903 -20.389565 5.731516 85.905298 0.706744 39.017826 13.308977
62 -6.824810 0.538954 -25.934517 0.124156 282.010007 0.213757 33.067903 6.346888 184.003566 0.541676 19.463157 8.230627
62 -7.829133 0.024181 56.742033 0.283592 295.898318 0.192642 17.354711 3.625965 119.766828 0.586568 28.589405 10.239274
62 -5.307946 0.406327 -83.985961 0.179046 222.997767 0.676199 -86.119418 6.356321 464.078005 0.327030 47.857448 5.196899
62 -3.708362 0.694948 -29.591243 0.002952 154.075076 0.612846 89.866237 3.972013 467.728521 0.235896 28.751022 1.997732
62 -5.377299 0.769524 -74.482271 0.122267 300.511102 0.263476 -73.196147 3.970677 95.918055 0.530242 28.066881 5.335606
62 -6.665152 0.761722 1.591097 0.228130 295.841028 0.564312 -88.940347 0.760132 123.052751 0.754359 22.579438 7.911311
63 -6.081808 0.613554 -35.586365 0.040792 256.866795 0.030362 51.831214 2.853959 157.164390 0.597552 17.774772 6.744624
63 -3.563188 0.344122 -41.411973 0.012564 172.464443 0.536324 -57.438063 5.040295 464.944198 0.277030 4.237045 1.707384
63 -3.554155 0.522212 -37.093887 0.026790 166.864619 0.612971 -78.711061 4.499077 484.893789 0.078921 12.596848 1.689317
63 -6.721520 0.302303 -43.396766 0.039303 235.125418 0.749656 17.382942 5.932672 184.406903 0.795336 29.782991 8.024047
63 -6.287286 0.570721 -34.391131 0.104903 282.606213 0.184044 31.742429 6.497750 174.719610 0.542493 19.007292 7.155580
63 -7.335918 0.007094 57.904872 0.284574 290.997403 0.214371 21.832699 3.600936 136.356042 0.583040 28.303305 9.252844
63 -5.414043 0.447868 -84.805579 0.172822 232.186304 0.678698 89.339031 6.289609 454.614273 0.318668 48.147271 5.409093
63 -3.441693 0.614824 -21.993423 0.008794 157.300128 0.629842 -86.363196 4.640433 481.983894 0.203947 28.847850 1.464395
63 -6.346769 0.736673 -67.095702 0.016479 290.967633 0.245510 -74.944855 3.781385 97.684597 0.450538 25.354638 7.274546
63 -5.456647 0.745000 1.478387 0.352004 297.731329 0.577769 83.690624 0.635872 145.406406 0.710052 19.419654 5.494301
64 -6.571661 0.679045 -45.806405 0.029184 250.809550 0.127959 39.020191 3.554140 179.379168 0.655601 23.365830 7.724330
64 -3.823024 0.354886 -28.594583 0.044447 158.642496 0.626340 -66.229224 4.545948 471.858416 0.266456 3.602909 2.227056
64 -3.908559 0.669372 -42.275373 0.059533 153.145952 0.688953 -84.721416 3.235760 458.139627 0.057447 11.617574 2.398126
64 -6.258621 0.295484 -52.053137 0.029793 234.331043 0.744309 0.729492 6.042680 192.678955 0.738650 28.458336 7.098250
64 -7.720401 0.557138 -25.682280 0.132113 304.402295 0.039518 23.995660 6.013792 115.535506 0.547795 16.926395 10.021809
64 -7.399677 0.047136 40.957288 0.252445 286.395496 0.274090 24.944430 3.570271 150.810484 0.596725 28.589494 9.380362
64 -5.363460 0.477441 -87.322960 0.168239 231.546068 0.676039 89.187410 6.213342 454.254629 0.325325 48.175869 5.307927
64 -3.356237 0.652472 -15.169492 0.025687 163.482280 0.578236 -85.966432 4.120959 466.504687 0.203023 26.359225 1.293482
64 -5.347359 0.775609 -73.673556 0.153293 307.601367 0.199152 -57.939400 3.844896 74.822114 0.464648 29.207135 5.275725
64 -5.238958 0.752583 -4.102745 0.416455 296.522151 0.566667 73.566283 0.652468 166.031452 0.655876 18.431934 5.058924
65 -5.636948 0.565592 -36.232079 0.002726 233.278524 0.149471 48.597097 3.472537 236.358024 0.609994 19.499631 5.854903
65 -3.682152 0.388462 -24.419671 0.105305 170.113645 0.647858 -74.027751 4.363467 455.146635 0.218825 4.167725 1.945311
65 -3.897636 0.651050 -54.094924 0.026488 153.338183 0.670110 -84.177135 3.655756 466.608677 0.043618 13.349665 2.376280
65 -9.017528 0.322653 -46.538443 0.006211 241.845326 0.617208 13.536112 5.494002 125.674335 0.824599 35.677584 12.616063
65 -6.321868 0.517894 -29.255858 0.180017 297.639034 0.066962 7.311981 6.271549 133.622066 0.507341 16.686318 7.224743
65 -7.669417 0.052749 38.905849 0.296962 289.693020 0.270832 28.525685 3.779716 164.049272 0.582460 29.026453 9.919842
65 -5.403523 0.467783 -86.903728 0.165026 230.207944 0.689461 89.957407 6.196874 454.333473 0.334316 48.636665 5.388054
65 -4.320723 0.654596 -14.833622 0.012262 154.186567 0.570658 -77.506195 4.051611 468.928772 0.229548 25.014407 3.222454
65 -5.798718 0.794818 -69.779633 0.186220 321.437375 0.007843 -47.532126 4.358360 72.532738 0.404353 30.011163 6.178444
65 -5.644055 0.794376 -9.066742 0.343120 293.093996 0.550355 71.434887 0.543921 170.527738 0.649670 18.915052 5.869117
66 -5.720064 0.581114 -32.331492 0.041191 246.136520 0.057601 32.125456 3.241505 228.910627 0.555169 16.591080 6.021135
66 -4.182170 0.420943 -28.424981 0.007226 152.165778 0.598992 -84.984533 5.131690 445.968088 0.359904 19.137551 2.945348
66 -3.322424 0.590362 -59.235984 0.044894 161.318451 0.687919 -75.365292 3.906531 467.044885 0.044917 21.538310 1.225855
66 -5.711263 0.273786 -38.325955 0.042927 230.230941 0.663379 8.733172 5.654580 177.813915 0.792578 24.705101 6.003533
66 -6.759725 0.439444 -20.602694 0.246261 299.341043 0.085260 7.752940 6.198859 147.114381 0.540581 18.941952 8.100457
66 -7.627512 0.038110 41.133915 0.268915 287.031675 0.285546 26.758373 3.862732 168.016732 0.586114 29.418502 9.836032
66 -5.712707 0.441289 -82.014995 0.130057 225.327426 0.709865 89.888799 6.191866 445.716888 0.393148 47.534999 6.006422
66 -3.928033 0.662978 -8.251815 0.063704 159.307881 0.607377 -80.010896 3.774341 464.006919 0.207090 26.891381 2.437074
66 -6.085512 0.792535 -69.080727 0.147270 320.536412 0.011494 -53.887372 4.533930 59.319920 0.365768 32.231432 6.752031
66 -5.619434 0.786804 -6.537997 0.346217 296.130757 0.530576 75.536847 0.725164 155.316821 0.685978 18.169886 5.819876
67 -4.933348 0.646681 -28.020478 0.156120 246.127154 0.165740 22.939435 2.450438 254.686746 0.506570 17.092269 4.447704
67 -4.012326 0.402666 -24.794714 0.035633 165.228580 0.552957 -79.653905 5.108625 435.681126 0.356116 18.578000 2.605659
67 -3.383401 0.534062 -53.554493 0.049103 163.770573 0.725786 -75.978328 3.925485 458.306593 0.055606 23.291315 1.347810
67 -5.602268 0.230635 -35.689010 0.042212 229.213857 0.652922 18.980303 5.586257 176.168568 0.779186 24.318607 5.785544
67 -5.997107 0.407958 -14.940876 0.285618 287.652646 0.174524 29.953588 6.085359 182.491925 0.572366 17.235049 6.575222
67 -7.206961 0.009660 44.363339 0.218751 277.694030 0.356099 26.548209 3.762048 188.229905 0.601283 29.294871 8.994930
67 -6.909059 0.446780 -84.933106 0.147448 232.130153 0.688978 -87.924094 5.928597 432.553806 0.420580 47.471251 8.399125
67 -4.552284 0.652829 -1.871163 0.563677 210.450639 0.684320 -82.287857 3.192493 438.362082 0.181888 26.864608 3.685576
67 -5.921942 0.795348 -72.606317 0.091735 314.286951 0.016136 -49.907553 4.226687 42.264045 0.411784 32.294362 6.424892
67 -6.070536 0.741637 -1.206927 0.359562 303.527912 0.541332 83.093566 0.564149 134.456780 0.701225 19.749191 6.722079
68 -4.818118 0.562915 -22.790282 0.105492 237.514701 0.169415 26.561998 2.896390 268.726057 0.540610 18.288390 4.217244
68 -4.869518 0.430830 -37.099364 0.020704 164.899405 0.656924 -76.550157 5.491866 443.867216 0.476659 16.078753 4.320044
68 -3.619868 0.545755 -57.246079 0.033623 158.917941 0.775441 -82.690102 3.626959 447.998772 0.048584 29.209816 1.820744
68 -6.736315 0.273606 -32.775202 0.007563 242.836961 0.677348 11.922779 5.066109 167.022668 0.764122 27.990221 8.053637
68 -5.808173 0.379866 -27.737707 0.223082 277.972044 0.227911 32.539103 6.396138 198.955778 0.548545 21.288223 6.197354
68 -6.743379 0.015633 47.164313 0.163533 270.916085 0.347765 13.111718 3.831542 189.616925 0.620019 27.699972 8.067766
68 -5.748489 0.477362 -89.893465 0.133000 232.314145 0.675414 -85.961153 5.949370 446.964484 0.310736 47.972909 6.077985
68 -3.889291 0.748481 -0.581253 0.559159 219.205915 0.705404 -77.561205 2.969654 431.377558 0.128495 11.428887 2.359590
68 -5.482835 0.778272 -76.340791 0.098691 309.684928 0.069123 -58.400806 4.189061 55.097411 0.416383 31.417669 5.546678
68 -6.860154 0.710195 1.434469 0.370676 308.035499 0.546644 81.280866 0.820729 123.908285 0.699874 20.108731 8.301315
69 -4.681545 0.495961 -15.038314 0.087537 230.167852 0.233789 39.279226 2.953117 265.807610 0.603345 16.270998 3.944097
69 -4.213082 0.402351 -23.607877 0.008608 154.640011 0.676244 -74.195258 5.023174 433.476471 0.469516 12.989530 3.007172
69 -4.305914 0.532631 -58.519274 0.014919 148.863561 0.792112 -84.546946 3.784559 490.263394 0.018717 30.333323 3.192836
69 -6.006500 0.262311 -33.351669 0.070870 242.560059 0.630375 16.923520 5.133414 195.060037 0.742751 26.010130 6.594007
69 -6.241858 0.406213 -31.875621 0.275641 284.138076 0.239802 21.736719 6.343206 189.949849 0.517879 22.421571 7.064724
69 -6.755584 0.016257 44.049575 0.145373 275.438268 0.191135 22.343314 3.809943 157.074888 0.598550 25.961083 8.092175
69 -5.180474 0.461715 -89.149895 0.156339 228.535685 0.670548 -89.291136 6.049998 451.199881 0.301859 46.916496 4.941957
69 -3.601600 0.726670 0.664394 0.563191 218.488119 0.759388 -78.655315 3.012792 433.012545 0.130791 12.328907 1.784207
69 -6.067793 0.770980 -65.026554 0.078862 300.886079 0.092273 -59.018417 3.903042 30.862018 0.461774 26.590971 6.716594
69 -8.759495 0.699759 1.904874 0.379726 310.903673 0.539489 78.371228 0.975927 111.971879 0.726352 24.935716 12.099998
70 -5.836667 0.625693 -46.367932 0.020287 248.497085 0.133420 27.064048 2.726290 191.345348 0.576607 19.734434 6.254342
70 -4.636556 0.390710 -23.393369 0.010914 167.833457 0.661402 -83.204793 4.645404 352.607649 0.557214 16.788619 3.854120
70 -3.318304 0.540130 -63.473863 0.051401 164.071369 0.749876 -75.629889 3.768352 474.181073 0.007964 34.079833 1.217615
70 -5.488213 0.248032 -43.460219 0.082031 239.408554 0.656484 13.611457 5.942665 233.074224 0.707005 24.577164 5.557433
70 -6.818751 0.419331 -32.399222 0.237931 292.991047 0.221537 21.582364 6.367791 194.930367 0.523636 21.901857 8.218509
70 -6.540698 0.017939 46.250173 0.126895 272.972539 0.206288 20.727337 3.856866 151.943065 0.600665 24.029669 7.662403
70 -5.131570 0.450977 -89.891898 0.128602 221.228926 0.678128 -89.913895 6.165139 450.337371 0.367256 45.604969 4.844148
70 -4.854666 0.784560 -10.060318 0.434089 247.463936 0.790744 -81.278977 3.398946 436.006516 0.099715 13.325232 4.290341
70 -5.540696 0.778720 -73.528804 0.064420 282.508688 0.109719 89.368332 3.461812 83.199850 0.423007 22.161599 5.662400
70 -7.728602 0.626325 8.283188 0.432670 309.367320 0.439667 -84.347781 1.810378 106.903542 0.722356 24.492036 10.038212
71 -6.230412 0.624069 -37.394646 0.021797 262.004540 0.020381 55.504262 2.403175 136.490949 0.578328 17.302268 7.041831
71 -4.735489 0.417487 -35.860927 0.002642 175.228700 0.687426 -87.411076 4.918130 371.388474 0.625246 21.601254 4.051985
71 -4.184957 0.522871 -48.890398 0.093991 198.400541 0.751103 -75.553287 3.091224 406.116522 0.116149 37.715699 2.950922
71 -5.552855 0.217772 -40.926839 0.065036 232.150053 0.663959 20.643952 5.918899 248.548768 0.732796 25.031526 5.686718
71 -5.843575 0.477226 -23.562825 0.308222 284.993975 0.173184 23.291308 5.325690 195.059939 0.538975 18.446104 6.268157
71 -5.832144 0.019776 43.281949 0.189879 264.761854 0.216125 22.402185 4.367074 171.503547 0.632742 25.086692 6.245295
71 -3.995243 0.298645 -77.175923 0.057490 188.230465 0.679675 -87.107189 6.042974 453.947058 0.355171 36.617342 2.571495
71 -7.368209 0.788898 -8.755332 0.436581 251.890226 0.767820 -75.032646 3.306546 422.265937 0.110436 12.907302 9.317426
71 -5.887724 0.782519 -64.095932 0.081042 283.428594 0.048162 -75.184512 2.950961 33.795791 0.448452 17.055974 6.356455
71 -8.138216 0.606189 9.075372 0.375384 299.709729 0.468772 -80.854489 1.768129 113.402965 0.756293 26.351840 10.857439
72 -11.335586 0.518584 -27.471243 0.067026 266.853077 0.161056 8.884087 1.871219 168.613298 0.663562 34.510131 17.252180
72 -5.436511 0.492865 -25.730875 0.024826 201.992374 0.500153 -77.261573 4.382453 256.275569 0.661835 16.250252 5.454029
72 -3.435283 0.590415 -56.800097 0.143161 192.544653 0.754182 -88.462485 3.830391 437.980593 0.113853 45.250392 1.451574
72 -5.688693 0.277818 -51.334020 0.045145 229.649189 0.642827 15.127763 5.953238 242.342713 0.705285 25.102557 5.958393
72 -6.250445 0.418388 -20.259039 0.245526 280.003129 0.223525 22.690372 5.338259 220.393175 0.564364 21.752395 7.081898
72 -6.031133 0.026650 44.568921 0.178743 266.533121 0.193032 23.345311 4.532550 180.468636 0.629397 25.759837 6.643274
72 -4.410078 0.311442 -79.073365 0.051732 190.570654 0.666150 -79.075180 6.000846 451.715763 0.379253 36.450346 3.401163
72 -5.272165 0.734355 -0.397654 0.300460 214.705533 0.744062 -79.166995 3.808628 467.359187 0.121972 32.530406 5.125337
72 -5.993039 0.731825 -56.500230 0.083634 285.895535 0.010926 -64.104386 3.036087 28.076251 0.438513 17.090588 6.567086
72 -7.594526 0.688580 4.614724 0.358289 306.951946 0.440174 -79.464557 1.353938 79.432636 0.758265 23.890322 9.770059
73 -7.622283 0.632653 0.336010 0.170789 293.074053 0.144697 25.577477 0.732517 38.097919 0.789434 23.934137 9.825573
73 -5.713216 0.543357 -34.858333 0.009552 192.812038 0.588949 -83.914618 4.304512 271.073614 0.665765 10.162625 6.007439
73 -3.502528 0.571458 -54.044682 0.126524 187.174496 0.757671 89.140006 3.783154 437.330058 0.130199 43.592787 1.586064
73 -5.434400 0.346544 -59.830054 0.082092 261.194153 0.686830 16.654355 5.643746 184.501364 0.597410 23.099763 5.449808
73 -6.007006 0.403135 -15.748552 0.306676 274.015208 0.197801 10.167125 5.149202 242.099648 0.578396 21.245744 6.595020
73 -5.837128 0.033099 44.564612 0.219341 263.223864 0.205230 15.667760 4.597395 190.746104 0.620458 24.728176 6.255263
73 -4.272370 0.294925 -85.517625 0.022270 173.882829 0.710487 -77.224807 5.898346 474.988434 0.341715 41.121844 3.125748
73 -3.492191 0.702260 -6.717461 0.317800 213.212203 0.769718 -82.861856 3.965330 460.572364 0.104422 29.448350 1.565390
73 -6.177783 0.786100 -47.482231 0.191409 300.668731 0.695155 -71.845661 2.143259 19.701170 0.484187 -3.862288 6.936574
73 -6.674634 0.737603 0.276663 0.351026 308.055098 0.488591 88.838410 0.922733 42.589562 0.772993 19.792956 7.930275
74 -9.523821 0.672240 -4.221928 0.188749 300.192324 0.166301 20.103808 0.782526 27.302748 0.759187 26.410155 13.628649
74 -6.519539 0.598611 -44.671890 0.024103 199.306788 0.511804 -77.787775 4.577995 264.440617 0.631751 6.993095 7.620086
74 -3.457198 0.551676 -56.349664 0.109012 181.300153 0.767304 89.672606 3.877458 448.471195 0.137957 44.841765 1.495403
74 -5.433842 0.324741 -72.621839 0.101999 260.752379 0.704837 6.595847 5.986407 183.309383 0.576479 22.169709 5.448692
74 -6.096658 0.406682 -11.131628 0.312969 272.675137 0.163477 7.215057 5.036847 246.069725 0.593830 21.811007 6.774324
74 -5.717894 0.005968 37.842029 0.169127 251.858087 0.130678 10.375984 5.096798 257.312635 0.615470 25.912224 6.016796
74 -4.109065 0.251675 -74.726993 0.010012 172.181044 0.707887 -82.546704 6.098688 493.007695 0.338263 40.329962 2.799137
74 -3.944529 0.684391 -12.703245 0.388981 230.474037 0.786542 -84.082839 4.621255 451.766714 0.170284 21.900569 2.470065
74 -7.736719 0.748846 -57.646840 0.146131 274.260670 0.749210 75.159402 3.056032 88.207673 0.438587 -6.093391 10.054445
74 -5.568461 0.740001 -2.780836 0.278730 298.238102 0.552465 80.262134 1.187083 57.861606 0.777196 16.228719 5.717930
75 -6.873269 0.792553 -64.062955 0.074456 274.702460 0.386554 32.689339 1.777405 19.173131 0.458530 5.789540 8.327545
75 -5.363915 0.576816 -29.945141 0.035601 211.286648 0.458119 -78.155703 4.123384 240.579028 0.743713 12.481276 5.308837
75 -3.244720 0.544593 -60.353467 0.041771 170.619337 0.776670 -83.463137 3.805155 460.135096 0.119180 50.200053 1.070448
75 -6.055600 0.350720 -62.451438 0.076379 276.929731 0.628113 6.540918 5.566938 156.185148 0.525809 24.363596 6.692208
75 -6.208883 0.409090 -23.009361 0.153117 271.045326 0.183849 -0.105725 6.268739 277.322677 0.538869 18.746152 6.998773
75 -5.854549 0.002495 36.111037 0.066035 247.319628 0.165918 5.765589 5.159733 271.263159 0.606434 24.731548 6.290105
75 -4.046980 0.289279 -71.836536 0.015215 176.479179 0.704110 -84.976077 5.638489 465.978264 0.367202 38.443419 2.674967
75 -4.379309 0.652377 -33.142142 0.123498 190.572939 0.688317 -89.056376 3.144324 419.862175 0.244505 33.264979 3.339625
75 -8.327089 0.785940 -65.345953 0.176946 273.358868 0.747233 67.795550 3.012664 91.142875 0.394374 -4.951517 11.235185
75 -6.253315 0.633563 -4.203881 0.180997 284.143917 0.615150 44.424190 1.664129 108.162704 0.747433 20.869542 7.087638
76 -6.408997 0.720697 -39.470406 0.082129 267.735700 0.216607 39.958454 2.027554 40.256035 0.596979 8.968481 7.399001
76 -5.362607 0.616765 -27.925968 0.051168 200.228106 0.598753 -87.256230 3.518852 260.635313 0.717307 9.767635 5.306222
76 -5.102221 0.543655 -55.745500 0.103221 184.593100 0.782235 -73.314163 3.615117 481.498218 0.007975 51.308402 4.785449
76 -5.800932 0.408092 -59.189566 0.060766 276.805508 0.632952 17.267564 5.075453 132.320944 0.525939 21.554771 6.182872
76 -6.364583 0.409037 -22.061763 0.156548 267.856384 0.189931 -11.160339 6.254747 297.548681 0.510903 21.104987 7.310174
76 -5.825508 0.016998 38.107472 0.083657 248.546718 0.123746 8.621597 4.966361 263.405819 0.608119 24.577349 6.232024
76 -3.691091 0.399654 -79.142452 0.086590 201.753172 0.785924 -83.290540 4.881801 407.024970 0.317369 36.721629 1.963189
76 -3.567343 0.715255 -31.017634 0.239341 207.910383 0.669424 86.667181 2.984743 409.412860 0.175548 33.571653 1.715693
76 -7.653986 0.724286 -65.199808 0.183248 272.424763 0.685483 80.796100 3.953582 89.925039 0.392446 -1.620645 9.888979
76 -7.363824 0.574245 9.404539 0.101268 268.637574 0.569345 31.147069 1.719244 154.769589 0.795339 23.659505 9.308655
77 -6.395976 0.731243 -48.247474 0.095869 264.383087 0.234696 34.149012 2.378039 66.917622 0.541456 10.162600 7.372960
77 -5.416249 0.660868 -30.091504 0.033121 204.145678 0.549496 70.079002 3.050266 254.881251 0.720949 14.047954 5.413506
77 -5.659815 0.642980 -60.715759 0.114528 184.967365 0.735142 -74.778620 3.308149 476.098761 0.015950 50.088681 5.900638
77 -5.843142 0.391796 -53.038316 0.100718 282.461522 0.666458 28.595977 5.266955 120.666009 0.503652 19.161066 6.267291
77 -6.234955 0.469448 -6.445066 0.184017 264.236680 0.209831 -4.859476 5.421035 296.565636 0.571868 21.019133 7.050918
77 -6.279278 0.069757 48.623526 0.127985 252.508190 0.110656 47.066991 4.390691 270.757531 0.557363 25.909465 7.139563
77 -3.820153 0.391357 -78.636656 0.134388 214.978494 0.787089 -79.520164 4.968743 400.247293 0.284741 36.210368 2.221313
77 -3.545333 0.709308 -23.945721 0.338227 208.381546 0.683262 88.574773 2.867913 416.230712 0.157252 35.878765 1.671673
77 -7.565368 0.739380 -63.873792 0.170477 274.395476 0.662728 84.894378 3.828740 76.959830 0.421165 -2.817797 9.711743
77 -6.156576 0.721031 -19.657176 0.061366 271.842516 0.797839 71.244460 1.270873 80.726062 0.699690 12.541349 6.894160
78 -7.257195 0.667980 -18.971151 0.039130 266.757290 0.227999 -83.727824 6.425724 58.113135 0.788383 20.731350 9.095397
78 -5.020913 0.765482 -14.655914 0.002685 193.721981 0.596505 -84.140448 1.352826 227.883819 0.835917 8.906280 4.622833
78 -3.524699 0.717590 -73.247291 0.007534 150.279749 0.732842 -73.397810 2.839847 454.342953 0.010825 45.200639 1.630405
78 -5.966236 0.480378 -63.919370 0.071175 286.691726 0.726246 28.425611 5.137576 100.428970 0.493851 23.151322 6.513479
78 -6.153643 0.464339 -1.944537 0.167756 258.965779 0.219186 -3.278404 5.187320 302.015934 0.597034 21.350924 6.888294
78 -6.250734 0.071369 49.091863 0.128508 252.591064 0.110687 47.802839 4.386501 270.558823 0.557451 25.778760 7.082475
78 -4.240262 0.410266 -76.229347 0.104729 218.490752 0.701015 -80.360438 4.679722 376.013543 0.332736 36.160419 3.061531
78 -3.434373 0.705667 -19.837177 0.180308 194.236951 0.704204 -88.747781 2.708136 419.420251 0.156891 34.298281 1.449753
78 -7.589458 0.703331 -64.111563 0.169729 272.127449 0.700988 83.766346 3.723938 85.500819 0.404525 -2.336549 9.759923
78 -6.365542 0.702797 -40.727107 0.073670 270.328061 0.679809 51.558886 1.304874 48.853020 0.631641 16.444996 7.312092
79 -6.964749 0.662329 -26.061345 0.076895 261.585735 0.301198 -83.874282 0.582574 55.796566 0.787266 21.836364 8.510505
79 -5.927805 0.656066 -16.213250 0.027464 175.427581 0.589322 -69.794954 2.195535 301.038557 0.731551 7.901241 6.436618
79 -3.454425 0.719697 -77.107943 0.004556 150.557536 0.755447 -78.351621 2.888379 455.960889 0.006151 45.309543 1.489857
79 -6.789833 0.439755 -52.377777 0.139201 292.735119 0.688795 44.259086 5.454849 132.518117 0.483657 27.178296 8.160674
79 -6.141630 0.400388 -3.637437 0.085849 250.100269 0.255407 4.836269 5.531407 317.750166 0.614687 19.546362 6.864267
79 -6.580225 0.070563 49.962602 0.088334 252.823282 0.130068 51.510247 4.513998 274.983752 0.557872 25.679001 7.741458
79 -4.904868 0.353105 -74.816679 0.079527 222.969893 0.701808 -72.738193 5.077090 388.969575 0.330456 34.613579 4.390744
79 -3.509360 0.738882 -28.790763 0.183276 198.413583 0.736353 86.382395 2.273001 404.557338 0.186199 40.329619 1.599728
79 -8.146789 0.707736 -65.727671 0.216581 272.273784 0.702495 83.352848 3.754448 83.200205 0.406046 -4.012033 10.874585
79 -5.735577 0.000027 -48.985154 0.004092 243.256428 0.495880 -37.586255 5.855631 68.848710 0.776621 23.803180 6.052161
80 -6.682310 0.692055 -8.081371 0.091672 266.145075 0.238996 -63.009761 0.345012 79.185888 0.770336 22.627684 7.945628
80 -4.541488 0.617328 -12.135952 0.023355 192.106146 0.582598 -53.278278 2.401589 248.342968 0.790769 7.750836 3.663983
80 -4.067532 0.751654 -80.607411 0.005605 153.319506 0.737423 -84.778799 2.611622 438.665338 0.027777 44.661501 2.716072
80 -6.508700 0.413650 -49.733437 0.113912 292.694615 0.724671 49.435790 5.873556 117.288717 0.500647 20.558457 7.598408
80 -5.709424 0.405502 -26.729532 0.107852 252.382756 0.325251 -1.659204 6.033914 320.175354 0.549130 19.336018 5.999855
80 -6.181461 0.053221 45.907955 0.167792 254.280612 0.133523 51.641393 4.609924 276.937951 0.545082 25.931124 6.943930
80 -5.425870 0.380686 -73.000507 0.103031 223.894118 0.699310 -66.159276 4.968386 391.249388 0.326038 34.023126 5.432748
80 -4.200645 0.686596 -34.389445 0.197343 201.790524 0.718332 -86.774905 2.602704 404.269574 0.164319 38.546645 2.982298
80 -7.748219 0.729883 -65.037338 0.164934 272.796646 0.691385 78.699666 3.400972 67.481729 0.409841 -2.610756 10.077446
80 -5.720533 0.009651 -50.705460 0.007316 244.393347 0.510258 -36.979765 5.935194 67.657517 0.772871 22.611576 6.022073
81 -5.597703 0.656206 4.190459 0.110598 275.792608 0.173999 -40.854808 0.315730 55.036268 0.828837 17.391775 5.776414
81 -4.294775 0.549184 -11.119091 0.004488 178.351100 0.673972 -70.680651 3.038620 322.628935 0.628220 8.269255 3.170557
81 -4.401471 0.687078 -63.803762 0.034639 169.252585 0.557832 -67.309093 2.855038 436.881890 0.048374 46.208462 3.383949
81 -6.422787 0.447818 -35.205829 0.128432 290.831759 0.693208 51.930190 5.514130 135.735726 0.500931 19.392643 7.426582
81 -10.057884 0.398183 -45.748597 0.120082 250.747085 0.386953 -20.644092 6.267883 386.431700 0.438657 28.088392 14.696776
81 -6.077953 0.040770 45.217639 0.165989 253.885411 0.127635 50.810135 4.676263 276.455976 0.551477 25.924622 6.736913
81 -5.023717 0.417857 -64.810726 0.060180 206.406270 0.726008 -76.298042 4.979823 440.499331 0.219565 44.704684 4.628441
81 -4.563164 0.621858 -37.937565 0.206679 211.506257 0.690324 -88.470346 2.714293 389.496142 0.177412 43.646481 3.707335
81 -6.953998 0.738373 -56.425799 0.171783 279.746290 0.638691 89.769688 3.316683 27.172570 0.490591 -2.167792 8.489003
81 -5.552367 0.009091 -49.927944 0.071134 246.170887 0.482904 -33.065822 5.915097 58.520332 0.767266 23.612361 5.685741
82 -5.287167 0.643382 4.425447 0.105124 269.486083 0.194111 -33.731723 0.394954 86.976790 0.810204 20.515564 5.155342
82 -4.145138 0.664323 -19.735400 0.014184 202.013701 0.753515 -59.651305 3.152224 303.700927 0.584186 4.218612 2.871283
82 -3.745165 0.709828 -71.632813 0.030080 165.919688 0.585590 -77.797338 2.900756 451.441799 0.025225 47.168297 2.071338
82 -6.315480 0.447070 -40.202794 0.125587 289.617711 0.696140 64.811896 5.718961 149.181287 0.495326 19.996954 7.211967
82 -7.848672 0.290631 -45.905913 0.105742 255.850248 0.343540 -32.582340 6.542628 352.245752 0.498469 26.351371 10.278352
82 -6.283668 0.015801 50.189468 0.165986 252.732464 0.127922 50.776307 5.083607 292.251288 0.573687 27.536121 7.148343
82 -4.292420 0.457473 -58.619122 0.094859 193.111018 0.658111 -74.950015 4.246626 444.917693 0.171921 37.876767 3.165847
82 -3.670286 0.627295 -45.227794 0.249826 211.476239 0.710774 -88.657757 2.798601 401.371169 0.135081 46.907137 1.921581
82 -6.873641 0.746324 -56.053872 0.196617 279.727071 0.614795 75.739722 3.340688 64.633031 0.471395 -1.788769 8.328290
82 -5.517961 0.000059 -48.102079 0.083319 243.025305 0.484487 -31.429729 5.927810 73.811725 0.765306 22.463241 5.616929
83 -5.698713 0.672445 3.961437 0.141899 281.743349 0.232631 -17.253957 0.350942 51.402277 0.828387 18.941363 5.978433
83 -4.935947 0.753133 -19.127634 0.098002 214.993105 0.716612 -77.095714 2.630469 310.014810 0.496360 -1.460679 4.452901
83 -5.192126 0.669752 -67.019470 0.117804 186.716852 0.524943 -64.193969 2.841382 441.499441 0.020892 58.204575 4.965259
83 -5.743142 0.439578 -48.730017 0.173969 272.683582 0.714006 50.096166 6.163646 171.013976 0.559496 25.223625 6.067291
83 -8.071022 0.256135 -47.783018 0.072353 257.390937 0.324152 -41.732154 6.582006 348.800405 0.492687 26.314492 10.723051
83 -7.265908 0.030180 50.544900 0.157462 250.745457 0.108677 44.783915 5.256013 334.915014 0.545079 28.988513 9.112823
83 -3.586352 0.422955 -66.748747 0.119230 197.951854 0.702189 -77.063246 4.773041 455.915012 0.129760 42.533881 1.753711
83 -3.452445 0.630173 -43.589155 0.252954 210.760657 0.711586 87.473034 3.034846 406.824109 0.129390 44.700712 1.485897
83 -5.761759 0.720902 -51.220992 0.186675 297.983858 0.668622 86.404534 3.667306 45.516134 0.421497 13.561327 6.104526
83 -5.547016 0.002718 -48.137352 0.083502 242.605777 0.487670 -31.586331 5.921371 74.654030 0.763504 22.318614 5.675039
84 -6.313927 0.587908 12.910001 0.084571 271.571664 0.176732 -33.148619 0.376852 58.782112 0.860529 24.941120 7.208862
84 -5.001986 0.793986 -25.930062 0.047972 212.301626 0.721354 -73.023977 2.957412 352.128572 0.411455 -5.988520 4.584980
84 -3.906574 0.688475 -67.106542 0.009349 182.353138 0.532514 -73.136562 2.697483 418.197632 0.082634 43.326957 2.394156
84 -5.624361 0.548395 -33.989166 0.143634 267.269443 0.701499 46.425259 5.502063 163.448730 0.593492 19.347362 5.829729
84 -6.387801 0.261915 -53.986974 0.102955 222.710948 0.299441 -77.272759 6.412007 446.609316 0.364385 33.852354 7.356609
84 -7.202069 0.027532 47.255864 0.129474 237.494452 0.152202 22.773547 4.999919 374.204503 0.507125 29.609582 8.985145
84 -4.767178 0.453651 -77.011323 0.020884 203.203837 0.677065 -82.743831 4.233316 431.396655 0.149498 39.748349 4.115364
84 -4.498954 0.713728 -51.063514 0.058254 191.712699 0.690534 -84.835993 3.168213 424.549175 0.174601 31.448081 3.578916
84 -5.699515 0.738289 -52.350965 0.163277 299.304857 0.627574 85.940376 3.127050 33.922427 0.447473 12.693571 5.980038
84 -5.357117 0.002198 -46.003782 0.087847 242.732846 0.493029 -33.370773 6.101259 84.586283 0.761397 22.347303 5.295242
85 -5.823903 0.616711 11.866511 0.090276 270.152709 0.207885 -37.271956 0.221388 70.679243 0.848096 23.305118 6.228814
85 -6.602924 0.763177 -28.459073 0.188848 231.881560 0.775901 -69.320015 3.245152 385.680956 0.383365 2.400708 7.786856
85 -4.828662 0.738911 -68.614964 0.013783 182.158886 0.556064 -64.676742 2.613712 419.534245 0.071055 43.498243 4.238332
85 -5.521426 0.573621 -55.441631 0.069969 262.019939 0.007709 64.399547 5.826047 146.878772 0.514252 17.361449 5.623860
85 -7.591699 0.162941 -34.695536 0.119270 235.931363 0.232823 -57.561182 6.425846 427.009251 0.398992 29.952036 9.764405
85 -6.363796 0.024879 48.353403 0.139840 238.392393 0.142981 31.423193 5.109943 355.250753 0.524854 28.721428 7.308599
85 -4.443424 0.583973 -67.992808 0.036661 209.636625 0.789181 -75.404732 3.202278 397.132150 0.184774 36.250405 3.467855
85 -3.576525 0.694626 -34.055876 0.106060 202.766909 0.706224 -86.156285 2.809189 387.978111 0.147183 27.676816 1.734058
85 -6.820421 0.790223 -56.217121 0.006834 290.063842 0.680484 84.032533 2.651722 51.656361 0.396951 11.286565 8.221849
85 -5.697591 0.015346 -40.810574 0.002330 242.317402 0.476846 -30.393380 5.924827 72.318209 0.781325 23.909155 5.976190
86 -6.059714 0.612394 7.832961 0.106089 270.603725 0.270134 -36.515468 0.197526 74.242463 0.845791 24.283822 6.700436
86 -4.467474 0.706706 -29.121955 0.232057 239.440476 0.697880 -53.354388 4.053866 369.177016 0.388446 -1.205337 3.515955
86 -3.541399 0.686730 -71.900004 0.025751 167.056161 0.492364 -68.444244 3.699277 481.184123 0.020131 44.771019 1.663805
86 -6.952745 0.444067 -81.808607 0.070997 271.431823 0.758078 71.219647 6.028994 178.897448 0.620355 36.655300 8.486497
86 -4.665031 0.237624 -24.382167 0.162909 216.298828 0.252120 -63.589558 5.649251 416.313026 0.395962 23.040461 3.911069
86 -6.758289 0.069738 53.894631 0.092871 240.200062 0.137025 30.540487 4.438244 334.201553 0.540602 27.355315 8.097586
86 -3.927348 0.565646 -70.695423 0.044254 206.542869 0.794861 -72.773942 3.659456 402.913541 0.188914 31.361932 2.435703
86 -3.542940 0.642302 -27.726215 0.456897 231.784392 0.790388 -89.680510 2.691908 392.594504 0.124574 31.443777 1.666888
86 -6.932333 0.732786 -48.554115 0.026598 293.790684 0.590912 89.618095 3.027541 48.428013 0.448388 8.498566 8.445674
86 -5.632148 0.079914 -44.589513 0.031178 213.857664 0.357131 -35.590697 5.443601 87.768089 0.865211 20.971358 5.845304
87 -5.887860 0.621641 8.212647 0.044378 257.613285 0.292150 -23.850690 0.160390 72.855425 0.877357 23.244335 6.356727
87 -4.896152 0.753531 -25.475270 0.193237 240.242381 0.783156 -74.909445 3.481332 359.694280 0.336325 8.911116 4.373312
87 -3.068061 0.780897 -78.654912 0.019123 177.373783 0.542522 -74.916856 3.327165 437.904835 0.093114 33.476814 0.717129
87 -6.208318 0.513936 -84.026568 0.117331 274.567849 0.001227 60.520559 5.889093 179.589469 0.599277 33.646535 6.997644
87 -4.559472 0.239345 -30.443147 0.208455 208.796831 0.330476 -69.560372 6.002602 465.910803 0.295283 24.628677 3.699952
87 -5.797867 0.001618 49.762463 0.008153 220.000084 0.058412 34.053007 4.971329 334.793462 0.618392 26.154715 6.176742
87 -6.956782 0.431337 -57.066588 0.034248 201.986803 0.670781 -68.894456 4.244949 415.248703 0.305002 38.053884 8.494572
87 -3.671367 0.644301 -28.915388 0.324924 233.255716 0.784837 -88.470998 2.692928 386.763765 0.114500 32.563686 1.923742
87 -6.637441 0.774417 -47.239639 0.129093 301.600508 0.573355 -85.343634 3.278820 103.690559 0.365371 15.470466 7.855890
87 -5.645773 0.082351 -45.791154 0.028741 214.363254 0.364532 -31.812651 5.501173 87.195457 0.861727 21.012079 5.872553
88 -4.974493 0.601369 18.135422 0.113895 238.270121 0.331634 -20.078364 0.061917 153.150073 0.864390 24.275154 4.529993
88 -4.555421 0.793746 -30.116797 0.153849 243.144152 0.736482 -79.614480 3.499892 339.293966 0.342651 7.095364 3.691851
88 -3.288008 0.780947 -75.246498 0.011144 177.599146 0.522361 -75.399226 3.403444 449.363512 0.074689 32.883820 1.157024
88 -6.059841 0.438167 -80.185954 0.157103 277.991042 0.727276 58.758802 5.843664 132.996946 0.604638 32.769345 6.700690
88 -4.472151 0.267021 -24.894378 0.192582 209.000172 0.304247 -84.915840 5.675711 461.464172 0.286437 23.061786 3.525309
88 -5.862081 0.011400 54.418356 0.105155 223.101062 0.075025 13.584827 4.445611 336.929273 0.579886 30.335156 6.305170
88 -4.596473 0.459774 -55.932255 0.052206 203.804454 0.663792 -88.197217 3.754635 383.655577 0.340038 38.169527 3.773953
88 -4.504232 0.585372 -36.367577 0.230663 233.833306 0.793330 -81.618889 3.034835 385.102492 0.112703 35.828991 3.589471
88 -6.614450 0.790011 -42.687737 0.119956 303.234480 0.609602 86.216902 3.365368 71.776786 0.487306 13.250868 7.809907
88 -5.690346 0.096644 -46.846931 0.030389 214.339791 0.373738 -34.292345 5.462430 88.517838 0.855169 20.649453 5.961700
89 -4.721179 0.564755 12.584289 0.053042 214.926762 0.207173 -20.728825 0.335256 172.620595 0.878140 25.779195 4.023365
89 -4.278351 0.744185 -22.944648 0.025654 198.636550 0.734804 -83.015457 3.745993 359.450275 0.429838 9.123741 3.137709
89 -3.505905 0.770672 -79.479459 0.025231 180.005369 0.568889 -79.984529 3.763538 443.184726 0.080248 36.728883 1.592818
89 -6.189764 0.406681 -80.376732 0.076789 273.360505 0.693558 61.173561 5.707103 112.390156 0.633376 31.541268 6.960535
89 -5.163104 0.423742 -20.734263 0.095870 209.799575 0.374760 83.172423 4.547592 434.570964 0.289980 24.209539 4.907216
89 -5.695180 0.020563 48.800963 0.169934 244.772747 0.055384 12.485100 4.716535 277.647743 0.604135 27.734939 5.971368
89 -5.360386 0.489728 -63.402053 0.002639 203.886991 0.627382 -89.307463 2.854713 271.036343 0.615983 35.030777 5.301779
89 -6.150862 0.542604 -35.708113 0.232428 224.001019 0.799828 -73.264590 3.036976 401.500001 0.106443 37.365137 6.882732
89 -7.089323 0.785691 -39.329694 0.152180 300.600982 0.646039 -89.382602 3.537005 40.156523 0.449716 12.342039 8.759654
89 -5.541523 0.056080 -43.166055 0.037866 216.651725 0.339402 -29.544016 5.500910 83.313632 0.865142 21.962402 5.664054
90 -6.462552 0.552337 12.013052 0.044516 207.121400 0.138442 -7.026290 0.283282 220.704660 0.783065 27.088709 7.506112
90 -4.170888 0.761467 -19.797055 0.027925 204.501625 0.732726 -81.854933 3.587019 350.256656 0.427345 9.473868 2.922783
90 -6.570720 0.772955 -64.924864 0.003117 180.035508 0.535030 -70.140615 3.536870 480.118697 0.089081 34.750969 7.722447
90 -9.797310 0.358406 -88.477573 0.054579 286.938868 0.741435 77.671995 4.965203 65.284348 0.711981 37.664402 14.175627
90 -3.803332 0.400793 -22.117314 0.122349 186.791100 0.373912 84.609213 4.677272 441.915992 0.346683 26.197358 2.187671
90 -6.141280 0.060411 71.317833 0.078523 232.067787 0.711881 -5.594251 3.304983 274.765044 0.694441 28.001761 6.863568
90 -4.945086 0.562729 -51.936493 0.019331 207.038880 0.637400 84.932309 2.672632 262.321417 0.578350 29.496389 4.471181
90 -4.698983 0.569221 -39.260515 0.349841 238.278869 0.787920 -77.022071 2.737577 373.738608 0.077002 29.939485 3.978973
90 -6.494406 0.771487 -43.231357 0.096142 308.015727 0.689479 85.428650 3.896316 49.876385 0.419729 10.425643 7.569820
90 -5.432849 0.046481 -52.374748 0.027457 221.360070 0.388203 -19.866024 5.796851 70.834865 0.858824 22.513065 5.446706
91 -5.045098 0.550578 9.895836 0.018076 201.037820 0.122523 -5.806830 0.325562 208.775969 0.813591 26.248620 4.671204
91 -5.856566 0.792760 -20.682787 0.293198 224.324518 0.711895 -83.060517 3.471824 396.707032 0.372883 8.936220 6.294139
91 -3.485550 0.787999 -67.021073 0.009673 162.241651 0.558123 -83.920828 3.703131 465.745993 0.083670 38.632298 1.552107
91 -8.269802 0.633550 -70.813545 0.215193 307.964311 0.058634 62.914593 3.553784 212.140844 0.362515 39.016079 11.120612
91 -5.591088 0.454260 -6.555698 0.143867 207.046824 0.358138 -85.725355 4.077881 424.626495 0.333717 30.762162 5.763183
91 -6.428326 0.072444 76.770750 0.074995 251.794681 0.716357 32.246533 3.131512 232.061474 0.685269 29.226281 7.437660
91 -4.718492 0.661705 -35.891232 0.017480 212.529763 0.693775 -74.259360 2.694320 260.641868 0.603504 15.641614 4.017992
91 -5.156864 0.620631 -48.269891 0.343278 226.236046 0.781031 -79.734674 2.390945 406.375854 0.056655 31.495930 4.894736
91 -6.230265 0.739265 -41.536544 0.188200 306.660289 0.736638 -86.265488 3.162804 60.599875 0.471173 12.958802 7.041538
91 -5.575473 0.035251 -56.612221 0.026115 220.227749 0.421111 -27.064128 5.850673 72.913845 0.849699 21.534253 5.731954
92 -4.931923 0.454006 12.953651 0.022229 215.433267 0.103528 10.255796 0.701333 169.001038 0.871775 27.181888 4.444853
92 -5.676902 0.797167 -20.835964 0.299126 227.878022 0.705647 -83.391083 3.481672 394.435575 0.364852 8.766445 5.934813
92 -3.496286 0.793621 -68.073544 0.030657 169.144593 0.542391 -83.239748 3.537644 453.140647 0.070617 38.395592 1.573579
92 -6.668210 0.675178 -81.575287 0.265854 312.225396 0.027656 64.970866 3.465748 189.328246 0.377567 39.531171 7.917428
92 -5.645591 0.438991 -0.922765 0.089284 194.169910 0.326910 -86.875143 3.758400 418.113972 0.388389 31.530697 5.872190
92 -5.937430 0.093576 71.478072 0.062393 243.290072 0.704318 37.118359 3.396818 239.282135 0.705545 27.774235 6.455867
92 -4.603835 0.724179 -44.903907 0.002399 203.459402 0.692896 -83.943029 2.873179 294.775146 0.528532 17.496091 3.788677
92 -6.200066 0.655815 -59.153648 0.338973 219.447515 0.783424 -78.274217 2.429922 430.848149 0.014635 34.002451 6.981139
92 -6.194117 0.776507 -39.274294 0.253506 315.209771 0.082700 61.880109 3.815714 50.081713 0.437777 5.481880 6.969241
92 -6.891644 0.718661 -25.726019 0.010873 231.973140 0.458220 -16.862679 5.660148 46.833240 0.985284 18.966786 8.364296
93 -6.665306 0.480540 3.527178 0.008559 210.309426 0.104124 0.107131 0.946940 171.657425 0.868237 31.625286 7.911620
93 -4.073215 0.749688 -4.473772 0.233882 234.387071 0.758327 -68.068307 3.565918 367.917466 0.373872 7.689949 2.727438
93 -3.565855 0.776888 -70.916716 0.013041 175.206841 0.695687 -80.713630 4.000357 463.400165 0.108740 32.030303 1.712717
93 -8.215974 0.631832 -72.158222 0.195927 306.859228 0.792774 75.614976 4.328658 125.295171 0.512200 41.161296 11.012955
93 -4.465398 0.486784 -10.924154 0.105353 180.713492 0.392306 79.143304 3.763702 449.009224 0.334547 33.505700 3.511803
93 -5.858849 0.050595 74.365691 0.106408 232.193220 0.648404 63.831955 3.582962 283.359843 0.647025 33.229266 6.298706
93 -6.037200 0.723202 -49.418802 0.100620 250.353033 0.680813 -4.892684 2.605311 217.907634 0.518618 6.162203 6.655407
93 -6.775677 0.640148 -57.831419 0.209707 210.078423 0.726222 -72.076640 2.353171 428.659643 0.005152 37.179527 8.132361
93 -5.792137 0.742766 -32.984128 0.283158 315.564282 0.057088 67.277345 3.531170 64.727163 0.489640 6.145334 6.165282
93 -5.865177 0.653973 -1.302861 0.013115 220.664596 0.450748 -27.081764 5.611670 73.354505 1.017590 20.726880 6.311361
94 -6.191618 0.597416 -17.483472 0.024818 219.617407 0.203378 -5.179154 0.519196 195.434881 0.756597 25.612732 6.964243
94 -4.221033 0.773344 -8.583621 0.455332 245.563516 0.762540 -83.981391 2.406301 346.591319 0.399610 9.290933 3.023074
94 -3.977859 0.779682 -62.783624 0.026389 175.681999 0.691108 -88.192561 3.718897 449.333656 0.143825 30.210816 2.536725
94 -6.580794 0.650474 -76.799696 0.204870 309.412419 0.795890 77.528543 4.344178 146.075433 0.406999 39.455777 7.742595
94 -5.457798 0.485963 -14.752152 0.091407 179.271056 0.490281 83.106490 3.880352 447.440202 0.371240 40.436158 5.496603
94 -6.488041 0.015335 77.513170 0.215698 246.001242 0.650657 65.547217 3.190790 271.448937 0.611087 34.711942 7.557089
94 -6.278734 0.759552 -44.288577 0.148117 262.832233 0.692089 -0.986675 2.070079 191.112801 0.533827 0.162074 7.138475
94 -4.004919 0.616807 -56.300370 0.154618 187.115434 0.683019 -76.016289 2.400375 418.026444 0.028954 37.825484 2.590846
94 -5.623288 0.711330 -28.365168 0.289039 316.876667 0.056499 75.457220 3.632670 55.237629 0.517185 5.962420 5.827583
94 -5.663989 0.646778 0.855350 0.018639 219.603488 0.485300 -34.475563 5.539854 83.142663 1.022065 19.910395 5.908986
95 -7.669034 0.583730 -11.120341 0.014692 222.338396 0.176843 3.397758 1.510048 147.085872 0.824975 30.064090 9.919075
95 -8.191393 0.701093 -4.249572 0.596578 251.958250 0.796171 -77.730008 2.003445 381.758991 0.315634 11.754238 10.963793
95 -3.883193 0.759867 -63.184092 0.018053 170.506844 0.575181 -76.789289 3.200447 431.514315 0.170594 25.782836 2.347393
95 -6.536655 0.668791 -77.229288 0.208248 310.946371 0.778462 64.906021 4.077192 129.806317 0.437544 38.856405 7.654317
95 -5.200340 0.492142 -13.975760 0.105263 181.785620 0.507757 83.198181 3.974113 446.562535 0.372524 39.627197 4.981687
95 -7.223078 0.012838 71.911567 0.014219 202.951774 0.587787 75.012924 2.782410 252.179655 0.833721 35.610347 9.027164
95 -4.792897 0.672559 -40.048878 0.028111 235.941068 0.683104 -18.684148 0.659383 204.812666 0.636274 14.630247 4.166802
95 -3.347686 0.615641 -62.007030 0.117336 212.373233 0.788602 -75.594628 2.546816 378.993706 0.067952 23.159571 1.276380
95 -5.533747 0.773421 -37.925738 0.318440 330.190386 0.216344 75.088979 4.097592 53.816477 0.445503 -2.619808 5.648501
95 -5.754036 0.644045 0.158261 0.016272 216.636779 0.489607 -42.328675 5.657081 93.189538 1.003102 19.943652 6.089079
96 -6.256898 0.586995 -15.090673 0.090729 249.875446 0.095296 33.048524 1.350436 117.373589 0.734914 24.127143 7.094803
96 -4.808911 0.784224 -16.062832 0.404502 248.839552 0.795327 -78.697421 2.105291 336.120859 0.343172 9.344854 4.198829
96 -3.364512 0.778921 -73.358331 0.014104 191.380946 0.611596 -76.956187 2.779192 370.975378 0.238147 25.802505 1.310031
96 -6.525611 0.679770 -81.126062 0.079469 304.281405 0.787663 78.659905 4.220670 159.901817 0.401483 35.491937 7.632230
96 -6.632617 0.498705 -15.630054 0.007025 156.462548 0.484025 85.855523 3.894468 446.862711 0.445923 42.607711 7.846242
96 -6.303040 0.015414 72.290720 0.009804 192.781833 0.604780 60.119885 2.724032 276.663865 0.819938 36.778065 7.187087
96 -5.033154 0.669489 -42.560543 0.014505 228.293115 0.682647 -2.983924 0.396175 215.705301 0.620285 21.865536 4.647317
96 -4.031398 0.682774 -62.972879 0.231381 246.322559 0.749568 -69.546258 2.772942 363.148418 0.030781 19.042392 2.643803
96 -5.639523 0.792901 -43.091617 0.325293 328.569465 0.221676 69.201012 4.201252 44.561856 0.421910 -3.322971 5.860054
96 -5.907665 0.628730 0.735790 0.006803 225.796304 0.502393 -34.112725 5.550288 79.275995 0.954499 21.980190 6.396338
97 -6.418864 0.573622 -13.926419 0.011364 228.771456 0.112241 32.802499 0.850527 128.519864 0.813079 26.741820 7.418735
97 -5.572643 0.772223 -9.172841 0.284002 257.859223 0.735693 -67.872821 1.733597 288.748298 0.439172 12.681699 5.726294
97 -4.635311 0.789341 -78.342886 0.026333 203.424228 0.611171 -78.405398 3.074002 337.330492 0.235881 15.865114 3.851629
97 -6.638618 0.692241 -82.722518 0.095087 312.482529 0.794303 84.335902 4.353027 152.326126 0.373110 33.652293 7.858244
97 -4.616110 0.535897 -16.742544 0.013809 158.829068 0.480925 72.125763 3.960033 450.037738 0.477957 37.567109 3.813227
97 -6.418769 0.014348 68.918362 0.025662 193.948194 0.633130 59.398338 2.280504 297.691212 0.768203 36.516595 7.418546
97 -4.136622 0.612566 -25.835721 0.002472 206.406459 0.684737 -7.979965 0.170255 237.655883 0.628358 19.530507 2.854252
97 -5.590133 0.644764 -59.014978 0.209199 233.708453 0.780849 -71.563170 2.555610 397.831573 0.053208 25.665486 5.761274
97 -5.795480 0.786022 -44.036467 0.306918 325.005874 0.231368 73.480314 4.376406 55.512567 0.409994 0.464878 6.171967
97 -6.189258 0.787935 -16.081909 0.095934 260.753561 0.462837 -59.599481 5.938003 101.234166 0.834762 13.746002 6.959523
98 -6.919801 0.585673 -22.099528 0.032693 253.170781 0.182426 4.629749 0.342674 80.109544 0.804489 23.660340 8.420609
98 -3.645672 0.763627 -9.333271 0.378619 259.904712 0.772814 -77.026704 1.595850 259.003083 0.514501 10.257030 1.872352
98 -3.472058 0.695118 -72.927475 0.026290 203.968247 0.580629 -63.288742 2.699668 346.191225 0.219822 14.120257 1.525124
98 -5.981932 0.648180 -86.634817 0.221195 303.289471 0.734920 -82.673416 4.734174 147.267271 0.445312 37.830571 6.544871
98 -5.158698 0.529976 -12.408189 0.015141 160.376346 0.473651 74.575063 4.027559 451.505286 0.488519 36.952166 4.898404
98 -5.202002 0.040016 70.623243 0.012847 184.002769 0.712752 58.418730 2.440721 315.511181 0.764047 34.814960 4.985011
98 -6.097602 0.599549 -25.245523 0.006480 202.452346 0.702995 -6.771899 0.045246 258.806153 0.596982 21.902682 6.776212
98 -3.613775 0.738999 -65.281573 0.164821 227.596369 0.770539 -78.972883 3.114776 387.055356 0.064124 30.425169 1.808558
98 -5.732914 0.761246 -42.790386 0.302534 320.256359 0.214011 80.199465 4.568437 70.349981 0.396138 2.034788 6.046836
98 -6.186771 0.785293 -19.206139 0.093499 263.428296 0.453443 -60.329682 5.569994 70.109207 0.823527 11.207693 6.954549
99 -6.320110 0.656372 -49.900206 0.076139 268.564595 0.195616 -55.520379 0.615221 76.032704 0.560567 24.610529 7.221228
99 -5.323528 0.694730 -8.794090 0.027050 252.800169 0.773900 -54.944465 1.660861 253.140537 0.563625 9.217792 5.228064
99 -3.444083 0.631889 -61.888658 0.005237 197.648910 0.570396 -75.210419 2.062914 335.480654 0.248295 19.685817 1.469174
99 -5.437313 0.535701 -66.077763 0.010823 236.931572 0.670805 -70.137805 4.462242 117.464930 0.680642 22.560066 5.455633
99 -6.457931 0.515632 -14.440205 0.013766 159.327303 0.447757 74.538008 3.851396 448.709674 0.509123 36.144498 7.496870
99 -5.659471 0.034159 69.889233 0.002349 186.737263 0.702913 59.837670 2.463989 319.203323 0.755745 35.473844 5.899949
99 -3.651888 0.560394 -23.485624 0.009156 216.869642 0.587124 14.267265 0.167177 222.539278 0.629473 16.705920 1.884784
99 -3.978392 0.796323 -78.463452 0.121989 214.840085 0.792459 -78.865662 3.309738 425.838931 0.044054 26.374820 2.537792
99 -5.754834 0.763454 -36.609530 0.292550 325.453318 0.197768 82.418858 4.526408 73.868040 0.432084 2.129832 6.090676
99 -4.246184 0.746733 -28.127824 0.076343 238.833024 0.623938 -89.903163 0.075565 172.200008 0.612507 15.306050 3.073375
100 -5.598694 0.546124 -59.537681 0.023271 255.341077 0.352073 81.844791 1.211857 81.710025 0.606642 23.013216 5.778395
100 -3.857586 0.670977 -8.755538 0.159318 244.899512 0.729266 -38.712546 2.180639 232.545557 0.667777 11.739076 2.296179
100 -3.976551 0.630971 -62.526866 0.003833 192.501404 0.479343 -60.783124 1.925745 346.627375 0.242351 22.461384 2.534109
100 -5.394885 0.621428 -68.674944 0.009246 231.636624 0.714226 -70.977103 3.686499 116.229555 0.728619 16.634619 5.370777
100 -4.046349 0.670534 -43.678421 0.015488 165.656388 0.432953 50.071901 2.975212 418.113204 0.474774 30.712779 2.673706
100 -5.866428 0.025047 67.543278 0.002133 184.708205 0.698884 62.289101 2.390734 322.767771 0.745231 36.976236 6.313863
100 -3.536868 0.611743 -32.502501 0.049713 218.521170 0.624955 -4.820301 0.009349 249.648196 0.508494 15.530181 1.654744
100 -3.642501 0.781139 -75.116191 0.078186 203.964977 0.785273 -76.169942 3.358524 432.098879 0.070270 27.601123 1.866009
100 -5.834726 0.785162 -41.440069 0.285214 318.388811 0.209650 58.873388 4.831363 90.182643 0.438423 2.074716 6.250459
100 -4.642833 0.776659 -22.558749 0.105971 255.433657 0.712698 -80.782440 0.415781 189.490470 0.563704 15.543167 3.866674
101 -5.611326 0.435560 -61.260906 0.022880 245.353283 0.182041 68.357514 2.408430 72.139082 0.700994 24.936331 5.803660
101 -3.651178 0.707820 0.107863 0.101873 232.521217 0.771662 -44.882543 2.301001 279.639385 0.656156 10.381679 1.883364
101 -3.818047 0.618171 -59.017809 0.002795 189.033024 0.540823 -76.297816 2.117786 366.304088 0.211665 21.562969 2.217102
101 -5.877865 0.534508 -28.058385 0.019812 210.352047 0.061713 72.095369 3.703234 229.103198 0.833095 21.910660 6.336738
101 -5.241662 0.680635 -38.298786 0.002013 150.573000 0.414462 37.715221 3.182744 448.285999 0.542337 26.278354 5.064331
101 -5.647333 0.024384 66.544041 0.025173 186.657671 0.704685 62.137956 2.358178 328.139155 0.710975 36.617168 5.875673
101 -4.288070 0.673075 -51.657551 0.058881 231.885995 0.533230 11.709925 0.090100 201.563294 0.488593 13.290861 3.157148
101 -3.845944 0.731723 -65.749081 0.037787 209.963981 0.794820 -80.162100 3.250443 407.151517 0.053579 36.310080 2.272896
101 -5.790046 0.782326 -37.776598 0.287640 318.117765 0.222689 62.814246 4.806996 90.782214 0.453468 2.000272 6.161100
101 -4.375402 0.766769 -10.392977 0.068407 232.571880 0.562051 -75.795461 1.532981 206.287643 0.678273 15.250872 3.331812
102 -5.936112 0.388838 -43.042867 0.004337 229.810572 0.203627 80.145629 2.076650 80.883427 0.882428 22.613963 6.453231
102 -4.921682 0.778879 -13.114144 0.073946 233.849541 0.687041 -36.929975 3.024200 285.333169 0.643365 9.349761 4.424371
102 -3.668192 0.626303 -62.211487 0.057086 198.525612 0.490907 -70.156268 1.401820 327.848060 0.231495 22.888974 1.917392
102 -5.732718 0.580637 -41.799259 0.007520 201.241474 0.156635 63.843527 4.118224 261.793428 0.811740 21.105199 6.046444
102 -4.369292 0.691742 -38.211828 0.005664 150.809738 0.436300 28.866031 3.253173 456.421281 0.517164 24.780612 3.319591
102 -5.226403 0.042674 63.170407 0.057299 218.021099 0.656609 69.561110 2.453733 251.202822 0.682679 31.839488 5.033814
102 -5.509900 0.736406 -66.020603 0.089111 252.402829 0.488963 6.911930 0.309405 162.034895 0.413989 10.372828 5.600807
102 -4.117218 0.733369 -64.805957 0.091112 225.963622 0.752889 -75.658019 3.016494 389.123824 0.100384 35.810210 2.815444
102 -6.021449 0.795364 -50.680022 0.177077 313.981450 0.245206 60.301802 5.373960 117.351174 0.318412 6.724924 6.623906
102 -4.520925 0.736480 -16.294638 0.066550 237.475614 0.535948 -82.613187 1.476746 202.083171 0.666988 13.177437 3.622858
103 -5.533853 0.441004 -56.092368 0.010626 223.436230 0.531037 14.120790 3.451346 121.684334 0.852454 21.172708 5.648713
103 -3.749119 0.755470 -7.326513 0.033949 211.579050 0.781027 -62.610779 2.367925 290.088750 0.638795 6.829609 2.079246
103 -3.353655 0.609784 -68.201170 0.024216 206.217535 0.512363 -77.200571 1.184396 291.620560 0.265135 20.630131 1.288318
103 -6.047551 0.484411 -64.476647 0.003452 220.000384 0.095832 82.390977 3.047532 144.740673 0.772029 29.645810 6.676109
103 -4.156893 0.644145 -29.130881 0.029697 164.755296 0.410765 41.050112 3.742915 448.494652 0.510873 26.048102 2.894793
103 -5.266057 0.025248 60.291796 0.047966 215.916888 0.641859 69.729676 2.278818 244.984482 0.706174 32.515966 5.113122
103 -5.188768 0.579947 -54.877691 0.076307 263.893895 0.409051 43.310265 0.307596 105.889281 0.519859 22.019522 4.958543
103 -4.764191 0.789504 -59.106446 0.125997 256.077224 0.771477 74.949305 2.624465 274.758172 0.283884 23.095322 4.109389
103 -5.526946 0.776462 -61.927024 0.192337 309.681372 0.214826 67.260115 5.299259 123.512119 0.267495 10.883882 5.634900
103 -5.096594 0.722269 -46.814364 0.014572 225.768714 0.436613 -66.261383 1.460972 186.779747 0.667961 11.069337 4.774195
104 -6.121109 0.562764 -36.562425 0.054320 244.013427 0.190098 -3.339325 4.469878 208.836213 0.590591 20.034191 6.823226
104 -4.221498 0.715611 -10.695481 0.056573 230.223216 0.736769 -57.442809 1.442594 233.505082 0.614256 13.113356 3.024005
104 -3.442138 0.558048 -61.228614 0.059563 209.881179 0.543018 -64.264346 1.555711 308.459329 0.258294 13.734168 1.465283
104 -5.368454 0.543262 -74.119612 0.065452 253.337179 0.208849 54.878003 2.207540 118.790529 0.672587 29.259643 5.317915
104 -4.243022 0.646195 -29.395885 0.028123 163.692345 0.424422 37.268323 3.895940 451.390500 0.518186 25.639258 3.067052
104 -5.744980 0.051824 59.735473 0.047667 223.727993 0.687241 -86.622530 2.530138 264.677221 0.609662 33.593739 6.070967
104 -5.422754 0.566076 -57.514607 0.027453 257.551772 0.428494 53.163809 0.469739 112.220177 0.533062 19.861667 5.426516
104 -6.059924 0.731906 -43.834176 0.092438 248.941490 0.038318 72.380818 2.366374 291.794144 0.329920 24.152470 6.700856
104 -5.729123 0.731070 -53.078185 0.191460 312.789918 0.240138 61.099264 5.050792 90.771210 0.305279 8.348365 6.039253
104 -4.661489 0.739285 -61.211902 0.007882 202.078444 0.290370 -51.386582 1.805789 243.700463 0.665424 12.829935 3.903985
105 -6.253587 0.637046 -42.918963 0.019307 219.275227 0.149665 -50.770034 4.820012 277.051630 0.637215 23.125936 7.088181
105 -4.497172 0.793607 -4.704969 0.077051 233.800141 0.694504 -22.286184 1.835982 257.345433 0.743744 14.143805 3.575352
105 -3.540821 0.531927 -63.100133 0.040273 202.542727 0.524730 -57.395871 1.761831 332.674602 0.236705 14.140052 1.662649
105 -6.784225 0.506220 -55.840976 0.030192 254.597070 0.392245 59.775557 0.643703 76.846297 0.766988 28.261316 8.149457
105 -4.152075 0.687241 -22.447575 0.032062 166.910338 0.371478 40.580945 4.240779 461.888173 0.492838 23.057589 2.885157
105 -5.335292 0.054362 57.650751 0.002144 221.778827 0.699260 -82.969160 2.237223 257.595382 0.594167 31.491440 5.251591
105 -5.330517 0.555196 -40.902536 0.089260 269.213362 0.402306 86.463596 1.170129 77.834756 0.543169 14.699031 5.242041
105 -5.930936 0.751372 -42.474168 0.079508 261.802260 0.120549 72.660610 0.843641 207.042885 0.458156 23.296364 6.442880
105 -5.597048 0.705827 -58.882963 0.203899 308.047318 0.151122 48.832446 5.907365 103.096732 0.288242 8.358310 5.775103
105 -5.264146 0.735478 -58.423594 0.002089 188.503650 0.304534 -55.294557 2.091685 254.301342 0.616716 13.003800 5.109300
106 -5.247517 0.697510 -68.740527 0.013115 228.632015 0.060063 -67.935623 4.543545 221.395725 0.671371 19.702282 5.076042
106 -4.606527 0.727197 -1.824323 0.034694 223.469922 0.796704 1.431980 1.620246 241.012958 0.858709 18.488689 3.794061
106 -3.759544 0.518716 -59.197733 0.064998 204.663588 0.526334 -61.151524 1.840229 338.358591 0.230589 16.660381 2.100095
106 -6.442407 0.711375 -62.788658 0.017102 242.359761 0.178609 3.582731 4.439558 88.406050 0.632721 20.198473 7.465822
106 -4.317075 0.669869 -27.574274 0.023376 167.855010 0.367225 43.366636 4.384425 464.260045 0.492209 23.801188 3.215158
106 -6.054523 0.063018 61.942923 0.015234 217.315881 0.706614 -65.115541 2.803693 300.409880 0.526379 31.513503 6.690054
106 -5.390734 0.601000 -37.794044 0.153317 281.205287 0.326537 51.649423 1.958709 113.890411 0.503317 14.900596 5.362476
106 -5.706791 0.738864 -40.896814 0.176791 285.393763 0.042491 -87.494624 2.024685 183.304399 0.404943 13.894636 5.994590
106 -5.559282 0.729374 -57.990382 0.206406 313.245270 0.107323 50.458508 6.020840 96.293660 0.287817 10.982363 5.699572
106 -6.081172 0.691064 -63.151951 0.008797 192.794415 0.243125 -60.032356 2.500646 254.751869 0.544185 13.584256 6.743352
107 -5.245295 0.739273 -73.043509 0.002776 242.554793 0.068631 -68.025818 4.629687 171.341075 0.699296 23.948564 5.071598
107 -5.433063 0.768737 -6.148944 0.046252 238.802762 0.720729 -10.851762 1.443664 205.821379 0.859366 17.711352 5.447133
107 -4.101707 0.398447 -53.165671 0.016353 183.439509 0.567930 -66.309523 1.777527 352.999512 0.270490 18.597037 2.784423
107 -5.260380 0.795608 -79.489016 0.037234 261.372501 0.068158 -14.771489 3.308942 16.603051 0.667381 19.655231 5.101768
107 -4.836037 0.704729 -31.432949 0.005138 154.780642 0.413362 37.044386 4.348426 488.244496 0.544161 24.854456 4.253081
107 -5.113860 0.142612 60.257491 0.127187 236.163329 0.551126 -75.425325 3.027312 219.236826 0.650357 29.953987 4.808727
107 -6.362796 0.724751 -42.864421 0.005675 268.605250 0.343763 64.648235 2.084987 120.361176 0.578017 14.932609 7.306599
107 -8.140247 0.786613 -31.808171 0.192919 319.840504 0.161804 -59.575847 1.316669 142.266231 0.417558 14.681059 10.861502
107 -5.582013 0.472686 -17.049294 0.053852 233.172197 0.644034 62.731990 4.441389 143.685336 0.775659 17.273671 5.745033
107 -5.400600 0.583405 -55.209354 0.037556 202.592598 0.364354 -72.479468 2.578729 323.648534 0.519331 15.186994 5.382208
108 -6.504542 0.488908 -40.293545 0.036536 242.728814 0.166593 -49.285830 4.517859 174.404265 0.732198 25.089523 7.590091
108 -5.263123 0.792979 -4.877996 0.020167 240.939671 0.017237 7.579109 0.973325 187.920971 0.792431 20.124534 5.107253
108 -5.778047 0.344073 -54.781550 0.028563 190.702607 0.567432 -64.199211 2.023013 368.875930 0.238588 25.876509 6.137101
108 -5.251489 0.622991 -78.332163 0.015615 244.965449 0.199102 33.360476 4.706818 38.818309 0.792831 26.407534 5.083986
108 -5.048901 0.699364 -36.209353 0.004085 155.731333 0.376028 38.054499 4.797917 476.925102 0.556478 24.889091 4.678809
108 -5.142471 0.168229 64.269552 0.089207 238.696290 0.552319 -69.087057 3.020619 199.299007 0.670399 28.798862 4.865950
108 -6.571754 0.714597 -51.824670 0.022143 274.940831 0.451588 -82.513679 1.491177 41.542086 0.568020 20.707699 7.724516
108 -7.348097 0.795834 -44.485697 0.189730 323.507754 0.794939 -55.082413 2.540025 119.265798 0.449677 15.606720 9.277201
108 -5.656027 0.489201 -19.234612 0.062056 238.688185 0.677428 57.939079 4.521574 140.113950 0.752182 17.124025 5.893061
108 -4.859228 0.549070 -43.142026 0.022213 211.329084 0.412601 -12.583224 2.151266 261.841479 0.564381 12.197665 4.299463
109 -3.870518 0.678433 2.857866 0.038853 160.046670 0.190233 -30.379971 5.402275 466.822618 0.568873 14.610338 2.322044
109 -5.334157 0.788034 -6.333012 0.008831 236.748801 0.009188 6.888054 1.094883 199.767571 0.775817 20.281405 5.249321
109 -4.704844 0.386507 -62.198528 0.047809 199.534711 0.538403 -62.287180 2.073880 355.111165 0.229783 23.890777 3.990696
109 -6.137944 0.586685 -65.943464 0.006369 246.902830 0.241462 1.287984 3.742655 33.914069 0.770745 28.601745 6.856896
109 -4.954586 0.748016 -19.878978 0.004263 166.793930 0.393842 40.393341 5.157665 465.889503 0.607625 21.704402 4.490179
109 -5.155414 0.069076 60.149531 0.095475 231.374186 0.565701 -73.767394 3.107120 252.147531 0.592565 30.588338 4.891836
109 -6.669161 0.675182 -61.850928 0.056324 267.940427 0.539708 -43.446016 0.648328 50.981169 0.563693 30.782681 7.919329
109 -5.856976 0.796294 -48.949009 0.004944 271.899572 0.785474 -53.951979 2.497671 217.095572 0.433061 5.044045 6.294959
109 -5.821088 0.588314 -21.442809 0.044146 238.238594 0.579443 59.031213 5.034252 145.726982 0.790513 18.267977 6.223184
109 -5.015624 0.541019 -46.278991 0.015172 222.083081 0.501182 -3.587359 1.884662 249.132836 0.576627 21.648643 4.612256
110 -3.874665 0.545407 -14.502922 0.074731 178.329317 0.251293 -63.213902 4.401697 417.691458 0.462937 15.010744 2.330337
110 -4.430232 0.778760 -2.259190 0.018854 228.437992 0.017086 7.862561 1.108895 214.313583 0.765985 19.701805 3.441472
110 -3.650711 0.363700 -58.602584 0.139736 199.518798 0.564843 -70.416615 2.859690 383.817612 0.176852 25.686339 1.882429
110 -5.340861 0.659936 -74.256849 0.023854 238.230530 0.047141 -35.485306 3.131927 125.866272 0.673701 24.052479 5.262730
110 -5.179182 0.739544 -15.567154 0.004081 166.109958 0.409423 44.802373 5.064452 450.462786 0.626011 24.601610 4.939372
110 -5.933748 0.133987 51.963317 0.085693 241.558143 0.656917 -72.465443 2.898875 213.459601 0.666578 32.023899 6.448503
110 -7.911932 0.654360 -56.186831 0.045401 269.485953 0.543732 -39.808523 0.488188 36.607884 0.569930 33.664590 10.404871
110 -5.907374 0.786767 -44.826686 0.008505 251.969808 0.006753 -60.611948 2.439161 231.535044 0.492516 8.486141 6.395756
110 -7.607564 0.499083 -24.122253 0.049266 249.929656 0.782308 62.437046 4.879008 98.638786 0.770406 28.941954 9.796135
110 -4.429700 0.601430 -52.094677 0.021600 203.876993 0.335313 3.044520 1.279575 235.324189 0.658302 16.377886 3.440407
111 -5.035336 0.745032 -31.840623 0.025234 202.454537 0.773435 -77.015423 3.678094 355.614480 0.492832 5.538808 4.651679
111 -4.878729 0.697362 -5.967448 0.026000 225.226120 0.137590 -3.850945 1.054406 181.125447 0.782484 21.731426 4.338466
111 -6.922497 0.248744 -23.351893 0.102257 211.942548 0.581269 -60.044199 3.091592 399.159478 0.234270 19.735528 8.426001
111 -5.933155 0.647542 -51.407314 0.012555 217.823328 0.769571 -40.226373 4.479879 231.503458 0.663038 12.517570 6.447318
111 -4.395982 0.662226 -11.878694 0.004304 158.513032 0.446913 49.817892 5.539883 487.583964 0.593262 24.654484 3.372972
111 -6.255415 0.118911 53.991893 0.060415 257.076507 0.688191 -82.968230 2.747296 209.448510 0.585863 27.699844 7.091837
111 -7.310528 0.665714 -53.470380 0.029786 267.401335 0.535382 -11.386363 0.710080 62.467917 0.556312 29.079568 9.202064
111 -5.838240 0.707401 -35.151269 0.016810 251.991349 0.071162 -72.942439 2.580179 239.696309 0.482473 10.024259 6.257487
111 -5.646188 0.503792 -25.333460 0.002214 215.993393 0.541836 75.953567 5.960311 209.307084 0.794205 16.506986 5.873383
111 -4.169073 0.477211 -32.247530 0.019020 201.916846 0.416306 -11.051346 1.697834 256.747024 0.675033 15.683421 2.919153
112 -6.213224 0.757836 -38.705322 0.022339 215.819585 0.002616 -70.317493 3.777846 316.571147 0.486462 6.225015 7.007455
112 -4.869217 0.759478 -1.647903 0.004700 200.344322 0.139212 11.080392 2.276850 250.630216 0.802264 21.657936 4.319442
112 -6.595801 0.167719 -11.886130 0.235299 227.877067 0.659788 -68.869219 3.337056 392.192406 0.222552 24.935009 7.772610
112 -4.885637 0.528486 -54.916637 0.041295 204.326893 0.741502 -73.861849 3.092118 259.684873 0.677143 10.880249 4.352281
112 -4.565655 0.659226 -13.591730 0.002750 161.569071 0.486384 51.373417 5.474609 470.490826 0.634906 25.884432 3.712318
112 -6.433012 0.076179 60.038340 0.071641 240.936421 0.748496 -61.053366 4.045874 292.732931 0.531651 31.173827 7.447031
112 -5.922709 0.544488 -73.361077 0.043991 262.022246 0.376628 48.647925 0.153048 23.401980 0.704304 30.131273 6.426426
112 -4.379665 0.729964 -60.452402 0.089708 264.079393 0.694439 -40.176756 1.062513 203.650572 0.366811 14.452172 3.340338
112 -5.943610 0.579196 -39.120267 0.012732 225.587751 0.236633 -84.927969 5.342729 207.549400 0.736049 20.331631 6.468227
112 -4.116079 0.412090 -44.033056 0.035763 214.448961 0.591967 -45.491067 1.797701 220.977433 0.630660 13.475648 2.813165
113 -5.006073 0.778903 -39.172187 0.037825 215.736685 0.789394 -70.587326 3.999587 332.438625 0.468304 6.730647 4.593154
113 -4.670237 0.724820 -0.873595 0.003746 202.840301 0.153381 8.011102 1.957828 244.076656 0.791829 22.636416 3.921482
113 -4.971381 0.180535 -10.853780 0.252785 226.103710 0.613842 -69.650640 3.906531 391.237925 0.253511 26.249703 4.523769
113 -5.020707 0.523175 -51.310069 0.035431 204.306424 0.791279 -78.653662 3.301891 270.327660 0.669539 10.768916 4.622422
113 -6.280527 0.709451 -21.124584 0.003270 160.816635 0.407842 61.778586 5.094477 456.802037 0.658759 26.392216 7.142061
113 -5.798814 0.085694 51.162181 0.075701 228.717300 0.092477 -73.871818 3.557466 323.979540 0.506017 26.828209 6.178636
113 -5.255377 0.573014 -75.634686 0.057517 257.734053 0.452664 39.101779 1.380906 99.674581 0.617445 28.059423 5.091761
113 -5.826667 0.708833 -48.650207 0.072012 263.932651 0.639656 -8.706995 0.943173 190.834922 0.434557 21.507880 6.234342
113 -5.698427 0.443456 -8.331472 0.019287 236.481733 0.332521 75.141408 5.214878 187.332918 0.744654 16.942915 5.977861
113 -4.094205 0.320262 -53.791090 0.042991 202.382646 0.663572 -50.919078 1.993354 232.067337 0.588187 13.387978 2.769418
114 -5.117040 0.755092 -43.967315 0.148210 254.449912 0.743891 -68.497636 3.274287 279.876429 0.452128 -0.540649 4.815088
114 -4.363476 0.610488 15.513456 0.028438 204.554628 0.170556 -15.309045 2.365907 296.699818 0.707931 22.245425 3.307960
114 -7.282803 0.158624 -4.215529 0.060188 220.248090 0.518891 -69.244225 3.687721 392.194145 0.298080 23.704655 9.146614
114 -5.947186 0.465903 -26.041941 0.042347 189.393545 0.670775 -75.347735 3.697523 320.671918 0.700666 12.114369 6.475379
114 -5.012527 0.655959 -22.653918 0.005172 155.497355 0.482968 44.573730 5.598673 482.015970 0.624683 23.511288 4.606062
114 -7.224384 0.016976 54.016904 0.033184 234.086887 0.080320 -76.605392 3.315659 308.195214 0.492952 26.140301 9.029775
114 -5.412608 0.678203 -72.993157 0.022006 250.563752 0.406710 62.567616 1.719068 96.276141 0.692496 28.454370 5.406223
114 -6.068533 0.777213 -53.082263 0.181212 317.206874 0.551615 25.718066 6.326124 82.177777 0.425427 14.158173 6.718075
114 -5.749253 0.436981 -5.601454 0.022862 235.078351 0.315302 77.180340 5.384600 194.477450 0.749375 16.752027 6.079514
114 -4.260655 0.308273 -55.859404 0.024786 205.872583 0.675240 -51.400856 2.029026 223.301477 0.589732 13.730486 3.102317
115 -4.856002 0.717791 -39.986839 0.161761 262.425054 0.701280 -45.473583 4.409273 309.933574 0.382589 -1.028852 4.293011
115 -4.421935 0.644211 13.499815 0.074942 209.800686 0.160335 -13.915401 2.026460 282.087182 0.715762 22.683971 3.424877
115 -5.460285 0.081655 5.281629 0.019313 197.301981 0.448754 -71.357718 3.543165 403.193700 0.293894 23.592398 5.501577
115 -5.783067 0.448391 -30.667595 0.031542 184.368397 0.680596 -72.764580 3.781529 321.237698 0.718835 13.323295 6.147141
115 -5.158533 0.637155 -33.350298 0.006757 161.033555 0.492081 44.639422 4.928488 453.109379 0.585485 23.887370 4.898073
115 -6.699756 0.081001 55.616717 0.069371 227.936650 0.087719 -65.553760 3.511779 346.022517 0.466219 26.574518 7.980520
115 -5.785183 0.668344 -69.204150 0.030678 255.758132 0.417842 58.379537 1.745786 124.058670 0.671872 30.268479 6.151374
115 -6.101340 0.741089 -52.415161 0.199475 316.014669 0.629796 -1.890053 6.201795 95.797406 0.381955 15.696419 6.783688
115 -5.502080 0.435785 -3.801849 0.042823 226.427280 0.325998 81.729382 5.442695 200.889164 0.778113 18.200673 5.585168
115 -3.596462 0.371582 -60.904945 0.035899 191.330132 0.734253 -77.277855 1.705495 279.401342 0.529707 15.952952 1.773932
116 -5.131536 0.695475 -43.027063 0.118767 255.450040 0.704758 -49.004315 4.576617 313.017950 0.359138 5.870284 4.844080
116 -4.784350 0.698701 10.242886 0.052036 196.092761 0.149956 -3.279239 2.386664 302.794061 0.749224 24.155625 4.149708
116 -5.218658 0.038945 0.678748 0.002862 195.245126 0.473902 -76.783136 3.309337 393.643729 0.300835 24.980110 5.018323
116 -5.811008 0.645535 -25.349378 0.071500 245.801827 0.587989 -26.371457 5.669726 211.633736 0.686229 11.374884 6.203024
116 -5.764171 0.783246 -37.940886 0.030832 181.780424 0.540090 56.193612 5.783631 461.541329 0.522483 19.221404 6.109351
116 -6.079892 0.044266 61.058145 0.076152 239.249034 0.054825 -59.045351 3.579804 303.101107 0.502357 25.421314 6.740791
116 -6.674985 0.700054 -66.204549 0.016221 264.778070 0.332627 85.715918 2.533625 126.410013 0.577462 33.362904 7.930977
116 -5.782961 0.695275 -38.797646 0.145190 304.002397 0.703538 7.079176 0.136097 132.712307 0.393081 8.885534 6.146930
116 -5.292632 0.435676 -6.334782 0.044814 229.507925 0.267564 87.779303 5.182371 208.435049 0.758088 19.966113 5.166272
116 -3.493450 0.318699 -63.075904 0.034873 193.106898 0.769439 -86.013633 1.771968 289.702894 0.503300 20.925799 1.567907
117 -5.522274 0.718665 -40.962645 0.041224 226.074401 0.759291 -53.010810 5.598351 397.447337 0.480896 4.636056 5.625555
117 -4.045151 0.665648 8.126129 0.009104 198.195990 0.170974 -11.030823 2.041960 289.010514 0.725870 21.131662 2.671310
117 -5.121280 0.081883 -2.636370 0.006017 190.382346 0.501831 -68.609250 3.371568 407.103905 0.282773 23.683472 4.823567
117 -6.000869 0.751209 -64.997997 0.043027 248.834900 0.701290 1.546280 4.547780 71.725612 0.795077 12.067318 6.582745
117 -5.481975 0.766950 -47.453826 0.021200 193.905435 0.538910 49.902868 5.375754 444.965202 0.535325 25.401990 5.544958
117 -5.206630 0.218842 63.050252 0.062756 218.971814 0.731659 -32.921982 3.515385 275.336460 0.688997 27.212561 4.994267
117 -6.056584 0.779853 -69.893520 0.041928 287.462018 0.399500 69.291256 1.568893 63.105629 0.550618 30.073826 6.694175
117 -6.955042 0.798934 -46.962824 0.356181 338.138316 0.788157 3.617701 0.522342 204.415165 0.208840 5.029121 8.491091
117 -5.713522 0.491878 -37.178913 0.063820 240.731486 0.390462 -88.788450 5.332161 204.436423 0.646251 21.958338 6.008051
117 -3.403729 0.340635 -62.770678 0.038050 197.314839 0.787080 -81.917585 1.602489 251.282568 0.542718 21.138305 1.388466
118 -5.348478 0.672359 -17.655465 0.126705 261.479427 0.734080 -57.209325 4.973826 364.227790 0.395541 1.201773 5.277963
118 -4.806652 0.580967 -15.510416 0.015878 186.544177 0.265040 -62.881673 1.305572 267.339602 0.705919 15.996887 4.194311
118 -4.372706 0.093763 -7.359266 0.001605 187.492665 0.522937 -67.783778 3.710469 412.958764 0.284167 22.821187 3.326420
118 -5.892402 0.578875 -43.669551 0.058267 239.414811 0.675361 -42.615286 4.610152 71.088279 0.834052 13.846161 6.365811
118 -5.519050 0.784659 -44.700023 0.012526 200.112108 0.616559 59.546770 5.456907 432.820141 0.506781 24.129048 5.619108
118 -4.739346 0.213227 69.918031 0.024499 216.947279 0.697270 -31.388541 3.685733 283.072453 0.663335 24.910618 4.059700
118 -6.260333 0.733565 -77.998211 0.059002 278.756810 0.429465 32.250480 1.701961 148.375710 0.621878 35.471839 7.101674
118 -6.858940 0.792436 -42.968789 0.371036 332.460885 0.730263 10.081581 0.318228 206.109710 0.242869 6.218375 8.298888
118 -5.420520 0.451444 -29.066381 0.085899 232.975111 0.358251 84.466956 4.293947 225.325917 0.607578 21.303158 5.422047
118 -3.272381 0.292561 -70.854545 0.020810 185.232077 0.755778 -87.779660 1.790380 293.875512 0.472951 21.347892 1.125769
119 -5.765053 0.797039 -44.360954 0.166997 276.770682 0.679177 -37.010734 4.215545 308.507420 0.460926 2.355989 6.111114
119 -5.329360 0.299773 -69.846955 0.067419 255.989000 0.235331 74.791992 1.621150 179.263679 0.538666 27.132283 5.239728
119 -5.565235 0.139190 -14.660843 0.015933 196.975169 0.506772 -66.649435 3.663467 414.707289 0.251328 22.736419 5.711477
119 -5.669749 0.381182 -51.800664 0.035646 219.727623 0.717405 -81.746983 4.128621 40.261073 0.876271 17.002515 5.920505
119 -6.939799 0.790345 -39.765256 0.045600 217.793670 0.601002 61.677438 5.278475 433.714017 0.548220 28.603525 8.460606
119 -5.039971 0.202529 67.648224 0.080113 223.508310 0.720271 -31.933957 3.318355 273.869471 0.656327 25.925629 4.660949
119 -6.005234 0.640543 -87.584382 0.085233 282.849675 0.451765 10.704242 0.410651 101.973476 0.599288 35.636784 6.591475
119 -6.888318 0.770137 -42.307166 0.371183 331.869413 0.735666 10.127477 0.174822 196.331844 0.251252 5.962805 8.357643
119 -5.231283 0.519292 -54.304617 0.062760 236.156200 0.325960 -89.084258 3.290078 210.851511 0.516737 20.616749 5.043573
119 -3.715467 0.338544 -61.840499 0.033917 194.060610 0.774371 -84.713275 2.051110 256.672685 0.543145 21.403340 2.011941
120 -6.429076 0.789178 -44.062293 0.112367 264.469753 0.592038 -46.250379 4.414737 326.524654 0.491228 8.019121 7.439159
120 -5.461251 0.272571 -74.107892 0.081212 262.005507 0.215375 65.395443 1.407908 117.462972 0.587425 26.542379 5.503509
120 -4.872129 0.136466 -14.153340 0.038330 193.698392 0.486184 -69.290865 4.082159 421.902697 0.281737 25.989764 4.325266
120 -5.789338 0.345170 -52.275176 0.018861 221.337461 0.638314 -87.557777 3.665151 16.068316 0.823676 17.485224 6.159684
120 -5.790145 0.767640 -47.276366 0.029861 211.712174 0.636533 52.002572 5.416421 412.346923 0.587896 24.885372 6.161298
120 -4.583230 0.136688 66.020186 0.004468 198.740027 0.619809 -37.337623 4.124032 284.137004 0.718369 26.309083 3.747467
120 -7.052885 0.609068 -53.526960 0.029650 227.673830 0.283953 15.480341 1.211287 253.025349 0.520912 34.197002 8.686777
120 -6.737908 0.799290 -43.428100 0.394666 333.877091 0.770432 8.199153 0.388270 204.321235 0.239927 5.978573 8.056824
120 -4.535823 0.454444 -46.312133 0.112940 232.607129 0.398419 73.727422 2.755024 253.415488 0.468027 20.297586 3.652653
120 -4.399206 0.325501 -46.048733 0.007571 203.576031 0.029092 84.933839 2.685891 285.182869 0.571841 23.987047 3.379420
121 -6.001928 0.750773 -51.518356 0.050139 251.405209 0.535132 -23.410040 5.118849 330.050196 0.537430 10.688625 6.584863
121 -5.513075 0.319910 -71.620106 0.122290 267.623257 0.227459 70.427400 1.183743 107.386180 0.589580 28.637622 5.607157
121 -5.249504 0.149616 -10.972648 0.059486 201.232931 0.510895 -67.728108 4.131026 421.081168 0.260535 22.261003 5.080016
121 -5.525165 0.359669 -61.762313 0.014473 225.259614 0.645634 -69.595489 3.902107 21.250203 0.819780 19.545601 5.631338
121 -6.884056 0.730819 -48.202848 0.040112 237.044649 0.702419 54.592114 4.927525 320.230099 0.692766 27.536133 8.349119
121 -5.090697 0.235876 60.639896 0.010688 202.142020 0.658186 -22.507815 4.249236 298.085568 0.775229 26.863840 4.762401
121 -7.431779 0.545644 -45.948122 0.014445 240.708852 0.255421 38.878691 0.476745 185.396546 0.614946 33.669323 9.444565
121 -7.009730 0.785382 -44.681770 0.412501 339.091999 0.760381 7.068067 0.322776 196.562273 0.218044 5.689857 8.600468
121 -4.695765 0.403769 -48.880748 0.101282 228.294581 0.367540 73.384738 3.097063 250.137015 0.508420 20.954068 3.972539
121 -6.301945 0.379431 -83.906201 0.018481 211.376543 0.679796 -60.381502 0.904573 281.843767 0.461352 31.466397 7.184898
122 -6.049116 0.706512 -40.131461 0.123485 247.344764 0.442257 10.330800 6.464559 375.707739 0.591741 14.530994 6.679240
122 -6.997142 0.341559 -69.948651 0.026008 225.483492 0.262593 -85.327181 5.110083 227.937976 0.780310 34.300909 8.575292
122 -5.120190 0.113308 5.561086 0.177065 207.748598 0.461405 -62.263851 4.174104 424.377355 0.275358 22.632690 4.821387
122 -5.846020 0.376901 -53.783685 0.041838 222.101414 0.647588 -61.124428 4.194459 41.075463 0.809381 16.305538 6.273047
122 -6.634342 0.683432 -55.492602 0.029471 229.943016 0.006587 13.343520 5.431606 305.438241 0.708553 24.235432 7.849692
122 -5.510250 0.241801 57.512266 0.005165 201.092696 0.670897 -28.861232 3.761426 290.696490 0.769914 27.787284 5.601508
122 -8.365487 0.577451 -33.774545 0.004902 238.119519 0.322044 35.582802 0.715009 199.648693 0.643501 32.983807 11.311982
122 -7.404320 0.761603 -38.638152 0.383223 342.138690 0.764960 19.575982 0.151190 143.228334 0.310963 9.482037 9.389648
122 -5.288473 0.564463 -56.028566 0.036732 236.616006 0.296468 -72.254785 1.907672 172.400244 0.624239 25.430555 5.157953
122 -5.387164 0.255817 -57.848051 0.026696 200.513992 0.747569 -76.190802 1.621514 305.245846 0.482581 30.465597 5.355336
123 -6.589848 0.760969 -35.591127 0.111935 258.792598 0.429993 20.533188 6.393749 316.380357 0.667366 14.711774 7.760703
123 -7.220619 0.373760 -77.408977 0.026088 230.607937 0.245021 -85.269040 5.229614 247.442977 0.755213 34.948029 9.022246
123 -3.364229 0.048356 1.618707 0.040226 171.756949 0.492787 -71.090063 4.503817 428.694511 0.335842 21.355217 1.309465
123 -5.653233 0.351404 -43.432637 0.032115 220.339002 0.498862 -66.044350 5.253199 43.288315 0.876615 19.703802 5.887474
123 -7.070185 0.428108 -23.403074 0.006792 202.080774 0.161751 -50.871803 6.415656 313.277738 0.842115 25.996431 8.721378
123 -4.017317 0.223647 54.509573 0.001580 183.137922 0.736807 -29.119443 2.686326 300.658279 0.716837 22.639684 2.615641
123 -5.399813 0.718543 -62.814204 0.010313 239.650523 0.551251 44.788307 0.463410 162.731792 0.561371 28.888018 5.380634
123 -7.924130 0.780609 -34.922409 0.378144 343.780987 0.772112 26.749009 0.126104 117.930968 0.366428 10.567721 10.429268
123 -5.955014 0.500677 -26.277309 0.022611 207.129942 0.159218 -62.530675 2.560389 315.518177 0.529186 25.358125 6.491035
123 -4.921797 0.254228 -60.753681 0.056355 205.924440 0.762607 -77.780889 2.703291 312.570668 0.521951 29.866957 4.424601
124 -5.814332 0.736154 -35.779088 0.111117 247.239071 0.420307 37.025430 6.120467 318.683002 0.613089 11.697230 6.209671
124 -10.082042 0.472848 88.104240 0.101444 277.859046 0.443294 -45.275371 3.449443 206.067559 0.643665 36.982755 14.745092
124 -3.253376 0.028155 2.770362 0.040393 154.819753 0.455487 -69.548528 4.569285 452.657886 0.311406 15.777961 1.087759
124 -6.078413 0.339354 -50.403682 0.037351 232.895464 0.504834 -63.614095 5.565887 13.817309 0.919410 23.668802 6.737833
124 -6.880065 0.440699 -22.786281 0.011476 206.358915 0.164840 -53.074797 6.477247 306.032669 0.830757 25.542424 8.341137
124 -4.224135 0.212942 55.656776 0.002805 182.452349 0.736667 -30.858524 2.637026 305.546450 0.707700 22.668082 3.029277
124 -5.811195 0.767463 -67.734074 0.080056 276.250776 0.581132 66.191786 6.249402 119.506051 0.474758 25.098885 6.203397
124 -9.130827 0.784071 -35.304627 0.419905 354.153332 0.002193 33.205274 0.063872 108.772148 0.337344 11.879641 12.842661
124 -4.867461 0.678141 -23.736974 0.119021 256.975441 0.115642 -42.146297 2.809998 242.572874 0.529624 12.904109 4.315930
124 -4.539802 0.250632 -42.890052 0.063679 217.075707 0.653650 -83.244098 3.260184 300.096761 0.476585 28.760181 3.660611
125 -5.742444 0.637333 -46.543634 0.042789 212.988432 0.326916 -6.607486 5.958991 358.868742 0.592553 16.641417 6.065895
125 -6.875996 0.326034 -70.217290 0.128362 251.871342 0.402119 -18.056093 3.985169 301.252275 0.481431 29.955231 8.333000
125 -3.004509 0.799278 7.552962 0.014752 152.215804 0.528612 -76.988130 4.179653 460.556899 0.325231 14.238565 0.590025
125 -5.620033 0.321806 -60.856358 0.012522 218.811374 0.465469 -71.716358 5.922687 25.230507 0.914556 24.278782 5.821073
125 -7.241817 0.565314 -18.183955 0.072884 230.014228 0.175237 -29.230980 5.785982 313.551256 0.737399 22.970747 9.064642
125 -4.060222 0.220182 55.836002 0.005842 182.932820 0.729279 -29.974777 2.697529 301.605358 0.709985 22.890129 2.701452
125 -6.844701 0.768603 -63.075873 0.021357 270.599356 0.511547 50.899640 6.395142 95.122210 0.528183 28.301770 8.270410
125 -9.530512 0.788168 -35.165357 0.419971 355.251108 0.794476 35.637954 0.154345 114.406986 0.327018 12.708830 13.642031
125 -5.991960 0.757261 -42.724142 0.035760 258.930863 0.212488 -66.918618 1.837912 140.945239 0.611790 9.877534 6.564928
125 -4.230428 0.243231 -39.601253 0.055612 218.962425 0.735742 -70.876991 2.792903 297.244112 0.421129 23.786053 3.041863
126 -5.234388 0.187004 56.927240 0.095806 242.359543 0.734424 -28.076525 2.055702 160.909562 0.746885 27.034055 5.049784
126 -7.624673 0.106449 -36.630991 0.059022 225.270866 0.399901 -27.696975 4.111408 306.541177 0.610844 31.539967 9.830353
126 -3.079948 0.794051 4.771429 0.020544 150.699473 0.559852 -79.745808 4.183758 467.681913 0.293933 14.529774 0.740903
126 -5.492736 0.313496 -62.629014 0.021169 224.133245 0.510320 -84.122878 5.690730 18.300057 0.878079 23.784235 5.566479
126 -5.377744 0.459943 -17.911818 0.022641 201.405419 0.275491 84.768855 5.257501 249.888090 0.850166 18.483571 5.336496
126 -6.702412 0.199468 58.435329 0.005113 179.985941 0.755741 -43.947734 2.700656 324.255620 0.693320 23.964580 7.985832
126 -5.536394 0.787954 -75.158735 0.015903 273.064509 0.535227 66.941743 6.510032 40.952170 0.589783 16.361156 5.653796
126 -9.457710 0.787603 -35.291480 0.460262 362.078303 0.786208 35.768353 0.187809 119.495839 0.335201 10.792129 13.496427
126 -5.948015 0.625743 -25.827371 0.067995 229.494659 0.241868 78.858872 2.526925 163.004542 0.708806 9.082831 6.477037
126 -4.375872 0.416693 -25.989653 0.050686 207.527748 0.791464 -69.533792 2.534509 342.588520 0.353553 16.411974 3.332752
127 -5.451435 0.050008 52.396794 0.022073 213.487619 0.739366 -64.397374 2.760542 149.764258 0.855349 30.567770 5.483878
127 -6.335561 0.147668 -43.952701 0.005562 217.608725 0.199495 5.409303 4.238238 273.052185 0.731886 29.678742 7.252130
127 -3.233112 0.026448 -4.371323 0.011487 139.706933 0.436316 -57.410109 4.913308 488.920372 0.333224 12.431494 1.047232
127 -5.468302 0.308027 -61.907456 0.019165 223.479473 0.495874 -84.122783 5.687578 17.533262 0.876775 23.055995 5.517611
127 -5.053523 0.462589 -10.525129 0.022095 186.291036 0.253949 75.589688 4.933754 302.299083 0.808537 18.644582 4.688054
127 -6.900700 0.210047 61.070693 0.003421 177.330682 0.748982 -47.552805 2.604662 324.904611 0.693271 23.505608 8.382407
127 -6.289051 0.797730 -63.242258 0.016059 252.134829 0.610752 58.534737 6.303306 11.495999 0.716748 12.969844 7.159110
127 -9.379902 0.798800 -34.635607 0.457686 360.889095 0.781447 38.780849 0.244403 115.958878 0.347145 10.434341 13.340812
127 -5.632199 0.639680 -47.666350 0.066301 242.160229 0.209177 66.395315 2.834263 143.042597 0.700942 14.716743 5.845406
127 -3.611520 0.631531 -66.130823 0.087087 237.341644 0.583470 -54.504675 1.372272 253.556187 0.328478 16.753161 1.804048
128 -6.143690 0.197114 29.347724 0.121979 259.645986 0.744010 -48.957373 1.772610 72.217654 0.803618 27.714178 6.868387
128 -5.770432 0.199032 -40.099758 0.044502 225.728932 0.332603 -29.797269 3.935846 284.629564 0.613813 26.165409 6.121872
128 -3.420453 0.077296 -8.796754 0.027165 143.171810 0.458547 -62.141979 4.643911 471.239342 0.300004 7.310680 1.421914
128 -5.639247 0.484774 -75.575502 0.032929 230.037736 0.578644 83.267987 4.986173 15.244534 0.749409 20.851117 5.859502
128 -4.986708 0.465330 -16.615794 0.022207 193.597682 0.003595 -86.684655 3.986720 294.873102 0.773439 20.212820 4.554423
128 -5.270559 0.253161 59.256373 0.007477 182.071914 0.736401 -40.436778 2.761578 313.621187 0.709285 22.864554 5.122126
128 -6.786906 0.699348 -35.712074 0.025872 243.083042 0.722515 46.026485 5.202359 85.484602 0.703232 14.006479 8.154819
128 -8.260723 0.782394 -33.943787 0.477457 356.036336 0.785910 34.850175 0.174283 128.020268 0.340442 7.085038 11.102453
128 -6.515495 0.709291 -42.811577 0.033260 261.404616 0.320144 74.280879 3.219098 68.632928 0.642383 17.348122 7.611998
128 -4.827894 0.740657 -59.777263 0.012016 225.054352 0.526856 -45.760178 2.248435 272.109511 0.373043 15.614378 4.236795
129 -5.363426 0.204332 24.811562 0.108462 247.982369 0.734162 -43.490685 2.047657 86.534371 0.803564 25.336023 5.307860
129 -5.327878 0.273765 -51.561985 0.009566 192.261962 0.383838 -22.984289 4.513832 424.057785 0.453619 21.497329 5.236763
129 -3.423504 0.050117 -7.917872 0.013220 135.463956 0.399839 -61.148355 4.925574 495.044752 0.311228 7.635379 1.428015
129 -5.968402 0.595942 -75.919853 0.008793 223.204387 0.467451 78.578560 5.127682 41.865062 0.771696 20.862788 6.517811
129 -6.709463 0.623744 -24.037021 0.046971 236.093566 0.274865 -21.029746 1.679523 214.461849 0.695615 23.245638 7.999933
129 -4.434264 0.280568 57.546353 0.004058 184.707475 0.717229 -36.380657 2.658613 291.342986 0.741680 23.829699 3.449535
129 -7.282526 0.141113 -86.127620 0.011466 168.803435 0.026967 -45.200503 3.997566 419.730733 0.541981 34.026917 9.146059
129 -8.100505 0.786009 -36.003648 0.477570 355.460104 0.781751 32.933827 0.161065 130.372992 0.326617 7.229225 10.782018
129 -6.579796 0.618127 -38.509550 0.060574 274.052467 0.472740 84.562017 2.650333 74.103228 0.598494 19.099545 7.740599
129 -4.098677 0.644268 -61.363216 0.035506 209.492553 0.516268 -53.938314 3.126745 338.087034 0.331286 16.840219 2.778362
130 -7.100421 0.248388 8.207055 0.026332 258.123929 0.710916 -35.545567 2.274159 52.513427 0.838570 25.676214 8.781850
130 -4.331129 0.281413 -50.130349 0.025325 189.502679 0.540676 -72.896930 5.003144 360.589068 0.563458 21.218839 3.243266
130 -3.436874 0.063862 -10.352404 0.023634 143.745558 0.399392 -56.476723 4.874289 489.957205 0.303688 5.467145 1.454756
130 -5.668233 0.608307 -77.193599 0.026211 232.733812 0.436170 81.253945 5.084931 42.904887 0.731607 21.102304 5.917474
130 -5.671595 0.511727 -50.779183 0.011171 225.460413 0.321998 -64.439944 3.492628 104.161985 0.844354 20.390838 5.924197
130 -3.711670 0.315513 51.470749 0.010494 189.821390 0.708072 -41.173488 2.780995 265.885515 0.752021 23.336230 2.004347
130 -5.116860 0.139687 -83.913327 0.004364 161.861741 0.035234 -40.486354 4.025001 408.425706 0.551635 31.815360 4.814727
130 -8.603520 0.776314 -35.630967 0.483538 358.055327 0.788771 30.370973 0.053089 138.526187 0.316450 7.789364 11.788047
130 -5.296473 0.721803 -78.778296 0.056651 257.502120 0.338596 -73.756279 3.680154 126.425009 0.543033 19.913117 5.173954
130 -4.392700 0.692649 -89.402738 0.002245 198.558365 0.401994 -42.507412 3.164841 415.106127 0.221748 18.153537 3.366407
131 -6.149219 0.314302 -9.140642 0.082847 250.490319 0.692535 -15.559993 2.130254 17.760916 0.820783 26.113534 6.879445
131 -4.938852 0.289251 -35.468352 0.054118 203.495630 0.601876 -77.033226 4.852560 339.225322 0.587410 25.056822 4.458711
131 -3.838520 0.061092 -10.252872 0.001973 130.718872 0.378357 -62.394159 4.939800 488.872932 0.353678 7.107220 2.258047
131 -5.205126 0.779709 -57.249665 0.185071 295.471174 0.509039 -33.040562 1.412625 144.592264 0.362133 5.954883 4.991260
131 -4.687858 0.784230 -85.847151 0.013480 247.290885 0.266700 -53.514967 2.397413 104.146526 0.757642 26.279083 3.956724
131 -6.800370 0.257746 84.288880 0.030824 267.689625 0.594421 -73.074819 3.920493 101.080815 0.651252 26.143368 8.181748
131 -4.894382 0.144399 -84.944325 0.008167 165.216235 0.026004 -42.511726 3.997874 396.723879 0.555924 30.760826 4.369772
131 -9.049871 0.765176 -34.570573 0.485630 357.059031 0.001131 38.640791 0.177304 136.607460 0.315428 7.508251 12.680750
131 -5.104456 0.708825 -70.657529 0.103926 272.453442 0.399548 -63.006862 3.337750 93.586953 0.566333 18.661150 4.789920
131 -4.100202 0.629055 -79.995468 0.017946 182.452853 0.417630 -53.906095 3.419828 428.222006 0.237205 20.906517 2.781412
132 -5.842517 0.316809 -6.687081 0.092901 252.873457 0.687076 -14.008145 2.062648 14.347919 0.814280 25.283732 6.266041
132 -5.148865 0.229740 -18.324419 0.036160 214.249124 0.682558 -74.158418 4.468852 244.960184 0.737048 25.944035 4.878738
132 -3.261947 0.295432 -15.763163 0.022348 142.921164 0.415952 -60.427536 4.036361 467.586870 0.271475 1.047026 1.104902
132 -5.784768 0.776227 -58.680795 0.077364 284.966806 0.554498 -32.251997 1.723096 79.069078 0.493255 9.490350 6.150544
132 -4.616892 0.769999 -87.903269 0.002970 242.870271 0.257143 -57.635813 2.552877 120.953633 0.754175 23.462448 3.814792
132 -5.550635 0.468089 -64.803845 0.018747 226.412881 0.095195 -55.158032 2.196237 90.019118 0.815492 25.933123 5.682278
132 -4.166203 0.142560 -81.482154 0.006050 161.331222 0.069912 -42.239035 3.830869 405.294896 0.522346 27.890488 2.913414
132 -8.291388 0.021116 -33.333233 0.436411 306.183122 0.043597 24.725838 6.467635 129.277090 0.574446 29.924158 11.163784
132 -5.370554 0.613347 -58.452472 0.099785 265.036905 0.427268 -67.587789 3.993811 119.893136 0.597117 20.114912 5.322116
132 -3.733281 0.714926 -76.059635 0.015885 212.636821 0.692590 -71.186833 4.103385 399.129555 0.210150 27.144746 2.047569
133 -6.093483 0.308836 2.262454 0.034796 250.327448 0.750645 -17.237334 2.178755 21.136953 0.817879 25.385657 6.767973
133 -6.527835 0.267139 -29.511712 0.007158 199.128587 0.633446 -75.314498 4.009904 317.458702 0.667106 29.765902 7.636678
133 -3.425667 0.383019 -11.391565 0.023841 149.574098 0.518800 -65.987166 3.814359 446.891931 0.281865 -0.193076 1.432341
133 -5.787040 0.746256 -57.449813 0.106711 284.529967 0.554751 -21.553681 1.906977 54.144536 0.482912 8.426081 6.155087
133 -5.060930 0.699946 -75.492927 0.001928 201.255441 0.278516 -49.372452 2.708275 262.254417 0.552929 14.583257 4.702868
133 -5.565362 0.710918 -75.432145 0.017734 246.278045 0.315815 -71.773670 2.421784 102.072140 0.725574 30.426728 5.711731
133 -4.346394 0.139002 -79.198515 0.003322 155.857628 0.078539 -42.699227 3.834361 426.509706 0.491427 26.291000 3.273796
133 -8.548353 0.082614 -27.886368 0.455907 309.884773 0.165269 23.126136 6.479471 149.478353 0.520817 30.466647 11.677714
133 -5.653702 0.520977 -50.356065 0.054133 229.847075 0.336187 -79.395096 3.921735 159.912918 0.650791 16.757317 5.888411
133 -4.313915 0.758843 -75.307549 0.070721 209.288205 0.673683 -62.473995 3.842750 435.680577 0.138671 19.981474 3.208838
134 -5.501038 0.228708 5.791340 0.123865 254.920183 0.756926 -8.760128 2.133489 23.700000 0.798312 23.716963 5.583084
134 -6.513167 0.247244 -25.737078 0.023877 193.972262 0.622838 -73.783216 4.201694 350.013928 0.620868 27.882789 7.607342
134 -3.401490 0.635225 -38.008913 0.047534 158.288780 0.407988 -68.404011 3.715404 474.539750 0.122009 -4.047023 1.383987
134 -6.101801 0.771370 -63.148100 0.111851 282.460519 0.506062 -20.319922 2.066962 35.714092 0.501592 6.530641 6.784609
134 -7.508342 0.492553 -46.120461 0.042534 258.848374 0.470808 86.077709 3.271168 35.400058 0.727916 30.039674 9.597691
134 -3.781287 0.645319 -74.460640 0.010663 183.315697 0.277111 87.485218 3.325879 362.428217 0.461624 25.249505 2.143582
134 -3.473735 0.129534 -74.754460 0.007890 153.268596 0.155228 -47.548862 3.882434 439.111380 0.415225 21.361733 1.528478
134 -8.343727 0.114461 -23.359382 0.450464 309.269627 0.196550 -24.172982 6.485313 148.751324 0.543684 28.306838 11.268461
134 -5.470344 0.466370 -54.122716 0.043281 238.582237 0.358130 -67.777857 3.582088 91.025512 0.720115 17.795834 5.521696
134 -4.284497 0.760525 -76.653602 0.035333 202.361196 0.651582 -55.226285 3.528464 433.216634 0.146838 12.669075 3.150002
135 -4.027649 0.791996 -74.400355 0.073787 250.440513 0.753008 -53.707862 3.185055 279.071790 0.391646 14.711961 2.636306
135 -4.658741 0.263879 -16.471931 0.005093 200.030198 0.692554 -51.727884 3.112151 256.039526 0.661018 23.510996 3.898490
135 -3.590472 0.677607 -38.616504 0.041699 163.593024 0.441425 -70.435315 3.703203 459.249291 0.141662 -2.853786 1.761952
135 -5.231909 0.797894 -70.080617 0.130822 300.342305 0.748360 -11.483253 2.124750 79.175604 0.481168 16.473889 5.044825
135 -5.076725 0.075362 -16.642433 0.019358 195.748415 0.525320 -31.306809 4.162481 277.202820 0.816688 23.575056 4.734458
135 -3.709014 0.648609 -71.833250 0.011116 171.172452 0.242859 82.414484 3.562681 402.643454 0.387545 25.563509 1.999035
135 -4.288677 0.082943 -66.642667 0.007857 151.068004 0.184752 -49.807395 3.903661 445.212680 0.432074 21.488838 3.158362
135 -7.403320 0.114838 -19.218906 0.448865 305.435613 0.118191 -18.987156 6.552364 165.676555 0.509937 25.773176 9.387648
135 -5.411906 0.349084 -48.663645 0.058669 236.373425 0.235060 -61.006813 4.153671 109.560128 0.724577 21.460353 5.404819
135 -3.870163 0.663246 -60.294102 0.079672 227.539344 0.742768 -75.057231 3.167355 331.121653 0.221395 11.700044 2.321334
136 -4.820306 0.683149 -64.141389 0.090239 255.784537 0.784999 -66.574657 3.400055 266.049980 0.460460 16.607941 4.221619
136 -5.105199 0.196638 -10.090054 0.097433 241.781210 0.734681 -69.855158 3.547081 163.333127 0.718488 25.289284 4.791406
136 -3.612690 0.609158 -34.091207 0.018469 149.785759 0.405620 -69.069764 3.791927 478.646116 0.170237 -6.144370 1.806387
136 -5.881262 0.705370 -50.906358 0.072497 285.522651 0.688308 -30.627947 2.573753 70.650790 0.536409 15.085752 6.343532
136 -4.574851 0.081468 -17.934575 0.012111 187.073285 0.542110 -26.580082 4.051780 280.102502 0.824980 21.372759 3.730710
136 -3.949800 0.634963 -72.404483 0.018300 184.712928 0.307447 80.492282 3.576854 369.166850 0.453762 26.790888 2.480608
136 -3.821798 0.063399 -67.113629 0.026905 163.846162 0.172542 -44.226758 3.863954 421.721845 0.434274 24.379052 2.224604
136 -8.214044 0.121489 -14.231421 0.462152 312.724429 0.158905 -17.715876 6.485771 147.467608 0.516851 27.096004 11.009095
136 -5.681842 0.313180 -54.271083 0.004752 218.834515 0.206558 -55.886802 4.162858 115.144483 0.777700 21.508786 5.944692
136 -3.802181 0.668389 -62.756066 0.065238 206.811255 0.733384 -76.869133 3.077613 357.604023 0.198746 11.197037 2.185369
137 -4.352019 0.733731 -67.583789 0.037019 227.285009 0.790192 -78.407047 3.243939 289.588546 0.509941 18.998452 3.285046
137 -5.046192 0.217875 -7.331651 0.089911 242.259949 0.767680 -64.554428 3.449113 165.211256 0.715474 24.818070 4.673392
137 -3.430847 0.557084 -69.749407 0.024868 147.945191 0.424875 -58.616972 4.374684 488.636784 0.195257 -0.646612 1.442701
137 -6.173671 0.626600 -32.978419 0.065340 264.422390 0.604903 -31.994871 3.102612 74.091254 0.657618 16.020593 6.928349
137 -5.170117 0.094822 -22.296243 0.004335 184.077175 0.595137 -18.501226 3.872457 257.440741 0.826072 19.623022 4.921242
137 -4.283604 0.599840 -72.615552 0.005294 182.445230 0.285514 83.832284 3.560906 345.888440 0.533029 29.357342 3.148215
137 -5.668254 0.470899 -3.095857 0.009440 212.233128 0.568316 62.921758 3.949294 155.945685 0.958750 23.788730 5.917516
137 -8.519042 0.147589 -21.338566 0.437375 313.387980 0.112932 1.811334 6.438932 147.272434 0.511012 27.827086 11.619092
137 -5.577887 0.246300 -48.077492 0.003993 215.189502 0.128267 -39.857803 4.456451 112.852317 0.877029 23.918372 5.736781
137 -4.138245 0.789358 -78.053552 0.042934 189.527333 0.719606 -76.008030 3.064124 383.458318 0.127939 3.551116 2.857497
138 -5.405274 0.707561 -63.877553 0.077220 253.446726 0.691033 -84.402176 3.604236 285.952752 0.464778 25.912975 5.391556
138 -4.127268 0.268225 -30.483320 0.093073 228.658153 0.736799 -84.133548 3.404258 288.865987 0.451636 24.053648 2.835543
138 -3.534064 0.571533 -76.161355 0.012541 145.605954 0.406815 -60.612367 4.407370 499.463076 0.190349 -1.020354 1.649136
138 -5.976644 0.607667 -37.435833 0.022320 256.346410 0.683507 -53.029482 2.569908 91.259999 0.641182 15.539108 6.534295
138 -4.631680 0.054158 -15.842510 0.010615 190.883995 0.631154 -27.330993 3.762387 239.961811 0.846408 20.756699 3.844367
138 -4.251504 0.574172 -70.491572 0.003663 179.752661 0.292969 84.476215 3.500119 344.619624 0.533656 28.428119 3.084015
138 -6.069402 0.443981 -1.112556 0.021117 215.546349 0.609819 60.609382 3.926092 154.059472 0.976590 25.734535 6.719812
138 -10.281550 0.242057 -16.718078 0.410953 315.471040 0.101403 -16.392436 6.392962 116.201596 0.585779 29.886718 15.144107
138 -5.848665 0.285658 -30.168136 0.018509 215.032555 0.169916 -55.375541 4.544537 133.000392 0.814598 22.784478 6.278338
138 -4.251982 0.648786 -57.520106 0.089175 236.931454 0.788624 -75.771213 3.251852 287.245096 0.297652 10.463242 3.084971
139 -5.368080 0.658908 -57.591877 0.055490 249.693797 0.617990 85.628466 2.025633 133.394752 0.582581 15.789088 5.317168
139 -4.403881 0.242409 -39.190053 0.025523 186.540674 0.759053 -62.431582 3.213321 362.717055 0.406714 21.543069 3.388769
139 -4.713342 0.725798 -79.495873 0.020108 174.630967 0.422420 -60.812861 4.240485 438.863146 0.247093 -0.040095 4.007692
139 -6.250897 0.526781 -29.607956 0.126344 278.133002 0.536603 -76.201758 2.837960 65.860275 0.626640 21.454907 7.082802
139 -5.339428 0.079204 -19.717496 0.030575 216.739366 0.715811 20.970820 3.056635 187.009057 0.852740 26.318825 5.259863
139 -5.130547 0.714360 -74.341511 0.004065 207.324071 0.318001 83.300201 3.121843 269.117195 0.615832 32.392246 4.842101
139 -5.544148 0.457631 -2.873571 0.003086 208.044578 0.614314 55.284075 3.907462 161.967925 0.926875 23.387289 5.669303
139 -6.806000 0.263540 -25.042613 0.374108 292.103031 0.268804 -29.909267 5.968193 240.038304 0.468164 22.546112 8.193007
139 -5.414980 0.149603 -23.916676 0.057863 228.318544 0.194023 -75.955842 4.360659 148.309366 0.779738 25.692778 5.410967
139 -4.385073 0.623334 -59.417516 0.091019 232.644113 0.588610 -72.550718 4.037087 316.562664 0.328383 13.762319 3.351154
140 -5.589624 0.325823 -50.130757 0.039404 234.404928 0.375976 73.081701 2.673281 107.407360 0.807573 24.339734 5.760256
140 -6.230696 0.199103 -86.737920 0.014322 258.006837 0.314927 -85.425451 2.443830 91.031148 0.698512 26.340285 7.042400
140 -5.238191 0.764973 -75.535517 0.028877 181.283707 0.394232 -59.432036 4.153724 419.845643 0.248441 1.565142 5.057390
140 -6.606932 0.666516 -47.052673 0.035926 247.988657 0.545669 -12.779973 2.432902 121.847228 0.623906 21.761428 7.794872
140 -6.593448 0.553097 -20.556755 0.009131 208.230355 0.769773 1.775597 4.393971 44.347056 0.964496 19.998620 7.767903
140 -3.755136 0.710054 -82.966945 0.010152 198.790584 0.305189 74.695484 2.767490 332.295332 0.501117 31.178401 2.091280
140 -5.613023 0.564961 -8.886797 0.006560 211.709511 0.595692 64.791300 4.057703 195.783185 0.847427 22.351389 5.807053
140 -8.262203 0.354026 -31.297626 0.447092 299.570384 0.269773 -39.365574 5.558745 273.567873 0.382386 24.771660 11.105414
140 -5.416807 0.177877 -27.278947 0.031038 219.401108 0.209152 -81.705489 3.916535 122.397012 0.866310 24.360243 5.414622
140 -4.400832 0.750465 -57.496955 0.065627 196.991143 0.016746 10.946249 3.762528 419.507759 0.322859 16.144272 3.382672
141 -6.022307 0.608453 -57.891317 0.016859 232.313922 0.650204 44.802172 2.239960 111.175150 0.743199 24.850519 6.625622
141 -5.712949 0.229386 -89.200888 0.119235 266.930824 0.302788 -82.276711 2.874337 123.971158 0.608975 27.340517 6.006905
141 -5.272489 0.724821 -70.131481 0.089510 192.725907 0.365300 -73.505166 4.513481 433.539498 0.218181 1.346898 5.125985
141 -4.868353 0.756880 -55.870481 0.039843 229.271574 0.249940 -65.370969 2.893574 315.865928 0.314770 10.932499 4.317713
141 -5.996570 0.446594 -10.155154 0.003056 210.743553 0.757131 -12.753635 4.739105 15.724811 1.041043 21.966888 6.574147
141 -4.547115 0.623068 -79.231951 0.013304 204.356142 0.282157 76.718909 2.742688 309.821041 0.563119 33.962969 3.675238
141 -5.619179 0.569926 -14.036659 0.051204 232.562646 0.784432 31.547420 3.179825 136.419379 0.853861 17.841876 5.819365
141 -8.185885 0.467931 -42.921255 0.445987 299.516398 0.204647 -73.188462 5.452325 322.010234 0.268251 25.470714 10.952777
141 -6.125966 0.144992 -29.612252 0.027502 225.192018 0.276766 -75.534072 3.671952 98.534078 0.913155 27.670950 6.832940
141 -4.851523 0.738307 -61.376474 0.007775 189.703061 0.061399 3.261867 3.336144 374.555696 0.388972 14.128835 4.284054
142 -6.993506 0.684782 -60.315705 0.009618 221.437025 0.052643 -36.946711 3.559750 177.636296 0.631939 8.267063 8.568019
142 -5.373655 0.233409 -85.573502 0.148176 262.779790 0.230208 -85.349058 2.588881 113.774462 0.620157 26.345124 5.328317
142 -4.519737 0.736733 -55.022240 0.007100 180.133696 0.405580 -41.676034 4.677966 447.016004 0.394006 7.408265 3.620482
142 -4.452072 0.674699 -59.277347 0.111825 240.067085 0.225159 -67.023853 3.174467 317.630634 0.270324 18.907216 3.485152
142 -5.788170 0.469488 -10.530030 0.012832 212.510530 0.794886 -33.748004 4.916033 30.000388 1.012730 19.360622 6.157348
142 -5.310652 0.798526 -75.289956 0.004371 192.811303 0.282703 89.183643 2.984416 389.766066 0.437010 25.149515 5.202311
142 -5.467424 0.582517 -24.398557 0.037776 218.934140 0.001528 15.636491 3.996808 243.032587 0.751225 18.034031 5.515855
142 -6.234839 0.503186 -46.991481 0.396332 287.832862 0.143156 -75.326709 5.761544 338.193743 0.245365 19.115098 7.050685
142 -8.523488 0.201903 -58.196435 0.009144 211.729091 0.418398 6.348369 2.556226 204.545578 0.798966 38.447979 11.627983
142 -6.168952 0.735897 -53.818013 0.004187 176.106672 0.104834 -70.409074 4.457451 437.180571 0.327657 1.923299 6.918911
143 -5.260557 0.722496 -78.075244 0.028963 217.397200 0.611876 -42.663619 3.213252 306.953380 0.373285 6.356053 5.102122
143 -5.500326 0.220517 -83.306014 0.095950 259.002543 0.222169 -77.781098 2.527642 106.921554 0.660524 27.730840 5.581659
143 -5.009161 0.716940 -48.200735 0.027691 187.800308 0.365456 -67.217932 4.776407 442.767715 0.366683 6.831706 4.599330
143 -4.433448 0.622038 -58.124295 0.004759 219.880381 0.298730 -76.734548 2.659697 295.876971 0.381566 19.268354 3.447904
143 -6.123603 0.396808 -10.837993 0.010646 212.314961 0.047469 -25.618052 4.994364 22.927067 1.054015 22.342111 6.828213
143 -6.164789 0.794896 -73.441533 0.031174 222.668412 0.266638 85.695684 2.529046 352.522947 0.430546 33.988654 6.910586
143 -6.667173 0.713253 -16.125413 0.038849 228.656527 0.042505 48.801389 3.991860 277.884071 0.706528 22.690353 7.915354
143 -5.513945 0.498893 -48.317893 0.401319 279.960699 0.204117 -83.063284 5.889304 351.332149 0.240038 15.942576 5.608897
143 -8.752408 0.213730 -59.181878 0.003989 206.527146 0.412373 3.294242 2.650272 228.948587 0.770782 38.975731 12.085824
143 -6.533951 0.595868 -21.311094 0.047347 184.878450 0.303662 -3.349723 5.541859 337.262317 0.818471 7.796048 7.648910
144 -4.140924 0.750031 -81.867959 0.032115 201.721017 0.629926 -43.796551 3.812322 379.781693 0.334794 4.940032 2.862856
144 -5.838095 0.243076 -89.460035 0.098455 266.705822 0.241376 -81.894201 2.593488 149.121065 0.566230 26.563610 6.257199
144 -5.358749 0.742699 -47.637429 0.015527 178.434277 0.359090 -39.917991 5.380933 478.832587 0.423212 -0.933793 5.298506
144 -5.208245 0.624286 -55.459803 0.002598 225.321520 0.225777 -57.252072 2.469042 259.204054 0.431993 23.676077 4.997497
144 -5.732801 0.332103 -2.284333 0.001524 200.641949 0.007347 -61.360978 5.076061 22.744967 1.059995 21.500415 6.046610
144 -5.217261 0.744452 -68.086285 0.019105 215.327475 0.226361 -87.708632 2.337545 317.041645 0.440982 35.079638 5.015529
144 -6.690342 0.790367 -42.170967 0.027868 249.963404 0.233643 63.049011 2.583942 208.312411 0.614702 22.154576 7.961692
144 -5.523227 0.501363 -47.659512 0.431212 278.755337 0.211767 -79.220554 5.780159 362.528160 0.217256 13.349226 5.627461
144 -7.431735 0.169069 -35.513406 0.010064 196.841050 0.378415 -20.393190 3.747227 282.660164 0.819271 29.860150 9.444478
144 -4.598838 0.314333 -60.251794 0.007411 180.389928 0.381777 -74.238259 3.647309 310.316031 0.556241 20.824653 3.778684
145 -4.099856 0.686891 -63.568873 0.049087 220.376902 0.619223 -41.284678 2.595824 307.425455 0.394258 7.084930 2.780720
145 -5.481171 0.154824 -49.467854 0.092582 259.243104 0.252623 82.316062 2.246796 74.039946 0.677960 25.079138 5.543350
145 -5.436136 0.775028 -56.607741 0.016541 171.473092 0.346141 -49.964199 5.322145 479.616167 0.432363 0.716631 5.453279
145 -5.454425 0.501850 -40.022110 0.020123 196.593502 0.337785 40.923525 4.378947 300.089686 0.747651 16.444002 5.489858
145 -5.985979 0.386732 0.481604 0.004118 195.616870 0.020350 -51.636149 5.243687 48.529506 1.043567 20.353622 6.552966
145 -4.148280 0.745475 -67.346936 0.054371 211.123054 0.216086 73.635201 2.999638 364.813438 0.321788 30.104962 2.877568
145 -8.812022 0.739091 -41.234605 0.002777 256.449658 0.253134 64.792442 2.137382 220.403836 0.676564 26.447454 12.205052
145 -5.507852 0.492136 -47.599841 0.432208 280.412094 0.214679 -74.637039 5.705881 353.686546 0.229665 14.161531 5.596712
145 -4.554772 0.338814 -54.105265 0.014665 188.397873 0.593559 6.045744 3.743839 390.485309 0.646765 20.564478 3.690552
145 -5.799360 0.274386 -63.514495 0.007186 180.842641 0.439454 -68.708738 3.775934 360.341460 0.606284 23.284597 6.179728
146 -4.770538 0.649365 -61.740572 0.078147 228.783169 0.559527 -52.997585 2.844921 271.656877 0.383465 7.321592 4.122083
146 -7.011277 0.148849 -49.370200 0.006586 255.727020 0.217989 -84.050573 2.388204 103.697831 0.727472 29.390981 8.603562
146 -6.382900 0.776040 -50.615844 0.064985 177.753972 0.297358 -57.018266 5.288817 483.427094 0.348995 -7.471647 7.346807
146 -5.228129 0.483895 -48.480575 0.026457 214.084871 0.219916 39.158003 3.660793 240.370918 0.713013 20.409900 5.037266
146 -5.858093 0.450213 -2.597209 0.016051 206.912198 0.760958 -69.313652 5.010647 17.118994 1.005916 20.202162 6.297194
146 -4.283747 0.778094 -64.900721 0.089440 218.824451 0.248846 58.949433 2.845672 368.597015 0.328091 27.908612 3.148502
146 -6.402040 0.794391 -40.363483 0.036010 235.748256 0.197762 47.369870 2.789395 282.828542 0.617995 20.337335 7.385087
146 -5.506793 0.484174 -48.170171 0.452134 282.892436 0.223145 -72.274728 5.643363 339.939989 0.239064 14.154405 5.594594
146 -4.298683 0.372213 -54.143207 0.019136 178.539267 0.585679 0.585001 4.194994 421.160761 0.617918 16.182107 3.178373
146 -4.324037 0.188870 -61.815442 0.025458 192.028418 0.356761 -52.178102 3.839592 320.564975 0.630770 22.596038 3.229082
147 -4.687386 0.658274 -60.734791 0.069738 231.279011 0.509927 -48.116905 2.794200 268.880224 0.476899 8.919472 3.955779
147 -4.899915 0.649722 -71.958721 0.012580 228.721216 0.174177 84.418794 1.600483 241.371194 0.573975 29.747484 4.380837
147 -5.441753 0.185239 -68.844621 0.071611 239.772014 0.705723 30.671593 0.979137 207.916703 0.671753 29.333083 5.464514
147 -5.868980 0.439545 -22.748768 0.032608 206.222494 0.460575 8.267405 4.673839 172.503955 0.895404 15.963919 6.318968
147 -5.977715 0.416676 -3.709542 0.003665 202.724314 0.755105 -76.620447 4.823316 11.436223 1.010542 20.102791 6.536437
147 -4.336115 0.777474 -62.171580 0.083476 218.639097 0.246159 58.333341 2.860099 371.957772 0.305021 29.766616 3.253237
147 -5.970074 0.793787 -49.823107 0.008835 233.881867 0.179293 53.996720 2.891862 290.816997 0.554724 12.504638 6.521155
147 -6.629509 0.512670 -56.789814 0.374076 278.277463 0.172308 -61.433745 5.396669 379.488092 0.164114 15.558731 7.840026
147 -4.610689 0.482606 -52.275882 0.022792 195.619084 0.550914 -5.409988 4.422476 408.351128 0.574636 14.495209 3.802385
147 -5.970264 0.120678 -75.200610 0.050288 205.292904 0.469032 -52.005364 2.650165 295.648963 0.592071 29.677344 6.521535
148 -5.979066 0.584753 -54.213256 0.011857 219.141233 0.612276 -65.296816 2.934546 178.876218 0.621116 9.263583 6.539139
148 -5.474561 0.702349 -66.368532 0.065145 243.688586 0.126203 -82.838061 1.513083 241.236541 0.532396 28.358364 5.530130
148 -5.510397 0.207530 -73.016388 0.033075 238.071103 0.717545 22.707896 0.557566 198.703700 0.655565 29.758236 5.601802
148 -6.431718 0.578531 -15.405608 0.046087 203.855558 0.369379 19.474984 5.680104 237.928866 0.861770 11.553567 7.444443
148 -5.758768 0.351467 -5.172730 0.009092 203.973363 0.794351 -76.591385 4.686564 22.900342 1.012474 20.347112 6.098543
148 -4.698074 0.676958 -66.469386 0.005022 225.206270 0.400324 62.752492 1.195228 276.134246 0.430622 31.911486 3.977156
148 -6.247445 0.043870 -52.320211 0.192308 240.540650 0.229337 30.336023 2.647263 274.705099 0.573160 30.744442 7.075898
148 -6.145378 0.475636 -55.348828 0.353487 287.077744 0.143427 -49.015927 5.706180 323.997358 0.256252 20.238143 6.871764
148 -4.868925 0.472712 -50.073363 0.015945 189.381438 0.533741 -20.872725 4.630716 398.734275 0.621209 15.197310 4.318857
148 -6.919845 0.030908 -71.354200 0.016943 187.421918 0.530212 -47.243906 1.600116 308.018992 0.535887 27.585912 8.420697
149 -4.552588 0.569385 -49.562782 0.099260 238.108829 0.608252 -85.599497 2.094757 202.706660 0.495729 14.276718 3.686183
149 -5.897186 0.700886 -70.817626 0.139111 274.182592 0.046820 75.889189 2.156563 242.029498 0.380349 35.471516 6.375380
149 -4.937585 0.199477 -67.804137 0.039472 224.358377 0.753437 21.752089 0.846528 206.817788 0.740569 28.676773 4.456177
149 -5.682106 0.591258 -28.700946 0.011566 199.997642 0.318906 20.365194 4.335918 277.587537 0.787991 15.550999 5.945220
149 -6.128409 0.310023 -9.855491 0.007037 199.579253 0.763522 63.574410 4.349709 22.752816 0.988583 20.077931 6.837826
149 -4.619939 0.653315 -62.744525 0.006283 217.810240 0.496587 -89.572893 1.614323 260.934044 0.503228 30.744693 3.820886
149 -7.258135 0.043605 -54.940712 0.240165 248.625870 0.132156 9.366036 2.658030 281.650266 0.528340 31.126987 9.097277
149 -6.165177 0.462410 -55.888612 0.393420 280.189908 0.098846 -25.167989 6.373708 378.112610 0.248817 19.576815 6.911362
149 -4.597080 0.238402 -42.517944 0.007562 158.781962 0.435740 -30.118177 6.032076 454.577245 0.655093 10.318381 3.775167
149 -5.977303 0.037771 -74.775126 0.032090 196.221745 0.369811 82.915210 1.528347 305.596623 0.531246 33.161885 6.535614
150 -6.202902 0.665835 -44.371309 0.056392 249.472981 0.646899 -80.463767 1.619145 147.041399 0.526370 23.257332 6.986812
150 -5.591988 0.711151 -64.349253 0.180764 278.516294 0.692266 55.817907 3.907750 303.791723 0.295499 31.448789 5.764984
150 -5.808813 0.329813 -78.126028 0.025964 237.136145 0.711407 62.452182 0.247824 183.254138 0.661917 33.076622 6.198633
150 -6.247704 0.530983 -30.740347 0.016065 222.693984 0.418814 11.526684 2.990208 141.005691 0.859634 22.956392 7.076416
150 -5.592085 0.318200 -9.847929 0.020228 214.296514 0.783823 57.777102 4.411163 11.029969 0.964910 20.274670 5.765177
150 -4.509965 0.779248 -63.891511 0.031603 232.034036 0.560971 66.281913 1.276972 250.588329 0.456131 32.572786 3.600938
150 -5.086378 0.069250 -47.276521 0.017588 223.252249 0.332756 15.403596 2.084596 166.219347 0.784594 25.775219 4.753764
150 -6.891457 0.478221 -54.384385 0.386221 289.350600 0.126906 -32.101587 5.888840 348.167822 0.237404 21.346325 8.363922
150 -7.240445 0.330449 -35.761360 0.007434 151.621477 0.444929 -28.481638 6.281174 438.666262 0.664451 4.971835 9.061897
150 -4.494028 0.042424 -78.295663 0.100212 188.826048 0.424088 80.650077 1.519155 320.271640 0.461968 31.967315 3.569064
151 -5.216576 0.606543 -53.978509 0.075506 250.785856 0.792641 -76.545751 1.412165 159.034300 0.482675 24.182859 5.014159
151 -5.794687 0.698777 -61.872111 0.181664 278.516888 0.715473 51.078347 3.914490 306.106883 0.311950 28.442404 6.170381
151 -4.550271 0.277596 -72.823677 0.011605 214.356942 0.658243 47.606705 0.858436 217.573616 0.664999 26.956285 3.681549
151 -5.773910 0.412408 -34.209908 0.023306 215.654958 0.373295 31.847502 2.910706 166.251847 0.902102 20.586620 6.128828
151 -5.782305 0.279785 -10.980892 0.024265 212.076188 0.777583 54.809929 4.438228 24.913856 0.928343 19.800526 6.145618
151 -4.612299 0.730014 -62.833520 0.022894 232.240954 0.551960 67.037826 1.739626 257.078142 0.462054 29.054716 3.805606
151 -5.209526 0.076521 -45.083252 0.002456 219.698971 0.335900 26.232937 2.268444 158.758355 0.797233 26.272690 5.000059
151 -6.601865 0.522663 -46.644255 0.289263 266.170035 0.114051 -65.550266 6.532224 412.942041 0.264035 23.228417 7.784737
151 -5.282162 0.339673 -40.683834 0.006010 151.027549 0.491274 -64.317092 5.607650 434.566187 0.580736 5.474385 5.145331
151 -5.139608 0.062825 -79.457292 0.080360 191.598475 0.448152 84.677420 1.479228 323.692170 0.444433 33.380086 4.860223
152 -5.493302 0.616741 -50.286510 0.063450 250.985006 0.799933 -71.255292 2.292176 140.245908 0.573617 20.697735 5.567612
152 -5.637499 0.755426 -58.246459 0.192005 284.481318 0.716878 52.327248 3.880005 279.813911 0.330833 29.688634 5.856006
152 -5.502163 0.320543 -75.594240 0.027219 236.071890 0.673341 56.146532 0.714264 198.515544 0.625190 29.579964 5.585334
152 -5.365822 0.237209 -25.179139 0.006741 194.175348 0.144288 24.183390 3.217542 187.328850 0.950727 22.384778 5.312651
152 -5.875720 0.285913 -8.919132 0.030938 210.335451 0.767873 47.232833 4.654095 25.213587 0.936489 18.736247 6.332447
152 -4.802618 0.757082 -64.364086 0.021711 235.163649 0.573387 55.649911 1.469391 255.287758 0.444394 30.510120 4.186244
152 -4.434647 0.063145 -52.985573 0.003370 204.454471 0.320275 18.522808 2.123432 233.370344 0.728741 24.269487 3.450301
152 -6.502453 0.522552 -47.779937 0.261176 267.851510 0.169968 -83.535849 6.266061 396.742155 0.228026 22.714269 7.585913
152 -4.568229 0.449835 -40.254234 0.009740 156.356798 0.421164 -47.419191 6.071291 469.681040 0.506058 10.242353 3.717466
152 -5.678816 0.696754 -66.676379 0.054208 214.439760 0.359534 -74.887160 1.929428 373.438184 0.092030 35.817567 5.938639
153 -6.786899 0.635364 -41.693237 0.120983 272.601056 0.791503 -66.849181 1.935301 163.265206 0.645700 20.507984 8.154805
153 -6.487073 0.770296 -56.988309 0.164250 293.192227 0.691195 48.216510 3.836559 271.424447 0.328958 31.066448 7.555153
153 -5.438086 0.374438 -78.815613 0.020893 237.652789 0.764149 70.401631 0.517064 202.800483 0.593785 31.276353 5.457179
153 -6.164589 0.232215 -27.490271 0.007984 206.244145 0.167432 53.025348 2.537953 137.749891 0.998021 23.989777 6.910186
153 -5.884500 0.302061 -18.487443 0.028362 213.706592 0.742822 40.630189 4.912034 40.359559 0.903791 17.543915 6.350008
153 -3.927153 0.084966 -57.731263 0.007797 164.633203 0.674717 -24.573457 4.780164 443.693856 0.613474 12.232784 2.435314
153 -4.760717 0.035202 -50.420533 0.036797 212.873686 0.293760 33.342239 2.085058 186.687535 0.789344 26.005256 4.102441
153 -6.656686 0.549361 -49.214018 0.285405 274.839195 0.231857 -74.148291 6.046791 384.655465 0.215469 23.530767 7.894380
153 -4.435198 0.410258 -35.052831 0.002087 155.022402 0.392187 -47.480573 5.818116 465.098507 0.551279 10.198787 3.451404
153 -5.798948 0.709262 -65.601995 0.052938 212.314725 0.364610 -67.174452 1.739086 365.001561 0.115568 36.981942 6.178904
154 -7.784099 0.789579 -55.852800 0.160019 295.945682 0.752624 -58.548998 1.774703 245.129470 0.415375 20.956401 10.149206
154 -6.411644 0.718512 -56.721520 0.233755 293.974900 0.720011 54.005871 4.085832 264.184127 0.367029 32.374237 7.404295
154 -6.277554 0.362670 -74.622747 0.006877 250.377789 0.793149 80.041128 0.361182 149.220104 0.667812 33.291849 7.136116
154 -7.424983 0.277044 -31.484389 0.004055 218.416700 0.188073 53.135615 1.382596 90.263578 1.015513 26.677909 9.430973
154 -5.748883 0.265341 -10.640237 0.005990 208.589192 0.739221 33.034925 4.707234 40.227668 0.951351 20.281943 6.078774
154 -3.618574 0.150030 -59.127843 0.006790 170.623003 0.713357 -20.380716 4.826514 455.745484 0.578016 11.213153 1.818155
154 -4.580715 0.105342 -52.227178 0.046263 216.532061 0.518499 -11.614258 2.476970 218.662575 0.703166 21.436973 3.742437
154 -7.137933 0.537616 -48.532734 0.287531 276.448465 0.203754 -63.350622 6.111665 384.712810 0.240723 23.566274 8.856873
154 -5.750629 0.459014 -33.796958 0.022458 156.644312 0.375685 -60.928885 5.771544 469.684472 0.549135 7.524911 6.082265
154 -3.953904 0.789498 -62.122735 0.153930 219.862257 0.378720 -82.650301 1.848810 353.289118 0.109705 40.112066 2.488815
155 -8.346961 0.771049 -57.287880 0.150115 301.182304 0.682974 -42.308090 1.088533 203.503872 0.476072 22.807984 11.274929
155 -6.313974 0.725035 -54.938876 0.226541 287.184152 0.699520 49.850532 4.360742 283.894289 0.365920 30.727324 7.208956
155 -8.532485 0.336004 -73.241018 0.105830 262.465761 0.749662 87.906841 1.211454 138.901746 0.716609 37.865944 11.645977
155 -6.561598 0.260753 -33.012704 0.001695 207.267556 0.152363 44.183902 1.695937 149.092439 0.975270 25.736383 7.704204
155 -7.626392 0.344997 -27.551677 0.042258 243.607323 0.060482 41.090715 4.746183 52.967083 0.879538 29.470109 9.833792
155 -3.722939 0.141780 -59.179141 0.007415 161.276242 0.683472 -21.298616 4.977078 470.081440 0.598884 10.035073 2.026885
155 -4.535338 0.141920 -55.723152 0.092945 230.740815 0.520284 -24.938456 3.022530 246.954862 0.592966 21.669447 3.651683
155 -8.148229 0.445239 -53.187928 0.269854 278.399980 0.248990 -59.256195 5.742785 368.584107 0.262269 22.777603 10.877465
155 -4.788425 0.525999 -31.226774 0.014426 161.849984 0.318074 -60.620150 5.321070 426.014682 0.527486 11.581032 4.157858
155 -3.977770 0.782748 -64.499996 0.097844 218.960048 0.407136 -78.237142 1.732741 349.509494 0.111578 39.664980 2.536548
156 -7.856285 0.763129 -55.386597 0.164534 307.038484 0.665558 -50.860668 1.230320 187.596763 0.452855 22.092637 10.293578
156 -5.937964 0.744272 -58.213289 0.220151 285.625501 0.773367 48.654091 3.994753 298.072538 0.368199 32.093651 6.456935
156 -8.401002 0.317908 -80.272574 0.134371 265.584551 0.769414 44.290958 0.935699 216.854359 0.581163 34.447739 11.383012
156 -6.848053 0.342999 -30.885160 0.012451 212.344009 0.145527 48.573246 1.806636 146.781052 0.955295 26.853983 8.277113
156 -7.551903 0.260837 -30.071397 0.040426 243.122796 0.145862 41.987730 4.628602 47.563568 0.904328 28.902453 9.684814
156 -6.434532 0.185386 -57.567552 0.007421 161.244173 0.671763 -28.631046 4.934964 476.326745 0.580089 10.333753 7.450073
156 -5.297718 0.192647 -61.304132 0.050389 228.205971 0.547001 -38.532504 2.766415 283.635853 0.509672 24.088517 5.176444
156 -5.517865 0.347793 -38.427121 0.219720 259.822771 0.008811 -69.573174 6.013406 332.613020 0.408581 19.363644 5.616738
156 -4.786808 0.575506 -23.792045 0.002169 171.863118 0.213905 -54.277812 4.872863 402.540017 0.580313 18.012361 4.154624
156 -4.499830 0.751218 -60.620739 0.166619 222.663724 0.426693 -81.409103 1.439309 347.573048 0.084992 43.552237 3.580668
157 -5.156702 0.746528 88.696663 0.033078 271.387917 0.587097 1.662986 3.364622 167.576554 0.593812 28.991004 4.894412
157 -5.947462 0.735096 -58.219916 0.223890 287.343046 0.776451 50.671791 4.028558 297.013777 0.370643 32.021860 6.475931
157 -7.665405 0.289783 -61.587367 0.185148 261.176845 0.772109 21.891169 2.210283 297.683237 0.539443 29.701895 9.911818
157 -6.344642 0.415759 -16.774631 0.025747 219.247162 0.151679 34.661071 2.070110 170.074244 0.891200 25.453955 7.270292
157 -6.753162 0.257203 -43.803344 0.061149 245.272986 0.352316 34.431183 4.594954 101.529826 0.790641 30.436966 8.087331
157 -3.919519 0.160031 -49.473375 0.005656 163.032109 0.654860 -16.917261 4.859025 437.063821 0.647903 13.818388 2.420046
157 -4.681118 0.326378 -60.060788 0.004248 209.692567 0.459162 -67.840689 2.611444 305.546098 0.431983 28.584342 3.943243
157 -5.559131 0.343638 -39.068801 0.219310 260.549784 0.017624 -69.436996 6.025820 330.242470 0.406468 19.543976 5.699270
157 -5.073560 0.726801 -29.764874 0.007594 185.425045 0.177735 85.181529 3.733043 346.558829 0.574565 14.528069 4.728128
157 -8.967845 0.748030 -54.210013 0.128747 207.910798 0.569433 -73.597893 1.141630 373.049700 0.111665 42.449848 12.516697
158 -5.044069 0.675920 -82.469424 0.015210 248.967354 0.592926 -6.944289 3.523843 161.024982 0.721200 27.776351 4.669146
158 -6.371378 0.740753 -63.852766 0.280999 299.341710 0.786305 39.552874 3.937521 304.967142 0.317511 33.499365 7.323764
158 -7.352218 0.277181 -73.108714 0.262099 256.409028 0.710812 16.514619 2.408344 319.468778 0.496321 29.003138 9.285443
158 -6.902402 0.448953 -23.648561 0.011462 212.282929 0.172212 57.329985 2.368006 152.527571 0.982411 23.641581 8.385811
158 -5.636950 0.534061 -4.741207 0.015682 193.836861 0.781834 43.904669 5.964192 253.723864 0.990547 20.591134 5.854908
158 -4.513642 0.200725 -39.481686 0.005492 160.748823 0.592918 -16.101533 5.200605 448.771359 0.641305 10.197465 3.608292
158 -4.568214 0.331724 -57.154424 0.058159 212.117903 0.531739 -68.953905 2.805819 327.261058 0.365124 27.468342 3.717435
158 -5.621839 0.355965 -40.518956 0.284040 268.140715 0.004186 -62.491149 6.080651 314.890411 0.405939 20.871497 5.824686
158 -4.416212 0.632594 -21.117919 0.009583 184.205193 0.221463 80.882437 3.707961 385.225861 0.509731 19.101702 3.413433
158 -6.519292 0.739871 -54.740263 0.121425 218.043285 0.579295 -81.585496 0.786835 342.187030 0.104090 45.860271 7.619592
159 -5.348062 0.780353 -79.764499 0.012591 242.175049 0.776827 21.049517 4.060050 165.131085 0.771388 28.523804 5.277131
159 -8.522232 0.668170 -56.971476 0.348593 301.044839 0.740161 50.291083 3.930595 319.671404 0.351842 37.205358 11.625472
159 -6.928452 0.278387 -62.928995 0.309423 256.618546 0.781833 17.878225 2.620048 331.242527 0.513074 28.740209 8.437912
159 -8.115316 0.462874 -15.582020 0.024258 222.806405 0.215924 60.908637 2.165855 150.857370 0.961290 27.517981 10.811639
159 -5.530125 0.579723 0.156447 0.021401 203.546643 0.694536 43.674197 6.429133 237.060218 0.965860 20.674167 5.641258
159 -4.066245 0.212533 -46.995686 0.012561 165.432430 0.574472 -27.236707 5.113731 449.828517 0.593262 11.218491 2.713498
159 -4.508375 0.299181 -62.740385 0.031250 214.052000 0.469371 -82.947091 2.950874 323.271944 0.367970 26.240384 3.597758
159 -5.872971 0.381802 -51.118651 0.291282 273.904912 0.046740 -68.066492 6.342047 338.152768 0.331332 19.886369 6.326949
159 -6.314889 0.719621 -27.303719 0.013009 182.420919 0.415321 -74.012991 3.035580 357.748322 0.549540 22.793912 7.210785
159 -6.492913 0.723089 -54.212832 0.110197 211.698524 0.584151 -78.508389 1.081361 360.336231 0.076864 48.401894 7.566833
160 -5.319412 0.728685 86.870302 0.017935 265.991366 0.078778 -19.267668 4.433210 215.484701 0.571347 29.650886 5.219832
160 -7.017592 0.669676 -53.291057 0.261294 284.052682 0.750209 50.357348 4.418384 332.225933 0.388290 34.678777 8.616191
160 -8.676442 0.114062 -21.874766 0.004843 225.248796 0.278259 81.906891 1.913362 161.915730 0.848130 36.582074 11.933892
160 -6.921033 0.442010 -24.117147 0.013120 213.491136 0.229201 37.189898 1.284369 175.351480 0.865496 29.455520 8.423074
160 -5.732606 0.592063 -3.629897 0.022486 202.410965 0.672226 36.235727 6.445966 241.571571 0.957522 19.966202 6.046219
160 -4.259070 0.212466 -39.973873 0.006655 171.504711 0.665227 -18.888659 4.905118 449.725897 0.631768 12.124902 3.099148
160 -4.146267 0.312850 -65.083039 0.062121 205.240155 0.509579 -67.584316 2.574399 306.950950 0.418129 28.405069 2.873541
160 -5.661646 0.368158 -53.572887 0.339790 274.905170 0.016657 -67.950872 6.230285 322.643946 0.337098 20.154326 5.904300
160 -5.867018 0.775456 -13.948446 0.041108 214.690214 0.363771 -82.934376 5.209515 364.718321 0.559787 20.994831 6.315043
160 -5.131595 0.699865 -49.695661 0.253551 215.174530 0.598636 -82.051395 1.062945 354.687249 0.070511 51.130099 4.844198
161 -5.582261 0.656633 86.214014 0.030701 263.576287 0.004837 -5.529724 3.783299 177.038016 0.631822 31.367011 5.745529
161 -7.120970 0.621362 -59.561507 0.258156 282.110762 0.784038 50.896487 4.167143 327.928406 0.370413 35.527552 8.822948
161 -6.576541 0.080478 -25.546580 0.052501 226.062060 0.245012 55.874384 2.806476 205.075735 0.760978 33.495785 7.734089
161 -6.443631 0.472903 -23.012506 0.013183 209.894281 0.269933 33.879803 1.777058 193.747402 0.866456 27.393323 7.468270
161 -5.908388 0.543940 -6.976305 0.012334 197.383140 0.673521 30.963152 6.577883 262.971616 0.938126 20.322952 6.397784
161 -4.268259 0.309050 -35.345076 0.024292 179.986127 0.708284 -13.782451 5.353289 466.388164 0.614459 12.583974 3.117526
161 -4.483529 0.284357 -71.402824 0.014140 210.660383 0.491254 -79.323423 2.919514 328.230145 0.380740 28.589970 3.548065
161 -6.041433 0.384175 -55.971137 0.361795 281.799696 0.068367 -65.833034 6.519797 337.677047 0.292297 20.545810 6.663873
161 -5.869116 0.790605 -12.934170 0.032216 211.368723 0.354310 -79.948842 5.164339 354.653692 0.603314 20.203159 6.319239
161 -4.984850 0.709853 -49.731095 0.252836 214.779502 0.598962 -83.229039 1.093584 356.682783 0.072148 50.964417 4.550707
162 -5.747564 0.642229 87.406491 0.007259 261.403410 0.030147 -3.933345 3.829314 181.238877 0.631397 31.415836 6.076137
162 -7.368749 0.614822 -54.815973 0.224853 280.842225 0.770583 54.196947 4.141128 321.640765 0.425599 35.016736 9.318505
162 -6.643420 0.085355 -30.422355 0.020967 220.709263 0.260723 60.984797 2.476949 210.384209 0.761426 33.971791 7.867848
162 -7.188843 0.697300 -19.197508 0.031119 223.709344 0.303290 -1.700373 2.041189 231.076447 0.783871 24.342205 8.958694
162 -6.014536 0.483357 -18.945479 0.005188 183.250968 0.739040 26.778632 6.545745 299.058711 0.990805 17.171495 6.610079
162 -4.485246 0.306430 -31.342277 0.004207 179.131659 0.712598 -7.332313 5.037608 456.838856 0.616524 14.151883 3.551500
162 -4.001409 0.315240 -79.120855 0.078248 215.255066 0.567311 -75.755464 3.400663 344.758205 0.327056 28.311561 2.583826
162 -7.733330 0.398644 -60.417358 0.310739 283.635745 0.092735 -67.966513 6.425237 350.500658 0.275268 27.781010 10.047667
162 -5.009155 0.607863 -28.682153 0.041512 204.334707 0.532020 -85.021639 5.817242 410.916965 0.440111 21.893503 4.599317
162 -4.939470 0.700108 -51.029311 0.217379 213.717604 0.578050 -84.638804 1.267453 360.492336 0.081134 49.790104 4.459947
163 -5.644837 0.684622 -83.910459 0.003436 264.460046 0.795307 5.378710 3.722380 168.792291 0.681579 30.940131 5.870682
163 -6.806728 0.640847 -51.126062 0.225710 278.041585 0.733434 57.517054 4.410579 323.033304 0.409065 34.076319 8.194464
163 -6.722313 0.139890 -34.187020 0.020741 222.541798 0.272619 69.266057 2.760522 147.254818 0.859144 32.192491 8.025634
163 -5.830072 0.623885 -3.822176 0.139547 240.301689 0.009840 -31.148601 2.414921 234.479818 0.687096 24.849038 6.241152
163 -6.005107 0.536588 -15.988723 0.004136 196.087254 0.744988 30.786601 6.240554 264.792422 0.997021 21.117524 6.591221
163 -4.267673 0.271287 -28.574428 0.007460 180.930742 0.632513 -1.213227 4.657878 454.139338 0.601522 15.312592 3.116353
163 -4.223725 0.288633 -79.371564 0.076479 217.321128 0.554821 -74.148727 3.434949 348.188047 0.332751 28.679778 3.028457
163 -6.166981 0.313099 -62.456133 0.240634 259.196707 0.073557 -89.167758 6.421689 382.773569 0.310084 23.299875 6.914969
163 -5.222316 0.608464 -12.343325 0.083772 199.815209 0.488723 -75.491553 5.280488 414.476059 0.485782 21.755780 5.025640
163 -4.995990 0.732914 -46.475472 0.205522 208.931061 0.627945 -82.847185 1.261771 366.315802 0.091377 49.767615 4.572988
164 -7.348680 0.685160 82.095495 0.030960 273.370058 0.148791 21.200226 4.201393 200.355692 0.685764 36.135497 9.278368
164 -5.685543 0.634361 -63.929182 0.155160 265.014519 0.743703 50.026481 4.738987 318.235374 0.463754 33.621508 5.952093
164 -5.201517 0.055300 -66.141537 0.023601 205.536267 0.406509 58.019901 2.794280 213.286286 0.797670 30.273671 4.984041
164 -5.763927 0.645407 -7.252551 0.164387 243.243999 0.010070 -35.060727 2.409973 253.205827 0.612083 23.783868 6.108862
164 -5.952245 0.547529 -11.434189 0.008152 189.622596 0.722608 17.790540 6.429542 292.885966 1.003954 20.194157 6.485497
164 -5.033093 0.288941 -24.427462 0.028888 186.706480 0.611740 1.494606 4.493822 446.092759 0.602998 19.297119 4.647194
164 -5.908203 0.271062 -75.657994 0.052088 221.379197 0.579194 -61.506312 3.173662 350.195674 0.331115 28.568503 6.397413
164 -6.081843 0.340527 -52.387365 0.233682 261.827199 0.015261 -89.957929 6.522465 372.681285 0.337261 22.489149 6.744693
164 -4.043203 0.618824 -15.146994 0.118971 196.039713 0.460867 80.363127 5.144526 432.274632 0.416070 23.227384 2.667414
164 -4.129403 0.735104 -68.211469 0.137065 211.163814 0.663057 -88.805109 1.628674 367.396184 0.188636 56.970738 2.839813
165 -6.074803 0.788391 -87.982603 0.029342 256.039932 0.195551 35.333638 3.100163 196.793181 0.703072 38.709688 6.730614
165 -7.031987 0.696154 -74.477091 0.211986 297.836556 0.664697 53.221108 3.905930 279.126552 0.384531 40.256761 8.644982
165 -5.662325 0.012086 -74.361856 0.021182 213.466081 0.327067 54.653633 2.800613 212.083495 0.782678 32.017846 5.905658
165 -4.815319 0.658039 -1.299281 0.115216 243.278367 0.001161 1.146237 2.757585 249.656733 0.677427 20.691186 4.211645
165 -5.975943 0.553609 -10.728034 0.008099 201.004260 0.723455 7.829080 6.394962 288.529144 0.960150 20.988991 6.532894
165 -7.516573 0.336736 -28.887186 0.036570 185.247757 0.643793 -6.751322 4.683178 460.457819 0.535386 20.947963 9.614154
165 -4.762175 0.321904 -76.366397 0.063855 220.815583 0.642864 -59.397834 3.254199 346.636898 0.314461 27.258563 4.105358
165 -6.434844 0.421139 -50.570202 0.263396 263.855496 0.017418 76.472356 6.512642 396.434519 0.325748 24.573948 7.450695
165 -3.954029 0.636605 -13.781548 0.110496 187.992342 0.526196 84.420783 5.110731 435.503162 0.401195 21.946762 2.489065
165 -4.212596 0.752450 -71.166358 0.117626 217.260383 0.723374 -76.426016 1.944355 380.658962 0.097646 55.026147 3.006200
166 -6.388779 0.753267 -86.796532 0.025969 257.423473 0.167263 45.064837 3.191442 184.770073 0.750034 37.269926 7.358566
166 -6.669166 0.716491 -72.558671 0.213225 298.672113 0.579371 53.897435 4.067139 273.574138 0.378764 39.574680 7.919339
166 -5.724631 0.027435 -69.192213 0.034945 218.121304 0.260931 60.422051 3.306410 212.179300 0.798199 30.715149 6.030270
166 -4.612899 0.619400 4.693597 0.111699 235.621773 0.051443 -2.328888 2.819610 272.451597 0.672971 19.385552 3.806805
166 -5.561049 0.554106 -5.662309 0.026322 202.305761 0.630363 27.080411 6.322136 278.841709 0.920509 19.394392 5.703106
166 -6.330853 0.183570 -59.008542 0.015159 191.502405 0.535325 13.321793 2.981526 377.457207 0.618118 28.017738 7.242713
166 -4.312130 0.336827 -71.833098 0.086446 215.267088 0.619955 -59.247418 3.253147 331.864619 0.370622 26.950867 3.205267
166 -6.620466 0.392873 -53.454829 0.221702 261.650045 0.048554 71.895317 6.507393 397.658295 0.326706 24.796270 7.821940
166 -4.660877 0.497067 -19.518035 0.001525 159.929619 0.296031 -73.033902 4.635774 373.969957 0.646404 19.637978 3.902761
166 -4.778652 0.720763 -63.910954 0.074272 208.729097 0.708611 -65.385249 2.433541 401.998311 0.006198 60.215486 4.138311
167 -7.409677 0.724562 -89.584371 0.078771 272.154797 0.115018 55.022298 2.787576 202.766323 0.675522 39.059456 9.400362
167 -8.123493 0.676738 -51.371353 0.225305 304.560153 0.679069 56.950375 3.796547 248.977870 0.365579 32.715832 10.827993
167 -5.747883 0.055642 -73.068334 0.029705 221.358368 0.287638 54.111209 3.270577 200.889458 0.799609 30.444970 6.076774
167 -4.605615 0.618040 6.232206 0.117070 232.827200 0.053652 -6.601556 2.975789 285.992650 0.654616 18.529018 3.792237
167 -5.593228 0.536929 0.131612 0.004203 195.907982 0.562313 22.077449 6.345296 270.049953 0.947287 19.511954 5.767463
167 -5.414811 0.295456 -60.476552 0.008287 198.700923 0.504153 18.189417 3.844176 384.397057 0.614031 27.290951 5.410630
167 -4.024332 0.320487 -75.971541 0.042767 206.119033 0.781876 -67.888249 3.207319 346.008440 0.382391 26.530151 2.629671
167 -5.969979 0.343026 -49.925643 0.253538 255.344709 0.032533 70.213009 6.452375 399.034086 0.347651 24.549032 6.520966
167 -4.340673 0.474304 -31.076570 0.004503 162.431679 0.308240 -88.244408 4.116806 385.252792 0.573192 21.838119 3.262353
167 -3.948894 0.765449 -59.830336 0.066312 210.921816 0.740213 -79.876713 2.257678 396.432650 0.039065 59.465930 2.478796
168 -8.824179 0.714876 88.655299 0.014352 266.881996 0.180931 51.313199 2.634764 197.199902 0.724571 41.476440 12.229366
168 -6.220480 0.689200 -58.899493 0.259663 294.078311 0.566619 33.313450 4.169998 267.014058 0.351146 28.298800 7.021967
168 -5.746969 0.181166 -54.560660 0.020982 217.626958 0.335421 9.598454 2.168014 151.329595 0.876791 27.850076 6.074946
168 -4.518475 0.592468 5.046016 0.079695 219.457725 0.128703 -12.252502 2.705134 286.654725 0.673951 20.231664 3.617958
168 -6.278011 0.494807 -21.960720 0.005802 182.860350 0.608945 33.142062 6.559810 309.281481 0.895466 17.284633 7.137029
168 -6.257337 0.401791 -44.660231 0.003387 200.171380 0.573077 28.994046 4.069667 349.255598 0.720866 30.002280 7.095682
168 -3.799815 0.258207 -71.960808 0.006685 182.935200 0.787105 -68.462912 3.984987 353.832387 0.429616 25.476154 2.180637
168 -6.828638 0.389725 -61.368244 0.181770 253.456251 0.045634 72.631405 6.475975 419.038963 0.294824 26.391953 8.238283
168 -3.816866 0.543153 -6.639958 0.045989 169.452261 0.215701 -87.594252 4.564245 441.181898 0.422799 17.385282 2.214740
168 -4.316414 0.759728 -54.785919 0.220928 226.563875 0.741065 -78.574800 2.102627 386.853853 0.016375 59.863660 3.213836
169 -6.202832 0.758810 -79.997774 0.038815 260.953393 0.140450 29.259115 2.852838 231.626986 0.641421 33.400149 6.986672
169 -6.127907 0.686138 -47.260444 0.249848 288.065245 0.542685 34.963375 5.083361 283.925303 0.369861 20.838241 6.836822
169 -5.779199 0.143569 -67.564696 0.007648 227.435962 0.209243 10.642539 2.009858 176.630576 0.765233 29.865015 6.139405
169 -5.468367 0.736003 -9.004286 0.062981 222.235521 0.012996 -20.015284 2.617996 255.036582 0.680422 21.337032 5.517742
169 -5.951223 0.577810 -21.481396 0.002235 190.108989 0.485858 41.427446 6.393090 292.460414 0.934887 18.228411 6.483453
169 -7.243830 0.476290 -68.694832 0.075632 244.653549 0.555235 41.280699 3.446602 331.795663 0.544657 34.261773 9.068667
169 -3.349384 0.441141 -79.591950 0.037300 190.503505 0.752195 -79.100464 3.614126 389.574802 0.281094 33.597167 1.279776
169 -5.827979 0.432724 -53.107412 0.172277 246.260105 0.073321 65.038786 6.459094 427.086697 0.305943 23.353719 6.236966
169 -3.679811 0.420839 -16.881172 0.002055 161.274515 0.161224 -82.107867 4.506452 452.545454 0.408131 21.166859 1.940629
169 -3.445521 0.776188 -50.417700 0.267847 221.961049 0.798426 -87.726390 1.863538 364.514524 0.001715 61.010187 1.472049
170 -5.736231 0.757925 -80.055410 0.004765 232.506255 0.227067 -5.074605 2.812461 294.124910 0.536922 35.940731 6.053470
170 -5.694913 0.664555 -48.070701 0.115919 275.444383 0.547215 29.223064 4.472814 247.387997 0.434252 17.351223 5.970834
170 -5.717261 0.233782 -58.300946 0.030613 231.482873 0.142660 -5.948037 1.854023 144.012836 0.733108 29.895633 6.015530
170 -5.346965 0.633206 -13.634564 0.026533 223.409962 0.775480 -2.317782 3.051764 241.204802 0.830380 14.637344 5.274938
170 -5.859292 0.647231 -11.682471 0.014506 200.579662 0.422059 45.550625 6.448480 276.912013 0.939848 16.943204 6.299591
170 -6.556043 0.586185 -73.559132 0.018768 232.090024 0.522161 40.375963 3.292656 322.413618 0.602759 34.427498 7.693093
170 -3.394853 0.406489 -73.764167 0.026729 173.018494 0.617532 -86.261249 3.217217 407.451672 0.293678 36.111061 1.370714
170 -7.549687 0.505085 -64.777758 0.055041 249.826565 0.005522 45.434123 6.435475 429.889478 0.338012 26.968358 9.680381
170 -3.528101 0.450483 -12.473078 0.047064 159.287165 0.205105 -79.610951 4.090459 446.512534 0.387297 21.351077 1.637209
170 -3.512753 0.787193 -47.947534 0.192464 226.472028 0.797303 -86.425837 1.613784 369.680139 0.005157 64.697400 1.606514
171 -5.101806 0.762654 -80.737050 0.023243 249.776714 0.229436 -2.870317 2.638708 244.396857 0.524183 33.402014 4.784620
171 -6.380500 0.744785 -38.013840 0.129286 274.508170 0.575028 44.779666 5.235424 262.658008 0.457407 18.161970 7.342008
171 -5.486863 0.354047 -47.447518 0.049992 228.268087 0.084341 19.737739 1.995774 184.652119 0.740406 25.680674 5.554733
171 -5.882851 0.684663 -47.320811 0.001458 231.874447 0.796401 -17.476034 1.744126 214.397285 0.804785 15.368622 6.346709
171 -5.744404 0.657115 -7.899801 0.009707 196.330681 0.453966 48.530907 6.438689 277.443455 0.933150 18.187268 6.069815
171 -6.005055 0.679515 -56.286545 0.006378 216.270419 0.559546 45.956615 5.271861 405.404909 0.531290 31.808099 6.591118
171 -3.914447 0.313522 -64.764808 0.025269 184.835514 0.575849 -61.743666 3.880072 347.618607 0.431442 18.877224 2.409901
171 -5.978608 0.115858 -63.827145 0.066856 264.262624 0.750148 -13.350753 0.445843 77.597020 0.685667 27.826491 6.538223
171 -3.331860 0.467865 -9.422499 0.062239 154.840176 0.201149 -83.353813 4.525910 472.345331 0.359654 18.873195 1.244727
171 -3.893088 0.793483 -47.272841 0.283483 225.373381 0.780360 -83.360607 1.662712 367.650730 0.015993 68.084292 2.367183
172 -5.473111 0.798022 -66.811441 0.057988 239.098377 0.004413 -11.348209 4.258442 343.138003 0.337388 27.199982 5.527229
172 -6.674483 0.607630 -42.640679 0.185035 293.622330 0.395324 69.350942 4.966925 257.892473 0.322804 15.505080 7.929974
172 -6.727300 0.605419 -46.176042 0.107769 263.614765 0.686646 74.781120 3.961561 220.095561 0.517390 30.917809 8.035608
172 -4.653531 0.485003 -40.628918 0.041284 199.626190 0.721224 -72.030687 1.704203 267.020088 0.617616 9.447137 3.888070
172 -5.520895 0.677987 -1.189444 0.003329 200.717096 0.437382 45.417997 6.490967 292.434040 0.920004 20.662551 5.622797
172 -5.274619 0.685909 -61.106207 0.070665 244.021734 0.664481 41.281576 4.602334 353.035794 0.444601 25.716361 5.130245
172 -4.420807 0.290557 -51.508954 0.011516 171.267879 0.765387 -78.010295 3.418494 311.777319 0.588879 10.417540 3.422622
172 -6.395287 0.245926 -55.655512 0.099798 265.979205 0.060903 -1.619902 1.700623 170.222708 0.541101 29.630160 7.371582
172 -3.414032 0.465270 -12.698801 0.055532 156.759841 0.161725 -84.681511 4.373210 461.513180 0.367933 18.800741 1.409071
172 -4.096422 0.781195 -42.769173 0.626928 233.464386 0.797462 -88.774267 1.522251 389.324979 0.025556 75.810270 2.773851
173 -5.020642 0.798206 -85.479472 0.043110 244.933259 0.121636 -19.433882 3.577016 381.321515 0.279190 32.178918 4.622292
173 -6.044770 0.539245 -52.700097 0.117902 280.292725 0.239775 -86.682476 4.937770 239.817091 0.355412 22.149857 6.670547
173 -6.723436 0.583035 -38.624567 0.032707 240.390412 0.531997 -88.433770 4.900372 275.048983 0.500065 28.494597 8.027879
173 -4.446461 0.541626 -51.215814 0.041531 226.438339 0.726911 -43.557777 1.847372 227.239485 0.612396 10.381887 3.473929
173 -5.474396 0.695521 -4.038532 0.015519 211.670688 0.240900 42.850998 6.510885 290.569260 0.853971 18.238130 5.529799
173 -5.497163 0.765182 -62.674340 0.116963 250.574681 0.503252 53.556619 5.387038 378.367745 0.414213 32.355816 5.575334
173 -5.156442 0.314314 -51.464741 0.004909 156.979371 0.074077 -44.594053 3.509597 354.243732 0.608293 10.994471 4.893892
173 -5.476675 0.263343 -58.879973 0.196635 262.354810 0.124626 4.973658 1.560560 180.086183 0.523370 28.207656 5.534358
173 -4.461807 0.701892 -12.253217 0.055767 221.867500 0.780984 -80.890647 2.624544 332.641484 0.381292 17.034222 3.504622
173 -3.806399 0.706543 -43.349930 0.700610 237.472417 0.777178 -89.598454 1.329102 378.857168 0.060089 74.656035 2.193806
174 -5.635874 0.790968 -84.806907 0.043749 251.992495 0.125829 -13.545455 3.555329 375.306230 0.290714 33.744338 5.852756
174 -5.722621 0.534947 -58.555858 0.121955 275.496607 0.160923 84.425870 5.465260 266.947915 0.358189 22.013235 6.026250
174 -5.938264 0.533267 -36.223214 0.023514 226.114327 0.567732 77.264969 3.738611 269.758455 0.559519 29.138252 6.457536
174 -4.625387 0.554175 -53.615016 0.062147 226.550933 0.795234 -27.184924 1.784806 235.249334 0.665967 10.626725 3.831781
174 -6.761657 0.594761 -34.776819 0.009469 187.794936 0.068790 46.922820 5.873756 291.170735 0.768291 13.686030 8.104322
174 -6.027828 0.761172 -70.871071 0.102784 264.213676 0.471803 74.539174 6.207086 347.834969 0.454032 38.513163 6.636664
174 -5.233268 0.310638 -49.397098 0.016082 155.262041 0.100740 -52.424756 3.328361 356.231541 0.596427 9.119159 5.047543
174 -6.586276 0.271792 -51.113292 0.193966 268.914156 0.146196 -8.295713 1.208612 186.860271 0.489565 30.284132 7.753559
174 -4.734439 0.677252 -14.827971 0.005971 216.042664 0.725067 -71.165235 2.899854 326.631210 0.416026 15.840745 4.049886
174 -5.243124 0.701759 -45.912562 0.519308 237.405987 0.790074 -84.427518 1.176906 377.931851 0.010224 76.443166 5.067256
175 -7.065719 0.767977 -81.079135 0.118418 257.311829 0.176205 -28.688355 3.505735 391.162361 0.175480 34.944520 8.712446
175 -6.665932 0.521136 -60.289594 0.037209 259.282796 0.133232 79.097722 5.414253 286.509031 0.378088 17.196503 7.912871
175 -5.675818 0.487811 -24.880324 0.007421 184.113601 0.651164 77.320765 3.874235 234.485234 0.807847 18.424823 5.932643
175 -4.711411 0.553720 -53.308361 0.052798 225.436451 0.790390 -23.850715 1.816147 235.133540 0.690165 11.834695 4.003830
175 -8.122747 0.624669 -29.792461 0.011548 187.707055 0.248614 -11.876375 4.153177 272.166269 0.796447 1.932710 10.826501
175 -6.110871 0.737729 -71.229142 0.014963 255.241367 0.445173 88.603211 5.993038 271.164338 0.511065 34.989014 6.802750
175 -7.131805 0.282358 -50.124458 0.002437 141.898894 0.153015 -60.879170 3.094882 347.969536 0.605303 2.755708 8.844617
175 -5.721517 0.246639 -51.458578 0.071721 256.849878 0.139294 -8.454416 1.546146 175.268906 0.569557 27.149580 6.024042
175 -4.398183 0.697258 -18.980693 0.165622 235.603058 0.701401 -77.291966 3.094068 343.189689 0.292336 16.051224 3.377373
175 -3.717025 0.685363 -35.833835 0.519379 212.260929 0.733761 -88.525757 1.293184 384.090187 0.061161 63.780522 2.015058
176 -6.857443 0.756643 -73.971515 0.266852 253.896787 0.209045 -44.538351 3.071079 385.122352 0.143786 42.245433 8.295893
176 -5.646483 0.458967 -55.247346 0.079822 258.072152 0.196021 -89.717751 5.036831 308.000632 0.364867 21.435491 5.873974
176 -5.348632 0.220948 -47.986235 0.010278 230.021740 0.502717 75.391053 0.287421 121.202252 0.769709 28.984036 5.278271
176 -4.894096 0.551073 -55.240184 0.021163 223.279922 0.799833 -26.415562 1.803708 241.614599 0.674628 19.463654 4.369199
176 -5.560995 0.756455 -36.790923 0.101417 235.010206 0.112246 37.065040 4.325215 323.416830 0.510438 12.851368 5.702997
176 -5.822724 0.760419 -73.169723 0.036548 260.193486 0.435982 -80.884053 6.113306 294.756490 0.449238 35.192178 6.226456
176 -6.377171 0.302417 -51.100283 0.006329 140.169023 0.182641 -59.395794 3.092262 355.941342 0.592206 3.926033 7.335349
176 -5.735709 0.267834 -50.174096 0.110639 258.218253 0.117149 -26.646345 1.441040 192.834674 0.518851 27.386539 6.052426
176 -4.810933 0.610449 -17.613195 0.430728 254.599214 0.111684 -88.475997 2.447152 324.593469 0.357882 15.182407 4.202874
176 -3.608873 0.707088 -38.651258 0.507066 226.543991 0.753290 -86.963012 1.778865 387.641609 0.048442 66.611956 1.798753
177 -5.656138 0.765157 -77.613332 0.247568 230.868936 0.141686 -44.354187 3.436282 425.942677 0.136963 39.735315 5.893283
177 -6.050834 0.560609 -45.081503 0.068524 266.277093 0.179853 -42.004181 6.399486 330.848757 0.367727 14.937895 6.682675
177 -5.683344 0.207161 -44.022304 0.041840 245.834903 0.484010 86.457125 0.628141 96.176293 0.726240 27.566126 5.947695
177 -4.901464 0.651178 -59.386003 0.015795 219.134379 0.785417 -58.762113 2.607282 249.910539 0.633038 22.190568 4.383936
177 -5.972303 0.684824 -31.113258 0.030207 233.863087 0.122432 45.474854 5.137122 328.289501 0.564269 16.428381 6.525614
177 -6.858488 0.754488 -71.131266 0.097514 270.609369 0.410386 -83.506831 5.620342 294.107120 0.366301 41.947131 8.297984
177 -6.422777 0.277418 -50.936171 0.002322 140.412265 0.173955 -65.413555 2.995545 345.352131 0.598956 4.794348 7.426562
177 -5.055573 0.212148 -48.630877 0.102629 243.770081 0.104029 -10.913879 0.681766 193.216508 0.564304 26.877780 4.692153
177 -5.170613 0.663607 -20.119526 0.543191 253.320791 0.085152 88.553868 2.406558 352.182591 0.300231 8.492148 4.922234
177 -4.846424 0.671879 -36.870915 0.396131 219.545802 0.755352 -83.460435 1.671548 397.548079 0.041048 64.429320 4.273855
178 -4.857308 0.683389 -80.003419 0.115432 241.039524 0.098968 -3.691154 3.260574 353.449441 0.308180 30.936992 4.295624
178 -6.081032 0.435244 -43.260301 0.069501 262.912791 0.204202 -24.592587 5.155097 289.001566 0.412817 15.359674 6.743071
178 -8.531781 0.263504 -51.033508 0.084632 265.976806 0.671868 77.821081 0.523886 60.830468 0.728434 35.633290 11.644570
178 -4.885818 0.672861 -67.238796 0.019664 230.246205 0.017807 -64.784040 3.192660 261.565498 0.557036 24.340237 4.352643
178 -5.860130 0.731844 -33.960051 0.093532 241.565558 0.089426 23.491144 5.876899 368.898498 0.518073 14.733937 6.301267
178 -9.827869 0.743805 -55.031096 0.142564 280.653453 0.413746 -74.783663 5.742336 326.082058 0.294538 45.246783 14.236746
178 -6.032450 0.241238 -50.432516 0.002839 138.485192 0.165712 -63.182600 2.588739 338.063714 0.603697 4.844056 6.645908
178 -5.237359 0.202441 -51.192143 0.040394 234.533434 0.101998 -5.586314 0.632942 196.504797 0.598389 27.011792 5.055726
178 -4.388321 0.677452 -21.629364 0.546125 255.700341 0.095145 -84.078806 2.368376 333.926965 0.334113 10.464701 3.357649
178 -4.913855 0.680609 -41.383957 0.430128 217.264628 0.775749 -85.935609 1.173971 387.500718 0.060556 68.604192 4.408717
179 -5.890976 0.664035 -78.733007 0.174713 246.688331 0.098768 -23.490284 3.169042 363.643985 0.260642 34.160385 6.362959
179 -5.408098 0.398447 -42.257505 0.149271 260.240947 0.218065 -62.885659 4.028557 282.705333 0.370687 15.798998 5.397203
179 -7.970404 0.285297 -46.803345 0.094448 265.412841 0.713822 72.257589 0.240569 54.862651 0.725141 33.840836 10.521817
179 -4.796286 0.702249 -74.407516 0.047701 254.736151 0.727586 -36.189336 2.654904 207.273382 0.566028 25.668834 4.173579
179 -5.924633 0.731051 -41.349705 0.057661 234.592623 0.155201 21.550736 5.470145 348.057524 0.535933 14.155753 6.430273
179 -10.467320 0.747826 -56.053828 0.148590 277.912338 0.470296 -78.856845 5.723548 340.389042 0.254610 50.043768 15.515648
179 -5.786061 0.249482 -50.104939 0.003831 138.189917 0.170570 -62.485281 2.609015 339.188217 0.602020 5.632530 6.153129
179 -5.698368 0.333320 -52.771538 0.005206 245.213180 0.351582 10.480546 3.725260 105.483327 0.688387 22.973356 5.977743
179 -4.148749 0.684436 -20.367490 0.538206 252.903126 0.100838 -86.137665 2.417005 339.398912 0.333968 10.023196 2.878505
179 -5.471824 0.695398 -38.491404 0.491466 226.321761 0.785576 -85.187131 1.425951 396.164087 0.063500 59.358532 5.524656
180 -6.028169 0.681330 -81.243938 0.144836 249.215582 0.060252 -23.889616 3.616505 378.115245 0.248384 34.337710 6.637345
180 -7.201066 0.425737 -43.150831 0.147950 273.617829 0.259021 -61.598977 3.972250 281.491378 0.357555 19.819210 8.983140
180 -7.080778 0.288734 -54.287398 0.014753 254.997496 0.771295 64.387561 0.406523 67.624236 0.741303 31.253936 8.742563
180 -5.170265 0.770496 -76.866809 0.023219 264.817914 0.748474 -38.150917 3.143521 215.250931 0.551199 28.980528 4.921537
180 -5.292357 0.681654 -56.823932 0.101025 246.256132 0.077914 40.615918 6.074203 347.440978 0.464581 17.108208 5.165722
180 -9.406388 0.773959 -57.997419 0.160155 278.973310 0.470402 -84.075697 5.620018 357.329715 0.226497 50.996902 13.393783
180 -5.910429 0.247524 -49.734892 0.002866 138.753025 0.161766 -62.366227 2.675100 338.594005 0.599518 5.865647 6.401865
180 -5.282543 0.334483 -42.648799 0.102785 248.060934 0.214621 40.748837 3.708651 130.022115 0.640773 19.866127 5.146093
180 -4.585222 0.728930 -22.233355 0.559762 259.751208 0.075055 -77.976028 2.620636 351.596781 0.310158 8.335938 3.751452
180 -6.804658 0.740544 -42.917009 0.563645 238.970530 0.774085 -83.439907 1.590150 405.040179 0.023681 54.142822 8.190323
181 -5.334607 0.623830 -84.091179 0.131215 251.869345 0.082240 8.474998 3.405469 327.948624 0.337900 31.323572 5.250221
181 -5.844513 0.372694 -42.526028 0.249261 268.305429 0.342927 -60.362611 3.546404 265.978318 0.388883 23.936680 6.270034
181 -5.516573 0.300448 -61.020553 0.038205 230.459664 0.787496 48.801062 6.193299 81.133375 0.769837 22.802423 5.614154
181 -4.496273 0.739028 -83.153110 0.022529 252.410222 0.715229 -30.741732 2.969052 199.802053 0.589304 26.232215 3.573553
181 -6.005992 0.693160 -58.053595 0.062242 246.859281 0.067715 45.285438 6.548182 353.755310 0.442989 25.237917 6.592992
181 -9.932045 0.773846 -59.453103 0.165829 284.861666 0.469217 -82.085472 5.615744 352.826458 0.242394 51.240366 14.445098
181 -6.689254 0.241217 -49.065143 0.004794 138.311850 0.129985 -62.763472 2.531671 329.410531 0.612786 4.159620 7.959515
181 -5.360483 0.306046 -41.774530 0.093927 242.207823 0.220680 47.349734 3.617708 122.011117 0.669260 18.695562 5.301973
181 -4.982346 0.704319 -20.693914 0.564802 259.332234 0.121494 -85.105589 2.058412 331.581619 0.309629 12.884359 4.545700
181 -5.585097 0.738542 -45.184577 0.507072 256.578409 0.776764 -84.859616 1.582030 363.607274 0.076894 56.451764 5.751202
182 -5.508574 0.688344 -80.646200 0.093784 253.843094 0.133933 13.829542 4.118295 363.480308 0.287242 28.831608 5.598155
182 -6.469305 0.417158 -38.296059 0.275685 274.222092 0.510707 87.982328 3.691284 289.663285 0.332976 28.101278 7.519618
182 -5.446548 0.293618 -75.469551 0.025045 231.155256 0.797997 53.882921 5.221786 38.083641 0.801868 25.680987 5.474103
182 -4.575350 0.753917 -84.067496 0.018369 250.222424 0.721314 -28.529951 3.171777 197.232792 0.600203 26.273708 3.731708
182 -6.245877 0.730794 -64.224017 0.042159 240.945065 0.078735 19.830024 6.122321 412.894454 0.402021 28.753630 7.072761
182 -6.313264 0.794998 -67.617094 0.136509 288.992406 0.618990 -88.870080 4.858225 287.340624 0.289655 44.238850 7.207535
182 -6.935615 0.242143 -48.629350 0.002985 138.162100 0.112317 -63.186905 2.572338 331.059074 0.610357 3.817779 8.452238
182 -5.326525 0.330235 -36.275339 0.138269 253.888672 0.278662 42.790985 3.758923 98.989763 0.662194 20.461339 5.234057
182 -5.417793 0.723601 -20.457784 0.472229 267.707555 0.179718 -88.018744 2.151580 313.226511 0.346858 14.298292 5.416595
182 -6.615989 0.789675 -48.612077 0.509591 258.298745 0.739097 -84.355503 1.669800 382.998822 0.053564 56.445421 7.812985
183 -5.430191 0.582708 -70.138009 0.106389 246.014686 0.067896 37.773925 4.086271 363.472242 0.284999 25.298115 5.441390
183 -5.981412 0.380840 -37.858777 0.169327 267.835956 0.649565 85.917791 3.036730 229.178307 0.460569 27.985971 6.543831
183 -5.599607 0.293332 -74.520460 0.046127 237.953155 0.074334 32.286099 4.847638 11.183392 0.777974 27.895332 5.780222
183 -4.564564 0.792749 -85.989793 0.010115 256.191606 0.718667 -28.321016 3.487691 203.556255 0.591535 27.213058 3.710135
183 -5.545396 0.577213 -53.214177 0.073071 232.673449 0.035243 62.849242 6.146879 347.751484 0.554081 20.559710 5.671800
183 -9.124383 0.749629 -63.467998 0.134852 295.605591 0.657552 -81.860770 4.948260 239.592314 0.342767 45.001284 12.829774
183 -6.547890 0.251894 -47.934757 0.007287 139.105891 0.117053 -67.336037 2.583206 334.961936 0.601329 4.552029 7.676788
183 -5.329687 0.317870 -37.585149 0.133457 255.502501 0.207286 44.151463 3.997273 90.328990 0.661531 21.067322 5.240382
183 -5.829995 0.744231 -17.893066 0.420645 265.224375 0.239347 86.898783 2.096991 310.950935 0.361693 18.013121 6.240997
183 -6.734624 0.781145 -39.757104 0.326900 256.035179 0.754157 -88.244870 1.603839 343.515204 0.131741 51.821591 8.050256
184 -5.230537 0.591220 -74.883409 0.090518 243.095635 0.056806 32.798906 4.190969 359.635268 0.297402 25.800372 5.042081
184 -5.488130 0.354499 -37.231951 0.149721 263.103135 0.689485 77.537868 3.018902 194.012068 0.535741 26.070005 5.557268
184 -6.318669 0.364706 -71.170916 0.020138 242.712007 0.140818 26.828882 5.278069 18.035860 0.804184 31.507810 7.218345
184 -4.602639 0.766130 -87.381944 0.011759 257.411468 0.743001 -41.817316 3.451280 171.435413 0.598798 27.183280 3.786286
184 -5.945738 0.734545 -48.348049 0.103938 235.701788 0.183402 9.893662 6.229930 447.359721 0.376369 18.837288 6.472484
184 -8.363729 0.785729 -63.718301 0.152411 302.241919 0.634509 -75.615941 5.067083 242.409717 0.323513 45.753163 11.308466
184 -7.221327 0.236908 -47.547723 0.001683 135.051000 0.111954 -64.761977 2.624340 328.685764 0.607624 4.917091 9.023662
184 -5.304071 0.297765 -37.610214 0.125591 255.310601 0.221553 45.832128 3.934640 82.036404 0.664637 20.666236 5.189149
184 -5.976797 0.729713 -17.350963 0.419014 261.941965 0.181869 -85.506309 2.224200 320.485648 0.361902 17.157416 6.534601
184 -7.178736 0.700231 -40.771767 0.226449 240.709880 0.708476 -87.472301 1.449885 350.446505 0.178681 45.583614 8.938480
185 -4.685814 0.602474 -73.988395 0.200150 240.094392 0.054169 29.789547 4.248913 356.215996 0.301543 24.841031 3.952636
185 -5.474136 0.325626 -35.457266 0.119480 259.193068 0.638016 84.510909 3.369276 203.782677 0.525760 26.285721 5.529281
185 -5.845235 0.522833 -64.961633 0.036311 247.232665 0.756994 -29.004694 0.587307 87.458993 0.711296 29.576335 6.271477
185 -4.200400 0.740674 -81.125149 0.024320 250.915075 0.731838 -47.756607 2.608938 232.035607 0.533952 24.162344 2.981807
185 -5.682673 0.623257 -51.267623 0.026444 204.296174 0.160974 -2.629714 6.493900 417.587380 0.475757 15.187641 5.946354
185 -7.754017 0.687726 -50.029366 0.107125 291.413134 0.560713 -81.167662 4.327656 178.805693 0.393585 30.376246 10.089042
185 -6.963593 0.263474 -49.732405 0.002679 139.887994 0.136163 -66.631166 2.554859 327.056065 0.608850 3.486653 8.508194
185 -6.708079 0.281153 -41.499216 0.029886 263.626271 0.243960 45.540524 4.082179 71.977849 0.680386 26.091520 7.997166
185 -4.718179 0.655260 -17.474205 0.307568 258.070360 0.207748 -65.195507 2.425085 308.004522 0.382899 11.844790 4.017365
185 -9.343585 0.663634 -38.554915 0.293700 228.221170 0.715798 -79.910642 1.537516 381.976053 0.170478 34.329342 13.268179
186 -6.367259 0.611808 -70.625623 0.185023 292.645199 0.068203 80.577948 4.725195 232.599842 0.330721 33.478604 7.315526
186 -5.375832 0.334007 -38.892673 0.077042 257.459317 0.760568 75.022174 2.554543 152.292045 0.577846 24.147655 5.332672
186 -4.578614 0.518194 -69.160396 0.011620 204.712305 0.545515 -0.449931 1.215432 209.163046 0.687374 20.155285 3.738235
186 -4.138332 0.787859 -79.766064 0.055025 234.319269 0.653576 -50.783467 3.601883 323.887604 0.457420 12.332223 2.857671
186 -4.895471 0.638085 -57.702208 0.095132 209.000301 0.197690 -0.313750 5.832906 448.516087 0.453667 15.161407 4.371949
186 -8.399606 0.717730 -43.548136 0.071528 290.267574 0.579103 -73.229982 5.300509 241.764843 0.463510 24.684656 11.380219
186 -6.419265 0.279618 -49.938516 0.004431 138.109328 0.115424 -72.767481 2.549199 334.907309 0.609862 4.799983 7.419538
186 -6.697806 0.295636 -52.838416 0.066372 273.413884 0.164373 65.901992 3.707848 63.983601 0.644000 28.645813 7.976620
186 -4.360243 0.638506 -15.965580 0.296406 250.539898 0.216858 -60.873630 2.350284 305.379154 0.402109 13.377466 3.301494
186 -8.910862 0.649562 -39.544692 0.285426 228.998053 0.700094 -76.344872 1.729934 375.945868 0.167112 35.342101 12.402731
187 -6.441524 0.556298 -84.149684 0.322658 303.265197 0.161467 -86.477407 4.986934 210.695056 0.364452 36.397132 7.464055
187 -6.772295 0.433418 -32.109630 0.125068 286.220153 0.774024 88.446857 3.796881 176.122241 0.459483 23.562284 8.125597
187 -3.657859 0.398954 -67.012782 0.003418 193.140594 0.592417 -56.518473 0.404778 174.200276 0.734490 18.822106 1.896725
187 -5.547245 0.799380 -77.555579 0.079052 242.719243 0.714935 -70.025178 3.539353 337.528202 0.432200 12.815973 5.675497
187 -5.396426 0.547323 -51.039222 0.007891 192.145562 0.177450 15.047917 5.967864 444.462474 0.461616 20.963010 5.373860
187 -7.059722 0.762074 -37.691934 0.111381 284.685503 0.488631 83.371918 5.096885 263.152631 0.454940 19.352471 8.700451
187 -6.650567 0.366027 -50.614602 0.001371 135.441731 0.268352 -59.736113 1.921126 320.376572 0.576368 -0.372118 7.882141
187 -5.699556 0.202570 -43.620052 0.077993 269.666772 0.285897 38.582659 3.092371 58.288234 0.629804 22.355989 5.980120
187 -4.147690 0.621577 -15.561485 0.315989 254.105093 0.232336 -61.584085 1.856034 271.025601 0.451584 13.938268 2.876387
187 -5.063177 0.621596 -38.413741 0.295573 241.523107 0.703655 -83.348772 1.960847 343.385841 0.150303 34.571595 4.707362
188 -6.244145 0.546757 -78.833020 0.211108 286.464188 0.136210 -59.316385 5.580224 242.433271 0.418385 34.576229 7.069297
188 -6.632398 0.383703 -40.337134 0.076691 274.082547 0.658883 88.947633 5.272071 200.434878 0.514578 26.771487 7.845803
188 -4.720256 0.374982 -74.712357 0.020986 207.491129 0.589044 -65.694813 0.034255 119.734448 0.732495 17.152438 4.021520
188 -5.629893 0.798281 -71.381753 0.035191 254.136458 0.761540 -56.516672 3.941645 327.116149 0.464014 17.995510 5.840793
188 -5.191335 0.442019 -48.566876 0.003708 199.870163 0.125194 31.463525 5.605332 381.538813 0.534171 20.708244 4.963678
188 -5.928494 0.788165 -46.531131 0.115282 275.045347 0.566276 63.487606 4.721456 270.956270 0.452533 16.330620 6.437996
188 -6.005810 0.487706 -50.819769 0.005320 147.846263 0.302863 -56.316863 2.922150 372.322123 0.505294 -0.789833 6.592628
188 -6.764190 0.128526 -55.988673 0.063272 280.474675 0.489376 34.131267 3.425988 37.334394 0.625711 26.128376 8.109387
188 -4.087308 0.660156 -17.870104 0.297252 257.657125 0.237018 -56.189462 2.084251 276.216938 0.441446 11.008978 2.755623
188 -4.229190 0.587843 -45.338167 0.240860 225.504343 0.651618 -88.663187 1.572038 324.948049 0.221047 35.706639 3.039388
189 -6.796471 0.610200 -68.907840 0.269480 298.129289 0.029794 -60.198495 5.786169 280.564504 0.297336 35.175912 8.173950
189 -5.897235 0.539242 -26.177426 0.103817 275.630266 0.586007 -88.255693 5.456670 249.609664 0.449970 16.767478 6.375477
189 -4.414916 0.410144 -75.647418 0.014256 201.482386 0.598589 -71.566724 0.023401 141.127801 0.714102 15.588604 3.410840
189 -4.869992 0.771754 -75.816509 0.007051 254.522524 0.735791 -55.291615 4.433538 303.921116 0.470716 20.483720 4.320991
189 -5.156746 0.458114 -51.980247 0.070893 228.097664 0.197991 40.348929 5.799528 348.609932 0.508331 23.569143 4.894500
189 -6.385233 0.779276 -50.752150 0.103464 287.560778 0.581551 61.754426 4.828406 240.397791 0.471909 20.191463 7.351475
189 -5.104014 0.503376 -50.566812 0.003606 141.482760 0.414563 -63.276950 2.593403 372.487942 0.491927 2.061625 4.789035
189 -7.905805 0.145573 -60.931793 0.072420 289.438318 0.530464 14.471857 3.213911 24.894570 0.619327 27.678838 10.392617
189 -4.385159 0.635385 -16.856108 0.277832 264.688184 0.238117 -60.686739 2.629081 261.742725 0.476367 10.120524 3.351325
189 -4.788435 0.677438 -49.588268 0.167033 216.619724 0.762403 -89.295937 1.610329 360.004896 0.229676 35.832459 4.157878
190 -6.598473 0.638206 -70.225947 0.256404 295.054126 0.028946 -61.615209 6.053051 300.853933 0.289613 35.747275 7.777953
190 -6.325384 0.476403 -24.658242 0.085465 277.618402 0.614210 -78.246103 5.107595 217.808354 0.491462 18.913390 7.231776
190 -3.977413 0.462475 -81.354291 0.009691 203.828315 0.626601 -68.590386 0.174405 155.022306 0.690155 17.218139 2.535834
190 -4.939330 0.770569 -70.291343 0.008370 242.097184 0.082625 -38.381223 3.504579 292.238247 0.506736 20.783945 4.459667
190 -5.207855 0.561961 -50.853638 0.028392 176.698737 0.381021 24.525993 4.186015 415.761808 0.509295 16.963401 4.996717
190 -5.911845 0.625562 -44.255053 0.013605 246.143548 0.623405 71.146849 3.628325 183.227122 0.539815 15.019063 6.404697
190 -5.214009 0.532505 -53.100521 0.006342 153.573469 0.379241 -63.091733 2.989168 385.504093 0.504926 7.248287 5.009026
190 -5.997368 0.150605 -57.542781 0.140066 278.690742 0.580892 -0.407456 2.495505 36.234218 0.607290 25.384737 6.575744
190 -4.717014 0.611438 -19.791440 0.254058 270.439550 0.283235 -65.738585 2.742109 247.209144 0.460357 12.498857 4.015036
190 -3.968478 0.755222 -29.612743 0.300087 247.784121 0.700044 89.752275 1.561973 318.862320 0.225028 20.054604 2.517963
191 -5.280418 0.791793 -64.621436 0.123484 258.231014 0.031764 55.365314 5.353726 385.730827 0.197356 20.059538 5.141843
191 -4.028143 0.709357 -19.470955 0.153795 228.321933 0.769987 -61.480397 0.730893 312.620166 0.333917 -0.727062 2.637293
191 -3.648581 0.447565 -85.752319 0.003312 210.575393 0.551384 -56.464904 0.631410 172.307478 0.712471 24.871048 1.878170
191 -3.703773 0.225560 -35.517457 0.030938 154.867283 0.592233 -66.079709 2.110619 359.761885 0.373230 3.074436 1.988553
191 -4.996164 0.557843 -52.407684 0.037449 194.373526 0.271023 65.964762 5.660265 410.131702 0.479377 21.689031 4.573336
191 -5.420693 0.637092 -50.846545 0.055567 239.422501 0.559680 -88.415601 3.333640 168.489941 0.664352 18.161817 5.422394
191 -4.357848 0.490372 -53.071708 0.024131 198.545850 0.388958 -47.404226 2.831380 302.616886 0.466600 11.287719 3.296704
191 -7.751558 0.216709 -42.473149 0.082869 290.113079 0.655686 43.972981 3.169198 16.455098 0.616063 26.786743 10.084123
191 -4.567773 0.593543 -26.199009 0.176025 258.616217 0.298772 -69.612624 2.908449 259.099686 0.436126 8.392951 3.716553
191 -5.853396 0.745401 -41.476109 0.175064 245.267288 0.723355 -79.710094 1.921756 318.499564 0.247898 26.657106 6.287799
192 -5.398787 0.795387 -65.544216 0.131117 275.667090 0.106837 79.681046 5.405242 333.753013 0.244870 25.869241 5.378582
192 -3.860421 0.662350 -26.595624 0.198529 259.562415 0.740381 -60.287002 0.596915 238.801124 0.392924 7.777541 2.301849
192 -3.602091 0.424827 -82.112708 0.003155 182.594150 0.531378 -82.235722 0.613472 225.701543 0.709405 23.504766 1.785189
192 -3.313115 0.225545 -36.036770 0.009877 150.015652 0.563231 -59.665352 2.395118 368.948619 0.367394 2.823208 1.207238
192 -5.237291 0.556691 -55.232822 0.027445 188.945180 0.314132 32.324553 4.739663 380.144452 0.569597 21.177831 5.055589
192 -5.330692 0.560099 -53.479988 0.042346 230.299743 0.540590 72.016687 3.403816 181.665924 0.688992 18.844616 5.242391
192 -4.505986 0.575606 -51.304259 0.070196 217.638433 0.384953 -58.344090 2.530038 277.282828 0.543310 14.965763 3.592980
192 -8.303922 0.228005 -37.193764 0.210797 299.430603 0.298807 70.326804 5.400816 90.510514 0.565354 29.529328 11.188852
192 -3.950511 0.597646 -20.550123 0.229463 256.059013 0.438789 -72.477285 1.966266 231.933483 0.480448 11.918933 2.482029
192 -3.720985 0.677596 -39.744567 0.176219 243.053587 0.774229 83.632255 1.517627 273.035797 0.321796 19.823498 2.022977
193 -4.815742 0.759907 -70.650454 0.116275 269.830885 0.756589 -63.443904 5.090893 329.984132 0.282257 25.297854 4.212493
193 -3.572856 0.666735 -21.298496 0.351009 271.270936 0.734815 -62.790099 0.419324 241.252961 0.403276 3.971470 1.726719
193 -3.538751 0.411843 -81.649316 0.002654 181.060870 0.533791 -83.736142 0.610431 227.004058 0.705933 23.342748 1.658509
193 -3.695757 0.158974 -39.345184 0.013343 150.590944 0.526508 -65.061255 2.473055 365.172923 0.401646 4.676242 1.972522
193 -5.478547 0.575463 -44.092962 0.027635 193.693310 0.321975 62.882216 5.025429 375.956317 0.506373 15.670294 5.538102
193 -5.432464 0.507279 -50.138368 0.029299 213.650989 0.523743 78.953939 2.169064 174.960230 0.674562 14.408404 5.445936
193 -5.692280 0.491031 -54.372699 0.028055 232.161612 0.345813 -33.293670 4.253204 263.045635 0.618602 24.020356 5.965568
193 -8.455794 0.125023 -41.153624 0.073795 284.297885 0.268544 81.394040 5.512007 64.461461 0.699597 28.279777 11.492596
193 -5.218504 0.630635 -53.008207 0.012286 214.067953 0.678612 -43.849707 1.036358 301.480239 0.442287 8.414979 5.018016
193 -3.616841 0.696949 -37.357938 0.157992 235.518718 0.797846 -88.980150 1.733923 292.040902 0.307274 10.974012 1.814691
194 -6.431182 0.747248 -65.693996 0.048012 274.449858 0.756345 -59.613288 5.583605 302.697246 0.324058 29.909117 7.443371
194 -3.379738 0.685354 -22.998906 0.505243 271.245189 0.757487 -66.985530 0.149278 243.945623 0.399511 2.707499 1.340484
194 -3.397603 0.406605 -81.821165 0.010821 191.505803 0.584157 -81.448773 0.811109 221.463024 0.667891 25.458648 1.376214
194 -3.960046 0.041823 -51.964945 0.001887 140.991299 0.496336 -63.302947 1.859689 319.234563 0.545969 7.341415 2.501099
194 -5.986254 0.591470 -47.218812 0.034285 228.058954 0.344493 -62.604471 4.588629 337.847317 0.505467 21.419733 6.553515
194 -5.877788 0.537809 -49.415998 0.031116 212.430122 0.524239 78.101183 2.232791 149.868860 0.714058 15.279261 6.336583
194 -5.651898 0.577891 -47.800057 0.034670 228.919808 0.226931 -33.334512 5.626438 290.133149 0.661760 18.210012 5.884803
194 -7.103472 0.015289 -41.002957 0.028694 265.062389 0.203434 71.036423 5.726472 74.490481 0.730051 27.334435 8.787952
194 -6.372377 0.448198 -40.656673 0.066702 268.659838 0.571766 73.571684 5.257767 97.244894 0.629587 25.271220 7.325762
194 -5.741916 0.765920 -44.540237 0.020239 219.322972 0.649664 -67.494370 2.002521 319.554172 0.345030 19.658637 6.064840
195 -7.369975 0.770835 -42.926888 0.243656 299.407031 0.135179 -51.129139 5.033887 290.265017 0.293133 15.820250 9.320959
195 -3.035184 0.723184 -23.684503 0.505456 274.697783 0.766797 -81.084463 0.072131 225.315599 0.421994 3.618105 0.651377
195 -4.053717 0.514505 -85.863409 0.027446 225.055257 0.612797 -58.526237 2.096578 205.563331 0.608779 26.373162 2.688441
195 -4.357513 0.012795 -51.585099 0.008402 148.783346 0.475901 -55.983500 2.072992 319.901517 0.542790 5.052955 3.296033
195 -5.204805 0.518782 -79.333516 0.116644 247.411158 0.423994 -29.696541 4.086574 306.316916 0.418661 28.109843 4.990618
195 -5.706264 0.671434 -46.375953 0.077880 253.131117 0.515924 80.692244 3.036759 141.280378 0.672018 14.888019 5.993536
195 -5.908300 0.638180 -50.274575 0.006249 198.408529 0.234845 79.029852 5.622192 385.380442 0.476217 10.395403 6.397607
195 -7.070935 0.767526 -40.225740 0.016998 237.330195 0.213720 -84.177922 5.408140 80.304616 0.786144 14.921605 8.722878
195 -6.220263 0.400538 -47.385088 0.066722 252.829413 0.596517 70.680480 5.059759 91.470102 0.667575 27.380115 7.021534
195 -3.798260 0.703194 -51.542678 0.157827 226.649952 0.665627 -85.591560 1.259981 311.004245 0.158248 29.431429 2.177528
196 -5.565983 0.648638 -40.822115 0.264944 283.229971 0.139601 -71.223191 4.650916 273.393239 0.330122 13.406339 5.712974
196 -3.320761 0.725863 -25.216000 0.544130 276.533734 0.781389 88.973495 0.195501 219.845121 0.430152 3.188452 1.222530
196 -3.713037 0.537773 -80.948106 0.028825 216.023790 0.618945 -58.946629 1.947433 254.135477 0.511016 26.057544 2.007082
196 -3.506660 0.030774 -52.567696 0.002492 155.101902 0.480136 -46.555105 1.690781 308.801780 0.530562 8.108530 1.594328
196 -4.938753 0.570184 -76.134477 0.079617 246.860283 0.376446 -6.683296 4.541271 314.826886 0.435267 23.741339 4.458514
196 -5.820955 0.655922 -42.896273 0.062803 248.161709 0.568796 72.759956 2.581407 104.867298 0.705585 15.172643 6.222917
196 -5.939642 0.617866 -52.400825 0.018694 191.798050 0.171115 76.636846 6.195319 391.930333 0.528640 12.788905 6.460292
196 -6.549716 0.730871 -45.333088 0.004611 230.916462 0.258669 -85.694559 4.853869 33.052120 0.870882 15.409028 7.680440
196 -5.372488 0.368830 -36.947104 0.122768 251.416413 0.544886 58.302155 5.026284 95.051883 0.679561 19.968986 5.325983
196 -5.943085 0.793043 -45.909881 0.074970 237.568336 0.653617 -73.507499 1.906736 338.570451 0.112690 25.497679 6.467179
197 -5.740870 0.713658 -49.363722 0.109812 289.456894 0.216703 -88.071582 3.207105 189.746671 0.342213 13.813680 6.062748
197 -5.207772 0.737370 -22.559046 0.164894 276.883932 0.748747 87.607200 0.052587 215.523026 0.423644 8.146016 4.996551
197 -3.889715 0.538618 -78.983160 0.015249 208.787165 0.619625 -54.083636 1.534190 271.942344 0.486601 25.296935 2.360437
197 -4.011224 0.065610 -45.200747 0.008614 154.266315 0.546113 -76.408332 1.262565 295.175486 0.476763 7.581668 2.603456
197 -5.191578 0.553749 -78.896038 0.097595 245.604856 0.289396 -1.862699 5.225234 360.440364 0.386212 23.945200 4.964164
197 -4.700102 0.733049 -48.923326 0.008008 220.573679 0.619293 85.458998 1.330390 210.424385 0.556782 15.939163 3.981212
197 -5.465540 0.729298 -45.844584 0.003124 182.540373 0.195130 -61.595854 5.348202 399.841594 0.589321 17.928730 5.512088
197 -6.591166 0.730186 -50.365394 0.006184 230.442845 0.349872 88.462805 4.720927 75.254337 0.822244 18.659524 7.763340
197 -5.625872 0.350953 -40.799890 0.068586 247.164448 0.612787 62.174710 4.364489 62.626639 0.705742 21.965087 5.832752
197 -4.462383 0.784036 -47.643661 0.073926 233.293784 0.663782 86.401497 1.457221 335.422830 0.097004 26.704603 3.505774
198 -5.756598 0.712871 -48.179647 0.115627 290.467072 0.221755 86.279033 3.211619 192.771614 0.341536 13.238914 6.094203
198 -4.218842 0.691427 -22.340734 0.218544 270.985362 0.740446 86.325461 0.003497 206.502416 0.442433 8.708571 3.018691
198 -4.473221 0.358308 -79.139861 0.013079 205.894832 0.587150 -81.563311 2.617006 185.529200 0.767294 24.864989 3.527449
198 -3.639043 0.080266 -47.056141 0.006300 157.242551 0.524532 -75.160156 1.509530 305.225798 0.448369 9.355374 1.859094
198 -5.664049 0.520790 -81.460185 0.159018 253.905264 0.303181 6.942637 5.167584 360.062052 0.382189 27.125672 5.909105
198 -4.318166 0.715063 -63.740125 0.054808 232.784743 0.643902 -71.083570 1.679636 255.033267 0.466421 21.928375 3.217339
198 -5.878427 0.659406 -44.523287 0.015463 201.757738 0.138681 -73.429991 5.601315 373.474332 0.651667 13.409601 6.337862
198 -6.745195 0.710548 -42.693194 0.012837 229.214252 0.470648 78.632204 4.208049 34.700678 0.831639 15.056734 8.071397
198 -5.657826 0.411679 -41.037095 0.051390 234.130425 0.451630 38.314345 5.573907 49.708317 0.779465 17.219713 5.896659
198 -4.091704 0.779678 -49.428251 0.091233 232.216451 0.648574 88.258731 1.551628 337.319534 0.090394 27.571911 2.764416
199 -6.114106 0.782202 -58.220475 0.121228 307.911801 0.333815 -83.421637 2.901733 78.503311 0.367226 20.413495 6.809219
199 -3.020162 0.694049 -20.958973 0.434652 250.378636 0.733496 -85.667035 0.187793 234.726518 0.450503 6.950283 0.621332
199 -4.677070 0.293273 -83.309303 0.015539 211.999546 0.669170 -78.923269 2.422852 185.153640 0.721166 28.764680 3.935148
199 -3.898921 0.115061 -48.787181 0.005561 149.522688 0.612470 -76.870868 1.056019 329.463884 0.387006 10.860372 2.378849
199 -6.166509 0.559649 -82.889770 0.168229 259.115074 0.309920 -0.060411 5.365135 365.596115 0.398862 30.954987 6.914026
199 -5.731756 0.728847 -53.999321 0.061023 258.254275 0.605044 -2.281227 1.480858 248.873595 0.525148 16.814620 6.044520
199 -5.659450 0.613925 -46.295288 0.010888 192.395732 0.127887 -60.470403 6.022116 388.727335 0.672632 14.239533 5.899908
199 -7.726278 0.691889 -43.633574 0.003561 244.713788 0.464343 -88.839935 4.235555 74.886088 0.745437 27.137525 10.033563
199 -5.692809 0.455817 -34.915754 0.069847 247.207218 0.452106 73.218266 5.447659 75.789801 0.733345 19.733249 5.966625
199 -4.144588 0.795336 -53.936458 0.230048 249.273467 0.572674 -84.859662 1.935378 329.801289 0.088664 31.752167 2.870184
200 -6.135764 0.691000 -63.055740 0.026041 259.182395 0.207702 -88.885980 4.258675 131.074815 0.491357 12.054797 6.852535
200 -3.702538 0.739773 -16.402208 0.409680 249.312167 0.685993 -78.614218 0.678061 252.874828 0.513832 3.677154 1.986084
200 -5.078750 0.410089 -81.398319 0.032550 229.652225 0.705144 -64.764615 2.359962 152.381179 0.758907 30.018001 4.738507
200 -3.461576 0.111686 -47.500110 0.002181 148.798949 0.617432 -74.626168 1.106009 319.276888 0.400855 8.977364 1.504160
200 -6.055650 0.600259 -86.126677 0.113630 265.059020 0.346438 -5.145520 5.275974 336.305759 0.425189 29.895638 6.692307
200 -3.873334 0.699337 -33.968554 0.057728 222.178830 0.431285 -11.944828 0.802696 254.320768 0.485637 8.456543 2.327676
200 -6.037415 0.691820 -45.398576 0.011109 207.449692 0.128737 -48.616907 6.022479 388.774054 0.642893 16.582849 6.655837
200 -6.633702 0.707276 -61.845431 0.121409 253.778463 0.798341 -60.207720 4.877767 378.457914 0.391168 12.841885 7.848411
200 -8.657229 0.475902 -45.337095 0.011474 289.833808 0.435845 62.221418 0.874783 81.386524 0.535911 19.889060 11.895465
200 -4.696606 0.707489 -59.012641 0.254629 235.950986 0.685121 -84.034512 1.336399 333.382481 0.159099 35.455550 3.974220
201 -5.877042 0.698579 -59.891610 0.099339 260.700589 0.241681 89.365171 3.709289 111.196514 0.548742 10.240780 6.335092
201 -3.057131 0.715089 -13.058379 0.545617 256.966497 0.690366 -68.840202 0.584413 248.109487 0.513234 0.889067 0.695270
201 -4.572911 0.636391 -75.253311 0.031701 234.065332 0.706377 -74.678482 2.101646 199.466020 0.649370 28.075614 3.726829
201 -3.084300 0.091516 -49.976327 0.010997 154.333244 0.584293 -73.506773 1.282129 314.953358 0.401403 11.239354 0.749608
201 -5.240925 0.628703 -83.753669 0.168776 257.904265 0.297279 -12.670621 5.171707 345.971478 0.374181 29.229671 5.062857
201 -3.850221 0.617760 -36.793915 0.020607 189.345362 0.323251 -60.398039 1.095190 261.983956 0.488652 6.763178 2.281450
201 -5.557905 0.461141 -53.412757 0.023722 205.061546 0.219952 -35.107478 5.878842 352.447534 0.682083 22.163177 5.696817
201 -6.593554 0.748707 -57.804024 0.132943 260.567380 0.792514 -61.162360 4.475813 392.726511 0.269737 11.583663 7.768116
201 -8.157272 0.507809 -48.929026 0.080474 266.096016 0.522028 59.888736 1.171258 130.413021 0.678349 32.627845 10.895551
201 -6.814606 0.787798 -56.763636 0.167415 234.518797 0.764964 -69.106202 1.730916 378.914465 0.052195 33.146908 8.210219
202 -7.152307 0.657822 -57.144093 0.132634 243.444588 0.171833 80.721371 4.704006 177.268337 0.549155 2.771718 8.885621
202 -4.093754 0.719160 -16.251540 0.588367 267.729870 0.759254 -75.719029 2.068766 282.729217 0.490281 -1.990146 2.768516
202 -4.131804 0.618917 -72.637550 0.002527 216.313559 0.775832 -81.439285 1.966140 201.226200 0.669950 22.709324 2.844615
202 -2.933083 0.109181 -49.446562 0.043585 171.546169 0.674324 -73.530895 1.587906 333.743075 0.329449 13.901121 0.447173
202 -5.356073 0.634373 -83.767015 0.212090 264.596602 0.303036 -7.374146 5.198818 336.962625 0.384579 30.736786 5.293154
202 -4.127971 0.709296 -45.953774 0.010740 194.245303 0.424195 88.790459 0.756684 240.072502 0.491831 9.987253 2.836949
202 -5.090737 0.485848 -48.971985 0.004068 187.809132 0.330668 -49.583908 5.174004 341.470590 0.671418 20.970860 4.762482
202 -6.402085 0.714886 -55.035183 0.203562 266.360142 0.709496 -50.185961 4.702936 362.293935 0.389712 7.027970 7.385177
202 -4.778101 0.410959 -46.453189 0.053648 236.344777 0.566703 61.922700 0.055304 119.207037 0.660230 22.678304 4.137209
202 -4.218699 0.701089 -68.399170 0.027907 193.635454 0.720593 -76.152975 1.953632 389.383175 0.110801 32.763685 3.018405
203 -7.047673 0.582315 -66.788805 0.039284 222.545955 0.668121 -58.134296 3.768624 122.095858 0.655274 8.916131 8.676354
203 -3.393314 0.690172 -12.279509 0.544414 253.382175 0.785438 -70.906356 1.547016 282.790578 0.487547 -0.808302 1.367636
203 -4.349429 0.484011 -72.297509 0.022794 214.058486 0.004349 75.430659 2.009545 215.940103 0.678002 24.220851 3.279866
203 -3.044402 0.114444 -50.958440 0.006939 173.047687 0.711251 -68.092828 1.272593 323.919596 0.355463 17.241452 0.669811
203 -5.270998 0.656791 -83.817969 0.148969 264.574711 0.251507 2.975876 5.025859 320.296335 0.399605 30.659231 5.123004
203 -4.376598 0.737905 -43.467263 0.041904 213.789462 0.422460 -79.750609 0.538441 207.361745 0.550262 8.000976 3.334204
203 -5.042093 0.479506 -25.405198 0.074658 208.296176 0.295403 -12.954033 5.372586 346.759194 0.630088 15.084524 4.665194
203 -6.406246 0.730111 -50.999308 0.244680 268.577185 0.725910 -48.710442 4.326934 338.932427 0.464848 0.079147 7.393499
203 -4.642838 0.336744 -50.735061 0.045756 234.666467 0.562763 71.465418 0.344978 141.658426 0.660236 25.344911 3.866683
203 -3.489640 0.687881 -68.381045 0.021125 187.645289 0.758276 -76.468954 1.728929 367.861730 0.154294 31.447634 1.560288
204 -6.294313 0.659720 -65.197417 0.028604 227.613726 0.659526 -60.925589 3.462100 83.386911 0.812162 9.879722 7.169633
204 -3.922557 0.672414 -15.613632 0.514224 239.340311 0.793876 -84.521203 1.279379 301.286415 0.420042 4.796937 2.426122
204 -4.577436 0.521561 -59.334309 0.025261 220.803552 0.780181 -86.181171 1.317844 155.598688 0.743958 21.034605 3.735880
204 -3.554819 0.123744 -49.785149 0.034644 169.673792 0.717423 -75.474177 1.438423 344.263114 0.334296 18.121753 1.690645
204 -5.214130 0.703524 -85.732875 0.157659 271.244892 0.309653 8.448961 4.616632 300.755506 0.383370 30.311694 5.009268
204 -4.193612 0.790054 -52.568955 0.073854 241.388352 0.424860 89.694803 0.622141 220.097475 0.411837 14.220682 2.968231
204 -5.577895 0.513996 -35.211121 0.029547 210.721674 0.227502 -3.358874 5.437402 326.117371 0.637302 19.522400 5.736798
204 -6.301321 0.790579 -51.964215 0.230051 282.375088 0.657823 -5.109425 4.169951 293.716160 0.546304 2.818775 7.183650
204 -4.172964 0.268159 -52.679717 0.060263 228.733341 0.566602 83.897062 0.475255 163.089217 0.607265 22.186495 2.926935
204 -3.168815 0.701911 -73.516424 0.010223 177.479271 0.769790 89.961957 2.184546 381.332543 0.182867 40.493769 0.918637
205 -7.382088 0.690043 -56.558547 0.055620 226.367360 0.630946 -51.155337 3.946278 93.421826 0.820224 4.220666 9.345183
205 -3.505535 0.687573 -13.515712 0.491483 249.130242 0.793776 -78.419626 1.304882 273.890930 0.486069 4.626939 1.592078
205 -4.954362 0.631667 -61.370950 0.008589 228.556893 0.768673 -32.209417 0.426410 120.119544 0.787631 20.608832 4.489731
205 -3.159760 0.115663 -41.385058 0.018604 167.715586 0.684554 -72.731889 1.790253 305.474667 0.460085 12.153783 0.900528
205 -6.353308 0.764157 83.298854 0.168672 294.448229 0.388938 -13.945837 6.285982 279.933745 0.504502 36.762952 7.287624
205 -4.603470 0.773014 -56.210504 0.042886 236.421622 0.473406 82.756236 0.368804 204.468753 0.447840 10.053678 3.787947
205 -4.421630 0.273945 -73.989365 0.001608 195.124430 0.432910 -30.266284 4.282919 336.469153 0.629955 22.722890 3.424267
205 -5.453645 0.548457 -57.578341 0.083111 249.064733 0.570370 0.211710 5.293356 288.841614 0.505152 21.163422 5.488298
205 -4.295082 0.273381 -51.313363 0.024554 230.257512 0.571346 87.090839 0.522571 162.682405 0.613240 22.612768 3.171171
205 -3.237909 0.743846 -72.328570 0.034085 188.928176 0.757018 -89.712910 2.221001 369.508321 0.193640 36.579499 1.056826
206 -7.259764 0.755157 -47.622341 0.026220 236.639210 0.738450 -65.165029 4.687198 108.133530 0.778235 3.421995 9.100536
206 -3.472449 0.659709 -11.458029 0.512839 262.324239 0.731640 -61.468238 2.756641 299.590479 0.472510 3.217458 1.525906
206 -4.597119 0.626046 -61.265676 0.004176 207.199093 0.754815 -34.513658 1.508688 212.263857 0.718255 21.229566 3.775246
206 -3.524531 0.218183 -40.216104 0.042667 166.632039 0.703185 -80.862598 1.580706 350.245875 0.310682 14.809790 1.630070
206 -7.240834 0.718708 82.030939 0.264400 301.015061 0.396511 -13.206834 6.424176 274.124582 0.503860 38.915652 9.062675
206 -4.012903 0.797364 -40.765378 0.038533 228.202056 0.496693 79.562047 0.294526 226.337164 0.429005 9.831861 2.606813
206 -5.198318 0.408453 -63.582803 0.007030 180.235932 0.484251 -87.324412 4.358216 329.437493 0.529930 15.804985 4.977644
206 -6.240728 0.614463 -60.668850 0.074393 255.736817 0.546231 -4.873132 5.497210 354.008040 0.437647 23.400120 7.062464
206 -3.881065 0.291007 -55.744454 0.058343 223.097587 0.565602 87.872729 0.165966 162.241014 0.605272 20.501843 2.343138
206 -3.675773 0.765171 -66.538580 0.115195 211.009395 0.777956 86.811396 2.059621 366.155905 0.197841 35.697593 1.932553
207 -6.806472 0.790574 -42.656348 0.004951 260.882677 0.690094 -20.359198 5.022889 150.797380 0.802507 11.901639 8.193951
207 -4.600825 0.593436 -23.721527 0.213964 246.248842 0.048642 -80.752567 3.534789 318.967406 0.421847 14.108292 3.782658
207 -4.908927 0.630999 -55.164729 0.039417 226.097918 0.725787 -40.892561 1.929112 213.502204 0.717291 12.599678 4.398861
207 -2.937103 0.235635 -40.885122 0.035095 168.701669 0.683060 -75.901305 1.783280 332.660580 0.335345 13.498188 0.455213
207 -7.604228 0.665595 86.318234 0.091679 293.509015 0.349616 -4.968318 6.536538 282.698712 0.485631 34.081924 9.789464
207 -4.286860 0.760675 -47.361362 0.002925 218.479926 0.456639 -83.849510 0.235789 206.114791 0.504024 7.120026 3.154727
207 -5.184403 0.580489 -68.829787 0.011107 217.130238 0.427690 -74.288449 4.947452 229.196825 0.696844 16.264888 4.949813
207 -6.052442 0.250288 -69.877887 0.113676 247.946088 0.465328 -23.316541 6.395776 370.307639 0.440518 23.649795 6.685893
207 -4.270598 0.392010 -50.641625 0.061608 229.011243 0.595220 88.807843 0.633123 149.468166 0.642624 20.558780 3.122203
207 -4.860479 0.772128 -42.490981 0.084584 221.982012 0.791315 -85.642366 2.077370 348.069913 0.198851 36.458807 4.301965
208 -6.273549 0.780125 -65.226508 0.016297 255.235564 0.616599 -15.553864 4.801584 173.810958 0.750178 9.651778 7.128105
208 -4.738278 0.676292 -26.448213 0.219144 246.530488 0.120226 -78.681706 2.970340 290.688995 0.471923 13.733631 4.057564
208 -5.568225 0.592990 -52.780223 0.020493 229.989397 0.779279 -5.230250 2.698569 202.291260 0.699786 18.389363 5.717457
208 -3.598562 0.379788 -39.479356 0.038773 175.258009 0.720286 -69.733992 1.291956 324.632377 0.354502 14.435430 1.778132
208 -6.716312 0.640334 -86.875156 0.088470 282.815671 0.268713 -18.604343 6.209047 283.751097 0.459277 34.185512 8.013632
208 -3.594940 0.754009 -40.244382 0.088226 217.876632 0.393792 -82.445143 0.004955 247.521505 0.399922 8.029937 1.770887
208 -5.415226 0.537885 -61.912984 0.038835 221.960748 0.255478 -63.299515 5.883262 246.666458 0.633572 16.625887 5.411460
208 -5.836899 0.186882 -57.065461 0.124930 249.690790 0.586870 -30.637169 5.375133 316.296380 0.487849 23.818809 6.254805
208 -6.192669 0.590058 -43.542472 0.025898 260.361569 0.136295 75.018572 6.543271 98.863775 0.608408 18.308521 6.966346
208 -5.090502 0.694713 -42.579005 0.095600 225.555423 0.770095 -83.772571 2.693135 357.187571 0.194951 38.471693 4.762012
209 -7.004904 0.712136 -59.107909 0.013502 266.614470 0.044731 16.945372 3.573642 141.126348 0.450530 23.039108 8.590816
209 -5.773287 0.620550 -26.409776 0.093942 231.174675 0.102946 -77.309382 3.294268 267.342458 0.522056 19.472679 6.127581
209 -4.138919 0.627297 -25.296282 0.075409 209.786139 0.038138 -46.678078 0.762930 214.076039 0.669801 10.342493 2.858846
209 -3.773051 0.307381 -35.731910 0.041797 180.758770 0.671259 -67.755814 2.712406 347.904521 0.350885 21.928264 2.127109
209 -7.378440 0.657094 -89.800381 0.214748 298.465716 0.289613 -13.709768 6.359645 272.361512 0.459594 38.277326 9.337888
209 -3.392639 0.745316 -44.762916 0.044863 213.073289 0.428618 -77.633065 0.383623 248.848994 0.393921 11.690168 1.366286
209 -6.718371 0.597960 -58.437106 0.010142 200.907531 0.209522 -78.708210 4.688159 219.469852 0.691087 16.689547 8.017749
209 -7.387043 0.154480 -62.537972 0.093646 266.665668 0.496546 -23.429976 6.066543 300.261417 0.521026 22.778047 9.355093
209 -5.449198 0.567417 -50.609315 0.060610 257.758879 0.109502 -55.961202 0.449434 82.664378 0.640554 18.659883 5.479404
209 -4.255394 0.719408 -40.126527 0.133504 222.806680 0.745915 -89.650551 1.992951 340.201267 0.193135 34.319445 3.091796
210 -6.504116 0.746844 -58.402713 0.083075 296.360075 0.650574 49.929157 5.007301 142.934016 0.447341 26.111647 7.589240
210 -6.084418 0.469431 -46.169366 0.068134 245.498529 0.642731 -72.332857 4.246630 235.069512 0.589929 26.024105 6.749843
210 -4.929828 0.628655 -22.993908 0.087588 222.416659 0.682687 -70.679564 0.551424 141.728702 0.834507 8.778950 4.440664
210 -3.596382 0.311146 -44.564790 0.009034 168.534895 0.564456 -58.347082 2.606114 343.757109 0.414817 17.774626 1.773771
210 -7.575602 0.656199 -87.478927 0.229051 306.511603 0.288722 -3.851024 6.372398 246.275552 0.474236 37.663233 9.732211
210 -3.722740 0.772580 -43.066920 0.079848 214.231746 0.443457 -70.827939 0.803761 283.578352 0.296304 12.602613 2.026487
210 -6.648720 0.679779 -45.221490 0.030535 237.762106 0.230310 -37.783921 4.753731 118.077395 0.679404 9.488200 7.878447
210 -5.967951 0.110697 -63.128890 0.121069 251.500172 0.549522 -21.783255 5.728479 327.081811 0.493830 21.702639 6.516910
210 -6.217511 0.629668 -45.096636 0.073547 270.873136 0.387057 -35.889573 6.030794 46.448897 0.545847 19.481297 7.016030
210 -4.098838 0.697151 -56.030749 0.153352 235.764999 0.731536 87.515750 2.433078 324.633190 0.245370 35.938799 2.778683
211 -5.582587 0.719283 -61.839497 0.086068 283.863141 0.646177 2.308542 5.312204 117.463228 0.519175 19.528408 5.746181
211 -4.739158 0.438411 -50.109419 0.047295 220.571418 0.545339 86.918905 3.685986 268.976338 0.552777 23.486000 4.059324
211 -4.912967 0.653279 -24.688790 0.072386 222.318039 0.660984 -73.733771 0.579080 137.751433 0.833821 9.873762 4.406941
211 -3.801633 0.323909 -41.671924 0.007600 170.309104 0.574082 -51.682063 2.152233 322.432050 0.481888 17.541530 2.184273
211 -6.643929 0.692511 -88.832947 0.216209 303.468108 0.299515 5.925596 6.134735 259.392800 0.411859 37.721134 7.868865
211 -3.836475 0.721144 -48.084908 0.082023 216.039056 0.408602 -65.812064 1.329508 307.621478 0.245014 14.536100 2.253958
211 -7.779983 0.671173 -36.353715 0.136021 284.588429 0.288015 -2.766751 1.198664 137.758483 0.641367 22.081143 10.140973
211 -5.325747 0.061275 -54.240618 0.089220 230.457781 0.638597 -26.555819 5.083521 354.881414 0.525209 21.159201 5.232501
211 -4.929150 0.771065 -49.613483 0.181008 226.043214 0.368064 13.482064 3.566748 423.142717 0.282329 15.567192 4.439308
211 -3.939668 0.713445 -56.197581 0.135038 225.166522 0.697951 84.541606 1.960604 334.610935 0.262096 36.785653 2.460344
212 -5.748616 0.778938 -68.841627 0.081445 285.847667 0.614399 4.762518 5.214896 122.822560 0.527304 27.621932 6.078240
212 -4.254544 0.453653 -37.050329 0.008529 207.009950 0.554664 -88.093092 1.725661 222.224609 0.610598 22.174570 3.090095
212 -5.021422 0.723296 -21.602577 0.118023 244.943829 0.560612 -79.790349 0.104950 115.562908 0.815591 10.230482 4.623853
212 -3.507014 0.354964 -43.562818 0.014327 177.881655 0.539718 -48.251994 2.089026 314.062081 0.497893 15.290222 1.595035
212 -7.729389 0.691970 -87.509136 0.209729 315.056859 0.237635 14.088933 5.654834 223.397201 0.423158 40.474344 10.039786
212 -3.663811 0.706257 -63.726064 0.150822 217.426741 0.389603 -70.871750 2.658010 359.890395 0.164131 12.511391 1.908630
212 -6.721123 0.696145 -34.952843 0.080141 264.277989 0.253854 -12.317941 0.498285 188.043137 0.535256 22.906096 8.023254
212 -5.014828 0.083405 -55.925810 0.087903 228.945711 0.622719 -37.424830 4.783047 349.890612 0.480986 20.519011 4.610664
212 -5.307754 0.799784 -48.442972 0.156873 230.313843 0.378923 16.309121 3.574296 410.559772 0.334994 17.185027 5.196515
212 -5.698482 0.699562 -54.671523 0.008458 211.906936 0.459068 15.530279 4.700797 325.834317 0.709020 14.819540 5.977972
213 -6.017287 0.790116 -53.276124 0.106757 298.618673 0.650650 52.557542 0.347903 138.950512 0.427723 21.490539 6.615582
213 -3.752318 0.369292 -51.425744 0.011720 193.795534 0.422607 89.320808 1.759668 265.089733 0.578597 22.167222 2.085644
213 -5.034703 0.795912 -27.132170 0.062973 221.299618 0.485536 -70.322814 0.749850 196.144697 0.761843 6.569042 4.650413
213 -3.346672 0.271466 -35.675510 0.007751 197.238681 0.527839 -41.042605 1.380789 246.472242 0.600355 14.747136 1.274352
213 -5.907540 0.772658 -86.577293 0.207409 310.786711 0.287753 49.976069 5.776420 209.289865 0.453938 40.414390 6.396087
213 -3.692003 0.699549 -61.982191 0.145914 220.384657 0.369015 -62.035399 2.693618 363.041341 0.137525 13.167271 1.965013
213 -3.707004 0.708013 -28.616537 0.185065 256.697894 0.218949 -8.504106 0.082665 205.792895 0.478395 11.895906 1.995016
213 -5.267509 0.103081 -57.910991 0.002941 221.538846 0.642817 -69.328906 4.520650 355.050296 0.397076 24.847013 5.116026
213 -4.150943 0.691208 -43.166061 0.153602 205.246981 0.401441 7.370435 3.010948 427.224964 0.325165 11.430193 2.882894
213 -5.805947 0.735860 -56.486763 0.012699 208.256147 0.432425 10.404061 4.662592 349.715692 0.616506 13.949732 6.192902
214 -7.786820 0.776553 -45.006687 0.129677 312.866891 0.602825 50.629884 5.914348 97.832938 0.419033 21.168892 10.154647
214 -4.683205 0.487731 -48.603609 0.055934 220.946750 0.493809 -84.898123 0.995256 161.097528 0.609290 14.910955 3.947418
214 -5.392835 0.705495 -17.943369 0.058496 191.781658 0.477406 -77.961934 0.109741 188.317094 0.778147 2.303213 5.366678
214 -3.491417 0.217130 -29.664944 0.022461 179.864168 0.476423 -48.889248 0.983446 269.764747 0.594807 14.928286 1.563841
214 -5.654351 0.764850 -86.953732 0.156065 302.516910 0.295044 51.228738 5.756557 217.782885 0.422880 37.492433 5.889710
214 -5.354134 0.586405 -55.622147 0.101059 232.018897 0.410509 -64.813827 3.182894 382.158518 0.118846 13.566500 5.289276
214 -4.082464 0.679038 -26.055130 0.117545 249.710393 0.224777 -6.355464 0.429485 237.541066 0.442285 10.763811 2.745936
214 -6.209404 0.103758 -54.400654 0.018059 235.125112 0.657188 -56.181377 4.560785 315.840876 0.482390 26.361575 6.999816
214 -4.659329 0.547681 -49.782627 0.137923 194.989998 0.369274 9.747782 3.631262 451.707051 0.351310 19.062098 3.899665
214 -6.578225 0.711377 -58.714354 0.003125 185.542352 0.464193 -5.275748 4.708337 382.715771 0.579491 12.259341 7.737457
215 -8.605403 0.779235 -46.333534 0.116029 318.406881 0.644413 65.737005 6.448226 70.702818 0.438637 25.228351 11.791813
215 -4.356534 0.533043 -48.107449 0.065331 220.576041 0.413500 84.448028 0.174818 164.105068 0.601668 12.476376 3.294076
215 -5.088004 0.484072 -57.385257 0.125217 259.391445 0.126823 -23.230387 1.423698 233.261488 0.355378 22.531409 4.757016
215 -3.385425 0.209819 -37.570677 0.059781 196.126853 0.458602 -48.800750 1.641565 274.921071 0.549227 16.764300 1.351858
215 -6.039186 0.743899 -84.292872 0.160637 307.748314 0.296103 58.278906 5.936400 219.104311 0.409306 38.688395 6.659381
215 -4.920776 0.702317 -52.294681 0.144471 247.465298 0.342006 -51.267136 2.834739 347.189725 0.167054 8.900943 4.422559
215 -4.612895 0.728395 -24.606232 0.146131 252.933286 0.230000 -3.126744 0.122550 205.445555 0.548729 16.585709 3.806798
215 -6.104440 0.064896 -56.782456 0.012932 226.782443 0.656512 -67.173865 4.748421 345.322772 0.468392 27.081184 6.789888
215 -4.172366 0.576662 -49.205668 0.138967 194.443577 0.378721 11.031042 3.548232 444.155377 0.359136 17.761515 2.925740
215 -5.904431 0.767875 -65.548205 0.007183 207.595203 0.425100 2.112526 4.886949 332.412008 0.658409 12.765088 6.389869
216 -5.509834 0.798374 -60.156883 0.076167 287.533046 0.762430 83.589971 1.493480 159.941445 0.494352 19.174313 5.600676
216 -4.981124 0.522493 -45.330071 0.085949 220.552991 0.432844 85.110567 0.158139 154.147254 0.583293 10.018605 4.543255
216 -5.768784 0.460970 -47.555216 0.072466 262.494886 0.110843 -41.433231 0.530379 183.367525 0.471685 25.371268 6.118576
216 -4.070817 0.156047 -36.287482 0.021735 167.830364 0.519197 -60.881076 2.039176 275.305305 0.631920 9.693262 2.722642
216 -6.798762 0.717540 -83.330570 0.211197 309.720476 0.288847 39.877639 5.960570 208.527382 0.463686 40.784591 8.178531
216 -5.108849 0.723706 -45.238481 0.302313 267.807908 0.337087 -53.526112 2.264514 310.656345 0.193318 6.421533 4.798705
216 -5.003717 0.721278 -23.912439 0.137020 258.402639 0.241148 -11.148918 0.003994 174.921794 0.583318 18.231650 4.588442
216 -4.198803 0.102617 -52.576179 0.104093 217.633080 0.778227 -57.798606 5.871589 359.527922 0.463552 22.368675 2.978613
216 -4.290991 0.610632 -49.387015 0.165026 203.177472 0.391028 16.422267 3.516104 431.970463 0.355840 19.450939 3.162989
216 -5.324236 0.748627 -83.409327 0.004815 228.939423 0.345779 62.102692 5.704505 273.919292 0.801161 28.650987 5.229480
217 -5.797196 0.716654 -45.902110 0.186062 284.790435 0.667916 82.145667 1.000764 179.314657 0.365357 25.318468 6.175401
217 -4.784553 0.672850 -74.383503 0.110086 268.191210 0.320908 -59.840461 2.369507 144.398503 0.514600 25.500429 4.150113
217 -6.756473 0.674274 -68.819716 0.125028 304.322166 0.042952 -39.120615 0.513620 101.935903 0.442787 33.972951 8.093953
217 -4.740465 0.060905 -38.102029 0.018332 171.000175 0.582088 -69.158694 2.695111 265.344932 0.669500 10.996434 4.061938
217 -7.484097 0.675632 -83.927067 0.143563 300.844634 0.243758 55.569665 5.648838 213.358721 0.492216 40.834609 9.549201
217 -5.443381 0.752490 -45.015599 0.254841 258.243040 0.308426 -59.138936 2.900653 342.020346 0.269899 7.868321 5.467770
217 -4.503812 0.762329 -22.878027 0.209329 259.387206 0.228772 -19.693731 0.287461 209.256708 0.526880 13.896100 3.588632
217 -4.734212 0.087319 -60.747980 0.088260 222.720624 0.657773 -88.742939 5.942120 324.684723 0.521155 26.631931 4.049431
217 -5.087088 0.775741 -65.972039 0.107493 238.591875 0.135299 37.272570 3.714828 380.275063 0.338237 28.509054 4.755184
217 -5.045342 0.687490 -82.636501 0.005412 210.481757 0.463901 36.531906 6.196972 286.005418 0.857335 23.239871 4.671691
218 -6.204363 0.611448 -32.080304 0.189528 275.558276 0.592514 -50.779811 3.188090 242.005745 0.409316 17.009030 6.989734
218 -4.772493 0.658561 -72.779949 0.109889 263.928305 0.298174 -57.508154 2.462411 155.155089 0.508217 24.163370 4.125993
218 -6.739001 0.660100 -61.246659 0.134006 295.972991 0.788204 -66.672307 0.343710 123.243838 0.480400 30.384027 8.059010
218 -4.368833 0.050700 -39.169676 0.010496 160.520005 0.590317 -55.048276 3.494043 320.189228 0.674464 9.422887 3.318674
218 -7.109221 0.648835 -70.896903 0.141257 283.277582 0.212926 71.411320 6.060022 260.503819 0.478488 37.435310 8.799449
218 -6.071643 0.792756 -43.310411 0.165928 251.843258 0.342050 -50.094321 2.356949 340.355270 0.262048 8.981002 6.724293
218 -5.342032 0.163363 -27.954868 0.049101 233.953959 0.586105 -33.536259 3.228800 190.065405 0.700704 25.279407 5.265072
218 -5.250742 0.113847 -58.294992 0.068584 234.697669 0.680926 -74.832570 6.259869 317.748789 0.469134 23.342804 5.082491
218 -6.169079 0.716322 -61.450023 0.110851 251.880736 0.200071 50.147159 3.215983 346.610848 0.306840 34.031943 6.919165
218 -5.106783 0.747102 88.798954 0.003818 205.207035 0.450733 32.690947 6.221349 292.522749 0.811385 22.658100 4.794573
219 -6.090000 0.463034 -40.542290 0.180590 263.970939 0.600248 -50.404893 4.172930 257.617565 0.420634 23.514303 6.761007
219 -5.103676 0.763808 -71.036808 0.060455 258.665153 0.373947 -43.570217 0.426944 143.217891 0.429366 12.466483 4.788360
219 -6.105153 0.505477 -60.276817 0.124500 271.590208 0.795513 -37.018513 1.252227 163.371734 0.505862 28.815573 6.791313
219 -3.508922 0.171557 -37.415342 0.021885 182.462558 0.641851 -57.997866 2.000506 254.197409 0.671022 15.716339 1.598852
219 -6.878742 0.694687 -74.260368 0.120048 279.314968 0.122858 -88.476794 5.834310 278.470987 0.451134 39.252627 8.338491
219 -6.764130 0.796905 -44.584467 0.213293 257.720005 0.453879 -58.566737 1.251831 304.815662 0.292164 9.867027 8.109268
219 -5.061909 0.090927 -64.829564 0.092881 254.702767 0.618126 -61.748308 2.732910 165.622220 0.593885 23.273831 4.704825
219 -4.757532 0.164541 -61.148706 0.170717 239.497548 0.671978 -73.603127 6.452928 312.662890 0.452467 23.297959 4.096072
219 -5.625775 0.719183 -61.674850 0.100094 241.719595 0.199302 56.718777 3.530254 360.883959 0.327158 33.141818 5.832558
219 -5.256176 0.730156 -89.313766 0.002473 204.074221 0.503272 35.663121 5.659455 270.656971 0.826022 20.593840 5.093359
220 -5.410087 0.371649 -30.193924 0.156143 249.989470 0.606577 -54.410861 4.231926 266.015755 0.504107 22.315858 5.401182
220 -5.396024 0.748042 -71.613542 0.037768 246.934395 0.381122 -41.283317 1.184410 163.587301 0.499299 10.388883 5.373055
220 -6.193644 0.486675 -53.252128 0.126540 279.335812 0.053096 -55.240577 0.143194 135.140915 0.472847 28.635465 6.968295
220 -4.212784 0.076747 -33.449098 0.011309 188.535836 0.694231 -70.929460 3.772750 267.085338 0.738992 23.826693 3.006576
220 -6.846683 0.762934 -73.159892 0.080273 272.925259 0.082186 -67.277988 5.823502 290.697046 0.468206 38.986262 8.274374
220 -4.811016 0.730073 -36.970902 0.110684 241.337941 0.511010 -65.548673 1.042122 287.611429 0.298584 9.872193 4.203040
220 -4.689109 0.721608 -80.559934 0.024757 245.422905 0.611993 -77.223623 2.261419 127.841261 0.655234 23.398395 3.959225
220 -4.059888 0.329257 -12.822843 0.008322 207.247005 0.601585 -61.897013 1.406445 183.675408 0.753190 21.134667 2.700784
220 -6.072602 0.728255 -58.422307 0.039943 227.637128 0.223812 56.713231 3.121562 342.824306 0.393286 34.477202 6.726211
220 -4.899938 0.725643 -89.067896 0.003273 208.429497 0.518917 31.012264 5.847370 281.809717 0.828049 24.831329 4.380884
221 -4.265348 0.248590 0.085186 0.192011 228.278928 0.589908 -48.137970 3.809899 320.861174 0.492521 19.096810 3.111705
221 -4.642604 0.751113 -55.365968 0.087400 267.962997 0.167651 -32.337731 0.039281 153.666402 0.375309 8.490225 3.866216
221 -6.238678 0.385879 -57.580804 0.064658 269.842152 0.084375 -49.193013 0.909110 167.421609 0.463908 27.770002 7.058364
221 -3.962379 0.073322 -31.788489 0.013308 183.702674 0.720032 -66.556269 3.322753 262.816950 0.736521 21.872569 2.505765
221 -9.825181 0.685731 -67.702560 0.042269 269.920382 0.185362 -68.182685 6.488416 307.795320 0.530828 40.924002 14.231369
221 -3.669513 0.639306 -10.113272 0.266161 238.616097 0.587620 -77.192375 1.705424 299.162188 0.381375 15.300825 1.920034
221 -4.613253 0.729161 -84.628807 0.030170 243.789461 0.643708 -70.211170 3.234680 146.021949 0.698655 27.161853 3.807513
221 -3.524647 0.255993 -2.550483 0.010247 203.959265 0.543445 -65.342843 1.141917 199.911575 0.701669 19.113927 1.630302
221 -5.267756 0.690754 -63.637610 0.016644 220.606173 0.250429 65.502037 2.924383 313.029080 0.504152 31.435544 5.116519
221 -4.940691 0.713347 -85.397233 0.006405 209.848469 0.500494 31.097239 5.709737 276.141935 0.820755 25.252273 4.462389
222 -4.229568 0.249127 2.443284 0.141896 227.909038 0.613351 -50.754911 3.731285 318.356998 0.493271 18.311713 3.040144
222 -5.264964 0.713539 -52.009657 0.047968 247.956907 0.258101 -37.126008 0.997218 184.493907 0.421483 9.610610 5.110935
222 -5.168321 0.401199 -53.308833 0.245038 274.556046 0.128733 -60.962755 0.156267 167.895655 0.406606 25.481553 4.917649
222 -4.008294 0.027292 -28.477533 0.010608 184.959012 0.734638 -76.606407 3.378342 250.513771 0.765096 21.688293 2.597596
222 -9.739804 0.646109 -61.539645 0.072431 267.591553 0.265409 81.543338 5.643490 269.754771 0.576620 40.458285 14.060616
222 -5.844224 0.649657 -13.140727 0.394600 252.130667 0.535407 -76.862422 1.087412 290.404648 0.355709 20.213987 6.269455
222 -5.436720 0.556923 -70.803840 0.005722 241.116841 0.775042 75.451270 3.328941 122.885953 0.754912 26.719137 5.454447
222 -4.179642 0.262332 -8.296604 0.013986 193.687674 0.644238 -82.308897 2.762106 223.671463 0.780414 20.660430 2.940292
222 -4.557707 0.473750 -42.587084 0.032792 203.669366 0.257282 41.525532 2.158830 312.154645 0.510290 26.661460 3.696422
222 -5.382990 0.741039 -89.397507 0.010256 213.016491 0.500973 10.130925 5.445005 223.258595 0.830265 18.704983 5.346988
223 -4.435179 0.346563 -6.148562 0.080511 213.271206 0.686775 -41.781837 5.209324 334.572554 0.592436 18.083634 3.451366
223 -4.964481 0.740115 -59.091542 0.078874 247.189081 0.243872 -42.129256 1.248419 196.305428 0.390093 13.593576 4.509969
223 -5.940083 0.348366 -52.003031 0.170136 268.705569 0.131262 -47.070218 0.528942 174.218500 0.457742 28.569340 6.461173
223 -4.370744 0.111442 -39.743890 0.013708 190.269332 0.670790 -65.910724 4.478883 274.157634 0.758749 21.449040 3.322495
223 -9.819769 0.635860 -66.969601 0.041318 263.367019 0.215308 -88.501119 5.389003 265.904864 0.594169 41.463817 14.220545
223 -4.178298 0.623443 -22.113410 0.232121 234.201347 0.571503 -80.979808 0.783240 283.344109 0.332338 18.805315 2.937604
223 -5.954198 0.316692 -50.489599 0.035138 234.662614 0.153515 34.152616 4.596228 166.452414 0.756921 27.417114 6.489405
223 -4.155371 0.333393 -10.213648 0.004223 192.607710 0.587309 -64.838085 2.783331 236.112494 0.757408 20.425918 2.891750
223 -4.642620 0.731864 -57.863336 0.016931 199.058079 0.262493 51.564661 2.135309 292.690307 0.542267 17.666105 3.866248
223 -5.284895 0.662656 -76.349092 0.011626 215.523723 0.582595 -0.184892 6.387906 231.635054 0.871464 17.834741 5.150797
224 -4.465597 0.264738 -14.845134 0.080095 216.736021 0.695514 -43.634394 5.711637 325.098560 0.596806 17.404649 3.512202
224 -5.101481 0.758665 -67.158686 0.097596 255.085357 0.206335 -40.335492 1.426979 199.166531 0.353819 9.669515 4.783970
224 -5.227662 0.228058 -39.378378 0.238733 263.415077 0.270897 -41.018211 2.229265 206.066261 0.500204 23.355246 5.036332
224 -4.694049 0.032731 -32.277259 0.006031 177.436970 0.753991 -51.523439 5.270646 289.058075 0.775984 16.459742 3.969106
224 -5.048210 0.788039 -79.280862 0.005119 264.877057 0.203260 -58.672701 4.861562 234.965338 0.549539 27.896748 4.677427
224 -3.291758 0.639489 -21.100865 0.275866 233.184972 0.600329 -82.019823 1.111834 273.986554 0.381856 14.699589 1.164523
224 -5.625443 0.554069 -77.480706 0.014292 238.845416 0.696505 58.295336 3.290086 137.684315 0.781071 30.992750 5.831893
224 -5.970108 0.367781 -23.184426 0.041812 214.899549 0.581792 -77.781100 2.454939 258.763034 0.672948 26.097504 6.521223
224 -4.609323 0.591691 -51.569673 0.029744 192.884261 0.318220 30.743075 2.123189 292.579053 0.568186 17.101295 3.799654
224 -5.230966 0.676332 -76.526386 0.007797 220.620450 0.529324 1.871383 6.135581 220.694385 0.868971 19.195873 5.042940
225 -4.332743 0.275453 -18.426535 0.105316 222.167268 0.668576 -47.763668 5.550898 321.498447 0.555294 16.134903 3.246494
225 -4.742513 0.780824 -61.207090 0.103163 249.461815 0.094451 -84.925520 0.715970 211.053685 0.320125 6.478912 4.066033
225 -7.382410 0.312076 -89.190744 0.251971 285.641393 0.357847 -22.566726 2.170154 147.645105 0.574380 33.909451 9.345827
225 -4.270215 0.005010 -29.355973 0.003503 178.990296 0.798955 -62.484523 5.455158 287.291875 0.826478 18.421764 3.121437
225 -5.940033 0.755473 -63.066096 0.037666 257.471655 0.136920 89.488037 5.249343 298.179437 0.407726 26.423515 6.461073
225 -6.281903 0.733159 -21.333236 0.455646 248.291029 0.486890 -72.774870 1.083067 315.767483 0.279138 13.754153 7.144814
225 -5.244675 0.515881 -72.609105 0.008800 225.735928 0.736960 62.470462 3.047867 123.795068 0.794187 24.832810 5.070359
225 -5.793533 0.408232 -30.304320 0.001324 192.958281 0.540663 -72.262874 3.084121 269.322105 0.694034 29.015698 6.168074
225 -4.716582 0.750103 -75.843752 0.019763 216.320248 0.108678 -70.228314 3.464217 300.199525 0.476855 18.364630 4.014171
225 -4.872021 0.773874 -88.649160 0.002276 225.850051 0.401183 -0.690780 5.904572 214.237152 0.803838 22.492723 4.325050
226 -4.261033 0.275509 -20.849698 0.147003 227.268846 0.657248 -58.012826 5.485302 331.503837 0.481638 17.243971 3.103074
226 -4.679211 0.788631 -55.919954 0.125423 254.569518 0.085143 -78.375844 0.843801 211.325127 0.306675 6.642669 3.939429
226 -7.886831 0.241818 -86.330055 0.034839 278.137387 0.471187 -9.835937 2.272233 94.737097 0.601863 27.375548 10.354669
226 -4.470769 0.030408 -34.599963 0.004987 185.353944 0.724917 -51.389948 5.270803 269.474078 0.832557 18.620992 3.522545
226 -5.536895 0.757476 -55.405227 0.024181 230.360009 0.202643 79.937880 5.325465 377.744601 0.419718 18.371484 5.654798
226 -5.672152 0.702352 -21.359835 0.405346 251.856415 0.508354 -78.816967 1.620031 316.570021 0.310377 15.961586 5.925312
226 -5.251623 0.356071 -60.602741 0.019221 216.654193 0.043133 48.905305 3.103755 144.976333 0.816703 23.164083 5.084253
226 -5.406378 0.379621 -12.767474 0.026421 206.018056 0.709515 -82.237725 3.350795 287.516175 0.664940 28.153963 5.393764
226 -3.873196 0.675081 -68.102446 0.028794 215.193553 0.155738 -70.007901 1.686564 264.116536 0.422984 21.177130 2.327400
226 -4.941362 0.735167 -84.283119 0.025159 232.241288 0.440080 4.238207 6.284671 216.829203 0.786448 20.081355 4.463732
227 -4.747454 0.289493 -25.872552 0.157710 242.165956 0.644356 -49.944495 5.681757 317.927217 0.466243 17.204714 4.075915
227 -5.146895 0.705100 -53.833894 0.105614 257.066043 0.120348 -62.146986 1.209832 174.217057 0.399578 6.933854 4.874797
227 -7.719296 0.103632 88.733644 0.155799 282.820554 0.533043 -28.564429 2.322958 58.031091 0.695446 31.234385 10.019600
227 -4.357783 0.097061 -22.445340 0.005231 174.741947 0.674927 -43.459425 5.472985 329.224428 0.783523 18.163392 3.296574
227 -5.875292 0.777231 -49.173283 0.034996 227.237290 0.088116 45.894085 5.227831 410.370727 0.404310 13.201218 6.331592
227 -5.493141 0.749406 -31.315912 0.332853 274.821815 0.479523 88.985770 1.615974 282.231172 0.248863 14.452593 5.567289
227 -5.276973 0.300882 -56.079011 0.026580 208.746084 0.034716 36.885083 2.414487 147.098508 0.794102 19.805749 5.134955
227 -6.413315 0.302492 -13.060601 0.004021 195.052505 0.745272 -83.459639 3.871642 287.249435 0.752022 33.167696 7.407637
227 -3.812331 0.712072 -58.068562 0.071875 224.887093 0.224173 -84.700359 1.441600 279.036055 0.306345 22.476449 2.205670
227 -4.946549 0.731779 -83.539355 0.023096 230.491136 0.451975 9.294141 6.543021 229.173972 0.790193 20.412457 4.474107
228 -4.690638 0.281568 -30.496784 0.172387 238.079316 0.646021 -34.819895 5.685440 351.336176 0.474115 15.279945 3.962284
228 -5.498947 0.781397 -59.577668 0.038393 250.574042 0.227410 -89.835557 1.529762 195.337176 0.375818 14.490011 5.578901
228 -7.232110 0.016385 87.905306 0.130153 279.179890 0.714314 83.398835 3.581074 99.106049 0.656818 30.553153 9.045227
228 -4.983027 0.072476 -19.512583 0.007344 179.317941 0.647533 -25.772453 5.867455 341.779563 0.783046 15.015788 4.547061
228 -5.308325 0.612372 -24.950689 0.080740 232.816485 0.133869 36.567948 5.905957 389.238455 0.500318 17.877460 5.197658
228 -4.815052 0.776533 -39.317136 0.341973 278.209843 0.499477 -83.153907 1.265120 264.766173 0.239830 11.195430 4.211112
228 -5.521514 0.157938 -67.541473 0.001654 203.606038 0.207211 5.880231 2.559217 112.957947 0.885468 23.913003 5.624036
228 -5.989409 0.149154 0.972139 0.004589 183.105621 0.013106 85.032363 3.775208 314.946232 0.746228 32.155781 6.559826
228 -4.323297 0.790908 -55.717689 0.152791 248.679116 0.198808 -87.360236 0.804889 276.923270 0.193458 26.028654 3.227602
228 -4.962106 0.777602 -82.665722 0.006039 228.626191 0.401852 7.137832 6.144716 217.774058 0.809207 20.410034 4.505220
229 -5.034646 0.231277 -26.080667 0.123795 241.154829 0.701109 -24.129427 6.364936 331.703853 0.556237 14.434391 4.650300
229 -5.113818 0.770183 -55.996680 0.041911 249.044485 0.263872 86.170512 1.476509 223.544906 0.337879 13.371614 4.808644
229 -7.806554 0.003265 76.438975 0.168536 288.753354 0.582492 -76.373191 2.524036 59.426034 0.639382 30.759233 10.194115
229 -5.015101 0.112790 -21.723366 0.022010 182.879654 0.657269 -27.314017 5.715904 346.825467 0.733809 14.185569 4.611210
229 -5.301236 0.580951 -51.292721 0.089464 240.919148 0.772959 -6.555826 5.363304 303.277435 0.601474 14.538877 5.183480
229 -5.432032 0.736366 -29.566234 0.298723 271.840249 0.555965 -82.793762 1.238669 279.858375 0.251550 15.689383 5.445072
229 -5.399793 0.127193 -69.716392 0.004900 199.349581 0.242143 11.692321 3.063180 129.424524 0.915670 22.140802 5.380593
229 -7.631522 0.389495 -8.314813 0.013032 206.519157 0.664307 -65.109102 2.633636 293.333700 0.583025 32.131598 9.844052
229 -5.269182 0.775608 -58.337933 0.144719 257.585314 0.253512 62.777890 1.642794 302.967376 0.165225 24.865725 5.119372
229 -4.935177 0.727961 -89.704689 0.004175 217.865287 0.471599 -17.392769 6.164737 225.976803 0.802363 22.931754 4.451362
230 -5.334534 0.324250 -17.118866 0.181817 253.549512 0.695677 -42.772348 6.306750 332.627865 0.486684 17.900805 5.250076
230 -4.766046 0.794906 -59.019494 0.033721 253.840255 0.244318 78.334669 0.715659 202.294791 0.347603 16.555546 4.113099
230 -7.770153 0.118843 77.762865 0.160656 292.796933 0.475476 -27.859090 2.218391 24.513756 0.635203 27.957529 10.121314
230 -3.980196 0.056047 11.572926 0.024687 187.083850 0.674863 -52.344946 4.589603 310.451780 0.712220 18.835932 2.541399
230 -5.858762 0.799381 -43.170704 0.187545 272.595925 0.023712 -30.423648 4.738622 340.992375 0.381982 8.554932 6.298532
230 -4.584770 0.759322 -37.102866 0.310267 264.414033 0.517073 -86.535336 1.357652 273.545746 0.287840 13.663313 3.750547
230 -5.538566 0.074521 -80.240252 0.007665 194.872579 0.262015 14.079716 3.096850 137.178492 0.921983 21.086774 5.658139
230 -5.931605 0.247690 24.378675 0.073672 239.254747 0.706767 -78.385863 2.391617 205.473703 0.691110 30.650426 6.444217
230 -4.886635 0.521593 -52.562874 0.016010 218.417162 0.307553 -86.559747 3.899724 331.594097 0.395712 23.313975 4.354278
230 -4.870945 0.702095 -88.244752 0.001334 210.292875 0.528171 -18.559485 6.406109 246.124798 0.836542 23.485909 4.322898
231 -5.751541 0.636601 -49.969399 0.192465 264.582462 0.498307 -39.565478 5.903640 382.017799 0.261104 10.786391 6.084089
231 -5.570227 0.774157 -71.506474 0.024221 280.908139 0.346383 -81.072554 6.154568 143.705983 0.586705 22.961701 5.721462
231 -7.644042 0.153973 72.285405 0.140431 285.272776 0.544397 -34.714904 2.956890 31.148706 0.686417 31.104683 9.869092
231 -3.906145 0.057461 8.538512 0.013918 196.323966 0.769312 -48.329611 4.424934 302.461037 0.666321 20.438243 2.393297
231 -5.796262 0.794690 -36.780636 0.166670 258.384828 0.103661 -27.783702 4.669724 324.236687 0.401500 3.279541 6.173531
231 -3.626027 0.696512 -43.276840 0.075961 208.332195 0.539479 -70.911988 0.820389 286.449027 0.281384 14.953050 1.833062
231 -5.586650 0.055493 -72.032693 0.004585 190.077487 0.274437 21.651034 2.793925 142.513363 0.939195 23.594712 5.754307
231 -7.264458 0.232166 15.716497 0.002446 216.911735 0.799903 -76.738992 3.412985 183.671478 0.886409 34.325239 9.109924
231 -4.554027 0.540697 -62.101176 0.004245 208.324823 0.369421 -86.313016 4.145260 341.326434 0.422467 24.678753 3.689061
231 -4.934306 0.762252 -89.619803 0.004151 216.732419 0.478008 -13.685796 6.101359 242.628536 0.800555 22.817452 4.449619
232 -5.710698 0.545552 -46.676664 0.250834 263.922847 0.512244 -30.260851 6.140670 362.615631 0.328594 14.044151 6.002404
232 -6.779282 0.790312 -61.846210 0.096443 298.127378 0.349042 -59.781860 6.552513 179.402220 0.403598 30.067095 8.139572
232 -7.572288 0.245519 -88.319025 0.085159 286.575046 0.576758 -49.087903 3.420377 87.402827 0.602593 30.550371 9.725584
232 -3.696058 0.095021 5.026714 0.040970 196.304493 0.792017 -64.124203 4.487202 332.905862 0.577551 20.512158 1.973124
232 -5.180597 0.779972 -36.789961 0.239661 266.577706 0.084487 -32.394463 4.840066 339.813968 0.390472 2.586406 4.942201
232 -3.276415 0.625846 -49.268763 0.123333 214.523996 0.564113 -79.495885 0.590731 276.359622 0.286235 11.334614 1.133838
232 -5.453571 0.064988 -79.116450 0.008290 203.541593 0.271327 21.723954 3.098113 112.130585 0.952981 26.057540 5.488149
232 -4.336297 0.208629 24.969803 0.013534 186.191959 0.051066 -77.351807 2.497830 242.323258 0.823413 26.918816 3.253601
232 -3.844313 0.505900 -62.062168 0.032784 192.603879 0.428794 -68.125701 3.359091 363.307012 0.355309 13.829218 2.269633
232 -5.626870 0.785446 89.157614 0.003232 209.310231 0.515254 -11.909686 5.891106 261.843089 0.767028 20.539163 5.834748
233 -7.054896 0.519098 -47.116549 0.139704 280.776172 0.558993 -44.937702 5.463130 291.255821 0.349687 20.733250 8.690800
233 -5.866117 0.720702 -69.837002 0.067601 277.972824 0.297796 -76.049968 5.752123 186.337366 0.417439 30.531266 6.313242
233 -8.873222 0.222136 70.364746 0.027307 279.284524 0.516695 -40.076417 3.055753 77.631994 0.700972 28.165906 12.327451
233 -4.029938 0.139826 -42.089802 0.034171 199.234424 0.729274 -68.489621 5.031866 338.631520 0.530450 22.616550 2.640883
233 -5.445783 0.776686 -37.468675 0.239670 261.931956 0.016746 -29.776083 4.561431 321.099732 0.449804 3.625608 5.472574
233 -3.117703 0.677376 -45.515735 0.141137 205.673086 0.475927 -75.074071 0.825645 305.272802 0.221474 7.738126 0.816413
233 -5.308003 0.068285 -80.726971 0.005190 198.293053 0.267917 26.432939 3.579689 153.502300 0.946983 25.027787 5.197014
233 -5.024012 0.217024 -35.129268 0.027723 217.237069 0.747852 81.502048 2.584765 220.111436 0.675493 30.066250 4.629032
233 -4.089976 0.515178 -13.398647 0.001443 170.004300 0.451241 -68.236231 3.420584 390.025491 0.464073 12.713992 2.760960
233 -5.053849 0.751461 88.070794 0.009285 216.369995 0.534505 -7.129445 5.897206 249.167510 0.791140 21.376931 4.688705
234 -5.708315 0.380005 -53.074332 0.105031 258.194901 0.647957 -73.892190 4.733758 321.253815 0.277720 23.647141 5.997637
234 -5.905492 0.689076 -69.574485 0.020125 263.178391 0.243211 -65.430192 6.401398 197.457473 0.543759 28.918025 6.391992
234 -7.613342 0.060769 82.746195 0.007261 262.956834 0.456771 -47.135870 2.430316 86.458036 0.727901 31.160941 9.807691
234 -3.274339 0.065317 1.717935 0.024290 172.872543 0.769807 -62.593235 3.819112 355.514951 0.520208 16.439775 1.129685
234 -4.792951 0.709592 -29.325894 0.115345 245.163497 0.541511 -35.243529 2.945511 268.521570 0.570192 5.989697 4.166909
234 -3.310473 0.685585 -57.851925 0.096781 219.322874 0.490108 -64.869496 1.261005 288.685499 0.229356 11.465735 1.201954
234 -5.485196 0.069457 81.744186 0.001828 199.238893 0.236891 18.482228 3.922380 162.208291 0.916683 26.914680 5.551399
234 -4.250825 0.008575 13.013785 0.012376 204.484892 0.050788 -87.886953 1.158039 204.567808 0.738009 27.611961 3.082658
234 -3.115855 0.490714 0.118895 0.039774 159.911209 0.461398 -75.771258 3.303361 389.573582 0.431879 17.937665 0.812717
234 -5.555995 0.742951 87.974837 0.004317 203.707115 0.498926 -10.768783 5.370158 261.341217 0.785460 18.447244 5.692998
235 -5.163007 0.391723 -51.412065 0.209324 262.298479 0.684641 -72.888976 4.684546 321.552304 0.253637 23.880283 4.907021
235 -6.204965 0.788456 -65.294772 0.088912 296.774585 0.364805 82.832617 6.412714 176.948697 0.506984 27.865489 6.990938
235 -5.958630 0.012996 68.012027 0.194687 272.974349 0.537058 -51.621037 2.493693 71.869878 0.672293 26.495577 6.498267
235 -4.941083 0.371380 -19.229487 0.002661 162.497384 0.753012 -65.832873 4.017824 436.688909 0.394324 5.485760 4.463174
235 -5.464572 0.727969 -31.732197 0.067684 243.321831 0.544303 -44.912144 2.930948 263.476045 0.561895 9.512625 5.510152
235 -3.557674 0.719020 -63.070369 0.063841 224.333365 0.530994 -66.178075 1.282601 305.833890 0.187597 14.145599 1.696356
235 -5.547161 0.014533 -80.411230 0.003577 196.239319 0.219396 20.112904 3.508171 140.027225 0.950903 26.148019 5.675330
235 -7.623337 0.203658 -38.248389 0.142114 257.366463 0.095035 68.536317 1.594961 211.854392 0.572551 31.939544 9.827681
235 -3.069648 0.440713 10.336452 0.044667 163.114552 0.446414 -79.954911 3.075854 380.615941 0.425061 18.978527 0.720303
235 -5.248933 0.522236 -87.438638 0.004978 204.263404 0.330193 30.397976 4.707892 246.391101 0.788175 28.048447 5.078874
236 -5.701429 0.365551 -57.294095 0.199886 266.906310 0.659634 -56.888422 5.204576 311.237482 0.327856 23.380950 5.983866
236 -6.703721 0.747341 -28.756447 0.142711 292.477616 0.222757 78.823729 5.842183 131.650770 0.640604 14.458911 7.988449
236 -5.222122 0.742535 -80.850074 0.016171 236.304948 0.497494 -53.085670 1.731231 59.663202 0.789632 18.993435 5.025251
236 -4.859180 0.376999 -31.955419 0.035591 159.648309 0.731896 -60.696476 4.114909 455.014927 0.338493 3.583124 4.299368
236 -4.241304 0.669286 -24.653967 0.105019 227.300834 0.588652 -49.504298 3.250172 309.164336 0.536646 4.056280 3.063616
236 -4.161368 0.762438 -61.352558 0.054574 248.235343 0.415600 -49.545219 0.597869 218.451156 0.336967 20.176304 2.903744
236 -5.557507 0.001468 77.634532 0.005236 204.805140 0.226610 40.878939 3.682919 139.135928 0.939025 27.659877 5.696022
236 -5.210305 0.254590 -41.498127 0.165382 250.165945 0.094975 57.237150 2.403151 254.505288 0.462621 23.462862 5.001618
236 -3.035533 0.485362 0.012235 0.009502 160.412614 0.452946 -74.972190 3.219432 386.647670 0.422206 17.243315 0.652074
236 -5.129391 0.494434 -82.092279 0.008682 205.262079 0.311206 37.417154 4.671056 238.911100 0.835910 27.714500 4.839789
237 -6.648349 0.290605 -49.869813 0.096492 260.253313 0.666612 -56.862924 5.961562 354.727910 0.324716 15.699883 7.877706
237 -5.888263 0.757205 -28.113787 0.260602 313.692716 0.318641 62.936871 5.249262 183.141114 0.470946 7.074627 6.357533
237 -6.477379 0.792489 -75.446379 0.064291 263.528864 0.775904 -79.267258 3.370866 20.512290 0.808830 9.714335 7.535765
237 -4.548052 0.320379 -40.526563 0.007483 157.644473 0.723047 -69.645532 3.551688 432.053303 0.316858 7.441734 3.677112
237 -4.487852 0.792713 -21.020095 0.143656 229.151153 0.554860 -62.727450 2.410003 300.295939 0.471566 7.336690 3.556711
237 -3.636264 0.758756 -61.026155 0.063515 236.549447 0.410824 -68.564610 0.193208 234.665977 0.299955 22.674322 1.853535
237 -5.294024 0.011213 76.135751 0.003285 202.084291 0.278935 36.616611 3.759849 153.222513 0.926986 24.983805 5.169055
237 -5.758808 0.122236 -27.307227 0.189530 251.147649 0.112257 69.036200 3.558404 284.056681 0.479754 24.607235 6.098623
237 -3.402481 0.667984 -4.148584 0.036752 173.927663 0.501885 -76.664286 3.646871 402.315727 0.379970 17.922606 1.385970
237 -4.979540 0.524948 87.894992 0.007116 210.660569 0.329581 41.950528 3.897870 193.685638 0.856849 28.017248 4.540088
238 -5.712713 0.085986 -33.462976 0.189116 255.127441 0.534786 -40.075284 6.360451 317.179560 0.486133 22.876881 6.006434
238 -5.967608 0.797800 -29.141587 0.247687 316.244185 0.305437 59.511947 4.758967 171.046449 0.486476 5.614253 6.516223
238 -7.009453 0.773136 -52.704166 0.044562 248.234163 0.749624 -67.376493 3.598163 14.792413 0.902986 7.898206 8.599914
238 -3.400490 0.255051 -40.349347 0.008018 167.772033 0.769954 -63.954585 4.230157 412.730425 0.365907 6.287379 1.381987
238 -5.305875 0.674328 -30.691407 0.030005 238.275837 0.428064 -18.716669 1.534071 186.315155 0.625886 11.588994 5.192758
238 -3.902700 0.652114 -64.215100 0.106533 235.414886 0.370402 -66.055759 0.691300 265.376965 0.248976 23.844817 2.386408
238 -5.362424 0.000485 79.636556 0.011361 206.454594 0.237024 35.390985 3.812742 149.898931 0.929160 26.075197 5.305855
238 -6.435616 0.046447 0.177408 0.183475 258.364587 0.007127 -86.642303 3.582603 227.748704 0.612952 28.716199 7.452239
238 -3.815229 0.606220 -21.409341 0.163186 205.337892 0.589289 -72.099537 4.995269 411.645575 0.329732 7.167890 2.211465
238 -5.029518 0.480954 89.437453 0.006368 203.843490 0.343184 42.248999 3.966823 203.698676 0.852090 27.106738 4.640044
239 -5.228683 0.241447 -33.977043 0.143919 252.213708 0.600383 -77.847847 5.173544 275.964364 0.469519 25.396237 5.038373
239 -6.567490 0.780495 -35.279085 0.165210 317.377404 0.312275 56.627688 4.733265 198.794064 0.419758 2.871195 7.715987
239 -6.455159 0.616125 -44.027010 0.003906 227.609971 0.720350 -62.683517 3.731210 25.373452 0.939325 11.054254 7.491326
239 -3.706063 0.132865 -44.775124 0.031953 165.298675 0.781793 -71.524547 4.529070 418.183007 0.384875 8.827015 1.993133
239 -5.574873 0.684499 -26.111488 0.032131 240.952644 0.401436 -14.192990 1.671676 179.812907 0.646371 9.901642 5.730753
239 -4.935167 0.759515 -49.975630 0.146697 246.417415 0.456436 89.443737 0.822209 295.675033 0.134839 20.626177 4.451342
239 -5.396406 0.053623 77.475779 0.001798 196.812140 0.288835 23.679173 3.812541 156.413453 0.932758 24.912247 5.373819
239 -6.225104 0.150978 -12.275613 0.210783 259.371271 0.056540 70.403382 3.763521 226.457530 0.594539 28.553120 7.031215
239 -3.831746 0.643111 -19.445311 0.125355 208.114903 0.633996 -73.545297 5.125723 424.816915 0.314752 9.551898 2.244499
239 -5.152548 0.453311 83.038418 0.009991 204.732802 0.350740 30.834749 3.906605 199.493884 0.859090 27.818997 4.886103
240 -5.138604 0.187424 -37.709310 0.150189 249.580737 0.543756 -83.669823 6.035455 294.078056 0.481414 24.524837 4.858215
240 -6.382482 0.789391 -32.544544 0.164046 317.062226 0.288859 61.204124 4.676790 196.251004 0.424359 3.256542 7.345972
240 -6.976250 0.617196 -51.194759 0.054017 222.617738 0.758988 -89.108879 4.479555 94.532660 0.837048 6.382876 8.533508
240 -4.240049 0.657574 -34.816718 0.033919 170.379921 0.066349 -77.882371 4.825255 492.239491 0.282691 11.927494 3.061105
240 -4.900649 0.669871 -23.083185 0.043159 235.402379 0.363270 -28.706452 1.914604 225.365006 0.617712 13.215122 4.382305
240 -3.774435 0.781265 -48.792781 0.198565 236.919386 0.391216 88.538942 0.502715 288.153379 0.159359 17.047634 2.129878
240 -5.336443 0.067842 79.559919 0.006860 201.962329 0.279288 28.930406 3.741243 153.288390 0.926898 26.183644 5.253894
240 -7.029750 0.283628 -14.883041 0.019856 252.133050 0.063827 -85.433209 2.555801 204.623070 0.635467 23.806330 8.640508
240 -4.493796 0.688974 -41.669298 0.153293 228.384569 0.662719 -71.650726 5.557758 422.536158 0.238074 5.274121 3.568599
240 -4.404997 0.275078 -39.913337 0.032990 166.437508 0.795614 -77.125761 4.805668 447.787821 0.345744 10.164499 3.391001
241 -5.288026 0.155138 -40.843627 0.092030 252.406825 0.615010 -69.613892 5.660717 219.442800 0.572129 24.489745 5.157060
241 -7.135392 0.773113 -34.048513 0.129922 312.539667 0.295665 66.978071 4.903170 213.413610 0.412668 9.037220 8.851792
241 -7.411040 0.650125 -69.364630 0.038041 223.515364 0.744776 -62.910649 3.950313 122.304020 0.630733 8.450237 9.403087
241 -3.859440 0.697037 -34.999009 0.106063 171.257141 0.067403 -67.257848 4.412157 486.318512 0.259981 12.229376 2.299888
241 -5.489363 0.709006 -39.501384 0.028479 218.127506 0.298291 -77.868594 2.793287 298.698373 0.563100 12.022481 5.559734
241 -3.718158 0.797373 -49.698607 0.216971 242.649678 0.402627 -88.744597 0.537581 284.934052 0.156686 18.208417 2.017323
241 -5.699530 0.028385 78.775558 0.008785 206.356441 0.251999 21.894298 3.966508 131.477108 0.978268 27.593871 5.980068
241 -5.501531 0.120153 -20.969093 0.012953 234.750073 0.197226 87.640032 2.249657 209.832004 0.638420 25.498495 5.584070
241 -4.869329 0.747733 -44.166295 0.150552 233.558551 0.596793 -78.067611 5.226546 424.796263 0.224305 4.922307 4.319666
241 -4.448590 0.282746 -40.297788 0.035745 165.847086 0.798749 -76.490734 4.829779 453.685742 0.335464 9.933387 3.478187
242 -5.428275 0.101749 -30.274135 0.182058 256.238475 0.557780 -65.893278 5.664856 223.353829 0.586821 25.911031 5.437557
242 -5.736045 0.795106 -36.000641 0.191314 292.832105 0.373907 63.472330 5.217429 228.172825 0.448611 6.836448 6.053097
242 -7.780631 0.686975 -74.243993 0.048305 225.031785 0.787384 -62.676608 3.736743 154.798935 0.589126 4.045154 10.142270
242 -3.695145 0.652831 -18.827100 0.032947 181.514597 0.772839 -52.717583 4.767323 486.684375 0.406248 -16.462534 1.971297
242 -5.383255 0.751274 -47.770916 0.078779 215.305541 0.294493 -87.679347 2.059172 295.747544 0.508475 9.537226 5.347517
242 -3.792127 0.799753 -50.988431 0.123687 238.421989 0.384283 -86.228073 0.847415 296.586207 0.145774 15.759309 2.165262
242 -5.669208 0.045031 80.939569 0.009163 207.836805 0.244988 24.852035 4.110880 145.980656 0.962603 27.564369 5.919424
242 -5.173702 0.267028 -26.882007 0.048782 239.366119 0.124576 -73.112213 1.684613 183.094413 0.598824 19.878607 4.928411
242 -4.457638 0.598563 -28.524971 0.196196 247.081547 0.617580 -60.294203 6.105166 375.013038 0.358858 5.467623 3.496283
242 -4.361795 0.378159 -40.038338 0.040318 161.044412 0.790406 -71.707281 5.282177 473.021388 0.325705 3.255982 3.304597
243 -6.156669 0.076588 -41.732469 0.218159 264.915004 0.484788 -69.835890 5.604667 205.999195 0.584672 29.351016 6.894345
243 -5.728174 0.778889 -49.361519 0.221425 294.692739 0.337167 54.247486 5.003858 228.469379 0.418368 10.173881 6.037355
243 -7.370561 0.729918 -55.325315 0.105201 240.414742 0.017545 -60.006131 3.941469 193.767164 0.630073 1.095161 9.322129
243 -3.854319 0.754460 -26.851090 0.126402 201.494690 0.712924 -51.847334 3.774701 454.495405 0.364292 -20.526252 2.289646
243 -4.830026 0.607560 -38.685772 0.038601 210.421930 0.097312 -55.265636 1.264610 207.078843 0.743364 14.081798 4.241059
243 -4.758723 0.792253 -48.922025 0.066746 239.328146 0.399223 -86.726923 1.129535 312.278160 0.134863 16.142701 4.098454
243 -5.487113 0.038848 75.982762 0.006479 205.730883 0.368668 4.233023 4.779432 169.499916 0.919649 27.089269 5.555234
243 -4.889579 0.265656 -26.090884 0.042982 236.363099 0.066451 78.531203 1.280023 170.367227 0.642817 21.418939 4.360165
243 -4.546017 0.616145 -28.340990 0.154062 242.852790 0.615296 -60.014116 6.032687 366.416011 0.384196 3.801540 3.673042
243 -3.919349 0.368900 -42.410875 0.013352 167.225422 0.664421 -45.868399 4.615260 456.333305 0.327870 5.997041 2.419705
244 -5.506347 0.095989 -49.234117 0.201486 258.858344 0.534381 -68.453151 5.457171 235.043084 0.545576 26.913516 5.593701
244 -5.697952 0.786789 -52.254637 0.217671 288.873082 0.255132 58.429704 4.264246 237.262499 0.423746 8.971252 5.976912
244 -7.255096 0.689859 -53.210613 0.096035 235.410296 0.043004 -60.277025 4.387623 205.866750 0.636884 1.993902 9.091200
244 -6.227395 0.728881 -32.014744 0.124537 195.951194 0.718549 -60.537666 3.982248 486.031376 0.268448 -22.160991 7.035798
244 -5.030133 0.365350 -17.011004 0.019901 212.781350 0.038808 11.796136 0.689067 151.945231 0.864532 24.215596 4.641274
244 -5.190886 0.769707 -47.854316 0.076966 242.789367 0.418107 -82.649292 1.135593 309.683266 0.134117 15.760180 4.962780
244 -5.468561 0.025692 78.107596 0.003036 202.800993 0.383419 0.819330 4.900533 175.099795 0.929816 26.527568 5.518129
244 -5.112450 0.213606 -31.629782 0.075082 245.258897 0.799251 72.253729 1.228765 127.529445 0.680687 24.940755 4.805908
244 -4.419325 0.659758 -31.915175 0.158048 246.063400 0.653636 -72.496787 5.960396 382.427392 0.296167 3.245347 3.419657
244 -4.401996 0.495078 -37.458017 0.016136 176.963444 0.686646 -57.687041 5.033170 487.804118 0.268124 -2.350406 3.385000
245 -5.087142 0.104097 -54.261329 0.097187 247.043894 0.656040 -42.483763 4.988157 277.564435 0.517845 21.188350 4.755292
245 -5.531552 0.787874 -42.927524 0.227416 281.105660 0.314491 57.135587 4.622459 279.983319 0.407462 6.395174 5.644111
245 -7.252605 0.657061 -45.514624 0.108281 227.229314 0.124552 -76.717975 4.651649 230.690983 0.584228 2.359388 9.086217
245 -4.996883 0.792780 -52.133769 0.070502 206.727027 0.754286 -48.612789 4.178986 473.709993 0.255908 -25.525449 4.574774
245 -3.749574 0.606401 -29.007559 0.043057 191.288963 0.280132 -89.051232 1.322557 265.020639 0.590900 15.286853 2.080156
245 -3.932612 0.694225 -45.669342 0.152391 231.558567 0.447731 -83.575056 1.205473 310.200705 0.161020 15.058483 2.446232
245 -5.482405 0.007534 80.351085 0.004356 201.285321 0.395369 -0.201023 4.655565 186.590621 0.896661 26.194907 5.545818
245 -5.324397 0.247411 -27.313575 0.138787 264.776895 0.068782 65.151963 1.031207 122.520665 0.619331 23.151663 5.229801
245 -4.302170 0.640917 -29.358451 0.166615 235.977589 0.673387 -68.826512 5.562150 381.667182 0.312073 3.665052 3.185347
245 -6.092317 0.530124 -45.845755 0.134153 210.942890 0.681786 -46.525808 5.160031 488.945546 0.189589 -3.503675 6.765642
246 -5.289733 0.100881 -51.757815 0.085028 250.031139 0.727926 -34.664483 5.098386 291.105298 0.517413 18.418013 5.160473
246 -5.259730 0.757729 -37.145595 0.209754 274.604646 0.424352 61.029203 4.351386 280.998541 0.388032 10.730718 5.100468
246 -7.369788 0.583245 -46.920482 0.091771 217.419726 0.096858 -67.466737 4.046074 248.519124 0.564281 2.504520 9.320583
246 -5.307619 0.745827 -58.073298 0.077074 249.532732 0.784639 -43.554508 4.771055 449.914030 0.240898 -19.625495 5.196246
246 -3.091228 0.572468 -13.160040 0.003904 183.371921 0.268996 -79.818100 1.001267 260.829261 0.607772 17.468547 0.763464
246 -3.780699 0.799027 -54.374736 0.168203 235.869578 0.516983 -80.089766 1.816001 330.371264 0.108318 14.433509 2.142405
246 -5.685320 0.023607 79.792842 0.001471 201.289328 0.403713 -0.508593 4.733595 176.847017 0.895777 26.799632 5.951648
246 -6.012371 0.151014 -22.765516 0.148724 264.648912 0.219540 52.929284 1.798102 165.226260 0.598998 26.989789 6.605749
246 -4.843682 0.508264 -25.846295 0.087583 222.487859 0.648709 -57.832049 5.886759 338.639353 0.542399 14.753719 4.268372
246 -5.404923 0.553463 -42.014434 0.118793 205.874253 0.557174 -47.734096 4.626558 454.362540 0.265742 6.772957 5.390853
247 -5.189343 0.097710 -44.101455 0.066501 235.149942 0.660202 -27.880165 4.923025 272.308817 0.620056 21.697004 4.959694
247 -6.072460 0.644582 -31.944669 0.180350 282.769084 0.465034 49.493866 4.231523 268.033606 0.422866 16.616235 6.725928
247 -8.257748 0.750562 -66.439306 0.100962 220.468631 0.219828 88.930200 4.365128 310.118687 0.388996 -2.554421 11.096503
247 -5.218391 0.789012 -57.744694 0.098591 244.325673 0.789995 -48.783401 4.795063 461.165087 0.222335 -20.593517 5.017789
247 -3.593684 0.592405 -20.225652 0.004722 193.888297 0.316628 -85.614851 0.622863 251.313131 0.587488 20.054804 1.768377
247 -4.779819 0.735050 -50.196373 0.231563 247.352851 0.523191 -81.804774 1.881423 320.109000 0.164771 27.834884 4.140646
247 -5.531213 0.003992 82.853383 0.010492 210.333662 0.378781 6.196208 4.424669 149.204902 0.929728 26.883436 5.643434
247 -5.586810 0.251958 -1.021230 0.292615 266.910879 0.127953 13.330916 1.890573 163.224434 0.638404 23.883954 5.754627
247 -4.312527 0.587715 -21.205302 0.117101 222.662381 0.741852 -51.743104 6.089683 386.675095 0.468535 6.891999 3.206061
247 -5.933993 0.511213 -40.751517 0.212103 215.087422 0.594302 -50.887342 4.930926 473.834310 0.160959 1.812569 6.448994
248 -4.891140 0.111677 -52.283986 0.077388 234.972928 0.414978 -32.453259 3.959928 232.492151 0.618261 22.850477 4.363289
248 -5.014766 0.578165 -30.680983 0.223201 259.620600 0.398007 53.564127 4.110614 263.883252 0.486854 14.414395 4.610540
248 -7.793387 0.695623 -71.190168 0.056237 200.829742 0.226314 -85.796938 4.685358 342.993126 0.414844 2.248307 10.167781
248 -4.932975 0.778750 -57.202539 0.165528 243.961665 0.794724 -46.258361 4.871846 459.850165 0.221822 -23.800480 4.446957
248 -3.460796 0.489528 -15.837774 0.008463 184.714837 0.243137 -58.339405 1.168058 234.602984 0.680163 16.048186 1.502600
248 -4.023344 0.767245 -53.184084 0.218160 249.449524 0.548457 -88.321771 2.163608 327.549722 0.118819 23.251725 2.627696
248 -5.410515 0.039572 85.216317 0.001335 206.870101 0.403087 12.542098 4.620113 152.415063 0.929827 25.846643 5.402038
248 -7.639933 0.257368 -2.527263 0.259550 271.659229 0.109613 19.047175 1.977357 171.694569 0.667562 29.194212 9.860873
248 -5.072334 0.576683 -37.731334 0.074098 207.020814 0.754590 -55.609073 6.430794 399.875521 0.413503 3.845688 4.725676
248 -5.202470 0.512152 -33.516686 0.191564 211.891334 0.606774 -52.678590 5.134264 471.405884 0.179553 1.671913 4.985948
249 -5.715796 0.010169 -48.952277 0.018911 240.501752 0.372313 -21.674340 3.709099 214.988847 0.664937 22.701451 6.012599
249 -5.034051 0.582606 -31.393686 0.224841 260.819697 0.415073 53.651280 4.290546 268.085620 0.479764 14.149839 4.649109
249 -7.378437 0.737635 -72.019183 0.007122 198.972552 0.148419 83.859166 3.515470 306.855991 0.438114 5.554733 9.337882
249 -5.531874 0.790924 -46.042242 0.015067 226.352762 0.742786 -49.364796 4.683532 461.875910 0.328028 -22.463097 5.644756
249 -3.373827 0.468415 -13.785434 0.026937 180.453109 0.257350 -44.084869 1.600668 272.852403 0.615313 16.024537 1.328661
249 -3.843891 0.756574 -51.255734 0.180559 237.520644 0.572203 -85.363745 2.146035 327.216176 0.145916 20.531371 2.268790
249 -5.876736 0.010939 82.307025 0.008054 210.672418 0.421817 12.887853 4.753354 148.750046 0.915780 29.336809 6.334480
249 -6.431829 0.189592 26.403204 0.156617 252.612390 0.055280 32.002400 2.608541 149.377199 0.770450 30.612751 7.444666
249 -4.706566 0.480639 -28.190664 0.050795 207.630797 0.702327 -70.298666 5.667136 345.287261 0.519767 9.676701 3.994140
249 -4.814209 0.518899 -44.767266 0.233390 215.852832 0.609875 -56.545006 5.714501 488.970108 0.153266 0.331824 4.209426
250 -5.049111 0.097571 -52.387828 0.093612 245.201726 0.374898 -36.308951 2.399741 197.008813 0.606249 25.215531 4.679230
250 -5.076218 0.571713 -33.346746 0.238574 259.960899 0.426166 50.913966 4.316554 260.063520 0.493782 14.872145 4.733444
250 -4.808369 0.567318 -49.012869 0.010475 198.600868 0.748749 -61.626168 2.904041 240.267523 0.653557 12.045536 4.197745
250 -4.958869 0.758123 -45.658288 0.064392 214.286577 0.738626 -50.972316 4.715375 451.092728 0.349687 -16.067140 4.498745
250 -3.303178 0.592568 -19.005260 0.026344 199.358152 0.345851 -55.500097 1.226449 264.640750 0.541386 13.922295 1.187364
250 -6.042346 0.796046 -41.463269 0.150027 258.415067 0.568120 -76.005781 2.256517 327.973190 0.152208 17.823883 6.665699
250 -5.822743 0.060213 84.275451 0.011793 212.071291 0.336538 30.122778 4.045655 139.691287 0.929501 29.663915 6.226494
250 -5.422322 0.173681 27.398825 0.057421 234.889378 0.071775 37.783907 2.816340 174.337011 0.767745 25.750645 5.425652
250 -4.532471 0.699172 -67.044820 0.004920 200.260077 0.741144 -58.281814 0.145283 172.436303 0.655643 13.447804 3.645949
250 -4.164081 0.501788 -37.592725 0.226012 211.601751 0.610153 -59.165854 6.230734 496.703789 0.183834 -0.442032 2.909170
251 -5.828773 0.378882 -64.684368 0.005039 218.860781 0.338711 -67.019787 0.469417 146.563991 0.795858 31.928695 6.238554
251 -5.527085 0.612990 -51.811472 0.064976 257.406458 0.567289 38.905597 4.777026 288.632648 0.430993 16.736949 5.635178
251 -4.521969 0.248490 -36.854213 0.016114 205.363512 0.607230 -59.932798 3.956631 245.091771 0.688800 17.830847 3.624945
251 -5.655926 0.751175 -43.690142 0.116502 208.029446 0.749632 -69.636205 4.875904 451.262031 0.312261 -21.946677 5.892859
251 -3.286071 0.616094 -17.434536 0.112909 207.023322 0.362880 -62.033873 0.510948 262.195587 0.482131 14.827006 1.153150
251 -4.588139 0.798935 -63.408911 0.085583 233.748140 0.789934 -69.039260 1.160504 345.641759 0.090746 3.213756 3.757285
251 -7.694526 0.049342 87.855074 0.016412 226.518990 0.185135 53.345702 4.080041 127.479067 0.930836 34.321778 9.970060
251 -5.945142 0.123392 16.245426 0.029343 232.346698 0.094751 16.544138 2.434746 155.200399 0.793610 30.102233 6.471292
251 -4.576863 0.636365 -65.590555 0.006394 192.148175 0.724255 -65.595692 0.683844 193.785823 0.623883 12.710538 3.734733
251 -4.044046 0.464005 -31.767045 0.270652 217.770094 0.575812 -56.644125 6.239908 482.422309 0.214955 0.140676 2.669100
252 -4.343367 0.556286 -69.734627 0.006098 208.101308 0.052038 66.792406 1.747821 255.032386 0.613432 26.992385 3.267742
252 -5.706605 0.570379 -52.882672 0.071288 264.120813 0.555873 38.567046 4.702294 274.067016 0.432299 21.338005 5.994217
252 -4.646751 0.221706 -46.801613 0.010521 182.566773 0.625825 -81.841706 3.295845 258.052618 0.703631 14.772068 3.874510
252 -5.795662 0.774336 -50.296532 0.142580 231.582936 0.694453 -50.870939 4.337839 394.626552 0.387182 -22.296848 6.172332
252 -4.236806 0.592152 -18.707137 0.149763 228.046079 0.359961 -63.315388 1.686239 249.070639 0.589389 15.271529 3.054620
252 -3.635977 0.761531 -64.684152 0.040504 215.336758 0.767868 -71.129301 1.566335 337.899878 0.113926 -12.058379 1.852962
252 -7.342269 0.086867 -89.459161 0.020338 229.050657 0.208117 63.440488 4.255733 135.935746 0.913047 33.137868 9.265545
252 -4.371351 0.342574 -30.665033 0.019504 223.723986 0.241762 -47.863410 0.772932 183.402126 0.635605 23.217868 3.323710
252 -4.735339 0.668029 -59.387187 0.003642 191.292611 0.736019 -74.078893 0.264462 194.079855 0.578696 10.908181 4.051685
252 -5.502644 0.636402 -16.213779 0.099345 194.912119 0.533298 -58.449772 5.391619 467.278299 0.329629 13.948167 5.586295
253 -5.305796 0.561098 -55.988510 0.004255 190.535007 0.082053 41.058608 2.313195 315.684362 0.590652 28.654110 5.192600
253 -5.511712 0.612299 -55.853379 0.066141 257.161259 0.542437 33.914169 4.600743 291.829161 0.418667 17.082828 5.604432
253 -4.746992 0.082982 -57.515147 0.015695 192.047217 0.553169 -62.112907 3.550091 223.429946 0.751442 18.816336 4.074991
253 -5.359315 0.786745 -42.708597 0.159214 220.500530 0.646695 -52.016747 5.199338 441.523661 0.389652 -19.729393 5.299638
253 -4.297687 0.573852 -17.051217 0.102020 228.852890 0.347969 -59.514486 2.076362 236.379948 0.579170 18.186921 3.176382
253 -4.240881 0.678725 -67.580112 0.126522 207.870795 0.738788 -80.279281 1.149627 301.758928 0.150954 -4.252455 3.062770
253 -8.582463 0.119747 -86.850181 0.021978 232.556453 0.178183 77.282158 4.885639 157.485789 0.900042 35.888019 11.745934
253 -4.042066 0.320103 -22.481358 0.023683 216.759873 0.247607 -63.007821 0.737407 188.154166 0.656177 22.870511 2.665140
253 -4.963594 0.691945 -60.759296 0.006142 194.309764 0.778421 -72.115617 0.614311 205.645430 0.565116 7.693507 4.508195
253 -5.246524 0.615526 -10.067950 0.043280 184.061672 0.427746 -41.142677 5.780985 460.971800 0.460906 16.327286 5.074056
254 -5.353907 0.765822 -52.346101 0.021460 198.104892 0.125576 69.529413 3.720088 395.920655 0.450098 25.841363 5.288821
254 -5.745018 0.632935 -56.534492 0.087850 259.369227 0.547333 32.256103 4.843307 315.593667 0.378033 14.683981 6.071043
254 -4.441313 0.121169 -73.763216 0.016387 192.209356 0.530883 -59.629070 3.291155 234.177008 0.725618 18.664316 3.463633
254 -3.675567 0.777238 -27.611187 0.247218 219.259567 0.654593 -51.085669 5.080675 481.495737 0.369030 -20.010821 1.932141
254 -5.397240 0.755434 -27.008899 0.016717 243.624072 0.446657 -66.568112 1.238575 231.807291 0.507088 14.769982 5.375487
254 -3.447139 0.638844 -46.885245 0.079004 217.344244 0.789514 -81.903812 2.017054 340.283317 0.143681 1.729048 1.475285
254 -8.333801 0.115194 80.047613 0.005884 234.050283 0.244838 70.525689 3.730502 88.080635 0.942607 35.275874 11.248610
254 -5.375836 0.357704 4.839742 0.116773 252.520035 0.793076 -38.871116 1.897046 200.395307 0.667077 23.391989 5.332680
254 -5.136239 0.655281 -55.126953 0.009050 189.524833 0.797313 -77.763256 0.563967 202.504473 0.601750 7.099702 4.853485
254 -5.212340 0.488178 3.204050 0.090872 190.876067 0.282180 -56.039646 5.083885 426.221463 0.499923 25.104007 5.005687
255 -5.109567 0.752279 -54.271175 0.041789 203.801757 0.137129 59.740281 4.200152 443.078445 0.303413 23.735419 4.800141
255 -6.900685 0.765533 -51.191160 0.084073 270.943161 0.336841 45.955841 5.225094 383.695672 0.263061 20.770517 8.382377
255 -4.653169 0.097246 -71.719559 0.021041 196.499710 0.529911 -48.540848 3.264828 214.837501 0.760170 19.601398 3.887345
255 -4.026837 0.742758 -27.373654 0.252040 213.556107 0.736025 -60.154429 5.138141 488.120069 0.319659 -22.669514 2.634682
255 -4.447126 0.617029 -35.182081 0.037646 228.271038 0.494741 86.883135 0.867991 182.425686 0.611716 14.577925 3.475259
255 -3.837532 0.675900 -45.969569 0.355330 234.736099 0.735171 -82.746577 2.844902 399.102137 0.008506 6.812170 2.256073
255 -7.981476 0.084660 77.539689 0.009614 229.349781 0.235822 72.769638 4.182904 121.773085 0.907555 36.403516 10.543959
255 -5.571746 0.316053 9.849191 0.163743 259.717814 0.729431 -37.327102 1.431820 151.550363 0.718215 24.686643 5.724500
255 -5.848330 0.673539 -56.802634 0.009753 188.420805 0.012355 -82.786827 0.286384 203.372603 0.582116 5.649583 6.277667
255 -5.742855 0.481675 5.676844 0.084106 192.379162 0.278102 -59.411794 4.817949 414.945261 0.508253 27.645902 6.066717
256 -5.379181 0.777430 -55.098696 0.001403 210.025880 0.056240 70.482327 4.020542 403.264139 0.391581 23.930406 5.339370
256 -6.575216 0.354483 -39.240135 0.048248 173.852545 0.798309 -68.712668 3.971986 426.031094 0.451417 7.527674 7.731439
256 -4.517860 0.075482 -69.088174 0.001769 189.884973 0.476318 -54.912396 2.994670 206.726595 0.818607 22.057223 3.616728
256 -5.553535 0.651373 -20.445683 0.316642 210.140241 0.769512 -65.972859 4.291093 496.421814 0.231997 -28.455050 5.688077
256 -4.331259 0.600395 -25.729862 0.051306 225.613043 0.414275 80.159255 0.317061 178.940793 0.651999 22.323588 3.243526
256 -3.338160 0.648079 -49.484748 0.246324 221.507860 0.736586 -80.833968 2.869516 388.701973 0.020958 5.779302 1.257328
256 -6.728554 0.122399 73.311444 0.058807 244.623578 0.248811 81.726678 4.637431 149.195843 0.785065 33.406078 8.038116
256 -6.344033 0.183311 12.707476 0.047838 251.137199 0.629160 -33.652287 1.420816 145.214665 0.743194 26.449416 7.269074
256 -5.505696 0.669361 -54.292416 0.008280 177.608852 0.794385 -87.851373 0.410299 227.712789 0.592090 3.024857 5.592399
256 -6.042082 0.477911 8.664347 0.115845 196.413612 0.278847 -59.399553 5.124046 436.660523 0.481117 27.164454 6.665172
257 -5.735319 0.796904 -54.279321 0.028120 221.472939 0.037255 84.845569 3.737215 385.203215 0.341055 25.619748 6.051646
257 -5.255299 0.321596 -50.444683 0.011668 162.650498 0.698854 -63.548679 4.563926 431.837383 0.471851 11.599060 5.091606
257 -4.398181 0.119540 -74.935144 0.010964 194.726371 0.397500 -49.092043 2.323352 194.155490 0.796985 22.561889 3.377370
257 -3.607652 0.744679 -24.680562 0.415777 210.539620 0.767509 -77.526168 3.989442 461.008084 0.160090 -28.984461 1.796311
257 -4.455039 0.593434 -18.306023 0.084225 237.050490 0.466885 75.126588 0.299752 181.829135 0.621454 21.432219 3.491086
257 -3.456310 0.667229 -53.085448 0.180992 214.844034 0.656097 -76.406176 2.968210 392.259065 0.040950 6.720334 1.493627
257 -6.965062 0.118100 78.004440 0.065618 246.453030 0.296328 77.501061 4.213830 136.970917 0.804412 33.449171 8.511132
257 -9.627005 0.122268 65.071483 0.154423 278.282813 0.570501 2.799737 2.199910 116.570088 0.760434 33.352322 13.835018
257 -5.603646 0.729097 -34.374308 0.039790 174.918312 0.753419 88.463530 1.194266 296.577649 0.536124 2.687531 5.788300
257 -8.636917 0.529606 3.279487 0.086773 202.307726 0.235072 -48.379944 4.834360 431.924157 0.488206 28.531302 11.854842
258 -4.802843 0.696724 -35.166301 0.025099 199.289905 0.772880 -82.932621 4.450046 381.480141 0.394432 24.361036 4.186693
258 -4.313442 0.272920 -28.933180 0.016763 183.257606 0.662525 -53.986316 4.869493 393.832357 0.500654 18.096286 3.207891
258 -5.612708 0.053822 -55.738316 0.015131 212.691641 0.304126 -20.729804 2.262353 130.032972 0.889193 29.084907 5.806424
258 -3.162263 0.701485 -27.003412 0.315695 216.725028 0.796676 -83.634587 3.696522 447.344478 0.038335 -29.637586 0.905534
258 -3.984047 0.597299 -19.661371 0.090147 233.181912 0.483020 62.525446 0.556598 212.892363 0.589311 21.037071 2.549101
258 -3.382107 0.706484 -62.831377 0.107888 197.060855 0.682968 -74.406046 3.177068 409.566118 0.045783 8.710770 1.345221
258 -5.483822 0.182249 83.156442 0.071119 234.957724 0.425383 81.514043 4.506501 204.522540 0.727869 30.047872 5.548651
258 -6.176278 0.225262 -88.613378 0.021103 226.398317 0.023708 16.397605 4.761769 97.538138 0.879704 32.452090 6.933564
258 -6.336683 0.747851 -47.246558 0.008281 158.004947 0.757325 86.158321 0.688236 288.788004 0.553147 1.536230 7.254374
258 -8.140970 0.539195 -10.860185 0.092483 194.850825 0.232019 -42.803760 5.216309 461.579157 0.440000 25.684326 10.862947
259 -5.511561 0.756323 -59.636600 0.095930 237.363171 0.713932 -85.563894 4.554475 389.674520 0.338947 28.562304 5.604130
259 -3.973196 0.248795 -32.431238 0.041189 188.784275 0.627757 -52.252932 4.688884 366.146173 0.552622 15.406213 2.527399
259 -6.099818 0.033601 -43.389681 0.019109 217.666226 0.267145 -10.184817 2.158397 102.332533 0.933934 30.008418 6.780644
259 -3.478775 0.754188 -27.923885 0.390571 223.402860 0.791543 -82.632068 3.029131 423.158821 0.048613 -30.154326 1.538557
259 -4.548249 0.587467 -13.785638 0.182084 246.100622 0.423190 67.918746 1.314977 238.540738 0.541924 21.887470 3.677506
259 -3.551313 0.666143 -61.859791 0.122875 210.443836 0.631209 -77.588249 3.199910 378.214455 0.108476 16.533181 1.683634
259 -5.590025 0.241506 -86.030934 0.048599 237.065206 0.364905 66.890485 4.299658 244.391069 0.630725 29.407944 5.761057
259 -5.651845 0.112877 -75.079488 0.011938 215.205215 0.770311 38.651573 4.491495 87.488810 0.929034 27.672474 5.884698
259 -5.443737 0.750306 -44.643529 0.006023 166.877158 0.764462 -80.757109 0.800926 291.918964 0.530514 0.466122 5.468481
259 -4.458446 0.694404 -26.626172 0.202584 212.209180 0.384823 -73.364707 4.768455 450.148591 0.231381 12.538005 3.497899
260 -5.185830 0.470527 -63.883769 0.002973 228.865864 0.798516 -80.375979 4.022801 190.350456 0.716582 25.825735 4.952667
260 -4.369805 0.280897 -29.970668 0.026763 167.222940 0.787555 -71.126874 3.257479 324.400965 0.636018 8.025366 3.320617
260 -6.207592 0.050319 -52.463896 0.021521 221.128759 0.336133 -0.226179 2.279595 135.947794 0.844579 31.899339 6.996191
260 -3.611831 0.793200 -28.500170 0.435830 222.302030 0.776028 -83.329744 2.967515 430.418982 0.048694 -32.124531 1.804669
260 -6.476621 0.286082 -21.656719 0.051115 251.519062 0.191025 22.640554 1.269339 189.498123 0.581473 23.785461 7.534249
260 -6.353016 0.656796 -56.443384 0.208696 254.577339 0.540143 -46.156846 3.199122 347.414837 0.171721 20.532097 7.287039
260 -6.227087 0.196597 -81.212230 0.038146 244.408424 0.372086 76.934200 4.862355 256.557608 0.611734 28.933256 7.035182
260 -5.695161 0.177179 -76.215001 0.020704 221.146642 0.794888 33.037703 4.896399 124.007095 0.862015 28.551578 5.971330
260 -4.317069 0.666635 -44.162413 0.002610 177.998537 0.713141 -80.691905 0.524863 234.080129 0.579961 7.594176 3.215146
260 -4.829018 0.797714 -26.703745 0.244079 203.644821 0.473137 -80.658496 4.622594 498.489428 0.113748 9.360039 4.239044
261 -5.195736 0.578670 -47.424691 0.055004 228.523091 0.178339 72.587507 3.931063 280.481356 0.531310 17.265628 4.972480
261 -4.381063 0.177003 -29.437425 0.007985 167.400039 0.735338 -71.559631 3.313254 287.735760 0.771337 13.022407 3.343133
261 -7.144698 0.010946 -60.746208 0.004865 214.453512 0.337471 5.778552 2.467819 103.839059 0.907223 32.918844 8.870403
261 -3.636772 0.765628 -29.341152 0.463626 222.318428 0.783903 -87.983135 3.015069 428.265393 0.078496 -32.635121 1.854552
261 -6.048463 0.239849 -20.600491 0.082885 254.367135 0.180620 24.029912 1.579652 213.627903 0.560583 23.399721 6.677934
261 -4.803940 0.657948 -60.987106 0.200721 248.361393 0.556502 -58.563801 2.875697 335.534787 0.203879 19.005768 4.188887
261 -5.889103 0.188340 85.350833 0.047356 242.136613 0.298835 79.580231 5.076336 211.504491 0.691970 29.877185 6.359213
261 -5.494971 0.307875 -68.360612 0.003491 208.829915 0.082079 -3.766690 3.621495 129.168714 0.842842 23.358216 5.570949
261 -4.786230 0.793367 -27.397554 0.036065 179.638422 0.631602 87.842073 1.089688 296.691594 0.436576 1.512033 4.153468
261 -4.683818 0.567413 -10.697999 0.022935 186.731651 0.429087 -76.444095 5.196487 473.943968 0.294596 22.697919 3.948643
262 -5.493543 0.764762 -52.784876 0.083985 244.244824 0.270257 54.909109 4.492084 330.416655 0.367496 18.001750 5.568093
262 -4.333054 0.156789 -42.219239 0.002643 160.998065 0.767418 -62.020653 2.735466 288.273207 0.782928 11.718940 3.247115
262 -6.357635 0.028219 -70.509346 0.001630 205.958930 0.386437 -4.847037 2.313274 115.291350 0.906018 30.897991 7.296277
262 -3.957677 0.749461 -23.815628 0.851849 266.679841 0.748960 -86.251077 2.215093 386.422598 0.083029 -1.844991 2.496362
262 -5.507951 0.173919 -16.087145 0.140489 244.780210 0.286459 25.929589 1.978730 202.500429 0.641582 27.617275 5.596910
262 -5.323212 0.721197 -65.574421 0.155548 254.443460 0.608274 -49.518111 2.946027 349.525042 0.121591 18.218234 5.227432
262 -8.437508 0.349210 -20.116090 0.098746 224.167484 0.263887 -62.857149 0.710495 47.047520 0.794957 4.694010 11.456024
262 -5.833127 0.084612 -65.238170 0.014165 220.541014 0.750624 22.163636 3.414503 68.108766 0.935153 28.094401 6.247261
262 -4.831917 0.660885 -39.115640 0.017584 175.663413 0.764059 -70.367892 0.711547 274.669520 0.595810 4.316395 4.244842
262 -4.995219 0.631609 -35.094820 0.028932 169.041705 0.562988 89.730483 5.641510 451.145513 0.345313 14.863792 4.571446
263 -5.719737 0.734790 -58.007446 0.004953 239.731660 0.358404 58.953511 5.088100 334.370790 0.417500 20.442167 6.020481
263 -6.453746 0.201850 -43.897196 0.029905 165.930495 0.741715 -62.922893 2.111748 256.864131 0.713874 -0.380326 7.488499
263 -6.150078 0.055070 -79.879941 0.004094 222.952274 0.393867 10.495892 1.905879 89.187941 0.877529 31.375047 6.881163
263 -3.389454 0.737290 -27.713171 0.766729 245.191370 0.736618 -86.674656 2.217529 393.064271 0.060771 -8.708727 1.359917
263 -5.589390 0.174190 -16.717403 0.130422 245.760699 0.260880 26.823738 1.832907 190.308097 0.660389 28.137334 5.759787
263 -5.446614 0.760501 -68.555824 0.032054 251.137384 0.587100 -51.657349 3.004627 343.125756 0.152118 17.651128 5.474236
263 -8.039942 0.363402 -21.001391 0.167156 231.641905 0.276215 -65.418350 0.731189 46.440859 0.773197 4.862640 10.660892
263 -6.633650 0.097958 -64.654665 0.002561 228.586121 0.715140 33.513749 3.262888 86.235323 0.899153 31.717485 7.848307
263 -5.923981 0.705079 -41.965828 0.165089 212.851469 0.676606 -75.494532 1.521156 330.088232 0.381519 4.276071 6.428970
263 -4.378622 0.663943 -25.613326 0.030300 176.477639 0.558667 -88.569706 6.020184 488.622924 0.277338 16.550524 3.338251
264 -5.648623 0.704044 -46.029704 0.028921 222.138763 0.300236 63.755770 4.768981 351.204648 0.426740 14.088171 5.878253
264 -4.975625 0.174675 -38.017907 0.006035 162.365515 0.744194 -70.364987 2.094439 251.982972 0.805939 7.182810 4.532259
264 -8.976197 0.018438 -78.996107 0.035230 247.225723 0.416590 38.733613 2.424434 71.532274 0.901895 34.717102 12.533402
264 -3.169406 0.757470 -23.159226 0.746691 255.267705 0.753946 -89.535556 2.291622 384.045870 0.101666 -3.546670 0.919820
264 -7.003705 0.210601 -23.858944 0.099932 264.177943 0.141119 51.788224 2.124321 193.407929 0.583185 28.520383 8.588418
264 -4.500452 0.764242 -65.871914 0.075480 240.579757 0.647514 -61.611309 2.997156 367.002069 0.139611 12.288974 3.581912
264 -8.425657 0.376045 -19.844797 0.227196 238.720780 0.293195 -66.066216 0.562614 43.790267 0.756248 3.409946 11.432321
264 -6.024710 0.142929 -61.801670 0.002349 224.867448 0.743051 13.245647 3.086105 99.938994 0.832764 29.142209 6.630427
264 -3.484997 0.553437 -59.734956 0.006937 158.945105 0.582695 -72.126260 2.006715 345.040744 0.294412 10.352894 1.551001
264 -4.518385 0.592683 -21.319215 0.069033 196.407741 0.518368 -78.690608 5.886206 449.572000 0.327384 20.279390 3.617778
265 -5.954097 0.659255 -38.986125 0.116983 255.907597 0.194823 63.892829 3.521448 249.821840 0.523269 21.331533 6.489201
265 -5.321514 0.201966 -36.118009 0.009298 157.768830 0.777446 -74.721718 1.861855 247.841411 0.795397 5.289053 5.224035
265 -9.014221 0.078335 -77.328474 0.041577 257.774371 0.324642 31.067166 1.712498 81.347734 0.835547 34.033021 12.609450
265 -3.191730 0.712723 -27.482420 0.895589 263.232498 0.727370 -87.985564 2.147212 372.905941 0.089411 -11.182833 0.964468
265 -5.954948 0.141722 -33.747773 0.195877 258.465639 0.088232 54.957309 1.366563 169.267508 0.616716 29.246673 6.490903
265 -5.797892 0.613769 -55.598416 0.145041 270.643527 0.484422 -18.219449 2.299318 278.888555 0.287042 16.623635 6.176792
265 -8.968630 0.381678 -20.684462 0.229943 238.162181 0.294260 -65.796259 0.585557 45.501041 0.748581 1.971352 12.518267
265 -5.949604 0.116199 -56.133163 0.033546 231.567183 0.707730 27.597773 2.978476 58.000699 0.879779 28.586602 6.480216
265 -3.250065 0.529724 -67.204811 0.003219 169.617209 0.435795 -68.996544 1.764111 348.598645 0.301409 13.379088 1.081138
265 -4.941584 0.599162 -22.687175 0.029515 209.712516 0.519580 -76.573846 6.462622 448.889720 0.332675 15.392110 4.464175
266 -5.668155 0.086749 -12.110135 0.177615 234.839955 0.326927 -63.824117 3.988039 352.294732 0.387422 25.303485 5.917318
266 -6.082042 0.270274 -28.060851 0.018958 168.575517 0.787100 -52.680211 2.161592 282.406461 0.695321 -2.605149 6.745092
266 -5.874526 0.273880 -85.958747 0.002826 239.725125 0.546299 0.668668 2.998992 160.876981 0.755940 29.575348 6.330059
266 -4.087046 0.740085 -28.674666 0.891393 263.016494 0.768842 -86.001712 2.154790 392.582275 0.059894 -10.891573 2.755100
266 -6.440177 0.131152 -31.131565 0.078939 266.909920 0.084931 61.451173 1.644779 162.698760 0.575993 25.019246 7.461361
266 -5.461228 0.637813 -61.760258 0.144353 271.361898 0.458568 -11.657771 2.571014 280.190254 0.284828 18.749571 5.503463
266 -8.182685 0.378988 -21.390424 0.198411 237.662734 0.285468 -63.201269 0.663865 47.994355 0.749117 3.746155 10.946377
266 -5.449074 0.030645 -53.551415 0.012475 211.506549 0.028891 -11.897692 2.672792 61.398454 0.915385 23.665038 5.479156
266 -3.919304 0.574063 -68.610369 0.023735 181.914005 0.444146 -63.565933 1.575373 359.437689 0.203520 19.560383 2.419616
266 -4.586941 0.691078 -24.776428 0.057299 199.221171 0.623195 -78.684587 6.448607 493.257388 0.219838 7.145182 3.754890
267 -4.481584 0.135010 -43.817318 0.094562 224.183590 0.393168 -74.743255 4.050762 303.999383 0.491723 24.613256 3.544175
267 -4.761256 0.315748 -25.001334 0.017264 165.771310 0.786896 -57.172734 2.050886 291.643080 0.626684 0.194077 4.103519
267 -5.414759 0.412126 89.463354 0.012876 242.846728 0.546193 -14.922379 3.130775 201.170682 0.656095 27.672542 5.410525
267 -3.335046 0.752779 -21.924911 0.951151 255.790594 0.777390 -89.650391 1.921504 397.628951 0.030881 -18.339878 1.251099
267 -5.841829 0.180093 -35.203464 0.154648 258.536729 0.115894 50.346615 2.055336 222.215966 0.496739 24.674040 6.264666
267 -5.740472 0.595327 -63.869751 0.095953 271.968852 0.384377 -5.112798 2.518755 258.399143 0.326668 20.206759 6.061952
267 -7.790613 0.388970 -23.078509 0.194064 239.746879 0.278422 -61.800588 0.686206 47.605613 0.740597 4.372983 10.162234
267 -5.406471 0.041301 -73.946024 0.039482 229.816514 0.715241 3.833599 2.454937 55.284762 0.852712 25.711544 5.393949
267 -3.529531 0.553326 -65.372112 0.019426 181.525245 0.460403 -66.723115 1.741864 355.118628 0.216968 22.954607 1.640070
267 -4.699193 0.633697 -35.160525 0.005943 195.651982 0.576405 -75.715894 6.422610 467.434344 0.276308 8.813998 3.979394
268 -5.791771 0.126848 -11.420735 0.001519 229.083666 0.400666 -66.353719 4.886886 295.960781 0.587532 26.027093 6.164550
268 -5.638978 0.310410 -11.873649 0.013154 166.834822 0.781820 -52.270116 2.100238 284.521881 0.657236 0.276695 5.858963
268 -5.573576 0.397369 89.842649 0.020996 246.381336 0.537994 -9.101353 3.201982 193.756227 0.669822 27.868444 5.728160
268 -3.485144 0.738439 -25.546045 1.017415 249.105577 0.790160 -89.820686 2.110631 412.828236 0.007897 -18.168022 1.551295
268 -6.134938 0.205771 -35.030176 0.161661 264.149844 0.120286 50.560428 2.648136 223.708345 0.479669 22.861739 6.850883
268 -7.755454 0.653050 -74.202290 0.337287 294.238372 0.481600 -9.175093 2.937384 307.832092 0.193075 30.896919 10.091916
268 -8.016399 0.393069 -23.033568 0.212705 241.232257 0.280421 -61.015705 0.674289 48.033025 0.736013 3.574452 10.613805
268 -5.916751 0.038640 -56.859157 0.044149 235.272635 0.726575 3.602523 2.700597 52.238772 0.870006 28.843864 6.414510
268 -4.073045 0.569575 -61.420645 0.014620 190.938160 0.492202 -68.228001 1.791731 350.982332 0.226887 24.523939 2.727097
268 -5.613034 0.788528 -31.243099 0.014017 213.505476 0.558536 -73.285449 6.574186 498.124397 0.227152 4.471368 5.807076
269 -5.153691 0.096339 3.402151 0.132107 242.294834 0.349057 -58.729140 4.694683 274.614975 0.556291 23.402947 4.888390
269 -4.211614 0.312028 -7.587553 0.030861 168.867855 0.798201 -52.100170 2.681216 321.643316 0.619019 1.095045 3.004236
269 -5.687067 0.375045 -87.147205 0.007083 248.892864 0.568102 -14.204805 3.499065 209.528556 0.627558 25.173532 5.955142
269 -3.779495 0.722758 -31.977074 0.867028 257.181982 0.794036 -87.234261 2.160682 392.805914 0.039174 -16.371442 2.139997
269 -6.256778 0.133494 -43.836743 0.096666 267.440922 0.120713 67.011933 2.016697 150.909277 0.592810 27.232815 7.094563
269 -7.466947 0.666496 -79.187488 0.308454 276.789063 0.493787 -8.110811 2.858836 338.634608 0.219971 29.921402 9.514902
269 -7.927748 0.391278 -23.617020 0.210275 240.875558 0.279866 -61.535016 0.620328 46.450553 0.736381 3.910549 10.436503
269 -5.986102 0.034017 -52.876808 0.054952 236.474612 0.718130 6.149830 3.118266 81.107199 0.845182 29.750562 6.553211
269 -3.941796 0.544508 -31.397709 0.034304 163.551417 0.567732 -76.739298 1.612840 365.193138 0.257300 19.655051 2.464599
269 -4.597037 0.768598 -30.139002 0.160619 220.370712 0.524771 -66.491635 6.214248 470.948190 0.268873 -2.513021 3.775082
270 -5.229080 0.150442 4.528835 0.112795 238.049728 0.345570 -67.924454 4.873312 307.660614 0.509845 21.433939 5.039167
270 -3.863285 0.269275 -5.547204 0.026512 175.368881 0.737465 -45.681564 2.091033 293.586979 0.644732 4.570567 2.307577
270 -5.498501 0.406386 -87.207879 0.071212 249.362270 0.587524 -30.320535 3.477293 206.457572 0.625281 29.970268 5.578010
270 -4.719968 0.714332 -27.670413 0.835668 260.205259 0.780146 -84.285360 2.362294 409.871245 0.024750 -20.411824 4.020944
270 -5.810756 0.174837 -37.564122 0.140702 273.054235 0.017725 51.474048 1.996326 124.731617 0.583365 22.654418 6.202519
270 -7.435109 0.669511 -75.771596 0.372996 276.343467 0.491185 -12.411394 2.803910 342.830499 0.190759 28.191280 9.451225
270 -7.951694 0.391232 -23.629691 0.229937 241.972056 0.281098 -62.241524 0.628979 46.293739 0.736424 3.875982 10.484395
270 -6.325336 0.024341 -60.347691 0.043803 239.771669 0.673803 30.404825 2.475882 46.618323 0.873764 29.942651 7.231680
270 -3.777498 0.547407 -31.464488 0.011537 167.335168 0.649662 -79.346805 1.928939 369.627623 0.279314 11.074763 2.136003
270 -5.302554 0.799322 -45.466011 0.140233 236.127966 0.563482 -65.016715 6.135156 482.102959 0.154999 -6.003952 5.186115
271 -5.737537 0.093866 1.053789 0.003679 229.765204 0.344791 -60.868185 5.001546 294.605435 0.582890 25.393213 6.056081
271 -3.900749 0.240423 0.260937 0.022450 169.917878 0.730797 -53.131102 1.585619 278.224879 0.655216 4.864443 2.382505
271 -5.949592 0.347780 -69.809834 0.039970 247.558848 0.547418 -14.054407 3.137561 153.363741 0.701466 29.017384 6.480192
271 -4.169988 0.743283 -29.575042 0.734863 255.618008 0.739970 -79.850613 2.329862 391.147987 0.134215 -21.304003 2.920983
271 -5.399634 0.266342 -17.779192 0.179096 268.314883 0.071836 56.795487 1.151938 127.772315 0.622862 22.351386 5.380275
271 -6.879752 0.666944 -71.093147 0.418755 287.714929 0.447798 -2.750836 2.772457 327.965013 0.169852 27.061177 8.340512
271 -8.980118 0.400294 -21.414183 0.224887 239.696981 0.283082 -63.837431 0.688746 49.312996 0.739418 1.430872 12.541244
271 -8.780495 0.060465 -75.083241 0.015171 239.551255 0.642442 47.016384 3.161378 89.271948 0.900168 36.652258 12.141997
271 -3.398960 0.485392 -29.774333 0.077291 180.862785 0.680864 -79.453918 1.988785 374.012194 0.179778 10.288524 1.378927
271 -5.348225 0.799806 -39.316864 0.147574 217.354639 0.557287 -75.730215 6.078195 460.088002 0.260385 -13.287669 5.277457
272 -4.744513 0.124958 6.992689 0.109203 227.436259 0.342141 -68.271362 4.747508 306.290530 0.546978 22.503971 4.070033
272 -4.122381 0.157135 -3.737928 0.005285 179.151360 0.712040 -36.981672 2.002613 250.857655 0.759370 10.870450 2.825770
272 -5.284329 0.351874 -76.071360 0.065537 235.910975 0.547879 0.123950 3.240084 136.704579 0.696271 23.931706 5.149665
272 -4.289060 0.743761 -26.712222 0.742303 255.468179 0.728793 -82.393811 2.508166 403.019727 0.124490 -22.454463 3.159127
272 -7.878698 0.171254 -0.822133 0.123598 274.312163 0.003613 68.377118 6.302097 54.011249 0.744709 31.788280 10.338404
272 -6.769039 0.654066 -69.183796 0.398323 285.398342 0.435076 -3.543201 2.687295 319.239634 0.190091 27.371523 8.119085
272 -9.726650 0.406066 -19.535895 0.222197 238.526249 0.280160 -65.940307 0.827862 56.126880 0.738732 -0.034097 14.034307
272 -6.981126 0.094993 -73.708531 0.024728 237.415839 0.647131 39.169462 3.510958 110.537546 0.870122 32.525365 8.543259
272 -3.110662 0.435610 -32.348541 0.012895 178.571865 0.713328 -80.707908 1.790887 349.628909 0.242366 16.554723 0.802332
272 -6.028497 0.794432 -40.072023 0.173174 215.363299 0.587283 -81.274993 6.176473 471.558578 0.255331 -15.701678 6.638002
273 -5.388121 0.058435 1.906891 0.019919 227.936328 0.412101 -48.173601 5.617246 313.358643 0.573679 21.355334 5.357249
273 -3.720432 0.162931 -9.505514 0.008991 184.277092 0.714749 -35.871866 2.020815 245.496273 0.775428 13.912955 2.021872
273 -5.221143 0.325884 -75.284073 0.066780 236.594009 0.546922 -0.294178 3.209206 139.056085 0.706857 25.009849 5.023294
273 -5.646166 0.698854 -32.127437 0.712750 246.614057 0.759157 -82.212899 2.553721 371.282835 0.258809 -18.490160 5.873339
273 -5.598208 0.161412 14.126523 0.110443 252.670046 0.115401 57.199541 5.690848 74.696947 0.792831 25.503089 5.777425
273 -7.042719 0.648949 -65.460939 0.389871 285.036493 0.434890 -3.074176 2.615876 319.565833 0.184865 24.919722 8.666445
273 -9.893493 0.431731 -24.183014 0.187255 233.624139 0.351484 -78.094192 0.648319 63.644723 0.738145 -1.572499 14.367993
273 -5.718795 0.133712 -82.313630 0.015609 227.126338 0.731527 28.350524 2.651792 113.310735 0.868654 29.078964 6.018598
273 -3.309475 0.435060 -29.318560 0.009157 180.073052 0.695867 -79.173418 1.444770 347.679960 0.234289 19.317571 1.199957
273 -4.802317 0.730183 -38.413530 0.203759 230.186321 0.577574 -60.282616 5.798661 420.109557 0.337787 -6.484719 4.185641
274 -5.328433 0.100973 7.567345 0.174736 241.698600 0.373583 -59.708620 5.226966 313.912876 0.515886 25.246677 5.237874
274 -3.353728 0.213007 -8.567916 0.009894 178.449127 0.713323 -43.955413 1.704538 254.720556 0.737366 14.234246 1.288464
274 -5.798187 0.332219 -72.185788 0.008550 251.156042 0.525192 -7.773458 3.928808 160.945909 0.658328 25.734726 6.177382
274 -5.441974 0.789359 -19.324927 0.936626 276.830884 0.727219 -74.887063 3.037424 420.141021 0.181586 -20.732912 5.464956
274 -6.562151 0.121724 10.677065 0.021747 244.204878 0.108418 62.314294 5.919504 61.047797 0.849130 30.034478 7.705310
274 -7.130641 0.648095 -65.178387 0.387747 296.926164 0.416571 0.261053 2.313118 288.079909 0.170125 24.139415 8.842290
274 -10.730063 0.437607 -25.604825 0.226940 232.571732 0.380454 -86.018276 0.346078 72.168639 0.748609 -3.607265 16.041133
274 -5.509527 0.132089 -80.185884 0.018516 220.591932 0.727464 25.119797 3.331035 113.869677 0.863678 27.279395 5.600061
274 -3.281712 0.425576 -24.136927 0.051915 171.499764 0.726024 -83.615576 1.240774 359.391063 0.205957 16.643115 1.144431
274 -5.080843 0.790736 -41.052025 0.149766 238.447370 0.473922 -65.020038 5.889527 428.379424 0.302187 -5.766513 4.742694
275 -5.778362 0.005873 9.471188 0.145003 241.989505 0.356054 -41.075793 5.656961 268.363965 0.647140 27.795083 6.137731
275 -4.433177 0.188410 -20.576027 0.013914 184.347162 0.718604 -36.788239 2.232527 244.734710 0.770229 10.616872 3.447362
275 -6.003244 0.376031 -66.472539 0.056429 252.790190 0.527488 -14.800506 3.464898 168.250518 0.629626 28.941221 6.587495
275 -4.226408 0.775453 -17.618824 1.097736 268.846561 0.696545 -79.950933 2.878462 423.384670 0.142994 -20.199868 3.033825
275 -5.812684 0.138577 12.898811 0.029883 223.590556 0.176371 67.244579 4.885534 40.097142 0.939595 28.239921 6.206376
275 -6.271695 0.641208 -65.204791 0.408173 285.317748 0.424159 0.862676 2.018593 299.883034 0.159815 18.259017 7.124398
275 -8.780773 0.478439 -15.426979 0.141065 219.302016 0.340806 -75.863813 0.343529 79.494753 0.831249 2.201584 12.142554
275 -5.487288 0.090743 -66.955138 0.012880 215.581512 0.701866 18.678506 3.580845 125.175546 0.887038 26.211075 5.555584
275 -3.434725 0.449353 -27.269006 0.023097 147.533016 0.744392 -86.636676 1.136094 367.069828 0.192463 12.455459 1.450457
275 -5.866983 0.714338 -45.939248 0.106005 218.615358 0.401746 -69.414337 5.891984 410.199088 0.320327 -5.094571 6.314973
276 -5.434394 0.039679 6.626867 0.169771 243.508096 0.348443 -37.090659 5.301279 287.396674 0.583086 25.481539 5.449796
276 -3.676099 0.230707 -23.778429 0.010629 180.186336 0.772665 -40.752800 1.489796 229.956674 0.792155 13.640153 1.933205
276 -5.440925 0.377016 -29.456050 0.017181 220.756683 0.190000 -21.017339 1.264468 126.145198 0.765718 23.434454 5.462858
276 -3.926476 0.758634 -15.764907 1.053227 268.298437 0.697311 -80.106935 2.930959 422.495930 0.134410 -19.493711 2.433959
276 -5.780722 0.166659 9.323571 0.038548 225.224089 0.162424 68.454694 4.618422 36.560147 0.927512 27.962157 6.142452
276 -7.021514 0.631468 -62.624643 0.421299 287.755725 0.411834 0.984485 2.067800 303.307782 0.166822 19.448311 8.624035
276 -8.324768 0.461681 -7.269031 0.089227 218.692053 0.349353 -75.282936 0.414226 76.785475 0.847819 4.980551 11.230543
276 -4.791333 0.032215 -67.024564 0.061977 214.488968 0.008985 -33.966184 4.071717 257.577801 0.691543 24.906098 4.163673
276 -3.567133 0.457590 -25.636638 0.047600 147.668119 0.750833 -87.093076 1.418460 377.730079 0.175114 11.349088 1.715275
276 -5.691299 0.714242 -46.410949 0.111373 208.226156 0.523632 -70.558272 6.213328 442.565304 0.280144 -7.164670 5.963606
277 -6.048789 0.060130 24.500284 0.012523 235.732154 0.379216 -49.174030 4.555984 269.994193 0.574133 19.288982 6.678586
277 -4.397860 0.223144 -30.031385 0.004373 182.744280 0.713116 -33.482773 2.064385 219.160659 0.831638 15.398858 3.376727
277 -5.542168 0.441028 -8.204758 0.057345 227.864031 0.269327 -29.168072 6.162839 25.992368 0.922529 20.496424 5.665343
277 -3.501979 0.765764 -16.750747 1.035609 265.342509 0.722793 -80.179687 2.502244 393.904981 0.222028 -21.456691 1.584965
277 -8.066535 0.548540 -51.300864 0.008623 183.528124 0.022596 47.892769 3.427903 200.946798 0.825058 5.387600 10.714077
277 -6.059438 0.642051 -66.355617 0.275518 275.519376 0.435484 2.231084 1.659292 286.434972 0.204203 22.424191 6.699883
277 -8.846069 0.460569 -4.496480 0.148249 221.952913 0.357983 -75.288767 0.147358 60.856929 0.862158 4.690071 12.273147
277 -4.776722 0.041185 -69.428474 0.052515 211.741974 0.032831 -33.649518 4.509262 295.827943 0.640151 24.051716 4.134451
277 -3.551687 0.472751 -27.163774 0.054759 151.200794 0.702429 -87.272327 1.806952 387.825915 0.144908 10.930931 1.684381
277 -5.019602 0.731416 -46.726460 0.170405 213.319393 0.457473 -55.124387 6.066429 474.217791 0.286222 -11.394355 4.620211
278 -4.974453 0.027438 24.003499 0.078860 236.394066 0.380757 -51.826569 4.552162 262.574483 0.583149 21.585061 4.529914
278 -3.750995 0.129473 -16.584993 0.015339 187.280749 0.716454 -38.966803 1.874547 223.731000 0.786952 16.706936 2.082998
278 -6.058384 0.397404 -1.035555 0.002909 221.450581 0.274139 -31.451170 6.194280 20.132630 0.928381 25.428844 6.697775
278 -4.077039 0.756465 -15.214188 1.094158 271.633588 0.731934 -76.305775 2.883240 415.824647 0.198443 -20.840238 2.735086
278 -7.697603 0.552631 -60.840365 0.007749 183.900417 0.017989 49.336236 3.522586 226.753514 0.779422 5.909754 9.976214
278 -6.245546 0.658781 -60.251489 0.251845 283.925670 0.445819 -10.577407 1.395496 259.180186 0.203217 20.785404 7.072100
278 -9.148603 0.466905 -5.336547 0.182784 225.417642 0.373291 -79.814760 0.328154 65.289037 0.846230 3.452186 12.878213
278 -4.927046 0.058200 -70.962766 0.029173 215.223711 0.017136 -34.516855 4.365499 290.881987 0.622959 23.616139 4.435101
278 -4.004888 0.527961 -41.194422 0.038936 146.799537 0.687963 -89.710060 1.783595 378.220171 0.144632 9.384012 2.590784
278 -4.861918 0.797372 -43.123297 0.121494 205.313319 0.555438 -67.208756 5.946858 493.610781 0.195611 -12.167623 4.304844
279 -5.097974 0.030431 23.225918 0.103297 240.641379 0.377918 -54.179393 4.368170 268.827045 0.546283 21.917228 4.776956
279 -4.322358 0.182653 -17.376385 0.024407 187.375810 0.733501 -42.312405 1.672919 204.188915 0.803223 12.727441 3.225723
279 -6.071222 0.427140 6.789427 0.025801 232.637308 0.335066 -32.634501 5.683494 11.975971 0.926946 27.292695 6.723452
279 -5.818894 0.721640 -23.270442 0.947238 268.282993 0.705289 -70.022034 3.317756 422.474481 0.248842 -18.681083 6.218795
279 -6.629610 0.502811 -56.473913 0.005306 179.048199 0.029135 38.765319 3.292546 244.903880 0.780246 9.391897 7.840227
279 -5.435613 0.671722 -65.103781 0.206992 277.896420 0.473885 -3.446175 1.319659 259.630344 0.217477 20.926763 5.452234
279 -9.162545 0.467540 -6.284239 0.173464 223.539748 0.381749 -78.540603 0.255007 61.378668 0.855215 3.664244 12.906098
279 -5.127951 0.046621 -60.603783 0.040148 223.606948 0.795986 -46.240112 4.083201 289.652598 0.594289 25.665327 4.836910
279 -5.042731 0.544044 -49.769354 0.046322 152.281529 0.676332 -82.109000 1.789673 417.704942 0.097683 18.597792 4.666470
279 -4.733160 0.753841 -51.025285 0.052278 185.256201 0.654083 -63.409593 5.606617 496.824418 0.259138 -12.102698 4.047328
280 -6.479367 0.008472 21.854136 0.004749 243.985203 0.364115 -51.652139 4.425507 257.987363 0.594427 23.214051 7.539742
280 -3.939095 0.400720 -26.139988 0.025336 183.832814 0.770606 -43.667473 2.213399 293.036515 0.608557 4.609906 2.459197
280 -6.048386 0.377732 7.306492 0.006894 218.980849 0.335229 -28.330421 6.017342 18.827903 1.008796 27.019399 6.677781
280 -3.709482 0.765887 -18.816312 0.796924 260.631024 0.696999 -73.679985 3.212220 414.135991 0.219246 -19.738637 1.999972
280 -6.680052 0.430738 -44.145288 0.004088 196.274451 0.703031 37.510790 3.910850 222.503138 0.788786 14.126532 7.941112
280 -4.877243 0.719415 -62.065664 0.203622 284.365166 0.434050 -6.288817 0.966824 228.894422 0.223094 19.708734 4.335494
280 -9.746534 0.453121 -4.792497 0.164978 215.638032 0.400384 -81.722273 0.229492 74.900787 0.853817 2.907356 14.074076
280 -4.961583 0.066404 -62.435714 0.059789 218.811681 0.767617 -47.306793 4.392887 302.528196 0.580232 26.069096 4.504173
280 -3.449233 0.514483 -47.076079 0.014046 148.957883 0.661926 -79.081754 1.875580 393.847936 0.154307 20.686983 1.479473
280 -5.201777 0.778902 -47.842145 0.039547 182.187582 0.642807 -61.557534 5.689501 489.119587 0.276134 -12.813357 4.984561
281 -6.101763 0.037792 25.464765 0.010821 238.903848 0.371316 -54.150907 4.461632 272.480846 0.577372 23.706314 6.784533
281 -5.278618 0.457008 -25.358005 0.058656 200.230877 0.779756 -65.699728 2.342091 318.394900 0.566724 11.738865 5.138244
281 -6.215766 0.369984 17.116359 0.003891 227.922551 0.271104 -22.498724 0.012699 25.262781 0.993014 28.626811 7.012539
281 -5.146368 0.761665 -28.691279 0.551781 250.216021 0.776499 -79.648497 3.345017 430.688849 0.141880 -16.298573 4.873744
281 -6.884806 0.518961 -30.423924 0.004278 192.530901 0.476527 48.537660 2.743078 125.898330 0.912649 15.889427 8.350619
281 -6.670270 0.672596 -64.948643 0.030216 273.007800 0.391131 -3.166802 0.590954 209.500839 0.322703 26.216947 7.921547
281 -8.724938 0.499256 -2.152348 0.006076 197.508144 0.414352 -62.913506 0.801356 39.097520 0.995615 6.172844 12.030883
281 -5.866779 0.026533 -58.046881 0.048213 221.424425 0.789599 -48.741747 4.049615 308.293012 0.587178 26.919352 6.314566
281 -4.877261 0.522831 -48.539072 0.002475 139.130382 0.722093 -84.065279 1.521372 407.543370 0.152912 17.900203 4.335529
281 -4.506897 0.680405 -37.663671 0.130050 198.890443 0.564857 -72.734272 6.347262 493.482707 0.237580 -2.083953 3.594801
282 -6.079691 0.057076 20.833690 0.005520 235.353836 0.401335 -50.673620 4.940225 301.123236 0.550401 22.190078 6.740389
282 -3.843130 0.560174 -14.177858 0.003620 189.382983 0.729138 -44.239344 2.417725 309.424804 0.625879 10.477270 2.267267
282 -5.795259 0.312181 25.445744 0.027551 241.494037 0.289739 -17.370231 0.187070 56.136794 0.883905 27.303788 6.171526
282 -6.429599 0.776518 -33.580348 0.530200 236.888492 0.791373 -80.585233 3.019907 433.205323 0.172682 -11.026869 7.440205
282 -6.038004 0.477623 -26.516725 0.015868 200.622840 0.445199 46.607709 3.027051 130.287185 0.930562 15.906213 6.657016
282 -4.613231 0.780792 -62.206384 0.046479 263.546915 0.351460 -4.384089 0.162596 186.853351 0.361627 21.900482 3.807470
282 -8.162506 0.513458 -5.223225 0.011292 200.214204 0.396767 -59.546387 0.622886 34.475927 0.990172 7.282862 10.906020
282 -5.735574 0.777822 -37.643830 0.136457 263.414372 0.009838 -16.720377 4.197688 294.560593 0.485255 9.861717 6.052155
282 -4.004891 0.501589 -47.868810 0.003350 134.606476 0.721552 -86.333933 1.557619 395.216661 0.165951 15.822522 2.590790
282 -4.925900 0.682092 -46.794957 0.066166 199.225821 0.537728 -67.239698 5.771342 494.844447 0.204683 0.809278 4.432808
283 -5.414899 0.051634 28.533238 0.067047 234.730414 0.379763 -48.399243 4.880025 263.415389 0.607242 21.329892 5.410805
283 -3.614719 0.500783 -5.002485 0.025717 188.502052 0.724588 -33.248482 2.595437 297.838492 0.691175 11.758943 1.810445
283 -6.193343 0.272733 28.537939 0.036341 247.295322 0.243301 -15.287329 0.805066 65.839557 0.870433 27.025809 6.967694
283 -3.607496 0.749994 -18.116665 0.562955 248.898992 0.624619 -78.040020 2.239728 320.507884 0.388906 -3.867086 1.796000
283 -6.041129 0.474892 -35.080413 0.004010 208.472072 0.364277 46.637979 3.138042 109.812522 0.883808 18.205129 6.663265
283 -4.043174 0.794920 -67.198787 0.086435 269.034972 0.409453 -6.653471 0.161301 206.464335 0.269583 19.314982 2.667355
283 -8.138038 0.529712 -7.390218 0.008574 199.086433 0.396514 -56.661768 0.555479 29.224180 1.000659 7.068939 10.857084
283 -6.117635 0.786858 -39.550504 0.152882 263.898774 0.147664 6.208825 5.333087 341.848279 0.410001 11.654231 6.816278
283 -3.602108 0.550772 -61.846061 0.003735 165.845798 0.696225 -77.828753 1.661464 375.186597 0.185768 29.099558 1.785223
283 -3.677468 0.712122 -65.559535 0.075577 182.643974 0.647854 -76.912579 3.686219 446.267961 0.042218 -5.146234 1.935944
284 -4.956264 0.046474 33.646815 0.112871 234.213845 0.375963 -48.791646 5.218430 279.475349 0.596623 22.961466 4.493536
284 -4.197328 0.683161 -11.995225 0.026253 180.977068 0.748473 -62.067785 0.553985 209.787664 0.818438 6.279802 2.975663
284 -5.392918 0.379128 14.600731 0.137149 247.067070 0.144625 -4.757864 0.729898 43.236879 0.869885 23.485308 5.366844
284 -3.346961 0.760930 -16.692025 0.513249 248.568260 0.605592 -69.947623 2.671188 347.433572 0.370719 -5.047349 1.274930
284 -6.233233 0.376549 -25.794037 0.004371 200.357783 0.395885 35.845524 3.533991 120.857899 0.921468 22.311416 7.047473
284 -4.221612 0.791309 -66.714016 0.073217 271.972198 0.440912 -14.674218 0.063272 220.723016 0.213874 19.764388 3.024231
284 -8.312619 0.527734 -7.791596 0.010750 198.008651 0.400341 -57.111314 0.515712 27.174065 1.003032 6.691782 11.206245
284 -5.300837 0.751539 -28.824337 0.148084 255.145957 0.105243 7.778265 5.620432 333.767564 0.506246 8.497705 5.182682
284 -4.009812 0.548772 -61.931588 0.079322 190.061935 0.700634 -76.912739 2.429010 403.515069 0.112048 37.427485 2.600631
284 -4.077999 0.714078 -67.891083 0.031204 183.514332 0.580689 -73.413220 4.856859 473.360131 0.063029 -2.565871 2.737006
285 -5.175487 0.039174 37.352069 0.175420 243.002306 0.331390 -49.440263 5.031335 268.233723 0.573246 23.318403 4.931982
285 -4.181557 0.642636 -8.530196 0.085163 200.598360 0.787770 -48.064023 2.368440 331.272240 0.623666 -0.831696 2.944121
285 -5.427820 0.379057 15.398299 0.138609 248.835970 0.149226 -4.403254 0.740324 41.993088 0.869579 23.718625 5.436647
285 -3.236380 0.764008 -17.206426 0.552914 251.601967 0.636285 -75.234238 2.411441 346.216901 0.329713 -6.126457 1.053767
285 -6.593084 0.343599 -9.814709 0.009359 185.879388 0.495533 20.293906 3.906991 164.818679 0.964544 15.380975 7.767176
285 -4.279401 0.795225 -68.950807 0.106239 277.924224 0.407574 -0.326883 0.343465 216.327379 0.238061 23.123553 3.139810
285 -8.101178 0.688319 -25.939389 0.056977 210.371505 0.292715 -47.327507 2.480044 115.871507 0.907838 2.142856 10.783364
285 -5.180107 0.757995 -22.883816 0.143013 246.635136 0.127851 1.622447 5.474985 328.979102 0.571384 6.930339 4.941222
285 -3.423980 0.493605 -58.951306 0.102950 183.187036 0.754776 -85.388957 2.185028 399.929619 0.131012 39.110540 1.428968
285 -3.783168 0.786809 -68.613137 0.110660 215.435069 0.581256 -67.521710 4.415625 444.894857 0.041483 -7.375446 2.147343
286 -5.149428 0.008175 42.405722 0.008074 220.736121 0.400870 -35.278120 5.497571 285.331721 0.647468 21.184850 4.879863
286 -8.994937 0.656771 -9.529879 0.129447 206.605595 0.771905 -50.401505 3.397601 406.520184 0.512333 6.967301 12.570882
286 -5.558845 0.389503 15.028803 0.127324 250.082256 0.131909 -0.066530 0.505642 27.911018 0.883071 24.808816 5.698698
286 -4.238334 0.767247 -20.282187 0.633420 256.370921 0.690843 -76.837455 2.386641 348.550116 0.316004 -2.715004 3.057676
286 -5.577750 0.135245 6.975490 0.009661 195.120031 0.349408 20.695611 4.614999 113.974488 1.010996 22.047541 5.736507
286 -4.340898 0.779913 -70.924904 0.086684 274.933094 0.363697 -1.411594 0.510133 214.131128 0.263391 23.933582 3.262804
286 -7.096546 0.695499 -17.350084 0.085179 230.112425 0.179032 -56.017278 1.401329 74.394577 0.878102 5.223709 8.774100
286 -5.877360 0.793751 -28.943060 0.132986 239.263480 0.135125 -7.671158 5.793154 333.956524 0.588941 4.335462 6.335728
286 -3.227586 0.409301 -48.168794 0.077561 174.426258 0.707954 -83.299038 3.326165 426.973914 0.155408 37.622020 1.036180
286 -3.826946 0.756393 -53.529318 0.156549 213.056636 0.562690 -78.380214 2.908602 385.906020 0.108015 -4.120764 2.234899
287 -5.279825 0.021252 40.918891 0.009780 226.193845 0.404922 -35.768612 5.469160 281.165354 0.639020 20.479831 5.140657
287 -7.040129 0.676768 -2.964511 0.174091 211.639255 0.799665 -48.073296 3.544189 406.502519 0.542832 2.852767 8.661265
287 -5.977835 0.297490 15.242057 0.038907 244.572719 0.057616 4.263069 0.670764 16.733220 0.888273 26.196617 6.536678
287 -4.588606 0.778329 -11.194570 0.446268 252.998035 0.765020 -78.087266 2.634967 369.475043 0.310120 4.783142 3.758219
287 -5.985989 0.160193 5.908796 0.001962 189.577725 0.335340 23.377289 4.556235 109.078977 1.008155 19.299575 6.552986
287 -6.870630 0.795432 -42.978769 0.020317 273.767540 0.188716 52.943513 1.714648 194.183264 0.490282 18.525594 8.322267
287 -6.349472 0.711919 -34.457184 0.082433 249.265965 0.069254 -49.724697 1.153128 45.012382 0.761917 7.940955 7.279951
287 -6.748201 0.670631 -22.759314 0.044746 235.971246 0.062550 -9.263349 6.500044 333.652663 0.631570 20.758096 8.077410
287 -2.989726 0.375148 -44.468029 0.110089 175.193248 0.778862 -83.381607 3.166165 430.371359 0.113186 40.952808 0.560460
287 -3.764997 0.728785 -51.268428 0.105298 220.095672 0.525015 -74.169644 2.736301 357.846983 0.140582 -1.425403 2.111002
288 -5.492561 0.068166 37.988697 0.064514 231.657263 0.406882 -41.877037 5.330730 304.076528 0.574791 21.272707 5.566129
288 -5.021223 0.722988 -9.501395 0.176798 214.353863 0.734880 -39.469389 2.275445 348.818852 0.570034 3.131390 4.623453
288 -6.061114 0.184883 27.450840 0.035568 245.819690 0.129732 10.166122 1.253775 41.878922 0.852831 27.886497 6.703235
288 -3.128660 0.735340 -13.665335 0.526331 256.382220 0.687379 -76.353179 2.184705 310.997560 0.386530 2.141717 0.838327
288 -6.256397 0.156513 8.060855 0.007192 185.835120 0.368891 22.271277 4.693561 126.713810 1.003798 18.516865 7.093802
288 -6.029453 0.791205 -38.371923 0.052473 267.433607 0.278921 45.813173 1.159140 182.437539 0.485326 13.509059 6.639914
288 -6.469890 0.704975 -29.329455 0.076727 242.225552 0.110187 -57.314900 1.796047 76.921309 0.782122 6.560763 7.520788
288 -6.879635 0.693812 -27.464480 0.047789 236.021747 0.079418 -20.659850 6.529040 344.614162 0.549485 19.931232 8.340278
288 -3.688898 0.432130 -51.038705 0.067128 173.704592 0.732303 -77.489858 3.197333 422.215226 0.142810 40.397263 1.958803
288 -3.639595 0.707455 -61.664677 0.128741 201.284427 0.627932 -72.348891 2.051144 380.072738 0.077691 -5.226186 1.860197
289 -6.314839 0.091002 36.385912 0.018556 235.265265 0.441066 -38.859698 5.680364 316.450761 0.608145 23.025735 7.210686
289 -7.629222 0.672084 -4.530878 0.193957 210.719220 0.729049 -50.958172 2.728644 373.365685 0.554199 4.104604 9.839452
289 -5.876516 0.086844 33.556733 0.033483 227.001847 0.175866 -0.276445 2.076760 54.959340 0.924024 29.454633 6.334039
289 -3.347301 0.737411 -16.411234 0.406383 220.526115 0.694812 -74.781866 2.277738 353.483204 0.313838 -2.906245 1.275609
289 -6.602197 0.184682 5.199448 0.011585 185.761939 0.370785 21.142959 4.790532 137.813878 0.986129 17.584961 7.785402
289 -6.258425 0.760493 -27.830329 0.090857 284.799358 0.199911 51.931291 1.124871 120.645463 0.585412 15.136788 7.097857
289 -6.345786 0.632689 -27.904484 0.026082 232.943908 0.109856 -72.639355 2.374429 91.935833 0.776399 9.047968 7.272580
289 -6.334206 0.795527 -33.994425 0.073580 245.003317 0.014933 -34.939102 6.008438 332.715659 0.537178 11.002557 7.249419
289 -3.183154 0.448091 -52.992764 0.121246 177.136603 0.746401 -83.414446 3.987988 457.551737 0.112946 42.797442 0.947316
289 -3.981847 0.792394 -54.598572 0.083895 231.106343 0.704488 -68.219933 1.875347 353.360364 0.107539 -19.681522 2.544701
290 -7.015982 0.065626 35.937688 0.193359 245.968210 0.546158 -40.294828 5.538063 346.782015 0.500341 28.309638 8.612971
290 -3.892776 0.697065 -5.509583 0.206968 218.846933 0.724686 -35.461404 1.925818 332.725010 0.574883 4.433237 2.366560
290 -6.967256 0.006349 37.342968 0.002556 214.098152 0.172099 10.603968 2.602192 68.943899 0.986042 33.110884 8.515519
290 -4.006423 0.705720 -22.778828 0.687029 245.835118 0.793039 -79.926086 2.660344 391.018470 0.201584 -10.632841 2.593853
290 -6.939644 0.163932 7.844579 0.003015 177.095872 0.348492 27.558097 4.932879 125.019059 1.033441 16.011434 8.460297
290 -5.746812 0.756902 -31.180328 0.140522 275.137026 0.254336 75.206219 0.210511 48.598132 0.686544 6.074978 6.074632
290 -5.831968 0.598557 -14.953562 0.042595 217.266856 0.164754 -51.310846 2.960252 89.588219 0.981435 14.901973 6.244943
290 -9.038182 0.775397 -22.828753 0.047693 213.840308 0.295222 -84.010310 6.143494 439.641614 0.592236 22.581745 12.657371
290 -3.618082 0.434305 -52.125464 0.173797 188.713799 0.793482 -82.685558 4.116312 474.716086 0.099174 51.900130 1.817171
290 -4.124245 0.759813 -49.580775 0.091695 232.294619 0.713887 -68.340375 2.117524 359.660630 0.112830 -20.639276 2.829498
291 -5.391712 0.155161 39.033251 0.199759 235.609038 0.498869 -47.051906 5.566546 338.235988 0.540442 25.725034 5.364432
291 -3.750562 0.775272 -20.932387 0.076570 207.235127 0.754231 -36.688158 1.864374 332.921053 0.543808 -3.231902 2.082131
291 -5.878750 0.121872 33.251638 0.015863 220.201686 0.167763 -3.230002 2.665428 126.634092 0.917656 29.828608 6.338508
291 -4.053886 0.618525 -16.056736 1.224983 284.682744 0.762087 -77.499798 2.890863 403.722071 0.145168 -17.195825 2.688779
291 -7.003043 0.155425 8.932789 0.003118 175.959176 0.337776 27.949651 4.972170 120.940891 1.040085 16.047601 8.587093
291 -5.596055 0.790203 -29.372965 0.140021 287.850661 0.241614 70.638184 0.488825 68.810063 0.644201 6.472212 5.773117
291 -7.437921 0.656058 -24.608031 0.062806 216.965862 0.259388 -48.715726 1.951656 71.849044 0.894906 5.418170 9.456851
291 -5.768768 0.742739 -16.408125 0.034152 205.926316 0.253644 -50.696950 6.479166 404.129944 0.667143 15.105619 6.118544
291 -3.198598 0.424743 -53.718207 0.138677 183.890540 0.771440 -81.854675 4.055333 460.632612 0.109072 54.186475 0.978204
291 -5.041727 0.780949 -54.968593 0.280755 238.117310 0.777333 -87.104536 2.174492 339.294293 0.144876 -16.943854 4.664461
292 -5.451016 0.170034 37.500069 0.203192 235.024376 0.506948 -51.412533 5.657242 350.704406 0.522502 25.737016 5.483039
292 -4.109819 0.750984 -26.795549 0.032975 205.216932 0.767144 -30.999850 1.476023 337.938338 0.514185 -0.278948 2.800645
292 -6.680217 0.165678 26.724631 0.051622 240.186941 0.030468 24.018113 2.620062 79.235770 0.897647 30.990511 7.941442
292 -3.636029 0.722963 -24.025594 1.242157 282.697978 0.791256 -85.820497 2.283811 398.403242 0.095410 -26.593312 1.853066
292 -6.591726 0.140041 10.145750 0.002391 177.486119 0.337006 27.681322 5.016271 124.859215 1.044571 17.109127 7.764460
292 -6.491696 0.772760 -29.792913 0.060008 278.673151 0.281443 75.583464 0.756335 84.200700 0.616648 11.724201 7.564400
292 -6.303650 0.485294 -13.613773 0.024390 208.660566 0.209020 -54.708809 2.307969 57.898448 0.930955 15.477056 7.188307
292 -6.077418 0.757234 -22.365146 0.016853 201.886158 0.145833 -26.772767 6.306731 368.276699 0.698331 8.614696 6.735844
292 -3.992787 0.459104 -62.716546 0.060450 187.144941 0.790424 -73.504626 4.060144 466.716390 0.059366 49.375907 2.566582
292 -4.613134 0.720465 -50.037290 0.250752 232.321164 0.718446 -75.699085 2.804659 386.729917 0.139048 -8.731995 3.807276
293 -6.896437 0.210761 33.975874 0.224212 242.300866 0.463072 -55.818662 5.616619 352.570416 0.525041 30.560143 8.373882
293 -4.320866 0.785942 -24.101083 0.007328 211.199417 0.705937 -33.189539 1.590003 323.545920 0.558121 0.914118 3.222740
293 -6.034534 0.258254 23.600745 0.081122 246.551046 0.790351 17.707434 2.829621 109.492490 0.856197 27.499533 6.650076
293 -3.290005 0.720281 -27.047063 1.140634 273.542380 0.779900 -84.791025 2.419373 390.787685 0.145823 -30.998462 1.161018
293 -7.376391 0.174546 6.024510 0.002522 171.719042 0.365643 24.799990 5.084371 141.596849 1.040403 14.874603 9.333790
293 -5.758127 0.740901 -23.368366 0.102962 301.115354 0.206745 -89.106188 0.791065 59.045397 0.611915 9.338868 6.097261
293 -5.598772 0.466391 -8.107042 0.039589 219.920185 0.211698 -62.586773 2.396798 60.327419 0.917560 18.880404 5.778552
293 -6.602188 0.773344 -21.273650 0.082549 206.278854 0.144270 -30.155438 6.238610 361.831029 0.703205 3.990941 7.785384
293 -3.645120 0.479105 -58.414294 0.027844 174.725511 0.706916 -82.333543 4.786445 485.964542 0.153528 50.320544 1.871247
293 -3.971087 0.694410 -52.707135 0.235993 230.253872 0.765554 -65.754997 1.722702 355.607489 0.117852 -16.028758 2.523181
294 -5.525816 0.244638 17.740903 0.140411 246.049356 0.466461 -75.329208 5.897306 260.887891 0.656616 25.634646 5.632640
294 -5.016916 0.760721 -26.253213 0.039715 226.887626 0.710903 -39.159480 2.115682 334.611697 0.501928 -0.953690 4.614839
294 -7.183093 0.258540 25.365059 0.003558 242.332453 0.053537 -15.722806 3.434827 157.931819 0.828941 31.447627 8.947193
294 -4.182359 0.715332 -28.460893 0.862746 272.104868 0.789317 -78.636412 2.459506 393.424896 0.138598 -28.409788 2.945725
294 -6.933405 0.152778 8.395454 0.001557 172.443724 0.356074 27.875181 5.177872 137.617252 1.056210 15.826469 8.447818
294 -5.524357 0.736678 -18.210087 0.099539 290.264688 0.160305 -87.801763 0.859801 77.228358 0.674003 6.207676 5.629721
294 -6.123428 0.565003 -16.904566 0.018327 217.416067 0.210044 -61.087626 2.864944 85.104601 0.881859 14.461684 6.827864
294 -6.592343 0.797623 -36.473085 0.005623 211.298426 0.227453 -35.193624 5.662494 341.700736 0.632264 11.774321 7.765693
294 -4.359577 0.485785 -64.735520 0.005767 192.164386 0.749044 -75.937793 4.978835 471.304852 0.160395 39.817354 3.300161
294 -5.567925 0.699750 -58.061865 0.121263 235.787432 0.711956 -58.029623 1.676962 345.556124 0.152705 7.812817 5.716858
295 -5.090976 0.320361 5.672475 0.130348 236.118944 0.414666 -78.981719 6.409645 316.969195 0.588778 21.945023 4.762959
295 -3.711704 0.766351 -23.463510 0.167548 233.488817 0.747997 -38.619447 1.759787 350.924512 0.435134 -7.732515 2.004415
295 -7.622917 0.217158 30.659363 0.002807 240.903607 0.782679 -14.077691 3.603766 118.516259 0.909525 32.036740 9.826842
295 -5.035981 0.724580 -30.173779 0.835182 268.196456 0.689053 -74.030922 2.659852 388.284256 0.153949 -21.700753 4.652970
295 -7.070896 0.151128 7.696192 0.001532 173.100842 0.402796 32.675672 5.297972 158.728466 1.024175 15.981067 8.722800
295 -5.136808 0.725490 -17.769609 0.179457 286.492814 0.169453 -84.605477 0.686709 61.262033 0.693172 9.069336 4.854624
295 -6.861782 0.736636 -41.982304 0.006591 223.166487 0.772683 -57.205470 1.779363 39.124264 0.896861 10.433661 8.304572
295 -6.024996 0.673395 -41.760159 0.042523 216.738619 0.098758 -22.319945 5.769779 329.178364 0.716642 12.562767 6.631000
295 -3.735091 0.432033 -64.971105 0.022187 180.386585 0.743297 -74.067934 4.989951 478.386637 0.143874 30.703275 2.051189
295 -4.187114 0.682977 -55.662198 0.231279 264.547812 0.633312 -58.088372 1.036003 269.638441 0.152505 6.339250 2.955235
296 -5.503409 0.318217 8.167383 0.076671 234.999022 0.390822 -76.174742 6.181511 268.938661 0.692789 23.969327 5.587825
296 -8.674273 0.797641 -33.459723 0.065284 215.501243 0.731500 -47.197742 2.795153 423.442537 0.404398 -10.590841 11.929554
296 -6.589143 0.192214 48.550648 0.083105 262.508785 0.657549 -58.550359 3.252071 134.044217 0.737609 28.179100 7.759293
296 -3.537981 0.762702 -29.054400 0.836956 283.994310 0.751242 -82.589913 2.162828 352.748632 0.166970 -18.378017 1.656970
296 -7.071767 0.153753 7.665483 0.003614 173.384411 0.397463 33.415863 5.291709 157.130785 1.025797 15.704461 8.724541
296 -6.096939 0.788839 -19.757838 0.104586 273.849645 0.172408 -85.153604 0.930168 70.106138 0.740940 7.814543 6.774886
296 -6.876254 0.736995 -38.598315 0.023179 219.512298 0.790444 -53.888507 2.400286 48.253924 0.974207 9.157124 8.333516
296 -5.779073 0.709474 -28.219810 0.118136 240.157433 0.757986 -38.041071 5.521550 377.704847 0.607338 4.561912 6.139154
296 -3.299662 0.496559 -68.553219 0.042507 178.112738 0.775537 -80.553860 4.313930 445.076455 0.179407 31.376933 1.180331
296 -4.202259 0.687255 -57.783519 0.167390 261.195613 0.627121 -58.268020 1.346229 272.737874 0.165990 9.318407 2.985526
297 -6.236021 0.215086 23.533409 0.130593 252.787138 0.145448 -73.751947 5.685437 173.224127 0.774923 28.951355 7.053049
297 -5.060285 0.770727 -47.774109 0.071763 204.955259 0.760772 -40.204302 2.702992 426.487421 0.326992 -16.757206 4.701578
297 -6.662674 0.333500 27.501933 0.086755 252.212796 0.115006 -67.308071 2.647691 13.669329 0.918115 29.203914 7.906356
297 -3.350580 0.792341 -31.500363 0.822612 288.253983 0.739854 -85.198094 1.919916 336.424409 0.212972 -23.673212 1.282167
297 -6.751583 0.139542 8.513316 0.002189 174.339506 0.379040 32.481334 5.308589 147.339462 1.036088 17.626832 8.084173
297 -4.652082 0.793646 -26.870783 0.283097 293.062674 0.166912 84.336971 1.053286 226.236028 0.400401 4.893427 3.885171
297 -8.428798 0.787153 -37.556699 0.022663 217.854380 0.789280 -39.435868 1.855815 14.175305 1.026685 1.579997 11.438603
297 -6.582151 0.788641 -29.704624 0.166956 251.588576 0.756213 -44.056469 5.215892 323.333604 0.711627 1.149661 7.745309
297 -3.180534 0.496598 -76.234108 0.051119 165.173489 0.794993 -79.890209 3.887561 452.646946 0.088687 29.658561 0.942076
297 -3.490186 0.786171 -70.846182 0.045636 231.691727 0.644574 -70.635640 0.798674 285.428982 0.194858 17.683518 1.561380
298 -7.559033 0.190645 25.610931 0.052856 249.074465 0.281699 -73.759418 6.444152 178.236288 0.816783 31.433228 9.699073
298 -3.495392 0.760446 -29.855228 0.254129 223.537335 0.705323 -49.901327 3.080749 403.435279 0.417374 -20.932549 1.571792
298 -7.317728 0.261116 42.233791 0.131128 262.345035 0.119228 -46.725473 3.723401 64.435120 0.856869 30.926750 9.216463
298 -4.009223 0.761267 -29.202160 0.835767 288.822478 0.711031 -79.233821 2.077074 356.531637 0.181884 -22.962641 2.599454
298 -6.497768 0.155153 7.068941 0.003044 177.072357 0.348818 42.572373 5.180697 137.529703 1.037870 17.928983 7.576543
298 -4.741975 0.772441 -25.642706 0.236937 288.597480 0.054218 -89.649777 1.012412 166.419434 0.516024 8.588509 4.064958
298 -8.782361 0.776080 -43.731729 0.009108 227.642296 0.787551 -35.433214 2.370917 12.808187 1.041985 1.671819 12.145729
298 -8.098181 0.737618 -35.880862 0.048093 237.305448 0.733524 -44.873026 6.219835 388.159891 0.648091 8.482309 10.777371
298 -3.169171 0.510739 -76.965950 0.013244 162.940755 0.794995 -71.223677 3.759885 454.842890 0.073280 32.886437 0.919349
298 -4.183546 0.768587 -54.904497 0.091622 256.481450 0.569831 -78.956942 0.707101 212.722954 0.338488 17.124529 2.948099
299 -5.474916 0.482308 -13.784654 0.299043 265.902091 0.351704 -31.756126 4.777909 280.838763 0.535412 17.527441 5.530840
299 -6.478506 0.786533 -43.098559 0.030354 185.832185 0.761679 -63.870374 4.177475 462.855399 0.371340 -17.248861 7.538019
299 -6.704141 0.295403 27.916559 0.090866 248.150367 0.199236 -74.127056 3.411286 69.140346 0.890542 31.739905 7.989289
299 -3.720746 0.797092 -32.871490 0.632714 281.625977 0.762027 -82.973907 1.924066 342.780509 0.151375 -18.689818 2.022499
299 -6.336069 0.146047 8.673490 0.003381 178.771281 0.337412 42.696639 5.192650 133.342356 1.041104 18.033966 7.253146
299 -4.878070 0.785298 -25.387650 0.381574 306.753136 0.025557 61.719975 1.076025 194.874535 0.445615 6.041458 4.337147
299 -10.267979 0.787964 -40.603379 0.043407 215.657676 0.074375 -49.937895 2.584181 39.118247 1.013548 -4.309406 15.116965
299 -5.703484 0.748805 -30.740270 0.042999 223.503516 0.717732 -59.918490 5.970677 338.440396 0.651170 9.919328 5.987976
299 -3.485329 0.444318 -65.678972 0.037167 178.708358 0.713063 -77.462306 3.691689 448.232510 0.033431 36.655882 1.551666
299 -4.151748 0.751760 -53.164804 0.137884 256.966795 0.583524 -88.768416 0.940105 221.316743 0.352611 13.822653 2.884503
300 -5.848129 0.481418 -11.355388 0.222886 262.328108 0.339836 -25.022857 4.943876 312.380784 0.523920 17.736760 6.277266
300 -6.773668 0.784746 -44.704163 0.025027 185.784277 0.782139 -66.343791 3.939542 457.858361 0.355854 -16.326545 8.128343
300 -6.068239 0.428122 23.481008 0.147651 260.419042 0.083752 -34.870727 2.283124 42.409395 0.862053 25.630822 6.717486
300 -3.782085 0.762997 -32.991920 0.639293 284.296571 0.787151 -84.308407 2.152980 338.552865 0.157079 -12.721546 2.145178
300 -6.285888 0.155861 5.849902 0.001366 182.302620 0.350632 43.388495 5.381684 145.858883 1.007804 18.314545 7.152784
300 -4.444110 0.774533 -25.255324 0.408090 297.750189 0.039006 70.860779 1.192780 200.308305 0.467031 4.816388 3.469228
300 -9.368136 0.764132 -56.561449 0.009351 196.264578 0.003547 -38.120023 2.359504 57.302370 1.004335 0.979982 13.317279
300 -6.022693 0.749117 -42.444209 0.028288 207.898524 0.142928 85.277568 6.448815 403.808049 0.552591 9.439087 6.626393
300 -4.475189 0.467715 -61.085700 0.087747 170.873256 0.720509 -68.950607 3.758238 482.888453 0.009838 29.635088 3.531386
300 -4.808969 0.767683 -43.386601 0.198612 276.614383 0.505860 -78.336353 1.362628 235.377268 0.314948 11.080063 4.198946
301 -8.497661 0.515903 -25.365863 0.035373 247.513289 0.303389 -47.864741 4.934937 367.901404 0.411832 16.873547 11.576329
301 -6.283702 0.763527 -37.162278 0.032960 188.273390 0.714946 -56.763924 3.476763 400.900401 0.493955 -15.925672 7.148412
301 -6.335420 0.448089 19.786953 0.058627 254.054068 0.126199 -47.767750 2.009186 46.799821 0.865989 22.681957 7.251848
301 -4.197165 0.775683 -40.832681 0.466799 276.635864 0.799767 -81.620908 2.212660 333.858608 0.156298 -10.974354 2.975338
301 -5.570981 0.156604 5.149731 0.002569 189.222123 0.229005 71.920156 5.888239 145.181760 1.040822 22.497814 5.722970
301 -4.185559 0.770022 -25.691723 0.376378 287.757573 0.001436 79.789033 1.252779 206.735612 0.491592 2.930961 2.952126
301 -9.044810 0.734904 -53.908004 0.011431 193.674920 0.780238 -25.859421 2.605562 26.999683 1.081030 1.584983 12.670627
301 -6.179264 0.755318 -39.343653 0.022617 214.495567 0.085428 -86.611306 6.394547 378.251552 0.540815 8.573170 6.939536
301 -3.299048 0.394022 -52.845694 0.080545 168.681481 0.710198 -75.864912 4.354203 481.109479 0.061821 32.742615 1.179104
301 -3.837128 0.737344 -46.688198 0.177114 242.681377 0.480495 -73.824073 0.898464 248.265272 0.343568 6.946980 2.255263
302 -7.714323 0.471885 -22.513306 0.232969 238.607067 0.422159 -64.107052 4.783437 413.177845 0.283771 26.059669 10.009653
302 -6.089196 0.726533 -32.998236 0.020440 190.411232 0.684816 -54.970004 2.993805 365.908730 0.537943 -11.338520 6.759399
302 -6.849055 0.472526 14.831603 0.011045 246.730314 0.098055 -48.357436 1.818164 21.136921 0.949823 28.147460 8.279118
302 -4.027923 0.716217 -42.498770 0.442334 260.331326 0.785531 -83.014017 2.584278 349.261498 0.139860 -5.699343 2.636854
302 -5.614458 0.151025 4.561671 0.003440 187.640677 0.232375 73.017275 6.022148 154.009373 1.028783 23.112718 5.809924
302 -4.326406 0.778238 -25.164873 0.330964 293.172868 0.007045 80.473640 1.217861 211.915145 0.461626 4.376622 3.233819
302 -9.771495 0.759451 -62.102700 0.006332 187.871081 0.762739 -22.442819 3.123234 70.749725 1.023033 1.154257 14.123999
302 -6.359181 0.761891 -34.341997 0.050778 219.436727 0.107131 -88.208734 6.251707 359.510195 0.526608 11.596438 7.299370
302 -3.448173 0.417741 -50.183782 0.123615 175.970360 0.754976 -72.973990 4.639839 497.802956 0.003682 39.132726 1.477353
302 -4.791977 0.769553 -51.883397 0.118697 221.110382 0.582361 -81.683833 0.641186 290.602498 0.316503 6.813628 4.164962
303 -5.463078 0.513886 -4.904013 0.281158 265.256386 0.252576 -73.141389 3.750845 269.375186 0.538666 19.796372 5.507164
303 -6.162884 0.707214 -24.866116 0.066081 202.715649 0.657842 -51.341152 2.632822 329.830598 0.629913 -3.805186 6.906776
303 -6.913475 0.468123 12.023859 0.007489 249.946920 0.129978 -51.436666 2.268240 29.883105 0.921231 27.838483 8.407957
303 -4.130867 0.702774 -41.353879 0.466864 265.912060 0.730681 -84.812503 2.854375 335.662953 0.154582 -3.915942 2.842741
303 -5.684257 0.160913 2.238916 0.004075 185.037970 0.260063 70.895575 5.906576 152.821103 1.032670 20.999704 5.949523
303 -4.320297 0.666252 -14.083768 0.383314 286.992349 0.734761 -83.110849 1.781643 236.485473 0.440183 9.615300 3.221601
303 -9.752234 0.742161 -56.317496 0.009856 191.646257 0.731710 -19.428606 3.248090 63.600167 1.069515 -0.666859 14.085476
303 -4.603656 0.663118 -5.127866 0.084842 242.626372 0.589510 -84.005695 5.389578 345.949071 0.497084 18.161640 3.788319
303 -3.093014 0.393954 -53.688519 0.187410 185.391668 0.753380 -76.950525 4.365939 471.231634 0.000449 34.386186 0.767035
303 -4.018018 0.715688 -35.322138 0.148406 249.939586 0.388810 -83.551420 0.287947 198.500520 0.429031 15.891962 2.617044
304 -6.360560 0.489705 4.803603 0.281856 273.210728 0.171399 -68.972515 3.866116 235.585197 0.602734 19.795050 7.302127
304 -3.514481 0.765685 -25.928412 0.106215 218.071999 0.771926 -42.464428 2.454988 369.887253 0.499150 -11.292412 1.609969
304 -5.957064 0.424879 11.751636 0.181655 267.295482 0.193883 -57.064326 2.704591 43.099277 0.820142 24.858897 6.495135
304 -3.885977 0.701052 -40.234544 0.528164 262.249658 0.739689 -83.910890 2.613756 345.026883 0.147941 -11.366723 2.352961
304 -5.776047 0.162159 0.517388 0.003630 183.685207 0.263671 70.367011 5.870734 153.767617 1.026488 20.579128 6.133101
304 -4.262788 0.653388 -14.827651 0.399994 288.350919 0.710632 -78.444712 1.576002 227.285976 0.441391 9.082078 3.106584
304 -8.683905 0.717944 -56.386958 0.014969 195.243672 0.719186 -14.949812 3.196650 60.474059 1.066685 2.579924 11.948818
304 -4.734794 0.617873 5.123823 0.114418 245.046828 0.551347 -65.858843 5.638614 311.590935 0.619551 18.592736 4.050596
304 -4.103633 0.396652 -57.756756 0.150066 190.970293 0.750364 -73.069167 3.639790 460.107658 0.031534 42.105882 2.788273
304 -4.874274 0.701225 -28.659908 0.062975 252.278355 0.332129 -71.966646 0.215202 163.936239 0.549057 15.832032 4.329555
305 -7.335404 0.443982 12.982747 0.266296 268.483372 0.217876 -60.522205 5.599320 274.722325 0.653907 26.484538 9.251815
305 -6.211193 0.718854 -35.188058 0.006971 215.265012 0.758285 -50.509628 2.451849 372.903236 0.445730 -7.003524 7.003393
305 -7.344526 0.328092 20.399425 0.307898 286.386095 0.101454 -65.821961 3.763617 86.609339 0.742119 27.615069 9.270060
305 -4.178992 0.714429 -47.680672 0.403643 262.829373 0.784244 -77.863905 2.933890 357.186658 0.123022 -10.135278 2.938991
305 -5.662546 0.156338 2.560177 0.003745 185.219922 0.245436 70.433280 5.977312 150.228810 1.041873 21.453273 5.906099
305 -3.741777 0.632919 -15.283982 0.588984 287.195467 0.730178 -72.180469 1.998691 272.802156 0.375861 4.889359 2.064561
305 -8.344535 0.738545 -48.000383 0.007212 196.131622 0.702670 -13.486758 3.046904 41.309070 1.156508 5.215173 11.270077
305 -6.097439 0.537846 12.487369 0.184632 254.105244 0.549543 -68.192947 6.229065 343.779779 0.549513 22.939606 6.775885
305 -3.944585 0.397236 -64.900617 0.155950 196.153629 0.763182 -72.240787 2.547330 412.702019 0.056049 42.278787 2.470178
305 -5.328043 0.656142 -30.634610 0.016935 240.240336 0.324695 -54.359368 0.505170 138.482836 0.639279 17.996860 5.237094
306 -8.425781 0.412981 12.501787 0.205736 261.614416 0.132541 -46.609449 5.266166 224.209938 0.769110 30.394340 11.432570
306 -4.697434 0.735801 -35.106867 0.017094 214.217152 0.782678 -46.726104 2.471936 354.959502 0.495823 -9.469247 3.975875
306 -7.664137 0.334924 26.014360 0.297270 286.885478 0.152044 -67.276065 3.899982 85.884603 0.751652 28.406199 9.909282
306 -4.403778 0.780386 -46.044631 0.415434 280.412414 0.789860 -79.087084 2.757477 339.037560 0.129767 -14.048615 3.388564
306 -5.662162 0.152657 3.284575 0.004440 186.161673 0.245110 69.846249 5.951259 143.519417 1.043499 21.340637 5.905331
306 -3.566504 0.690637 -17.519534 0.724488 292.860703 0.769113 -82.994880 1.931372 291.461242 0.317310 3.650426 1.714016
306 -8.248013 0.742592 -49.746989 0.001510 194.822937 0.715031 -12.345408 3.168029 52.181609 1.145730 5.054911 11.077033
306 -6.159528 0.523609 14.683690 0.152998 251.778865 0.522167 -65.886339 6.372902 340.325276 0.581020 24.087498 6.900064
306 -6.623290 0.391697 -47.410965 0.189902 198.745222 0.760253 -65.947102 2.589276 424.088605 0.025697 45.952628 7.827587
306 -6.428043 0.720150 -60.264306 0.039566 243.159044 0.412412 -60.109286 6.156030 131.690479 0.602286 15.231183 7.437093
307 -7.581483 0.415675 13.324098 0.223906 268.630393 0.096533 -45.119313 4.909105 232.394521 0.691052 29.277251 9.743973
307 -5.378347 0.691760 -37.041448 0.200387 221.620752 0.716991 -35.169765 2.599950 351.071849 0.497374 -13.377119 5.337702
307 -10.566796 0.365149 21.442212 0.259950 293.765406 0.091501 -74.467669 4.633332 60.087634 0.796101 32.507000 15.714600
307 -4.397175 0.739978 -48.639337 0.297508 262.468794 0.762164 -67.656680 2.570595 349.991014 0.138369 -16.654160 3.375357
307 -5.466474 0.121324 5.554359 0.011943 198.021944 0.150404 64.785703 5.322603 147.563551 0.963901 23.403440 5.513955
307 -4.048781 0.646395 -8.434326 0.632196 282.079534 0.659153 -79.917706 2.119631 287.365205 0.380735 12.058582 2.678569
307 -9.079601 0.775120 -57.083649 0.003286 187.671116 0.792417 -11.533749 2.943670 89.236032 1.080932 2.409189 12.740209
307 -6.545278 0.501158 15.634568 0.142556 244.023212 0.485902 -53.063158 6.569919 290.852316 0.726897 28.596421 7.671564
307 -6.988092 0.412538 -49.016274 0.199198 192.646020 0.774247 -65.669348 2.523386 435.791289 0.002522 48.791197 8.557192
307 -5.502763 0.640145 -48.121363 0.040950 244.824195 0.296882 -35.377664 0.166361 95.106099 0.730547 12.311846 5.586533
308 -6.706461 0.435149 7.162627 0.089993 254.555605 0.113632 -41.493869 5.079455 224.786847 0.737595 27.297262 7.993930
308 -4.747377 0.701749 -34.446141 0.197448 225.444482 0.719193 -41.457354 2.720068 338.788815 0.501226 -11.581600 4.075761
308 -9.437754 0.319433 32.008502 0.051355 272.575449 0.089278 -75.442815 5.733337 20.997065 0.858440 31.826666 13.456515
308 -3.973559 0.779387 -42.665929 0.301436 270.392043 0.759572 -73.703238 2.997244 328.369393 0.225640 -18.557000 2.528125
308 -5.407938 0.143833 0.623828 0.009804 198.724085 0.183264 64.811515 5.000968 154.731627 0.968797 23.475008 5.396884
308 -3.754019 0.648434 -7.514803 0.723453 283.621004 0.668158 -79.256817 2.152426 294.494692 0.372392 10.475453 2.089046
308 -9.233245 0.781512 -58.194285 0.011711 201.846594 0.788345 -16.438117 2.904191 83.487050 1.083415 0.495296 13.047497
308 -5.721933 0.702042 -3.206280 0.219095 252.659973 0.710353 87.036474 5.495433 324.592206 0.588768 25.393741 6.024874
308 -3.192463 0.359946 -40.813464 0.194762 177.658697 0.753725 -78.608957 2.436173 421.061482 0.048164 49.921496 0.965934
308 -5.044020 0.636930 -36.451082 0.099388 258.418651 0.320596 -12.735493 0.684671 145.505196 0.558045 16.575991 4.669048
309 -6.569708 0.409102 8.581079 0.073522 241.245303 0.180744 -19.279033 5.431108 271.808575 0.732945 25.809492 7.720423
309 -4.466629 0.656411 -35.624436 0.182769 215.811681 0.738281 -47.607117 2.683211 374.924812 0.391678 -5.775849 3.514266
309 -7.144516 0.294254 25.276828 0.051709 262.662424 0.100139 -81.426552 5.112875 23.742886 0.835257 27.346459 8.870040
309 -5.209700 0.781836 -44.872038 0.422492 273.820047 0.724573 -75.351016 2.822296 361.557931 0.179956 -13.992449 5.000408
309 -6.312274 0.131129 11.193412 0.015125 213.056510 0.126296 65.244926 5.359307 129.174218 0.985558 29.479809 7.205555
309 -4.038597 0.677064 -8.411655 0.780691 290.813423 0.694833 -84.628968 1.994783 299.590248 0.342374 11.654878 2.658201
309 -9.076461 0.791261 -56.357820 0.017116 205.639569 0.783527 -17.245171 2.933142 78.495119 1.089159 1.164469 12.733930
309 -4.790680 0.701081 -7.555112 0.132576 245.003273 0.711080 88.805733 5.701002 309.996479 0.597244 20.246579 4.162367
309 -3.079349 0.382264 -40.664059 0.188286 174.841936 0.758157 -83.398114 2.476811 424.308094 0.037030 47.831629 0.739705
309 -5.721969 0.605431 -34.671143 0.003964 250.901799 0.312389 -1.655778 1.252955 195.727422 0.551635 18.245237 6.024945
310 -5.350464 0.370770 0.440862 0.142170 241.552968 0.094574 -39.001064 4.695964 258.805443 0.674450 24.263998 5.281935
310 -3.677987 0.516370 -40.148403 0.022253 186.022851 0.710631 -47.374887 2.859086 367.012680 0.374003 3.591014 1.936982
310 -7.301666 0.175312 35.208561 0.107954 270.598311 0.792894 79.825499 5.679587 55.353936 0.775432 31.491101 9.184339
310 -6.191449 0.777559 -39.137894 0.337101 282.074345 0.688819 -62.233012 3.481410 349.626477 0.168068 -12.456734 6.963907
310 -7.014950 0.207992 8.752030 0.013881 216.222644 0.173421 -81.512045 5.654242 145.072274 0.983866 30.793555 8.610908
310 -5.992690 0.690795 -5.835724 0.942172 296.714634 0.661624 -68.007595 1.679750 295.452744 0.397852 9.775700 6.566388
310 -8.162435 0.791574 -55.258421 0.002856 199.795015 0.781813 -10.647229 2.999199 74.845310 1.058012 4.891048 10.905879
310 -5.164687 0.648566 -6.737845 0.113407 236.891374 0.701017 84.798252 6.186924 288.168723 0.674986 21.389863 4.910382
310 -4.232182 0.406542 -37.490712 0.348690 197.520126 0.724416 -80.808697 2.104944 409.364473 0.074108 49.148539 3.045372
310 -4.580672 0.630821 -36.403687 0.124126 248.644415 0.274309 0.316513 0.964420 189.417400 0.554013 15.507196 3.742351
311 -5.613504 0.436152 -8.674259 0.246321 261.170712 0.148553 -29.779946 4.790368 287.624593 0.540465 19.570163 5.808016
311 -3.626675 0.567787 -43.773386 0.005003 198.564647 0.736723 -47.290096 2.839179 358.766469 0.383266 1.141455 1.834357
311 -7.670976 0.167015 26.287351 0.038606 267.267283 0.676203 56.887642 5.468469 44.840564 0.779711 29.267031 9.922960
311 -5.867582 0.790765 -41.826988 0.350782 283.034131 0.720029 -66.618192 3.642161 368.066368 0.160075 -12.465278 6.316172
311 -6.102576 0.271913 -1.242490 0.010988 208.890492 0.170297 -86.509086 5.317514 154.516264 0.974060 27.356918 6.786159
311 -3.658527 0.679019 0.109197 1.029796 299.120842 0.638055 -75.675353 1.408256 278.857436 0.427684 11.335639 1.898061
311 -7.700774 0.713221 -42.621439 0.004967 200.813184 0.775026 1.185659 3.394752 21.068093 1.122579 6.991631 9.982555
311 -6.308327 0.644396 -8.800042 0.033411 231.041817 0.700338 89.854405 6.158854 237.522006 0.827086 23.648224 7.197662
311 -4.204219 0.394303 -36.450697 0.285590 195.655184 0.733383 -82.855949 2.528137 413.895426 0.144886 50.239498 2.989445
311 -5.836089 0.639647 -26.678056 0.119198 258.493284 0.234337 11.309983 1.796137 153.866907 0.688249 18.718225 6.253186
312 -5.252631 0.402918 -5.884122 0.243166 253.808261 0.143605 -32.631813 4.436708 283.890884 0.566906 20.178201 5.086270
312 -3.867488 0.589768 -46.330065 0.018795 191.685151 0.749750 -45.211810 2.098954 328.616390 0.467316 5.629415 2.315983
312 -7.193672 0.221988 67.538686 0.095218 257.720208 0.681263 46.231678 5.554869 41.426551 0.828388 34.522402 8.968352
312 -4.731799 0.778064 -39.698648 0.444950 287.488840 0.798253 -79.158714 3.785702 348.062214 0.177030 -11.703335 4.044606
312 -6.169164 0.277472 1.914924 0.021234 213.704583 0.161948 -84.143297 5.371994 149.774141 0.975286 27.199615 6.919335
312 -3.706413 0.695905 0.065157 0.996398 293.131982 0.697617 -76.265116 1.525313 285.431134 0.433966 11.568037 1.993834
312 -9.012024 0.744080 -57.036743 0.004300 190.349814 0.784412 -16.504131 2.943219 53.641602 1.059912 2.460422 12.605055
312 -5.501304 0.653775 -7.496783 0.029812 226.522428 0.742778 -69.695732 5.917251 221.447587 0.775293 19.414560 5.583615
312 -3.560737 0.403870 -37.921416 0.288355 205.222927 0.724361 -84.897207 2.717214 403.275622 0.135029 44.868153 1.702482
312 -5.711087 0.677261 -30.812586 0.100490 263.226408 0.342480 41.632029 1.620302 165.351632 0.621639 17.867474 6.003182
313 -4.758945 0.512181 -22.534026 0.249765 250.123861 0.198550 -18.196885 4.142777 302.129563 0.496256 12.343560 4.098898
313 -6.038105 0.764998 -59.318709 0.155769 224.490700 0.755248 -68.361836 2.741765 344.853704 0.342179 -15.778533 6.657217
313 -6.796594 0.205813 67.829886 0.041737 251.467361 0.595809 49.733419 5.295351 33.202825 0.844579 32.399137 8.174196
313 -4.706419 0.737915 -43.656541 0.368359 283.301766 0.737758 -69.243186 4.379742 342.348223 0.178727 -12.118772 3.993845
313 -8.024933 0.255304 -1.797579 0.004294 212.047142 0.183128 -81.321759 4.782028 152.186957 0.949701 34.453317 10.630873
313 -3.457432 0.663679 3.454287 1.056079 294.846685 0.673133 -75.851708 1.573565 285.291160 0.427138 13.088082 1.495871
313 -9.083467 0.708519 -47.971980 0.002435 189.317152 0.764398 8.322682 2.877024 22.767043 1.052451 2.733107 12.747941
313 -5.491596 0.642121 -2.023605 0.017580 239.707500 0.789392 -61.114967 5.564190 213.276331 0.780576 20.343146 5.564200
313 -3.638153 0.401084 -41.464080 0.282408 203.799446 0.718436 -84.530387 2.705346 400.319360 0.144408 45.366293 1.857313
313 -5.865104 0.691679 -41.852752 0.079390 253.518919 0.413434 30.660318 1.603511 166.179330 0.573270 19.388884 6.311215
314 -4.707698 0.481159 -22.774714 0.215536 243.962255 0.173316 -20.294470 4.311180 300.633311 0.516701 13.464998 3.996403
314 -5.737043 0.751842 -49.598861 0.247203 229.706769 0.745565 -68.406398 2.319092 327.100810 0.377140 -13.965744 6.055093
314 -5.675249 0.230589 63.638692 0.100521 251.424096 0.635746 41.256780 5.032477 52.275606 0.793963 27.007177 5.931505
314 -4.985602 0.762681 -39.221331 0.124955 263.609211 0.702049 -61.433970 5.060203 346.653721 0.321455 -3.361882 4.552211
314 -8.112481 0.244555 0.222549 0.007179 211.854196 0.160753 -74.683999 4.781155 147.398260 0.952775 34.940242 10.805970
314 -3.869525 0.708794 -1.784856 1.114184 298.452177 0.717594 -76.079485 1.380450 302.448712 0.373694 7.625987 2.320058
314 -8.692072 0.691878 -46.997776 0.003999 188.672053 0.761266 6.269378 2.991027 28.503857 1.041943 4.948681 11.965151
314 -5.454165 0.613956 -1.342140 0.032455 222.156981 0.031585 -63.764434 5.637956 182.867314 0.890044 19.102588 5.489338
314 -3.964038 0.429718 -33.725620 0.317352 209.960678 0.794361 -83.138295 2.702658 402.258146 0.140561 45.317812 2.509083
314 -6.695892 0.758714 -39.833093 0.102345 283.734689 0.416268 24.678981 1.859098 180.444880 0.495888 18.887317 7.972791
315 -4.669762 0.472476 -20.945458 0.299800 248.582302 0.192858 -34.319461 4.346046 325.135434 0.460586 12.822990 3.920532
315 -4.425030 0.687695 -35.606613 0.293830 231.741434 0.790347 -73.418100 2.694860 343.262792 0.329600 -11.919701 3.431067
315 -6.295870 0.198807 69.671536 0.129951 266.237917 0.551974 39.307180 5.178476 60.235309 0.742728 30.045885 7.172747
315 -5.110920 0.795478 -67.901935 0.152379 266.797727 0.776136 -52.282127 4.681213 311.606863 0.214396 -4.882180 4.802847
315 -6.169874 0.276088 -13.166986 0.044766 227.219297 0.237601 77.468974 5.604429 230.362257 0.753100 29.132175 6.920755
315 -3.345176 0.702466 -1.134888 1.098194 297.697893 0.728810 -78.248057 1.255303 289.201094 0.395105 9.204698 1.271359
315 -8.541288 0.661919 -45.082994 0.007211 190.646009 0.745213 3.920007 3.214896 22.718764 1.026690 5.161866 11.663583
315 -6.743887 0.526008 9.885536 0.026927 226.629038 0.675201 -45.875765 6.268951 158.877524 0.959852 28.838217 8.068781
315 -3.659170 0.449065 -39.860615 0.305039 217.154283 0.792274 -82.508670 3.045118 406.330060 0.103770 46.682618 1.899348
315 -5.739431 0.781897 -35.745295 0.314102 298.012583 0.390716 17.817896 2.036083 220.206807 0.426822 7.570699 6.059870
316 -4.953536 0.466096 -20.353027 0.185520 249.599331 0.166342 -26.443475 4.380517 309.742093 0.486623 15.825979 4.488080
316 -4.453286 0.615522 -26.468395 0.228727 220.993589 0.789804 -72.208274 3.146436 344.856279 0.390586 -7.316296 3.487579
316 -6.643107 0.137571 69.771516 0.089868 261.481083 0.533364 63.402609 5.505168 47.254882 0.772602 31.905285 7.867222
316 -4.112487 0.751568 -77.217688 0.208805 257.892265 0.748276 -54.814974 4.018541 380.013527 0.060666 -15.599172 2.805981
316 -6.127287 0.260305 -9.597827 0.099878 247.786230 0.275385 52.619767 5.258242 251.271854 0.678851 27.319583 6.835582
316 -3.289898 0.717233 -1.166909 1.100902 300.411177 0.678167 -76.258543 1.315408 285.816429 0.427597 7.017380 1.160804
316 -8.927549 0.621091 -42.559629 0.004008 182.912427 0.740942 -3.956171 3.462443 36.769761 1.012088 7.523414 12.436105
316 -5.746995 0.748861 -3.308846 0.120756 257.175306 0.764542 -62.354593 4.859985 149.449986 0.816424 19.093646 6.074998
316 -3.728443 0.454537 -42.001594 0.356524 230.007033 0.785820 -83.994863 2.955155 399.413464 0.075373 49.703202 2.037893
316 -5.358122 0.769763 -32.190151 0.261209 290.121869 0.409926 17.403851 2.120360 216.207183 0.447754 7.895638 5.297251
317 -4.967314 0.435760 -24.480285 0.177243 246.048534 0.133093 -17.649973 4.222215 319.878642 0.469707 16.858864 4.515636
317 -3.750085 0.560021 -22.431944 0.216719 209.898926 0.705924 -66.185724 3.335771 360.468524 0.369236 -5.218098 2.081177
317 -5.517591 0.131518 67.287132 0.033374 238.344609 0.540593 77.744858 5.352292 10.604611 0.833321 25.507348 5.616189
317 -4.124986 0.756908 -78.546685 0.234789 257.042852 0.759250 -51.638558 3.931916 382.364944 0.072657 -14.997992 2.830979
317 -6.060711 0.215201 -7.946693 0.091842 243.587246 0.227808 47.923299 5.540754 271.213610 0.667336 28.083050 6.702430
317 -2.972221 0.721822 -2.041268 1.010256 294.121784 0.649425 -76.846523 1.394210 278.581275 0.449312 7.594943 0.525450
317 -9.914672 0.615855 -53.673959 0.013384 189.491360 0.667825 -2.683991 3.354215 58.156972 1.006905 -0.380344 14.410351
317 -6.161922 0.708211 8.511595 0.065373 245.507005 0.743720 -55.167789 4.420428 89.875541 0.966951 25.734058 6.904852
317 -4.405862 0.435923 -39.257486 0.528595 244.101799 0.773312 -80.588778 3.213889 398.644764 0.064325 50.800296 3.392731
317 -5.465675 0.784737 -33.354791 0.279242 287.539679 0.372293 15.875700 2.079278 239.299046 0.455523 8.350613 5.512358
318 -5.942668 0.380276 -13.484745 0.132892 247.068243 0.064583 -8.258487 4.453891 313.359403 0.524123 23.848461 6.466344
318 -3.878978 0.577187 -24.555723 0.261665 214.575779 0.705355 -64.559560 3.335374 361.169230 0.373782 -7.601798 2.338964
318 -5.492502 0.147521 71.784976 0.114270 248.855708 0.525894 68.524399 5.144212 21.736133 0.783373 26.435276 5.566012
318 -4.117455 0.737176 -77.946788 0.225742 255.148450 0.746259 -52.625598 4.057430 386.106681 0.073262 -14.245431 2.815918
318 -5.511560 0.251698 -25.473493 0.212237 244.886319 0.257064 48.942622 5.124691 319.276102 0.544044 26.101094 5.604127
318 -3.883492 0.744527 -7.283464 0.930111 292.193497 0.745612 -87.816833 1.423629 292.480955 0.386438 13.309380 2.347992
318 -9.240304 0.578232 -52.792319 0.027905 193.237582 0.612233 7.142673 3.386573 67.478861 0.973743 1.714863 13.061617
318 -5.738181 0.742198 -8.585545 0.053527 239.265957 0.741020 -79.661335 4.000547 116.595853 0.897581 17.314283 6.057370
318 -3.838761 0.444521 -43.966091 0.469758 242.270279 0.796022 -79.251207 3.168599 394.166426 0.042582 44.648874 2.258529
318 -4.521151 0.784445 -26.377222 0.286828 278.233113 0.360534 14.531775 1.813385 256.169225 0.481133 6.219521 3.623310
319 -4.705326 0.306970 -24.285269 0.151418 228.306594 0.036034 18.160618 4.364762 341.419645 0.478329 18.974693 3.991659
319 -4.711553 0.617998 -28.879296 0.309847 217.615293 0.618138 -63.610104 3.044187 368.856103 0.379386 -5.265101 4.004114
319 -5.769598 0.142202 71.019061 0.025580 243.215259 0.554047 64.746248 5.070127 10.036997 0.830709 27.579870 6.120204
319 -4.165298 0.738100 -77.022671 0.221615 255.144852 0.746990 -52.486969 4.080662 381.817903 0.084738 -14.476344 2.911603
319 -5.199350 0.241168 -25.950355 0.160227 234.240077 0.232309 54.983705 5.480638 318.531646 0.576971 25.679180 4.979708
319 -3.221017 0.784493 -12.202246 0.936845 296.055244 0.789579 89.276393 1.337938 306.379061 0.327524 7.591842 1.023041
319 -6.843466 0.574688 -50.213152 0.014039 204.736903 0.611445 2.307065 3.150827 98.712519 1.017865 9.499408 8.267939
319 -5.557281 0.737198 -5.176390 0.025527 236.248414 0.772609 -85.029777 4.081422 137.514059 0.865175 16.680869 5.695570
319 -3.677819 0.448408 -41.374420 0.369706 235.235042 0.797811 -84.272905 3.468506 402.464332 0.083474 42.486916 1.936645
319 -4.799020 0.782413 -27.415209 0.268690 278.594608 0.313131 4.157076 1.558936 253.933781 0.446674 8.143920 4.179047
320 -4.994205 0.313925 -15.277660 0.188309 231.315381 0.015253 16.735401 4.018210 322.708468 0.530115 23.803400 4.569417
320 -3.353266 0.585429 -25.455448 0.287391 219.082000 0.547838 -61.229108 2.992964 353.329601 0.338012 0.078405 1.287539
320 -5.510981 0.102096 63.725501 0.060489 237.637466 0.515511 72.983258 4.957709 11.155654 0.836746 26.377899 5.602970
320 -4.140347 0.736654 -77.048538 0.203155 254.326653 0.743213 -51.727864 4.008081 383.910728 0.088824 -14.561538 2.861701
320 -5.049036 0.291314 -34.400002 0.112090 233.389520 0.282179 50.772250 5.382518 321.418177 0.544037 23.255626 4.679079
320 -4.304462 0.758772 -10.202184 0.916530 287.279073 0.745521 -87.864111 1.328331 311.503019 0.327030 13.935687 3.189932
320 -6.420090 0.580595 -51.743759 0.017823 207.716820 0.607042 -2.104530 3.108598 106.173396 0.990195 11.683419 7.421188
320 -5.927148 0.763157 -4.926541 0.002445 231.342641 0.055831 -87.161704 3.806338 74.443836 1.007434 17.171995 6.435304
320 -3.739072 0.452916 -47.214682 0.203647 220.192487 0.758706 -78.262010 3.773063 418.633304 0.055017 36.599170 2.059151
320 -7.806072 0.734006 -21.167783 0.272778 270.189907 0.254034 -19.500253 1.683958 269.542025 0.449546 18.166152 10.193151
321 -5.814766 0.312494 -19.758523 0.234537 234.630361 0.067307 18.705181 3.657560 346.744017 0.466957 25.474237 6.210539
321 -3.807487 0.618961 -23.985421 0.254986 219.257952 0.530498 -50.711356 2.971772 335.731017 0.442765 -2.178339 2.195981
321 -5.496433 0.122713 65.197796 0.017426 235.147661 0.519292 67.189355 4.761367 23.159809 0.845141 24.971439 5.573875
321 -4.086116 0.734871 -76.015783 0.215554 254.503359 0.749039 -51.667331 4.052976 383.048242 0.094886 -14.357623 2.753239
321 -5.240258 0.301715 -44.456880 0.090843 229.873651 0.237620 50.319717 5.326436 357.573997 0.493295 26.441202 5.061523
321 -3.594460 0.745280 -8.134176 0.925454 282.719904 0.710403 -85.717614 1.596733 315.138680 0.334252 10.826347 1.769927
321 -6.551376 0.583901 -52.850683 0.003539 206.562008 0.588200 -0.097934 3.126572 94.086202 1.028836 11.877451 7.683760
321 -6.129078 0.792985 -9.168521 0.014974 242.919691 0.030715 82.397833 3.831006 72.832304 0.995540 14.430641 6.839163
321 -3.752128 0.455808 -51.816204 0.250800 212.124976 0.722386 -75.796165 3.812320 424.320008 0.080249 34.462415 2.085263
321 -6.209798 0.781085 -21.998802 0.210855 279.738758 0.301424 -30.133957 1.648415 212.383934 0.504732 13.482579 7.000603
322 -6.445093 0.339399 -25.676212 0.105362 232.771331 0.093195 12.787654 3.577769 355.597021 0.448485 23.453008 7.471194
322 -3.689622 0.538631 -23.885882 0.139737 206.587775 0.550952 -55.327157 3.186663 350.514865 0.438479 5.173749 1.960252
322 -6.281908 0.081708 84.500604 0.003016 227.575176 0.470693 63.094132 4.484341 15.967904 0.932430 30.640543 7.144824
322 -3.991379 0.794818 -74.986468 0.202186 253.985321 0.795267 -59.540479 3.881132 373.584741 0.116065 -19.180247 2.563765
322 -6.517158 0.285469 -45.360879 0.010533 236.306549 0.254260 37.950169 4.971805 334.131458 0.510903 23.625081 7.615324
322 -3.528258 0.707941 -7.182356 1.131525 275.429488 0.752188 86.269955 1.638925 321.801135 0.319868 6.381050 1.637524
322 -6.571057 0.564876 -55.457565 0.006541 200.255273 0.626113 -15.989026 3.032678 120.078893 0.973941 10.032857 7.723121
322 -5.752485 0.778530 2.619365 0.082386 235.381140 0.029600 75.836896 3.531091 63.991800 1.017438 15.538955 6.085977
322 -4.912168 0.451768 -52.801169 0.240010 212.697275 0.693124 -70.495684 3.753090 433.780375 0.086023 34.011352 4.405344
322 -4.644073 0.768688 -17.241878 0.194345 282.947806 0.213541 -15.337323 1.701390 203.370323 0.569284 9.171273 3.869154
323 -4.313784 0.485914 -26.928790 0.029621 207.077376 0.249206 -52.572991 3.251091 344.655076 0.434903 14.273810 3.208576
323 -3.933495 0.538016 -27.555998 0.022995 191.011932 0.511361 -43.913435 3.489936 368.001334 0.472878 4.058651 2.447998
323 -6.302772 0.064153 84.760668 0.006502 225.152824 0.484316 63.806411 4.607815 33.323941 0.922844 31.413624 7.186551
323 -4.163160 0.786381 -75.895570 0.186793 252.528994 0.796483 -57.855909 3.971380 369.679644 0.130667 -18.882996 2.907328
323 -6.299586 0.284724 -46.597460 0.012108 231.706919 0.250690 37.728717 4.895940 345.116333 0.504349 23.351872 7.180179
323 -3.569563 0.708127 -7.155240 1.131340 275.511845 0.752587 86.206130 1.637146 321.379167 0.321027 6.297816 1.720133
323 -6.723085 0.571457 -61.814385 0.007336 191.839169 0.612660 -14.408376 3.152941 141.094346 0.969704 10.180716 8.027177
323 -5.630458 0.780915 -0.268751 0.069017 242.569480 0.046677 71.206246 3.634279 69.236901 0.998155 17.680179 5.841925
323 -4.690973 0.492491 -50.103278 0.220312 215.953836 0.599902 -76.611422 3.253684 402.484185 0.137719 38.027321 3.962954
323 -4.808945 0.754579 -25.004366 0.223986 293.803120 0.299580 -52.216307 1.389446 198.828706 0.464190 5.488386 4.198898
324 -4.023878 0.527978 -36.388747 0.096905 221.547667 0.276307 -60.920000 3.276895 346.846645 0.333170 12.426772 2.628764
324 -4.636977 0.462488 -23.525402 0.008253 173.830194 0.479839 -48.568827 3.537854 383.753893 0.474832 17.182442 3.854962
324 -6.031459 0.042799 83.490114 0.018886 228.723500 0.501731 64.152419 4.475040 38.358397 0.881318 30.319876 6.643926
324 -3.936346 0.790482 -73.119008 0.209329 259.953103 0.750067 -58.770015 3.906716 382.774258 0.076136 -17.859349 2.453699
324 -6.862923 0.233595 -31.613356 0.170436 253.007863 0.221689 48.643870 4.173883 280.641957 0.573091 29.762643 8.306853
324 -3.118400 0.700223 -8.362176 1.016335 286.103400 0.750365 -87.190748 1.886286 316.551251 0.336581 7.538258 0.817807
324 -8.153395 0.602312 -60.507694 0.014226 189.580976 0.732453 -5.745462 3.295570 154.793651 1.000070 4.192264 10.887798
324 -5.698587 0.780905 -6.829351 0.098724 249.659733 0.063615 69.685040 3.830573 84.795020 0.927543 13.560706 5.978182
324 -4.018288 0.571661 -57.602959 0.121540 223.321269 0.578071 -79.426903 3.159047 364.726922 0.171197 30.694959 2.617584
324 -5.003828 0.760712 -24.207147 0.149990 276.197426 0.172674 -46.606877 1.964924 160.461476 0.590914 8.111419 4.588664
325 -4.532329 0.521903 -51.825224 0.041927 213.405874 0.273516 -63.629804 3.324572 344.696054 0.352075 20.852009 3.645665
325 -5.232568 0.483917 -35.571248 0.001707 178.331069 0.457803 -45.970542 3.745801 402.235574 0.449672 17.021378 5.046144
325 -5.513554 0.097232 87.202028 0.104943 247.530386 0.460847 42.876454 3.911440 41.565163 0.786441 27.405065 5.608115
325 -4.207829 0.751628 -68.818247 0.065061 246.589724 0.778025 -66.459054 3.951222 392.983422 0.041025 -12.835591 2.996665
325 -5.821728 0.226082 -20.245277 0.190100 244.860935 0.305943 38.841469 4.219676 301.150849 0.564131 27.596716 6.224464
325 -3.148156 0.640430 -2.927989 0.864740 276.698375 0.750031 -75.624443 1.678330 301.115258 0.393501 7.072111 0.877319
325 -7.577768 0.570486 -51.433821 0.002386 188.254780 0.693683 0.173865 3.166341 120.153136 1.053507 6.691153 9.736544
325 -5.722737 0.790449 -7.807931 0.120374 255.987528 0.061575 68.356382 3.793420 74.623504 0.935728 13.899307 6.026482
325 -4.442487 0.566365 -54.340113 0.059590 210.064036 0.538495 -83.479199 3.107917 364.759200 0.238183 32.518717 3.465981
325 -5.432580 0.630924 -36.784770 0.080115 248.373934 0.052311 -32.124615 1.620233 171.909515 0.652914 15.534481 5.446168
326 -5.392472 0.442032 -53.224560 0.013881 198.723675 0.180514 -63.604164 2.712997 310.823572 0.503436 31.027910 5.365952
326 -4.675386 0.449762 -22.986009 0.027892 180.400674 0.448418 -50.135108 4.120914 357.730392 0.516426 15.849552 3.931780
326 -5.584148 0.107543 85.972463 0.087722 245.570610 0.465959 44.383035 3.887890 41.458329 0.783830 27.593468 5.749303
326 -4.641185 0.766558 -61.456046 0.130220 257.244741 0.752918 -57.817492 3.961780 383.164792 0.098340 -21.348066 3.863377
326 -5.527584 0.230339 -16.747652 0.152479 243.120017 0.295329 59.905059 4.448158 262.966181 0.607662 27.207338 5.636175
326 -5.107960 0.667727 -7.849224 0.803310 289.231237 0.667350 -65.173366 1.097986 274.940987 0.420876 8.371876 4.796927
326 -6.292922 0.630093 -77.766525 0.002099 191.412506 0.577725 -19.830426 2.564384 142.126994 0.970270 11.166595 7.166851
326 -5.818570 0.787441 -6.424849 0.087784 252.463449 0.043657 66.966645 3.793364 77.340556 0.905528 14.684433 6.218148
326 -4.566817 0.515924 -44.764759 0.098035 214.831986 0.587624 -84.275887 3.496349 389.178127 0.221748 34.792753 3.714641
326 -4.986397 0.567685 -51.702861 0.057114 234.185342 0.248948 -55.239032 1.281472 216.864623 0.586683 20.462706 4.553802
327 -6.570582 0.394929 -44.290650 0.038005 196.528293 0.373262 -73.503609 3.369490 401.900757 0.310250 32.613203 7.722171
327 -3.877816 0.442624 -29.599727 0.019854 174.482899 0.596042 -73.624420 4.144395 390.498046 0.435600 15.931012 2.336639
327 -5.626773 0.103754 83.161105 0.093625 248.090602 0.488130 46.031654 3.757180 33.726839 0.792103 28.323994 5.834553
327 -4.108584 0.765033 -69.936596 0.118089 252.809370 0.794888 -55.116409 3.959921 372.437973 0.118055 -15.164228 2.798175
327 -5.895353 0.294809 -34.192923 0.170264 243.729785 0.306070 45.478377 4.487665 304.200139 0.540168 28.886475 6.371713
327 -4.051855 0.691199 -8.879792 0.884415 299.117645 0.577553 -52.003326 0.847482 254.529390 0.456589 5.155414 2.684718
327 -6.399421 0.599614 -64.554437 0.004701 194.657631 0.588362 -11.334766 2.608493 112.967243 1.001561 11.822126 7.379850
327 -6.419614 0.761263 -28.671973 0.082591 260.945459 0.041788 43.795293 3.991002 97.554527 0.813765 12.404854 7.420235
327 -4.848803 0.504351 -31.849319 0.100419 217.778844 0.598097 -81.628369 3.400968 376.693487 0.259498 29.941899 4.278614
327 -5.453065 0.622535 -43.132235 0.097094 254.173497 0.147757 -15.032596 1.314450 123.011928 0.692725 15.981181 5.487138
328 -4.018170 0.414949 -47.115572 0.079419 193.617123 0.384956 -85.218488 3.499437 407.497455 0.261008 30.414716 2.617347
328 -3.881198 0.386445 -22.177914 0.016395 177.105054 0.573269 -73.359145 4.319598 391.976002 0.435471 20.802257 2.343404
328 -5.725156 0.105704 81.838091 0.072310 246.322400 0.489012 48.188408 3.833657 28.253393 0.808012 28.285661 6.031320
328 -3.996632 0.797175 -73.042414 0.130361 256.762134 0.780567 -55.525913 3.992415 373.369905 0.101578 -15.451475 2.574272
328 -5.420969 0.316512 -40.132260 0.203746 248.193312 0.317676 50.805148 4.655595 295.769509 0.520306 26.342674 5.422945
328 -5.871548 0.691324 -13.213383 0.862447 304.400414 0.531021 -48.105739 0.729804 251.891894 0.436508 6.456438 6.324103
328 -7.368418 0.426726 -18.051880 0.010826 194.002799 0.729104 17.026142 3.521557 103.228649 0.959961 11.337058 9.317844
328 -6.509804 0.776434 -22.960795 0.024138 264.097823 0.049012 23.261122 4.318093 170.965651 0.703533 12.907642 7.600615
328 -4.399555 0.463093 -33.746017 0.221406 231.814726 0.624019 -83.782496 3.766429 357.285404 0.286291 26.818509 3.380117
328 -5.180992 0.664888 -61.520529 0.048833 249.377545 0.158204 -27.098391 1.347853 128.309258 0.681194 18.666502 4.942991
329 -4.039597 0.534610 -61.108355 0.099958 211.609502 0.261376 -79.912645 2.630812 333.019561 0.314457 27.965865 2.660201
329 -3.627268 0.331049 -19.360197 0.011111 175.780389 0.605619 -82.471633 3.695472 364.891436 0.439049 23.175864 1.835543
329 -5.992612 0.096780 82.572319 0.063680 248.597822 0.512344 51.823532 3.920353 25.708340 0.816805 28.958722 6.566231
329 -3.936914 0.798504 -70.556045 0.127647 251.899630 0.760420 -58.920760 3.798219 377.587169 0.078240 -15.760343 2.454835
329 -5.240440 0.314385 -43.167106 0.194284 247.319196 0.308943 47.495217 4.735267 294.352168 0.506835 25.048726 5.061887
329 -4.066541 0.758612 -18.307440 0.809081 303.686073 0.515743 -69.652925 0.299582 238.660910 0.403283 3.710716 2.714090
329 -6.984907 0.434927 -20.749555 0.015305 193.582779 0.695620 21.905815 3.549843 103.889327 0.990071 11.318026 8.550822
329 -6.409757 0.737804 -37.491493 0.035029 237.501100 0.002329 30.257489 4.073941 197.021327 0.767667 18.125914 7.400521
329 -4.857396 0.434744 -29.038742 0.126615 230.058573 0.608755 88.952726 3.539596 363.991509 0.281854 28.899150 4.295800
329 -4.995272 0.596853 -59.847433 0.023684 246.349670 0.177038 -39.384453 1.262837 164.231650 0.599669 21.095443 4.571552
330 -5.656059 0.639017 -59.984574 0.004546 213.804838 0.282276 -48.264912 2.371387 203.066537 0.600760 21.231376 5.893125
330 -4.033462 0.298695 -24.130925 0.005678 179.985062 0.538856 -79.770358 3.681011 342.873535 0.508978 25.421125 2.647932
330 -5.736384 0.027534 88.711721 0.043863 237.395071 0.604675 59.407334 4.584901 23.614929 0.855004 28.090700 6.053776
330 -4.980914 0.764787 -67.599947 0.071081 261.864971 0.786156 -62.033681 4.064891 386.514299 0.049634 -14.666495 4.542836
330 -5.226779 0.335822 -46.136945 0.194266 249.233864 0.305408 47.233871 4.679920 295.516536 0.490813 25.052654 5.034565
330 -3.474010 0.781462 -18.285288 0.880564 299.294957 0.520670 -78.088612 0.208581 226.765182 0.474347 1.874885 1.529027
330 -6.142195 0.410292 -16.890440 0.002510 188.543305 0.692394 34.248494 3.518011 75.843483 1.087542 17.581372 6.865397
330 -5.215007 0.644037 -23.540841 0.110780 239.077058 0.064142 -10.133554 4.823802 307.487116 0.537324 14.814528 5.011022
330 -5.914322 0.439432 -26.863837 0.155111 249.886615 0.606944 89.791379 3.815338 336.595348 0.332459 28.352866 6.409651
330 -6.530289 0.706182 -53.403001 0.006719 243.038269 0.779518 -30.670656 1.822961 201.230727 0.589609 26.611331 7.641585
331 -6.839919 0.616759 -53.872961 0.017607 230.803356 0.258505 -35.356717 1.843490 164.531608 0.608587 30.219867 8.260845
331 -4.243808 0.291252 -31.412794 0.034602 181.301775 0.531261 -75.327703 3.967437 388.855628 0.432376 25.114512 3.068624
331 -6.256864 0.063842 84.022965 0.019121 235.357384 0.537267 68.069584 4.100267 31.107709 0.897337 30.067246 7.094735
331 -3.979052 0.723740 -63.324917 0.125686 239.675118 0.761411 -69.841358 4.506776 400.305261 0.075375 -11.898816 2.539112
331 -5.369900 0.331624 -44.761464 0.173799 250.538395 0.288017 51.183074 4.925858 291.458971 0.503426 25.769478 5.320807
331 -2.875157 0.770893 -14.399719 0.980742 306.515741 0.537517 -74.276420 0.651262 245.094819 0.464853 -1.423017 0.331322
331 -6.919394 0.323159 -11.036989 0.002525 177.603627 0.674267 24.361641 3.828239 98.555993 1.064875 16.458417 8.419796
331 -5.690198 0.692038 -31.778529 0.099742 243.699393 0.101202 -5.468181 4.507315 322.284560 0.469312 15.918646 5.961404
331 -6.322560 0.475554 -47.441965 0.122301 258.430729 0.635386 86.883143 3.501108 310.217634 0.316880 33.469403 7.226128
331 -3.615176 0.796100 -81.086659 0.001393 231.463911 0.787584 -55.616760 1.643796 268.703100 0.497726 18.421979 1.811359
332 -6.867023 0.599863 -53.860955 0.007110 231.384419 0.241292 -37.032802 1.549639 173.879521 0.629836 32.411212 8.315054
332 -4.257078 0.275427 -22.833469 0.009370 177.748121 0.440896 -61.791112 4.194454 393.266213 0.436518 23.657492 3.095164
332 -5.912188 0.012266 85.948799 0.020099 228.643910 0.542490 60.062612 4.180489 35.456070 0.891268 29.330676 6.405384
332 -4.052920 0.746801 -68.150458 0.237630 249.730341 0.792448 -74.350184 4.189817 390.753311 0.060916 -13.477366 2.686847
332 -5.586838 0.351238 -44.277318 0.166826 253.202786 0.255109 46.326226 4.919741 305.218222 0.463460 25.602824 5.754683
332 -3.079851 0.795459 -17.913577 1.007132 315.766964 0.572072 -74.199738 0.842387 251.085752 0.434429 -3.973837 0.740710
332 -7.576009 0.307356 -1.523520 0.002507 175.281426 0.679515 17.051086 3.995616 86.590975 1.075634 13.200025 9.733026
332 -7.899224 0.777816 -18.076727 0.004990 230.285907 0.087263 2.552634 3.101925 347.314863 0.508616 21.481569 10.379457
332 -6.299073 0.478195 -49.383475 0.093149 253.387340 0.615417 86.844851 3.599145 324.720583 0.294669 33.280163 7.179153
332 -5.073204 0.772970 -64.081934 0.047007 243.628331 0.717675 -20.362843 1.766598 271.454923 0.488697 5.800569 4.727415
333 -5.610539 0.608130 -56.558367 0.002632 244.574367 0.270304 -39.821793 1.552407 200.163674 0.582325 24.228584 5.802086
333 -4.440651 0.223043 -16.566693 0.006668 181.548406 0.416428 -62.383440 4.222641 381.749380 0.492212 25.071449 3.462309
333 -6.071467 0.012530 83.981085 0.028410 225.673347 0.523160 60.449606 4.048724 34.148263 0.935293 29.713880 6.723941
333 -3.911729 0.689819 -60.819801 0.178311 232.525296 0.767230 -68.971873 4.393747 402.130775 0.131998 -14.715817 2.404465
333 -6.297050 0.323579 -40.373926 0.131249 251.454564 0.254025 73.242211 5.137008 317.174950 0.472082 29.569107 7.175107
333 -4.749349 0.762773 -19.471978 0.949733 313.059434 0.597034 -62.845880 0.918020 271.865707 0.406063 -4.892958 4.079705
333 -8.123674 0.314739 -1.054507 0.004126 174.166228 0.684416 12.228837 4.076061 93.900917 1.065599 11.908269 10.828356
333 -6.423988 0.763100 -12.303008 0.212891 240.909216 0.071067 -9.934212 2.744672 330.940045 0.486105 19.881380 7.428983
333 -5.415258 0.473018 -50.728859 0.320636 267.433233 0.637065 76.557846 3.662921 316.884504 0.271598 31.749487 5.411524
333 -4.293418 0.729155 -64.922656 0.028021 229.843793 0.660480 -35.507649 1.986356 263.948434 0.508494 9.846604 3.167843
334 -5.242003 0.591812 -51.040280 0.012282 229.973954 0.377460 -59.539014 1.925729 151.452088 0.667745 16.540751 5.065014
334 -3.967205 0.220543 -17.089868 0.025079 175.672876 0.437659 -65.196407 4.532073 380.033714 0.518842 22.292677 2.515418
334 -6.239863 0.043115 86.141396 0.018439 222.894126 0.486443 54.328075 3.851616 41.103928 0.941570 30.920243 7.060734
334 -5.216544 0.713404 -63.944481 0.227137 246.002831 0.762376 -61.769225 4.178543 433.124493 0.033398 -17.319209 5.014096
334 -5.357642 0.258620 -27.009791 0.224721 248.846006 0.322089 82.202489 5.882386 339.375108 0.461913 25.306356 5.296291
334 -5.494720 0.751950 -19.151200 0.955700 317.471456 0.611921 -56.632688 1.013455 280.335029 0.377678 -5.577084 5.570448
334 -7.166525 0.327025 -6.271827 0.003189 175.980959 0.707374 13.050998 4.400469 97.805604 1.082863 14.312882 8.914058
334 -4.467745 0.703472 -3.881290 0.213347 233.188023 0.015857 1.307958 2.958008 338.358086 0.523167 18.121910 3.516497
334 -6.815128 0.421101 -44.704158 0.349757 267.371000 0.543501 -81.953750 3.935675 335.936968 0.262512 34.693436 8.211264
334 -4.742922 0.709236 -56.406847 0.033410 233.312007 0.641673 -37.536600 1.892211 244.722070 0.492706 7.016777 4.066852
335 -4.983084 0.576002 -57.210672 0.026561 216.833893 0.236458 -51.932828 2.521030 195.135164 0.719052 18.849403 4.547176
335 -4.400000 0.230128 -32.266215 0.011466 164.678434 0.320271 -83.600628 4.469227 368.692885 0.581686 18.054914 3.381008
335 -5.626867 0.025317 -77.855492 0.016603 205.856547 0.468932 45.835452 3.731865 63.234274 0.937242 23.019682 5.834741
335 -4.043269 0.640574 -28.919801 0.232275 229.860156 0.765408 -71.393883 4.409000 445.661758 0.119220 -17.512109 2.667545
335 -5.288242 0.253475 -26.022869 0.127285 238.083226 0.266828 88.668109 5.805702 344.303968 0.486598 25.594221 5.157491
335 -5.873265 0.757279 -21.703608 0.844444 310.510514 0.646737 -68.314549 0.992873 277.961988 0.362315 -1.686133 6.327538
335 -7.270048 0.329136 -6.768886 0.001731 175.521639 0.707544 11.977683 4.414082 100.807150 1.076786 14.340843 9.121104
335 -4.882509 0.718061 -5.006819 0.233781 229.438217 0.027923 -4.470079 2.893924 341.274142 0.524160 19.733255 4.346025
335 -5.051967 0.405992 -49.196632 0.166063 238.688969 0.532659 -80.983353 3.771143 345.570280 0.264137 30.723507 4.684942
335 -5.177018 0.750838 -53.393102 0.008416 223.800744 0.634777 -39.475514 1.856074 256.082754 0.441358 5.669155 4.935044
336 -5.661168 0.748091 -58.789690 0.088104 239.751581 0.437139 -89.053001 2.644768 234.868883 0.553617 8.691942 5.903344
336 -4.943089 0.213504 -25.913444 0.004771 157.548365 0.390331 -75.129499 4.721426 364.645549 0.602688 15.868984 4.467186
336 -5.909374 0.035669 -82.434438 0.002647 206.010397 0.480835 41.731268 3.501976 53.504744 0.985623 28.578301 6.399756
336 -3.625373 0.640005 -29.430258 0.252689 230.952741 0.772343 -71.763093 4.296798 435.098837 0.139734 -18.606712 1.831753
336 -6.577516 0.240086 -30.774517 0.197217 256.125506 0.337655 -87.925445 5.688220 320.973191 0.492225 29.020390 7.736040
336 -7.093476 0.674719 -19.858516 0.989423 313.048659 0.716731 -59.191203 1.600551 296.096641 0.366897 -1.024362 8.767959
336 -6.729845 0.493889 -25.354959 0.007732 193.274860 0.673649 28.249840 3.684962 52.050111 1.129445 12.471001 8.040698
336 -5.118969 0.430136 -32.858328 0.052211 209.199790 0.048537 11.080886 2.796686 301.462714 0.572704 25.215649 4.818945
336 -5.481159 0.386461 -49.827576 0.116703 247.804963 0.578015 -81.087848 3.611481 328.227845 0.281416 26.495378 5.543326
336 -5.348870 0.731870 -48.843132 0.177076 268.272124 0.678218 -47.967223 2.008626 278.687267 0.288874 9.564343 5.278748
337 -5.435223 0.673321 -51.957102 0.007664 213.469193 0.480347 73.123318 3.242851 284.619958 0.469987 14.662558 5.451453
337 -5.408017 0.088270 -48.080641 0.075518 234.798959 0.439274 6.861583 5.340786 240.868629 0.682137 22.491682 5.397041
337 -5.894655 0.049614 -83.578844 0.003481 205.581099 0.496493 41.532331 3.402620 51.841654 0.977534 28.383392 6.370318
337 -3.390794 0.636072 -25.706190 0.289501 230.330966 0.776122 -72.374769 4.383852 439.486594 0.158252 -19.018819 1.362595
337 -6.599423 0.209521 -33.085927 0.096722 245.097180 0.325665 -72.315590 5.716148 315.866511 0.521031 30.345038 7.779854
337 -4.375474 0.711034 -11.528433 0.998410 313.413055 0.740958 -66.531799 1.995415 296.019802 0.402467 -1.381404 3.331956
337 -6.552413 0.538401 -20.432985 0.007303 192.739327 0.566720 -0.438192 3.535369 80.409212 1.098945 12.422524 7.685833
337 -5.360728 0.372276 -43.866243 0.059762 216.590031 0.096480 -25.701232 2.360550 299.061322 0.496280 26.582786 5.302463
337 -4.995637 0.473861 -54.148397 0.035073 208.559931 0.288538 67.446622 4.335301 295.593995 0.633813 23.828982 4.572282
337 -5.372829 0.755495 -55.022594 0.153388 271.016508 0.670416 -49.880509 1.860430 288.224780 0.211299 9.540396 5.326666
338 -5.395297 0.690720 -47.025805 0.005648 210.610977 0.448582 64.309034 3.173888 301.268272 0.465787 16.336268 5.371602
338 -5.472995 0.041160 -47.811004 0.122972 242.587599 0.461469 -5.493719 5.253535 242.330179 0.667468 25.767183 5.526997
338 -5.901714 0.042184 -84.520891 0.003940 205.956527 0.495990 44.085669 3.415432 56.996180 0.957063 27.964497 6.384435
338 -4.139194 0.578965 -37.851829 0.443943 226.745333 0.716431 -70.580787 4.608411 445.447588 0.209524 -25.511230 2.859396
338 -6.248853 0.062328 -30.331295 0.086788 252.162852 0.405018 -87.870542 5.731626 288.457556 0.547624 28.736637 7.078713
338 -2.901443 0.709168 -5.566167 0.991270 302.260160 0.698255 -62.398353 2.017761 283.747750 0.489918 -0.383116 0.383893
338 -6.086481 0.546678 -11.339022 0.005952 195.489922 0.475338 -10.870089 2.995470 85.842441 1.067938 16.405703 6.753970
338 -4.927466 0.459637 -38.319611 0.008667 192.971477 0.069610 -4.811848 2.390782 263.625053 0.667256 24.288968 4.435939
338 -5.660668 0.328627 -60.692243 0.004854 211.514617 0.289248 81.362062 5.247584 277.730443 0.735184 28.966763 5.902344
338 -4.870852 0.792826 -59.108936 0.164056 278.373408 0.708787 -48.227621 1.787015 284.906481 0.143948 0.258859 4.322712
339 -5.342153 0.741682 -49.480317 0.050584 218.113294 0.419598 54.610323 2.923252 302.562676 0.450280 21.383099 5.265314
339 -5.176314 0.080391 -47.921614 0.126072 240.265958 0.489451 4.628563 5.121194 243.552523 0.667308 23.018405 4.933635
339 -5.613247 0.000023 -76.806171 0.005635 200.375443 0.549550 31.179143 3.833064 37.577146 1.032134 24.723750 5.807502
339 -3.946629 0.616754 -38.317330 0.449208 229.007123 0.715042 -70.450026 4.427975 452.832083 0.175291 -26.712516 2.474266
339 -6.418399 0.001085 -32.234476 0.058322 243.345788 0.408062 -81.887221 6.095334 280.417881 0.604159 29.857819 7.417806
339 -3.327070 0.703622 -7.540476 0.997443 303.707357 0.698703 -58.993275 2.006748 284.368319 0.476403 0.186023 1.235147
339 -6.038569 0.532005 -12.389149 0.003504 196.689217 0.495871 -10.375139 3.142388 86.035886 1.067100 16.421164 6.658145
339 -5.047086 0.630863 -33.356629 0.009588 199.595629 0.009622 79.587889 2.002410 270.378473 0.586933 23.066602 4.675180
339 -5.472914 0.366517 -64.151338 0.018921 211.024214 0.309991 -89.014822 4.932928 269.985981 0.735953 28.300854 5.526835
339 -5.284482 0.761747 -62.801811 0.202446 292.254992 0.763397 -37.658349 1.993596 280.668904 0.155335 0.785877 5.149972
340 -5.081561 0.693522 -54.498035 0.102742 230.594330 0.421136 45.257440 3.443222 367.956097 0.308065 20.358421 4.744129
340 -5.358530 0.148231 -44.644027 0.112839 248.373425 0.471644 2.848781 4.957762 260.054624 0.600126 22.458028 5.298067
340 -5.538729 0.080173 -77.510210 0.006078 211.313260 0.445958 21.636909 4.423701 102.087995 0.921978 26.338457 5.658465
340 -3.943183 0.652561 -34.002945 0.437075 230.956792 0.698822 -69.419919 4.492837 460.989126 0.177655 -26.557236 2.467374
340 -9.046636 0.692166 -24.671794 0.051467 242.195401 0.219153 -73.009415 6.499121 350.168336 0.647589 25.184718 12.674280
340 -3.375883 0.697829 -5.028891 0.741377 287.270179 0.623692 -57.012825 1.980403 261.143771 0.537116 5.315955 1.332774
340 -6.035421 0.539280 -12.511941 0.010057 197.612047 0.500876 -8.430583 2.934621 87.053010 1.062931 16.340289 6.651849
340 -5.189648 0.752753 -21.621550 0.072760 217.020500 0.038482 80.213067 1.723244 290.636899 0.501638 21.111136 4.960304
340 -4.558035 0.413238 -74.049280 0.037454 212.592253 0.272085 -33.331845 3.987200 322.046004 0.523303 25.402803 3.697078
340 -5.570836 0.745652 -65.555423 0.075073 282.499173 0.665318 -36.505060 2.476363 282.445451 0.182251 1.957325 5.722680
341 -4.551342 0.690597 -59.012260 0.163774 227.377238 0.398845 43.579069 3.433409 375.726087 0.332997 27.084037 3.683692
341 -7.688626 0.209805 -33.867625 0.049944 257.251003 0.424451 15.586895 5.116004 254.815277 0.646515 25.290583 9.958260
341 -5.555734 0.055171 -79.704223 0.014628 211.662155 0.472370 14.102932 4.520120 97.766114 0.936646 26.654377 5.692475
341 -4.140592 0.618950 -35.946842 0.444624 225.292626 0.687824 -69.131773 4.524885 462.618843 0.191518 -25.335309 2.862191
341 -5.724195 0.754306 -9.652774 0.079807 223.972705 0.227283 -71.366298 6.243588 359.595605 0.699323 16.650535 6.029398
341 -3.675676 0.695690 -2.711469 0.700541 289.783958 0.636629 -56.002248 1.988034 267.531163 0.525036 5.668786 1.932359
341 -6.261732 0.591375 -9.223053 0.016897 201.906767 0.542310 -21.869675 3.069787 101.489683 1.028555 12.416270 7.104471
341 -3.930822 0.742396 -27.955218 0.099231 225.643403 0.082240 82.504249 1.678498 289.974266 0.422230 15.120963 2.442651
341 -4.629604 0.548997 -54.239758 0.038657 207.102695 0.311890 -45.024766 3.667396 325.208984 0.543969 18.580541 3.840215
341 -5.218493 0.729834 -68.227753 0.051281 274.628407 0.664670 -34.795060 2.573940 283.234916 0.219816 4.011432 5.017993
342 -4.502868 0.623154 -65.427964 0.136958 225.691614 0.430379 53.837824 3.314174 348.471134 0.365633 28.808590 3.586744
342 -7.348468 0.270533 -32.560944 0.091386 256.816214 0.399948 20.825628 5.203320 296.918276 0.582369 28.181814 9.277943
342 -5.898749 0.050446 -85.300702 0.012505 214.091073 0.471572 22.562801 4.485864 97.611482 0.940299 29.411646 6.378506
342 -5.566313 0.700825 -40.033416 0.474515 230.914913 0.751563 -77.443990 4.015877 469.741246 0.112837 -30.204793 5.713634
342 -6.099615 0.735905 -6.866035 0.054230 224.196677 0.190592 -58.230737 6.179363 354.644371 0.697361 20.260129 6.780237
342 -3.674038 0.714612 -2.719158 0.676441 290.419532 0.633379 -56.927314 1.974684 266.249043 0.528703 6.716617 1.929083
342 -6.057773 0.544679 -13.652504 0.002295 200.391809 0.536271 -14.435028 3.042334 86.211046 1.055453 14.874576 6.696554
342 -5.450613 0.694052 -39.913346 0.098103 235.805326 0.101888 -83.936554 1.737152 278.285228 0.402677 23.868502 5.482233
342 -5.725755 0.515029 -46.563848 0.008430 180.584219 0.504226 -28.222359 5.717740 354.390503 0.727095 10.771861 6.032518
342 -4.862584 0.755347 -67.936717 0.197368 276.740561 0.644880 -25.689485 2.779284 276.925207 0.217086 3.877933 4.306175
343 -4.504564 0.641691 -64.505643 0.135562 223.258495 0.420534 53.781462 3.338489 353.316085 0.359731 28.615520 3.590136
343 -7.705409 0.242966 -30.367599 0.110465 262.728692 0.459143 17.549958 4.815331 232.851080 0.661910 29.004750 9.991826
343 -6.336455 0.066927 -86.717828 0.018953 221.687972 0.468860 15.148701 4.048017 71.363056 0.974362 29.618203 7.253917
343 -4.021234 0.695932 -45.045690 0.365983 223.974433 0.749753 -71.990706 3.942579 447.368205 0.145235 -34.741029 2.623476
343 -4.345563 0.787224 -7.706900 0.162172 235.683246 0.225305 -82.311487 5.732518 386.929839 0.550326 11.847508 3.272133
343 -4.210442 0.738453 -0.312241 0.679415 291.959540 0.654054 -55.247666 1.783791 265.936273 0.546230 8.857973 3.001891
343 -6.956290 0.668510 -49.951157 0.003241 209.759028 0.627528 -3.775827 1.546008 73.326162 0.870450 15.192068 8.493588
343 -4.287307 0.791508 -41.234565 0.039791 225.011094 0.760040 82.802232 1.548628 310.466079 0.318122 27.563855 3.155622
343 -5.276798 0.550346 -51.703552 0.059980 205.761576 0.416350 -8.088537 5.419414 394.058170 0.535086 10.627435 5.134604
343 -4.788818 0.745873 -70.344740 0.111617 267.455101 0.597814 -23.888779 3.241710 297.369465 0.257802 15.080642 4.158643
344 -4.840754 0.636547 -55.546987 0.062638 220.187596 0.411977 42.988158 3.460061 376.094239 0.363497 24.746172 4.262515
344 -6.806894 0.302837 -28.561269 0.117928 265.277565 0.569133 2.122953 4.914325 266.369444 0.573928 24.151728 8.194795
344 -5.817275 0.095632 -84.172544 0.003824 207.189923 0.456197 12.446533 4.154545 61.416508 1.015705 27.573000 6.215558
344 -5.214077 0.677579 -35.053302 0.449341 235.543476 0.758027 -71.665549 3.827483 458.358877 0.112764 -32.506956 5.009161
344 -6.683856 0.747806 -12.087709 0.033935 240.855623 0.215058 -80.844227 6.262033 416.346848 0.463972 12.724053 7.948719
344 -4.437702 0.735273 1.266068 0.709158 292.032310 0.638373 -52.588263 2.055632 269.298798 0.566038 10.112653 3.456412
344 -6.566351 0.665789 -50.362920 0.017284 223.374560 0.640247 0.656019 1.750337 83.956521 0.840983 9.908311 7.713710
344 -4.060307 0.707941 -40.736075 0.028374 212.566377 0.757615 85.664482 1.863881 288.620220 0.385100 21.722134 2.701622
344 -6.132192 0.496393 -41.304923 0.013919 206.645543 0.282733 -12.032507 6.118859 370.681985 0.694516 22.199609 6.845392
344 -4.977310 0.696585 -61.911459 0.192916 265.404573 0.628810 -20.965544 3.287990 339.682262 0.236507 5.910517 4.535628
345 -5.767909 0.587585 -55.693324 0.022193 220.408084 0.403986 45.825168 3.570940 372.292964 0.411078 28.088945 6.116826
345 -9.509095 0.244109 -36.201749 0.051494 254.136091 0.575887 13.241930 5.182740 229.159087 0.740551 32.616359 13.599198
345 -6.040718 0.123943 -83.594404 0.002429 195.619103 0.444608 21.160973 4.091634 91.381877 0.960440 25.175885 6.662444
345 -10.173963 0.631586 -30.184965 0.598861 255.928987 0.783888 -62.165973 3.808670 458.151225 0.104678 -18.923615 14.928933
345 -4.957934 0.729396 -2.029614 0.164917 242.742908 0.230339 -77.237802 6.017229 400.615530 0.513302 18.512340 4.496875
345 -4.406733 0.745288 0.119350 0.411222 271.358036 0.629862 -46.196505 1.760294 242.873650 0.640792 13.238778 3.394473
345 -8.480477 0.687657 -61.871015 0.039009 221.881478 0.161619 63.902491 6.318797 84.846866 0.692569 5.163153 11.541961
345 -4.176774 0.715950 -39.519831 0.084271 221.455332 0.766416 84.206816 2.118207 314.171264 0.375245 28.198187 2.934555
345 -5.602056 0.466723 -36.124690 0.014548 197.464164 0.244853 -18.746485 6.463775 374.213744 0.717004 20.266909 5.785119
345 -4.943916 0.742301 -57.590610 0.236590 273.345693 0.699287 -16.299263 2.502062 322.824639 0.241520 -0.257711 4.468839
346 -6.249609 0.595833 -42.509636 0.107530 221.600046 0.392864 19.368013 3.529014 378.339284 0.472367 26.009768 7.080225
346 -7.183052 0.243547 -36.873143 0.034609 231.203309 0.452390 22.734047 5.461302 229.334527 0.754279 32.112973 8.947112
346 -5.887316 0.127186 -83.953390 0.001328 195.484194 0.428863 22.075954 4.260101 78.085190 0.974320 24.266148 6.355639
346 -5.897684 0.683889 -27.044588 0.635983 241.669865 0.756936 -73.014036 3.344785 443.581233 0.152732 -18.685303 6.376375
346 -4.950697 0.713903 -3.034704 0.175012 239.463654 0.253943 -84.508282 6.241259 399.020415 0.523572 19.913712 4.482402
346 -4.517350 0.771600 -1.816348 0.473581 268.396680 0.623363 -42.601050 1.647235 268.257110 0.602430 10.154157 3.615707
346 -6.387290 0.641527 -50.206759 0.025870 223.919643 0.135064 43.109260 0.791853 78.110984 0.769790 11.214363 7.355588
346 -4.024932 0.710825 -37.024396 0.104671 222.252230 0.776402 81.830507 2.018285 313.512592 0.382488 28.083647 2.630872
346 -6.045867 0.508665 -36.193910 0.002289 199.266234 0.214562 -23.138899 6.368615 360.518277 0.704793 23.234742 6.672741
346 -5.784874 0.729695 -56.840147 0.136597 275.064280 0.762863 -10.869015 2.011282 325.326197 0.245671 -0.313381 6.150756
347 -5.026793 0.592244 -41.594015 0.088864 215.516738 0.376853 32.060336 3.967519 361.338126 0.522712 22.185471 4.634593
347 -5.768744 0.368258 -43.550945 0.087337 258.565931 0.612528 12.723692 5.058942 265.264860 0.567715 21.932343 6.118496
347 -5.544053 0.133267 -82.198147 0.006788 202.018835 0.434457 12.921861 4.341917 76.533133 0.973017 24.241392 5.669114
347 -4.052473 0.719666 -24.093308 0.274660 220.473375 0.788261 -81.709033 3.276650 448.872392 0.028426 -29.612242 2.685954
347 -4.914799 0.672900 -10.340719 0.105329 218.856144 0.177878 -79.836945 6.295617 435.214077 0.478400 19.318310 4.410606
347 -3.680356 0.788596 -0.342067 0.486814 266.682499 0.618347 -49.127069 1.606102 277.744817 0.578773 8.080585 1.941720
347 -6.586477 0.549378 -49.371699 0.007108 223.623799 0.731214 63.380615 3.318677 93.132653 0.974571 16.327905 7.753961
347 -5.721029 0.727310 -18.864738 0.153608 226.315527 0.732853 -84.283159 1.949346 327.120769 0.443736 19.902916 6.023066
347 -5.516324 0.656694 -45.761468 0.026383 208.581355 0.271131 -36.841947 4.541159 354.464197 0.546637 6.456841 5.613656
347 -5.384137 0.723022 -56.567280 0.140746 274.460569 0.746785 -12.434924 2.157531 321.187803 0.262561 -1.333982 5.349282
348 -4.613093 0.737425 -37.672370 0.172299 202.902040 0.337215 -51.078559 4.556941 457.839137 0.318928 -6.585165 3.807193
348 -9.154894 0.356897 -33.161369 0.070576 255.409155 0.520362 45.701675 5.551489 249.848853 0.708016 33.404089 12.890795
348 -5.693306 0.131277 -84.180272 0.007429 203.007865 0.457839 12.494656 4.159327 87.239812 0.932338 23.999710 5.967619
348 -5.199985 0.734453 -25.760719 0.265923 211.310633 0.755009 -74.233080 3.096930 444.076125 0.061252 -28.874839 4.980978
348 -5.496050 0.699871 -17.577545 0.016658 218.218339 0.143724 77.293355 6.521431 424.555934 0.508730 14.607992 5.573108
348 -3.555405 0.792319 -1.809079 0.830678 289.589212 0.598352 -41.548392 1.458916 292.029661 0.555899 2.272709 1.691818
348 -6.413608 0.552673 -42.938982 0.010845 225.860106 0.609495 25.370129 3.713240 102.329549 0.956311 15.259023 7.408223
348 -4.551214 0.675882 -12.448154 0.100417 241.325750 0.782602 84.927300 2.289006 282.571741 0.511106 24.311378 3.683436
348 -4.834072 0.739372 -34.651662 0.100649 219.524609 0.318064 -29.648397 4.105244 379.777319 0.451530 3.805492 4.249152
348 -5.420640 0.724746 -56.772723 0.139520 274.011875 0.738951 -13.091358 2.207000 323.994326 0.261719 -1.450346 5.422287
349 -4.162963 0.687689 -20.279565 0.210636 204.131790 0.349942 -54.504981 5.274197 464.042394 0.365446 4.290426 2.906933
349 -9.380477 0.398697 -27.021344 0.137237 260.848976 0.523762 52.203010 5.391599 253.250770 0.682692 33.557924 13.341962
349 -5.863943 0.135053 -82.541797 0.002072 198.618895 0.431249 15.625081 4.308731 91.912669 0.943021 23.821847 6.308894
349 -3.417721 0.713451 -28.422736 0.380285 198.848314 0.623126 -81.182004 3.647559 455.037997 0.097540 -22.724330 1.416450
349 -5.313556 0.709570 -16.133187 0.046536 215.848154 0.172786 79.845848 6.275352 409.290042 0.530360 16.472396 5.208120
349 -4.323668 0.759050 -12.095932 0.883577 303.988419 0.624224 -27.102356 1.416362 276.857233 0.544228 0.208479 3.228343
349 -6.632165 0.611359 -35.834758 0.027805 234.600431 0.597984 16.580745 3.748843 129.307035 0.918458 19.315908 7.845338
349 -5.961871 0.674355 -20.174498 0.051513 234.942012 0.766573 -77.963134 2.823402 253.139532 0.557484 23.153448 6.504750
349 -4.891731 0.633708 -29.995518 0.079784 204.265149 0.232708 -17.961186 4.349378 372.320705 0.528967 12.399468 4.364470
349 -5.908783 0.684248 -51.458150 0.178144 275.625212 0.725287 -12.744101 2.284322 315.934411 0.275666 3.758634 6.398573
350 -4.308594 0.668600 -13.968131 0.142696 194.775895 0.337320 -59.187482 5.563870 472.226774 0.349403 12.815144 3.198196
350 -8.291295 0.301647 -43.135014 0.278328 268.857943 0.643349 30.679199 3.390141 282.018976 0.565839 31.765583 11.163599
350 -5.527451 0.116363 -82.948206 0.008354 204.092694 0.499777 16.284357 3.975597 62.221341 0.973418 24.524712 5.635909
350 -3.307988 0.709865 -25.255350 0.415491 207.385259 0.635733 -78.051569 3.616874 456.624119 0.077142 -23.235567 1.196983
350 -5.699145 0.787776 -9.809843 0.030744 224.963465 0.255966 88.613265 5.895021 394.494795 0.533550 19.148033 5.979297
350 -3.796662 0.758343 -14.531580 0.857814 304.281846 0.635465 -26.756005 1.372400 286.179316 0.523802 -3.302594 2.174331
350 -6.477639 0.733024 -27.805497 0.012134 242.521666 0.740322 -15.175854 3.188776 99.644913 0.848882 15.350726 7.536286
350 -4.732963 0.453067 -49.918092 0.026283 224.324095 0.795080 -81.254277 2.114994 172.546904 0.663663 21.411291 4.046934
350 -5.491301 0.763269 -29.328334 0.041767 194.341556 0.185658 -27.922722 4.365812 456.504084 0.409718 8.329965 5.563609
350 -5.918750 0.701050 -50.410403 0.120690 269.257457 0.687180 -15.483728 2.545467 329.104122 0.289528 3.692246 6.418508
351 -4.094968 0.773305 -3.519430 0.064245 183.530416 0.325993 -53.831953 5.444393 488.957363 0.405398 10.996685 2.770943
351 -9.212297 0.253433 -48.566665 0.302312 274.767522 0.638927 11.852105 3.124890 285.536893 0.520063 29.985335 13.005601
351 -6.319790 0.130187 -81.068880 0.002246 204.528065 0.408952 37.593871 4.300505 103.826834 0.962249 31.443206 7.220589
351 -3.625358 0.759525 -29.450716 0.203951 211.760482 0.648089 -80.957916 3.267047 440.236952 0.036727 -29.018162 1.831723
351 -6.295415 0.765339 -14.296094 0.100187 229.981874 0.275484 85.830810 5.819959 379.754379 0.571329 21.673844 7.171838
351 -4.250021 0.768843 -13.389154 0.906171 309.427898 0.620642 -22.848083 1.479246 287.458762 0.527611 -0.966002 3.081049
351 -6.204639 0.656494 -33.752836 0.022060 232.090282 0.705266 1.106342 3.381775 81.357164 0.894837 14.875958 6.990285
351 -4.801963 0.643123 -19.197602 0.024456 211.219905 0.593677 80.129851 3.694748 297.926582 0.576305 21.231700 4.184934
351 -4.124856 0.780994 -31.926692 0.145447 192.325936 0.230633 -21.377290 3.871160 448.373943 0.355866 0.472679 2.830720
351 -5.260431 0.665293 -50.719322 0.129689 264.423208 0.698488 -13.572226 2.576223 316.424602 0.326211 7.722182 5.101870
352 -6.400444 0.758093 -5.259632 0.011682 176.735812 0.329675 -49.909388 5.589823 496.291943 0.460183 16.307481 7.381895
352 -7.023822 0.246192 -53.800987 0.285701 263.355129 0.590896 28.192439 3.301148 292.802320 0.532584 30.155231 8.628651
352 -6.174489 0.131582 -81.226513 0.001643 204.158488 0.415079 32.976400 4.284098 107.852939 0.944650 30.400886 6.929986
352 -3.630279 0.756426 -31.464321 0.114010 206.156602 0.655965 -80.657110 3.413770 443.126162 0.055374 -28.714035 1.841566
352 -5.821588 0.683371 -26.690849 0.048349 218.397127 0.247611 -80.783415 6.050795 394.977174 0.545203 16.527191 6.224184
352 -4.173536 0.767877 -13.221012 0.931264 308.578498 0.619523 -23.792048 1.439041 284.840131 0.530133 -1.036248 2.928079
352 -6.501183 0.582955 -39.943382 0.031101 232.215925 0.683979 -8.147735 3.396762 37.514258 0.962138 14.391401 7.583374
352 -6.475175 0.528015 -25.287756 0.011941 220.050619 0.607796 -86.990625 3.874202 252.781107 0.661179 29.236987 7.531357
352 -4.106499 0.767609 -31.542070 0.153085 189.120432 0.225570 -21.621076 4.240219 476.313310 0.346060 -1.032928 2.794006
352 -5.236234 0.675827 -49.410404 0.246147 276.772152 0.701588 -12.492285 2.677054 298.652809 0.318694 7.207349 5.053475
353 -7.076297 0.721685 -2.593101 0.022877 174.202266 0.405577 -37.989839 5.231004 496.345204 0.447470 14.976659 8.733601
353 -6.977955 0.197016 -44.996138 0.187762 258.462210 0.597176 35.238307 3.509710 273.636182 0.564979 31.488387 8.536918
353 -5.864701 0.124309 -84.320729 0.006402 208.694612 0.415619 29.624887 4.346408 89.788250 0.942619 29.071529 6.310409
353 -3.644136 0.748647 -27.635801 0.477558 213.046705 0.735477 -81.134687 2.707628 427.922979 0.046279 -36.514481 1.869279
353 -6.326108 0.660672 -47.936825 0.062681 227.885931 0.371725 -76.450796 5.711090 280.229709 0.499495 6.914669 7.233224
353 -5.555164 0.779461 -13.713422 0.975071 311.127665 0.607684 -31.963824 1.411373 297.491628 0.498114 -2.620522 5.691336
353 -7.550003 0.740965 -30.113106 0.015891 202.036751 0.500550 76.046133 4.521456 182.279551 0.863325 7.128644 9.681013
353 -6.205209 0.513948 -24.806531 0.028959 225.738839 0.577716 76.443665 4.193796 305.418903 0.564875 30.646333 6.991426
353 -3.881370 0.799452 -32.797279 0.239543 198.717082 0.304168 -37.644766 3.770276 459.704779 0.318507 -11.229384 2.343748
353 -5.096134 0.664764 -44.246252 0.243100 277.803130 0.681581 -15.938688 3.003713 301.240135 0.350034 3.079565 4.773275
354 -5.231518 0.717941 -4.959868 0.037953 175.685702 0.490674 -44.387397 5.000469 498.399116 0.383639 5.721836 5.044043
354 -7.131652 0.234141 -47.914478 0.233038 265.470454 0.588671 34.186466 3.376346 283.052654 0.514911 30.064819 8.844311
354 -5.495933 0.211506 -81.904163 0.010473 206.600881 0.425998 26.405143 4.066355 107.185910 0.930106 25.944278 5.572873
354 -5.422080 0.752894 -29.343747 0.888336 254.090580 0.696859 -76.329714 1.433178 380.508659 0.093118 -37.737703 5.425168
354 -5.920874 0.615105 -47.130427 0.048572 232.936932 0.415377 -48.668196 5.798140 210.334638 0.631769 12.574897 6.422755
354 -4.655156 0.774503 -16.442703 1.006048 317.824201 0.626587 -27.832965 1.189161 283.918106 0.488617 -4.034372 3.891320
354 -6.664819 0.730443 -30.930103 0.020658 224.651413 0.425363 81.175768 4.392647 196.531530 0.754217 6.066624 7.910646
354 -6.412518 0.601900 -11.163040 0.023819 213.226141 0.523495 77.488664 4.391600 315.571579 0.655148 30.960045 7.406044
354 -4.124894 0.782394 -34.302599 0.326193 216.811027 0.299193 -28.603984 3.491569 424.493664 0.350958 -9.280918 2.830795
354 -5.149772 0.670851 -46.411858 0.191220 270.450194 0.689104 -21.472708 3.051607 315.994583 0.327148 3.294189 4.880552
355 -4.038376 0.597022 -13.030071 0.089571 174.139650 0.504080 -16.822460 4.370038 475.091163 0.493917 8.537663 2.657760
355 -7.563324 0.134349 -62.195469 0.149473 271.440285 0.528351 66.396210 4.109594 150.790668 0.676189 32.913761 9.707655
355 -5.448249 0.218240 -79.622575 0.007882 201.245732 0.402906 36.726698 4.164337 97.944222 0.966810 22.907423 5.477505
355 -3.237783 0.733453 -25.786564 0.862202 236.381303 0.694021 -81.229091 1.784440 391.326330 0.135607 -35.808007 1.056573
355 -6.171685 0.697930 -43.206348 0.088293 256.405331 0.451795 0.476694 5.931131 143.544657 0.620817 12.048909 6.924378
355 -5.034760 0.782404 -15.174142 0.935849 315.423669 0.635055 -24.975344 1.377285 297.030815 0.501036 -3.581596 4.650527
355 -6.513096 0.724302 -48.111903 0.048309 226.593684 0.426339 -89.923375 4.396671 198.377192 0.694786 7.632411 7.607200
355 -6.340799 0.682423 -6.691609 0.034438 216.238606 0.526502 74.428510 3.962831 317.781057 0.656298 30.782167 7.262606
355 -4.023844 0.771593 -34.535317 0.322853 220.244189 0.290430 -29.410740 3.567283 422.827683 0.339874 -7.625341 2.628696
355 -4.637361 0.769286 -44.531154 0.299734 256.629310 0.674304 -64.785721 2.158916 330.291395 0.244077 -7.353872 3.855730
356 -4.831516 0.528431 -22.906260 0.015700 156.460620 0.466229 -20.679894 4.602654 458.422535 0.532072 5.663531 4.244040
356 -6.239386 0.101109 -53.798902 0.034978 231.233589 0.490571 48.975670 4.434168 280.187927 0.657977 31.105404 7.059779
356 -5.445823 0.217782 -79.107437 0.001455 204.768269 0.396990 45.730817 4.343077 95.568334 0.971678 24.960631 5.472653
356 -4.220391 0.780526 -32.362711 0.950217 244.983846 0.626844 -80.636392 1.645219 394.114334 0.090799 -43.337075 3.021790
356 -5.888592 0.621995 -51.382400 0.009749 243.390062 0.421544 26.420640 6.157770 101.581400 0.748043 17.048422 6.358192
356 -5.726341 0.798502 -15.429267 0.919380 316.246034 0.643398 -26.668311 1.424276 303.344477 0.497140 -4.210361 6.033690
356 -5.497167 0.619664 -49.555863 0.050638 222.592449 0.412219 -71.593705 4.010946 229.880637 0.686169 11.573087 5.575342
356 -6.530158 0.713541 -16.739501 0.041072 221.232911 0.522473 66.217109 4.188997 307.669244 0.685865 27.563422 7.641324
356 -4.491154 0.785684 -38.367096 0.332940 220.460287 0.299486 -40.794061 3.242125 415.974475 0.317576 -12.845543 3.563315
356 -4.907876 0.782430 -47.706317 0.299619 258.174811 0.593788 -85.969922 2.861345 308.722875 0.220184 -13.093473 4.396759
357 -3.578595 0.592849 -15.425246 0.019547 160.785940 0.511346 -27.666017 3.835410 485.492417 0.406792 -0.907514 1.738197
357 -5.803400 0.203904 -52.101852 0.092621 247.493958 0.503690 28.971701 4.159680 295.016527 0.545345 24.891165 6.187807
357 -5.533617 0.190879 -79.512304 0.004884 200.516040 0.401609 35.754294 4.354101 111.057207 0.940173 21.253376 5.648241
357 -5.776693 0.775677 -27.433429 0.922389 240.317420 0.658558 -77.497167 1.763946 410.908431 0.089510 -41.989483 6.134393
357 -6.874293 0.734025 -41.261278 0.046944 254.685913 0.440638 -6.662449 6.190552 134.878663 0.613878 14.869440 8.329593
357 -7.488597 0.778991 -15.769911 0.973542 318.328448 0.635141 -23.169951 1.543210 301.330234 0.503974 -0.940599 9.558201
357 -5.558112 0.631240 -48.033978 0.044510 213.057372 0.445629 -80.734715 3.487890 281.402276 0.648284 11.910503 5.697231
357 -6.208633 0.712945 -24.521269 0.026918 219.518717 0.482978 58.526640 4.108867 319.986439 0.677404 23.996028 6.998274
357 -4.241916 0.780275 -40.946203 0.390855 202.227358 0.299833 -54.315480 3.274166 446.546383 0.227525 -20.807866 3.064840
357 -4.910337 0.714592 -42.541312 0.174395 262.655202 0.663199 -39.198468 3.373019 275.540558 0.386307 -0.270922 4.401681
358 -3.650700 0.629697 -12.707135 0.068447 148.582213 0.502444 -32.827017 3.667905 494.690904 0.399507 -7.492904 1.882408
358 -5.176072 0.256901 -54.566204 0.139747 241.032792 0.497352 25.969338 3.854846 300.658755 0.547434 24.142405 4.933151
358 -5.926032 0.156095 -81.656343 0.009384 192.205697 0.400966 26.536833 3.993038 138.988467 0.929034 19.968588 6.433071
358 -8.892668 0.756302 -26.755677 0.747594 209.554693 0.638013 -76.420228 2.243540 454.763223 0.046390 -44.303030 12.366343
358 -6.503928 0.768836 -37.189864 0.046747 253.939970 0.347084 -16.565247 5.461277 244.507798 0.621746 4.310014 7.588863
358 -5.304898 0.762070 -17.546186 0.921540 318.489901 0.671004 -44.389831 1.573084 275.561363 0.479164 -4.195756 5.190803
358 -4.928120 0.579084 -49.164049 0.017330 200.345258 0.417456 -80.125866 3.312107 283.076055 0.641454 13.881155 4.437247
358 -4.855432 0.785463 -15.872599 0.027598 190.336557 0.498071 45.437913 3.805334 370.355337 0.656571 18.468167 4.291871
358 -5.190770 0.797028 -38.110963 0.586229 215.036368 0.291182 -52.435158 3.196829 451.188275 0.253465 -22.196577 4.962548
358 -5.310242 0.693649 -44.977045 0.112545 263.127062 0.602360 -28.125447 3.767070 236.933730 0.488052 7.386283 5.201491
359 -3.717540 0.541948 -20.673840 0.031415 160.902735 0.521608 -30.337066 3.706385 439.274693 0.471421 -0.459916 2.016087
359 -4.981595 0.240425 -57.188256 0.134453 231.395247 0.473549 17.851517 4.061077 327.156853 0.530234 21.705480 4.544198
359 -5.476428 0.152471 -80.793770 0.006038 196.954030 0.393686 34.152058 4.129626 143.661713 0.934733 21.869249 5.533864
359 -3.535929 0.689041 -27.546179 1.101259 249.895925 0.646956 -85.146749 2.193680 400.683861 0.075977 -30.403609 1.652866
359 -6.455628 0.757382 -37.386755 0.067731 255.372311 0.339940 -25.151759 5.412587 260.483268 0.573907 2.730861 7.492263
359 -4.686647 0.797702 -16.223986 0.806424 302.536748 0.663646 -57.690815 1.421707 283.217848 0.503497 -6.537371 3.954301
359 -4.807696 0.591998 -56.126264 0.014708 188.346615 0.444876 -69.641321 2.891129 273.674796 0.629161 11.677894 4.196401
359 -5.319928 0.742029 -24.752971 0.037056 198.202579 0.553521 45.323292 3.478501 357.690783 0.681267 21.999967 5.220864
359 -3.907292 0.753009 -37.291521 0.588829 189.782426 0.285059 -51.910766 3.325971 491.521134 0.175476 -30.000075 2.395591
359 -5.239607 0.687146 -47.595886 0.133337 268.997873 0.641578 -38.421541 3.592513 205.199205 0.458216 6.999770 5.060222
360 -3.723078 0.565250 -18.522240 0.014624 150.064220 0.521075 -39.260631 3.808690 461.711505 0.445674 -5.163923 2.027164
360 -4.966163 0.226441 -59.959145 0.180304 230.486588 0.495972 29.694475 3.990439 324.003452 0.554570 25.052354 4.513333
360 -5.664409 0.154560 -81.690918 0.007153 195.230079 0.380383 32.498275 4.183781 148.107734 0.919276 20.717462 5.909825
360 -3.986114 0.722804 -28.587277 0.989833 257.311365 0.676025 -82.775825 1.956395 392.185053 0.088134 -31.063804 2.553235
360 -5.528573 0.704018 -59.183917 0.083794 261.058116 0.232769 -31.818880 4.977914 208.678859 0.587694 13.355653 5.638153
360 -5.292173 0.793017 -18.758824 0.884961 310.049193 0.676393 -56.245247 1.222404 275.607338 0.493418 -6.110637 5.165354
360 -4.550066 0.544922 -56.039002 0.005649 182.800049 0.481307 -63.916802 2.726958 272.008831 0.642700 12.449777 3.681139
360 -4.806118 0.764036 -24.937581 0.069163 201.503286 0.624844 30.923306 2.980413 375.261633 0.607537 20.355093 4.193244
360 -4.448305 0.764525 -35.915544 0.486201 180.258974 0.264588 -54.034133 3.376235 487.778802 0.196963 -23.917124 3.477618
360 -5.334046 0.656766 -47.988571 0.187263 264.576787 0.646735 -33.226043 3.536843 218.296966 0.437680 3.642082 5.249099
361 -4.387905 0.602126 -20.368553 0.088778 170.543286 0.457153 -45.901284 4.182473 440.560877 0.442334 -4.053659 3.356817
361 -4.978328 0.230408 -61.677806 0.133638 227.215263 0.447112 29.045983 4.156532 334.695779 0.550521 25.671371 4.537663
361 -5.807963 0.182771 -78.154597 0.001783 191.081691 0.407191 33.814646 4.038646 158.402518 0.917285 20.136096 6.196933
361 -3.383800 0.726485 -28.845686 0.904998 251.855134 0.659307 -78.733354 2.174170 383.827081 0.134596 -27.437033 1.348608
361 -6.118218 0.728037 -55.441147 0.073047 236.128203 0.208679 -61.174578 4.589646 260.929225 0.538630 6.394699 6.817443
361 -3.185605 0.673826 -23.014372 0.579139 280.491742 0.718122 -70.677148 0.656745 246.793415 0.373093 1.167538 0.952218
361 -4.288663 0.519613 -53.498461 0.005873 194.242240 0.463405 -66.689482 2.512363 272.317101 0.594697 12.587358 3.158334
361 -5.279151 0.733309 -27.686903 0.047961 206.540657 0.597489 41.245640 3.191837 340.065163 0.665998 22.143527 5.139309
361 -4.162321 0.790280 -36.697067 0.519736 183.748650 0.254162 -55.165776 3.439026 498.303338 0.164114 -26.874507 2.905649
361 -5.411796 0.637003 -51.518213 0.181760 260.476516 0.612162 -30.444827 3.621039 218.388807 0.454125 4.333507 5.404599
362 -3.859336 0.557857 -16.587185 0.012236 149.166128 0.542571 -25.832570 3.097034 437.081403 0.530624 0.126116 2.299679
362 -7.494198 0.200054 -57.981747 0.029846 230.302735 0.579226 62.795827 3.927962 300.302404 0.659287 35.839667 9.569403
362 -5.522622 0.185770 -78.859624 0.011357 195.704220 0.393892 33.989578 4.107703 158.277926 0.918786 20.851832 5.626252
362 -6.494236 0.635915 -36.604121 0.664255 238.978449 0.598059 -66.576516 2.435712 414.377466 0.116649 -25.728294 7.569480
362 -5.854560 0.695353 -52.058843 0.067060 243.484159 0.239888 -57.568669 5.110705 272.203931 0.542469 8.411929 6.290128
362 -3.383014 0.638805 -25.392842 0.754365 294.679430 0.733950 -66.417004 0.234844 222.060168 0.402977 -1.655081 1.347035
362 -4.360682 0.491331 -54.615841 0.033953 195.303314 0.513982 -61.573140 2.520557 264.714212 0.554494 12.527647 3.302372
362 -6.372834 0.723233 -26.579231 0.022241 205.187724 0.593838 47.124062 3.482379 343.337559 0.733816 24.742631 7.326675
362 -3.799321 0.785553 -37.661050 0.499373 183.085781 0.252313 -53.195108 3.567323 499.086489 0.162342 -26.347698 2.179649
362 -5.622141 0.611157 -52.749540 0.108597 247.613258 0.605554 -15.343142 3.682491 227.920097 0.496215 8.414145 5.825289
363 -3.840028 0.546140 -16.490341 0.005499 141.632291 0.548070 -18.392599 3.074983 443.012039 0.551997 4.215103 2.261064
363 -6.957806 0.204237 -61.099430 0.039644 233.644750 0.548771 50.382332 3.854792 307.662108 0.625690 32.099159 8.496619
363 -5.938441 0.024627 -83.331935 0.004333 197.949970 0.374928 77.364308 4.599650 176.683599 0.991353 28.181780 6.457890
363 -3.800662 0.599077 -39.699126 0.585875 249.529938 0.602778 -63.272406 2.662920 368.452044 0.205578 -18.228961 2.182331
363 -6.046984 0.793367 -62.418437 0.032787 252.755589 0.183053 -58.973591 5.345848 178.869604 0.666660 10.827401 6.674975
363 -3.357367 0.633828 -25.640687 0.794902 302.226517 0.740708 -69.968240 0.133286 216.684328 0.388416 -0.826033 1.295742
363 -4.126308 0.579750 -48.198203 0.056435 217.548905 0.594401 -70.803550 2.399707 278.685442 0.426567 12.068830 2.833624
363 -6.761777 0.690935 -35.067142 0.006622 209.236729 0.578910 47.623424 3.571008 308.388504 0.775792 26.419480 8.104562
363 -3.895720 0.785930 -37.533732 0.489509 182.896407 0.258184 -53.407024 3.530862 498.883835 0.161475 -25.548205 2.372447
363 -6.029578 0.646272 -52.548127 0.006349 248.530639 0.594800 -8.612192 3.606763 210.844929 0.519929 16.257087 6.640164
364 -4.431441 0.549721 -14.624690 0.009670 139.376204 0.550255 -4.385239 3.222262 452.938142 0.594692 5.867447 3.443889
364 -7.497240 0.165103 -66.304691 0.046276 243.278953 0.558285 50.859344 3.840366 279.043915 0.637138 33.353541 9.575488
364 -5.743880 0.783094 -85.072282 0.005272 238.566988 0.376877 66.184656 4.015646 157.959696 0.917054 30.046533 6.068767
364 -4.044647 0.618896 -37.547323 0.612654 244.744257 0.600050 -66.431480 2.589067 386.882599 0.168773 -21.055534 2.670301
364 -5.948464 0.797935 -64.686555 0.014901 244.931864 0.084480 -68.611248 5.108059 201.932737 0.645459 12.686200 6.477936
364 -3.334663 0.629331 -25.499048 0.804288 301.621827 0.744656 -68.743405 0.122112 219.113730 0.387632 -1.166399 1.250333
364 -4.918892 0.473151 -53.583207 0.004790 230.900552 0.603374 -50.621181 2.559688 209.235414 0.518689 15.193894 4.418791
364 -5.832679 0.727142 -29.607425 0.005628 197.337582 0.578481 41.464135 3.582715 342.322924 0.748271 22.659774 6.246365
364 -7.513030 0.779372 -30.469370 0.548506 188.945571 0.278292 -47.814108 3.270132 497.639875 0.168336 -18.227581 9.607068
364 -5.329929 0.687181 -46.821406 0.109660 266.362418 0.644336 -54.090258 3.383352 188.931871 0.485160 12.619466 5.240866
365 -4.306118 0.556025 -11.925920 0.001971 139.293930 0.554395 -6.941063 3.094397 454.570907 0.601648 8.227877 3.193244
365 -6.122526 0.154341 -67.002838 0.061110 237.098184 0.553995 49.772632 3.445002 271.688143 0.641851 32.197415 6.826060
365 -5.106534 0.688904 -77.919602 0.006768 219.061763 0.401971 42.372543 3.684832 201.855359 0.856158 23.960259 4.794075
365 -4.305084 0.638160 -40.244919 0.523982 247.308964 0.645444 -68.554232 2.505312 383.567993 0.129599 -22.869931 3.191176
365 -7.294365 0.775104 -57.482791 0.057633 241.044431 0.734333 67.224331 6.423415 186.992368 0.574703 7.261787 9.169738
365 -3.395133 0.646646 -24.738744 0.936562 303.103746 0.742161 -78.699503 0.250827 236.427817 0.369335 -2.243656 1.371274
365 -5.376913 0.585201 -56.703110 0.083391 246.082267 0.630077 -70.161713 3.074625 177.139019 0.469432 10.699062 5.334833
365 -5.621458 0.787619 -25.161381 0.023923 198.699423 0.569272 39.014050 3.704731 345.221912 0.738748 17.818160 5.823923
365 -4.352569 0.788530 -33.296282 0.513474 192.201846 0.245617 -57.939457 3.412590 481.466270 0.170971 -17.198998 3.286146
365 -7.093431 0.778735 -41.436617 0.103966 291.466359 0.577672 -81.264538 2.162015 94.077800 0.472146 17.775629 8.767870
366 -5.499498 0.683563 3.326788 0.001830 182.847203 0.614153 -43.448050 2.619599 378.301475 0.474767 11.811775 5.580003
366 -7.860244 0.112201 -59.482162 0.051979 227.536135 0.514688 53.076792 2.264683 291.296468 0.641019 34.657274 10.301496
366 -4.987443 0.624095 -78.062668 0.003556 204.898337 0.397326 35.179586 3.538987 233.183578 0.851618 22.471376 4.555893
366 -3.699650 0.762208 -29.077048 0.355937 219.714056 0.605195 -71.451792 3.377377 435.834137 0.140912 -26.110949 1.980308
366 -6.243157 0.747231 -67.708563 0.005352 235.425586 0.695319 -53.479301 0.180457 192.795723 0.751489 14.830592 7.067322
366 -2.992019 0.681331 -23.156196 0.919632 298.229525 0.743333 -79.767148 0.255414 241.938020 0.371983 -2.853108 0.565045
366 -5.695944 0.687727 -62.265131 0.025626 266.615994 0.532710 78.775284 2.123037 148.079322 0.499611 24.471312 5.972895
366 -5.841988 0.748793 -25.933581 0.004671 194.305643 0.533072 14.888640 3.167179 351.351340 0.746034 19.439951 6.264984
366 -5.863378 0.791012 -32.971341 0.646399 202.015537 0.264800 -61.526498 3.349291 488.345604 0.123041 -20.924186 6.307764
366 -9.336160 0.745930 -44.347506 0.022640 293.109748 0.521719 -46.912759 2.613619 91.281813 0.550943 27.941606 13.253328
367 -4.914664 0.703683 4.479620 0.022219 180.685781 0.591898 -49.698583 2.803815 389.737438 0.453294 10.336454 4.410335
367 -6.851013 0.111403 -57.330342 0.053392 232.070298 0.551080 46.705800 2.497704 293.526334 0.613222 31.402873 8.283034
367 -4.902222 0.594888 -78.969508 0.004866 203.499359 0.404801 41.376677 3.540550 233.262033 0.829183 22.874985 4.385452
367 -3.894324 0.777462 -26.529578 0.648603 247.402974 0.624547 -84.729762 3.640927 446.765287 0.041143 -30.728143 2.369655
367 -5.504103 0.720841 -61.640777 0.007050 216.142759 0.776861 -80.641837 6.365807 252.894709 0.719853 14.764016 5.589213
367 -3.678372 0.711622 -25.589823 0.839676 293.629334 0.727394 -77.171603 0.582121 253.150994 0.391387 -7.588759 1.937752
367 -4.790215 0.589803 -63.086864 0.034725 229.490477 0.567894 -79.161845 2.130377 208.477692 0.618378 25.987530 4.161437
367 -5.744422 0.732477 -23.521297 0.017289 194.002715 0.519755 13.059589 3.514669 319.650729 0.782640 12.659459 6.069851
367 -4.422856 0.681035 -33.570153 0.474461 210.282276 0.312328 -50.000275 3.329888 452.916587 0.180625 -10.877176 3.426720
367 -10.338065 0.709228 -42.293469 0.053263 294.539169 0.308141 58.313419 4.911031 59.526364 0.699799 28.500170 15.257138
368 -3.620675 0.677435 -6.397358 0.149008 220.865765 0.744645 -72.276209 2.113730 293.268362 0.551669 10.267692 1.822357
368 -10.076125 0.085509 -64.048244 0.171835 256.896617 0.647359 70.814081 1.745031 221.085973 0.678575 38.175433 14.733257
368 -5.122287 0.565310 -77.511083 0.013900 215.306748 0.340166 61.233316 3.367940 204.041367 0.829098 26.161825 4.825582
368 -3.531510 0.780573 -28.886406 0.636717 247.313218 0.648822 -85.606246 3.411034 430.146644 0.063764 -28.880866 1.644027
368 -5.980581 0.752319 -58.176328 0.015100 214.520646 0.785498 -89.117418 6.349498 259.560813 0.706074 12.761197 6.542170
368 -3.663270 0.714861 -27.420609 0.880095 294.237485 0.761355 -78.496321 0.470591 263.395313 0.353800 -9.817664 1.907548
368 -4.578995 0.615179 -54.388695 0.043103 227.813849 0.605618 83.693509 2.132757 238.356633 0.525888 22.427024 3.738998
368 -6.127013 0.682333 -35.609756 0.020726 179.653985 0.456850 24.845156 3.672961 359.537556 0.753840 12.343471 6.835034
368 -4.669388 0.695884 -34.243210 0.503339 212.012190 0.320731 -57.977578 3.515195 465.260537 0.138089 -15.024558 3.919783
368 -6.366859 0.755491 -52.566937 0.129251 298.042506 0.361036 10.868888 6.020423 78.044519 0.612461 16.306192 7.314725
369 -6.460769 0.623275 -5.822001 0.235377 230.392855 0.705040 -59.447111 1.638504 294.912283 0.521972 17.463638 7.502545
369 -8.919127 0.105434 -65.542254 0.210897 275.565025 0.579352 69.107345 2.245800 175.033390 0.655652 34.409788 12.419261
369 -5.055726 0.582211 -81.579014 0.009295 222.136358 0.275452 67.346559 3.974144 187.476425 0.826191 26.245615 4.692460
369 -3.371021 0.793957 -28.828738 0.633782 243.477663 0.659069 -87.053839 3.438456 434.529105 0.078355 -29.232197 1.323050
369 -6.100767 0.745052 -59.236308 0.006886 214.712795 0.769361 -70.918308 6.379661 240.289261 0.702489 11.876994 6.782541
369 -4.522249 0.740140 -27.185073 0.744383 298.452101 0.749709 -78.260893 0.504231 231.843625 0.448296 -2.198322 3.625506
369 -3.816076 0.587361 -54.330633 0.020326 204.555100 0.654425 82.238983 1.497387 258.988755 0.507266 24.456324 2.213160
369 -6.707960 0.719182 -36.773889 0.004264 181.088336 0.552336 18.867143 3.748157 352.754048 0.761939 8.790255 7.996928
369 -4.016340 0.702259 -35.017333 0.505314 205.569584 0.310124 -62.149557 3.574871 469.297055 0.125220 -17.748835 2.613688
369 -5.892456 0.787013 -43.560883 0.222455 308.013311 0.411830 -22.983321 5.569628 79.790805 0.458263 3.602738 6.365919
370 -2.962063 0.645555 -6.195521 0.286697 229.651071 0.756648 -77.713048 1.604887 289.341086 0.464133 8.534149 0.505134
370 -8.497941 0.112186 -60.725018 0.227830 266.745584 0.563917 78.589357 1.719512 195.592477 0.622528 35.937304 11.576890
370 -4.894286 0.605394 -81.091642 0.009614 218.420510 0.249724 78.981268 4.330420 196.260011 0.808763 23.016862 4.369580
370 -4.682307 0.767943 -36.839351 0.624100 235.530922 0.684647 -83.215100 3.398397 440.765579 0.094048 -31.748548 3.945621
370 -6.043986 0.693592 -62.300577 0.012775 218.300693 0.775095 -63.316664 6.379962 201.259996 0.704158 16.996474 6.668979
370 -3.734192 0.712774 -29.079709 0.623962 301.859561 0.753345 -78.486954 0.821992 218.095411 0.396915 -2.465327 2.049392
370 -6.013105 0.578071 -40.534624 0.074698 235.877096 0.180213 29.252217 0.876593 218.817524 0.501666 27.330286 6.607218
370 -6.609563 0.722525 -34.994561 0.017082 168.683542 0.568315 19.363962 3.517141 381.871266 0.728654 9.585393 7.800134
370 -3.728214 0.697334 -33.714606 0.453586 195.371294 0.293953 -57.990983 3.633482 477.805871 0.150925 -15.580259 2.037435
370 -5.784555 0.792580 -48.098547 0.199890 309.210873 0.348116 -16.236062 6.047963 100.432601 0.417103 1.480968 6.150117
371 -3.513730 0.635924 -17.692462 0.088046 208.264549 0.662756 -69.089295 1.881509 287.628454 0.486131 7.873134 1.608467
371 -5.635188 0.153978 -64.502173 0.044654 232.381404 0.666333 57.029487 2.183169 224.767085 0.653668 29.433844 5.851383
371 -4.914551 0.631240 -78.142255 0.006358 207.939788 0.231638 80.292863 4.335492 224.659706 0.804509 21.401495 4.410110
371 -5.217800 0.723362 -24.529554 0.546457 230.991257 0.722025 -76.070789 3.527152 449.791807 0.080883 -12.925673 5.016607
371 -4.431772 0.717978 -63.339456 0.010902 235.874222 0.748826 -67.278034 0.433632 159.157523 0.673063 16.280240 3.444552
371 -4.042578 0.700872 -30.373590 0.631371 299.744740 0.724774 -78.912501 0.895466 217.933899 0.393069 -1.996489 2.666164
371 -5.507764 0.572442 -36.918299 0.091247 232.012064 0.198507 24.135869 0.543362 233.020382 0.498341 27.429839 5.596536
371 -7.261325 0.732937 -38.532873 0.009672 168.241616 0.504745 29.699169 3.536496 380.294969 0.736251 10.504048 9.103657
371 -6.232454 0.695484 -37.704432 0.432925 210.231048 0.336041 -60.383755 3.583108 474.539973 0.083220 -15.707266 7.045915
371 -6.359449 0.787807 -59.091359 0.010879 288.695147 0.251666 12.847600 6.058214 75.891990 0.584411 15.706313 7.299905
372 -3.229171 0.665227 -12.473425 0.195419 214.720900 0.637537 -70.684014 2.191362 314.754934 0.436721 8.504425 1.039350
372 -7.164290 0.143489 -65.880535 0.076579 247.210886 0.634933 66.513823 2.102893 185.761684 0.711582 34.999069 8.909587
372 -4.843389 0.609892 -88.421776 0.008469 219.098485 0.084140 -66.409830 4.236771 192.465842 0.804695 27.490831 4.267786
372 -3.324763 0.691662 -26.770503 0.544070 237.676299 0.776259 -87.416355 3.499458 420.714622 0.065659 -9.262174 1.230534
372 -5.105770 0.684409 -61.424500 0.014385 232.288730 0.789340 -73.327969 0.427789 181.808565 0.719716 13.760924 4.792548
372 -3.702357 0.707657 -33.117252 0.662363 297.809082 0.703866 -79.335049 0.960765 243.593506 0.313670 -4.732411 1.985722
372 -5.304503 0.590388 -42.797995 0.072201 234.301871 0.185772 33.650225 0.326394 219.086402 0.516046 27.332006 5.190014
372 -7.208017 0.737869 -40.817824 0.017925 168.506002 0.486626 28.241024 3.636201 382.986664 0.735053 10.280716 8.997042
372 -6.116701 0.721002 -37.013538 0.363346 199.490663 0.321338 -52.850777 3.866655 490.125186 0.112790 -14.340431 6.814410
372 -5.680054 0.757097 -64.303340 0.069829 285.150329 0.267393 18.565839 6.234279 63.611908 0.446172 15.084338 5.941115
373 -4.232799 0.700125 -15.323237 0.045587 212.491420 0.566752 -54.644343 2.647603 280.707335 0.580195 10.523088 3.046606
373 -5.479479 0.175148 -57.832824 0.141352 254.967689 0.711137 76.229936 2.689754 200.697428 0.570258 30.036030 5.539965
373 -4.788653 0.576050 -87.804839 0.002015 213.687876 0.094225 -68.375899 4.083876 204.408226 0.799561 26.738866 4.158314
373 -4.405993 0.696380 -29.479264 0.598505 239.498320 0.784684 -84.286632 3.395397 431.357184 0.088952 -4.025475 3.392993
373 -7.957028 0.787607 -67.607328 0.106170 266.087178 0.178894 -62.568909 2.551823 32.634213 0.551336 -0.943962 10.495063
373 -3.506817 0.738330 -30.674008 0.760392 314.833087 0.772580 -81.792059 0.352265 234.299965 0.294547 -4.807339 1.594641
373 -7.325794 0.590533 -58.100622 0.010261 242.043941 0.054768 56.084148 1.177671 154.413826 0.573538 33.784267 9.232596
373 -6.286710 0.721402 -41.989348 0.002592 170.364301 0.424052 14.264712 3.662988 363.566069 0.817624 13.131761 7.154428
373 -4.429381 0.732643 -36.547114 0.484926 222.116047 0.319605 -64.589827 3.841829 464.386125 0.120634 -16.005821 3.439770
373 -5.594739 0.726020 -65.915321 0.139801 282.210054 0.314844 22.930436 6.397854 83.415724 0.421581 14.841655 5.770485
374 -5.351682 0.584600 -35.315650 0.033336 220.625774 0.473244 -58.233350 1.968184 172.655673 0.775153 9.851382 5.284371
374 -6.296191 0.184747 -56.388979 0.074156 257.768799 0.705505 77.320235 2.742127 211.490068 0.568428 31.148183 7.173389
374 -4.743133 0.622771 -88.595549 0.016082 221.611834 0.110506 -67.818507 3.510821 188.313684 0.774159 27.988649 4.067274
374 -4.318986 0.680459 -29.206169 0.608312 249.401765 0.792172 -82.400838 3.611285 418.406114 0.107687 -5.789863 3.218980
374 -7.440025 0.745426 -82.499139 0.102680 333.121077 0.138888 -74.469988 1.315269 47.805052 0.412099 35.674307 9.461057
374 -5.148036 0.688971 -35.085799 0.661803 333.473493 0.769416 -82.071995 0.084673 195.262635 0.249982 -0.838159 4.877079
374 -7.202673 0.615681 -51.870840 0.023955 256.245857 0.717499 46.306152 0.886267 153.123062 0.634039 32.246739 8.986353
374 -6.198094 0.723053 -42.445607 0.002633 170.510242 0.422900 13.423888 3.678221 363.366342 0.815748 13.290693 6.977195
374 -6.121156 0.711472 -32.013531 0.509987 208.339200 0.348124 -69.362356 3.906361 494.331303 0.049906 -18.056988 6.823320
374 -5.896134 0.762026 -62.956964 0.015375 264.863283 0.207871 20.042463 0.592041 103.865570 0.494319 22.682015 6.373275
375 -5.506060 0.565985 -39.120184 0.068659 221.317271 0.486310 -61.239479 2.016446 171.078132 0.806061 10.228283 5.593128
375 -6.127851 0.160004 -62.245599 0.074406 256.345526 0.663857 80.241878 2.135720 160.737175 0.643060 31.008762 6.836709
375 -4.485202 0.626413 -88.364354 0.002429 201.285651 0.756900 -83.135405 4.639802 243.145826 0.820210 23.284075 3.551412
375 -4.576620 0.681716 -34.428941 0.533221 278.997021 0.783979 -80.962472 3.323034 371.068723 0.071105 -10.724900 3.734248
375 -7.543729 0.687921 -75.167963 0.161486 322.731253 0.124634 -63.396708 1.049387 34.540309 0.440243 38.708908 9.668465
375 -4.722017 0.687232 -34.713946 0.654861 329.908898 0.753481 -82.559550 0.234575 195.712528 0.270393 -2.445394 4.025042
375 -6.947582 0.636156 -46.985203 0.008618 262.452284 0.702018 55.234914 0.164701 115.970348 0.598029 28.594152 8.476172
375 -6.225270 0.699500 -36.903462 0.001628 164.054803 0.386366 0.739337 3.532946 367.194928 0.816681 12.077653 7.031547
375 -4.747654 0.751547 -31.281631 0.504273 209.719288 0.330446 -76.227490 3.802689 487.748371 0.043415 -17.908865 4.076316
375 -5.735032 0.762423 -57.799298 0.004651 262.174625 0.185972 24.899708 0.957603 142.146755 0.530469 21.647001 6.051071
376 -5.017768 0.518828 -37.202137 0.001997 202.367329 0.480091 -53.061625 2.081633 188.524102 0.806395 12.028146 4.616544
376 -5.185914 0.460843 -49.995323 0.030298 216.140126 0.677989 50.186759 2.090546 185.900293 0.766764 21.462239 4.952835
376 -5.170443 0.586691 -83.231788 0.024652 206.539403 0.013142 87.033420 4.657876 267.090831 0.659321 20.779265 4.921893
376 -4.377806 0.652385 -45.298344 0.408560 274.605490 0.628805 -82.056345 3.657415 330.010315 0.131189 -0.719073 3.336619
376 -6.643302 0.793130 -72.170842 0.156242 324.413475 0.037075 -53.562367 0.578438 11.043457 0.446141 37.135732 7.867612
376 -4.119210 0.688902 -33.089781 0.715410 323.712411 0.771691 -80.731807 0.283874 201.527268 0.299381 -1.160761 2.819428
376 -9.526572 0.681828 -42.894347 0.019447 284.408261 0.726236 50.945799 6.465083 69.335633 0.593117 30.627979 13.634152
376 -5.851351 0.704770 -36.612846 0.002930 166.913794 0.401802 3.796724 3.646314 364.146040 0.808414 12.398727 6.283709
376 -3.370184 0.706477 -40.487937 0.101180 155.840304 0.371755 -70.621745 3.804389 493.039879 0.085360 -9.840006 1.321376
376 -6.187264 0.778757 -54.937967 0.060884 245.535946 0.166969 9.718595 1.157827 175.666098 0.447816 8.868254 6.955535
377 -5.639866 0.472976 -33.571427 0.005145 191.186131 0.495526 -53.700437 2.237374 199.175883 0.810479 7.779967 5.860740
377 -5.520287 0.375910 -44.172719 0.006916 207.186083 0.747819 46.175661 2.605777 161.414773 0.896762 22.184110 5.621581
377 -4.779664 0.588342 -84.725446 0.009246 214.884637 0.032304 -89.311379 4.521160 247.892035 0.752799 27.126025 4.140335
377 -4.585331 0.622195 -48.878841 0.139549 219.033733 0.542955 -67.235114 4.682596 367.177696 0.315558 4.612812 3.751669
377 -6.288746 0.798319 -73.566342 0.065239 303.915375 0.009537 -42.655308 0.909174 48.187064 0.482625 35.805070 7.158499
377 -5.581601 0.734321 -24.702486 0.817057 311.208180 0.735889 -69.327431 1.144994 282.296791 0.273571 -4.586241 5.744209
377 -5.811791 0.765537 -34.744603 0.201971 308.742482 0.109468 28.995105 0.242696 135.168142 0.415097 10.515245 6.204590
377 -6.990952 0.707536 -35.187133 0.009149 179.757531 0.386918 -1.717635 3.827051 365.239508 0.818699 12.029130 8.562911
377 -4.156506 0.648991 -41.268637 0.145261 162.227608 0.408089 -81.231537 3.323133 452.434425 0.110781 -10.017560 2.894019
377 -5.149669 0.724823 -47.940506 0.085780 255.451185 0.248243 22.174529 1.039029 170.329656 0.494844 11.305595 4.880345
378 -4.560000 0.748850 -24.202459 0.073894 239.936825 0.347575 -76.608423 0.804673 191.319324 0.635566 9.132662 3.701007
378 -5.561537 0.366916 -38.333346 0.024454 201.684110 0.751239 41.099656 3.016084 206.289683 0.845465 18.380586 5.704081
378 -4.902523 0.659765 -71.084250 0.004055 209.467342 0.123111 80.614236 4.959560 304.914853 0.678366 22.719010 4.386054
378 -5.215283 0.659237 -52.221900 0.054331 228.298154 0.396337 -63.444324 4.360202 319.449798 0.380550 9.318571 5.011574
378 -6.432282 0.794668 -75.116687 0.086641 309.146108 0.743334 -46.976569 0.941179 41.422292 0.495092 37.587862 7.445572
378 -4.874903 0.732599 -26.765221 0.797716 302.836670 0.792503 -74.383366 1.288280 296.575020 0.297953 -5.852232 4.330814
378 -6.056152 0.730459 -34.839689 0.084735 295.101134 0.165482 40.032688 0.145104 121.691157 0.481765 14.242086 6.693311
378 -6.110788 0.312086 -76.345213 0.014495 232.262093 0.256936 71.119239 2.716410 47.907137 0.856850 31.308834 6.802583
378 -3.846543 0.655194 -37.234963 0.148004 160.136048 0.454630 -79.139214 3.100785 450.790020 0.107340 -11.470498 2.274094
378 -5.893571 0.769882 -50.852517 0.015837 268.867599 0.193794 22.009220 0.569977 147.656390 0.416762 13.212432 6.368149
379 -5.031161 0.612119 -26.541250 0.010783 207.638253 0.464373 86.747216 3.355910 258.827082 0.705114 17.508958 4.643330
379 -5.132390 0.326270 -33.583153 0.005843 187.780883 0.006376 42.617091 3.475715 233.824657 0.880227 19.503197 4.845788
379 -5.083206 0.674269 -72.411291 0.023851 208.575295 0.097993 63.838904 5.350725 337.913268 0.556430 21.248487 4.747419
379 -5.105558 0.562101 -32.657619 0.078414 229.753654 0.472248 -44.903559 4.412323 325.349359 0.466951 13.123467 4.792124
379 -5.703803 0.783741 -76.065895 0.126042 302.722633 0.742179 -47.706713 1.188132 58.669273 0.469487 35.409920 5.988613
379 -5.015471 0.709893 -27.462067 0.840308 312.308075 0.669476 -57.760645 0.969108 263.625977 0.307721 -6.782820 4.611950
379 -4.834842 0.714746 -28.033493 0.324103 303.330140 0.338546 7.916827 0.404622 164.872509 0.455379 5.807058 4.250691
379 -5.535934 0.318517 -73.734726 0.013052 230.918410 0.222510 65.023094 2.439694 49.468854 0.842486 27.272785 5.652876
379 -3.895713 0.638392 -32.833570 0.224821 172.021545 0.493637 -71.551179 2.954938 446.518832 0.124859 -10.779491 2.372433
379 -5.917542 0.773888 -46.877213 0.120573 265.415618 0.208614 -9.157169 0.509200 131.322410 0.490833 0.797225 6.416092
380 -3.974220 0.767612 -15.573395 0.154606 243.489076 0.388475 -67.131338 1.476860 232.287411 0.589674 11.988959 2.529447
380 -5.141260 0.304740 -35.448221 0.006975 185.884504 0.011803 44.623975 3.667213 238.991263 0.840049 19.314556 4.863528
380 -5.273960 0.567446 -70.523453 0.003730 189.914169 0.026901 75.562627 6.041119 356.301194 0.638958 19.038359 5.128927
380 -5.677253 0.437259 -31.392576 0.088385 245.634802 0.539555 -49.457388 3.374209 211.351522 0.630702 22.344377 5.935513
380 -5.734875 0.777211 -70.299246 0.108370 308.643785 0.797941 -51.163988 0.495039 58.636938 0.449483 29.631439 6.050757
380 -6.177113 0.729458 -35.501323 0.883894 322.905067 0.765351 -77.527660 1.061098 283.295324 0.213323 -3.571248 6.935233
380 -5.865696 0.725637 -30.240359 0.132271 291.746245 0.295188 19.072720 0.343713 175.365421 0.455939 7.478386 6.312399
380 -5.324575 0.356072 -83.083052 0.019081 224.853168 0.072486 45.971005 2.787225 79.722966 0.803284 25.154546 5.230157
380 -4.456596 0.628060 -34.907822 0.202592 199.367333 0.481582 -67.258626 3.639197 463.684590 0.074658 -18.921513 3.494200
380 -5.809661 0.787674 -46.996919 0.146235 276.233775 0.186082 -14.501305 0.368144 105.019929 0.536787 3.337160 6.200330
381 -3.586495 0.746042 -14.014932 0.225566 240.715418 0.401276 -55.858212 1.313508 237.234756 0.611415 8.244994 1.753997
381 -4.840338 0.387094 -30.882634 0.005350 172.997585 0.046387 58.005298 2.788066 267.842400 0.797487 15.475535 4.261684
381 -5.347642 0.600825 -79.548160 0.004392 202.281723 0.147119 51.620443 6.106221 342.640392 0.605103 25.101421 5.276291
381 -7.151010 0.292235 -37.991833 0.081469 263.815009 0.427751 -12.166565 3.804927 191.558716 0.607892 28.676427 8.883028
381 -5.914658 0.788664 -63.501038 0.155417 318.362602 0.068404 -63.241885 0.458797 82.193350 0.366756 25.790327 6.410324
381 -5.039750 0.756129 -36.534393 1.007535 339.740919 0.716723 -78.732031 0.433318 242.222656 0.240772 -10.335865 4.660508
381 -5.343731 0.658872 -27.095108 0.078084 226.665841 0.509079 57.524799 0.707453 279.833425 0.454611 24.463682 5.268469
381 -5.318058 0.367316 -83.133008 0.014719 231.020589 0.060520 37.537246 2.346532 66.301602 0.801496 26.914746 5.217123
381 -4.686586 0.633827 -35.523331 0.233664 201.118827 0.488830 -68.870147 3.500592 459.350800 0.058423 -17.875171 3.954179
381 -6.235306 0.758209 -44.885691 0.144172 264.185438 0.158987 -7.991384 0.920131 112.757026 0.538850 2.232193 7.051619
382 -4.201307 0.635126 -14.954515 0.017650 206.394868 0.346965 -3.862547 1.039348 238.046989 0.728730 18.082902 2.983622
382 -5.098068 0.473906 -55.051553 0.009612 220.566944 0.763566 68.395920 2.730741 201.012676 0.701484 23.689206 4.777143
382 -5.050424 0.682486 -71.711656 0.013397 193.472867 0.217013 65.318540 5.484806 381.611354 0.546638 23.539268 4.681855
382 -5.463455 0.286477 -45.731279 0.103551 237.333873 0.307213 -16.175457 6.033000 279.053794 0.611264 24.649332 5.507918
382 -6.695660 0.713428 -48.861789 0.129684 287.530320 0.715031 -75.160807 6.188841 186.341505 0.395879 23.393198 7.972327
382 -4.537016 0.790760 -39.081013 1.166579 330.233564 0.722137 -86.309267 0.612766 268.305603 0.265920 -18.840974 3.655040
382 -6.267030 0.621189 -29.331866 0.090687 235.541621 0.488531 65.783634 0.359010 237.836122 0.540906 29.686769 7.115067
382 -5.364481 0.277007 -74.962421 0.014184 210.926676 0.191589 52.486471 3.198171 130.714738 0.824211 23.476094 5.309971
382 -4.682306 0.629337 -38.056214 0.318434 209.754042 0.502388 -69.712828 3.622975 454.295646 0.042838 -14.596802 3.945619
382 -7.277638 0.784264 -50.532287 0.043443 241.170516 0.782354 17.434518 1.683271 129.308507 0.664806 6.690816 9.136284
383 -4.293950 0.466525 -17.381831 0.003602 202.494424 0.273088 5.311647 0.751635 201.934662 0.797943 20.959593 3.168907
383 -5.331443 0.440442 -42.463370 0.072508 234.839465 0.790099 39.247187 2.231531 174.592426 0.717125 22.115766 5.243893
383 -4.961579 0.704334 -81.711040 0.005260 213.112264 0.318442 69.033944 6.260740 368.114429 0.515776 24.652027 4.504166
383 -5.280166 0.216194 -38.940317 0.087391 229.315767 0.273741 -14.509145 5.198181 262.636845 0.660237 24.642132 5.141339
383 -6.562779 0.723556 -51.790546 0.084181 288.573711 0.638511 -77.804864 6.501875 194.842166 0.497701 21.436498 7.706565
383 -4.079943 0.799158 -34.446668 1.211269 336.442541 0.739131 -80.252636 0.162795 262.530431 0.292740 -17.519408 2.740893
383 -6.982098 0.637046 -31.300219 0.127937 240.913402 0.522839 67.694879 0.397426 232.866072 0.548625 31.564149 8.545204
383 -5.284431 0.239357 -75.144337 0.009235 206.429422 0.174854 54.904989 3.158266 140.429876 0.859122 24.805402 5.149870
383 -3.410347 0.675180 -44.246073 0.202445 185.522939 0.507452 -70.744711 3.069174 429.704272 0.125740 -17.977248 1.401701
383 -6.851139 0.701150 -46.798360 0.003383 224.387401 0.686922 31.346382 1.159387 126.156227 0.714615 9.432313 8.283286
384 -5.822361 0.799215 -72.295236 0.055684 259.801612 0.682666 67.726704 2.517704 122.006908 0.556270 14.301662 6.225730
384 -5.301583 0.643471 -46.299169 0.017381 249.273496 0.180334 83.805907 0.310974 113.948930 0.640036 16.336206 5.184174
384 -4.655932 0.635677 -73.801224 0.009084 197.648822 0.174716 -67.862165 5.091940 341.078329 0.606294 23.294741 3.892872
384 -5.564299 0.246839 -34.836036 0.051679 232.033339 0.250024 17.948954 4.283836 248.666670 0.662408 24.985650 5.709606
384 -5.652901 0.746245 -54.556173 0.136089 283.210614 0.682091 -89.886662 6.438700 235.250010 0.430568 18.892932 5.886810
384 -3.513176 0.757961 -27.096719 1.325812 336.536965 0.710704 -73.330409 0.296561 265.286621 0.306233 -14.260269 1.607359
384 -7.545374 0.654479 -30.893411 0.239937 249.431297 0.531233 58.141374 0.341267 249.523321 0.504928 30.464718 9.671755
384 -5.227566 0.193606 -77.342165 0.011597 213.871552 0.196033 -69.981856 2.174275 120.519805 0.877679 27.484505 5.036139
384 -3.485651 0.659682 -38.021243 0.247825 189.440842 0.562417 -77.294328 2.809902 409.762768 0.133085 -15.484156 1.552309
384 -5.566092 0.619204 -36.803594 0.053416 246.053419 0.730246 61.998958 0.813109 129.618062 0.711247 19.479448 5.713192
385 -6.229696 0.120954 26.726354 0.095659 229.072158 0.537783 26.614677 4.450903 288.855889 0.744879 30.991306 7.040399
385 -5.107086 0.750594 -78.983971 0.005024 251.214299 0.310565 14.065408 1.185506 130.043204 0.569996 20.353550 4.795179
385 -4.351761 0.671208 -72.529577 0.004465 199.720561 0.095945 -30.022450 3.274031 304.281790 0.625690 22.599541 3.284530
385 -6.111900 0.133942 -2.715922 0.026205 239.135184 0.179659 25.906015 1.245104 97.227016 0.803639 29.685575 6.804808
385 -5.891684 0.758492 -43.819542 0.174376 284.906465 0.730760 83.322061 6.409221 255.243527 0.404560 16.057533 6.364375
385 -3.177912 0.758480 -28.016916 1.320908 335.964919 0.707259 -76.296643 0.580142 263.008793 0.338732 -15.708136 0.936831
385 -5.889631 0.669546 -60.750736 0.044393 249.819869 0.545213 32.151533 6.183042 277.327782 0.488472 18.262996 6.360270
385 -6.036013 0.235469 89.340942 0.016022 230.585242 0.440419 73.882968 3.743266 111.474402 0.863272 31.720381 6.653034
385 -4.628356 0.679789 -41.646927 0.282646 187.009507 0.530546 -82.476627 2.494464 396.166006 0.139065 -18.484202 3.837720
385 -5.818689 0.674983 -42.147844 0.100859 261.954949 0.000706 85.126637 2.683931 115.386629 0.681316 15.216488 6.218385
386 -6.588141 0.156148 24.080592 0.069173 240.527061 0.634076 41.260933 4.922156 256.516294 0.765751 28.986256 7.757289
386 -4.853249 0.540525 -67.223452 0.010186 226.068250 0.262439 -11.572205 1.963962 199.992145 0.579520 18.307981 4.287505
386 -4.353310 0.649979 -75.671310 0.005332 191.847039 0.013330 -45.194199 2.670557 280.137409 0.658844 17.980431 3.287627
386 -5.171355 0.016967 29.280442 0.009408 216.967047 0.379325 39.685520 1.290886 97.184413 0.881055 25.707289 4.923718
386 -5.592232 0.691752 -38.241981 0.098765 271.741874 0.691830 76.410108 6.386246 250.599734 0.427663 15.278253 5.765471
386 -3.320259 0.729941 -23.446673 1.330724 344.806452 0.736863 -73.929424 0.513196 253.301162 0.341862 -10.766298 1.221525
386 -5.666746 0.663582 -51.830885 0.088459 266.697350 0.640936 36.246364 6.250683 275.713969 0.440048 18.355453 5.914500
386 -5.687872 0.229711 89.989413 0.014729 230.994881 0.457694 71.478680 3.508663 101.587141 0.845727 29.986467 5.956752
386 -3.146451 0.682151 -43.583556 0.185660 194.946403 0.563650 -75.614292 2.400471 400.261264 0.077727 -21.907126 0.873910
386 -6.124584 0.448963 -5.312694 0.057838 256.449711 0.172967 -77.160914 2.929408 100.117403 0.766212 22.683009 6.830176
387 -6.731839 0.106844 28.581585 0.091493 259.950484 0.720334 27.662416 4.206289 219.233074 0.713374 26.893738 8.044686
387 -4.268064 0.560491 -73.025505 0.016399 230.201696 0.305894 -36.696274 1.156553 178.624164 0.639159 24.016830 3.117135
387 -5.737529 0.666242 -70.493184 0.002146 212.146636 0.006625 -8.808853 3.537958 253.678035 0.795862 27.258786 6.056066
387 -7.740396 0.422222 -34.763934 0.029860 237.038863 0.463121 88.328376 6.423669 126.378090 0.817424 31.349242 10.061799
387 -6.412977 0.675183 -39.813832 0.083366 275.775193 0.653576 76.485684 5.889944 222.014089 0.460229 21.835611 7.406963
387 -4.578600 0.764065 -27.610021 1.526273 339.394499 0.672966 -73.319294 0.913949 276.083024 0.369140 -14.676976 3.738207
387 -5.766423 0.655417 -54.636956 0.070789 259.503090 0.630941 40.794536 6.370645 292.543039 0.439979 21.017397 6.113853
387 -5.922162 0.105578 -63.936562 0.028516 236.522186 0.594088 61.665129 3.861629 89.880157 0.833742 28.889190 6.425331
387 -3.750552 0.756325 -56.223488 0.155860 191.381720 0.485512 -75.160873 3.055302 433.539104 0.071779 -28.955781 2.082112
387 -5.955950 0.550079 -44.197717 0.077917 260.262262 0.174722 -75.770721 2.692355 61.330755 0.720333 19.109424 6.492907
388 -5.872950 0.126482 23.797427 0.147114 252.587913 0.671244 10.517928 3.711293 238.152179 0.683447 24.437372 6.326908
388 -4.894719 0.398324 -49.010645 0.040718 229.549894 0.359292 -55.330552 0.141711 156.011529 0.663150 27.260732 4.370445
388 -5.881245 0.637103 -69.633975 0.012161 219.981937 0.010221 3.660275 3.837336 252.839765 0.785041 25.246318 6.343498
388 -6.236276 0.721344 -44.400372 0.065094 266.057459 0.120084 -22.066404 6.260513 81.005232 0.688932 14.826595 7.053560
388 -6.426818 0.599130 -43.967954 0.096106 275.329544 0.684611 -88.141831 6.024424 174.272759 0.535273 23.885792 7.434644
388 -4.289353 0.714909 -21.340933 1.530679 344.351126 0.667473 -67.453036 0.851911 255.252580 0.432674 -9.840977 3.159713
388 -7.608057 0.395934 -27.022178 0.075004 247.173995 0.543090 -72.690255 5.278410 245.264719 0.640731 30.501120 9.797122
388 -7.114876 0.096046 -59.369397 0.011072 219.081519 0.498306 56.429276 3.241567 81.532504 0.919025 34.301438 8.810759
388 -3.771252 0.755616 -57.660923 0.068577 183.445257 0.476671 -73.370589 3.334306 457.469330 0.052264 -31.657194 2.123511
388 -6.006899 0.610681 -48.760812 0.055007 262.613691 0.171753 -75.702829 3.140157 66.976422 0.687625 18.811831 6.594805
389 -6.142817 0.152962 23.996364 0.122422 252.234649 0.641373 1.460538 3.493271 247.413972 0.660435 24.484157 6.866642
389 -6.042819 0.389346 -42.555680 0.029810 232.143090 0.414066 -83.590273 0.473996 199.193257 0.606602 29.361382 6.666645
389 -5.300604 0.659518 -67.806128 0.014326 223.770194 0.766747 2.659534 4.474404 269.158201 0.739547 21.031869 5.182215
389 -6.860448 0.626980 -48.048622 0.055549 263.053370 0.001835 -18.041741 4.212298 48.451401 0.585719 24.813924 8.301904
389 -5.803143 0.681385 -49.465744 0.093007 276.374023 0.594136 -75.952523 5.929388 138.555927 0.576774 15.992483 6.187293
389 -3.452679 0.716317 -18.917697 1.532791 345.733310 0.668567 -67.040306 0.832929 254.526576 0.435384 -9.777255 1.486365
389 -9.052031 0.224098 -25.424538 0.047498 216.233611 0.780818 -78.724351 3.968301 310.863957 0.666940 37.246604 12.685070
389 -6.317672 0.106419 -55.414114 0.003766 212.513436 0.466294 66.308982 3.553249 82.950438 0.904995 30.657242 7.216351
389 -4.048147 0.766885 -62.575700 0.164540 185.082143 0.474984 -71.411192 3.322088 460.057550 0.074819 -35.460753 2.677302
389 -5.595645 0.708538 -64.260730 0.032524 248.853763 0.129609 -42.228257 3.370504 70.566496 0.771700 17.274026 5.772297
390 -5.785863 0.136309 31.780484 0.099776 252.517771 0.654262 -26.280008 2.837946 216.323396 0.640975 23.864329 6.152733
390 -6.843456 0.372690 -48.137652 0.014920 242.638693 0.091069 -60.696909 6.533456 75.894688 0.786772 29.677452 8.267920
390 -6.588877 0.613665 -67.892812 0.001618 227.713209 0.082905 -7.788154 4.996552 277.310700 0.770164 24.847788 7.758761
390 -5.747235 0.616168 -64.257246 0.038567 260.052040 0.744378 3.813918 3.701991 69.873154 0.565548 20.483906 6.075477
390 -5.912007 0.658641 -53.451287 0.074124 275.926675 0.608127 -73.076911 6.462817 119.996941 0.583323 20.076815 6.405022
390 -3.516644 0.737253 -20.698966 1.552782 340.823296 0.651275 -72.501954 1.036776 267.104436 0.422150 -13.027498 1.614296
390 -4.338046 0.301419 -28.945927 0.036264 195.278080 0.794973 -83.185887 4.482041 345.090969 0.548488 27.674298 3.257100
390 -5.410591 0.079651 -56.100866 0.027585 225.419505 0.416477 87.620609 3.184119 67.594944 0.849165 25.451317 5.402190
390 -4.895482 0.797703 -67.895726 0.150552 187.592669 0.544204 -78.986340 3.775712 483.061728 0.018282 -35.589782 4.371971
390 -6.323458 0.416107 -35.349472 0.002312 236.937239 0.227555 -36.712442 3.180301 132.255906 0.803488 24.343581 7.227923
391 -5.225964 0.131636 26.553483 0.137429 247.903043 0.625480 -45.278481 4.147384 219.131358 0.622677 21.400399 5.032935
391 -5.659426 0.359536 -51.652183 0.026218 239.143548 0.065196 -39.419248 5.664294 56.593339 0.775175 23.506480 5.899859
391 -5.198572 0.662798 -68.009753 0.015000 228.459632 0.160369 -7.896089 5.853168 302.524551 0.633877 22.283329 4.978152
391 -6.030266 0.535023 -40.268290 0.025031 211.065267 0.734495 -10.885676 1.545749 219.332024 0.890997 13.288009 6.641539
391 -5.969004 0.739360 -52.549299 0.077929 278.659270 0.621038 -73.997642 6.417171 139.075555 0.518392 17.228047 6.519017
391 -4.502628 0.726539 -18.260941 1.553042 340.074337 0.669510 -70.872869 0.876729 268.318340 0.425728 -13.095389 3.586264
391 -5.351353 0.258925 -29.346199 0.013309 186.654199 0.751526 -71.467115 4.002767 346.407471 0.581260 28.183043 5.283714
391 -5.363908 0.105003 -59.174197 0.018008 225.140092 0.425346 -89.134196 3.245143 74.719715 0.828074 24.051448 5.308824
391 -4.866944 0.756528 -60.266170 0.024213 199.691788 0.545849 -63.316542 4.280403 452.657119 0.168074 -26.613536 4.314895
391 -5.826978 0.470888 -35.518515 0.053240 243.200387 0.378039 -11.556430 2.377340 120.085833 0.773081 20.989939 6.234964
392 -5.056661 0.110269 26.492871 0.132193 246.211992 0.614056 -45.730176 4.083040 216.386646 0.633790 22.075642 4.694329
392 -6.158732 0.400948 -62.647021 0.004602 236.351984 0.009749 -28.135577 4.621191 13.421960 0.885324 26.409045 6.898471
392 -5.818975 0.613662 -59.826634 0.022885 220.424980 0.196649 -20.673071 6.440328 339.293551 0.518882 22.353775 6.218957
392 -6.912834 0.452228 -40.679289 0.010005 209.617905 0.651945 -7.423156 1.438719 197.968172 0.945727 17.628055 8.406676
392 -5.753828 0.694092 -41.150488 0.200630 291.812787 0.714321 -74.161937 5.620125 143.537196 0.519229 12.231742 6.088663
392 -4.271294 0.738960 -18.581833 1.632067 357.379779 0.652878 -68.918744 0.927542 257.665966 0.391444 -7.626471 3.123596
392 -5.596534 0.169092 -21.692578 0.031148 214.931006 0.008347 -83.649390 3.377967 289.970416 0.632559 28.615838 5.774075
392 -7.177904 0.074210 -44.079129 0.045080 247.094067 0.429402 -89.693383 3.818847 55.054151 0.833019 32.461507 8.936815
392 -4.323160 0.771670 -61.784163 0.130468 204.796393 0.539243 -64.260758 4.266994 452.959352 0.158654 -27.498500 3.227327
392 -6.197425 0.532024 -45.790461 0.045271 241.240528 0.122774 -13.743844 4.637622 203.690582 0.579834 23.430131 6.975857
393 -5.106834 0.117592 28.356339 0.148348 246.487083 0.601119 -45.426231 3.976262 221.525295 0.629344 23.334557 4.794675
393 -5.591101 0.399237 -64.806653 0.012139 226.824757 0.785291 -20.503723 4.390665 38.597611 0.880016 24.648220 5.763209
393 -5.680791 0.598281 -61.085525 0.008235 217.855535 0.151156 -28.264632 6.567125 359.447358 0.501817 23.275492 5.942589
393 -7.424912 0.422434 -46.794742 0.005758 206.329911 0.046816 5.168345 1.601796 113.939077 1.061316 22.707084 9.430831
393 -5.747372 0.718562 -37.429373 0.233959 294.108258 0.743974 -78.491892 5.604311 165.411131 0.518322 9.618948 6.075752
393 -5.654495 0.745847 -23.742820 1.548024 351.457651 0.624080 -79.429938 0.908715 273.735498 0.332972 -4.938987 5.889997
393 -4.771403 0.167901 -23.935954 0.039022 202.141855 0.767325 -87.818681 3.477088 295.166572 0.648549 30.474749 4.123813
393 -7.908740 0.160799 -37.256777 0.010619 225.524587 0.123762 -75.389694 2.291344 152.474434 0.903108 30.642389 10.398487
393 -3.905864 0.737429 -49.704042 0.299099 208.533100 0.541170 -66.600071 4.159008 480.455770 0.127247 -40.812821 2.392735
393 -8.840096 0.611053 -35.894926 0.086979 270.867610 0.061536 -9.096507 5.329113 230.625358 0.536002 29.507340 12.261200
394 -6.276584 0.090683 23.953242 0.028990 246.889689 0.496356 -56.255362 4.023058 208.823481 0.672153 25.535447 7.134175
394 -5.685526 0.476931 -68.723485 0.027322 224.020712 0.047197 -50.414866 4.632818 24.626125 0.802900 18.750608 5.952060
394 -5.475280 0.544230 -56.247318 0.036647 214.151179 0.127056 -22.532384 6.112614 342.803266 0.532229 14.986581 5.531567
394 -6.120584 0.571644 -60.976741 0.005925 209.186082 0.451499 26.279452 2.980507 46.759042 1.035352 16.107169 6.822175
394 -5.684028 0.722323 -40.884783 0.161559 279.555470 0.743007 -72.606506 5.472270 185.979023 0.523004 11.584810 5.949064
394 -5.928613 0.665470 -15.363738 1.600794 354.143967 0.594742 -78.212750 1.248497 264.451336 0.348485 3.126332 6.438233
394 -4.684382 0.139776 -19.986024 0.015920 198.857751 0.746428 -87.518643 3.446754 303.278897 0.638985 29.896516 3.949771
394 -6.861151 0.219445 -43.227651 0.017664 220.563507 0.086298 -70.819318 2.383056 154.673129 0.891924 29.335585 8.303310
394 -3.661917 0.731510 -54.097085 0.279438 206.723695 0.548403 -66.051523 4.130974 470.056953 0.147043 -40.634978 1.904842
394 -5.685724 0.714977 -69.175340 0.047165 263.717523 0.251704 -20.168843 5.641438 183.747588 0.568834 27.252523 5.952456
395 -5.346194 0.015123 18.514515 0.104443 239.824498 0.647037 -25.371849 2.993626 209.788747 0.696473 26.184592 5.273396
395 -5.513521 0.458211 -68.253896 0.006478 220.752902 0.694738 -56.761373 4.707952 12.264369 0.872053 22.305627 5.608050
395 -5.417808 0.522017 -64.203572 0.009171 212.515862 0.131914 -23.573521 6.185174 339.020461 0.536500 20.290245 5.416623
395 -6.212125 0.749797 -82.960808 0.007070 211.310184 0.253867 -1.048683 4.091981 76.566606 0.994337 11.988200 7.005257
395 -5.625595 0.662790 -39.423195 0.157232 277.388525 0.084654 -59.695946 5.308393 171.326750 0.508203 13.316217 5.832197
395 -4.433484 0.676399 -13.625612 1.576346 358.107603 0.636498 -79.966550 1.307018 259.442902 0.343037 1.363948 3.447975
395 -4.160652 0.239971 -41.067321 0.008472 190.004379 0.691970 -79.541885 3.665789 316.017598 0.599119 23.412666 2.902311
395 -5.925681 0.196066 -46.470436 0.011560 218.162439 0.769938 72.800962 2.394681 105.079367 0.915456 28.092208 6.432369
395 -4.009920 0.737907 -48.427778 0.345403 211.952319 0.533848 -65.466006 3.798760 470.884594 0.137267 -43.018518 2.600848
395 -5.369559 0.593079 -57.557426 0.108746 263.545452 0.356436 -74.419437 5.971444 229.858185 0.411324 20.454188 5.320125
396 -5.150667 0.075405 16.892128 0.089114 244.360632 0.631270 -19.553794 3.226655 200.745321 0.670518 21.431817 4.882342
396 -5.630606 0.391255 -60.810442 0.001879 214.835034 0.681871 -51.807546 4.271175 13.747078 0.902600 20.800313 5.842219
396 -5.180343 0.487842 -59.341705 0.036686 203.967017 0.193353 -25.774422 5.764212 365.129593 0.520970 17.516864 4.941693
396 -6.198103 0.709666 -81.062787 0.002016 212.807436 0.320648 5.478207 3.693043 58.128321 1.030461 12.962122 6.977214
396 -5.868811 0.569421 -30.501064 0.081656 269.524329 0.063885 -43.614661 5.269098 178.506149 0.587505 17.909266 6.318630
396 -3.312237 0.700239 -14.638909 1.545214 345.232829 0.662306 -82.021518 1.400726 274.394066 0.345023 -2.103151 1.205482
396 -4.268645 0.297334 -40.953452 0.016508 188.610052 0.143720 -55.264732 2.838708 274.699312 0.690890 18.246500 3.118297
396 -5.362329 0.156163 -36.197091 0.023450 216.283143 0.143443 72.073524 2.467137 114.132398 0.846972 24.995547 5.305665
396 -3.649403 0.726034 -51.875592 0.172691 197.755255 0.539074 -69.505275 3.516910 449.467230 0.140769 -38.851885 1.879814
396 -5.597249 0.657735 -70.265951 0.090351 274.975369 0.375677 -82.774878 6.312215 175.451067 0.444492 29.106658 5.775505
397 -4.944383 0.050423 19.113104 0.106898 239.489258 0.598565 -22.522794 3.378012 210.169324 0.681941 22.802088 4.469774
397 -5.581744 0.476783 -64.317799 0.026630 228.206065 0.744327 -72.434795 5.374147 52.492816 0.782863 20.933889 5.744496
397 -4.592598 0.491368 -59.029379 0.033390 191.105739 0.142004 -39.626353 5.464781 423.835099 0.502577 17.698396 3.766204
397 -6.500729 0.747650 -78.336187 0.009531 222.811923 0.272299 4.098732 3.667359 47.873659 1.020661 12.032533 7.582465
397 -6.732409 0.547869 -30.639620 0.046753 268.550172 0.047949 -28.193567 5.012053 177.229523 0.584373 18.360121 8.045826
397 -4.065503 0.686742 -12.535740 1.614027 346.880318 0.661652 -72.352157 1.297664 275.484627 0.357558 -1.908615 2.712014
397 -4.155712 0.080457 -23.621440 0.003028 174.266640 0.212547 -16.839764 1.029039 191.004617 0.897291 17.266796 2.892431
397 -5.652348 0.390159 -59.744742 0.014797 234.269981 0.097898 53.462988 2.741143 39.253921 0.827295 24.588936 5.885704
397 -3.898790 0.754040 -54.186263 0.254218 203.187249 0.526433 -63.844875 3.259567 452.626227 0.129716 -40.287248 2.378587
397 -5.711081 0.717951 -64.979430 0.100700 279.730839 0.408767 -80.278011 6.456827 167.843934 0.419239 25.955264 6.003170
398 -6.962223 0.091487 16.124050 0.158553 267.071735 0.710613 -43.365442 3.989365 234.841476 0.581457 25.437028 8.505453
398 -5.333765 0.640797 -85.547971 0.004878 214.794068 0.646671 -69.440378 5.072057 21.700221 0.930607 21.580484 5.248538
398 -5.653943 0.381517 -56.321379 0.003820 192.568424 0.314571 -59.149137 5.783422 376.159757 0.497883 25.560780 5.888893
398 -6.285104 0.764849 -73.520039 0.006749 221.911460 0.286032 5.910237 3.860509 54.780897 0.988939 11.734468 7.151216
398 -6.104678 0.531648 -21.558361 0.233468 283.503660 0.029203 -17.391640 3.706131 122.223314 0.608045 20.074593 6.790364
398 -4.787843 0.655729 -10.589872 1.573374 342.102297 0.704062 -71.025947 0.917635 272.331278 0.372396 -0.464731 4.156694
398 -4.854337 0.066470 -24.023946 0.003634 180.849659 0.222179 -8.610680 0.785667 143.286814 0.923958 18.678309 4.289682
398 -5.750525 0.477571 -70.853585 0.002461 241.273657 0.110417 47.242575 3.574263 43.137697 0.787007 27.959903 6.082057
398 -3.551028 0.714775 -54.509086 0.330629 215.552123 0.559407 -63.987690 3.494428 448.529989 0.156490 -44.816913 1.683064
398 -5.597499 0.795470 -68.484027 0.069579 278.401309 0.422544 -59.356286 6.361455 82.524284 0.540613 22.237897 5.776006
399 -5.528335 0.080280 4.886020 0.095237 255.413154 0.649182 -38.015580 3.828913 196.925661 0.638463 23.367328 5.637678
399 -5.278568 0.657241 -85.506782 0.002475 216.510643 0.651005 -71.741763 4.999089 21.900090 0.927941 23.269975 5.138144
399 -4.915391 0.331203 -50.662026 0.027329 195.696060 0.303338 -61.320969 5.479831 388.818438 0.467944 25.522851 4.411789
399 -6.226520 0.786456 -74.828063 0.010664 225.864848 0.293732 6.508522 4.044028 51.703443 0.978193 11.850149 7.034047
399 -6.579340 0.536242 -24.458106 0.104592 273.446687 0.056207 -17.502978 3.961393 85.502322 0.666857 22.671208 7.739688
399 -4.581073 0.651450 -15.630815 1.610297 355.683441 0.767325 -69.247624 1.009754 264.361040 0.359693 -4.268800 3.743153
399 -4.970731 0.060097 -24.930709 0.003190 176.654268 0.212733 -6.231745 0.730452 147.581323 0.922983 17.919802 4.522469
399 -5.631087 0.410767 -68.149357 0.003419 210.086432 0.073052 69.293349 2.609080 42.994599 0.933710 17.418447 5.843181
399 -6.313763 0.641944 -53.603718 0.334859 221.685350 0.540109 -57.562308 3.343591 450.114440 0.085919 -39.579117 7.208534
399 -6.364363 0.784292 -66.786288 0.075371 294.313641 0.403788 -52.300381 6.182442 61.507395 0.618646 28.545744 7.309734
400 -5.305793 0.111853 -5.362472 0.106915 257.282668 0.619460 -53.114437 2.425641 154.475691 0.626052 22.582426 5.192594
400 -5.485693 0.531346 -83.515955 0.003117 217.955265 0.664920 -79.635624 4.897719 82.466914 0.855077 27.308678 5.552393
400 -4.724541 0.293389 -48.849049 0.033934 195.459307 0.335014 -70.796938 5.538056 389.625637 0.499538 26.052615 4.030090
400 -5.212228 0.732434 -75.022710 0.014600 242.284268 0.536221 -15.800238 3.592735 89.837864 0.838607 21.494808 5.005463
400 -6.632352 0.776925 -35.072273 0.205782 315.217536 0.054073 -15.982156 5.229795 21.652855 0.492507 10.040525 7.845712
400 -5.155284 0.634221 -14.861609 1.610992 358.219747 0.785782 -76.585873 1.139545 279.088537 0.325186 -2.534336 4.891577
400 -4.445833 0.180909 -28.634862 0.014537 189.760778 0.390312 -61.547841 1.663687 180.587520 0.809606 16.951683 3.472673
400 -6.074004 0.566237 -59.308413 0.006281 225.307571 0.785677 50.347421 5.049839 101.047603 0.750311 17.417295 6.729015
400 -4.987053 0.666767 -56.870904 0.312775 226.053688 0.533332 -57.967390 3.477809 441.620404 0.092779 -40.212261 4.555114
400 -5.748049 0.613266 -54.254364 0.134380 281.673837 0.343846 -60.428656 5.448241 59.932708 0.545597 21.676604 6.077106
401 -5.004432 0.113722 -7.541404 0.105235 253.073089 0.634192 -54.004005 2.536854 182.087457 0.595538 21.092383 4.589872
401 -5.303029 0.567667 -85.214955 0.011104 222.802635 0.620021 -68.384986 4.956785 58.171411 0.875168 27.148521 5.187065
401 -4.613039 0.319767 -55.699014 0.027986 192.586037 0.321649 -67.235601 5.767201 399.461228 0.463739 24.053549 3.807086
401 -6.050625 0.658131 -54.378173 0.015500 237.252541 0.595500 -24.462535 2.069054 72.620165 0.870885 20.638093 6.682257
401 -6.515468 0.733506 -35.289759 0.155943 300.613179 0.038300 -18.633823 5.306056 22.326551 0.514708 13.613929 7.611944
401 -4.751635 0.632935 -11.799484 1.669904 350.372616 0.774719 -79.656649 1.192047 281.833482 0.355219 0.167295 4.084277
401 -4.429570 0.168225 -25.581630 0.007411 192.457139 0.375134 -61.706264 1.649098 171.677880 0.821244 19.170905 3.440147
401 -6.018313 0.585561 -57.137381 0.042722 244.183910 0.785442 55.706914 5.468612 91.071501 0.647718 13.489253 6.617634
401 -5.553803 0.680910 -59.597320 0.251203 222.390472 0.535834 -50.995993 3.540250 448.754414 0.099305 -30.198291 5.688614
401 -5.412335 0.738575 -64.297755 0.142137 290.860614 0.404064 -68.301258 6.221657 70.807718 0.426962 17.820736 5.405678
