#Nsample
#ln(Lhood)
#O1 : emass
#O1 : theta (deg)
#O1 : rc (arcsec)
#O1 : sigma (km/s)
#Chi2
1 -3.544055 0.543397 77.197915 0.552347 372.730070 3.475447
1 -3.087545 0.502486 84.661419 3.570235 479.341033 2.562427
1 -2.157030 0.742552 -80.107756 1.863955 394.670912 0.701399
1 -2.725942 0.779440 82.662524 1.662241 428.879427 1.839222
1 -3.718511 0.172725 84.312355 3.001251 475.170285 3.824361
1 -4.547858 0.629095 68.114418 0.003335 377.359150 5.483055
1 -2.240737 0.392228 66.909343 2.389226 466.254633 0.868811
1 -2.752404 0.371663 -78.237382 3.849044 489.988694 1.892147
1 -3.750215 0.664356 -73.625585 1.685088 389.048455 3.887768
1 -2.240368 0.336055 71.963620 3.013379 482.929025 0.868074
2 -2.315961 0.768590 81.789286 2.146698 459.399710 1.019261
2 -3.071388 0.534294 -85.591695 4.286397 491.219823 2.530114
2 -1.993080 0.743744 74.917602 1.550061 467.647119 0.373498
2 -2.446579 0.751418 82.499824 1.293580 414.408140 1.280497
2 -1.839008 0.441937 85.856169 2.897097 465.628875 0.065354
2 -3.709284 0.648535 -75.873253 1.347423 379.116532 3.805906
2 -2.827821 0.790103 -84.008149 2.408286 453.094949 2.042981
2 -3.365027 0.460797 -82.719913 2.473785 439.024283 3.117392
2 -2.301520 0.392824 -87.741353 2.806174 455.936375 0.990378
2 -2.041570 0.392694 79.789894 2.460629 450.869372 0.470477
3 -3.048505 0.748366 70.181714 0.744910 445.808668 2.484348
3 -2.006948 0.575358 -79.912929 3.754659 472.547908 0.401235
3 -2.831041 0.759318 69.824946 1.098204 453.925929 2.049420
3 -2.259161 0.770194 88.716645 0.988509 404.907308 0.905660
3 -1.939444 0.354404 -89.159906 3.564733 488.246209 0.266227
3 -3.999683 0.678494 -83.009716 0.783998 375.609057 4.386704
3 -2.410297 0.754979 84.094033 2.838587 478.724589 1.207933
3 -1.881085 0.546685 86.506269 2.942428 464.456957 0.149508
3 -2.351290 0.590965 -82.356058 1.949864 402.097716 1.089918
3 -5.172429 0.767970 -78.999500 0.869991 385.461024 6.732197
4 -2.929595 0.745808 68.467987 0.806910 445.759425 2.246529
4 -1.862829 0.560704 -85.982807 3.098290 457.466626 0.112996
4 -2.486529 0.759361 74.256149 1.420419 484.190025 1.360397
4 -2.233080 0.761820 88.055119 0.927026 400.271435 0.853499
4 -2.302518 0.470234 -89.996452 3.613818 493.938597 0.992374
4 -2.797794 0.425870 61.271554 2.430176 476.285991 1.982927
4 -2.799044 0.761663 85.400257 2.801562 461.239753 1.985427
4 -2.046939 0.487468 88.850646 3.662796 493.391436 0.481217
4 -2.204627 0.554118 76.009435 1.456835 425.561801 0.796591
4 -2.370733 0.623999 81.864012 1.098733 398.877947 1.128805
5 -2.028985 0.726377 72.621076 1.915620 483.885219 0.445308
5 -2.472595 0.454651 -81.713417 2.597109 433.697889 1.332528
5 -1.951836 0.705017 79.783114 2.330556 480.315289 0.291011
5 -4.908347 0.662863 78.774943 0.027711 346.877538 6.204032
5 -2.597410 0.448304 84.475204 3.836157 495.329704 1.582159
5 -3.011634 0.444138 59.492936 2.262780 472.321487 2.410606
5 -3.145007 0.703816 -80.592501 3.050459 458.977456 2.677351
5 -2.158231 0.459674 85.114223 3.349146 477.463119 0.703800
5 -2.670851 0.739143 69.265002 1.916463 488.099046 1.729040
5 -2.155850 0.713683 87.261634 1.323649 415.890250 0.699038
6 -2.792819 0.725875 -82.771335 0.873745 374.044927 1.972977
6 -3.489097 0.543513 71.012412 1.196162 433.109286 3.365532
6 -4.864425 0.775393 66.506734 1.248912 456.560518 6.116188
6 -2.519339 0.791757 -86.324349 0.252556 356.319634 1.426016
6 -2.007231 0.527235 -84.550802 3.753324 475.743880 0.401800
6 -2.773526 0.391011 50.760689 2.243415 487.268197 1.934391
6 -3.038500 0.736541 70.246719 2.268577 496.681775 2.464339
6 -1.943749 0.489570 87.059461 3.472696 485.798202 0.274837
6 -1.923892 0.678232 84.364524 2.490541 465.533092 0.235123
6 -4.472705 0.793709 78.423512 1.493227 423.619819 5.332748
7 -2.862327 0.637459 86.089212 3.927869 495.100616 2.111992
7 -3.259008 0.438315 80.405130 1.380674 413.380740 2.905354
7 -2.213193 0.682847 81.692644 1.562889 443.433311 0.813724
7 -3.034745 0.710718 -89.125770 0.801451 362.437944 2.456829
7 -2.106793 0.475271 -87.714307 3.822037 494.903191 0.600925
7 -2.521417 0.312651 56.477199 2.441210 480.586804 1.430172
7 -2.693747 0.299159 85.077331 3.012814 478.247256 1.774833
7 -1.995405 0.379527 66.774329 3.041802 498.865275 0.378148
7 -2.299419 0.450332 75.642101 3.215888 491.082869 0.986177
7 -2.082987 0.771159 85.234638 1.652191 428.592592 0.553312
8 -2.160239 0.754209 -85.506753 3.832978 483.201492 0.707817
8 -2.003675 0.580438 77.785350 2.010213 458.727935 0.394688
8 -1.913511 0.650863 -86.023366 2.198189 416.932758 0.214360
8 -2.683733 0.674146 86.281209 0.723858 372.523542 1.754803
8 -2.126447 0.542594 -89.237264 3.478763 470.638906 0.640232
8 -2.641455 0.256352 64.096641 2.953647 484.941701 1.670248
8 -3.192222 0.325725 75.211743 1.578522 416.119161 2.771783
8 -2.275749 0.389443 73.410152 2.961270 497.344557 0.938837
8 -3.350552 0.741475 84.403814 1.348519 448.716673 3.088443
8 -1.884144 0.796785 89.913668 1.939163 440.995234 0.155627
9 -2.741576 0.768034 -79.817027 3.943488 484.199112 1.870490
9 -3.274426 0.577387 86.020059 1.324288 414.317604 2.936190
9 -1.985517 0.764320 76.586274 1.520030 468.913062 0.358373
9 -3.016710 0.758038 -85.593791 0.359696 364.483434 2.420759
9 -1.945974 0.500511 69.835169 2.011990 459.962807 0.279286
9 -2.518847 0.215130 67.225548 2.904452 484.103736 1.425033
9 -3.547454 0.299168 73.264937 1.674625 425.169278 3.482247
9 -3.277807 0.792834 -80.241944 4.162790 498.885033 2.942952
9 -2.822049 0.682730 68.998565 1.025445 448.430172 2.031437
9 -3.938507 0.724931 73.080418 2.034499 459.450791 4.264351
10 -2.103832 0.647121 -84.625679 4.308516 491.509173 0.595003
10 -2.592740 0.556953 76.471671 1.205268 418.281235 1.572819
10 -1.982191 0.648264 73.437695 1.931231 478.146200 0.351721
10 -2.297193 0.775256 87.869845 0.719614 391.558233 0.981725
10 -2.210749 0.491488 68.032231 2.320180 470.186923 0.808837
10 -4.767541 0.639653 -82.496038 2.490946 451.369437 5.922421
10 -2.072866 0.455980 78.565364 2.641601 475.601439 0.533071
10 -1.972916 0.520796 76.642678 2.824206 482.070333 0.333170
10 -4.305954 0.412349 68.995371 3.347622 494.379709 4.999247
10 -2.461608 0.613073 57.514822 1.596107 486.001922 1.310555
11 -2.322929 0.691968 -87.535626 4.227281 499.630994 1.033196
11 -2.752737 0.577392 78.164180 1.108485 414.175289 1.892813
11 -2.409250 0.405657 88.037988 2.606179 455.618598 1.205839
11 -2.145123 0.772054 86.364932 1.138260 405.076925 0.677585
11 -2.735220 0.485141 63.478712 2.201436 468.515596 1.857779
11 -1.863387 0.690152 79.102653 2.038621 466.637863 0.114112
11 -2.115568 0.621417 -80.815373 3.008320 446.765313 0.618474
11 -2.061636 0.376766 69.429814 2.737065 489.791313 0.510610
11 -2.295960 0.745475 83.937059 0.919092 400.279426 0.979258
11 -2.404504 0.693658 63.657952 1.410426 485.310432 1.196346
12 -2.168512 0.701470 83.907951 2.498984 479.722616 0.724362
12 -5.985205 0.510602 56.797148 0.656829 398.385873 8.357748
12 -2.570090 0.291860 -87.964634 2.950766 463.187258 1.527519
12 -2.952334 0.795876 80.254744 0.450692 416.315840 2.292006
12 -6.354648 0.508009 54.371275 1.422936 435.625941 9.096635
12 -1.932680 0.614455 -83.729308 3.680636 469.125061 0.252697
12 -2.068116 0.592444 -82.482792 3.477318 468.064804 0.523570
12 -2.225108 0.249484 68.568803 3.101419 496.681786 0.837555
12 -4.077033 0.735112 83.182615 2.600806 443.477661 4.541405
12 -2.481286 0.714127 66.842312 1.551022 475.415362 1.349910
13 -2.104378 0.580677 80.913558 2.222248 462.658435 0.596094
13 -3.861742 0.343494 63.996526 1.396014 416.605275 4.110823
13 -2.694243 0.248110 74.048670 3.228628 499.855118 1.775823
13 -1.902841 0.756198 -85.613836 1.681066 407.747206 0.193021
13 -2.741767 0.549310 71.656344 1.458625 444.431182 1.870873
13 -3.853554 0.784628 80.324878 1.373963 483.105272 4.094447
13 -2.130921 0.581595 -85.249719 3.238096 466.564308 0.649180
13 -2.972000 0.193066 87.995927 3.485532 495.195633 2.331339
13 -1.983441 0.765202 -85.254540 2.967685 456.779213 0.354221
13 -1.899241 0.652416 74.810129 2.158428 483.250960 0.185819
14 -3.415382 0.639199 -89.272955 3.937677 475.981665 3.218103
14 -1.838732 0.366679 78.637455 3.113250 486.472740 0.064803
14 -1.840214 0.462919 73.543231 2.423413 468.060205 0.067767
14 -3.843007 0.441704 63.258827 1.367909 421.072385 4.073352
14 -2.632204 0.415060 55.155462 1.928405 465.911225 1.651746
14 -1.943388 0.791628 79.572683 1.633281 472.333834 0.274115
14 -1.968560 0.778540 76.255374 1.778402 482.263768 0.324458
14 -4.332693 0.187352 83.903162 3.681332 498.000113 5.052724
14 -3.032049 0.213656 56.301180 2.907107 492.454928 2.451437
14 -2.708081 0.641033 -86.001342 2.834104 461.335197 1.803500
15 -2.256140 0.403616 -85.683135 2.759876 445.381088 0.899618
15 -4.145490 0.520605 -80.327635 2.655438 445.943995 4.678318
15 -2.115281 0.510742 72.831136 2.368278 464.650343 0.617900
15 -3.352001 0.485027 66.459592 1.285817 418.451088 3.091341
15 -3.023992 0.393389 70.336550 1.830286 447.310944 2.435323
15 -4.496776 0.555538 64.689418 1.761289 485.386041 5.380891
15 -2.417049 0.701452 83.175375 1.507377 442.496865 1.221436
15 -3.405871 0.210413 -88.403960 3.425822 490.923989 3.199080
15 -3.021813 0.239060 57.166344 2.881891 495.346324 2.430965
15 -2.057791 0.429717 69.210631 2.504187 484.608345 0.502919
16 -3.379017 0.518355 84.834135 2.445194 430.880376 3.145373
16 -2.176286 0.562018 86.565104 2.803605 471.026574 0.739911
16 -2.164105 0.760521 -83.369857 3.080711 459.489291 0.715548
16 -2.196893 0.631601 -81.398191 2.121658 406.686357 0.781125
16 -1.872097 0.726426 83.438930 2.013579 452.225366 0.131532
16 -2.356531 0.738642 64.009429 1.484102 493.985324 1.100401
16 -1.903602 0.745066 78.755296 1.724126 465.109920 0.194542
16 -2.792736 0.184889 67.901869 3.237697 499.273354 1.972811
16 -2.405374 0.253765 55.683365 3.007810 497.761828 1.198087
16 -1.980621 0.679512 72.491614 2.139720 499.057161 0.348580
17 -3.530444 0.760376 -89.357896 0.848533 405.842842 3.448226
17 -3.468888 0.545451 74.262683 1.859709 467.453038 3.325115
17 -2.199949 0.670981 -86.793885 2.792884 435.652468 0.787236
17 -2.014098 0.660250 -89.113150 2.456161 430.994654 0.415534
17 -3.687443 0.672932 83.099639 1.458871 446.542630 3.762225
17 -4.619244 0.620151 -87.593307 2.185616 451.758498 5.625827
17 -1.995615 0.740369 84.921574 1.701200 428.979108 0.378569
17 -1.945712 0.321935 66.494171 2.700856 482.017010 0.278763
17 -2.905188 0.249027 58.663113 3.115045 496.332853 2.197714
17 -2.034867 0.725162 78.657140 1.939095 460.154450 0.457072
18 -3.517191 0.796832 73.804229 0.350282 409.170372 3.421720
18 -1.922786 0.606039 76.905536 1.802721 449.832645 0.232910
18 -3.022404 0.756269 69.373626 1.113997 452.182169 2.432146
18 -1.879275 0.775855 89.370595 1.976304 441.175374 0.145889
18 -3.168906 0.746414 84.209385 1.654566 411.202091 2.725150
18 -1.961499 0.691109 89.705181 1.953726 432.005414 0.310336
18 -2.616760 0.642352 -86.411214 2.325807 441.728652 1.620858
18 -1.928942 0.557323 -85.634591 2.962044 446.362029 0.245223
18 -2.262667 0.231123 58.516586 3.069811 498.430311 0.912672
18 -2.050951 0.553455 -88.600824 3.877875 492.671558 0.489240
19 -2.759219 0.741455 76.912686 0.598850 406.964228 1.905777
19 -3.145808 0.630232 -87.277353 3.181689 445.578992 2.678954
19 -2.049574 0.779247 -87.338251 3.106735 462.524749 0.486487
19 -3.349735 0.618268 86.213714 1.343426 420.389128 3.086808
19 -2.135312 0.778497 85.031748 1.244428 431.997659 0.657962
19 -3.431931 0.622122 -87.187656 3.271695 448.163793 3.251199
19 -2.804668 0.644390 75.937357 2.977504 494.138267 1.996675
19 -4.921858 0.381202 46.736134 2.274396 476.754183 6.231054
19 -1.907230 0.333786 59.211003 2.820842 498.297428 0.201797
19 -1.948814 0.534048 -87.650265 3.387714 466.778957 0.284966
20 -4.043919 0.774119 85.681291 0.492762 408.653364 4.475176
20 -2.402556 0.625424 -81.431427 3.111207 455.637585 1.192451
20 -1.949415 0.598732 89.026943 3.141382 470.665193 0.286169
20 -2.715086 0.748384 -86.982338 1.886588 437.146393 1.817510
20 -1.905022 0.524079 89.018072 3.252977 474.609681 0.197382
20 -2.244660 0.625090 -89.405122 3.267773 460.222432 0.876659
20 -2.845146 0.731391 85.082563 3.594821 497.028067 2.077629
20 -1.920459 0.449522 78.825511 2.598413 461.031210 0.228256
20 -1.840969 0.766916 -81.972007 2.351561 417.750386 0.069275
20 -4.236331 0.588077 -82.389122 2.706398 454.716396 4.860001
21 -2.620723 0.511292 65.643642 2.369106 475.891799 1.628785
21 -3.099834 0.414296 54.801880 1.691791 454.201225 2.587005
21 -1.932954 0.597465 -85.377904 2.667998 441.419806 0.253246
21 -3.383194 0.607576 -81.342935 2.928562 456.183833 3.153725
21 -3.185011 0.506610 -78.690701 3.388051 468.146324 2.757360
21 -2.515553 0.681386 72.851163 1.352599 460.157951 1.418444
21 -3.420785 0.396314 73.902389 1.358052 404.706134 3.228909
21 -2.685403 0.729530 89.571897 3.166312 456.523733 1.758143
21 -2.116165 0.708663 -87.125149 2.488955 447.967833 0.619669
21 -2.140712 0.537200 87.663353 3.083895 460.905756 0.668762
22 -2.122258 0.352768 66.987440 2.690228 478.066267 0.631855
22 -3.765896 0.439891 53.304522 1.798426 456.889748 3.919129
22 -2.555777 0.530974 87.696973 2.394961 428.828688 1.498893
22 -1.999864 0.593899 -88.143711 1.850740 411.555820 0.387065
22 -1.929267 0.406923 -88.175400 3.574251 480.863599 0.245872
22 -1.927790 0.686609 82.729546 1.775456 434.699851 0.242918
22 -2.403115 0.671367 72.636199 1.588169 448.090491 1.193569
22 -2.230837 0.764212 -89.425691 3.052166 459.911785 0.849013
22 -2.824113 0.759288 -86.318744 1.851656 436.044384 2.035565
22 -2.902596 0.334960 65.513753 1.938702 441.411377 2.192530
23 -2.943363 0.551758 73.408734 1.830692 434.286534 2.274065
23 -2.630688 0.516400 77.143714 2.368279 448.771019 1.648715
23 -4.321197 0.400651 62.026360 0.952414 404.550002 5.029733
23 -2.051062 0.516113 89.190372 2.224365 425.485507 0.489462
23 -2.221483 0.587837 75.934093 2.222820 456.165956 0.830305
23 -2.015261 0.602858 81.790650 1.571622 423.625022 0.417860
23 -3.368576 0.675832 78.242393 2.142628 442.077941 3.124491
23 -2.013681 0.739188 -81.913190 3.610944 467.754254 0.414700
23 -2.853996 0.586879 74.622400 0.838234 399.643206 2.095331
23 -3.174221 0.237954 62.794208 2.329569 460.725141 2.735780
24 -2.530924 0.551479 76.067392 1.187730 415.380290 1.449187
24 -1.995008 0.574883 -85.695952 3.367728 470.005011 0.377354
24 -2.109484 0.611658 85.893256 2.167135 449.052582 0.606306
24 -3.079072 0.632137 -73.797411 3.688237 464.197126 2.545482
24 -2.488152 0.664339 87.768806 0.828508 383.382678 1.363642
24 -2.862892 0.566425 75.332087 1.015442 412.679096 2.113123
24 -2.367620 0.710066 -85.649604 2.307577 440.409576 1.122578
24 -1.942941 0.746006 -84.153618 3.211462 451.182708 0.273221
24 -2.223855 0.530285 82.800263 3.012070 487.437955 0.835049
24 -2.363727 0.360529 70.454969 2.092026 446.119152 1.114793
25 -2.613881 0.489135 72.433769 1.298088 417.017302 1.615101
25 -3.259309 0.535140 89.062896 3.236658 490.707341 2.905957
25 -1.884380 0.543687 -89.882265 2.845641 457.532689 0.156099
25 -2.918612 0.310270 72.423801 1.836110 432.068600 2.224563
25 -2.080523 0.472247 69.384049 1.947934 452.199125 0.548383
25 -2.254397 0.609816 79.098844 1.490618 419.282898 0.896133
25 -2.109358 0.774982 -81.915128 1.410181 391.028516 0.606053
25 -2.475334 0.791244 -88.661469 3.420749 492.545383 1.338006
25 -2.997622 0.748843 -89.663493 1.004045 407.673207 2.382582
25 -2.593541 0.350967 70.388640 1.885795 440.939950 1.574421
26 -2.110705 0.448976 -89.876936 3.058104 457.798293 0.608749
26 -2.005901 0.537584 86.407230 3.375968 483.228913 0.399140
26 -4.153442 0.558939 78.584143 2.947060 461.164254 4.694222
26 -2.915693 0.306160 73.364954 1.893034 434.665225 2.218725
26 -2.274464 0.723899 84.327763 1.723835 452.240297 0.936266
26 -2.205464 0.665936 87.675900 1.112337 392.276038 0.798266
26 -2.594461 0.646973 -87.169827 0.929738 376.468140 1.576260
26 -2.841626 0.795895 -89.148419 2.834444 489.823699 2.070590
26 -2.205599 0.758936 84.680371 0.969828 404.463204 0.798536
26 -3.824230 0.401582 84.765780 1.307776 402.387941 4.035798
27 -2.987750 0.753271 78.399692 1.126524 416.109766 2.362839
27 -3.070214 0.782655 69.228012 0.941687 477.863197 2.527767
27 -3.732018 0.537749 -74.276119 3.459618 463.750854 3.851374
27 -4.051637 0.379289 72.586455 1.927738 426.091710 4.490613
27 -2.571088 0.796932 76.893750 1.071277 439.813712 1.529513
27 -2.019246 0.497118 -87.764352 4.154491 498.889449 0.425831
27 -3.860352 0.696103 -84.733853 0.025489 336.840587 4.108042
27 -2.117765 0.570757 82.967788 2.748355 477.933918 0.622868
27 -2.211177 0.589683 -84.930491 2.429071 434.948932 0.809693
27 -3.896555 0.394978 84.602207 2.686449 442.823088 4.180448
28 -2.346431 0.637625 79.764791 1.100103 412.278995 1.080201
28 -2.587237 0.746299 80.164917 1.718051 478.220312 1.561812
28 -7.212061 0.581131 -72.169640 3.662847 477.103819 10.811461
28 -2.490213 0.346691 -88.922149 2.903709 463.691012 1.367765
28 -2.141248 0.793384 80.324064 1.154997 441.014603 0.669835
28 -7.357239 0.538298 -79.838403 3.448755 488.896761 11.101817
28 -2.056270 0.561337 86.264124 1.658606 413.673496 0.499879
28 -2.155794 0.606123 87.768431 1.699781 406.772962 0.698927
28 -1.977551 0.565631 85.452390 2.156636 431.064936 0.342440
28 -2.270530 0.531737 82.342972 1.854069 420.719584 0.928398
29 -3.094799 0.738712 75.904608 0.326405 399.231719 2.576937
29 -2.665026 0.682111 -88.637385 1.911854 401.930069 1.717391
29 -2.587183 0.526093 60.690050 1.571887 461.674632 1.561704
29 -2.100485 0.311337 -89.685633 3.254471 476.618905 0.588308
29 -2.955565 0.793157 -86.889045 1.445308 428.149243 2.298469
29 -2.074203 0.631269 -78.134153 3.569042 457.468059 0.535744
29 -3.237747 0.383868 87.845977 1.498871 402.227349 2.862832
29 -2.603682 0.798533 74.155869 0.981770 467.645683 1.594702
29 -2.390924 0.418762 -84.755050 2.847081 453.246315 1.169187
29 -2.441021 0.608342 86.600280 1.149582 397.825236 1.269379
30 -3.609890 0.690501 84.957716 0.180841 371.327886 3.607117
30 -3.331766 0.706300 83.684471 2.068030 423.804054 3.050870
30 -1.994391 0.530258 70.091995 1.873024 455.644036 0.376119
30 -2.984033 0.347308 86.834389 2.838987 452.548770 2.355404
30 -2.235983 0.757795 84.527871 2.665837 473.136048 0.859305
30 -2.463660 0.638759 -82.415154 3.680143 479.012010 1.314659
30 -3.299028 0.412117 83.482205 1.429152 396.099390 2.985393
30 -2.368373 0.471055 71.205752 3.036614 494.035535 1.124085
30 -1.854422 0.683882 87.204306 1.846694 428.385587 0.096183
30 -2.236202 0.765109 80.321419 1.193267 428.028974 0.859743
31 -2.180619 0.729412 -83.604135 2.098754 423.742526 0.748577
31 -4.324494 0.769384 75.887205 0.835460 403.380582 5.036327
31 -2.025194 0.691164 88.207532 2.934249 466.088208 0.437726
31 -2.797882 0.369055 -88.010884 3.105142 459.140240 1.983102
31 -3.383937 0.616565 74.235500 0.434561 388.056214 3.155212
31 -3.107640 0.749814 74.019367 1.684745 454.734204 2.602619
31 -2.054161 0.420191 89.504046 3.820038 491.531880 0.495661
31 -2.545192 0.421917 68.235383 1.688662 434.725064 1.477723
31 -2.243135 0.712777 81.472388 2.096593 448.320448 0.873608
31 -2.200397 0.684672 83.798478 1.346921 408.140605 0.788132
32 -2.430773 0.740362 88.761680 0.572333 374.387922 1.248885
32 -2.413841 0.582392 71.811175 1.732350 464.175539 1.215019
32 -2.294057 0.237385 62.992468 2.909324 486.837058 0.975453
32 -3.448504 0.355714 84.454324 2.439488 436.116147 3.284347
32 -2.034432 0.429912 75.946707 2.591711 463.497263 0.456202
32 -2.163840 0.575125 78.938337 1.681499 439.390597 0.715019
32 -1.977792 0.455698 -86.757957 3.164172 466.006672 0.342923
32 -3.134143 0.794430 89.287575 0.445139 392.651561 2.655624
32 -1.955741 0.721648 80.465925 1.961798 455.885549 0.298820
32 -3.404577 0.746957 76.828420 0.177457 380.223227 3.196492
33 -1.990376 0.696505 79.478413 1.632180 451.649911 0.368090
33 -2.130676 0.499784 68.101957 2.364877 474.192347 0.648690
33 -2.678025 0.447867 70.332816 2.933413 485.127435 1.743388
33 -4.991421 0.210624 53.338921 2.175226 452.621205 6.370180
33 -2.357182 0.789822 -80.977728 0.875199 369.345592 1.101703
33 -2.608844 0.746455 79.731807 0.936063 408.753209 1.605026
33 -2.106114 0.534878 87.152146 2.351051 432.500944 0.599567
33 -3.129009 0.634586 -82.644918 0.867019 367.200487 2.645355
33 -2.310724 0.626467 -82.958453 1.616252 394.397147 1.008787
33 -2.403627 0.605457 -88.690389 3.610322 470.311823 1.194592
34 -2.833822 0.673542 82.833766 1.121266 392.094259 2.054982
34 -1.892370 0.496694 69.311992 2.515968 490.872441 0.172079
34 -1.990345 0.728191 76.629245 2.253409 497.793137 0.368029
34 -2.358824 0.282399 72.281234 2.692571 467.032868 1.104986
34 -2.453947 0.765793 -85.453394 0.690700 361.795002 1.295233
34 -2.994974 0.729012 71.263267 0.818450 426.491293 2.377287
34 -2.723326 0.590253 67.886055 1.095705 430.042728 1.833991
34 -3.270255 0.601571 -86.576237 1.036404 384.387682 2.927849
34 -2.775397 0.466678 75.624867 1.822407 425.751812 1.938132
34 -2.923977 0.637886 -84.322726 3.927764 470.636143 2.235292
35 -1.851056 0.706901 -83.330503 2.410230 425.218980 0.089450
35 -2.018577 0.532769 71.979566 2.405560 487.261261 0.424491
35 -2.193962 0.613962 -89.979820 2.761997 441.737811 0.775262
35 -2.563822 0.281036 80.888315 2.522635 450.742324 1.514982
35 -2.139148 0.776735 -86.675735 0.907234 380.568566 0.665635
35 -1.963902 0.635576 79.385190 1.611988 435.063857 0.315142
35 -3.951906 0.556065 56.774658 1.138794 436.489565 4.291151
35 -2.492124 0.212995 72.939949 3.099991 489.879526 1.371587
35 -2.062046 0.284697 82.068210 3.409517 496.194361 0.511430
35 -2.019641 0.627278 -82.426541 3.672705 473.042784 0.426620
36 -2.153965 0.703213 -87.316354 2.345073 420.777101 0.695268
36 -2.247703 0.641517 85.836563 1.243532 405.972944 0.882744
36 -1.926430 0.681937 76.889037 1.815277 456.463453 0.240198
36 -2.297180 0.666401 82.898922 3.031687 493.767979 0.981697
36 -2.089800 0.754778 -86.774986 3.176277 468.944279 0.566939
36 -2.690422 0.410751 64.854058 1.651988 441.801417 1.768181
36 -2.076223 0.492333 78.025690 1.787400 430.968494 0.539785
36 -2.981092 0.220366 74.664938 2.919611 482.111497 2.349522
36 -1.844951 0.300371 74.533874 3.240049 495.619076 0.077240
36 -2.111741 0.688705 -88.653780 2.302819 444.420025 0.610820
37 -1.902666 0.733474 -87.991517 2.693138 445.802178 0.192671
37 -2.846496 0.685428 -85.927072 0.957945 365.217800 2.080330
37 -2.324275 0.728408 86.423049 1.358162 426.969141 1.035889
37 -2.944349 0.476699 85.282104 3.213340 494.468379 2.276037
37 -3.083256 0.606089 68.184757 1.003876 419.067789 2.553851
37 -2.721547 0.601170 74.416691 2.605301 473.942016 1.830432
37 -2.211046 0.463968 84.344889 1.859929 425.329802 0.809431
37 -1.972827 0.295509 73.589021 3.248195 492.794435 0.332993
37 -2.378421 0.288205 88.018539 2.922716 466.655471 1.144180
37 -6.612205 0.537202 -79.740159 0.876794 373.905344 9.611748
38 -2.866275 0.782012 -88.815544 2.661454 432.352514 2.119889
38 -2.985743 0.462078 88.527776 2.164956 418.311122 2.358823
38 -5.542518 0.139791 80.099094 2.738547 462.964352 7.472374
38 -5.203147 0.668223 -74.040296 1.009801 369.582820 6.793632
38 -1.946465 0.544418 79.664936 2.462087 469.926160 0.280268
38 -2.022483 0.572188 84.210733 2.941529 468.001310 0.432305
38 -2.290131 0.515350 81.051987 1.583405 413.333752 0.967600
38 -1.981832 0.363438 78.936097 3.529932 499.278595 0.351001
38 -4.027453 0.719526 76.070993 1.419262 419.405448 4.442243
38 -3.026646 0.591609 79.080632 0.808877 383.903988 2.440630
39 -2.749158 0.625219 -88.101595 3.195427 480.220988 1.885655
39 -3.005156 0.667707 -76.560481 2.382870 419.949294 2.397649
39 -7.128921 0.275847 87.589700 0.982585 378.313199 10.645180
39 -2.020312 0.538721 69.639291 2.396645 479.091191 0.427962
39 -2.446535 0.574142 83.311366 2.900174 461.097751 1.280409
39 -2.296717 0.592828 -88.178140 2.843568 440.261681 0.980771
39 -1.963472 0.542514 79.447183 2.326119 451.812228 0.314283
39 -1.830742 0.466101 83.195105 2.873714 468.384523 0.048822
39 -1.865514 0.463172 -87.240712 3.474077 474.577607 0.118366
39 -2.004726 0.682195 88.658120 1.520428 413.206390 0.396789
40 -3.544726 0.729388 87.712902 2.257987 479.194595 3.476790
40 -5.724654 0.413569 88.628040 3.105356 492.449921 7.836646
40 -2.674109 0.728340 76.621771 0.767479 422.244327 1.735557
40 -2.089176 0.274743 74.457747 2.797845 473.424898 0.565690
40 -2.037475 0.755920 -84.773692 3.646100 471.974825 0.462288
40 -3.880355 0.707725 89.988077 3.037017 497.936792 4.148048
40 -3.198367 0.509950 67.711992 1.294504 419.528579 2.784071
40 -3.445327 0.465360 79.060258 2.831327 457.327797 3.277992
40 -1.936996 0.341845 77.959841 2.673125 465.676208 0.261331
40 -3.024597 0.329324 66.670724 3.003950 484.966859 2.436532
41 -2.419776 0.795900 87.065273 2.718897 493.767256 1.226890
41 -2.158161 0.357594 62.277917 2.487941 476.376793 0.703661
41 -3.318395 0.715108 71.992946 0.594256 407.337497 3.024128
41 -2.016920 0.324993 74.607081 3.208113 489.689403 0.421178
41 -1.936642 0.745600 -81.828898 3.642787 465.691501 0.260623
41 -2.428354 0.675613 83.240830 3.015999 476.678077 1.244046
41 -3.174686 0.380126 80.242714 1.935628 420.384622 2.736710
41 -2.672561 0.608882 61.823730 1.856675 476.531574 1.732460
41 -1.896671 0.490637 83.954297 2.241289 439.160480 0.180680
41 -2.178244 0.466083 63.096732 2.131789 469.632718 0.743827
42 -1.988032 0.793659 -87.677654 2.785741 458.410584 0.363403
42 -3.022196 0.410690 46.853222 2.176970 484.545673 2.431731
42 -2.231468 0.630643 -86.171113 1.405983 390.616287 0.850274
42 -3.222008 0.400803 81.115433 3.510197 484.167099 2.831354
42 -1.943379 0.667330 -80.790425 3.355435 455.824826 0.274096
42 -3.994325 0.621106 -83.737007 3.356702 483.058937 4.375988
42 -3.992152 0.392214 81.301105 2.673266 445.788751 4.371643
42 -2.628996 0.679888 59.927241 1.545434 485.611189 1.645330
42 -2.279378 0.330801 63.473508 2.279408 465.313746 0.946094
42 -3.945557 0.784628 87.868966 0.831778 366.422748 4.278452
43 -3.363239 0.750801 -79.746872 2.815683 452.118870 3.113816
43 -5.696530 0.718728 59.044954 1.350476 464.613788 7.780398
43 -2.050942 0.499705 89.464851 3.162218 474.511494 0.489223
43 -2.530862 0.371777 -88.813737 2.355677 432.107278 1.449061
43 -3.401020 0.621263 83.333669 2.571476 439.955288 3.189379
43 -2.680743 0.681684 78.019611 2.949767 493.360100 1.748823
43 -2.660104 0.417406 75.625291 2.051157 434.676194 1.707546
43 -10.324464 0.281703 -88.742362 1.868073 430.335093 17.036266
43 -2.500925 0.296164 63.182675 2.313874 462.191717 1.389188
43 -2.791420 0.793958 86.750138 0.207882 364.151156 1.970178
44 -3.310280 0.636061 -84.798542 1.744830 417.067056 3.007899
44 -2.448141 0.616254 70.292887 1.516320 442.545826 1.283621
44 -1.893265 0.420423 -88.886181 3.898183 497.394135 0.173868
44 -2.562954 0.368339 -82.181580 3.421089 471.036496 1.513246
44 -1.977762 0.618123 -89.513391 2.921454 450.883479 0.342862
44 -2.521374 0.719400 87.537565 3.571939 498.061152 1.430086
44 -2.247637 0.479177 77.026821 3.306086 495.901246 0.882613
44 -2.389083 0.421443 85.538487 2.240692 429.944034 1.165505
44 -2.394018 0.242752 65.786692 2.917481 489.577900 1.175374
44 -2.543936 0.776306 -85.565862 0.898661 387.931781 1.475211
45 -2.464138 0.515263 89.031269 1.412334 394.700312 1.315614
45 -2.324950 0.609470 69.301245 1.790830 478.121277 1.037239
45 -1.989512 0.416789 89.537430 3.928076 497.148631 0.366363
45 -2.258804 0.784567 -89.421336 3.062882 480.655748 0.904947
45 -1.982116 0.589466 -79.330198 3.645775 464.917446 0.351570
45 -3.530232 0.716450 78.066217 2.268446 452.442109 3.447801
45 -2.970003 0.556425 80.403433 3.673808 498.684354 2.327345
45 -3.419205 0.559086 -87.595986 1.752210 393.756506 3.225749
45 -2.143397 0.409926 75.120327 2.635853 464.689055 0.674132
45 -2.050071 0.670643 83.461622 1.362692 414.869256 0.487481
46 -2.367426 0.422787 86.950734 1.960039 418.871012 1.122191
46 -2.960012 0.752755 81.140657 1.335462 458.861860 2.307362
46 -1.993393 0.458833 76.128901 3.165270 495.955047 0.374124
46 -2.217703 0.727964 88.937326 3.238071 480.373329 0.822745
46 -2.281658 0.720295 83.987936 1.338360 409.143131 0.950655
46 -4.094417 0.696819 80.275095 2.990921 467.226570 4.576172
46 -3.530692 0.686847 84.975229 1.408684 391.313220 3.448722
46 -2.215348 0.502399 -84.121913 2.404507 424.849211 0.818035
46 -1.826540 0.410893 77.297210 2.829280 475.988086 0.040418
46 -2.180064 0.737476 85.770881 1.421331 410.069844 0.747467
47 -1.924897 0.432007 76.447609 2.465256 459.305633 0.237133
47 -3.251291 0.736232 -84.842371 1.901324 433.531280 2.889920
47 -1.870050 0.480703 72.698562 2.331137 465.920575 0.127439
47 -2.029758 0.763674 -86.276123 3.137139 464.646960 0.446855
47 -2.141702 0.732699 -86.406385 3.786700 480.637583 0.670742
47 -2.137343 0.726843 83.434155 2.368533 458.197650 0.662023
47 -2.868523 0.647334 80.660352 0.773017 384.000319 2.124385
47 -2.842113 0.539283 88.282716 1.470039 409.798428 2.071565
47 -1.881116 0.607144 83.083824 2.366499 451.216542 0.149571
47 -1.894115 0.608763 -83.715325 2.765717 439.902443 0.175569
48 -1.883274 0.391462 74.611347 2.681026 476.533228 0.153887
48 -1.956917 0.490866 65.699511 2.454279 496.178662 0.301172
48 -1.826582 0.619570 84.943828 2.149652 441.803935 0.040502
48 -2.847377 0.386449 86.625775 1.666734 407.673286 2.082092
48 -3.131380 0.499977 77.611291 2.659667 492.350861 2.650098
48 -3.065223 0.739150 77.608542 2.416485 471.660646 2.517784
48 -3.617374 0.656916 84.530001 1.196468 382.666626 3.622086
48 -2.542500 0.341375 68.366681 2.556919 481.278782 1.472339
48 -2.055218 0.505077 -84.525660 2.530520 433.199479 0.497774
48 -2.851176 0.423784 -85.430715 2.314449 433.253559 2.089690
49 -1.978971 0.432829 75.800458 2.772053 472.931637 0.345281
49 -5.849214 0.377612 -84.283723 2.205376 436.985255 8.085766
49 -1.917151 0.518227 86.476046 2.483561 442.341113 0.221640
49 -2.968730 0.739183 -77.524518 3.706965 471.341281 2.324798
49 -2.196965 0.520065 77.371348 2.718388 488.902030 0.781268
49 -2.807232 0.709212 78.670156 3.024030 498.322111 2.001802
49 -3.418763 0.674405 -78.252226 1.056725 367.806033 3.224865
49 -2.692199 0.405046 74.306842 2.262415 465.339585 1.771736
49 -1.966501 0.429696 89.829229 3.016552 459.168491 0.320340
49 -3.341427 0.694914 88.740564 3.265152 455.039681 3.070192
50 -2.210540 0.541691 76.456791 1.591315 435.114596 0.808418
50 -2.123158 0.774144 -86.181789 3.308972 472.392300 0.633655
50 -3.198945 0.646873 74.789690 2.138767 451.567111 2.785228
50 -1.849463 0.736694 -89.642403 2.206366 439.402411 0.086264
50 -3.242910 0.689168 77.432497 0.575638 385.497885 2.873158
50 -2.114822 0.378355 68.459359 2.506941 479.833814 0.616983
50 -3.619417 0.420260 62.196024 2.188845 484.782332 3.626172
50 -2.559177 0.575677 -89.817927 1.091107 382.148769 1.505691
50 -2.310826 0.742310 -78.360881 1.604161 387.164056 1.008990
50 -2.067040 0.735391 -85.569192 2.696679 450.712781 0.521418
51 -2.634773 0.511284 72.855792 1.468630 421.039103 1.656885
51 -2.797064 0.713284 -87.670160 3.362955 453.713866 1.981465
51 -1.837554 0.618426 84.735349 2.098745 441.581669 0.062447
51 -2.031908 0.768399 83.763952 2.293833 467.222874 0.451155
51 -3.668012 0.768822 -82.000557 3.578395 489.484127 3.723363
51 -2.038969 0.292219 68.567555 2.938036 491.355699 0.465275
51 -4.283981 0.463456 49.036364 2.064291 477.199483 4.955301
51 -5.242419 0.446453 -82.321025 2.063364 426.834884 6.872177
51 -2.649477 0.758957 78.561266 0.991094 417.125230 1.686292
51 -2.137741 0.790146 -88.153942 3.026998 472.275934 0.662821
52 -1.858146 0.669065 79.734569 1.905511 454.119350 0.103629
52 -1.925580 0.694607 -81.938050 3.858800 471.238647 0.238499
52 -2.363215 0.675086 79.390922 1.727148 432.317630 1.113768
52 -1.879736 0.776407 -87.349873 2.511154 443.613411 0.146811
52 -2.914570 0.661593 80.438425 2.011500 432.145084 2.216477
52 -2.917472 0.292953 83.249992 2.970469 479.644975 2.222283
52 -2.165688 0.644627 68.265563 2.046227 481.481058 0.718715
52 -2.153911 0.432632 -88.621203 2.860514 458.969709 0.695161
52 -3.285277 0.767135 88.798983 1.354035 438.429997 2.957892
52 -3.543055 0.768770 -81.565561 2.760787 460.271323 3.473448
53 -2.120938 0.659335 -80.766208 2.021125 404.103057 0.629215
53 -2.543657 0.395177 67.647827 1.777848 443.394165 1.474653
53 -1.891822 0.495912 76.351633 2.306723 457.106733 0.170983
53 -2.381231 0.714793 87.524989 2.593291 444.067222 1.149801
53 -1.965864 0.571603 83.666573 2.237333 438.976768 0.319067
53 -2.108153 0.246312 74.569753 3.218674 489.179971 0.603645
53 -2.120286 0.689740 72.205261 2.046072 479.551795 0.627910
53 -1.858570 0.516468 -86.871860 3.060229 455.519653 0.104478
53 -2.418175 0.765613 -78.428665 4.598893 497.127267 1.223688
53 -2.667364 0.332255 76.151383 1.880631 429.342866 1.722066
54 -2.344082 0.693602 -87.952733 1.189959 394.625223 1.075503
54 -4.515672 0.691722 65.947473 0.673461 412.774186 5.418682
54 -5.025979 0.486830 74.769549 2.923400 462.586923 6.439297
54 -2.186051 0.599730 -81.814837 2.713275 438.580852 0.759440
54 -4.835814 0.732311 -86.056873 2.515810 474.551527 6.058966
54 -5.528492 0.259371 85.013667 3.173894 493.297053 7.444321
54 -2.002171 0.637063 67.923825 1.805679 482.772083 0.391681
54 -2.239877 0.671536 82.314038 1.538598 438.504490 0.867092
54 -2.331404 0.704741 82.646174 2.818979 495.892781 1.050146
54 -2.219230 0.367215 74.564087 2.475199 456.797481 0.825799
55 -2.823770 0.604973 79.201217 0.784891 386.912833 2.034879
55 -1.966914 0.650295 83.892377 2.020387 449.657759 0.321165
55 -2.384999 0.651997 65.495732 2.225171 497.590881 1.157336
55 -1.987369 0.700046 82.369704 1.824014 453.367006 0.362076
55 -2.750398 0.671790 -89.373679 3.305471 489.370313 1.888135
55 -3.401793 0.224369 84.867910 2.928744 474.225381 3.190924
55 -2.308418 0.663921 74.558554 1.840400 479.291890 1.004174
55 -2.046534 0.742779 80.609434 1.499366 452.153049 0.480406
55 -2.074502 0.637277 -84.940406 3.950235 478.755961 0.536342
55 -2.850274 0.421861 -89.942210 2.273298 439.686332 2.087886
56 -2.219988 0.512151 79.255380 1.687246 421.481791 0.827315
56 -2.298476 0.630931 -78.940883 3.701242 470.246621 0.984290
56 -2.113137 0.693708 75.390417 1.931407 463.338518 0.613612
56 -2.961263 0.666196 86.050980 0.317444 359.197690 2.309864
56 -2.169143 0.683210 -89.981857 3.486123 480.128996 0.725624
56 -2.181243 0.295354 56.682258 2.726988 490.915462 0.749823
56 -2.225520 0.751155 76.237504 2.191139 485.512052 0.838377
56 -2.840867 0.693553 83.529662 0.363690 369.656577 2.069072
56 -2.677377 0.507608 85.957355 3.352970 496.950483 1.742092
56 -1.972591 0.421292 84.330161 2.518388 447.332030 0.332521
57 -3.143060 0.417172 82.594040 1.721439 408.507541 2.673457
57 -3.219813 0.615022 -73.370794 3.760045 467.518315 2.826963
57 -4.441473 0.553165 77.440561 3.660762 493.264305 5.270284
57 -4.442696 0.311127 52.974507 2.667350 481.233375 5.272730
57 -2.792083 0.675309 87.311786 3.842704 489.453468 1.971505
57 -4.515335 0.263491 55.941963 3.084153 493.244657 5.418009
57 -1.953014 0.764006 80.089143 2.121628 484.617001 0.293366
57 -3.064545 0.748499 75.387992 0.354067 402.331023 2.516427
57 -1.989831 0.694647 76.566496 2.389249 492.715762 0.367001
57 -2.079572 0.434723 86.919299 2.330226 441.448539 0.546482
58 -2.681158 0.481238 80.973778 1.258387 403.810416 1.749654
58 -1.884545 0.754503 88.469150 2.111742 438.445592 0.156429
58 -4.865487 0.421552 63.251726 1.967439 440.919397 6.118313
58 -2.322107 0.459090 65.033291 2.658948 487.875995 1.031553
58 -2.093978 0.797710 -80.564748 3.408323 447.662622 0.575295
58 -2.391616 0.358535 76.240601 2.447088 465.050040 1.170571
58 -4.062667 0.774237 71.381350 2.098285 482.316358 4.512672
58 -2.240872 0.728047 84.012553 1.566937 419.143235 0.869082
58 -2.071772 0.739167 79.752144 2.432641 492.722711 0.530883
58 -2.113123 0.426280 84.798830 2.196103 432.572839 0.613585
59 -2.387480 0.500081 79.916029 1.463289 410.176134 1.162298
59 -2.487414 0.570016 67.299306 1.565517 445.437452 1.362167
59 -5.126642 0.664887 -87.079056 1.410952 375.597216 6.640622
59 -2.951104 0.522801 -84.947561 2.970649 463.144784 2.289547
59 -2.429985 0.425083 81.764675 2.170669 447.153367 1.247308
59 -2.521589 0.304437 64.621942 2.262128 462.459131 1.430516
59 -2.392788 0.689254 70.958501 1.815489 467.567712 1.172914
59 -3.681808 0.502272 86.319786 0.550761 361.631784 3.750954
59 -2.338833 0.678702 76.037725 2.424143 477.919515 1.065004
59 -3.484165 0.641180 -80.416114 3.582233 478.776807 3.355668
60 -2.389135 0.496001 83.327126 2.656491 472.099079 1.165607
60 -1.859273 0.689688 87.335703 2.383919 450.148326 0.105884
60 -2.122498 0.507327 66.102676 1.812420 457.354511 0.632335
60 -1.881097 0.488871 -87.278670 3.020355 458.367922 0.149532
60 -3.223809 0.371690 84.021053 1.689559 407.366783 2.834956
60 -1.834589 0.553442 87.798335 2.532230 448.645891 0.056516
60 -3.055966 0.630243 -89.567334 1.056287 370.939528 2.499271
60 -5.062818 0.420017 71.238576 0.358734 367.107590 6.512975
60 -1.999757 0.548004 86.251414 3.302916 480.445160 0.386852
60 -2.426521 0.658769 -80.848843 3.252862 444.026556 1.240380
61 -1.982819 0.459199 70.265485 2.163608 466.319030 0.352977
61 -2.561429 0.674471 -83.791969 2.726219 450.479847 1.510196
61 -1.931211 0.531588 72.742291 1.977043 459.364282 0.249759
61 -2.578613 0.543723 77.219223 3.260945 493.769804 1.544565
61 -3.229692 0.648349 81.484856 0.293310 372.372044 2.846722
61 -2.603300 0.564936 86.989078 2.020694 414.761759 1.593939
61 -2.997352 0.570101 79.737526 0.849211 396.218534 2.382042
61 -2.982414 0.450244 64.725699 1.457818 429.196405 2.352166
61 -2.000376 0.535166 80.586615 3.032794 484.310562 0.388091
61 -1.992370 0.777334 -77.917256 4.613786 489.134621 0.372078
62 -2.833779 0.790545 -88.253486 1.821114 448.914195 2.054896
62 -2.473168 0.754583 89.634525 2.594421 474.844788 1.333675
62 -2.550528 0.754430 82.658222 0.578630 391.049211 1.488394
62 -2.133595 0.573058 -87.925739 2.408093 440.252708 0.654529
62 -6.873661 0.721638 57.884582 1.251369 457.648142 10.134661
62 -2.205555 0.575492 89.153210 1.964856 412.711239 0.798448
62 -2.187536 0.605264 86.792173 1.350303 398.377499 0.762411
62 -3.792044 0.639625 -79.824449 3.331645 470.078220 3.971426
62 -3.005567 0.463078 76.738291 2.352527 443.954120 2.398472
62 -3.433924 0.796350 -84.269429 4.933298 497.844226 3.255185
63 -2.925733 0.788171 74.164794 0.611331 438.136554 2.238804
63 -3.465978 0.752887 -81.441776 3.421309 479.584134 3.319293
63 -4.166544 0.698306 -82.241184 0.144993 347.526626 4.720426
63 -2.851016 0.621517 79.502813 2.010587 432.093646 2.089371
63 -3.476949 0.692163 60.458402 0.850873 453.951011 3.341236
63 -3.224488 0.696262 -82.810954 2.909054 461.477908 2.836315
63 -2.384698 0.622557 89.174861 1.223636 385.286583 1.156734
63 -2.604912 0.620253 -85.335150 3.625509 462.698717 1.597162
63 -2.247519 0.432740 -89.325437 2.463102 442.842495 0.882377
63 -2.088262 0.775222 -82.860078 4.127275 485.184559 0.563863
64 -4.072437 0.753969 74.160854 0.967759 414.370432 4.532212
64 -3.030509 0.754816 89.423901 2.910107 493.624418 2.448357
64 -2.670095 0.602146 81.062345 0.954936 400.863540 1.727528
64 -2.246244 0.614630 -88.048306 1.362625 392.350749 0.879827
64 -4.561206 0.402274 79.868192 2.653066 444.622724 5.509750
64 -2.061182 0.733592 -82.950991 1.762026 394.313099 0.509702
64 -5.430838 0.640997 79.273941 1.230062 385.497600 7.249014
64 -2.083455 0.568522 85.529316 2.718991 452.108191 0.554248
64 -2.244252 0.616506 89.445488 1.745202 403.624655 0.875842
64 -2.206619 0.795010 -80.281315 4.291560 489.153492 0.800576
65 -2.615316 0.678540 72.150120 1.026466 427.162355 1.617970
65 -3.139846 0.579291 86.926976 1.702386 431.177844 2.667031
65 -2.323639 0.694734 83.564421 1.210434 420.902425 1.034616
65 -2.116535 0.771116 -83.350481 4.277384 486.646099 0.620409
65 -2.312454 0.387564 -86.543605 2.603117 442.185689 1.012247
65 -2.425859 0.591208 -84.734238 1.449981 389.266284 1.239056
65 -4.647262 0.643914 -74.164557 2.822178 439.807631 5.681863
65 -1.984423 0.612014 82.028399 2.728230 477.665952 0.356185
65 -2.066115 0.699418 79.438186 1.350652 431.000856 0.519569
65 -1.918041 0.796572 87.176152 1.496985 431.392124 0.223420
66 -2.224485 0.599324 82.816998 3.103137 478.662669 0.836308
66 -2.872861 0.761060 -83.519160 3.510893 483.880313 2.133059
66 -1.935477 0.781763 -86.579429 2.102348 418.554985 0.258292
66 -2.901021 0.746436 89.247195 2.829457 488.973497 2.189380
66 -4.127991 0.468231 88.835821 2.591068 430.797065 4.643321
66 -2.482033 0.722804 62.781990 1.433749 488.079341 1.351404
66 -2.205654 0.755082 -83.342515 2.821370 429.840310 0.798647
66 -2.053284 0.647604 84.343661 2.605996 472.962647 0.493906
66 -2.092797 0.658711 79.237371 2.113770 452.174379 0.572932
66 -2.572481 0.565304 83.619752 1.606817 428.009826 1.532300
67 -3.966328 0.519345 83.795798 2.633536 437.543676 4.319994
67 -1.958236 0.768423 -80.280461 3.952390 468.453947 0.303810
67 -1.931281 0.604559 86.060928 2.446661 455.988716 0.249900
67 -1.823647 0.446180 81.755532 2.761523 467.197434 0.034633
67 -2.147501 0.463567 88.486173 2.206786 434.539265 0.682341
67 -2.060978 0.653462 60.757410 1.785150 498.288733 0.509294
67 -3.213931 0.741280 82.259241 3.094137 480.278555 2.815200
67 -2.692213 0.762948 -82.778484 3.282942 442.509539 1.771764
67 -2.284134 0.650972 72.982168 1.384663 450.616178 0.955607
67 -2.704069 0.756098 82.463384 2.031110 488.635006 1.795476
68 -2.260917 0.630743 76.553882 1.431323 426.431985 0.909171
68 -2.254424 0.785698 -87.845879 2.207328 420.177365 0.896186
68 -2.656863 0.711809 78.182708 2.114672 454.937769 1.701065
68 -3.710900 0.341336 78.638514 3.229129 475.030980 3.809138
68 -1.984245 0.455516 81.221373 2.113531 437.329008 0.355829
68 -2.129693 0.578649 76.845799 2.765340 481.430793 0.646724
68 -2.268995 0.716632 -89.041330 3.583650 486.382153 0.925328
68 -1.927877 0.559498 69.076577 2.585467 498.648833 0.243092
68 -5.037035 0.748385 67.643386 1.202831 440.019322 6.461408
68 -2.017294 0.641727 69.681225 1.929551 488.217020 0.421925
69 -5.956313 0.367855 77.714484 1.450419 394.651185 8.299964
69 -1.849337 0.762409 -83.016423 2.226843 420.425715 0.086013
69 -2.680055 0.795210 88.154745 1.633242 455.451871 1.747449
69 -4.387717 0.638317 73.656822 1.716179 483.969884 5.162772
69 -2.412069 0.604472 84.378227 1.783874 438.321789 1.211476
69 -2.120299 0.587327 77.322498 1.618149 429.647016 0.627935
69 -2.206441 0.632297 -86.368903 4.037700 494.856575 0.800220
69 -3.249450 0.631619 75.706182 2.340696 455.286803 2.886238
69 -2.011126 0.535539 83.073157 1.981390 438.245485 0.409591
69 -2.318584 0.704139 79.031128 1.870231 475.628815 1.024506
70 -2.398116 0.640587 85.348248 3.090763 467.946163 1.183570
70 -2.350189 0.743681 -88.829108 1.412260 389.797544 1.087716
70 -2.345514 0.445318 83.399206 2.855672 477.340413 1.078367
70 -1.896492 0.638961 67.242446 2.203266 498.975194 0.180322
70 -3.119184 0.556283 -85.014262 2.769319 456.730588 2.625706
70 -2.042625 0.395677 -87.987516 3.109733 467.312480 0.472589
70 -2.188568 0.589491 82.637804 2.031154 430.107313 0.764474
70 -2.063729 0.578675 82.586437 1.656828 418.644982 0.514796
70 -2.955676 0.603163 86.381042 1.324122 387.193776 2.298691
70 -4.152460 0.577397 80.388378 0.821622 372.076285 4.692258
71 -2.247343 0.595840 87.587980 3.695560 494.764664 0.882024
71 -1.976484 0.779558 -82.925637 1.826997 398.250975 0.340307
71 -2.816178 0.424347 -88.919147 3.450112 490.046172 2.019693
71 -2.077128 0.638043 86.227376 2.728447 471.205688 0.541595
71 -1.883379 0.641969 82.549528 1.824669 434.790163 0.154097
71 -2.618975 0.473018 76.493222 2.771852 466.017660 1.625287
71 -6.819589 0.625598 -85.445081 1.784853 437.182921 10.026516
71 -2.517067 0.647029 77.289235 1.978772 443.977028 1.421472
71 -1.960686 0.581020 89.804235 1.902335 415.049858 0.308711
71 -1.865100 0.363736 87.805844 3.711818 496.935227 0.117539
72 -3.740040 0.608503 89.995444 2.428634 463.474953 3.867419
72 -3.115687 0.735678 86.445300 0.146166 352.555586 2.618712
72 -4.300933 0.349345 71.167807 2.286525 470.958218 4.989204
72 -1.908376 0.587926 76.255632 1.882126 453.135460 0.204090
72 -1.911259 0.653036 -86.696017 3.144574 455.169469 0.209857
72 -2.516108 0.417495 77.703722 1.642757 423.755337 1.419555
72 -1.826786 0.449024 72.952500 2.573766 477.437337 0.040910
72 -2.274152 0.670323 78.941369 1.961905 444.537896 0.935641
72 -2.804723 0.451510 58.660136 1.601488 451.157003 1.996783
72 -4.839432 0.395868 54.705430 2.561112 480.456759 6.066202
73 -3.731305 0.544913 82.642182 3.895729 493.166743 3.849949
73 -2.145020 0.553669 80.869950 2.907214 472.302139 0.677378
73 -4.547605 0.377894 54.780646 2.259514 465.564213 5.482548
73 -3.490270 0.625803 73.682094 1.747287 432.684647 3.367878
73 -2.847402 0.715471 75.597242 1.104111 420.277901 2.082142
73 -3.344270 0.292963 -85.153396 3.597848 494.494401 3.075878
73 -2.373308 0.548142 64.409318 1.620909 453.725927 1.133955
73 -2.075692 0.799728 -77.485755 3.119458 442.664043 0.538722
73 -2.317497 0.576482 -88.355130 2.392029 443.255920 1.022333
73 -1.837094 0.602375 86.034987 2.118252 435.184792 0.061526
74 -1.966504 0.532801 85.689449 3.077604 477.470303 0.320346
74 -2.144058 0.437397 85.176735 2.687071 463.594395 0.675454
74 -4.593170 0.302870 86.818918 1.507473 399.010884 5.573679
74 -2.075946 0.648062 81.666534 2.705722 483.780115 0.539231
74 -2.281730 0.721064 78.735230 1.196823 424.064783 0.950798
74 -3.467726 0.711138 -83.664170 3.985261 467.465588 3.322790
74 -2.451337 0.553328 -83.574138 3.136639 462.671828 1.290012
74 -1.976242 0.756979 84.268099 2.010292 448.708907 0.339823
74 -2.452656 0.425357 77.421389 1.604636 419.585439 1.292651
74 -2.052865 0.523193 -82.778128 2.791277 441.785248 0.493069
75 -2.090801 0.714648 81.331810 2.544246 487.630336 0.568940
75 -3.328727 0.651824 76.980987 0.289816 373.676655 3.044792
75 -5.177817 0.285779 78.071828 1.166784 389.557012 6.742972
75 -2.102939 0.583589 81.159361 2.975091 479.979826 0.593216
75 -2.187386 0.685064 79.315873 1.186751 422.921750 0.762111
75 -2.296259 0.398433 -88.195388 2.909207 461.581510 0.979856
75 -1.842030 0.531614 82.269610 2.435412 452.688602 0.071399
75 -2.152841 0.783241 81.954777 1.537344 439.651693 0.693020
75 -2.110637 0.432564 82.686293 2.149340 440.791076 0.608613
75 -2.494344 0.525623 76.251599 2.240944 447.225137 1.376026
76 -2.051624 0.423899 87.659782 3.729956 490.797824 0.490586
76 -2.663614 0.697090 84.365253 3.227278 479.690073 1.714566
76 -4.836067 0.792604 -68.623755 2.660269 421.418502 6.059472
76 -3.136687 0.468524 83.529826 3.509826 479.233504 2.660712
76 -9.091976 0.718377 -70.374450 1.416112 392.166628 14.571291
76 -2.036024 0.458959 -89.848729 3.161959 462.310865 0.459386
76 -2.230343 0.554255 76.933318 2.406529 480.814633 0.848024
76 -1.981028 0.473077 76.064271 3.052617 495.651080 0.349394
76 -1.876687 0.658697 -84.763328 2.823889 438.231535 0.140711
76 -2.841612 0.536574 78.246622 2.069759 432.695600 2.070563
77 -2.547782 0.420182 85.754869 3.739111 489.749584 1.482902
77 -2.392835 0.782763 -86.946907 2.194427 450.172435 1.173008
77 -2.039803 0.741966 -78.358807 2.252629 408.819726 0.466945
77 -1.871346 0.655996 77.773884 2.231749 472.512469 0.130030
77 -2.821140 0.755884 -79.657113 1.279743 386.791696 2.029619
77 -2.092077 0.586147 74.843594 2.613396 481.502227 0.571492
77 -2.642964 0.568616 61.118333 2.146220 484.743803 1.673267
77 -2.161777 0.640970 76.198705 2.256619 488.266384 0.710892
77 -5.458950 0.644780 -75.032669 2.884545 448.117343 7.305238
77 -2.093262 0.623459 75.161567 2.448286 495.023023 0.573862
78 -3.203040 0.386967 -88.213687 3.177108 479.277478 2.793418
78 -3.284895 0.583743 76.160812 0.496639 381.852162 2.957129
78 -2.277047 0.591036 86.690988 2.099292 444.222796 0.941431
78 -2.866324 0.679892 80.845488 1.995754 477.016989 2.119986
78 -2.520265 0.785852 -77.592036 1.330516 381.650203 1.427868
78 -2.306253 0.688118 79.136491 2.846734 496.489864 0.999845
78 -2.029666 0.596641 67.336905 1.893190 481.429634 0.446670
78 -1.965641 0.686253 77.478439 1.741013 461.837296 0.318621
78 -1.900515 0.583866 -83.968742 3.744283 474.482860 0.188368
78 -3.307897 0.662995 -83.247942 2.876594 429.574308 3.003132
79 -2.848326 0.375487 75.661079 3.447507 493.021727 2.083990
79 -2.588502 0.244241 77.367656 3.564296 497.986412 1.564342
79 -2.524130 0.561766 69.162349 1.742596 446.362935 1.435599
79 -4.105284 0.269440 87.140456 2.327571 434.095755 4.597906
79 -2.132895 0.686641 85.871700 2.123371 456.188430 0.653128
79 -1.891637 0.700640 -81.045623 2.981330 441.430595 0.170613
79 -2.420038 0.751855 78.844621 1.205921 426.618781 1.227415
79 -2.854221 0.797448 -82.471301 2.719807 458.743724 2.095780
79 -3.666943 0.546543 67.955675 2.845567 489.217273 3.721225
79 -1.909655 0.661138 -82.261228 2.401252 420.299330 0.206649
80 -2.311035 0.575280 83.884596 3.102169 470.618376 1.009409
80 -2.099896 0.225342 79.218119 3.422455 494.991326 0.587130
80 -2.982898 0.766900 89.973876 3.022716 495.678662 2.353134
80 -2.472982 0.600634 86.850349 2.894247 451.606787 1.333301
80 -3.505219 0.596787 55.403201 1.987184 489.456758 3.397776
80 -1.897552 0.352795 77.244417 3.125184 484.588049 0.182442
80 -2.082486 0.790290 87.409434 1.046361 408.792228 0.552310
80 -2.339459 0.733012 87.064502 1.150876 414.182200 1.066256
80 -1.872139 0.791270 -89.548869 2.107319 437.770093 0.131616
80 -2.104555 0.632260 63.150296 1.910928 488.731100 0.596449
81 -2.783200 0.691832 69.857732 1.469247 481.760291 1.953739
81 -2.070525 0.250784 78.173913 3.414300 494.061265 0.528389
81 -2.480935 0.771953 88.230792 3.161532 494.660357 1.349208
81 -1.904904 0.585410 87.496865 2.530519 453.520429 0.197147
81 -3.353732 0.784687 72.316751 0.925077 436.952838 3.094803
81 -1.859642 0.398435 68.731853 2.709745 483.917859 0.106622
81 -1.876091 0.740449 85.692204 1.828134 436.736140 0.139521
81 -2.229828 0.772366 89.156324 3.102818 479.128983 0.846994
81 -2.176016 0.569943 80.433015 2.560347 478.771445 0.739370
81 -2.843822 0.521009 57.442146 1.615933 459.106087 2.074982
82 -3.231491 0.529925 63.510634 1.463777 437.266802 2.850319
82 -1.873901 0.318540 77.474345 3.012696 480.481150 0.135139
82 -3.858456 0.718821 73.262511 2.441799 477.761438 4.104251
82 -1.912344 0.549969 -88.366296 2.751641 451.100154 0.212027
82 -1.888532 0.684621 -84.234746 2.450135 430.472439 0.164402
82 -2.065250 0.455151 84.349543 2.109524 430.123066 0.517838
82 -2.056300 0.731308 85.855478 1.376679 423.884972 0.499939
82 -3.268532 0.792451 84.319095 2.684656 459.703293 2.924402
82 -2.671801 0.562735 78.956897 2.191828 471.026753 1.730940
82 -1.918349 0.455637 -89.410018 3.596969 486.730609 0.224036
83 -3.752360 0.470307 80.005108 1.626171 404.380993 3.892059
83 -2.598443 0.225949 72.821892 2.835694 477.850045 1.584224
83 -2.577426 0.738365 70.762209 1.508024 494.912489 1.542191
83 -2.641662 0.537267 68.143868 2.054889 458.300179 1.670662
83 -1.841695 0.544284 89.484863 2.743228 453.287633 0.070728
83 -2.090877 0.537332 79.197780 2.001529 436.238482 0.569091
83 -1.890716 0.423107 -85.761852 3.951682 493.794893 0.168770
83 -3.442425 0.738698 -83.493005 2.656096 459.961845 3.272189
83 -3.069435 0.711229 71.658334 2.329207 486.320286 2.526208
83 -1.941464 0.394370 89.997388 3.341840 479.665208 0.270266
84 -2.172497 0.421017 -89.221202 2.400246 437.554770 0.732332
84 -2.948347 0.212996 64.005520 3.121872 489.952656 2.284032
84 -3.451209 0.713818 69.534417 2.306527 489.823074 3.289757
84 -2.228768 0.544336 86.924970 2.325959 449.805489 0.844875
84 -3.222048 0.779847 79.336158 0.839139 444.181716 2.831434
84 -2.807462 0.604171 80.966153 3.277052 483.498808 2.002263
84 -1.967210 0.289580 65.878414 3.052925 494.130102 0.321757
84 -2.230750 0.759748 81.173046 2.156147 462.689369 0.848839
84 -2.522301 0.660250 76.056292 2.285434 499.267224 1.431941
84 -1.992059 0.678252 -87.796685 3.141124 465.779623 0.371457
85 -1.943560 0.545733 83.261947 2.656455 468.490170 0.274457
85 -3.404776 0.558957 68.001859 1.470511 457.973230 3.196889
85 -2.434348 0.635080 82.594311 1.619194 413.360520 1.256034
85 -3.868295 0.696543 79.410517 2.079737 433.230113 4.123929
85 -2.698153 0.685760 68.395477 1.022456 440.443258 1.783644
85 -3.880061 0.676560 76.655219 2.969902 480.985323 4.147460
85 -7.344855 0.752293 -80.937489 2.510604 470.420361 11.077048
85 -2.024239 0.420655 88.549613 3.112337 464.123922 0.435816
85 -5.106648 0.628315 70.819337 3.108871 492.743458 6.600634
85 -2.009532 0.768127 89.810656 2.717418 460.339712 0.406402
86 -1.927562 0.550597 83.144992 2.657538 468.589452 0.242463
86 -3.693528 0.621607 71.613799 1.370010 420.644456 3.774395
86 -1.954798 0.735505 -87.443503 1.508091 404.762634 0.296935
86 -1.896093 0.538424 72.846850 2.001296 457.839576 0.179524
86 -3.794937 0.641407 67.714395 2.616142 492.750428 3.977213
86 -2.382785 0.635443 82.207729 1.648137 441.190138 1.152908
86 -6.433400 0.478779 54.930425 0.652077 396.424865 9.254139
86 -1.817930 0.626334 89.826384 2.419512 439.394205 0.023198
86 -2.464341 0.742530 75.149905 1.750600 496.202802 1.316020
86 -2.051107 0.688630 -78.444351 3.257201 448.364129 0.489553
87 -2.059191 0.528384 64.433003 1.910546 473.756394 0.505721
87 -2.769791 0.417607 -88.412301 2.219409 433.454324 1.926921
87 -2.075957 0.783851 -87.611188 2.902536 451.793433 0.539252
87 -1.984335 0.589142 -87.737249 2.505486 441.896793 0.356008
87 -2.409386 0.558801 63.419947 2.379892 491.547803 1.206111
87 -2.989111 0.692384 87.256498 0.531600 380.168643 2.365560
87 -2.983073 0.581807 88.872326 2.247561 451.129344 2.353485
87 -1.905869 0.557845 -88.079171 2.806456 452.548740 0.199077
87 -2.332611 0.723274 75.475710 1.879596 462.654321 1.052561
87 -2.396834 0.733727 -85.797104 3.405412 454.559675 1.181006
88 -2.348377 0.572497 71.431860 1.773172 464.879213 1.084093
88 -3.464814 0.457148 85.829831 2.162186 448.001116 3.316966
88 -2.175258 0.795408 -84.623024 3.632885 479.375002 0.737855
88 -2.769713 0.641403 67.391155 1.809100 463.806742 1.926764
88 -3.177004 0.592253 69.532125 1.521007 464.040564 2.741347
88 -2.996677 0.734679 80.368449 0.342635 391.780989 2.380692
88 -6.792000 0.744457 -11.719374 1.800091 496.137126 9.971339
88 -3.409982 0.606813 78.626112 1.569613 451.020369 3.207302
88 -2.363251 0.776887 76.262957 1.665120 463.961202 1.113841
88 -2.191799 0.581235 89.268270 3.010789 453.529660 0.770935
89 -2.192045 0.615427 83.740310 2.007143 427.587636 0.771428
89 -2.126307 0.639822 -84.680613 1.674453 399.622357 0.639953
89 -6.262391 0.705618 -72.714415 3.667140 473.499044 8.912121
89 -2.817709 0.577805 -89.442889 3.553181 466.887123 2.022756
89 -1.863259 0.616580 77.736099 2.187464 468.110110 0.113856
89 -2.980632 0.733772 80.398390 0.339245 390.916388 2.348602
89 -8.309124 0.782069 -19.579905 2.335027 487.705337 13.005586
89 -3.892372 0.542018 89.631770 2.849326 478.208079 4.172082
89 -1.893425 0.455635 60.894011 2.383319 489.366980 0.174189
89 -1.967613 0.603356 89.732708 3.268318 472.810024 0.322565
90 -2.449061 0.670182 76.614475 1.564084 432.947257 1.285460
90 -2.197692 0.685491 -88.888656 3.300253 462.379111 0.782722
90 -1.863605 0.442343 68.443954 2.766072 496.414590 0.114548
90 -4.151569 0.666261 -82.532805 3.066257 471.523084 4.690477
90 -2.368770 0.685085 89.335034 2.151443 449.030858 1.124878
90 -3.591180 0.796974 -88.524854 0.438567 390.705151 3.569699
90 -4.077193 0.432146 86.328668 3.085054 455.059228 4.541724
90 -1.942149 0.617649 86.925381 2.504411 456.847434 0.271637
90 -2.825854 0.422079 51.806810 1.981845 476.090651 2.039046
90 -2.172240 0.645774 -80.874550 3.685727 461.382161 0.731818
91 -3.868717 0.642284 67.756456 1.679933 446.925363 4.124772
91 -2.336748 0.674796 86.141974 1.199508 392.962189 1.060835
91 -1.939497 0.540237 71.100110 1.918723 457.926553 0.266333
91 -2.358811 0.791116 -82.478272 3.274074 443.651376 1.104961
91 -1.903955 0.587765 76.345099 2.261095 463.771685 0.195249
91 -2.157897 0.627188 84.548418 2.032707 449.376887 0.703132
91 -2.227957 0.383102 62.000149 2.350814 481.161004 0.843252
91 -2.008676 0.656198 86.976666 2.372345 439.093147 0.404691
91 -3.645190 0.450264 47.450766 1.907985 473.299945 3.677719
91 -2.530101 0.376994 -87.821792 2.548589 438.100010 1.447540
92 -2.791719 0.534459 54.848741 1.585879 470.563228 1.970777
92 -2.393459 0.759425 -78.265443 3.961823 476.266700 1.174256
92 -3.190587 0.424324 88.130456 1.869130 425.232905 2.768513
92 -2.058368 0.735471 -88.947876 2.216611 445.579422 0.504074
92 -2.491016 0.433869 80.473608 1.874739 434.854276 1.369370
92 -2.386170 0.317653 73.682080 2.179903 447.695504 1.159679
92 -1.954335 0.337722 68.957594 2.858734 490.866912 0.296009
92 -1.941922 0.565165 88.546645 2.502763 449.707522 0.271182
92 -1.901494 0.518984 79.115840 2.062417 447.052498 0.190327
92 -3.233392 0.255153 81.683407 2.166443 436.092620 2.854123
93 -6.643504 0.585363 72.465682 1.152078 446.989015 9.674346
93 -4.642831 0.666079 -77.741897 3.860128 487.776633 5.673001
93 -2.543747 0.410709 82.113973 2.129151 444.168522 1.474833
93 -2.183522 0.670707 84.860100 2.584518 453.243208 0.754382
93 -2.002790 0.595856 70.542570 2.497821 492.896143 0.392919
93 -2.716664 0.659310 -77.612859 4.202598 487.703645 1.820666
93 -1.846368 0.362214 68.084755 2.943407 496.746020 0.080075
93 -1.895947 0.594108 83.645259 1.857406 430.448942 0.179233
93 -2.512234 0.687512 -82.558106 3.218155 442.338655 1.411806
93 -2.386320 0.397552 -86.109712 3.337412 466.816192 1.159978
94 -2.360361 0.368990 68.811006 2.874221 482.209748 1.108059
94 -4.398178 0.669827 -78.370402 3.942172 491.080235 5.183695
94 -2.513480 0.348358 81.535626 2.319128 439.138037 1.414297
94 -3.618488 0.421184 56.598998 2.764116 495.333352 3.624315
94 -1.900947 0.597723 78.125427 2.227400 458.211078 0.189232
94 -1.907921 0.536304 82.965548 2.916659 472.835234 0.203181
94 -1.922266 0.315947 72.850346 3.103719 488.734265 0.231870
94 -5.052137 0.518820 55.990307 0.839453 413.270256 6.491613
94 -1.841919 0.367404 71.147607 3.065594 495.197678 0.071176
94 -2.050893 0.361168 -87.200613 3.345428 476.737469 0.489123
95 -2.169731 0.660118 86.670880 2.341395 459.899382 0.726800
95 -1.825477 0.721157 -84.324646 2.612972 432.627198 0.038292
95 -2.654964 0.497274 57.178775 2.462339 496.731769 1.697267
95 -2.685528 0.341572 59.391011 2.403502 482.812605 1.758395
95 -1.868652 0.591282 83.277227 2.599554 462.308188 0.124641
95 -1.981843 0.436413 81.929295 2.792669 461.874392 0.351025
95 -2.293982 0.401527 82.484848 1.997172 426.897475 0.975302
95 -3.593629 0.630540 77.931884 0.380337 384.986512 3.574597
95 -2.212434 0.393228 70.882047 2.280248 455.415453 0.812207
95 -4.278298 0.545817 -73.665749 3.990300 484.783300 4.943935
96 -1.983438 0.550149 83.346916 3.054708 477.362684 0.354214
96 -3.791869 0.765962 88.872565 2.753623 434.103250 3.971076
96 -2.077149 0.465534 67.063066 2.605326 499.161060 0.541637
96 -3.245343 0.271972 51.251179 2.434816 476.633173 2.878024
96 -2.017950 0.754843 -87.237460 3.127183 464.132837 0.423238
96 -1.890661 0.447728 83.581621 2.801939 461.164488 0.168661
96 -1.831979 0.373373 75.134469 2.891343 480.583944 0.051297
96 -2.501401 0.647214 73.028700 1.257087 444.521438 1.390140
96 -2.486745 0.558530 74.644325 1.932858 440.577772 1.360828
96 -3.116509 0.486410 -83.639930 2.899365 440.368522 2.620356
97 -3.016119 0.554581 89.595377 2.960079 477.606191 2.419577
97 -2.146418 0.744952 -83.055208 2.621658 422.721684 0.680174
97 -3.131643 0.637757 75.214860 2.025120 489.927557 2.650625
97 -2.617627 0.796347 83.463750 1.659304 477.445154 1.622592
97 -4.132254 0.357829 78.759121 2.831674 488.735505 4.651846
97 -4.925212 0.570569 -70.958869 3.383601 457.113375 6.237763
97 -1.850648 0.332826 76.307567 3.235352 491.815256 0.088634
97 -3.013566 0.657916 -77.485119 2.979916 445.530956 2.414470
97 -2.494845 0.489906 -84.928901 2.988596 460.408367 1.377028
97 -2.987650 0.332215 61.680142 3.014400 493.215267 2.362639
98 -2.269861 0.290057 83.492733 3.119956 473.701220 0.927060
98 -2.145437 0.384844 -89.893329 2.786096 456.996850 0.678212
98 -3.121114 0.634930 49.501826 1.534206 496.602472 2.629567
98 -1.983670 0.439064 80.369402 3.349710 496.538367 0.354679
98 -2.448437 0.594652 82.816969 3.287959 482.436811 1.284212
98 -2.519452 0.615010 -85.128535 3.466246 457.115609 1.426242
98 -2.412390 0.424566 70.448223 2.830190 480.521307 1.212119
98 -2.729083 0.766229 86.635646 1.120863 390.317310 1.845505
98 -2.219098 0.666770 -83.518990 2.184675 423.621390 0.825535
98 -2.163652 0.279381 85.705750 3.432465 493.045186 0.714643
99 -1.857855 0.447088 86.448508 3.231848 478.382227 0.103048
99 -2.261600 0.715744 -87.166650 3.107167 471.375398 0.910538
99 -2.127087 0.695746 -86.804255 3.548067 478.583817 0.641511
99 -2.503857 0.604994 -87.872707 3.034328 470.606344 1.395052
99 -2.030264 0.513471 76.503688 3.026071 493.838074 0.447867
99 -2.108835 0.650493 -83.442087 2.994091 452.834779 0.605008
99 -2.262039 0.384513 57.898817 2.364304 478.977877 0.911416
99 -2.069043 0.658795 -85.486475 1.783840 399.085372 0.525425
99 -1.828588 0.649629 -89.345723 2.237324 429.160784 0.044514
99 -1.895946 0.650079 -87.810053 2.471771 440.752088 0.179230
100 -2.146725 0.540990 74.416719 1.669157 443.020776 0.680789
100 -3.489495 0.627615 74.103315 1.793626 433.627458 3.366329
100 -1.972512 0.676098 -82.798273 2.239676 419.408300 0.332362
100 -3.039327 0.773194 -85.374700 0.315612 364.807062 2.465993
100 -1.878542 0.444424 70.408125 2.358032 468.836288 0.144422
100 -2.935304 0.503159 -80.364997 1.983720 406.889327 2.257946
100 -1.883945 0.405799 69.822699 2.893926 496.675321 0.155229
100 -2.054211 0.685196 -84.387685 1.636524 398.830091 0.495760
100 -1.978359 0.701065 -89.699940 1.617266 415.002206 0.344056
100 -2.616033 0.459325 87.081140 2.727996 444.407473 1.619405
101 -2.172562 0.442702 87.560852 2.081777 424.162337 0.732462
101 -1.939672 0.499145 67.907973 2.213089 471.221696 0.266682
101 -1.942454 0.385897 80.143926 2.770876 464.364360 0.272246
101 -3.018425 0.304789 65.101389 2.599773 467.977551 2.424189
101 -2.318005 0.515916 87.211936 2.623350 440.973856 1.023349
101 -2.157459 0.459568 86.829155 2.561249 441.737037 0.702256
101 -2.157828 0.375510 73.478765 3.028827 497.984653 0.702994
101 -3.099445 0.664832 -89.858679 1.039152 397.866247 2.586229
101 -2.442048 0.240440 73.085535 2.701154 467.789732 1.271434
101 -2.414339 0.435268 88.136810 2.580317 455.294294 1.216016
102 -3.193008 0.529562 80.544200 1.370739 422.491643 2.773354
102 -2.457646 0.500167 70.803172 1.791957 455.875699 1.302630
102 -2.027814 0.375474 79.447975 2.348523 450.379978 0.442967
102 -2.313682 0.576548 82.312179 3.423318 496.147588 1.014702
102 -2.746662 0.581707 -84.120559 4.033846 478.261079 1.880663
102 -1.878008 0.531889 -89.890198 3.214032 470.125909 0.143355
102 -1.873497 0.348816 75.931145 2.872953 479.973276 0.134332
102 -2.396429 0.601996 88.515645 1.245539 397.263765 1.180196
102 -2.129266 0.516431 82.840254 1.946746 437.375669 0.645870
102 -2.767414 0.453011 82.343318 2.327934 434.456133 1.922166
103 -2.897222 0.676433 -75.756738 1.972377 400.459092 2.181782
103 -1.999590 0.526410 82.359519 2.183180 449.527221 0.386518
103 -2.275863 0.796167 -89.079716 1.940988 415.487230 0.939065
103 -2.104899 0.561417 87.184115 3.537539 489.211183 0.597137
103 -2.390627 0.623563 -87.959520 3.591144 467.682409 1.168592
103 -3.142636 0.516098 66.648889 2.762583 488.898812 2.672611
103 -2.161885 0.778603 -86.104038 0.972805 385.273930 0.711109
103 -3.069732 0.601443 83.727128 1.234084 388.253730 2.526802
103 -2.783619 0.535682 83.361167 0.937254 385.946486 1.954577
103 -2.762519 0.570685 -87.161312 2.063797 406.962436 1.912376
104 -2.062653 0.764316 -81.328702 2.161422 418.885987 0.512645
104 -1.859084 0.450981 89.406599 3.452944 480.470754 0.105506
104 -2.005436 0.752457 -87.356594 1.255082 393.531781 0.398211
104 -3.842160 0.756105 81.389437 1.664622 416.811236 4.071658
104 -2.844447 0.604486 -80.259707 3.244182 461.722594 2.076232
104 -2.040973 0.474222 71.276463 2.401845 467.506989 0.469285
104 -2.090469 0.798700 87.762065 1.078197 405.014491 0.568277
104 -2.155015 0.790499 82.539061 1.559602 439.714892 0.697368
104 -1.982159 0.438044 85.912137 3.006021 473.922308 0.351656
104 -2.186292 0.726661 81.533872 2.629716 493.506901 0.759923
105 -2.783740 0.620381 83.029279 0.850581 394.678293 1.954819
105 -2.998462 0.542111 79.208656 1.008150 388.800019 2.384262
105 -3.255018 0.670823 89.461687 0.874783 364.823159 2.897374
105 -2.011340 0.765152 73.026704 1.544603 484.545740 0.410018
105 -2.901554 0.609946 87.534258 2.785244 441.635422 2.190447
105 -3.607637 0.473745 81.878512 2.338555 467.141191 3.602612
105 -2.125478 0.529161 87.315957 2.176359 439.363984 0.638294
105 -2.633978 0.740321 85.557309 2.122483 474.670008 1.655293
105 -2.979902 0.571660 68.268485 2.404743 475.751962 2.347143
105 -1.958514 0.669683 -81.889504 2.503585 420.852540 0.304366
106 -4.178891 0.645294 67.324548 0.442132 410.740445 4.745121
106 -2.507613 0.796616 -85.182261 1.752008 429.387483 1.402565
106 -2.953523 0.669347 89.277038 0.885668 367.789536 2.294385
106 -2.375514 0.677421 69.755939 1.863601 499.293424 1.138367
106 -1.847852 0.627595 74.668708 2.073494 470.357810 0.083043
106 -1.834215 0.463505 80.242752 2.784729 470.302537 0.055767
106 -3.321915 0.737287 71.588945 1.762127 462.328391 3.031168
106 -2.320828 0.696601 87.082761 3.334494 482.445932 1.028995
106 -2.449701 0.576918 71.864372 2.723074 488.636689 1.286741
106 -4.243258 0.668532 68.976786 1.276084 427.134581 4.873854
107 -2.373000 0.594230 88.628503 1.357331 402.279402 1.133338
107 -2.515227 0.704061 -88.562041 2.445650 457.397016 1.417792
107 -2.657836 0.741695 83.774676 0.437786 378.539757 1.703011
107 -2.026256 0.696382 65.928922 1.676489 491.832933 0.439851
107 -2.622223 0.560161 70.923977 2.682752 484.338178 1.631785
107 -1.918641 0.376040 72.485670 2.951814 492.904900 0.224619
107 -1.946693 0.446411 -88.999523 2.851456 456.131265 0.280725
107 -3.279532 0.282159 87.160989 2.140145 430.070095 2.946402
107 -1.888723 0.332833 69.031049 3.097093 495.571408 0.164784
107 -2.116371 0.776426 84.563125 1.642570 455.867946 0.620080
108 -3.377555 0.669159 83.244956 1.663261 454.262797 3.142448
108 -1.899291 0.516358 67.337719 2.178145 474.475124 0.185920
108 -2.356373 0.490952 78.735423 2.158618 437.996565 1.100084
108 -2.928103 0.554672 87.510137 0.805928 374.413078 2.243544
108 -3.517129 0.507326 -87.911004 1.249427 392.877194 3.421596
108 -2.318911 0.575528 64.719524 1.970801 491.559495 1.025161
108 -1.873611 0.382413 84.640401 2.920172 465.996130 0.134561
108 -1.910180 0.395002 80.324196 3.366433 491.936413 0.207698
108 -1.931476 0.319743 83.246475 3.072062 474.841576 0.250289
108 -3.701466 0.665289 58.873998 1.298669 462.098914 3.790271
109 -2.186172 0.552400 -89.847711 2.622601 436.474304 0.759683
109 -1.961715 0.535116 67.381960 2.024232 468.638342 0.310769
109 -2.219812 0.445341 60.900278 1.983279 469.199128 0.826963
109 -5.414739 0.535117 -81.404114 1.219741 389.120401 7.216816
109 -3.116070 0.668814 89.850497 1.176230 375.114191 2.619478
109 -2.011676 0.390398 80.125344 2.321236 446.737200 0.410690
109 -2.021591 0.234849 77.925065 3.369809 495.889225 0.430520
109 -2.810909 0.719244 72.996273 1.129304 432.048196 2.009156
109 -4.923686 0.791668 87.982150 2.857730 434.933210 6.234711
109 -1.901995 0.677709 87.160693 2.593862 457.443742 0.191329
110 -2.562957 0.643575 88.934629 2.160920 448.748309 1.513252
110 -2.315850 0.623334 59.705369 1.617191 481.103072 1.019038
110 -2.196439 0.431689 65.007336 2.122262 471.278590 0.780216
110 -2.641881 0.690511 -86.211963 1.750678 392.489586 1.671101
110 -2.466006 0.601131 -86.164118 1.279629 381.997675 1.319351
110 -1.970460 0.408211 82.306504 2.507494 456.332911 0.328258
110 -2.069334 0.759640 -84.761018 3.723897 475.851370 0.526007
110 -2.481290 0.749874 80.810581 1.033709 433.343183 1.349919
110 -4.150069 0.536443 76.946656 3.353290 482.397682 4.687475
110 -2.149027 0.728378 79.500332 1.494541 435.930040 0.685391
111 -2.606651 0.757280 76.290132 2.428665 491.964362 1.600640
111 -2.798076 0.626882 62.446344 1.766752 499.489112 1.983491
111 -3.470548 0.440234 53.774172 1.694795 463.435239 3.328435
111 -2.705091 0.669733 -76.831181 1.837507 394.320779 1.797520
111 -3.106420 0.581749 86.449451 1.296494 384.930647 2.600179
111 -2.608112 0.624938 -85.229844 3.572774 483.860171 1.603563
111 -2.140711 0.758428 87.343685 2.827105 472.816184 0.668761
111 -2.043908 0.530464 89.851814 3.148972 473.052468 0.475155
111 -6.904261 0.647156 -80.788492 1.469717 411.762713 10.195860
111 -1.989338 0.688560 -78.671391 4.606706 492.157509 0.366014
112 -3.267383 0.640538 79.554701 1.902032 425.110957 2.922105
112 -2.230655 0.734179 83.102810 2.433375 487.345128 0.848648
112 -2.676257 0.500464 65.988931 2.020826 457.203181 1.739851
112 -2.121348 0.550344 81.580358 1.628078 417.877495 0.630034
112 -2.055943 0.623934 -88.112873 3.724735 482.052565 0.499225
112 -3.974584 0.705149 65.978340 0.453063 411.421572 4.336507
112 -2.822795 0.660898 -87.214539 1.287927 400.230527 2.032928
112 -1.996465 0.565003 82.972694 3.015947 478.180155 0.380268
112 -1.958879 0.647336 -89.565538 1.722851 407.434823 0.305096
112 -2.205618 0.712536 -88.535419 3.494385 482.161145 0.798575
113 -1.978644 0.723333 -85.827896 1.473738 395.256400 0.344626
113 -3.032881 0.790558 66.610675 1.274233 483.383067 2.453099
113 -2.325536 0.648858 -78.713677 2.135353 405.757173 1.038410
113 -2.256264 0.585320 77.287412 1.429150 420.395425 0.899866
113 -2.681726 0.688802 88.576760 4.000508 493.945503 1.750791
113 -2.711194 0.730473 60.724487 1.501864 496.331898 1.809725
113 -2.104965 0.620707 -88.526200 1.816763 404.585219 0.597269
113 -2.157058 0.592792 88.518223 3.048379 475.336252 0.701454
113 -4.244570 0.634634 80.463570 1.971195 417.960181 4.876479
113 -1.954874 0.700750 -85.144903 3.480192 465.382478 0.297087
114 -2.072201 0.749904 -83.044700 1.324640 384.482818 0.531741
114 -4.089863 0.483540 -87.037605 1.819897 421.353500 4.567064
114 -1.959618 0.591835 87.500933 1.962502 429.519748 0.306575
114 -4.725398 0.337181 57.773949 2.501858 494.012982 5.838135
114 -2.423538 0.784009 78.022272 1.547739 486.987021 1.234415
114 -2.595311 0.678701 76.973510 1.589669 464.375244 1.577961
114 -3.774986 0.585045 -85.609896 1.448574 404.626004 3.937311
114 -2.229610 0.563031 79.685981 3.193002 492.605820 0.846557
114 -1.905476 0.716174 76.786171 2.059808 484.285561 0.198291
114 -2.455906 0.670802 86.439465 3.501633 497.719819 1.299151
115 -3.174321 0.775149 74.950427 1.179809 479.361972 2.735981
115 -2.693463 0.723396 -88.932468 0.486074 368.869164 1.774265
115 -2.265694 0.535927 87.567856 1.596411 410.656324 0.918726
115 -2.032732 0.331514 59.810890 2.698634 488.755499 0.452802
115 -3.202687 0.617710 75.648487 2.484667 460.917803 2.792712
115 -2.351664 0.782720 74.279923 1.248328 477.290131 1.090667
115 -2.264877 0.650044 88.423663 3.209702 483.669623 0.917093
115 -2.645603 0.723352 84.744106 0.972845 414.057050 1.678544
115 -2.136257 0.599568 87.977665 3.460761 486.603053 0.659853
115 -1.926877 0.747657 -84.663431 1.763070 400.112119 0.241093
116 -2.735354 0.797926 74.634282 1.246555 489.655349 1.858047
116 -2.290527 0.669081 73.070378 1.417283 457.277723 0.968392
116 -2.016740 0.569263 83.869948 2.200191 450.669509 0.420818
116 -2.076923 0.294678 76.939784 3.284722 498.176535 0.541184
116 -2.782512 0.560003 81.448687 0.849233 385.166351 1.952362
116 -2.151188 0.793032 81.660137 2.312094 482.986645 0.689714
116 -2.250548 0.559549 80.514422 1.882185 427.061126 0.888434
116 -1.841484 0.658331 -84.385282 2.502997 428.059214 0.070307
116 -2.803390 0.482087 89.617975 2.895629 445.935569 1.994119
116 -1.914254 0.797029 83.733655 1.723801 458.877583 0.215847
117 -1.902900 0.797727 -78.798081 2.661973 426.679665 0.193138
117 -2.124286 0.764918 86.021606 2.556922 464.590443 0.635910
117 -2.534005 0.432387 73.947746 2.579728 461.559774 1.455348
117 -1.957941 0.268380 79.644486 3.439191 494.426003 0.303221
117 -3.562545 0.614138 80.863652 0.103649 358.650993 3.512428
117 -2.099724 0.652957 -85.317674 4.241929 494.291512 0.586786
117 -3.485908 0.612091 81.077465 0.567735 387.432564 3.359155
117 -3.263362 0.745006 -87.296480 2.078438 451.825323 2.914063
117 -2.310225 0.520524 63.671339 2.083820 471.530051 1.007789
117 -1.944727 0.700085 75.404900 1.647297 460.085832 0.276792
118 -1.994279 0.701899 -78.366673 3.380148 447.635277 0.375896
118 -1.956524 0.790922 88.696040 2.335735 459.686383 0.300386
118 -2.656250 0.541238 78.117090 1.784908 423.190445 1.699839
118 -2.825422 0.354266 84.646442 3.455501 480.372445 2.038181
118 -2.277003 0.734905 -89.150417 1.491927 393.996345 0.941345
118 -1.860069 0.362527 85.559837 3.166820 475.940256 0.107476
118 -2.674146 0.544838 85.918585 1.934018 412.862274 1.735630
118 -2.449591 0.798086 -77.831153 1.744052 399.665553 1.286520
118 -2.102731 0.633718 63.510322 2.102302 497.265971 0.592800
118 -2.260876 0.659280 80.323468 1.953795 438.326947 0.909089
119 -2.873818 0.756984 -86.379805 2.695345 425.828937 2.134974
119 -3.402251 0.566167 84.469948 3.771266 485.623556 3.191841
119 -2.174306 0.754671 -85.919609 0.967913 375.680788 0.735951
119 -1.958087 0.468701 88.842312 2.368812 437.844475 0.303512
119 -1.953400 0.735142 85.197297 1.438095 424.168545 0.294137
119 -2.063920 0.323948 83.821907 3.681749 496.892713 0.515179
119 -3.941935 0.513878 63.526524 1.073898 414.087540 4.271208
119 -2.327863 0.762058 -76.262267 2.290602 411.238337 1.043064
119 -3.556718 0.564480 47.328995 1.941520 496.864084 3.500774
119 -2.801101 0.627541 -83.705891 2.800624 453.784822 1.989541
120 -4.894138 0.617866 49.790184 0.959501 449.938660 6.175614
120 -2.756596 0.630269 -87.850990 3.516530 490.384838 1.900531
120 -2.464372 0.725501 -79.744192 1.461572 380.781212 1.316082
120 -2.268792 0.435884 -82.859331 2.816564 445.340763 0.924922
120 -1.867393 0.676316 80.451685 2.098214 463.555429 0.122125
120 -2.070261 0.577997 -78.598058 3.637469 463.894250 0.527860
120 -2.441832 0.723327 61.523591 1.438507 494.370666 1.271001
120 -1.899973 0.763221 -80.321035 2.329364 413.042301 0.187285
120 -2.265333 0.539250 58.012642 2.042727 498.137245 0.918004
120 -1.882135 0.477661 62.821662 2.289087 486.732771 0.151608
121 -6.688833 0.639939 65.174548 1.001664 460.149105 9.765004
121 -2.409747 0.700454 -86.924821 3.968119 496.478428 1.206831
121 -1.913570 0.567177 82.158167 2.013134 435.441383 0.214478
121 -1.974951 0.415682 -83.088752 4.049437 494.621498 0.337240
121 -2.509475 0.621905 -83.640082 2.630788 444.044478 1.406288
121 -2.235389 0.376904 77.538528 2.480110 464.951349 0.858117
121 -2.214671 0.712633 62.624579 1.555678 497.663630 0.816681
121 -2.266572 0.714148 -75.717366 2.721714 422.929532 0.920483
121 -2.389176 0.560820 75.897392 1.694921 429.136049 1.165689
121 -2.369945 0.655809 -73.706213 4.605125 490.683986 1.127228
122 -3.231521 0.641623 64.529059 1.461792 452.101799 2.850381
122 -2.043819 0.724891 -81.119385 4.003464 479.011205 0.474977
122 -2.202916 0.615169 84.288919 2.235077 458.806127 0.793170
122 -2.373991 0.407848 -82.891924 4.020478 491.382335 1.135320
122 -3.955624 0.439550 -86.617333 2.374243 444.468961 4.298585
122 -4.499933 0.384508 -78.853987 2.911020 456.860032 5.387205
122 -3.057802 0.702640 56.687663 1.316176 498.628635 2.502942
122 -3.577279 0.711013 -77.554468 2.379958 427.892379 3.541896
122 -2.143889 0.761354 -89.923526 2.390250 460.702508 0.675116
122 -4.326812 0.695695 -73.220309 4.391772 491.568858 5.040962
123 -2.254130 0.772300 88.039468 3.029239 478.409879 0.895598
123 -1.940882 0.751535 -80.805304 3.997585 473.172797 0.269103
123 -3.672083 0.608183 68.906691 2.243958 465.445984 3.731504
123 -1.850363 0.761581 -88.481243 1.955391 428.660606 0.088065
123 -2.280072 0.368589 -88.045704 2.649902 447.204834 0.947482
123 -2.446442 0.413557 -89.990582 2.582134 438.488878 1.280222
123 -2.885330 0.700003 56.447205 1.356814 491.540943 2.157998
123 -2.098918 0.635118 75.799034 1.570725 449.067669 0.585175
123 -2.691491 0.605584 82.096161 3.031108 469.497622 1.770319
123 -2.423707 0.737417 -80.226519 3.449829 465.152233 1.234752
124 -2.249969 0.533338 85.193995 2.444554 438.358294 0.887277
124 -4.733181 0.753254 59.540362 0.984843 463.556780 5.853701
124 -2.001561 0.593382 -78.678784 3.895449 473.184246 0.390461
124 -3.149441 0.706518 83.765744 0.971380 383.214767 2.686220
124 -3.804820 0.639788 -86.618576 1.419758 377.842357 3.996978
124 -2.052180 0.650634 -86.100747 3.184584 451.434635 0.491698
124 -3.088228 0.688642 54.114555 1.307265 492.122642 2.563795
124 -2.245289 0.620722 74.267583 1.690535 441.791819 0.877917
124 -2.057723 0.635980 89.949865 2.893421 465.614587 0.502784
124 -2.139551 0.500646 71.368658 2.944909 496.702718 0.666441
125 -5.854652 0.615720 68.610712 2.126080 447.647633 8.096641
125 -4.245886 0.759670 60.559584 0.714157 454.020978 4.879111
125 -2.332431 0.727282 -87.655364 1.545733 415.930404 1.052200
125 -1.832308 0.435288 84.936205 2.838263 464.083857 0.051954
125 -2.207073 0.619539 79.399163 2.799251 478.302660 0.801485
125 -1.890834 0.632097 -88.334500 2.806882 453.482110 0.169007
125 -4.902909 0.719247 53.942172 1.193584 478.188812 6.193157
125 -1.965694 0.574515 -89.512149 3.344665 469.058357 0.318726
125 -2.156187 0.620409 -83.771928 2.444196 432.531474 0.699713
125 -3.904259 0.565377 88.372712 2.645466 474.803266 4.195857
126 -2.602582 0.512675 -75.684116 3.492581 461.995377 1.592502
126 -4.062012 0.600647 55.194699 0.908873 442.217839 4.511362
126 -2.092522 0.761938 -85.278900 1.621334 410.985533 0.572382
126 -2.141742 0.416432 83.841162 3.127141 484.847763 0.670822
126 -1.960749 0.732012 79.543144 2.212556 476.727433 0.308836
126 -4.305584 0.716540 71.752597 0.410964 390.145304 4.998507
126 -2.614189 0.752199 84.666428 0.578180 380.227442 1.615717
126 -2.103480 0.601534 73.256728 2.311343 472.402201 0.594298
126 -1.986592 0.621029 -83.858769 2.619383 428.043222 0.360523
126 -1.903719 0.494834 -83.181083 3.908776 485.453482 0.194776
127 -1.994819 0.495464 -89.036224 2.455094 433.326111 0.376977
127 -4.002586 0.617010 57.910312 0.793521 435.941002 4.392510
127 -1.837089 0.744782 -86.078183 1.936371 415.760522 0.061517
127 -3.341525 0.295446 47.310425 2.689326 491.061302 3.070388
127 -2.794361 0.397670 70.855683 2.104612 443.130000 1.976060
127 -2.894450 0.792272 84.558239 0.065678 378.905072 2.176239
127 -4.890214 0.712454 64.657231 0.839603 464.922786 6.167766
127 -2.515603 0.733463 70.237587 1.113774 452.283366 1.418545
127 -4.598365 0.520256 75.732396 1.518292 404.234313 5.584069
127 -2.898395 0.542863 -85.750382 3.445545 483.285567 2.184129
128 -1.963597 0.582149 84.663262 1.806491 427.586317 0.314532
128 -2.287404 0.714277 70.737656 2.166976 494.574599 0.962146
128 -2.450910 0.694202 -88.983786 3.547141 468.529375 1.289159
128 -4.340703 0.777013 62.499413 1.041609 468.232213 5.068744
128 -2.949695 0.344791 63.217650 1.831732 446.474492 2.286728
128 -3.342674 0.785027 80.291249 0.273130 379.030812 3.072687
128 -3.523290 0.452214 -77.888982 2.389818 423.743327 3.433918
128 -3.615924 0.746377 82.780332 1.965000 424.430470 3.619187
128 -3.080669 0.470544 -89.953921 1.216243 387.843765 2.548676
128 -2.649320 0.555919 -80.346186 4.197955 497.112097 1.685978
129 -2.300637 0.715114 80.300206 1.028765 420.534159 0.988612
129 -2.244895 0.542611 69.117656 2.132031 464.618425 0.877129
129 -2.123928 0.594724 87.711836 2.376822 451.808917 0.635195
129 -2.684474 0.715439 79.071076 2.102069 451.074272 1.756286
129 -3.508980 0.434773 70.888376 1.142489 401.309385 3.405298
129 -2.955049 0.331092 82.102624 2.347169 437.651529 2.297437
129 -2.644182 0.750578 77.342324 0.770462 413.715177 1.675702
129 -2.220480 0.707569 -76.922558 2.898070 428.926011 0.828299
129 -5.042793 0.502922 82.147030 0.848285 395.800813 6.472924
129 -1.941367 0.536975 -80.862427 4.261400 492.727245 0.270073
130 -2.035136 0.486099 71.534471 2.922073 495.270351 0.457611
130 -1.946050 0.568136 88.440752 2.396288 445.640773 0.279438
130 -2.431348 0.512532 -89.953353 4.110241 495.260910 1.250035
130 -2.362394 0.670879 85.064977 1.910723 450.894960 1.112127
130 -6.897263 0.557393 80.511466 0.896318 413.752615 10.181865
130 -2.128596 0.390040 80.936967 2.163158 438.038622 0.644531
130 -3.121258 0.682697 69.965106 0.996752 425.416191 2.629855
130 -2.447928 0.601310 71.958661 1.470835 434.075695 1.283195
130 -2.863418 0.576109 87.610109 0.998448 388.966127 2.114174
130 -2.420555 0.534286 -86.649256 3.352494 477.770460 1.228449
131 -2.011751 0.519309 68.028863 2.104222 477.530841 0.410840
131 -2.936028 0.467891 86.755764 2.215058 422.286498 2.259394
131 -1.951784 0.518493 -83.318741 4.178639 492.234225 0.290907
131 -2.341799 0.687765 83.551067 2.170257 438.448281 1.070937
131 -2.296267 0.563120 -89.657362 1.491024 394.924445 0.979872
131 -4.069288 0.357382 -86.590357 1.903128 419.373942 4.525915
131 -3.291083 0.733404 -85.754453 0.819285 386.263035 2.969504
131 -3.803269 0.702618 89.523885 1.590661 438.971278 3.993876
131 -2.177273 0.774793 82.230439 2.073378 486.894712 0.741884
131 -2.455830 0.730620 79.505727 1.068727 433.997143 1.298998
132 -1.836829 0.538140 65.026202 2.363317 495.373737 0.060997
132 -2.931142 0.317831 -81.451769 3.237558 469.913544 2.249623
132 -1.924126 0.508905 -84.601087 3.202199 461.179777 0.235591
132 -1.890269 0.692695 86.263893 2.388511 456.948153 0.167876
132 -3.828350 0.539038 86.421300 0.688513 378.032718 4.044037
132 -2.761052 0.275331 83.490515 3.344214 481.166421 1.909443
132 -3.015569 0.598680 -87.181167 2.833757 465.729196 2.418477
132 -2.676640 0.714374 76.012200 1.022097 418.359548 1.740619
132 -1.979929 0.786586 86.988447 2.350426 464.921543 0.347196
132 -6.048125 0.761540 86.773038 2.921423 433.815796 8.483589
133 -2.753942 0.502025 61.365662 2.002389 465.805293 1.895222
133 -3.494364 0.294535 -83.653849 3.422285 476.240556 3.376067
133 -3.924850 0.476799 -72.620170 3.765243 477.008559 4.237038
133 -1.891762 0.784090 85.874366 1.682262 440.416021 0.170862
133 -5.135990 0.470296 80.194276 0.782107 366.455093 6.659319
133 -2.542704 0.633896 -80.016450 4.374785 498.347358 1.472746
133 -3.216397 0.447091 79.093136 1.760719 413.984456 2.820132
133 -3.641324 0.582273 75.665294 0.774458 406.122779 3.669987
133 -3.602427 0.708920 84.148129 2.110073 483.143228 3.592193
133 -1.882392 0.758556 -81.652660 2.049597 408.926780 0.152123
134 -2.512387 0.350096 64.810173 1.978505 450.669668 1.412113
134 -3.815596 0.295515 -85.942290 3.420546 475.665908 4.018530
134 -1.992052 0.571311 -83.291581 2.622016 430.288829 0.371441
134 -1.943721 0.791625 85.567901 2.011624 464.239145 0.274781
134 -2.891151 0.554328 87.897858 1.968108 409.227766 2.169641
134 -3.102798 0.738710 -77.756702 3.820986 476.934830 2.592935
134 -3.257614 0.503792 78.047430 0.752874 381.100661 2.902567
134 -3.777856 0.715265 74.220558 0.033405 386.180671 3.943051
134 -2.498619 0.644400 83.912541 1.994857 424.176438 1.384577
134 -2.363069 0.723879 -76.567086 2.121202 404.125831 1.113477
135 -2.856806 0.286247 73.848528 2.228834 451.724412 2.100950
135 -3.804644 0.740510 74.744414 1.504699 434.012387 3.996627
135 -2.085918 0.584130 -82.468653 2.307761 417.605681 0.559175
135 -2.071076 0.796130 88.641490 2.400811 451.178400 0.529490
135 -2.372701 0.566648 83.750543 2.964278 487.406751 1.132740
135 -2.452440 0.767585 -87.244225 2.793767 436.127928 1.292219
135 -3.931639 0.421821 72.578540 3.097727 478.151842 4.250617
135 -3.383824 0.692151 83.227371 0.264122 377.633138 3.154987
135 -3.389950 0.178969 55.873070 3.060139 495.586054 3.167238
135 -1.969263 0.679919 -86.518568 2.837719 453.273696 0.325865
136 -2.249136 0.792443 -87.885396 2.325871 425.695613 0.885610
136 -2.617053 0.700933 83.363116 1.646564 415.177123 1.621445
136 -2.270372 0.562439 -86.645424 1.762500 407.617315 0.928082
136 -2.439815 0.705409 65.910475 1.429679 472.180813 1.266969
136 -3.121308 0.637924 83.448091 3.522421 483.666669 2.629955
136 -1.934965 0.582779 -84.566932 3.386451 460.031415 0.257268
136 -2.701782 0.591214 84.050553 3.105882 465.676539 1.790901
136 -2.002843 0.720936 77.946544 1.876342 460.214715 0.393025
136 -2.810535 0.691681 -86.554040 2.233377 409.262590 2.008409
136 -2.117035 0.686098 -85.200162 3.228465 465.932841 0.621409
137 -2.339243 0.636908 81.095245 2.169258 441.447221 1.065825
137 -2.649775 0.649654 81.395939 0.716419 386.197816 1.686888
137 -1.856526 0.545712 62.109886 2.266041 499.779604 0.100390
137 -2.102831 0.525513 -85.651735 3.046079 460.118109 0.593001
137 -2.294336 0.637988 87.756765 3.551564 483.167220 0.976009
137 -2.017788 0.689933 -88.831940 1.894175 425.754657 0.422914
137 -1.989743 0.569666 88.890686 3.056252 470.794701 0.366824
137 -2.058981 0.691752 78.700911 1.372957 434.398277 0.505301
137 -2.819782 0.756857 -74.095011 2.343969 411.746636 2.026901
137 -1.855583 0.476918 -87.836078 3.135294 463.228250 0.098504
138 -3.090348 0.603110 83.794613 3.477782 478.900717 2.568035
138 -3.463040 0.557879 79.091425 1.280239 395.488464 3.313419
138 -2.471978 0.516746 -86.271872 3.170287 470.449972 1.331295
138 -3.689074 0.704881 88.094530 1.117897 418.699583 3.765487
138 -2.184347 0.568973 87.749658 3.745271 493.485547 0.756032
138 -2.261193 0.741571 83.800889 1.109837 422.021823 0.909724
138 -2.561767 0.537795 76.526901 2.739177 469.166551 1.510873
138 -2.142619 0.656029 85.006804 1.949969 447.353157 0.672577
138 -2.196329 0.378627 73.567529 2.324134 452.650073 0.779996
138 -2.629022 0.387003 56.726559 1.967435 462.185495 1.645382
139 -3.038446 0.573235 80.557218 2.652811 492.216768 2.464231
139 -2.983837 0.780103 72.619345 1.627137 469.174827 2.355012
139 -1.907024 0.390215 78.029446 3.364377 498.096799 0.201386
139 -2.743700 0.691261 88.060978 1.363871 421.247132 1.874739
139 -2.247700 0.749770 -88.860137 3.525147 479.486372 0.882739
139 -3.804402 0.793539 70.413461 0.622777 429.613221 3.996143
139 -1.886941 0.743531 -88.867754 2.200117 439.810657 0.161220
139 -2.103466 0.501542 82.722124 2.069408 442.396525 0.594270
139 -2.340426 0.658721 66.397001 1.356536 461.199026 1.068190
139 -3.786489 0.420191 55.392165 1.459675 444.310975 3.960317
140 -4.202526 0.605014 78.146367 2.962277 464.941586 4.792390
140 -4.638807 0.632434 57.596387 1.791893 474.616641 5.664952
140 -2.670706 0.442459 -79.397435 3.534962 474.949301 1.728751
140 -3.962093 0.723310 -81.310843 1.693655 416.141131 4.311523
140 -1.842677 0.769862 -86.062934 2.269819 432.288951 0.072692
140 -2.580211 0.690794 74.697825 1.202860 448.354059 1.547761
140 -1.887076 0.775831 84.459481 1.784647 449.582108 0.161490
140 -1.938635 0.550038 80.115298 2.715628 470.062725 0.264609
140 -3.256299 0.589944 57.468758 1.430840 458.927741 2.899937
140 -4.022856 0.436940 53.274163 1.407651 438.550495 4.433051
141 -3.990323 0.679587 66.046626 1.562027 453.233027 4.367985
141 -2.164625 0.644898 62.479025 1.845844 489.546869 0.716588
141 -2.853298 0.247487 79.316215 3.010000 483.658046 2.093934
141 -3.156308 0.586407 59.796728 1.919859 475.830196 2.699954
141 -2.297628 0.755141 -81.092489 2.348101 428.613489 0.982594
141 -2.729003 0.678380 80.020249 1.561448 454.837230 1.845344
141 -2.197498 0.616974 86.358323 2.758262 451.562501 0.782334
141 -2.534453 0.305651 77.761855 3.147017 478.504050 1.456245
141 -2.374984 0.620063 63.636121 1.552046 465.023777 1.137306
141 -3.082312 0.451760 61.813620 1.372783 435.810689 2.551963
142 -2.814981 0.482413 -79.283425 2.815771 443.978655 2.017301
142 -1.991156 0.780936 -80.520760 4.356373 483.692547 0.369650
142 -2.287356 0.590302 66.193622 2.467042 496.542856 0.962051
142 -3.263175 0.556835 88.838648 2.314234 454.315616 2.913688
142 -2.258480 0.744371 84.935683 2.376892 451.773864 0.904298
142 -3.271991 0.719119 82.514004 1.680363 467.474263 2.931321
142 -2.069295 0.602239 -83.427755 2.240782 420.562374 0.525929
142 -2.020644 0.488044 -89.766772 3.856012 496.822564 0.428626
142 -2.182253 0.720374 83.461776 2.742457 477.501155 0.751844
142 -2.764872 0.426411 72.171212 1.973018 436.749381 1.917082
143 -3.385568 0.463758 -88.809697 2.688114 435.065357 3.158474
143 -3.668893 0.432922 -88.928536 3.301424 488.625762 3.725125
143 -2.447906 0.469016 74.246167 1.872460 449.737714 1.283149
143 -3.039150 0.697999 -87.754887 3.296504 449.672566 2.465639
143 -2.707521 0.447547 66.165293 1.718860 451.877044 1.802380
143 -2.155717 0.712777 72.366534 1.726680 468.883566 0.698773
143 -3.186338 0.255837 70.377925 2.058675 440.027555 2.760015
143 -1.902133 0.425074 -85.573422 3.714085 485.406364 0.191604
143 -3.688045 0.364556 76.708684 2.092044 428.963832 3.763428
143 -1.921102 0.538212 87.655010 2.564973 443.152969 0.229542
144 -1.847407 0.544271 87.745003 2.666959 449.512534 0.082153
144 -2.608537 0.498704 68.131633 2.890612 494.622218 1.604412
144 -2.272790 0.686012 82.706068 1.516005 416.044748 0.932917
144 -2.253478 0.738733 -81.348175 4.096754 486.170756 0.894295
144 -2.376540 0.390810 68.839273 2.206260 466.502787 1.140419
144 -2.373749 0.738081 65.105468 1.657455 496.099766 1.134836
144 -3.912308 0.295657 74.269672 1.884461 423.473190 4.211954
144 -1.832355 0.548658 72.780471 2.292030 475.170193 0.052048
144 -1.939169 0.474391 -89.228713 3.114011 468.029366 0.265676
144 -1.841658 0.372515 80.334197 3.266147 489.250100 0.070653
145 -1.935422 0.572467 79.218806 1.808644 436.511246 0.258183
145 -2.496422 0.567541 82.679753 3.582132 495.075546 1.380182
145 -2.660421 0.685933 81.455290 1.220762 403.095815 1.708181
145 -1.947509 0.738641 -82.863413 3.601697 466.501110 0.282356
145 -3.036404 0.417324 -79.634395 2.663166 437.251992 2.460145
145 -2.263070 0.755234 67.020466 1.387160 489.820807 0.913479
145 -3.070826 0.372322 77.585224 2.703663 481.309335 2.528991
145 -2.984661 0.641441 83.085773 3.416711 482.485515 2.356660
145 -1.940780 0.616598 -82.510262 2.589648 430.484041 0.268899
145 -2.413377 0.304265 87.709374 3.443466 492.932518 1.214092
146 -2.035833 0.724459 86.885820 2.688294 470.563069 0.459005
146 -2.400197 0.676154 83.049056 0.997364 394.787020 1.187732
146 -2.957106 0.778137 -83.804908 0.753475 380.952258 2.301550
146 -2.636359 0.727464 -81.809786 4.160779 494.432211 1.660056
146 -2.990234 0.421810 -80.308012 2.481237 431.344184 2.367806
146 -1.976538 0.760541 74.397571 1.599060 477.840024 0.340414
146 -2.331176 0.726013 86.088800 2.698319 484.395243 1.049691
146 -3.389629 0.616921 -88.634554 3.488358 497.262444 3.166597
146 -2.169731 0.661031 88.548975 1.915614 413.675473 0.726801
146 -3.487525 0.289138 69.301860 3.471032 498.916264 3.362387
147 -2.141134 0.636442 86.931369 2.720666 470.319584 0.669607
147 -2.689982 0.771414 -87.046528 0.437974 370.262613 1.767303
147 -2.533941 0.777625 84.957618 1.107335 400.960560 1.455221
147 -1.920557 0.572374 84.078195 2.518705 451.048927 0.228452
147 -3.293441 0.419040 -80.087570 2.491421 434.426935 2.974220
147 -2.634848 0.785063 78.054377 1.058129 457.635634 1.657034
147 -1.998063 0.426495 -84.411490 3.373845 468.453410 0.383464
147 -2.938035 0.590783 86.353013 0.641839 371.699763 2.263408
147 -2.083789 0.798725 -85.358241 0.998133 384.875614 0.554916
147 -1.998356 0.304770 83.918534 3.572031 493.534193 0.384051
148 -2.605395 0.767652 -86.379137 1.711669 392.692947 1.598129
148 -2.723231 0.775367 -86.852980 0.104245 352.588837 1.833799
148 -2.871516 0.714176 78.435707 0.511506 399.669804 2.130370
148 -1.887275 0.634929 77.253138 2.279470 476.657471 0.161889
148 -2.947494 0.538663 59.501752 1.306094 445.974564 2.282326
148 -5.282618 0.608399 53.541331 0.680435 424.070257 6.952574
148 -1.857747 0.459713 82.913378 2.878517 467.138631 0.102831
148 -3.144683 0.527413 -79.553289 1.802300 400.268844 2.676704
148 -3.852327 0.623321 85.568045 0.264872 347.697669 4.091992
148 -2.418959 0.746937 71.888009 1.121558 452.813451 1.225256
149 -2.286216 0.782012 85.980351 0.773289 395.240402 0.959771
149 -2.926412 0.721743 87.360881 0.294392 370.497320 2.240162
149 -1.928269 0.543864 87.070045 2.053865 425.764180 0.243876
149 -2.003170 0.669966 -83.681348 2.131175 417.945068 0.393678
149 -1.853227 0.545428 70.297943 2.358903 481.727398 0.093792
149 -3.436930 0.571191 66.363628 0.871312 421.782240 3.261198
149 -1.871742 0.414940 86.866728 3.386571 484.816013 0.130822
149 -2.062691 0.637575 82.401138 1.801029 443.822058 0.512721
149 -3.528770 0.634594 -87.993184 0.184867 346.838346 3.444879
149 -2.944848 0.771491 78.851126 0.910144 444.516755 2.277035
150 -3.484836 0.746649 82.399001 1.644996 414.264094 3.357011
150 -2.384363 0.788709 85.193653 2.419211 458.871938 1.156063
150 -1.951269 0.600337 -86.715053 2.221721 419.067830 0.289876
150 -2.010063 0.717153 -85.935380 1.417227 392.630521 0.407464
150 -3.531980 0.335038 68.378392 3.307454 493.930929 3.451299
150 -3.893787 0.681018 71.757161 1.543895 434.459275 4.174913
150 -2.566855 0.387906 77.820564 2.110347 434.255420 1.521048
150 -2.335286 0.538211 75.836450 1.358241 420.468539 1.057911
150 -4.877928 0.742571 86.656781 3.705273 468.637422 6.143195
150 -1.932034 0.565038 -89.441539 3.251467 471.826296 0.251406
151 -1.889170 0.697276 86.346123 1.818354 426.751148 0.165677
151 -2.129655 0.690608 -87.741040 3.302848 474.390854 0.646649
151 -2.416227 0.453115 82.033535 1.912972 421.382013 1.219793
151 -2.403789 0.780803 84.708798 2.590156 467.745035 1.194915
151 -3.257685 0.342200 58.450798 3.023000 497.893275 2.902709
151 -1.931285 0.332921 86.177296 3.110977 473.788551 0.249909
151 -2.217745 0.244570 63.498910 2.929214 487.816277 0.822829
151 -2.765356 0.785114 71.315769 1.887436 492.927081 1.918049
151 -4.278607 0.351533 -88.501426 1.913744 423.402370 4.944552
151 -2.727502 0.795048 -89.952150 0.791911 371.545956 1.842343
152 -2.615451 0.625048 86.929291 2.098727 418.325004 1.618240
152 -2.221808 0.618200 -86.208366 3.266643 471.061074 0.830955
152 -2.310355 0.493552 79.091055 1.623559 417.800342 1.008049
152 -2.317931 0.766829 74.791282 1.089560 451.384884 1.023200
152 -2.837001 0.348178 69.049061 2.726434 470.787725 2.061340
152 -2.887582 0.478572 85.762227 3.865368 491.130698 2.162503
152 -3.375720 0.182843 63.419710 2.783926 478.418301 3.138779
152 -2.014998 0.635036 76.774993 2.340344 485.575425 0.417335
152 -2.305145 0.302087 86.123392 2.806146 458.637112 0.997627
152 -2.553789 0.701332 -88.399193 1.265846 380.120281 1.494917
153 -1.882045 0.603960 -87.064885 2.394481 432.973814 0.151427
153 -2.098432 0.687947 -89.133951 3.030459 469.643895 0.584203
153 -2.114746 0.763397 -83.518640 2.697595 426.856389 0.616830
153 -3.070979 0.457634 85.297408 1.637532 419.831611 2.529297
153 -3.482323 0.681713 -76.736971 3.989605 482.767299 3.351984
153 -3.960389 0.482352 81.520041 3.246248 467.499959 4.308116
153 -3.235552 0.249905 53.002748 2.502783 476.218804 2.858443
153 -1.995798 0.659024 83.449962 2.647066 467.066257 0.378935
153 -2.717579 0.392685 -87.467557 3.048763 455.162176 1.822496
153 -2.157443 0.746159 -80.175751 1.649760 393.746839 0.702225
154 -1.860829 0.611554 88.083704 2.628045 454.554841 0.108996
154 -1.858500 0.563320 83.262174 2.615066 464.236520 0.104339
154 -2.908263 0.572355 -79.740890 2.518026 432.164740 2.203864
154 -4.156888 0.685375 85.355962 2.587081 432.008660 4.701114
154 -3.339239 0.599115 79.435230 2.899317 464.710459 3.065816
154 -2.034679 0.762243 88.779665 2.509650 465.195068 0.456696
154 -2.784587 0.729135 74.228620 2.276375 481.425767 1.956512
154 -2.999381 0.756404 -87.876553 2.682017 475.609215 2.386101
154 -1.911835 0.413970 88.683821 2.825837 455.571538 0.211008
154 -2.927937 0.737355 -78.347325 1.273144 381.849511 2.243212
155 -2.592127 0.545585 81.182456 3.176841 476.552117 1.571592
155 -2.050433 0.486134 84.071858 1.911280 426.815923 0.488205
155 -1.847021 0.634708 82.193173 2.271522 455.407540 0.081381
155 -2.182225 0.740230 78.185160 1.176040 439.038943 0.751788
155 -1.944333 0.645691 86.695546 2.782281 461.593699 0.276005
155 -2.330074 0.746980 -87.733814 2.832349 468.657173 1.047486
155 -3.236249 0.708754 -77.935807 2.245017 421.266203 2.859836
155 -2.730325 0.761662 -88.263224 2.197956 457.346075 1.847988
155 -2.053536 0.381756 -85.350061 3.311801 471.005515 0.494410
155 -3.414501 0.792139 89.058878 1.304225 384.241523 3.216340
156 -2.883491 0.548766 86.962695 2.997542 484.673649 2.154321
156 -1.989150 0.382935 88.939593 3.896496 497.905683 0.365639
156 -1.935205 0.642575 86.212344 2.108761 444.576742 0.257747
156 -2.336334 0.691419 81.053327 1.528964 447.375184 1.060006
156 -3.139344 0.757618 63.924362 0.931376 465.952889 2.666026
156 -2.326210 0.683180 79.370819 2.862933 492.999292 1.039759
156 -3.468716 0.633194 85.194545 1.812430 404.780196 3.324770
156 -2.721016 0.718464 78.514336 0.771257 400.991499 1.829370
156 -2.375907 0.398047 -86.958430 2.511751 436.133105 1.139153
156 -3.820638 0.790220 -89.946178 1.594881 388.830456 4.028614
157 -2.499072 0.634662 -86.977947 2.776465 459.551104 1.385482
157 -2.263604 0.396525 86.521859 3.329414 489.271982 0.914546
157 -2.999726 0.620883 76.694043 1.827360 470.357960 2.386790
157 -2.968717 0.716022 77.485471 1.518448 471.916945 2.324773
157 -2.883585 0.625695 89.856715 1.560882 390.215111 2.154509
157 -2.242567 0.730902 77.178687 1.424386 440.608603 0.872472
157 -3.055606 0.653595 79.452553 2.220896 442.021923 2.498551
157 -4.647222 0.698403 84.780880 2.046901 409.835047 5.681782
157 -2.865056 0.751729 80.386148 2.315729 459.760389 2.117451
157 -1.834394 0.512525 76.140585 2.441960 470.759433 0.056126
158 -2.952168 0.622689 -87.459130 2.382697 416.567645 2.291674
158 -1.844832 0.667463 84.051628 2.080890 448.382640 0.077003
158 -2.277568 0.604599 79.381477 3.062014 490.666121 0.942475
158 -2.109815 0.483215 64.799043 2.159078 470.354924 0.606968
158 -2.226311 0.718903 76.383040 2.293461 481.321269 0.839960
158 -1.985253 0.691275 80.071109 1.499175 438.426409 0.357845
158 -2.018307 0.774406 -83.005505 1.853223 398.272978 0.423953
158 -2.174924 0.795801 87.739883 1.015719 398.965879 0.737187
158 -1.951173 0.711839 -86.221435 2.947664 455.907386 0.289685
158 -2.781618 0.600727 77.032954 2.118314 442.726307 1.950575
159 -2.791011 0.644218 72.004669 1.258286 426.806188 1.969360
159 -3.886456 0.666492 -89.395758 1.868017 395.022242 4.160250
159 -4.503378 0.688706 -78.817016 0.746644 367.467144 5.394095
159 -2.835960 0.470068 60.973402 2.234686 472.548492 2.059259
159 -2.055438 0.641442 85.532529 1.724764 416.098671 0.498215
159 -3.321577 0.612832 76.806415 1.446277 411.582917 3.030492
159 -2.944805 0.785749 -79.523561 1.860231 414.899287 2.276949
159 -1.920060 0.741862 -87.612369 1.670960 413.571880 0.227458
159 -2.786314 0.707308 70.953409 1.244711 467.766753 1.959967
159 -1.955859 0.680208 -86.761280 2.276160 433.147410 0.299057
160 -2.538183 0.505055 75.401031 1.310449 412.144030 1.463705
160 -1.947953 0.788045 85.180207 1.823653 445.217047 0.283244
160 -2.199670 0.725711 69.203049 1.421571 480.276509 0.786678
160 -4.263691 0.468031 52.550621 1.331254 438.639969 4.914720
160 -2.106595 0.721176 81.264420 2.410090 487.792748 0.600528
160 -4.004668 0.772874 60.184545 0.922332 472.884399 4.396675
160 -2.871149 0.707202 -76.552770 2.018085 405.186110 2.129635
160 -2.229329 0.776815 88.043278 1.647148 444.232398 0.845997
160 -3.999016 0.780747 -89.422583 0.989474 421.987503 4.385370
160 -3.455947 0.409072 71.602862 1.292233 417.695878 3.299232
161 -6.587746 0.442628 82.267734 2.592447 486.438206 9.562830
161 -2.677128 0.759885 -88.667061 2.079633 453.338866 1.741594
161 -2.080500 0.796186 74.167211 1.428747 482.763655 0.548338
161 -3.792076 0.606083 -83.715795 1.541506 405.878369 3.971490
161 -6.469684 0.754648 68.700156 2.262252 474.952057 9.326706
161 -3.509479 0.684232 59.705926 1.007715 467.613993 3.406296
161 -6.367803 0.649094 -75.337108 1.606017 401.156887 9.122945
161 -1.914227 0.776172 88.778586 1.469257 417.234168 0.215792
161 -1.949223 0.750358 89.993925 1.624867 410.184591 0.285783
161 -3.278278 0.548411 -86.796219 2.859299 465.796054 2.943895
162 -2.276157 0.430253 71.626342 2.897989 483.210918 0.939651
162 -1.951722 0.756667 87.265759 2.333999 461.399379 0.290783
162 -2.523080 0.660483 84.289148 0.761169 385.641627 1.433499
162 -3.209034 0.499578 66.415388 1.030133 413.126329 2.805406
162 -1.989848 0.501085 -85.245203 3.900871 490.702989 0.367034
162 -4.224983 0.560484 80.128019 1.707248 405.794472 4.837305
162 -3.035530 0.555475 -79.664227 1.819897 401.771042 2.458399
162 -3.252894 0.792615 79.548308 0.327264 412.913439 2.893126
162 -3.635518 0.597740 68.434227 2.138628 460.711202 3.658374
162 -4.886274 0.629774 77.294199 3.657754 494.921582 6.159887
163 -5.888430 0.591153 85.626988 4.353143 493.387782 8.164199
163 -4.785519 0.340739 53.955151 1.429090 426.545491 5.958376
163 -2.297516 0.421283 77.510492 1.976942 442.433006 0.982371
163 -2.020235 0.472063 -83.509451 3.018032 452.246760 0.427809
163 -3.239425 0.719333 -84.717177 0.439780 362.451466 2.866189
163 -3.740883 0.789098 85.880138 0.997836 440.001270 3.869105
163 -1.847377 0.538456 86.122255 2.277947 440.360167 0.082092
163 -2.950363 0.631041 85.617298 0.493473 370.297609 2.288064
163 -1.942455 0.505754 83.023650 2.023599 434.964970 0.272249
163 -2.374930 0.608505 -74.668476 4.365397 487.584904 1.137199
164 -3.631363 0.598223 79.330499 1.126033 389.543985 3.650065
164 -2.363492 0.513587 81.729128 2.273166 437.061577 1.114322
164 -1.872890 0.466616 63.071586 2.409156 488.103300 0.133119
164 -2.503891 0.633178 -80.524452 3.736401 477.026772 1.395121
164 -2.467726 0.678636 -78.133527 1.864972 394.985693 1.322791
164 -2.424320 0.765333 75.666655 1.648828 461.005574 1.235979
164 -1.883934 0.323484 76.887004 3.038091 485.125956 0.155207
164 -2.448735 0.555439 -88.222636 1.631568 407.144419 1.284809
164 -3.055581 0.642209 80.494947 0.477295 382.440887 2.498500
164 -2.783207 0.581996 -84.310944 3.597716 484.316539 1.953753
165 -3.083674 0.638293 72.200440 1.732254 481.111795 2.554686
165 -1.870693 0.694008 89.836691 2.100027 434.966784 0.128724
165 -2.061021 0.517645 63.321855 1.968586 471.265328 0.509381
165 -2.430576 0.376030 80.216980 2.708269 473.416749 1.248491
165 -1.959562 0.556344 -84.501049 2.804698 445.043273 0.306463
165 -2.216406 0.427819 82.576642 2.245876 435.682885 0.820151
165 -1.932132 0.289416 78.066999 3.188073 489.549622 0.251602
165 -3.583752 0.766412 -86.313446 0.525543 381.556081 3.554843
165 -2.231463 0.605357 82.078845 1.339768 407.209427 0.850264
165 -2.585456 0.631729 -82.405849 4.043313 492.681862 1.558250
166 -2.081002 0.772744 73.201644 1.439069 477.893070 0.549342
166 -2.006977 0.757220 -85.580966 1.786779 400.870750 0.401292
166 -2.597210 0.749470 69.039672 2.012717 498.679746 1.581759
166 -4.257668 0.623968 64.783028 0.442522 408.840490 4.902675
166 -2.048004 0.502665 73.821220 1.892328 450.549182 0.483346
166 -3.373381 0.653900 -72.108924 2.947508 433.425711 3.134101
166 -3.654622 0.289731 68.795768 3.261033 489.582463 3.696583
166 -2.397685 0.709089 81.931211 2.203259 482.572402 1.182708
166 -2.395690 0.602068 85.226803 1.445350 399.675122 1.178718
166 -2.042032 0.674635 -83.143085 4.012319 484.019660 0.471402
167 -2.064458 0.782526 85.621053 2.178476 453.052802 0.516255
167 -2.604585 0.696781 -89.661134 3.011965 480.974290 1.596509
167 -1.982820 0.785228 76.900838 1.553740 478.171911 0.352978
167 -1.899578 0.734040 87.681668 2.242511 452.546124 0.186493
167 -4.005472 0.442125 69.177476 2.002742 436.809961 4.398282
167 -2.407575 0.694193 -82.494075 4.234969 479.135184 1.202488
167 -3.176044 0.292307 75.082496 2.835738 484.871310 2.739425
167 -2.791610 0.562920 84.214915 3.844312 495.937054 1.970558
167 -3.626006 0.510385 70.497188 0.756308 399.888744 3.639350
167 -2.109507 0.779926 -84.505305 3.390587 456.206990 0.606353
168 -3.218269 0.685076 73.256916 0.709435 403.179449 2.823877
168 -3.653797 0.609133 -89.172820 2.582928 423.856589 3.694932
168 -3.179301 0.715017 73.889502 1.256356 467.270691 2.745940
168 -3.332969 0.768137 -85.705663 2.208965 454.996862 3.053277
168 -3.925837 0.429564 64.754679 1.683721 430.553818 4.239012
168 -1.865211 0.668899 87.793017 1.825006 423.917158 0.117760
168 -2.693384 0.270761 63.940803 3.243041 498.367237 1.774106
168 -2.640835 0.767354 79.311818 0.606017 413.056699 1.669008
168 -3.331534 0.596499 88.069674 1.136781 402.007289 3.050406
168 -2.122528 0.776445 -81.100238 3.611936 468.916134 0.632395
169 -2.319172 0.616802 -82.468720 1.690450 395.954326 1.025682
169 -2.777900 0.740305 84.778160 1.099538 392.213746 1.943139
169 -4.144531 0.647516 52.676483 0.961744 457.786312 4.676401
169 -1.901915 0.566875 86.768009 2.453314 451.295969 0.191169
169 -3.177339 0.526198 78.221174 0.705235 382.348397 2.742016
169 -2.156106 0.538478 67.373154 2.604925 493.513529 0.699550
169 -2.015705 0.567135 -84.001665 4.193991 495.728607 0.418749
169 -3.051323 0.712508 87.549124 4.009111 493.360829 2.489985
169 -2.188179 0.782647 -81.877333 2.323195 431.064126 0.763696
169 -2.821725 0.744732 -89.920224 0.067640 351.783984 2.030789
170 -1.971651 0.607126 -85.387361 2.115378 413.728452 0.330640
170 -2.008305 0.775300 -80.365242 4.010370 476.272247 0.403948
170 -3.090887 0.690088 61.858832 1.330444 489.748351 2.569112
170 -2.551313 0.619460 -79.665688 2.455849 426.736065 1.489964
170 -3.062044 0.520033 86.159589 0.968524 386.055606 2.511426
170 -1.892511 0.593188 68.890817 2.010316 480.364213 0.172361
170 -2.216877 0.668356 -86.173213 3.437186 458.912132 0.821092
170 -2.047232 0.784170 81.256458 1.698528 453.225656 0.481803
170 -4.038096 0.791357 85.744427 2.421537 432.933501 4.463531
170 -2.831408 0.551188 80.897785 2.330199 472.466672 2.050154
171 -1.941841 0.616518 77.740543 1.799147 442.829167 0.271021
171 -5.234610 0.496572 -86.396705 0.345053 348.273985 6.856559
171 -2.106961 0.418284 -87.683304 2.628147 444.448431 0.601261
171 -2.139887 0.533416 -82.613495 2.438285 425.731456 0.667112
171 -2.206804 0.415703 64.805025 1.982313 457.062028 0.800947
171 -6.126133 0.482763 -84.317330 2.944263 474.157871 8.639604
171 -1.964283 0.489289 67.518580 2.155439 475.333838 0.315904
171 -1.921848 0.796283 88.764844 2.230387 452.667325 0.231034
171 -4.297531 0.789576 86.566616 2.226070 419.666994 4.982399
171 -2.111734 0.542130 71.483574 2.388514 472.617931 0.610807
172 -2.904173 0.689317 -88.358473 2.775105 471.901785 2.195685
172 -5.688755 0.535064 83.663340 0.274898 343.008518 7.764849
172 -2.046475 0.660387 80.670729 1.642381 429.551105 0.480289
172 -2.200229 0.621511 71.337827 1.922079 461.170574 0.787797
172 -2.060732 0.786447 77.619762 1.982656 485.063477 0.508802
172 -4.670337 0.472297 -69.974729 3.828029 478.046372 5.728012
172 -2.072062 0.477821 60.043800 2.104508 483.267804 0.531463
172 -1.899598 0.799683 -86.441516 2.054082 432.823574 0.186534
172 -1.960931 0.753695 -86.715653 2.455420 429.405928 0.309200
172 -4.302836 0.571855 -76.705886 3.578764 474.662302 4.993009
173 -3.454917 0.380214 58.620844 2.166675 460.362780 3.297173
173 -5.844421 0.561825 80.454583 0.743517 361.742235 8.076181
173 -2.287805 0.563314 76.125452 1.968691 441.193605 0.962949
173 -2.395363 0.443491 -80.821978 3.161237 459.429003 1.178064
173 -2.644251 0.734718 77.429961 2.703349 495.390853 1.675840
173 -2.585214 0.514565 -80.973262 3.683667 480.369739 1.557765
173 -2.268471 0.435961 60.574852 2.094958 476.572130 0.924280
173 -4.569725 0.671058 82.644205 1.437633 451.552866 5.526788
173 -2.203158 0.774544 -86.319579 2.934494 442.758667 0.793653
173 -2.220689 0.397938 -88.767625 2.478578 437.679964 0.828716
174 -3.169551 0.408763 64.922693 2.344427 461.896030 2.726440
174 -4.112265 0.560115 -80.966200 0.889493 366.279328 4.611868
174 -2.839847 0.482852 60.203798 1.923946 461.429250 2.067033
174 -2.227066 0.480953 -87.081627 2.506818 441.241579 0.841470
174 -3.416431 0.795903 79.814034 2.919057 496.106624 3.220200
174 -3.673856 0.652641 83.685787 2.478550 491.043034 3.735050
174 -2.497335 0.300694 51.377705 2.689529 494.993345 1.382008
174 -2.233565 0.653441 67.034845 1.677048 469.305505 0.854469
174 -2.413093 0.746605 -87.299031 2.780594 435.261748 1.213524
174 -1.861435 0.520740 85.930195 2.898614 463.278539 0.110208
175 -2.326535 0.425076 78.997713 2.173450 451.477041 1.040408
175 -5.143082 0.447924 84.832110 0.282051 354.753726 6.673503
175 -2.010287 0.590944 76.557327 1.684829 437.744232 0.407913
175 -1.836304 0.660160 -84.412500 2.901011 442.914498 0.059947
175 -1.839472 0.710731 89.449356 2.295068 440.135433 0.066282
175 -2.624355 0.662597 87.713609 3.583646 478.429255 1.636049
175 -3.232355 0.250805 51.956765 2.823248 488.811147 2.852048
175 -2.437343 0.640005 64.605713 1.940863 482.191063 1.262025
175 -2.056005 0.747785 77.105827 1.590837 456.782177 0.499349
175 -2.143942 0.416955 -83.822567 3.045162 456.425565 0.675223
176 -5.468004 0.240032 61.551386 1.630561 427.878686 7.323346
176 -4.802297 0.536620 72.423678 0.118554 368.250785 5.991931
176 -3.626097 0.272433 -86.814044 2.912135 457.587319 3.639533
176 -2.068037 0.766499 -88.093673 1.706947 425.640609 0.523411
176 -3.659127 0.351154 -85.972932 2.329466 437.867300 3.705593
176 -1.822462 0.755001 -85.571557 2.266715 424.875749 0.032261
176 -2.139444 0.333366 61.715499 2.470614 478.733067 0.666226
176 -1.989108 0.554987 84.541390 3.103836 475.823372 0.365554
176 -2.803577 0.730791 72.209359 0.936149 448.563157 1.994492
176 -2.190691 0.745998 67.422739 1.493731 497.997289 0.768721
177 -2.460554 0.679010 87.865031 3.587173 483.039609 1.308446
177 -5.066591 0.585312 -77.790088 0.789501 362.064700 6.520520
177 -2.589451 0.422694 84.437340 2.726485 449.269576 1.566240
177 -1.837816 0.756412 -82.206751 2.757552 432.657133 0.062971
177 -5.247705 0.181226 59.049711 2.206883 448.328702 6.882749
177 -1.931265 0.713915 82.235213 1.867499 456.543022 0.249868
177 -2.091695 0.302584 65.275320 2.630683 479.216208 0.570728
177 -2.629859 0.451128 88.225815 3.263928 486.982663 1.647056
177 -2.369869 0.750359 66.065686 1.661523 497.270484 1.127077
177 -2.186669 0.637796 -85.602687 3.750252 470.640582 0.760677
178 -1.962569 0.619416 -88.019575 3.431838 470.322657 0.312477
178 -4.124972 0.732240 80.165617 0.564559 373.246074 4.637283
178 -2.465859 0.440162 -85.237479 2.229280 422.122714 1.319056
178 -1.907918 0.789172 -85.637403 1.675996 402.483109 0.203174
178 -5.835741 0.186306 54.790009 2.282080 452.623426 8.058819
178 -2.522006 0.669120 -89.176585 0.767328 372.605548 1.431351
178 -2.047834 0.376719 75.746688 2.276236 453.329933 0.483006
178 -2.295897 0.427657 -83.803906 3.886901 494.711036 0.979133
178 -2.129953 0.620705 65.443653 1.661735 476.155584 0.647244
178 -4.629574 0.664108 89.130243 3.350217 450.791724 5.646486
179 -2.339950 0.640274 -81.393671 3.974897 471.808801 1.067239
179 -2.052164 0.599613 87.848283 1.773292 421.687095 0.491666
179 -2.838372 0.738793 89.208516 2.882054 488.720779 2.064082
179 -2.009456 0.778944 -89.128374 1.534362 405.007563 0.406250
179 -4.570957 0.184444 62.348271 2.367494 459.184569 5.529253
179 -2.240882 0.577710 -80.539176 2.708130 429.308098 0.869102
179 -3.201161 0.416566 56.323693 1.735142 459.120108 2.789660
179 -1.981152 0.422800 -88.635330 3.868426 498.323985 0.349643
179 -2.119760 0.634989 89.025385 1.797520 424.549380 0.626859
179 -2.299470 0.727870 -85.831763 4.022769 479.658954 0.986279
180 -1.924121 0.700225 -80.797114 3.977191 473.880567 0.235579
180 -1.906439 0.781886 -79.228746 3.024903 435.108937 0.200217
180 -2.326042 0.749393 86.695531 2.947867 488.959627 1.039423
180 -2.324245 0.636639 87.463633 1.281117 391.304344 1.035828
180 -2.606175 0.422224 80.634660 2.030643 443.073438 1.599689
180 -2.504933 0.570348 -78.720654 3.005445 446.704672 1.397204
180 -3.534260 0.442616 53.169371 1.598744 450.342702 3.455859
180 -2.245978 0.653795 86.838032 3.221031 486.732014 0.879294
180 -1.909537 0.516682 84.609125 3.061267 473.218246 0.206412
180 -1.888010 0.732852 -83.922357 3.128385 449.079498 0.163359
181 -4.728519 0.598204 -81.347557 2.948700 464.273279 5.844377
181 -2.359969 0.379452 77.056256 2.570979 455.866597 1.107276
181 -2.810389 0.752332 80.961892 2.709414 477.652167 2.008116
181 -2.743313 0.634219 85.819664 0.621824 371.073246 1.873964
181 -1.990721 0.524667 89.433347 3.051255 458.045357 0.368780
181 -2.105943 0.530225 -89.845005 1.969057 421.448567 0.599224
181 -1.841768 0.482160 75.364187 2.676310 478.373453 0.070874
181 -1.842458 0.588598 85.533952 2.271219 445.612852 0.072254
181 -2.220003 0.551728 83.458410 2.743055 455.809810 0.827345
181 -2.190687 0.798100 -79.182015 2.872195 441.850454 0.768712
182 -3.212927 0.398670 43.421096 2.455976 498.670441 2.813193
182 -2.987582 0.372978 53.240539 2.016293 464.105455 2.362502
182 -3.013434 0.763498 89.348792 3.182226 456.132307 2.414206
182 -2.679337 0.611151 84.834160 0.820696 377.809425 1.746011
182 -1.833073 0.627646 -89.494545 2.474147 441.805778 0.053484
182 -2.472033 0.604487 -82.859902 2.994121 455.526038 1.331404
182 -2.094244 0.730849 78.998446 2.479331 495.022112 0.575826
182 -2.078532 0.627600 87.064554 2.178183 427.913385 0.544402
182 -1.998328 0.618948 87.074989 2.458196 440.475603 0.383994
182 -1.932855 0.630593 -85.797498 2.050561 415.804494 0.253047
183 -2.094605 0.459192 55.232816 2.229439 489.672374 0.576549
183 -2.007210 0.416070 62.586975 2.286440 475.167683 0.401758
183 -2.543939 0.681220 81.927491 2.611144 460.285126 1.475217
183 -3.251866 0.600893 73.332191 0.660693 401.541783 2.891071
183 -2.169844 0.723330 84.268162 1.155854 406.168738 0.727026
183 -1.824677 0.540380 -89.971381 2.723503 449.331905 0.036691
183 -3.460136 0.729898 80.532921 1.676683 478.863375 3.307610
183 -2.954387 0.531190 -79.300809 2.654132 437.373086 2.296113
183 -2.409535 0.600154 -83.087977 2.121070 406.990166 1.206408
183 -2.684799 0.594993 -89.341964 2.028219 407.925355 1.756936
184 -2.023543 0.366187 81.173549 2.532228 452.792798 0.434425
184 -2.828365 0.766265 -81.890476 3.015619 462.619504 2.044069
184 -1.865413 0.680021 -81.824537 2.705819 431.076401 0.118164
184 -2.464969 0.473957 68.922899 1.507009 433.352850 1.317276
184 -3.011323 0.601149 78.477989 0.919192 408.110142 2.409985
184 -2.535728 0.495993 -87.432076 2.008716 422.082880 1.458794
184 -2.460382 0.559950 79.946976 2.938523 471.779793 1.308102
184 -1.934875 0.731486 74.421290 1.851657 479.194147 0.257088
184 -2.228900 0.713900 -87.323746 1.420249 405.069638 0.845138
184 -2.132576 0.687436 -89.023190 1.549854 396.411518 0.652491
185 -1.876982 0.473529 79.694710 2.243675 449.527437 0.141303
185 -2.397474 0.782759 85.180674 1.541493 419.439126 1.182287
185 -2.405723 0.736872 -78.203238 3.350090 455.714157 1.198784
185 -5.797002 0.504259 69.618312 1.445950 407.653267 7.981343
185 -2.818289 0.422770 -89.352241 3.041197 453.748115 2.023916
185 -2.348612 0.749634 84.709412 2.976472 491.705888 1.084562
185 -1.907888 0.551355 -85.386104 3.127923 458.965716 0.203114
185 -2.125164 0.707359 84.028977 2.512613 479.128761 0.637667
185 -2.409369 0.629019 62.861979 1.523979 477.648882 1.206076
185 -1.940663 0.366451 71.597555 2.679992 473.760513 0.268664
186 -3.523716 0.382086 66.551699 2.057156 443.030678 3.434770
186 -2.037729 0.788976 87.926299 1.571087 418.806541 0.462796
186 -3.781412 0.405264 72.151750 1.532976 432.763632 3.950163
186 -2.682601 0.456397 67.908515 1.439256 431.287004 1.752540
186 -1.854257 0.516224 79.007157 2.555578 464.862186 0.095853
186 -4.145360 0.488583 -71.486911 4.319084 496.925616 4.678058
186 -3.293189 0.769856 72.678714 2.291371 494.300353 2.973717
186 -2.145247 0.698267 -88.925919 3.323797 477.471813 0.677832
186 -3.834907 0.794335 80.871525 1.516414 493.324528 4.057152
186 -2.884542 0.479016 52.628114 2.050332 480.479400 2.156422
187 -4.074661 0.689035 -75.018236 2.798487 438.548584 4.536660
187 -3.088396 0.796735 86.730034 1.333719 397.289082 2.564131
187 -2.569209 0.343680 -82.680819 3.182175 464.978565 1.525757
187 -2.230950 0.427729 -88.061473 2.927130 450.919307 0.849238
187 -2.271631 0.697987 76.141415 1.423402 437.102312 0.930601
187 -1.992885 0.700494 -81.990769 4.297040 487.436021 0.373109
187 -2.254988 0.650956 77.550253 2.293402 488.843820 0.897315
187 -2.104219 0.734005 78.337401 2.274604 498.238850 0.595777
187 -2.564322 0.730818 88.398508 1.769053 406.887558 1.515983
187 -2.382458 0.493457 55.994470 1.977134 478.095624 1.152254
188 -2.203255 0.696907 83.136638 2.771303 474.214565 0.793847
188 -2.297342 0.672326 77.675613 1.525430 452.868090 0.982023
188 -3.548815 0.768910 84.749158 1.023417 437.826161 3.484969
188 -2.086383 0.424571 -86.671057 2.795937 447.110641 0.560104
188 -2.049123 0.628158 70.941903 1.801439 461.571478 0.485584
188 -2.545115 0.672780 -86.803992 4.374435 492.444333 1.477568
188 -1.837300 0.582810 83.293957 2.438098 454.322099 0.061938
188 -2.079210 0.502565 -88.497317 2.107481 420.013778 0.545758
188 -1.875370 0.729570 88.981672 2.088820 431.757139 0.138078
188 -3.377594 0.490284 54.316557 2.003732 473.765452 3.142527
189 -2.364741 0.671073 83.889471 2.830913 465.017066 1.116821
189 -2.920568 0.739706 64.756053 1.545773 484.369777 2.228474
189 -2.121443 0.490574 -84.376993 4.105208 499.260262 0.630225
189 -1.899546 0.677364 81.800324 2.350044 466.872176 0.186430
189 -2.232108 0.723490 69.590551 1.358721 468.123868 0.851555
189 -2.594978 0.473781 78.613529 2.703513 485.317649 1.577295
189 -2.784343 0.506369 69.175771 1.457707 441.396960 1.956025
189 -2.443399 0.542021 73.855690 2.567748 470.161920 1.274137
189 -1.818203 0.742898 -86.084619 2.189246 423.992627 0.023744
189 -2.156946 0.609606 85.336919 3.184340 476.101661 0.701230
190 -2.170129 0.743950 75.013742 1.741742 467.209978 0.727597
190 -3.123614 0.651685 60.343625 1.300994 478.007299 2.634566
190 -2.054364 0.474369 85.190541 3.605433 491.762648 0.496067
190 -3.314840 0.778213 81.700290 2.975505 483.875072 3.017019
190 -2.020391 0.516186 -82.202967 3.088998 452.838262 0.428121
190 -2.254134 0.716809 88.452487 2.221125 427.634080 0.895605
190 -2.072289 0.543783 75.056849 2.252107 457.750809 0.531916
190 -2.632317 0.637704 87.290420 1.590810 426.687854 1.651972
190 -2.046903 0.762378 -85.446873 1.874811 421.743293 0.481144
190 -4.043110 0.539748 64.047747 1.926694 452.244599 4.473558
191 -2.209855 0.772119 70.950354 1.414974 480.323334 0.807049
191 -3.704965 0.537051 56.581272 1.457595 449.427753 3.797268
191 -4.301548 0.777645 86.719576 0.320150 350.002393 4.990434
191 -2.029336 0.701856 -86.126464 3.537598 473.149474 0.446010
191 -2.210486 0.565629 88.440519 2.838031 448.073287 0.808309
191 -4.220981 0.485212 85.498408 4.198158 498.073331 4.829300
191 -2.008748 0.547653 76.376605 2.437120 464.455283 0.404834
191 -1.926965 0.666838 86.754236 1.864858 422.736331 0.241267
191 -1.970730 0.685850 89.559584 1.939351 431.534871 0.328799
191 -2.087706 0.749893 -88.935360 1.499903 398.283427 0.562751
192 -2.551942 0.555960 77.296071 2.644116 464.188822 1.491223
192 -2.639433 0.583122 78.235333 1.143136 415.679966 1.666204
192 -2.066802 0.342055 60.847623 2.514880 480.483404 0.520943
192 -5.473598 0.507342 -74.475375 2.848231 446.709169 7.334534
192 -4.392074 0.624657 81.880247 1.272825 434.573779 5.171486
192 -2.557209 0.546815 89.791955 4.047100 491.037994 1.501757
192 -3.991653 0.657668 78.295742 0.529383 371.011566 4.370645
192 -2.216242 0.711417 -80.465705 1.981883 407.954236 0.819822
192 -2.106978 0.761766 81.414625 2.137196 464.832277 0.601294
192 -3.788884 0.702666 88.603167 0.637730 355.720085 3.965106
193 -2.638439 0.651545 -84.839976 2.180621 431.671196 1.664216
193 -2.484027 0.757110 87.950625 0.501576 371.943565 1.355393
193 -2.075464 0.330256 65.328983 2.470397 472.832845 0.538266
193 -1.865859 0.638002 73.366099 1.966496 472.821184 0.119056
193 -2.382419 0.546679 71.437530 1.777201 460.798448 1.152177
193 -1.924314 0.660461 -86.989231 2.982872 457.276733 0.235966
193 -3.112528 0.655927 86.381214 0.360162 367.579073 2.612394
193 -2.157089 0.750202 -79.160498 4.940545 498.785298 0.701515
193 -2.203007 0.570414 72.130314 2.651772 487.132286 0.793351
193 -1.854994 0.573572 72.807257 2.390506 482.997336 0.097327
194 -2.216230 0.592494 -84.541124 1.782265 403.508042 0.819799
194 -2.706407 0.734512 81.089074 1.990376 486.715076 1.800152
194 -2.009699 0.304230 76.070282 2.840237 476.870743 0.406737
194 -3.548390 0.665522 80.800020 1.984344 479.415312 3.484119
194 -4.108002 0.230337 70.154503 1.989894 439.557014 4.603342
194 -2.119865 0.328374 69.931704 2.719195 473.895202 0.627067
194 -3.304278 0.717783 -89.336315 0.383349 371.558092 2.995894
194 -2.099253 0.745732 -79.816083 4.185343 482.896383 0.585843
194 -2.278388 0.755384 80.602429 2.667864 498.527568 0.944114
194 -2.720801 0.745099 77.985878 2.741988 496.061227 1.828941
195 -2.969414 0.301247 64.937561 1.977623 447.253113 2.326165
195 -2.791328 0.704259 67.450009 1.685870 471.985490 1.969994
195 -1.970612 0.305654 77.101338 2.831926 473.746848 0.328563
195 -2.357226 0.605795 71.518137 2.204367 495.948219 1.101790
195 -3.720641 0.264631 -83.920382 2.825195 456.486759 3.828620
195 -4.160437 0.579629 86.598180 1.942863 450.317887 4.708212
195 -2.464123 0.799290 -84.191984 0.387816 358.638487 1.315585
195 -1.903479 0.644659 83.320027 1.938158 435.055329 0.194296
195 -3.672186 0.753741 -82.470353 3.857103 498.413386 3.731710
195 -3.801716 0.364414 64.084173 2.357022 483.577565 3.990770
196 -3.433443 0.783223 -89.106693 1.694940 451.920462 3.254224
196 -3.277139 0.395080 77.196595 1.932553 444.981403 2.941616
196 -2.370217 0.239759 67.748945 3.310200 497.844195 1.127772
196 -3.671984 0.506103 65.495711 2.230864 499.235311 3.731307
196 -3.364561 0.278057 -89.079164 2.820258 454.088924 3.116461
196 -2.218610 0.464407 85.429529 2.458392 454.586092 0.824558
196 -3.006770 0.799762 -89.093468 0.739321 364.873739 2.400878
196 -1.886860 0.666418 80.340878 2.021042 451.860367 0.161058
196 -2.791650 0.759096 87.922293 3.842313 496.766369 1.970638
196 -2.461802 0.472254 -85.642305 2.432867 437.057099 1.310943
197 -3.365460 0.728822 85.794927 1.877710 468.229911 3.118258
197 -2.013027 0.736752 86.167211 1.479580 415.476310 0.413392
197 -3.397302 0.199907 69.743112 3.035640 491.433026 3.181943
197 -3.393379 0.465850 55.273962 2.394378 486.989357 3.174097
197 -2.234801 0.485650 64.391277 1.763906 456.518780 0.856941
197 -1.916842 0.604662 77.100947 1.817874 445.557127 0.221022
197 -2.620076 0.715451 -85.042013 0.857481 363.432461 1.627491
197 -2.164485 0.665490 78.921035 2.293472 461.296025 0.716307
197 -2.420136 0.705225 82.515934 1.735694 457.927391 1.227610
197 -2.252112 0.494928 -86.258403 2.151554 422.752213 0.891561
198 -1.910132 0.714669 -86.857770 2.066647 425.941140 0.207602
198 -3.355032 0.491111 -79.135130 3.420010 471.646377 3.097402
198 -2.767317 0.217806 69.303667 2.704113 469.144973 1.921972
198 -2.038341 0.430123 88.848321 2.384807 436.989888 0.464021
198 -2.075983 0.711863 87.149656 1.480076 422.780800 0.539305
198 -5.323305 0.521541 60.285069 1.649554 439.570526 7.033948
198 -2.266398 0.740948 88.117914 1.009450 402.147905 0.920133
198 -2.515492 0.787674 78.081641 1.603572 453.229685 1.418323
198 -2.184434 0.652050 65.275651 1.535632 474.222318 0.756206
198 -2.390468 0.494259 -83.445955 2.185709 419.292847 1.168275
199 -1.911727 0.499199 -86.016632 3.139148 461.509914 0.210793
199 -2.270019 0.378080 -81.422869 3.593113 479.016909 0.927377
199 -2.871136 0.725438 -76.187761 4.140271 481.430745 2.129610
199 -2.120283 0.712410 83.051422 1.428235 434.722737 0.627904
199 -2.488700 0.490530 -85.540482 3.468372 464.607173 1.364738
199 -1.851551 0.519941 74.115920 2.318357 466.538742 0.090440
199 -2.468680 0.703576 82.375042 1.938246 432.735726 1.324698
199 -2.811653 0.704484 60.479657 1.496372 486.593108 2.010644
199 -2.296975 0.537180 69.570423 1.706419 444.253657 0.981288
199 -2.966842 0.735494 88.884854 3.616607 473.881559 2.321022
200 -1.911909 0.507437 -89.765063 3.236593 466.026835 0.211155
200 -2.051931 0.768317 -79.910939 2.731158 435.111137 0.491200
200 -3.725416 0.601179 -87.233134 3.403208 492.358513 3.838171
200 -2.433107 0.662928 80.333956 1.592089 421.373344 1.253553
200 -5.047228 0.441343 71.295684 2.054356 430.774706 6.481793
200 -1.987251 0.577309 89.020894 1.896154 421.085921 0.361841
200 -3.696929 0.529143 -88.608768 2.552456 459.208477 3.781196
200 -3.098456 0.662286 71.782179 1.629170 481.894182 2.584250
200 -3.031136 0.690427 -73.074199 4.536890 489.964865 2.449611
200 -2.306318 0.667079 86.548552 3.143885 470.099898 0.999975
201 -2.908481 0.466631 78.236893 3.093757 473.909939 2.204301
201 -3.211208 0.707612 -88.208608 3.182868 445.235092 2.809755
201 -1.877944 0.608844 82.757317 2.341134 459.657850 0.143226
201 -2.680924 0.777450 72.351025 1.102627 475.832124 1.749186
201 -2.292817 0.654532 85.423314 1.154648 393.784335 0.972973
201 -2.699753 0.507826 88.460203 2.495019 456.184688 1.786844
201 -3.237915 0.599538 89.875865 3.999390 482.323036 2.863168
201 -1.962399 0.793747 86.298712 2.009287 462.778404 0.312136
201 -1.932108 0.464228 88.561450 2.962835 458.066491 0.251555
201 -2.053114 0.799700 -87.044592 2.962423 465.051679 0.493567
202 -2.220015 0.458905 -87.795586 3.539430 473.035480 0.827369
202 -1.958725 0.780301 85.380549 1.393181 430.464275 0.304789
202 -3.708086 0.488296 76.300007 1.671687 445.222791 3.803510
202 -2.556492 0.793941 73.919159 1.356778 495.789851 1.500323
202 -2.741286 0.645296 86.259982 1.329442 390.302063 1.869910
202 -2.078344 0.450417 -88.669801 2.610421 446.719116 0.544027
202 -4.446131 0.599297 -72.767954 4.396272 495.690878 5.279601
202 -2.495376 0.769722 81.421112 2.483863 474.721280 1.378090
202 -2.196367 0.438310 -82.609631 3.235374 459.607296 0.780072
202 -1.882154 0.732799 -89.446827 2.465022 448.169550 0.151646
203 -1.986394 0.506392 -88.833525 3.614240 478.477099 0.360126
203 -2.083193 0.787308 -83.901067 3.185428 447.205072 0.553725
203 -2.335805 0.453983 73.385566 1.621918 430.111032 1.058948
203 -2.575356 0.793274 73.808932 1.345213 495.314981 1.538051
203 -3.539264 0.591229 75.644177 0.328691 372.292210 3.465866
203 -3.181623 0.722136 78.148108 2.874123 487.161087 2.750585
203 -1.923208 0.682439 82.229911 2.383164 470.104424 0.233754
203 -1.910860 0.727543 -84.503054 2.243613 415.551273 0.209058
203 -2.412399 0.471531 -88.411663 2.928979 464.485620 1.212137
203 -2.382944 0.706253 85.929251 1.327826 399.045103 1.153226
204 -1.856577 0.533617 -87.114335 3.207651 461.175561 0.100492
204 -1.895835 0.779865 -81.498205 3.168536 444.202076 0.179008
204 -2.966742 0.435122 76.821143 1.400857 405.587684 2.320822
204 -2.566013 0.703415 73.383227 1.095720 430.538772 1.519364
204 -1.960843 0.487802 82.212539 2.538353 451.893932 0.309024
204 -3.837051 0.708016 81.255217 2.901137 463.122845 4.061440
204 -2.776571 0.693219 78.337513 2.966400 493.082913 1.940481
204 -4.386739 0.693478 82.756712 0.211168 349.290268 5.160816
204 -2.202096 0.439668 81.423908 2.882536 480.873427 0.791530
204 -2.877012 0.756805 78.100654 2.793040 498.453812 2.141362
205 -1.965815 0.590768 88.038713 3.075206 472.004761 0.318967
205 -2.949582 0.749300 62.616457 1.458179 491.348935 2.286503
205 -2.574414 0.752375 83.860014 3.167307 498.027866 1.536167
205 -1.948012 0.701768 85.967808 2.056809 435.279632 0.283363
205 -3.814501 0.349878 74.177425 2.511049 477.579201 4.016341
205 -2.332037 0.776339 84.322779 2.827378 489.535378 1.051413
205 -2.187599 0.543540 82.893015 1.495296 413.426192 0.762535
205 -2.122177 0.797667 -81.624850 1.833046 395.273032 0.631692
205 -2.434536 0.533585 77.436318 1.931613 455.042994 1.256410
205 -3.089678 0.747214 60.733366 1.245819 486.159191 2.566695
206 -2.649638 0.506171 87.194425 1.889281 409.872399 1.686615
206 -4.018509 0.475161 79.291589 0.906460 395.946290 4.424357
206 -2.073942 0.724729 89.725827 3.055242 469.492512 0.535223
206 -1.944338 0.766848 -89.926001 2.563867 454.800400 0.276013
206 -4.750937 0.608848 66.599825 0.278691 379.929455 5.889211
206 -2.339345 0.794203 74.611482 1.896495 489.759608 1.066028
206 -2.833174 0.613610 72.085249 1.219447 420.397861 2.053685
206 -2.068127 0.779501 89.993796 1.242734 411.525828 0.523592
206 -3.068955 0.685470 78.426670 3.114681 493.454832 2.525249
206 -2.902490 0.683610 58.237600 1.241829 480.962203 2.192318
207 -2.054058 0.603351 -82.823783 3.931520 475.681694 0.495455
207 -2.911029 0.742238 83.493390 3.210774 485.670587 2.209396
207 -2.354514 0.493983 66.809434 1.759852 458.171213 1.096366
207 -2.926932 0.579185 -84.407389 1.930613 418.281372 2.241201
207 -1.842064 0.592973 81.275163 2.355227 460.812907 0.071467
207 -1.963894 0.534803 -85.368670 3.673703 474.025852 0.315126
207 -2.493857 0.654035 88.140243 0.919144 376.910466 1.375052
207 -1.986249 0.514361 81.787113 3.124504 486.081620 0.359837
207 -1.915115 0.704972 77.360847 2.031924 479.611810 0.217568
207 -2.245838 0.631693 76.702219 1.259939 422.631669 0.879015
208 -3.988476 0.641042 73.975423 0.781063 422.402770 4.364291
208 -2.810563 0.782506 79.083484 2.163181 467.472766 2.008464
208 -1.931037 0.587195 78.020619 2.157955 453.149559 0.249413
208 -2.668304 0.580795 -89.878983 2.159595 414.077071 1.723946
208 -1.851305 0.623347 -85.851882 2.601596 437.684967 0.089948
208 -1.885888 0.356216 75.904447 3.176235 495.043158 0.159113
208 -2.618212 0.651013 88.584040 1.090917 378.850716 1.623762
208 -2.323322 0.508219 83.080446 3.375239 499.752259 1.033982
208 -2.378044 0.715745 73.124787 2.368057 495.204741 1.143426
208 -3.764091 0.628020 72.088324 1.479548 424.112835 3.915520
209 -3.666180 0.599228 68.702441 1.484844 430.903499 3.719698
209 -2.858903 0.667495 -82.073907 3.599351 455.791885 2.105145
209 -2.061301 0.608930 68.679384 1.788185 474.775949 0.509940
209 -2.059363 0.717735 -87.986765 1.535430 409.699220 0.506064
209 -2.435996 0.514547 -89.461442 3.392223 465.297639 1.259331
209 -2.390117 0.370836 79.740216 3.452965 489.483836 1.167572
209 -4.654530 0.467050 83.106672 4.106791 497.543302 5.696398
209 -3.522448 0.770617 66.740095 0.498735 438.788769 3.432234
209 -1.968082 0.707936 74.536233 1.918869 473.655170 0.323503
209 -2.120799 0.571930 83.791882 3.078674 473.661948 0.628936
210 -2.400824 0.287784 73.316982 3.066668 494.571357 1.188987
210 -3.972559 0.677665 -88.747197 2.971875 435.170239 4.332456
210 -2.046043 0.499316 -87.825497 3.066461 453.989636 0.479424
210 -2.040705 0.711707 79.578407 2.431750 489.493927 0.468748
210 -6.214738 0.516463 76.982254 1.944286 472.245434 8.816815
210 -2.383913 0.556887 83.969472 2.611106 472.833582 1.155165
210 -2.181222 0.465597 -81.918568 3.633440 478.664488 0.749781
210 -4.310550 0.764871 63.396756 0.528131 436.545346 5.008438
210 -2.015846 0.743280 81.734256 2.384612 481.454341 0.419030
210 -1.840160 0.499217 81.230996 2.565642 459.243657 0.067659
211 -2.279497 0.292410 74.515278 2.903182 484.318262 0.946332
211 -2.412726 0.713147 -87.343054 2.832218 436.379339 1.212791
211 -1.995175 0.327032 74.564158 2.597495 466.847284 0.377689
211 -2.623567 0.741623 81.518412 2.803998 481.573292 1.634473
211 -2.554148 0.710098 71.070827 1.573662 458.841169 1.495634
211 -2.262325 0.671894 82.045791 2.503684 458.625812 0.911989
211 -2.864117 0.402628 -89.274488 3.915886 489.902307 2.115572
211 -2.041353 0.485894 88.031531 2.943764 468.714310 0.470045
211 -1.840194 0.659346 -89.620091 2.594271 446.652235 0.067727
211 -1.912835 0.506330 76.170131 2.343586 459.200815 0.213009
212 -2.041017 0.649168 87.736387 1.685462 422.389324 0.469373
212 -2.185375 0.561984 88.850719 3.035129 455.571656 0.758089
212 -3.935624 0.321363 79.093344 2.289542 434.706799 4.258586
212 -2.071123 0.705175 70.841700 2.147117 495.598240 0.529584
212 -5.860483 0.629177 74.571434 0.432791 404.460648 8.108305
212 -1.869391 0.787312 -87.679292 1.879139 427.249690 0.126121
212 -2.040209 0.404689 -86.016955 3.959184 492.852720 0.467757
212 -2.147094 0.405516 88.930113 3.676959 497.796860 0.681526
212 -1.865340 0.657142 -87.180891 2.513579 432.084402 0.118018
212 -2.407444 0.446917 71.851573 1.690793 438.724019 1.202227
213 -1.880288 0.569342 83.792995 2.047997 439.161163 0.147915
213 -1.845981 0.554458 77.901942 2.267391 458.345297 0.079301
213 -1.850019 0.638324 -86.804905 2.223296 423.421960 0.087376
213 -1.871387 0.663487 67.487301 2.032483 497.600445 0.130112
213 -2.336720 0.466825 -78.535066 4.106531 493.068068 1.060777
213 -2.674592 0.772802 89.210834 0.739782 397.874784 1.736521
213 -2.767579 0.659157 81.079027 1.015372 393.052376 1.922495
213 -2.119527 0.432071 75.360300 3.275588 496.415550 0.626393
213 -2.601018 0.565866 85.725406 2.155389 450.823447 1.589374
213 -2.654979 0.657726 86.977971 3.323655 498.095171 1.697296
214 -3.798142 0.415783 87.696845 2.732811 470.540595 3.983621
214 -2.766962 0.747037 78.106728 2.426473 476.606157 1.921263
214 -1.911426 0.737063 89.682026 2.554927 451.933506 0.210190
214 -2.350676 0.726250 68.837657 1.593555 475.953373 1.088691
214 -2.017354 0.465090 -80.366048 4.108756 492.203980 0.422046
214 -3.243513 0.764290 -84.954170 0.511420 373.523685 2.874363
214 -2.750143 0.668016 81.457033 0.964367 391.205024 1.887625
214 -1.964478 0.585518 66.188110 1.862121 474.461799 0.316293
214 -2.067777 0.634565 74.110938 1.728600 463.135142 0.522892
214 -4.167829 0.589080 61.727157 2.289562 481.839573 4.722996
215 -1.971541 0.439960 81.554471 3.032481 473.423938 0.330420
215 -2.105001 0.727149 73.289616 1.533327 463.109529 0.597341
215 -2.342142 0.781533 79.193094 2.254204 481.487695 1.071623
215 -3.238932 0.753131 81.552026 1.163750 449.872791 2.865202
215 -2.195362 0.508222 -78.064962 3.882964 477.642245 0.778063
215 -3.040225 0.785452 -80.037669 0.418072 356.103509 2.467789
215 -2.037331 0.668865 -89.582974 1.457057 402.943977 0.462001
215 -1.893662 0.558761 -87.506192 3.460054 471.639203 0.174663
215 -2.484507 0.571277 70.101339 1.282966 429.434261 1.356353
215 -3.052936 0.629220 59.432049 1.438313 464.372668 2.493210
216 -2.167612 0.788558 -78.776245 2.000291 407.713964 0.722562
216 -1.956511 0.690423 75.696739 1.859874 462.971685 0.300361
216 -2.075656 0.625654 83.220604 1.485321 413.699765 0.538651
216 -2.599087 0.694175 85.089059 1.892598 456.830015 1.585512
216 -2.206279 0.607210 -80.354823 3.375490 461.059583 0.799897
216 -2.644342 0.766867 -88.279434 0.215272 353.435977 1.676022
216 -2.423265 0.595375 88.296161 1.098887 384.949469 1.233868
216 -2.738576 0.619182 62.488870 1.300427 462.335773 1.864490
216 -1.890275 0.592371 81.593981 2.605811 469.926449 0.167888
216 -2.967191 0.748892 88.196090 1.943954 462.011011 2.321721
217 -2.683290 0.780802 -86.228999 1.592838 388.246593 1.753918
217 -1.957372 0.687388 76.948311 1.889814 459.003423 0.302082
217 -2.269794 0.623195 81.284824 1.567711 416.717980 0.926926
217 -5.600038 0.620008 81.184423 3.022405 451.356288 7.587415
217 -2.689330 0.564024 -81.397218 2.915366 450.765239 1.765998
217 -2.383672 0.763554 88.351589 1.353682 397.498333 1.154681
217 -2.219496 0.667357 89.123562 2.540462 436.021515 0.826330
217 -2.096810 0.555430 69.467023 2.192556 470.543823 0.580959
217 -4.475855 0.627944 80.771441 3.433168 475.959403 5.339049
217 -3.511332 0.552977 87.949850 1.766192 398.228981 3.410002
218 -2.012238 0.776678 -84.280573 1.632378 407.656262 0.411814
218 -3.082051 0.666294 82.784222 2.218284 480.230004 2.551440
218 -2.243324 0.710285 -89.863662 1.069368 393.497634 0.873985
218 -3.568436 0.706429 73.392365 0.269146 399.227965 3.524211
218 -2.426303 0.555891 -79.914003 2.942035 446.343582 1.239944
218 -1.829681 0.726479 -84.075138 2.683285 434.562262 0.046700
218 -3.511798 0.637723 77.341785 0.972859 392.170559 3.410934
218 -2.534842 0.456256 75.204268 2.878382 498.558696 1.457022
218 -2.710209 0.665461 -81.847131 3.720186 481.222431 1.807756
218 -2.263032 0.472669 -89.504340 1.915428 413.729905 0.913402
219 -1.977802 0.741110 -82.402956 3.611200 467.565314 0.342942
219 -2.139213 0.595397 87.450004 3.246847 483.246362 0.665764
219 -1.856322 0.761858 -84.736898 2.740934 439.839561 0.099982
219 -3.593041 0.732025 -82.526975 0.708477 374.067311 3.573421
219 -2.215819 0.567949 88.400964 3.812561 497.801192 0.818976
219 -1.843860 0.584616 77.858090 2.321078 465.195862 0.075059
219 -2.780878 0.771709 -82.465173 2.852745 459.281658 1.949095
219 -2.294199 0.458136 74.184463 2.768538 493.714431 0.975737
219 -2.293212 0.688067 63.763038 1.778498 491.613359 0.973761
219 -2.609319 0.459722 -88.811192 2.130446 430.167511 1.605976
220 -2.979097 0.769292 -71.629973 3.885435 460.790496 2.345532
220 -2.284944 0.450476 -83.337016 2.628603 438.310470 0.957227
220 -3.127265 0.666858 61.311646 1.379302 487.299660 2.641868
220 -2.234099 0.709135 -84.192401 1.602158 403.240415 0.855537
220 -2.094512 0.519706 86.639353 3.633978 490.078024 0.576363
220 -1.949846 0.453731 61.099377 2.537479 494.064532 0.287029
220 -1.905088 0.787146 -82.354991 3.328122 454.367591 0.197514
220 -1.893074 0.478175 59.721388 2.359993 493.702997 0.173487
220 -3.006667 0.633945 59.825406 1.581075 493.884256 2.400672
220 -2.112502 0.433284 -82.338312 3.290500 464.135754 0.612342
221 -2.497512 0.691363 -81.060369 4.021158 469.936952 1.382363
221 -1.982946 0.519892 78.698499 2.980175 488.275933 0.353231
221 -2.370607 0.586221 71.503405 2.279517 496.147886 1.128553
221 -3.183843 0.696599 88.271393 0.757700 393.090837 2.755024
221 -3.190659 0.544310 70.346171 1.040642 407.136194 2.768656
221 -3.396910 0.736590 79.939664 1.996607 499.479224 3.181158
221 -1.953000 0.768287 -82.571588 3.436608 455.229079 0.293338
221 -2.936864 0.521694 47.666846 1.905079 490.146148 2.261067
221 -3.424530 0.490167 71.522044 2.674862 467.789759 3.236398
221 -3.253693 0.439265 -86.614073 3.580862 493.342508 2.894725
222 -3.876442 0.686219 68.771649 2.255561 478.927888 4.140222
222 -2.295655 0.779909 86.072429 0.993670 417.414748 0.978648
222 -1.837131 0.418430 62.058395 2.625651 495.708220 0.061600
222 -3.154384 0.711146 82.201012 0.494293 371.874455 2.696106
222 -2.088552 0.684279 -89.720053 2.366976 449.605375 0.564443
222 -4.548710 0.434092 49.715316 1.558615 447.403022 5.484758
222 -3.150423 0.685598 -88.242923 4.370600 490.221083 2.688184
222 -2.409272 0.619201 61.726624 1.627064 472.324211 1.205882
222 -2.020259 0.595205 80.130036 1.939575 450.943350 0.427856
222 -1.986017 0.435714 88.433904 3.843209 495.404533 0.359373
223 -4.098505 0.747978 76.268146 2.237154 458.733265 4.584347
223 -2.295798 0.797126 82.059598 0.880437 425.396788 0.978934
223 -1.991568 0.427099 88.503716 3.087179 472.330373 0.370475
223 -1.997419 0.678803 74.443648 1.923787 466.383324 0.382177
223 -1.832010 0.675936 86.338880 2.075871 440.103868 0.051359
223 -4.811817 0.407441 45.800623 1.619478 454.607982 6.010972
223 -3.131950 0.718838 -78.392003 4.145279 489.575815 2.651238
223 -3.505174 0.605964 55.210396 1.644885 475.322933 3.397686
223 -2.720822 0.621082 -86.786738 1.706511 414.825972 1.828982
223 -2.732708 0.553466 74.293771 2.591077 467.931067 1.852755
224 -2.236642 0.566283 74.039699 2.618096 478.139657 0.860622
224 -2.294339 0.620606 -83.975382 4.027078 492.412359 0.976017
224 -2.269683 0.414504 -84.826073 3.189249 467.614678 0.926705
224 -2.294301 0.662563 89.744760 3.807608 490.416846 0.975941
224 -1.918899 0.638261 80.708778 1.698922 436.107236 0.225136
224 -2.365889 0.432979 58.350405 1.994725 472.085477 1.119117
224 -1.981373 0.727129 -78.599891 4.587415 489.652987 0.350085
224 -2.065146 0.609443 79.033093 2.815144 488.469980 0.517630
224 -2.044628 0.714356 86.875635 1.251732 406.027037 0.476594
224 -5.220459 0.725137 63.379203 1.317772 453.172791 6.828256
225 -1.850374 0.742228 -84.631840 2.222672 424.361754 0.088087
225 -1.928132 0.533161 89.214955 2.407357 434.075727 0.243603
225 -1.873032 0.415358 -88.674822 3.357405 473.948572 0.133402
225 -2.179798 0.327116 70.131007 2.989870 484.798593 0.746934
225 -4.945224 0.743409 -72.742370 0.899393 365.345399 6.277786
225 -2.614263 0.549398 64.117795 1.344769 444.329507 1.615864
225 -2.845867 0.750252 -83.584420 4.453750 483.992455 2.079071
225 -2.009189 0.587921 71.344171 2.562029 492.686246 0.405717
225 -3.323521 0.613883 87.648277 1.325668 415.013846 3.034380
225 -2.599011 0.631243 70.499345 1.095759 427.726593 1.585361
226 -1.869555 0.368869 78.704461 3.020613 483.577458 0.126447
226 -1.884530 0.556619 -88.620129 2.495121 434.460738 0.156399
226 -2.750755 0.369805 -81.632942 3.432962 477.419571 1.888848
226 -3.308446 0.775729 -79.053935 1.478712 399.996572 3.004230
226 -2.597363 0.770647 -81.521670 0.634476 359.914463 1.582064
226 -1.910931 0.549592 70.378057 2.415751 491.588235 0.209201
226 -2.350807 0.533660 81.251759 2.297507 439.839500 1.088953
226 -2.223734 0.378273 83.733014 2.193817 438.024537 0.834806
226 -2.558844 0.320344 80.996476 3.052740 486.276332 1.505027
226 -3.593829 0.656150 85.399571 2.578727 434.376284 3.574997
227 -2.337710 0.702212 -87.770066 4.203478 496.367165 1.062757
227 -1.971763 0.457104 -89.174455 2.524057 439.500720 0.330863
227 -2.627828 0.429323 -83.769179 3.755796 491.725096 1.642993
227 -2.946701 0.500635 59.657743 2.185091 476.180295 2.280740
227 -1.931221 0.676679 87.394056 2.674116 457.456205 0.249780
227 -2.474860 0.620216 59.483675 1.639854 490.174584 1.337058
227 -1.979450 0.355972 77.497007 2.581579 464.855446 0.346238
227 -2.538633 0.675416 83.496752 1.825898 420.438458 1.464605
227 -1.982455 0.655800 -87.353007 2.863754 443.148471 0.352249
227 -3.739980 0.649557 78.597602 3.493342 495.959653 3.867299
228 -2.001251 0.696382 -79.108748 3.896098 471.275638 0.389840
228 -2.918589 0.535006 84.548761 2.613331 440.844516 2.224516
228 -1.882477 0.404362 -89.500284 3.741163 490.539200 0.152293
228 -1.976249 0.518260 67.891267 2.064126 466.440581 0.339837
228 -2.154980 0.705390 -88.475489 3.568165 479.568563 0.697299
228 -1.892157 0.615863 67.437731 2.112670 495.434560 0.171652
228 -2.241950 0.353085 70.594574 2.387755 458.545145 0.871238
228 -1.875333 0.683246 -86.279345 2.123882 422.606666 0.138005
228 -4.360996 0.668246 84.429027 4.271643 499.419398 5.109331
228 -2.055485 0.579933 -89.483783 1.847337 416.512426 0.498308
229 -2.154277 0.722241 -79.191864 2.936538 440.541380 0.695891
229 -1.910580 0.601107 -83.881461 3.712446 471.932292 0.208499
229 -3.519830 0.440849 -79.222406 3.700776 485.698942 3.426998
229 -2.024175 0.683304 88.388822 2.981767 468.906866 0.435689
229 -2.761617 0.645525 87.913156 2.696958 438.747124 1.910573
229 -2.236542 0.523526 -80.295298 2.840651 438.179145 0.860422
229 -2.070286 0.355620 72.342060 2.310681 457.010830 0.527910
229 -1.889215 0.797545 -82.181814 3.003626 447.226156 0.165768
229 -2.126733 0.670497 84.240103 1.569276 414.679950 0.640804
229 -2.559626 0.660512 71.452302 1.225959 433.576770 1.506591
230 -1.963192 0.777638 -87.196171 1.289381 397.563072 0.313722
230 -2.763583 0.787968 80.566211 2.276537 467.940163 1.914504
230 -2.165871 0.724165 -86.411637 3.479839 462.956662 0.719080
230 -9.681346 0.660026 73.088243 1.014868 460.684243 15.750031
230 -2.346503 0.668176 -86.907268 2.701296 430.845865 1.080344
230 -2.136818 0.514685 -81.493185 2.812556 439.045358 0.660975
230 -3.393897 0.421219 72.776787 2.704213 463.103549 3.175132
230 -1.873456 0.797656 -82.838657 2.973840 445.850817 0.134250
230 -2.239007 0.793438 -78.978797 1.594029 393.830344 0.865353
230 -2.527081 0.614974 73.945912 1.328111 441.101532 1.441500
231 -5.343336 0.740631 53.682221 1.077866 477.926057 7.074011
231 -2.421035 0.773646 86.677713 3.029838 478.019530 1.229408
231 -2.077015 0.696929 77.322397 2.474416 488.616170 0.541368
231 -4.503136 0.495303 61.936437 2.769468 488.956917 5.393610
231 -2.203765 0.595436 -85.304228 4.480177 499.536879 0.794868
231 -2.593164 0.776179 -85.500378 0.552874 370.937389 1.573666
231 -2.110333 0.455981 79.351734 1.895877 430.334909 0.608005
231 -2.014858 0.758016 -88.088086 2.421627 431.951968 0.417055
231 -2.150492 0.748873 -82.453498 1.414611 382.323726 0.688322
231 -2.931681 0.631315 78.598746 0.848956 389.898172 2.250700
232 -3.536489 0.662325 57.392027 0.979127 454.933614 3.460316
232 -3.403222 0.653782 -85.386173 2.510778 453.675591 3.193781
232 -2.460066 0.656662 76.936480 2.802859 489.071592 1.307470
232 -3.337657 0.331413 80.354330 1.952935 435.806058 3.062652
232 -2.171430 0.555405 -87.075728 3.927056 483.392884 0.730198
232 -2.249757 0.771241 77.208400 1.111206 442.689232 0.886852
232 -1.917022 0.675526 75.348169 2.286628 487.741920 0.221382
232 -1.853965 0.671302 81.063551 2.095348 459.472504 0.095268
232 -2.636877 0.711407 -75.325472 2.783722 429.352080 1.661093
232 -2.665429 0.739674 77.874825 0.629923 408.603312 1.718196
233 -3.641196 0.679477 56.402524 1.075612 463.744169 3.669731
233 -2.561062 0.715461 -87.388810 3.416242 486.102176 1.509462
233 -4.522162 0.495931 88.621375 0.861409 383.262441 5.431661
233 -2.217637 0.425830 79.702594 1.859780 427.440854 0.822612
233 -2.287856 0.511075 89.292073 3.937608 491.484055 0.963049
233 -2.660182 0.706210 80.489727 0.777862 393.797871 1.707703
233 -4.356773 0.709910 70.289753 0.986157 417.281868 5.100885
233 -1.980666 0.709299 84.210626 2.158783 462.906594 0.348671
233 -1.915410 0.771543 -83.853677 2.379256 432.574554 0.218158
233 -2.458962 0.645431 80.348343 1.540028 417.221914 1.305262
234 -5.633052 0.677051 61.785592 0.947301 468.070160 7.653443
234 -2.870259 0.750982 82.220496 3.210393 497.824197 2.127856
234 -1.828765 0.437702 79.586804 2.720917 470.012812 0.044868
234 -2.270189 0.401327 -86.229586 2.653139 444.936846 0.927717
234 -2.195581 0.517632 -87.482155 4.043891 490.012086 0.778500
234 -2.620147 0.692867 82.632470 2.164172 437.928364 1.627632
234 -2.824962 0.628018 61.319936 1.193889 455.735645 2.037263
234 -4.217037 0.608755 82.790539 0.925514 371.602729 4.821412
234 -1.942651 0.793773 -88.463222 2.074297 442.561712 0.272641
234 -2.176942 0.617470 -81.007110 2.593585 431.558274 0.741222
235 -2.696315 0.688037 68.077604 1.282268 470.170287 1.779969
235 -2.484563 0.787008 84.036713 2.950349 497.530548 1.356464
235 -2.298076 0.750697 -74.249763 3.166824 436.774547 0.983491
235 -2.734486 0.354914 63.552459 1.991310 456.761177 1.856310
235 -1.873488 0.455316 -87.538252 3.507911 478.920473 0.134314
235 -2.800799 0.698462 -82.710466 2.773745 452.442810 1.988936
235 -4.542669 0.611031 69.897119 1.243161 456.193872 5.472676
235 -3.085090 0.445982 55.858592 2.275963 499.282872 2.557519
235 -3.631901 0.778777 57.129114 1.003471 496.106925 3.651139
235 -2.236187 0.645297 -86.439785 2.988868 442.253314 0.859712
236 -2.227133 0.794632 75.168340 1.665242 478.865912 0.841605
236 -2.310697 0.727808 -86.358886 4.121985 496.160982 1.008731
236 -1.920242 0.713078 -82.964349 3.311696 451.596683 0.227823
236 -2.049612 0.354004 69.437013 3.119978 494.903696 0.486562
236 -3.408010 0.741239 84.623708 2.438762 438.247687 3.203359
236 -2.109607 0.335824 54.323662 2.676784 495.150082 0.606552
236 -2.918206 0.734755 79.389856 0.512314 404.280382 2.223751
236 -2.480574 0.411825 49.726440 2.512099 499.383994 1.348487
236 -2.056183 0.428577 73.522832 2.032579 446.295686 0.499704
236 -4.345815 0.745048 56.094436 0.706856 469.227824 5.078967
237 -1.953115 0.774963 75.809262 1.692329 480.701927 0.293569
237 -3.073401 0.766063 -87.076640 4.101097 477.398852 2.534141
237 -1.955255 0.688450 88.540395 2.741566 455.762446 0.297848
237 -2.043694 0.575383 62.386297 2.200121 493.463328 0.474726
237 -2.160253 0.775140 78.527426 1.254468 455.104181 0.707845
237 -2.421336 0.320070 59.934016 2.293088 468.021231 1.230010
237 -1.851043 0.356809 83.458701 3.489342 492.806180 0.089424
237 -4.184540 0.214857 66.009833 2.001029 438.945506 4.756419
237 -4.764365 0.293939 71.577507 1.727160 416.740560 5.916069
237 -4.266566 0.653033 51.831717 1.079479 463.152050 4.920471
238 -2.727219 0.744306 75.539788 2.269110 480.293316 1.841777
238 -2.163220 0.749631 -79.284024 4.172875 472.672654 0.713778
238 -3.612775 0.502205 -88.822295 1.452980 405.410860 3.612889
238 -1.968275 0.576685 66.880565 2.166687 493.858689 0.323889
238 -3.212009 0.668536 69.742256 1.312958 468.268126 2.811355
238 -1.972887 0.252274 65.193481 3.138796 498.763979 0.333112
238 -3.256258 0.289099 74.970112 2.838781 465.379473 2.899854
238 -2.671889 0.356535 77.030687 1.821457 430.334695 1.731117
238 -1.975073 0.701518 75.298788 1.819556 477.746573 0.337485
238 -2.264174 0.713996 77.616029 1.127091 433.314162 0.915686
239 -1.929651 0.771085 84.187024 1.962482 452.975852 0.246640
239 -2.343528 0.780209 -87.076763 3.752624 490.353890 1.074395
239 -2.758391 0.665058 80.052039 0.943666 414.593225 1.904119
239 -2.004508 0.570023 62.116019 1.972776 483.929507 0.396355
239 -2.164325 0.714382 82.217937 2.590536 489.051594 0.715988
239 -2.147766 0.228951 65.047505 3.246170 499.403933 0.682870
239 -3.771519 0.587651 88.668123 1.221985 407.030165 3.930377
239 -2.304676 0.592974 85.974567 1.878409 436.050915 0.996690
239 -1.955556 0.663476 -89.782039 2.789410 459.451149 0.298449
239 -2.665081 0.281634 68.644559 3.068547 485.384595 1.717500
240 -1.932455 0.538427 66.796910 2.328442 494.798715 0.252249
240 -1.823448 0.651195 -89.919823 2.388200 437.122314 0.034234
240 -2.508753 0.584837 -87.303735 1.628076 392.746877 1.404845
240 -1.858148 0.624498 69.789586 2.063523 485.569813 0.103634
240 -3.997106 0.722850 76.711021 1.161813 407.463090 4.381551
240 -2.273375 0.206239 66.529140 3.180423 494.965899 0.934089
240 -2.108778 0.705736 -89.125958 1.743155 423.529036 0.604894
240 -2.054797 0.528798 88.498642 1.848709 415.827580 0.496932
240 -2.424406 0.713468 -87.059768 2.673087 459.877563 1.236150
240 -2.476863 0.264378 58.937475 2.701959 481.403769 1.341064
241 -2.471535 0.555592 68.595749 2.143523 491.007032 1.330408
241 -2.933830 0.461447 82.140906 1.180844 391.090397 2.254998
241 -2.273539 0.565989 79.409299 1.334153 415.558769 0.934416
241 -1.882359 0.664841 -81.080674 3.084008 444.408304 0.152057
241 -3.552106 0.661383 65.080867 0.845595 442.716508 3.491550
241 -1.909654 0.264768 71.395557 3.203536 494.822997 0.206647
241 -2.218733 0.585809 -88.284199 1.785838 413.997070 0.824803
241 -2.294246 0.775526 88.796452 2.112223 462.092724 0.975830
241 -4.412106 0.579998 80.956567 2.370848 430.362405 5.211551
241 -2.142436 0.402564 59.390952 2.226324 474.893362 0.672210
242 -3.225497 0.638507 -89.033860 3.629540 464.853719 2.838332
242 -2.247199 0.572917 76.288364 1.638844 429.178769 0.881736
242 -5.150723 0.367355 46.228461 2.604124 490.764517 6.688784
242 -3.132761 0.608560 50.525043 1.818178 497.758332 2.652859
242 -2.594519 0.610170 69.582373 1.621661 469.766788 1.576377
242 -2.192593 0.246919 63.470311 2.907415 489.007477 0.772524
242 -4.311263 0.444009 73.506781 1.457634 405.128380 5.009864
242 -2.492127 0.724535 80.719315 2.792524 484.758265 1.371592
242 -2.192240 0.586919 86.435078 2.262047 429.811893 0.771818
242 -2.690903 0.721432 -86.449873 1.571110 417.035877 1.769144
243 -2.012771 0.650645 -83.909537 3.407256 466.526867 0.412881
243 -2.699245 0.738248 66.944238 1.102688 461.834341 1.785828
243 -3.200517 0.366000 49.480692 2.709255 498.500169 2.788372
243 -2.666815 0.624666 51.712735 1.665361 498.299345 1.720968
243 -2.132022 0.606626 65.334175 1.637715 467.750378 0.651383
243 -1.852019 0.366022 69.318171 2.714504 483.060637 0.091376
243 -2.162953 0.759572 -86.269782 1.160317 393.043627 0.713245
243 -2.219114 0.702230 -85.306148 4.453198 497.298763 0.825566
243 -2.501752 0.638294 88.986548 3.493162 470.905131 1.390842
243 -2.931389 0.549713 -80.473969 1.840977 403.633329 2.250116
244 -2.509126 0.653694 -89.465692 3.494785 466.334486 1.405591
244 -2.233960 0.796972 83.776194 1.030971 430.508673 0.855258
244 -2.855313 0.504296 63.256329 1.549946 441.757038 2.097964
244 -2.667786 0.570787 61.772114 1.657787 477.748814 1.722910
244 -2.056333 0.613460 76.532914 2.725409 493.326390 0.500004
244 -1.970665 0.534976 86.679748 2.591512 457.496234 0.328669
244 -2.602659 0.787392 84.658437 1.300596 409.753461 1.592656
244 -3.044076 0.704687 -89.558189 4.456272 498.264026 2.475490
244 -2.303606 0.611878 67.246881 2.217244 484.097576 0.994551
244 -1.979390 0.619829 86.160257 1.824581 429.480694 0.346118
245 -2.175103 0.485787 81.562103 1.834473 422.595671 0.737544
245 -1.873810 0.774215 -87.031421 1.601870 407.162152 0.134958
245 -4.231474 0.455973 68.765465 1.714961 424.845485 4.850287
245 -1.996488 0.614679 74.130482 2.074010 477.680755 0.380315
245 -1.856770 0.450795 66.940174 2.758167 499.406464 0.100879
245 -2.315971 0.575606 87.423649 2.136889 421.121298 1.019281
245 -2.141236 0.519954 86.589598 3.505583 493.239378 0.669810
245 -1.982477 0.677392 -77.900999 3.933333 468.926054 0.352293
245 -2.179198 0.595086 66.547701 2.042518 494.916256 0.745735
245 -3.242264 0.438882 -76.912372 2.814933 442.421570 2.871867
246 -2.403310 0.532637 82.368220 1.944958 422.574435 1.193958
246 -2.226852 0.759900 88.526248 1.673250 410.844169 0.841043
246 -2.212497 0.614282 70.851468 1.525527 445.690947 0.812333
246 -2.308908 0.664217 63.178719 1.548352 487.181563 1.005155
246 -3.709658 0.305782 64.947606 2.932544 480.096583 3.806654
246 -2.283346 0.795804 -89.271199 2.847339 453.060901 0.954030
246 -2.162769 0.579075 83.390228 2.477111 467.683278 0.712877
246 -3.446951 0.544825 89.059950 4.285515 495.997502 3.281241
246 -4.265993 0.636591 54.639951 1.226871 458.702592 4.919325
246 -2.067945 0.668437 69.817047 1.565902 469.226960 0.523228
247 -2.215093 0.727959 82.879913 2.601691 471.490409 0.817523
247 -2.447878 0.696153 -85.355403 1.169531 387.939094 1.283094
247 -3.356216 0.507634 62.658513 1.447733 434.832700 3.099771
247 -1.969516 0.633880 -84.695484 3.578654 472.798078 0.326371
247 -2.167673 0.775353 86.797718 2.651282 481.122858 0.722684
247 -2.157974 0.427180 -79.837397 3.944839 487.872415 0.703286
247 -2.117742 0.513495 74.021585 2.844258 485.686125 0.622823
247 -3.059340 0.539395 60.221550 1.756258 481.834537 2.506017
247 -2.217094 0.511056 82.067716 1.552814 415.204562 0.821527
247 -2.123158 0.716305 -86.145443 1.189519 383.489266 0.633655
248 -2.877982 0.411179 70.751643 2.970437 481.735218 2.143302
248 -2.006329 0.537200 81.454052 1.772311 428.858146 0.399997
248 -3.371642 0.576592 70.356366 1.798238 439.557083 3.130622
248 -3.519141 0.731469 87.420739 3.772989 478.990215 3.425621
248 -2.359642 0.780400 83.438656 2.651449 480.616156 1.106623
248 -2.580392 0.398265 -77.680270 3.826943 485.133534 1.548123
248 -2.132360 0.699164 74.326264 2.318956 488.865196 0.652057
248 -1.899468 0.633940 73.625215 2.334238 486.236409 0.186275
248 -1.876377 0.576606 83.108442 2.010641 435.261371 0.140093
248 -2.876572 0.633627 86.882328 0.499276 365.319209 2.140482
249 -2.566518 0.605011 74.802130 2.841193 487.930656 1.520373
249 -1.937519 0.525771 84.683287 1.987885 430.406107 0.262376
249 -4.276977 0.624543 85.879434 2.411696 480.753392 4.941292
249 -2.396303 0.733146 -78.204884 4.620324 497.652356 1.179945
249 -3.628826 0.453614 84.800303 1.471309 414.737980 3.644991
249 -1.868764 0.554256 -87.233368 2.799541 444.124741 0.124866
249 -2.637720 0.609161 -86.599221 1.043602 377.471035 1.662779
249 -2.535176 0.481302 -84.785654 3.033528 462.355191 1.457690
249 -2.692065 0.671434 84.451766 0.601817 381.642552 1.771469
249 -2.152689 0.504317 80.673399 3.399171 499.383855 0.692716
250 -1.972835 0.576945 80.639401 1.743921 433.710277 0.333008
250 -2.252027 0.600780 77.623244 1.533994 424.118934 0.891393
250 -2.249838 0.655279 79.020704 2.863874 490.870901 0.887015
250 -2.532281 0.644357 -76.509663 4.107768 481.191436 1.451901
250 -3.201976 0.396373 79.223501 1.218631 398.130421 2.791289
250 -2.028263 0.751489 -85.624320 1.651353 410.596861 0.443864
250 -2.140977 0.680675 -86.046139 1.582715 391.815315 0.669292
250 -2.549326 0.538029 78.273434 2.642317 460.159875 1.485990
250 -2.255237 0.761851 -89.510535 1.242319 411.411332 0.897812
250 -2.909105 0.549931 75.300230 0.868461 396.093045 2.205549
251 -2.188004 0.591600 -79.714345 3.592301 468.025044 0.763345
251 -3.636459 0.595284 79.705025 0.833510 404.618584 3.660257
251 -3.171172 0.651379 86.143600 2.816856 491.165276 2.729683
251 -2.245623 0.710102 -82.271802 4.257792 493.175024 0.878584
251 -2.543901 0.395222 87.810341 3.604529 482.244800 1.475140
251 -1.899651 0.457573 79.556028 2.542294 457.984986 0.186640
251 -2.091486 0.681015 -82.282159 2.146733 406.770689 0.570310
251 -2.539144 0.447874 -86.621409 1.980004 412.657266 1.465627
251 -2.137349 0.377090 88.091198 3.596349 485.179199 0.662035
251 -2.319171 0.620844 71.930919 1.527010 441.078982 1.025680
252 -2.801573 0.739313 -88.501865 2.602295 427.503595 1.990484
252 -2.263638 0.612521 82.824229 1.679994 416.148344 0.914614
252 -2.433317 0.488093 55.102705 1.929668 482.547067 1.253973
252 -2.464933 0.660160 -82.820962 4.081524 492.916755 1.317204
252 -2.215024 0.527942 -84.011996 2.194209 419.739006 0.817386
252 -2.399381 0.439307 74.097499 3.352270 499.572652 1.186100
252 -2.036199 0.656189 -81.592101 2.177935 409.629145 0.459736
252 -2.306804 0.445001 -89.786827 2.347337 439.258880 1.000946
252 -1.845216 0.586542 79.096053 2.324400 461.542221 0.077770
252 -2.647163 0.608934 75.291101 1.952901 475.795581 1.681664
253 -2.916546 0.649923 72.445827 2.794534 497.119382 2.220431
253 -2.861742 0.671632 -87.730856 0.960688 386.566162 2.110823
253 -2.195340 0.508664 52.761031 2.092306 495.213250 0.778019
253 -3.291589 0.705815 80.611920 0.823393 385.880549 2.970517
253 -2.675646 0.219411 85.224605 3.291025 488.389060 1.738630
253 -3.252968 0.681765 74.387647 1.876345 495.851762 2.893275
253 -2.565401 0.773772 84.588168 1.965350 434.430249 1.518140
253 -1.971577 0.488608 87.975230 2.643081 445.038999 0.330493
253 -2.008690 0.567719 83.585323 2.520543 465.221016 0.404718
253 -1.864009 0.715170 83.802253 2.084101 455.421858 0.115356
254 -2.328985 0.794859 -89.069079 3.309581 486.217977 1.045308
254 -2.944564 0.588585 87.465375 0.726508 367.127339 2.276467
254 -2.158858 0.737263 -85.687496 2.786751 456.164950 0.705054
254 -4.182283 0.787862 71.147304 0.997159 436.432337 4.751905
254 -3.580598 0.358029 -82.061207 3.271100 475.125573 3.548535
254 -2.710089 0.501649 -79.829833 2.310001 420.796144 1.807517
254 -1.867394 0.704613 -85.075701 1.966621 410.839550 0.122127
254 -2.421071 0.683510 -84.846645 1.414408 396.933073 1.229481
254 -2.054626 0.541864 76.790514 2.754072 477.760729 0.496591
254 -1.873682 0.714524 83.277618 2.123232 459.322985 0.134703
255 -3.944428 0.653497 -84.365198 0.134429 343.445694 4.276195
255 -2.342651 0.731641 -87.845111 1.068677 376.391078 1.072640
255 -2.116618 0.763609 -83.559105 3.787829 478.800407 0.620573
255 -2.359562 0.734504 -74.452940 4.880634 497.735821 1.106462
255 -2.068234 0.497916 87.941477 2.748286 447.675247 0.523807
255 -1.993368 0.729099 -85.548347 1.434201 391.662002 0.374074
255 -3.347706 0.710089 83.792231 0.137993 354.208377 3.082751
255 -2.711609 0.691717 -86.768760 1.352830 404.300714 1.810557
255 -2.909737 0.746023 89.720123 2.142192 414.312593 2.206813
255 -2.197861 0.709368 -89.953389 2.214795 449.132479 0.783060
256 -2.150077 0.730770 86.922700 1.800990 419.690661 0.687493
256 -1.937542 0.735128 -80.691758 2.190624 408.554864 0.262422
256 -2.551570 0.797590 -88.339112 0.390554 359.321509 1.490477
256 -1.833667 0.797619 -80.572866 2.593827 425.312877 0.054672
256 -2.134184 0.556723 -86.374387 2.997337 446.035835 0.655707
256 -1.863004 0.517531 83.976414 2.248649 440.679241 0.113347
256 -2.054951 0.746704 -87.529020 1.223836 394.700754 0.497240
256 -2.387474 0.673535 -78.690364 1.846368 395.594641 1.162286
256 -3.493811 0.760792 -79.904464 2.965419 459.773716 3.374961
256 -3.016598 0.528830 81.038950 1.076123 387.219998 2.420534
257 -2.015493 0.682500 88.847495 1.409391 405.475983 0.418325
257 -2.180759 0.713625 -78.847469 2.005488 402.947278 0.748855
257 -2.277644 0.742438 -87.760911 0.853920 372.965494 0.942627
257 -2.600781 0.757552 83.547772 2.137723 442.802876 1.588901
257 -2.886553 0.595167 -77.462289 3.374509 460.576705 2.160444
257 -4.260720 0.796610 80.046210 0.810166 392.168336 4.908778
257 -2.129645 0.776028 87.258863 2.678015 467.667904 0.646629
257 -2.137603 0.672961 -83.128026 1.592954 392.881334 0.662544
257 -1.965543 0.773457 -78.027192 3.553116 451.398502 0.318424
257 -2.051444 0.506034 82.107699 1.861042 431.150665 0.490227
258 -2.785465 0.674686 82.993441 2.036396 427.570500 1.958269
258 -2.001675 0.727453 -80.592989 1.974247 401.107374 0.390688
258 -1.956337 0.651553 82.029915 2.166191 447.588791 0.300013
258 -1.989571 0.793881 84.371231 1.641314 441.229033 0.366481
258 -2.886553 0.595167 -77.462289 3.374509 460.576705 2.160444
258 -3.743510 0.795667 63.673139 0.651082 473.897097 3.874359
258 -1.899057 0.721279 82.247105 1.704933 446.805540 0.185453
258 -3.501880 0.705905 84.958421 2.634443 499.948100 3.391099
258 -2.092152 0.723517 84.225710 1.223469 418.121927 0.571642
258 -1.999682 0.523108 89.350458 2.094214 421.945763 0.386703
259 -3.548090 0.655970 -82.655284 1.777982 415.493758 3.483518
259 -1.972250 0.752084 83.672851 1.544681 442.900225 0.331839
259 -2.039496 0.326822 69.143986 2.617898 477.200537 0.466330
259 -2.566972 0.325152 74.433029 2.430938 464.767283 1.521282
259 -2.135118 0.529649 -89.165763 3.470051 470.280679 0.657575
259 -2.640008 0.736377 71.497178 1.810721 473.595774 1.667355
259 -2.345151 0.533922 83.792592 3.595823 491.935849 1.077641
259 -2.370709 0.782896 -87.559249 0.905078 393.081336 1.128756
259 -3.852237 0.760215 78.015077 1.892178 440.851515 4.091813
259 -2.648523 0.731590 81.032271 1.029425 403.703102 1.684384
260 -1.925307 0.770353 88.337370 2.120430 440.083460 0.237953
260 -2.864754 0.724282 -88.467990 3.227426 450.230667 2.116846
260 -1.927380 0.370792 71.918874 2.673557 473.425578 0.242099
260 -2.331056 0.384888 67.004521 1.940953 449.404249 1.049451
260 -3.696564 0.510183 89.595948 3.277055 456.385460 3.780467
260 -2.251722 0.654247 76.207782 1.951520 451.362704 0.890782
260 -2.363845 0.533424 -81.096027 2.604249 427.895465 1.115027
260 -2.484908 0.562220 88.302142 2.886471 473.624961 1.357155
260 -2.538619 0.721845 -87.347115 1.662141 422.553641 1.464576
260 -3.346938 0.656645 54.127637 1.608305 490.095792 3.081215
261 -3.448358 0.782365 -80.262766 1.895379 423.580375 3.284054
261 -2.452363 0.646253 -75.236553 2.939816 433.339079 1.292063
261 -1.974744 0.449165 79.054288 2.450338 463.282783 0.336826
261 -2.155174 0.579394 -78.785023 3.220600 451.429011 0.697686
261 -1.937689 0.569901 -83.968348 2.913275 442.004853 0.262716
261 -1.850021 0.665977 80.549853 1.949736 452.336246 0.087381
261 -2.147277 0.403242 87.754486 2.288824 434.911526 0.681893
261 -2.162286 0.601320 87.867077 2.639713 463.023392 0.711910
261 -2.422976 0.444571 66.383060 2.401113 489.675423 1.233290
261 -3.512002 0.677877 86.828635 2.407610 479.608079 3.411342
262 -1.965447 0.431638 89.436585 3.760310 496.458828 0.318233
262 -1.920169 0.774263 82.865701 2.043428 469.722800 0.227676
262 -2.029702 0.452901 -86.253690 3.783120 490.840936 0.446742
262 -1.939911 0.649113 -82.822963 2.243485 416.228823 0.267160
262 -2.036858 0.514029 -81.661816 3.296085 460.792346 0.461055
262 -4.245153 0.411366 76.189988 3.602755 491.779809 4.877644
262 -2.370689 0.591675 87.661470 1.187393 393.347281 1.128717
262 -2.102316 0.616503 85.076869 2.691393 472.645564 0.591971
262 -2.746542 0.539672 66.087183 1.855791 477.749297 1.880422
262 -3.122930 0.396537 -78.325336 3.084001 457.747509 2.633199
263 -3.599963 0.420909 73.787840 2.295879 474.541695 3.587264
263 -2.021606 0.781473 81.481931 1.879778 460.487826 0.430550
263 -2.206429 0.507083 88.815667 3.568691 478.092089 0.800196
263 -2.315723 0.715437 -86.046200 2.276208 413.643376 1.018785
263 -4.481041 0.536397 -80.720798 0.898617 367.011825 5.349421
263 -1.925119 0.406822 70.564422 2.342462 464.755553 0.237577
263 -2.170062 0.602759 -86.176925 1.667495 397.058462 0.727462
263 -4.430015 0.723609 80.954619 1.173490 390.213620 5.247369
263 -1.887797 0.556334 71.426617 2.540401 491.132297 0.162931
263 -2.607938 0.373754 -81.576614 3.338837 472.114312 1.603214
264 -2.554003 0.627004 84.460413 1.956388 451.240749 1.495344
264 -1.948858 0.748232 87.161862 2.419337 461.761569 0.285054
264 -3.244219 0.555063 -84.869905 0.997932 373.684639 2.875777
264 -3.511727 0.547829 76.949890 1.239489 397.689980 3.410792
264 -2.255849 0.541316 -86.373009 3.239740 471.083190 0.899036
264 -2.106995 0.408018 87.959494 2.334424 436.623917 0.601328
264 -2.238266 0.537581 87.079499 2.037155 418.945695 0.863870
264 -1.896874 0.782634 88.973270 1.716391 424.670507 0.181087
264 -1.942107 0.589571 63.442460 1.959969 489.235301 0.271551
264 -2.856884 0.350439 -81.859997 3.262896 471.310914 2.101107
265 -1.912853 0.448082 68.396488 2.242895 467.847900 0.213045
265 -2.716905 0.650489 -80.827853 2.483602 433.029326 1.821149
265 -4.866383 0.379035 68.620877 0.699815 385.069169 6.120104
265 -1.834124 0.523168 67.317701 2.409282 489.989584 0.055587
265 -1.932747 0.553335 85.850052 1.929682 426.606887 0.252833
265 -2.617405 0.522685 88.777361 1.222133 388.686789 1.622149
265 -3.439004 0.673654 61.570157 0.853102 441.303932 3.265346
265 -2.287694 0.676234 86.701610 1.360960 397.601674 0.962727
265 -3.621097 0.585454 49.427364 1.426340 478.381228 3.629532
265 -2.419573 0.320725 -88.545357 3.709325 488.837635 1.226485
266 -4.035989 0.371346 72.885269 2.458255 448.260728 4.459317
266 -3.050049 0.794074 76.134852 0.850943 457.733906 2.487437
266 -6.698650 0.503173 79.493368 0.712633 359.743443 9.784639
266 -2.734226 0.559826 62.996501 1.456385 459.822444 1.855790
266 -2.030793 0.681309 86.025936 2.091932 431.991019 0.448924
266 -2.682997 0.545341 80.248103 0.990363 394.872826 1.753331
266 -2.168064 0.779963 -87.993569 2.240125 451.262236 0.723467
266 -2.758573 0.631439 85.230206 1.533583 399.520068 1.904485
266 -2.043692 0.724209 80.919473 2.474525 483.864275 0.474722
266 -1.961956 0.407767 83.463097 3.376300 484.761502 0.311251
267 -2.920586 0.432702 49.161171 2.088522 486.829308 2.228510
267 -3.262361 0.746031 -80.912606 4.025353 494.507474 2.912060
267 -2.480312 0.781604 85.154579 1.887859 431.677696 1.347963
267 -3.086336 0.576705 65.154145 1.953875 462.561527 2.560009
267 -2.986438 0.700089 79.493724 0.356427 385.348635 2.360214
267 -2.282645 0.630995 60.937114 1.613396 479.718642 0.952629
267 -2.112683 0.753246 85.465173 2.584016 479.711431 0.612703
267 -2.487725 0.707787 81.837509 1.109995 425.289549 1.362788
267 -2.669932 0.658144 63.450704 1.635378 496.401327 1.727203
267 -2.409988 0.553390 58.527299 1.785052 474.134287 1.207313
268 -2.674338 0.466559 87.483742 3.140601 484.211120 1.736015
268 -2.847388 0.733839 -85.811510 3.806608 497.462077 2.082114
268 -2.486143 0.782619 -88.031932 1.668284 434.655694 1.359623
268 -1.955321 0.447101 86.676705 2.585167 453.144273 0.297981
268 -3.983343 0.642446 88.550559 1.758602 442.509984 4.354024
268 -3.431718 0.768631 68.479401 0.629793 434.640421 3.250774
268 -1.953115 0.763978 84.756114 2.094809 465.920056 0.293568
268 -2.798280 0.789409 -87.429724 0.644018 387.485524 1.983898
268 -2.613783 0.798603 -86.921332 0.917174 399.145865 1.614904
268 -2.047874 0.700331 79.385786 2.455746 479.942405 0.483086
269 -2.263988 0.775418 -86.499088 1.557009 418.308272 0.915315
269 -2.505911 0.605333 78.003424 3.186185 497.897454 1.399160
269 -2.342224 0.578341 72.492625 2.326361 468.024892 1.071787
269 -2.759130 0.403715 80.050236 2.399572 441.374159 1.905597
269 -2.567308 0.513162 77.744136 3.343285 493.265079 1.521954
269 -2.908251 0.782657 72.121116 0.657235 440.434862 2.203840
269 -3.209049 0.512206 89.887467 3.395483 493.708064 2.805436
269 -1.891282 0.438751 82.539821 3.251434 486.533747 0.169902
269 -4.107354 0.633685 -81.254992 2.145325 429.421449 4.602046
269 -2.268607 0.450521 79.577162 1.692124 421.875147 0.924552
270 -1.860713 0.701916 -87.402758 2.159583 428.571284 0.108765
270 -2.454112 0.603327 80.031264 3.283260 496.259581 1.295563
270 -3.276753 0.443254 50.406519 2.520292 498.881578 2.940845
270 -2.151732 0.675847 79.003577 1.350420 434.907367 0.690802
270 -2.884604 0.585150 -87.699983 1.575553 409.718794 2.156545
270 -2.854384 0.613245 85.217642 0.648239 369.858487 2.096107
270 -2.308190 0.564099 78.009458 2.803914 473.933952 1.003719
270 -1.871845 0.429973 73.626347 2.796552 481.005940 0.131028
270 -2.189684 0.667318 -84.772830 1.535472 388.624466 0.766706
270 -2.559642 0.447640 83.777857 1.482285 404.489866 1.506622
271 -3.884331 0.722052 86.947245 2.657585 433.407643 4.156001
271 -3.260257 0.606696 76.511963 3.292523 495.615689 2.907852
271 -1.864643 0.667647 -83.819752 2.816993 436.535574 0.116625
271 -2.797557 0.580399 70.156986 1.501193 456.328403 1.982452
271 -2.751084 0.427816 84.833169 3.091407 487.108694 1.889506
271 -2.089728 0.641193 -82.970985 3.192571 458.459297 0.566794
271 -3.269658 0.361089 -80.471636 3.700018 489.947859 2.926655
271 -1.900951 0.654152 -80.966175 3.191227 446.322318 0.189241
271 -2.134052 0.582938 -89.617692 1.704608 403.125940 0.655443
271 -2.556481 0.294255 76.808054 2.333479 446.413602 1.500300
272 -2.655368 0.796811 80.631975 2.710867 498.220731 1.698074
272 -2.390355 0.671551 85.650880 2.928864 487.807505 1.168048
272 -2.125160 0.723930 -84.939567 3.367361 454.481910 0.637658
272 -2.887596 0.554940 72.028857 1.047387 408.194243 2.162531
272 -1.863204 0.359601 79.664056 3.188169 488.781808 0.113747
272 -1.891223 0.498707 89.350682 2.936544 455.857447 0.169785
272 -2.081947 0.349568 -86.358522 3.753584 489.076013 0.551233
272 -2.449582 0.718604 -81.998648 1.332197 388.058524 1.286502
272 -2.339964 0.564755 88.715222 1.767911 404.897630 1.067266
272 -1.950434 0.597359 74.823930 1.745089 449.695237 0.288206
273 -3.571209 0.761132 75.759050 2.733104 495.971221 3.529757
273 -1.904551 0.685506 72.762813 2.125943 488.475919 0.196441
273 -2.176880 0.614363 84.233606 2.720721 456.803763 0.741098
273 -2.857281 0.467873 71.000909 1.205520 413.631717 2.101900
273 -2.134417 0.608813 -80.230697 2.783278 436.645251 0.656173
273 -2.361537 0.489326 -81.807000 2.669282 438.654041 1.110412
273 -2.154392 0.344415 -87.292062 3.665151 485.910663 0.696121
273 -2.844438 0.678462 -83.521330 1.434242 398.558409 2.076214
273 -1.964019 0.554535 77.550916 2.518973 467.033678 0.315377
273 -2.305082 0.537388 86.652708 2.660725 443.567615 0.997503
274 -5.215057 0.556089 53.691161 1.691836 461.493569 6.817452
274 -4.993957 0.504042 67.278879 1.919123 481.966620 6.375252
274 -2.120645 0.434212 -85.320511 2.738282 444.506965 0.628629
274 -3.550179 0.551713 87.372432 3.138816 494.263789 3.487696
274 -2.512098 0.688134 86.042655 3.198530 496.395819 1.411535
274 -1.828188 0.509245 88.650983 2.797269 455.794307 0.043715
274 -1.930544 0.324936 83.351150 3.466009 495.893549 0.248426
274 -3.093624 0.742368 89.714815 1.380230 429.072242 2.574585
274 -3.275174 0.656724 71.812065 2.737316 492.741095 2.937687
274 -1.947191 0.560730 88.386704 1.985668 420.464025 0.281720
275 -2.837188 0.313621 79.619475 3.177847 475.912203 2.061714
275 -1.869904 0.405144 80.470450 2.990265 475.036481 0.127147
275 -2.911714 0.476327 86.361005 2.394905 429.820316 2.210767
275 -2.266430 0.764089 -80.530825 3.886905 463.045906 0.920198
275 -4.099817 0.673820 80.519003 3.669663 493.645132 4.586973
275 -2.855886 0.579133 83.943634 0.906921 378.694243 2.099110
275 -4.791083 0.273108 72.169846 2.331485 441.999845 5.969505
275 -3.069732 0.710110 84.738129 2.123408 425.381871 2.526803
275 -2.778763 0.756973 -81.764246 3.742705 483.912756 1.944865
275 -2.387915 0.596953 83.115343 1.824990 418.428318 1.163168
276 -2.255932 0.311926 75.579598 2.741010 476.033464 0.899202
276 -1.991928 0.539024 86.130704 2.712462 464.391634 0.371193
276 -2.107094 0.295863 77.385283 3.218955 494.788984 0.601527
276 -2.063355 0.767886 -85.031232 3.616504 469.861453 0.514049
276 -2.379261 0.336326 77.961108 3.348074 487.686034 1.145860
276 -2.129943 0.558660 86.760636 2.788295 450.931962 0.647223
276 -2.250668 0.705093 -89.067287 3.706723 484.058644 0.888674
276 -5.456900 0.727436 79.868333 2.127532 425.218484 7.301138
276 -2.051227 0.636643 80.781812 2.195526 448.765319 0.489793
276 -2.713618 0.687195 73.341770 1.143221 448.333850 1.814575
277 -2.958571 0.472002 86.354025 2.595767 465.512635 2.304481
277 -2.024409 0.462998 63.821968 2.280594 476.715633 0.436156
277 -2.316828 0.270705 71.255098 3.391688 498.413597 1.020994
277 -2.854931 0.779654 85.781441 1.759723 417.656960 2.097200
277 -3.334753 0.334162 -76.562456 3.793484 488.657631 3.056845
277 -2.033905 0.565908 86.951871 3.302663 476.579252 0.455149
277 -2.495606 0.797090 -82.441209 1.779375 419.106134 1.378551
277 -2.860168 0.345475 81.099208 2.874891 480.749278 2.107674
277 -3.928872 0.799833 -77.644540 2.356424 436.871059 4.245083
277 -2.705171 0.765344 73.005249 0.963209 440.378201 1.797680
278 -1.873365 0.451835 84.047761 2.452575 448.214872 0.134068
278 -1.899695 0.465696 76.604494 2.776869 482.978543 0.186728
278 -2.280128 0.498583 69.344099 2.789765 490.343336 0.947595
278 -1.889100 0.752326 88.514817 1.806147 425.050824 0.165539
278 -6.165188 0.434077 -75.067286 3.849778 493.084044 8.717714
278 -2.459264 0.530770 87.720944 3.227937 486.525283 1.305866
278 -4.066850 0.747356 86.097679 0.880618 368.995608 4.521038
278 -1.887620 0.647132 78.387385 2.158455 470.263502 0.162578
278 -2.888461 0.642422 76.635477 2.621834 470.670269 2.164260
278 -5.749414 0.755305 85.046213 0.912804 439.902092 7.886167
279 -1.889032 0.448681 88.729704 3.214585 475.020198 0.165403
279 -1.855048 0.683242 85.231127 2.059492 446.285984 0.097434
279 -2.204023 0.539249 80.095211 2.165347 439.086779 0.795384
279 -2.987018 0.580946 82.002863 0.953436 399.994617 2.361374
279 -3.677817 0.780328 -89.680389 2.609055 492.768778 3.742973
279 -1.903400 0.597235 -84.548399 3.157119 457.420510 0.194139
279 -2.036256 0.611070 89.597908 1.645892 404.829706 0.459851
279 -2.261869 0.713830 69.288762 1.318200 466.466215 0.911077
279 -2.186406 0.612979 79.044020 2.942482 495.894980 0.760150
279 -2.221893 0.655200 77.927524 1.211737 422.474614 0.831123
280 -2.689219 0.553084 86.319715 4.015375 497.674433 1.765777
280 -2.030332 0.694418 82.495422 1.976948 441.195215 0.448002
280 -2.427699 0.321404 63.806836 2.310552 468.331558 1.242737
280 -2.459712 0.538169 80.771716 3.537655 498.164412 1.306762
280 -3.241175 0.722418 89.841603 1.874302 400.194475 2.869688
280 -1.892410 0.653310 -80.819553 3.191122 446.874236 0.172158
280 -2.154497 0.486392 74.444248 2.156425 449.190795 0.696332
280 -3.446642 0.636720 54.338283 1.237879 467.161719 3.280623
280 -3.106857 0.797573 -87.439605 3.522384 458.415598 2.601053
280 -1.989409 0.580859 89.971541 2.065146 427.797747 0.366157
281 -5.849789 0.641874 -73.172566 2.084870 413.066692 8.086916
281 -2.299424 0.691546 87.243923 1.018535 396.981871 0.986187
281 -2.312034 0.656170 80.546950 2.748641 473.847933 1.011406
281 -3.129840 0.626155 -85.208141 0.646425 358.750642 2.647017
281 -1.862755 0.706363 86.383174 2.272012 450.182176 0.112849
281 -4.224763 0.683276 83.606342 0.146389 346.103553 4.836863
281 -1.868566 0.457391 76.153211 2.390517 464.285511 0.124471
281 -2.293414 0.734565 68.720521 1.305994 472.305477 0.974166
281 -3.167467 0.548777 76.508658 2.422704 450.044356 2.722273
281 -2.153919 0.559494 89.370365 1.882519 422.046622 0.695176
282 -2.005027 0.449298 85.219223 2.639128 449.471285 0.397392
282 -2.239473 0.675885 87.475160 1.272628 408.199177 0.866285
282 -2.546782 0.420293 80.918162 3.263289 477.983497 1.480902
282 -2.360577 0.640485 74.671744 1.303037 426.988057 1.108492
282 -1.835549 0.740961 -88.787318 2.080858 427.028995 0.058437
282 -4.204711 0.737615 85.435615 0.203372 384.897748 4.796761
282 -1.840380 0.334012 73.605720 3.058271 488.470200 0.068098
282 -3.681661 0.762642 64.785311 1.636648 488.139317 3.750661
282 -2.748114 0.535098 68.828518 1.333212 438.177834 1.883566
282 -1.996792 0.749595 -77.826914 4.122251 474.431531 0.380923
283 -3.018988 0.728357 69.461496 0.696275 432.525136 2.425315
283 -2.577278 0.720924 72.461930 0.939681 438.929633 1.541894
283 -1.959502 0.383951 83.791444 3.425049 486.244575 0.306342
283 -3.798705 0.533211 54.813947 1.247292 452.631664 3.984749
283 -1.864533 0.652281 -82.854173 2.811924 438.540803 0.116404
283 -2.011787 0.631943 85.704034 1.510784 412.572999 0.410912
283 -1.867181 0.341084 80.048241 3.433797 498.124471 0.121701
283 -2.911566 0.631780 79.065091 0.963697 413.877121 2.210470
283 -2.270888 0.550448 72.417291 1.589503 434.890671 0.929115
283 -2.339499 0.783653 -79.662212 3.657051 470.295998 1.066336
284 -5.370062 0.731348 64.515213 1.177131 443.366381 7.127463
284 -1.925535 0.365288 63.315633 2.622200 484.944912 0.238408
284 -1.888755 0.442988 89.338824 3.118664 464.767074 0.164847
284 -2.478430 0.381391 73.368744 2.237959 461.268880 1.344199
284 -2.642785 0.606250 89.327262 2.392693 424.264157 1.672908
284 -2.741715 0.773579 64.193366 1.119170 491.444147 1.870769
284 -3.048360 0.564161 67.218322 2.048337 460.037593 2.484059
284 -2.610510 0.584527 58.399969 1.581657 478.915215 1.608358
284 -2.301423 0.510316 67.580153 1.601153 443.490797 0.990184
284 -4.082291 0.790325 -76.003502 3.228247 460.877212 4.551920
285 -2.071003 0.676413 -83.219665 1.899354 407.960968 0.529344
285 -1.903129 0.369777 67.393901 2.785372 486.153331 0.193596
285 -2.178556 0.466340 87.955983 3.260993 467.984514 0.744450
285 -1.887563 0.431617 80.745322 2.480742 457.621885 0.162465
285 -2.515445 0.791680 -81.254717 1.230829 390.696436 1.418228
285 -2.850655 0.772884 68.097234 0.976462 475.318586 2.088649
285 -2.212396 0.568055 65.500257 1.783830 462.755641 0.812130
285 -3.662379 0.581641 61.142370 1.514532 477.087251 3.712096
285 -2.230887 0.367093 74.256497 2.627888 463.546347 0.849113
285 -2.338736 0.715056 -85.633840 3.243551 472.392109 1.064810
286 -2.717799 0.526159 -89.685909 1.701894 415.167942 1.822937
286 -2.336728 0.371121 57.130632 2.440393 490.023325 1.060795
286 -2.799424 0.474418 73.181091 3.113895 488.275429 1.986187
286 -2.655686 0.409809 89.518724 1.832524 414.876438 1.698710
286 -2.568429 0.669258 79.259178 0.930896 400.164842 1.524197
286 -2.424606 0.664407 84.968985 1.451592 402.605874 1.236551
286 -1.888765 0.539180 67.056284 2.161777 483.442955 0.164868
286 -3.598065 0.406491 65.915768 1.148978 408.915016 3.583469
286 -2.401971 0.407210 72.638874 2.412783 474.352531 1.191281
286 -2.281447 0.675355 -81.304911 3.607605 456.852782 0.950232
287 -3.325115 0.451637 65.165836 2.262388 460.248674 3.037569
287 -2.260284 0.639952 71.428462 2.544255 495.719691 0.907907
287 -2.555736 0.670770 89.367865 1.678070 398.359613 1.498811
287 -3.696205 0.581272 -88.909852 4.392359 493.891591 3.779748
287 -3.461739 0.663272 80.027877 1.677691 464.443321 3.310817
287 -1.936151 0.608395 86.454153 2.737898 465.287638 0.259640
287 -5.608782 0.689919 61.022340 1.190237 443.565680 7.604902
287 -2.208869 0.469055 87.085113 1.932548 424.063839 0.805076
287 -1.859262 0.497928 73.266189 2.596359 483.938755 0.105863
287 -3.363548 0.589139 -88.030064 3.659879 465.673852 3.114434
288 -2.861756 0.608202 -80.945177 3.693924 480.035017 2.110851
288 -2.757232 0.679580 73.252311 0.799113 415.065267 1.901803
288 -3.726436 0.681510 86.287810 1.921692 406.010930 3.840209
288 -2.158227 0.604435 -85.003390 4.240961 499.372217 0.703793
288 -2.179722 0.741634 89.099937 2.337141 460.885821 0.746782
288 -3.534293 0.634509 -79.440659 2.474330 434.465063 3.455925
288 -3.411600 0.683359 58.392344 0.988981 459.390658 3.210538
288 -1.863039 0.573660 71.725265 2.401655 487.772675 0.113416
288 -1.914817 0.498712 81.206318 2.839755 469.441861 0.216972
288 -2.493829 0.714524 78.611057 2.477586 474.437487 1.374996
289 -3.048083 0.557276 -71.792483 4.457528 493.711058 2.483505
289 -2.027476 0.535669 -88.521060 2.207368 429.005767 0.442290
289 -2.209372 0.636067 77.715849 2.364245 463.634941 0.806082
289 -2.185642 0.663568 86.772161 2.520197 442.920439 0.758622
289 -3.368744 0.579139 56.612498 1.726286 471.317447 3.124827
289 -2.690448 0.776582 73.791458 2.061450 488.399567 1.768234
289 -2.964735 0.668496 64.142248 0.976628 445.739925 2.316809
289 -2.058607 0.656835 88.405685 1.568563 404.129215 0.504553
289 -3.518832 0.412359 87.629567 3.315545 494.998443 3.425003
289 -2.398383 0.795456 82.941566 0.781274 407.038115 1.184105
290 -1.939994 0.511105 -81.249266 4.032067 486.522118 0.267327
290 -2.579529 0.575229 -87.844101 1.742225 414.694724 1.546397
290 -4.345516 0.754186 79.655736 0.332555 410.668046 5.078371
290 -2.269101 0.569274 63.308814 1.708726 464.668100 0.925541
290 -3.141132 0.594476 80.719543 3.309614 480.743378 2.669603
290 -1.973296 0.566962 75.126603 1.806500 450.054673 0.333929
290 -3.353727 0.451671 69.197098 1.005077 403.374274 3.094791
290 -2.303815 0.547817 -88.078612 1.795411 402.737559 0.994968
290 -1.981072 0.453170 -82.106988 3.845162 483.390038 0.349483
290 -2.222968 0.753695 74.143021 1.217844 457.783894 0.833274
291 -1.949140 0.422121 -86.799221 3.736385 489.844734 0.285619
291 -2.906399 0.554358 -87.545103 2.026084 429.109529 2.200135
291 -2.560114 0.757482 84.756641 0.498780 388.489209 1.507566
291 -1.885662 0.606100 83.993930 2.558243 463.708325 0.158663
291 -2.600253 0.579058 -85.404283 2.960213 439.488519 1.587844
291 -2.364229 0.481605 -81.279148 4.259722 493.733231 1.115797
291 -3.730688 0.456021 67.024594 0.980816 401.322416 3.848714
291 -4.247269 0.519263 -88.422389 0.901058 380.759756 4.881876
291 -2.701877 0.548650 -83.302419 3.826713 490.258540 1.791093
291 -1.950558 0.716599 83.080607 1.653003 432.493792 0.288454
292 -2.535947 0.443677 -78.709762 3.357303 465.100374 1.459232
292 -3.434344 0.662200 73.072970 0.343118 386.033757 3.256025
292 -2.583049 0.518697 78.436586 1.362212 419.138538 1.553437
292 -2.052055 0.632416 -86.629010 2.094553 424.213009 0.491449
292 -1.896045 0.740001 87.079336 1.891883 431.807212 0.179429
292 -1.943927 0.468422 -85.775389 3.750741 486.678718 0.275192
292 -3.946059 0.350502 63.771797 1.662393 441.597712 4.279456
292 -2.280436 0.487672 84.794516 1.613742 412.392637 0.948211
292 -2.760726 0.557101 -89.545568 3.889452 481.386628 1.908790
292 -2.848695 0.741965 -88.320820 2.363883 462.288766 2.084729
293 -2.758859 0.659141 89.363516 2.429086 462.294901 1.905057
293 -2.686493 0.409873 68.932020 2.140559 467.567663 1.760324
293 -3.538418 0.565197 88.261531 1.029913 394.006802 3.464174
293 -2.141351 0.605329 66.471867 1.827136 469.458917 0.670041
293 -4.115796 0.757467 -82.835044 1.954795 438.064715 4.618930
293 -2.013073 0.368325 -85.243795 3.862475 495.521336 0.413485
293 -2.995790 0.585988 86.660255 2.663538 475.798298 2.378919
293 -2.763443 0.452217 76.107480 2.165571 438.617354 1.914224
293 -2.089257 0.639292 -87.254881 3.692858 474.801231 0.565853
293 -1.979478 0.737164 85.423565 2.465297 464.620740 0.346295
294 -2.734822 0.630064 78.670070 3.107757 488.553858 1.856982
294 -2.901178 0.596330 -88.673091 3.011856 475.658456 2.189694
294 -2.661274 0.657981 -87.957970 1.552238 413.401708 1.709886
294 -2.970622 0.640109 -85.629278 4.675151 499.208461 2.328582
294 -2.070342 0.714035 81.852486 1.868497 462.479425 0.528023
294 -3.726305 0.669772 84.323089 2.564655 436.377581 3.839948
294 -2.539639 0.665635 86.821000 2.401549 432.862797 1.466617
294 -4.903502 0.739299 -76.434086 4.149938 495.514921 6.194343
294 -2.383577 0.630240 87.768021 3.481888 476.451804 1.154491
294 -3.849147 0.617947 75.950900 0.653640 379.427685 4.085632
295 -2.137024 0.731096 82.845482 2.063693 446.883773 0.661387
295 -1.861463 0.707682 84.771521 2.175348 452.666343 0.110264
295 -2.145549 0.502763 77.196578 1.662776 427.489565 0.678436
295 -2.476032 0.646960 -76.281395 4.577748 496.760848 1.339402
295 -2.139066 0.452539 79.052433 2.552086 455.156165 0.665471
295 -2.062853 0.662884 -77.706940 3.652626 461.626147 0.513044
295 -3.364095 0.770258 74.751490 0.747170 448.287873 3.115528
295 -2.051545 0.673319 -85.167943 1.884221 401.792213 0.490428
295 -2.326878 0.718475 -88.931291 3.843493 490.341342 1.041095
295 -2.721198 0.745163 85.495057 2.938892 465.840617 1.829735
296 -2.533951 0.550308 88.923393 2.081855 437.112755 1.455240
296 -1.993939 0.793265 81.673767 1.436359 448.127467 0.375216
296 -1.955186 0.638705 89.827830 1.687046 410.865433 0.297710
296 -4.960505 0.545764 79.850580 4.020057 498.065444 6.308349
296 -2.268070 0.486047 79.279950 1.799441 435.720921 0.923479
296 -2.113436 0.649106 -79.976619 3.350405 457.171370 0.614211
296 -5.255398 0.767568 53.412137 0.533151 467.228721 6.898134
296 -2.278762 0.732986 -87.688645 1.711105 423.685220 0.944861
296 -7.163088 0.346434 47.602690 2.374925 470.309931 10.713514
296 -2.123322 0.653746 86.567263 3.113767 480.167895 0.633983
297 -3.014030 0.603391 -81.063312 1.446359 389.217144 2.415398
297 -3.362694 0.759563 81.334717 0.685137 423.198392 3.112726
297 -2.276028 0.729680 83.012115 2.838289 485.851333 0.939394
297 -2.259837 0.535467 88.899151 2.626184 438.354798 0.907013
297 -2.068947 0.381637 -84.545316 3.784978 486.853669 0.525232
297 -2.739916 0.672529 88.827697 3.928273 487.220946 1.867170
297 -7.061360 0.769930 46.423226 0.563549 476.893417 10.510058
297 -3.609218 0.459212 83.806438 1.044432 378.792773 3.605774
297 -7.695414 0.797882 -41.550254 1.881888 388.731354 11.778166
297 -2.973463 0.676179 79.994883 1.077455 427.887692 2.334264
298 -1.891335 0.582418 84.399783 2.346370 444.153531 0.170008
298 -3.167294 0.767665 77.342224 0.227301 400.538824 2.721926
298 -2.086607 0.708083 78.568048 1.315215 435.837934 0.560552
298 -2.021289 0.534951 89.434883 2.492734 435.083837 0.429917
298 -2.025793 0.395146 -85.611736 3.448328 477.731285 0.438923
298 -5.344368 0.761353 57.454222 1.176386 478.759011 7.076074
298 -2.906960 0.768211 61.745605 1.124008 491.329310 2.201258
298 -1.941817 0.650009 -80.014686 4.245279 484.376272 0.270972
298 -7.378313 0.769171 -34.303291 2.047450 394.367749 11.143964
298 -2.066926 0.586907 81.755227 2.764656 467.249791 0.521189
299 -3.918116 0.693017 71.687685 1.049857 415.749600 4.223570
299 -3.717785 0.784832 79.845019 0.060779 397.452444 3.822908
299 -2.171067 0.564594 62.946845 2.104571 483.184317 0.729472
299 -4.195040 0.299311 68.358978 1.330203 408.569972 4.777419
299 -2.460897 0.431192 -81.754819 3.335905 469.662414 1.309133
299 -2.818350 0.712466 83.977946 1.554060 449.610879 2.024039
299 -3.560019 0.660706 69.635032 1.262195 428.703533 3.507377
299 -2.093479 0.684667 -88.438884 3.508446 475.215278 0.574296
299 -5.972775 0.686987 -15.921533 0.700967 421.845734 8.332887
299 -1.958168 0.496275 -88.192977 3.413971 477.650416 0.303673
300 -3.256783 0.549773 85.449101 2.172619 455.991423 2.900905
300 -6.233471 0.746588 -74.739091 1.723049 409.714885 8.854280
300 -2.461615 0.526936 57.605999 1.733761 469.426581 1.310567
300 -4.847355 0.391041 73.257578 0.637903 372.237218 6.082048
300 -3.167488 0.397648 -80.668031 3.545511 481.858840 2.722315
300 -1.888729 0.692267 80.182539 1.743809 449.344462 0.164796
300 -2.799290 0.653534 88.390989 1.144391 403.769172 1.985918
300 -2.644364 0.784670 -87.233365 3.060213 483.120969 1.676065
300 -6.164925 0.672580 -16.878839 0.718514 410.829719 8.717189
300 -2.129693 0.583389 89.068465 2.388954 447.915380 0.646725
301 -2.312387 0.375951 70.597787 2.678945 487.234172 1.012113
301 -2.040025 0.628208 65.302343 1.907526 494.818339 0.467388
301 -2.661100 0.461584 50.339099 2.213442 490.824183 1.709539
301 -3.655979 0.429963 75.610578 0.855371 388.468816 3.699297
301 -2.163155 0.443308 -83.583632 2.843689 446.571177 0.713649
301 -1.934664 0.716908 -89.261081 2.756502 456.950345 0.256666
301 -2.311148 0.711827 83.381761 0.910648 402.555715 1.009635
301 -1.870470 0.709988 -82.416676 2.508005 427.303598 0.128278
301 -5.980725 0.696341 -17.098766 0.731783 426.854148 8.348788
301 -2.746316 0.433082 87.375679 3.350574 492.844023 1.879970
302 -2.387998 0.755624 87.155912 3.215103 484.827538 1.163335
302 -1.891301 0.647909 73.292845 2.283411 488.610992 0.169940
302 -3.411339 0.791995 -87.220147 1.172388 420.835017 3.210017
302 -4.965922 0.438488 70.068204 0.334333 367.832011 6.319182
302 -1.953253 0.463905 75.855544 2.068072 447.029672 0.293843
302 -2.682835 0.536360 85.544472 2.270402 426.703902 1.753009
302 -3.498681 0.717826 88.243045 0.191720 368.967583 3.384701
302 -2.063711 0.638655 79.677104 2.061892 465.790613 0.514760
302 -6.341449 0.759228 -12.868247 0.687875 428.136192 9.070236
302 -2.994072 0.506850 -78.631520 3.930003 488.283179 2.375482
303 -3.725569 0.671157 -84.011834 3.406356 485.449273 3.838477
303 -3.589579 0.688407 79.625408 2.668695 459.600470 3.566497
303 -3.028490 0.796444 78.732561 0.356002 414.314375 2.444319
303 -2.717014 0.526111 74.295243 2.785938 474.776096 1.821366
303 -2.909721 0.404463 86.632209 1.749474 418.219789 2.206781
303 -2.035194 0.532645 -86.231900 3.330781 460.857746 0.457726
303 -2.580497 0.620003 -88.492172 1.196260 391.923314 1.548332
303 -3.857979 0.747556 71.766005 1.769849 458.963375 4.103296
303 -6.648511 0.770457 -16.834910 0.479570 446.517225 9.684360
303 -2.232906 0.539188 -76.706519 4.302446 492.026357 0.853151
304 -3.092842 0.645881 76.022567 2.288096 455.168642 2.573023
304 -2.761325 0.728761 77.144035 0.619578 411.069501 1.909989
304 -2.060823 0.377638 84.608258 3.358559 491.526419 0.508984
304 -2.321079 0.480689 69.350117 2.193951 477.742844 1.029497
304 -4.376433 0.409957 81.385555 2.207300 424.587283 5.140205
304 -2.258863 0.677043 69.120758 1.404962 457.783618 0.905065
304 -2.316937 0.764245 86.794341 1.212944 399.662151 1.021212
304 -2.551364 0.544582 74.536353 2.195685 478.738469 1.490066
304 -6.037996 0.780012 -13.053181 1.012310 452.474505 8.463331
304 -3.133996 0.298449 64.773085 2.345490 456.530099 2.655330
305 -2.739923 0.624945 -87.716768 3.294275 452.796279 1.867184
305 -3.406306 0.739286 79.636933 0.911251 437.325512 3.199951
305 -2.506486 0.544502 67.055236 2.439267 481.672749 1.400311
305 -3.706179 0.482740 70.315786 2.020794 474.834876 3.799696
305 -1.878009 0.396263 76.810903 2.628240 465.619480 0.143356
305 -2.618871 0.694752 -77.747298 1.622087 388.376556 1.625081
305 -3.039883 0.789272 81.269253 1.638377 431.798104 2.467105
305 -1.940270 0.467467 77.612194 2.704233 468.814457 0.267878
305 -5.689316 0.757925 -12.530155 0.989186 454.091673 7.765970
305 -4.622801 0.259249 66.786192 1.883300 441.292127 5.632940
306 -2.990392 0.701317 -87.891558 3.144719 444.543417 2.368122
306 -2.274309 0.784375 78.376287 1.498443 451.714909 0.935956
306 -1.879420 0.528362 73.404220 2.556795 480.536945 0.146179
306 -4.805054 0.511699 70.593010 1.830096 472.330281 5.997447
306 -2.022853 0.486333 86.602230 2.707893 461.687254 0.433044
306 -5.587238 0.639532 -71.788530 1.491189 384.948661 7.561815
306 -2.007646 0.670567 89.586892 1.980538 416.750612 0.402629
306 -3.575920 0.347699 86.738473 2.622974 441.887566 3.539177
306 -6.543145 0.744823 -12.402071 0.973895 438.673058 9.473627
306 -2.096308 0.268767 72.069870 2.972436 486.895553 0.579955
307 -2.116524 0.691022 -85.807702 3.208158 466.898291 0.620386
307 -3.009091 0.702590 71.834209 1.002520 424.858152 2.405520
307 -2.276362 0.645891 86.280500 3.349125 490.256686 0.940062
307 -2.029606 0.546455 69.942104 2.478100 497.977978 0.446551
307 -2.649192 0.586473 -86.095544 2.511919 446.129759 1.685723
307 -1.953078 0.597867 67.199499 2.223966 488.650606 0.293494
307 -2.075189 0.585021 80.616245 2.561590 460.410938 0.537716
307 -4.189979 0.489320 74.696373 2.008852 469.273991 4.767295
307 -8.346584 0.762620 -19.828298 0.331024 366.969175 13.080506
307 -2.913892 0.430187 82.383040 3.163371 468.566408 2.215123
308 -2.259147 0.691771 88.811207 3.224503 467.541269 0.905631
308 -2.142625 0.295448 -88.002813 3.782711 499.899604 0.672589
308 -1.920201 0.520884 -83.265274 4.101135 489.877141 0.227741
308 -1.952380 0.550353 69.219478 2.471879 498.351750 0.292098
308 -2.314482 0.722296 71.704999 2.080122 487.786792 1.016301
308 -2.612531 0.629973 69.294795 1.790878 486.022397 1.612401
308 -2.422577 0.721590 89.567493 2.058801 449.810684 1.232493
308 -2.666023 0.663064 85.333406 3.298701 474.685385 1.719385
308 -6.152513 0.694307 -26.456559 0.979391 404.352127 8.692364
308 -2.527738 0.628499 -89.350356 3.061238 476.751295 1.442814
309 -1.975728 0.597661 87.276354 2.797475 466.185268 0.338795
309 -2.157119 0.312765 -85.794682 3.635965 489.137687 0.701576
309 -2.087594 0.584159 -78.238866 4.051808 481.178936 0.562526
309 -3.426909 0.498685 66.384077 2.741391 484.090927 3.241157
309 -2.004078 0.644321 88.332656 3.081963 468.482101 0.395495
309 -2.009489 0.596323 62.212462 1.860936 485.811151 0.406316
309 -3.472220 0.737605 59.943127 1.419489 488.480517 3.331779
309 -2.690933 0.650067 69.507139 1.251139 436.540220 1.769205
309 -5.872210 0.757974 -28.110950 0.970168 410.367571 8.131758
309 -1.844389 0.590001 77.459408 2.066776 455.945708 0.076116
310 -2.801554 0.649038 -73.635448 4.125717 477.490858 1.990446
310 -1.977371 0.257653 76.069333 3.416739 497.100793 0.342081
310 -1.972783 0.582084 -85.019339 3.903998 485.670713 0.332905
310 -2.639419 0.412784 61.171772 2.331464 489.003120 1.666175
310 -2.301473 0.666688 86.713791 3.235145 474.157570 0.990285
310 -2.344523 0.758139 87.049453 2.760928 486.668844 1.076385
310 -3.961346 0.706282 53.253689 0.981605 476.323856 4.310031
310 -3.366171 0.650880 67.894689 1.002026 423.317765 3.119680
310 -8.693701 0.581428 -12.686887 1.183874 410.766867 13.774740
310 -2.209601 0.464930 75.224787 2.085250 456.898242 0.806540
311 -2.589313 0.671341 -74.749620 4.458384 489.031844 1.565965
311 -2.231894 0.657949 -87.625938 2.869757 462.197626 0.851127
311 -2.088739 0.652888 86.612195 2.955597 465.348258 0.564816
311 -1.997170 0.356552 56.257891 2.766255 499.500840 0.381678
311 -3.766459 0.772865 81.011843 3.314001 495.447409 3.920256
311 -3.450400 0.775880 77.030750 1.438609 433.854388 3.288139
311 -4.388685 0.703543 57.469574 1.409732 476.748977 5.164709
311 -3.569564 0.576387 64.236369 0.936422 417.287704 3.526466
311 -8.479690 0.578515 -22.236420 1.787183 451.419911 13.346719
311 -1.956540 0.713574 79.604412 2.221606 471.644575 0.300419
312 -4.326476 0.686423 -69.269184 4.551223 488.092602 5.040290
312 -2.019919 0.765802 -83.007192 2.765097 445.415075 0.427175
312 -1.880390 0.772655 -89.691322 2.203629 437.859186 0.148118
312 -2.650993 0.317772 57.664302 2.771011 488.127963 1.689325
312 -2.418935 0.686607 65.515067 1.405895 468.156217 1.225209
312 -2.237086 0.746399 82.898462 1.611749 456.139358 0.861510
312 -2.119302 0.591145 -86.568499 1.754943 401.708135 0.625942
312 -2.850318 0.620106 86.038253 2.590418 476.537242 2.087975
312 -8.727747 0.525089 -13.852275 1.561057 424.721127 13.842833
312 -2.976514 0.589713 -77.200740 2.038670 405.979802 2.340367
313 -2.882999 0.705626 -72.997093 4.119753 473.661653 2.153336
313 -1.974230 0.628459 -87.761148 2.985585 460.633105 0.335799
313 -2.320686 0.687800 84.356032 2.797881 464.559975 1.028710
313 -1.957324 0.405951 64.320597 2.502194 480.744647 0.301986
313 -2.433644 0.644864 64.482146 1.671008 471.391228 1.254626
313 -2.578846 0.745223 77.490285 1.230342 428.324943 1.545031
313 -1.947941 0.619535 74.769120 1.746296 455.149988 0.283219
313 -2.651594 0.601890 84.556012 2.712520 482.043173 1.690526
313 -7.725329 0.568809 -27.503791 1.682423 403.926388 11.837997
313 -5.653297 0.573157 -71.670780 1.933735 402.795984 7.693933
314 -2.698529 0.668382 -86.459086 1.282239 397.246472 1.784397
314 -1.935550 0.610208 87.926989 2.727929 450.898247 0.258439
314 -1.854108 0.688048 -82.906606 3.017272 445.742975 0.095554
314 -1.900001 0.313694 73.515289 3.223424 499.006300 0.187341
314 -1.988580 0.678846 69.007161 2.135436 496.434008 0.364498
314 -2.359450 0.536421 80.431570 2.797893 487.868400 1.106238
314 -3.346169 0.404283 85.576105 3.913696 493.671762 3.079676
314 -2.217868 0.551706 84.086687 2.891398 480.837528 0.823074
314 -9.007515 0.577985 -22.045930 1.532798 392.256460 14.402369
314 -2.557788 0.741150 -85.738508 4.514805 493.587819 1.502914
315 -1.915308 0.762164 80.388685 1.752471 460.078122 0.217954
315 -2.363162 0.711483 87.416852 3.168383 470.871624 1.113662
315 -3.062971 0.557321 51.218919 1.578532 475.615505 2.513281
315 -2.978295 0.283034 62.332151 2.885374 499.246258 2.343929
315 -2.207540 0.724400 78.300008 2.460149 485.018666 0.802419
315 -2.848887 0.355329 -89.529272 2.258487 427.866215 2.085112
315 -2.331950 0.737815 68.836130 1.357751 471.358762 1.051238
315 -1.960863 0.728890 81.134666 1.844974 463.748190 0.309065
315 -8.990424 0.574151 -3.995141 2.180744 493.434094 14.368185
315 -2.517165 0.740123 -83.998062 3.399550 449.354512 1.421667
316 -2.697098 0.724935 77.799357 1.602989 475.590682 1.781535
316 -2.070323 0.735784 -77.629991 2.521567 418.830872 0.527984
316 -2.669633 0.566553 70.837964 1.885205 474.940956 1.726604
316 -2.258291 0.289318 57.485727 2.755512 488.540481 0.903921
316 -2.053760 0.696188 76.887041 2.363030 483.110627 0.494858
316 -2.088099 0.507451 64.885073 2.491253 489.552022 0.563536
316 -2.534184 0.702013 76.457643 1.290676 426.668662 1.455706
316 -2.689581 0.716704 76.704210 0.822658 409.687815 1.766500
316 -8.389849 0.613057 -22.204271 1.213765 433.738937 13.167036
316 -2.235968 0.764936 -89.986490 1.168596 409.250407 0.859275
317 -3.736119 0.717902 68.296785 0.987723 465.933727 3.859576
317 -2.110774 0.745924 -81.393259 2.547680 433.354080 0.608886
317 -3.098314 0.595095 77.682173 0.725249 383.846862 2.583967
317 -3.244855 0.296664 55.693403 2.687041 482.011723 2.877049
317 -2.794889 0.313275 60.234620 2.847538 487.088343 1.977117
317 -2.221584 0.564679 69.218959 2.567627 489.723433 0.830507
317 -4.108132 0.673122 -89.385670 1.627451 385.388551 4.603602
317 -4.820664 0.694305 87.820562 2.687486 499.052124 6.028666
317 -7.420070 0.619617 -11.129071 1.389567 441.051900 11.227479
317 -2.017306 0.651332 71.450304 2.079167 493.929477 0.421949
318 -2.303772 0.763793 70.471525 1.341746 487.248886 0.994882
318 -2.220094 0.618628 -84.093540 3.113331 460.326442 0.827526
318 -4.020784 0.487743 47.080061 1.544093 463.123974 4.428907
318 -3.317679 0.296278 75.772950 3.058722 473.590047 3.022697
318 -2.696029 0.397531 64.443415 2.458311 489.943451 1.779397
318 -2.570569 0.583569 64.055820 2.265686 486.689899 1.528477
318 -2.200135 0.603621 85.770390 1.518446 404.252852 0.787609
318 -4.126714 0.170296 53.776550 3.261995 499.728970 4.640767
318 -7.355789 0.642806 -9.047249 0.802712 442.489874 11.098916
318 -2.362634 0.648766 89.020433 1.231151 385.995629 1.112606
319 -2.260814 0.764825 74.961045 1.558537 489.156803 0.908966
319 -1.829677 0.621657 -89.693413 2.621522 446.845110 0.046691
319 -2.460604 0.497921 70.143754 1.461467 434.134771 1.308546
319 -2.940505 0.348429 66.651084 1.755898 433.138479 2.268349
319 -3.417278 0.413943 71.522713 3.127646 484.096572 3.221894
319 -2.663294 0.515849 80.148308 3.437300 489.315234 1.713927
319 -2.376372 0.549784 -84.099500 1.953746 411.825657 1.140082
319 -3.634562 0.161973 63.157498 3.115714 488.253142 3.656462
319 -6.963655 0.680923 -6.171621 0.745983 448.257961 10.314648
319 -4.018141 0.611448 89.223959 0.765646 385.745594 4.423621
320 -2.246660 0.728593 74.913298 1.246283 443.696165 0.880658
320 -2.659847 0.672397 -85.652662 3.101080 470.589451 1.707032
320 -2.180901 0.634522 70.379027 1.922896 487.330631 0.749141
320 -2.827214 0.644350 80.128478 0.847123 388.168127 2.041766
320 -1.931097 0.509610 68.898198 2.424226 490.220452 0.249533
320 -1.831772 0.472042 75.451945 2.596371 472.894816 0.050883
320 -3.147966 0.752060 84.341210 1.604257 409.679306 2.683270
320 -1.948052 0.324610 73.781159 2.996537 482.548470 0.283442
320 -5.677408 0.756932 -15.019824 0.718112 429.140328 7.742154
320 -2.101308 0.689235 87.887719 1.220991 400.450188 0.589954
321 -2.530776 0.749724 83.477607 1.279231 440.927066 1.448891
321 -2.609094 0.672917 87.816670 3.305412 495.290696 1.605526
321 -2.081831 0.679685 67.511185 1.607912 481.976002 0.551000
321 -2.889664 0.732352 -83.779355 3.570637 485.061291 2.166666
321 -2.471777 0.562367 61.114545 2.420620 499.465428 1.330892
321 -4.187202 0.359838 73.500973 3.224880 480.004553 4.761742
321 -2.376379 0.781301 -79.687327 1.364682 387.524316 1.140096
321 -2.564930 0.339189 67.663135 1.950873 445.134575 1.517198
321 -6.136739 0.687404 -15.162992 1.297690 447.849338 8.660817
321 -2.242558 0.703092 83.557685 1.097652 412.865300 0.872455
322 -3.775416 0.741977 77.688455 0.599307 387.261568 3.938171
322 -2.788552 0.407892 86.571213 2.387824 450.735557 1.964443
322 -4.356345 0.767686 -89.457752 1.731278 459.011029 5.100029
322 -3.787467 0.734217 -85.069229 3.138965 484.939408 3.962272
322 -2.480067 0.532338 59.466307 1.609949 464.768455 1.347473
322 -2.421630 0.235912 78.694406 2.919083 475.819033 1.230599
322 -2.089443 0.783430 -80.835242 1.344001 383.072595 0.566225
322 -2.032094 0.449158 -86.266537 2.809180 449.833021 0.451527
322 -6.503052 0.715240 -11.439725 1.125183 446.455309 9.393442
322 -2.145690 0.616616 -84.907317 2.830945 435.404164 0.678719
323 -2.438487 0.784274 88.030689 1.332430 399.602690 1.264312
323 -4.716235 0.163020 73.673445 2.956435 472.613068 5.819809
323 -2.439828 0.781314 86.441762 1.748224 461.025196 1.266994
323 -2.575843 0.773933 -89.594772 3.979227 499.403419 1.539024
323 -3.479944 0.599290 58.487180 1.409584 455.425875 3.347226
323 -1.939835 0.587458 -84.543088 3.811891 480.803988 0.267009
323 -3.041084 0.727234 80.132181 1.419135 415.623105 2.469506
323 -1.964995 0.491607 88.491827 3.477760 479.277683 0.317328
323 -6.018649 0.688317 -15.300097 1.137484 439.316577 8.424635
323 -3.007609 0.291490 80.121216 3.220452 496.265948 2.402556
324 -2.141379 0.797868 -86.568263 0.881591 384.524873 0.670096
324 -3.194698 0.216840 64.499774 2.537664 464.004998 2.776735
324 -2.200006 0.799090 87.269564 2.514151 460.582409 0.787350
324 -2.359469 0.790616 -84.908280 4.067960 495.268369 1.106276
324 -3.690064 0.568361 59.406561 1.115873 447.691943 3.767466
324 -2.689540 0.683831 88.482012 2.687032 476.733594 1.766418
324 -2.592311 0.733191 82.025846 1.205398 407.515330 1.571961
324 -2.113909 0.442878 -88.958676 4.116053 499.685128 0.615156
324 -5.800411 0.704442 -19.428170 0.729650 419.067804 7.988160
324 -1.953220 0.577493 73.214578 1.803542 454.860927 0.293778
325 -1.927476 0.722458 87.026318 2.476638 456.737999 0.242290
325 -5.492488 0.204978 52.168393 2.135775 451.442497 7.372314
325 -2.660113 0.609121 70.064031 1.152859 425.954822 1.707564
325 -2.441486 0.756298 -88.781245 3.918166 489.752064 1.270311
325 -2.164806 0.570348 66.652195 1.874079 464.655720 0.716950
325 -2.435221 0.642616 -89.542196 3.142153 479.254433 1.257781
325 -2.671712 0.650329 76.658782 1.242317 438.182126 1.730762
325 -2.469180 0.474764 85.576827 3.547360 481.589716 1.325699
325 -7.280446 0.660736 -20.455869 1.916627 461.317361 10.948231
325 -2.576422 0.585481 83.459286 2.181310 460.084486 1.540183
326 -2.804576 0.530787 -76.377502 2.747845 433.395444 1.996490
326 -4.332541 0.232312 66.664420 2.188891 454.234988 5.052420
326 -3.393552 0.587337 77.021708 0.394073 373.052937 3.174442
326 -2.333257 0.795479 -85.390391 2.931915 468.269273 1.053852
326 -2.105820 0.558796 78.847691 2.206125 446.579672 0.598979
326 -4.044152 0.657039 85.708181 3.504494 467.468200 4.475642
326 -2.409316 0.662819 75.496472 1.194776 436.189923 1.205971
326 -2.758342 0.614104 -81.429193 3.951528 489.326807 1.904022
326 -10.659493 0.659847 -22.848037 2.199885 491.356167 17.706325
326 -2.513842 0.347240 62.976979 2.160209 464.833814 1.415022
327 -2.098470 0.590614 73.939958 1.747523 444.190534 0.584278
327 -2.085619 0.479158 64.861767 1.950705 466.338484 0.558576
327 -4.262693 0.689498 67.735170 0.205821 389.657853 4.912724
327 -1.974619 0.779337 87.927808 2.302860 450.847131 0.336576
327 -2.018716 0.793496 -77.840250 4.432156 484.208177 0.424771
327 -2.533152 0.737312 84.648672 3.248616 495.560877 1.453642
327 -2.689173 0.731777 71.907680 0.874132 434.435013 1.765685
327 -2.362158 0.736161 88.903406 1.808849 409.950708 1.111654
327 -5.723906 0.753907 -20.240209 0.694100 406.261496 7.835150
327 -5.166313 0.428716 60.126244 2.453910 467.773509 6.719964
328 -2.603824 0.512261 77.597760 3.251157 488.368486 1.594986
328 -3.023277 0.285541 54.256933 2.344721 469.539937 2.433893
328 -1.962157 0.770603 72.162969 1.672594 495.671697 0.311653
328 -2.229126 0.639747 -87.491638 2.809924 458.950224 0.845591
328 -4.681966 0.698162 83.886339 1.800353 473.821514 5.751270
328 -2.944220 0.687682 89.801319 3.561769 466.817008 2.275779
328 -3.497112 0.714964 75.438207 0.771659 432.740420 3.381563
328 -2.586159 0.722344 -85.572510 2.206522 440.182946 1.559657
328 -5.557529 0.773640 -20.878061 0.614078 405.531654 7.502397
328 -3.815704 0.412678 66.728937 2.073622 472.162842 4.018747
329 -2.655774 0.327872 82.617223 3.274693 477.007082 1.698886
329 -2.276604 0.363199 65.073113 2.207234 465.959662 0.940546
329 -1.914777 0.747907 73.758665 1.959983 494.699716 0.216893
329 -2.209619 0.673206 86.089496 2.349546 438.207332 0.806577
329 -2.705018 0.623401 -86.860139 2.957509 467.691740 1.797374
329 -2.575920 0.762996 -83.914717 2.428679 446.604879 1.539179
329 -2.986143 0.735116 69.704705 0.707636 434.312960 2.359624
329 -2.350734 0.787465 -86.817127 2.390679 456.574143 1.088807
329 -5.815484 0.763693 -16.558010 0.193934 418.422428 8.018306
329 -4.464082 0.630383 -84.237009 3.007813 474.851571 5.315502
330 -3.190584 0.791297 85.750005 2.711646 454.459202 2.768505
330 -1.983851 0.340029 65.568265 2.557985 478.477294 0.355040
330 -2.779814 0.759988 67.702563 1.802845 494.381259 1.946966
330 -2.464576 0.660924 82.756363 1.514488 437.407621 1.316491
330 -1.946903 0.787493 -78.774436 4.209801 475.870217 0.281145
330 -3.924010 0.458619 88.822004 2.591926 464.462831 4.235359
330 -1.972017 0.755244 -88.358363 1.427027 398.589765 0.331372
330 -2.530749 0.790956 -85.646082 1.986398 440.285485 1.448837
330 -8.040799 0.736592 -8.741167 0.088746 423.106753 12.468937
330 -2.302806 0.603766 -86.272540 3.330599 474.534769 0.992950
331 -2.060051 0.719721 85.635904 2.715792 471.086155 0.507441
331 -2.775463 0.412516 66.862790 2.987642 491.126737 1.938263
331 -2.345411 0.769282 68.176274 1.272868 486.224610 1.078160
331 -2.037773 0.666302 78.124593 1.869042 447.700194 0.462885
331 -2.099626 0.793873 -82.240580 4.014213 472.620923 0.586591
331 -1.925643 0.513415 76.597001 2.542678 477.755407 0.238624
331 -3.582702 0.711025 -85.037387 2.481690 414.060319 3.552743
331 -2.065577 0.682564 65.129548 1.653196 488.005095 0.518492
331 -5.992559 0.784547 -16.161390 0.112175 425.203133 8.372457
331 -2.363478 0.502910 83.584674 3.360145 498.764795 1.114294
332 -2.616182 0.724858 85.022771 2.685772 455.425111 1.619702
332 -3.720945 0.404993 60.299566 3.004313 497.853821 3.829229
332 -2.660736 0.650688 76.731995 2.077186 486.592826 1.708809
332 -1.902804 0.447073 80.073556 2.279428 447.754221 0.192947
332 -2.006224 0.783346 -78.034620 4.351610 481.878968 0.399786
332 -2.839351 0.515917 82.221666 1.066114 387.191682 2.066040
332 -2.162661 0.766618 87.131310 1.872254 454.759117 0.712660
332 -1.939379 0.700076 68.728902 1.785367 489.395377 0.266095
332 -5.759236 0.756675 -15.530461 1.313385 464.222687 7.905810
332 -3.494769 0.510414 83.422880 2.998623 496.029850 3.376876
333 -4.081953 0.727821 -80.995109 2.709024 456.679551 4.551243
333 -2.510689 0.456196 84.879675 1.634827 406.763463 1.408717
333 -2.102260 0.460909 59.881970 2.366847 486.752353 0.591858
333 -2.476228 0.433773 74.581901 2.094671 440.209579 1.339794
333 -2.371497 0.517490 -81.451846 3.540212 463.697277 1.130332
333 -3.036962 0.660744 69.479236 0.785586 425.465922 2.461262
333 -1.852654 0.780453 -88.791069 2.154761 435.986917 0.092646
333 -2.490050 0.773728 73.950732 1.114193 467.149647 1.367437
333 -5.580644 0.778979 -14.033018 1.245847 473.018562 7.548627
333 -2.989374 0.429431 53.159382 1.791288 464.746859 2.366087
334 -3.212950 0.552249 76.492862 0.704255 391.252240 2.813238
334 -3.481962 0.365759 85.454445 1.363400 397.766011 3.351263
334 -3.076902 0.554976 77.535592 2.412134 487.681507 2.541142
334 -5.473677 0.409856 77.174597 1.275890 417.745059 7.334693
334 -1.967579 0.654157 -81.972239 2.372956 417.264639 0.322496
334 -1.981157 0.458033 78.719687 2.294383 447.775187 0.349653
334 -2.401279 0.791413 -78.651167 1.379077 386.188725 1.189897
334 -2.070795 0.773318 84.658225 1.186656 418.042441 0.528929
334 -2.555798 0.691155 86.641880 0.753951 387.734973 1.498934
334 -4.142247 0.346059 59.967886 2.442370 465.264916 4.671832
335 -3.987870 0.791114 81.744155 2.980104 476.210157 4.363078
335 -2.230448 0.718042 -87.572001 3.635577 484.639928 0.848234
335 -2.674803 0.459578 81.488318 2.608319 448.102266 1.736944
335 -2.142621 0.528603 -88.153941 2.539228 445.228934 0.672581
335 -3.138508 0.649918 72.337100 1.142540 418.001153 2.664355
335 -2.109687 0.434229 80.983178 2.036245 437.592391 0.606713
335 -2.061681 0.577426 -85.914953 1.946115 409.648749 0.510701
335 -2.367884 0.750857 83.342766 1.219918 409.982475 1.123105
335 -2.653608 0.774192 -88.934975 3.416927 496.240123 1.694554
335 -2.127842 0.295685 71.000529 2.944572 481.184286 0.643023
336 -1.832899 0.601023 82.381021 2.197800 451.209459 0.053137
336 -2.217028 0.530908 71.131176 1.967454 451.548234 0.821394
336 -2.609907 0.657334 88.712265 3.489055 497.046983 1.607151
336 -2.058282 0.722469 -82.037933 4.112971 484.222352 0.503902
336 -4.482757 0.674435 -83.313058 3.263574 483.582575 5.352853
336 -2.223274 0.527484 83.008010 3.170299 475.349751 0.833887
336 -4.407234 0.442090 84.028523 0.592246 369.237832 5.201807
336 -2.445893 0.739887 -89.562085 2.326603 423.990297 1.279124
336 -5.754426 0.751378 62.734731 2.109127 497.976402 7.896191
336 -1.945402 0.765447 -81.098783 3.914635 470.097190 0.278142
337 -2.316110 0.662208 67.602303 1.450784 459.334204 1.019557
337 -2.046521 0.671969 83.056738 2.525208 461.400128 0.480380
337 -3.096631 0.524688 84.395012 1.932141 443.205491 2.580600
337 -2.661122 0.722317 -82.273979 2.606042 444.709194 1.709583
337 -2.583693 0.756005 82.745674 2.889688 484.476689 1.554725
337 -2.155720 0.509678 83.507855 3.246652 477.928116 0.698778
337 -5.142833 0.402871 69.652173 0.448932 372.387501 6.673005
337 -1.863710 0.653173 85.655724 2.311174 452.608778 0.114758
337 -2.316775 0.719496 -76.408060 3.202945 444.503906 1.020889
337 -2.396316 0.492012 -89.982606 3.714283 480.267755 1.179969
338 -3.524609 0.637800 64.207631 0.721097 420.056989 3.436557
338 -2.127878 0.675859 83.110375 2.165490 466.029339 0.643095
338 -1.890467 0.735264 -85.631395 2.960303 449.581927 0.168272
338 -2.014096 0.687219 89.028413 1.501876 412.019769 0.415530
338 -2.272225 0.761345 86.238536 2.901948 487.222301 0.931789
338 -2.586294 0.664638 -87.278946 1.172903 392.216380 1.559927
338 -5.709341 0.404392 71.591040 0.781630 375.322713 7.806021
338 -2.772638 0.619604 83.793903 2.139061 426.127876 1.932615
338 -1.979283 0.670527 -80.127472 3.453752 452.764755 0.345905
338 -1.962434 0.538019 -80.798700 4.107495 485.949387 0.312206
339 -2.017048 0.618692 -84.368898 1.980789 408.862524 0.421433
339 -1.892961 0.673513 -80.292174 3.339783 451.085512 0.173260
339 -2.828013 0.682383 -75.520035 1.937485 397.536636 2.043364
339 -2.802987 0.649539 84.237565 3.179765 470.364621 1.993313
339 -2.291889 0.717527 77.806954 2.016818 490.377386 0.971117
339 -1.916561 0.670334 -85.971756 2.074005 420.078321 0.220459
339 -4.061668 0.349875 -84.553928 2.230407 432.465555 4.510675
339 -2.824559 0.610902 -84.649743 2.084062 426.460235 2.036457
339 -2.193992 0.610830 81.757154 1.285832 410.343159 0.775322
339 -1.987414 0.692815 -78.578770 2.891233 433.097720 0.362167
340 -2.004297 0.789339 83.279854 2.104405 480.056670 0.395932
340 -3.800974 0.667769 -70.980360 3.172587 440.958720 3.989286
340 -2.180818 0.500026 -84.361320 2.927524 453.530580 0.748975
340 -1.916745 0.671947 -85.658679 2.924733 443.000441 0.220828
340 -2.587837 0.778876 74.718539 1.316707 484.278593 1.563012
340 -2.114364 0.757533 -87.732173 3.061966 469.663536 0.616067
340 -2.277814 0.788889 86.004737 1.781969 429.028078 0.942966
340 -1.891981 0.603691 87.333905 1.993419 430.177811 0.171300
340 -3.476270 0.610301 74.090334 1.322541 412.386212 3.339879
340 -2.543385 0.711870 -76.686189 2.646458 427.096994 1.474109
341 -2.458605 0.494745 80.353278 1.778554 435.693267 1.304548
341 -3.725791 0.541455 60.372562 0.880719 421.085248 3.838921
341 -2.032651 0.650463 85.753559 1.462645 414.464218 0.452640
341 -3.481649 0.680064 64.755658 2.291520 497.842762 3.350637
341 -3.035365 0.797818 71.544088 1.659394 481.736330 2.458069
341 -3.718545 0.504678 67.616145 0.704636 397.032996 3.824429
341 -2.253891 0.698332 89.739298 1.450427 394.194682 0.895121
341 -1.985115 0.598088 84.869177 2.535130 463.762843 0.357569
341 -2.148630 0.629081 76.729481 2.033141 473.494382 0.684599
341 -2.014448 0.432859 -87.154793 2.761896 447.810077 0.416234
342 -2.867092 0.360225 80.259994 1.619853 414.171292 2.121522
342 -2.030404 0.709413 82.354789 1.388238 430.011892 0.448147
342 -4.929900 0.551228 64.336637 0.951203 405.326065 6.247138
342 -2.272008 0.744017 -87.985499 2.669084 463.149236 0.931354
342 -6.869372 0.785974 -87.412488 1.365059 451.995592 10.126082
342 -4.862298 0.459524 72.879110 0.374525 363.178651 6.111935
342 -2.654223 0.759161 84.888800 0.327930 374.808511 1.695785
342 -5.070272 0.587481 72.715062 2.561069 456.617080 6.527883
342 -3.315073 0.794729 -79.076786 2.547370 443.634002 3.017484
342 -2.320325 0.728732 80.301696 1.543565 430.777904 1.027988
343 -3.468045 0.613277 63.732883 0.935179 438.707258 3.323429
343 -1.889824 0.677206 87.872056 2.597192 455.446100 0.166987
343 -2.630475 0.612340 -79.767254 1.846563 396.103449 1.648288
343 -2.601589 0.723410 -89.785442 3.154248 487.394928 1.590517
343 -7.437406 0.772490 -86.122513 1.106784 432.777023 11.262150
343 -4.567965 0.453644 75.761476 0.320507 361.960487 5.523268
343 -2.103086 0.758483 68.143326 1.572525 496.395799 0.593511
343 -2.335557 0.754255 75.687368 1.058216 440.364635 1.058452
343 -2.376668 0.790796 76.093187 1.020697 446.939829 1.140675
343 -2.113015 0.696857 83.837127 1.573495 418.977605 0.613369
344 -4.120391 0.543533 -88.395874 2.983873 479.809230 4.628120
344 -2.227022 0.744546 -88.294708 3.451839 481.676168 0.841382
344 -4.630305 0.789890 76.039990 2.797953 491.860024 5.647948
344 -3.123485 0.601122 65.672092 1.818007 492.258156 2.634309
344 -2.685230 0.558248 -87.996839 2.545646 451.786167 1.757798
344 -3.853947 0.344460 88.324733 1.819275 420.983119 4.095233
344 -2.280869 0.713325 76.952506 1.484560 439.116935 0.949076
344 -2.350118 0.703229 78.976763 1.138988 431.366735 1.087574
344 -1.879734 0.744306 83.615021 1.751785 446.788866 0.146806
344 -2.181255 0.754020 77.919300 1.500985 447.593987 0.749848
345 -2.688679 0.517262 -88.653938 3.553056 492.226184 1.764696
345 -2.282803 0.649155 64.064663 1.693207 492.272537 0.952945
345 -2.368455 0.693657 77.636768 2.547233 480.815059 1.124249
345 -2.052616 0.675839 71.748908 1.696065 476.625129 0.492570
345 -2.137583 0.359286 84.555758 2.766173 465.114406 0.662504
345 -2.557575 0.339559 81.631351 2.019208 429.005970 1.502489
345 -4.868970 0.485416 84.592405 2.360183 468.902798 6.125278
345 -6.030338 0.616844 56.788720 0.730422 416.264849 8.448013
345 -1.951637 0.607546 78.180443 1.700379 440.321636 0.290612
345 -3.165194 0.667661 77.230867 0.653829 387.349875 2.717727
346 -3.967171 0.499807 75.448513 3.619246 498.120907 4.321680
346 -2.020455 0.656244 65.076243 1.831032 496.930490 0.428249
346 -3.505862 0.780124 -81.758208 0.649969 375.428104 3.399062
346 -3.860641 0.566067 68.616393 0.437627 387.523535 4.108620
346 -2.582077 0.775858 73.259659 1.294058 457.148248 1.551492
346 -2.177172 0.704562 81.902545 2.039950 444.161464 0.741683
346 -1.897204 0.438913 85.420963 3.247246 476.922524 0.181746
346 -3.389957 0.647065 75.534961 2.221465 451.017618 3.167252
346 -2.956126 0.627121 76.861528 2.241988 492.469094 2.299591
346 -2.145374 0.612412 89.807214 1.817453 406.935359 0.678086
347 -3.546770 0.604183 79.351067 0.207340 365.960698 3.480878
347 -2.970435 0.644787 66.952375 1.358498 443.873220 2.328208
347 -5.642442 0.378632 73.620816 3.095113 469.283901 7.672222
347 -5.150917 0.512638 68.006350 1.716726 425.640247 6.689173
347 -4.016437 0.473177 75.551838 3.439378 488.218750 4.420212
347 -2.308081 0.766156 79.653386 1.722977 449.254865 1.003500
347 -3.519175 0.466972 85.474622 1.247325 384.287532 3.425688
347 -2.258944 0.576418 76.391365 3.041494 497.405345 0.905226
347 -1.839867 0.569371 73.871038 2.274586 472.622712 0.067072
347 -2.284994 0.523161 73.168207 1.723988 435.417158 0.957326
348 -2.715481 0.672686 83.078863 0.544812 377.952201 1.818299
348 -3.703277 0.790271 86.121451 0.218507 393.524029 3.793892
348 -2.681656 0.653100 83.240028 3.464197 491.704229 1.750650
348 -2.278116 0.635117 66.836975 1.907164 496.921892 0.943571
348 -3.458120 0.592177 78.625672 1.563076 409.158436 3.303578
348 -2.167720 0.746034 -80.703440 3.475774 463.811413 0.722779
348 -2.360516 0.324073 78.928251 2.239336 445.114104 1.108371
348 -2.700406 0.577945 77.265673 2.989407 481.248758 1.788150
348 -3.286440 0.510341 59.398050 1.725734 454.480337 2.960217
348 -2.120110 0.547071 74.427841 2.950530 497.463861 0.627558
349 -2.769643 0.747411 -89.773631 0.136213 351.936883 1.926624
349 -2.088153 0.732750 -81.458533 3.548728 466.492415 0.563644
349 -2.369669 0.600952 86.175453 2.542744 467.105380 1.126677
349 -4.437919 0.594044 84.665773 2.328413 477.519508 5.263177
349 -3.402432 0.460709 69.349012 1.397438 434.211405 3.192202
349 -3.696100 0.598902 75.294942 0.448211 373.793965 3.779538
349 -3.402320 0.319340 71.975503 1.994011 432.175647 3.191978
349 -2.177264 0.676323 -81.476078 1.866828 396.760130 0.741867
349 -2.682162 0.703296 -84.881566 1.048763 368.190947 1.751662
349 -2.040648 0.723773 -89.623882 2.974182 467.493545 0.468635
350 -2.968922 0.736994 88.771023 0.395901 355.941673 2.325183
350 -3.485614 0.783579 -79.445075 3.471442 476.411181 3.358566
350 -1.880174 0.540526 -88.442446 3.362163 470.024101 0.147686
350 -4.017898 0.456486 84.450952 0.697687 373.967512 4.423134
350 -1.866752 0.459978 -88.007292 3.182072 466.291468 0.120842
350 -4.299068 0.581494 78.450671 0.336740 378.755942 4.985475
350 -2.420545 0.376050 73.967426 1.841286 433.325688 1.228429
350 -2.317258 0.638642 -84.306275 1.564276 388.437736 1.021854
350 -2.514890 0.661318 81.155824 0.847197 393.498251 1.417119
350 -1.869410 0.729770 89.035548 2.293277 441.491055 0.126157
351 -2.961563 0.721826 -84.114877 0.345530 350.665477 2.310464
351 -2.003138 0.720667 85.345081 1.500634 417.545194 0.393614
351 -4.864560 0.528889 48.169760 2.101682 489.401767 6.116459
351 -2.483137 0.431405 73.524976 1.693329 435.169858 1.353613
351 -2.506784 0.312148 83.747116 2.371881 441.600485 1.400906
351 -4.417817 0.508974 87.391175 0.241303 350.955941 5.222972
351 -2.222054 0.386493 -87.591764 2.641206 444.261102 0.831447
351 -2.514723 0.608195 -86.766971 1.405130 384.209527 1.416784
351 -2.524754 0.574153 -78.719318 3.708887 474.104776 1.436847
351 -2.273818 0.757396 -74.778867 2.809745 424.273757 0.934974
352 -3.009073 0.730448 88.731150 0.666036 363.083847 2.405485
352 -2.653280 0.674489 -89.673292 3.457283 463.990990 1.693899
352 -4.978991 0.731674 62.231779 0.998476 446.005400 6.345320
352 -1.856068 0.667466 -84.210166 3.143881 452.296983 0.099475
352 -1.891984 0.323261 76.666776 3.289805 497.601840 0.171307
352 -3.212070 0.481685 -86.802835 1.606588 405.489603 2.811479
352 -2.174659 0.413962 75.817833 2.188860 455.170252 0.736657
352 -3.018438 0.673923 88.503645 0.217217 352.976643 2.424214
352 -2.133484 0.602116 -79.684938 3.678928 470.151229 0.654307
352 -2.176940 0.448298 82.123428 1.883072 428.775688 0.741219
353 -2.186362 0.630388 68.756319 1.483457 455.157287 0.760062
353 -2.174658 0.725127 73.529948 1.402536 455.127813 0.736654
353 -2.385929 0.766764 -83.654983 0.767097 363.639936 1.159196
353 -2.438837 0.748153 -89.092120 3.100251 453.770779 1.265013
353 -3.163113 0.575489 86.961067 0.567552 361.985481 2.713564
353 -1.995487 0.547234 -88.008478 2.099864 418.440267 0.378312
353 -3.591959 0.494861 65.335608 0.985047 408.273910 3.571256
353 -2.055975 0.553350 73.532154 2.612187 481.214229 0.499288
353 -3.129757 0.559300 79.168082 1.595805 410.069161 2.646852
353 -2.614586 0.654015 88.585519 3.847678 486.222160 1.616511
354 -2.361748 0.613797 80.464064 2.102306 466.306976 1.110834
354 -2.829608 0.721611 87.432606 1.486642 435.917830 2.046554
354 -2.161599 0.623417 87.307214 2.282571 451.830946 0.710537
354 -2.607543 0.683719 72.356689 1.163977 449.638332 1.602424
354 -2.603009 0.548524 87.017550 3.986729 495.362548 1.593356
354 -3.213806 0.736681 -84.808558 0.228292 354.731139 2.814950
354 -4.370340 0.789329 62.897219 1.362192 486.950973 5.128019
354 -1.852504 0.486086 79.786031 2.772072 474.720471 0.092346
354 -3.389265 0.640766 80.611830 0.140360 359.347558 3.165869
354 -2.361954 0.581051 77.086343 1.357069 427.450130 1.111245
355 -1.835313 0.575585 77.183154 2.318438 467.823488 0.057964
355 -2.134302 0.576483 82.822820 3.188923 489.478332 0.655943
355 -3.201983 0.662658 89.312306 3.015238 444.532181 2.791304
355 -2.427119 0.688273 72.052600 1.159638 447.160277 1.241577
355 -2.145711 0.517477 86.416344 3.101650 464.343038 0.678761
355 -3.212981 0.738342 -82.310339 0.425506 357.792280 2.813301
355 -3.510262 0.445982 -77.334248 3.101073 457.324852 3.407862
355 -2.348447 0.552082 76.452428 1.538560 435.866832 1.084233
355 -2.375947 0.694949 83.003107 1.253444 426.269158 1.139233
355 -5.390689 0.649141 65.594420 0.242515 381.703146 7.168716
356 -3.447495 0.717789 -80.220384 3.011613 459.441317 3.282328
356 -7.109231 0.624734 82.180434 1.632214 464.774806 10.605801
356 -1.958773 0.600576 80.630603 1.698333 430.241252 0.304885
356 -2.245269 0.519196 -89.761439 3.032677 452.788136 0.877876
356 -2.185814 0.519556 -84.995840 3.896932 492.198402 0.758966
356 -2.063026 0.494930 67.458535 2.801497 499.071656 0.513391
356 -3.081451 0.781113 80.049438 0.260804 400.940995 2.550240
356 -3.278160 0.542628 80.981687 1.649957 439.394515 2.943658
356 -1.958098 0.657959 77.393606 1.837410 450.032587 0.303535
356 -2.052955 0.461418 -83.201536 4.095420 497.752221 0.493248
357 -2.118220 0.692329 87.676256 3.079840 475.799678 0.623779
357 -3.332844 0.652276 68.433670 1.638419 489.431939 3.053026
357 -1.865252 0.636557 -89.515232 2.754272 448.388775 0.117843
357 -2.091666 0.496331 -79.718976 3.699505 472.699249 0.570670
357 -2.677721 0.504939 56.929795 2.219487 486.240133 1.742781
357 -1.894043 0.605758 -86.295459 3.397139 465.573677 0.175425
357 -2.173254 0.518490 79.422851 3.290538 494.965838 0.733846
357 -1.970583 0.606636 74.350870 2.407951 478.481784 0.328504
357 -4.364463 0.599118 60.342482 0.973331 425.172266 5.116264
357 -2.412045 0.470049 84.957454 3.855267 497.057070 1.211429
358 -2.022895 0.659222 -88.154007 3.221751 469.868314 0.433128
358 -4.238040 0.663624 78.868971 1.973536 489.135223 4.863419
358 -1.877530 0.584238 -89.766309 2.128033 425.078844 0.142399
358 -2.472850 0.525747 -79.601717 3.552105 471.318453 1.333039
358 -2.773965 0.611169 -87.391729 3.793907 498.110006 1.935269
358 -2.517064 0.537321 51.512411 1.881900 489.477705 1.421467
358 -2.146644 0.624265 -89.206041 3.647766 477.994518 0.680627
358 -4.361022 0.610997 74.698635 2.966001 475.618056 5.109382
358 -2.184737 0.373114 80.581898 2.153299 438.825838 0.756812
358 -4.882155 0.490414 -78.589023 3.879638 494.979552 6.151647
359 -1.919813 0.778908 78.930141 1.717840 472.422796 0.226964
359 -3.437699 0.255989 60.411086 2.751027 476.376612 3.262737
359 -2.999140 0.793421 -82.687826 3.286460 478.685500 2.385618
359 -3.110070 0.779372 81.934339 2.183225 448.870097 2.607477
359 -2.755604 0.623573 -85.756116 1.978667 424.976768 1.898546
359 -2.025993 0.689328 -88.510660 1.445868 395.627389 0.439325
359 -2.119628 0.698540 87.555541 2.853621 460.198100 0.626594
359 -2.579943 0.620804 87.900728 1.844754 435.095628 1.547225
359 -1.880138 0.797042 -84.909955 2.425395 438.157474 0.147614
359 -2.170500 0.511392 -79.976502 4.280440 498.009307 0.728339
360 -2.193080 0.766903 82.072095 1.853942 476.392028 0.773498
360 -2.582313 0.286559 70.662678 2.844059 487.396624 1.551965
360 -4.487914 0.601550 75.216976 0.057284 370.127339 5.363167
360 -1.945531 0.483489 -84.071096 3.231431 459.347268 0.278400
360 -2.269315 0.642472 81.880600 1.743939 423.155428 0.925969
360 -2.078790 0.479137 83.732396 1.895501 426.832981 0.544919
360 -2.179131 0.787064 -89.980597 2.933554 463.930877 0.745601
360 -1.860819 0.614382 88.874963 2.677323 448.965622 0.108976
360 -1.839844 0.725467 -82.658564 2.755987 435.912771 0.067026
360 -1.976209 0.509383 -80.587243 4.317391 497.689151 0.339755
361 -2.600702 0.794178 78.918758 1.295653 474.031857 1.588741
361 -2.217149 0.385642 75.526806 2.991437 478.070144 0.821637
361 -2.607448 0.598134 -89.270001 1.109846 387.045573 1.602233
361 -2.149633 0.376108 -89.642682 2.647080 448.472936 0.686605
361 -2.085796 0.761688 -85.170609 2.492273 423.668401 0.558931
361 -3.114840 0.530628 -81.422732 2.899668 453.262309 2.617018
361 -3.960934 0.587908 66.418533 0.437137 392.853813 4.309205
361 -2.251614 0.736906 88.063433 1.856121 446.375463 0.890566
361 -2.489333 0.340347 83.350435 2.624715 449.826760 1.366004
361 -3.456312 0.592124 69.290951 0.583725 399.591601 3.299963
362 -4.673889 0.743317 82.340399 1.341004 465.324087 5.735117
362 -1.915565 0.299295 68.118318 2.905393 487.046797 0.218468
362 -2.456303 0.419151 64.032889 1.821508 448.092160 1.299944
362 -2.677582 0.723630 79.993463 0.908092 401.596821 1.742502
362 -1.829655 0.793569 -84.132923 2.332260 424.940268 0.046648
362 -2.296431 0.540922 73.270630 1.506951 437.167672 0.980201
362 -2.057646 0.597258 63.696088 2.033763 486.222870 0.502630
362 -1.993747 0.681262 -89.494580 2.914682 453.078842 0.374832
362 -2.008479 0.570619 -87.659388 2.158747 417.950537 0.404296
362 -2.474523 0.627099 85.396073 2.137639 425.214753 1.336384
363 -4.136238 0.782046 78.396831 0.666342 443.511097 4.659815
363 -2.895069 0.245524 49.527294 2.889337 497.391074 2.177477
363 -3.302223 0.464946 63.596987 2.124187 458.474356 2.991784
363 -2.496516 0.730546 81.085727 1.008381 405.522462 1.380370
363 -2.760383 0.681664 89.389142 2.680977 474.016459 1.908105
363 -2.917525 0.615726 -85.785534 3.070594 470.532764 2.222389
363 -1.982194 0.494864 78.761892 1.976431 437.371474 0.351726
363 -2.271680 0.741562 89.087213 2.559401 441.183605 0.930698
363 -5.544147 0.790802 -62.904997 3.137412 426.103170 7.475632
363 -2.631757 0.551278 74.266856 2.412630 460.528740 1.650852
364 -3.059101 0.781612 79.180200 0.686902 432.762327 2.505540
364 -2.637416 0.336725 -86.217299 3.047257 467.078987 1.662171
364 -2.560988 0.777978 -77.458267 3.615302 464.898045 1.509314
364 -3.556870 0.613763 -87.456394 0.303342 349.210967 3.501078
364 -2.170736 0.426576 83.836906 2.091566 435.705965 0.728811
364 -1.969550 0.674652 -78.382338 3.410310 451.499629 0.326439
364 -2.959947 0.568809 -83.612948 1.614860 401.351576 2.307233
364 -2.190733 0.590042 73.948295 2.098759 478.605835 0.768805
364 -4.968693 0.701489 -84.506019 2.683029 471.883163 6.324724
364 -1.904559 0.611950 81.491878 2.510343 463.685094 0.196456
365 -1.957760 0.714941 -86.152029 1.858369 404.564972 0.302858
365 -2.322738 0.574981 76.505161 1.275200 418.873675 1.032815
365 -2.158735 0.772199 -82.794021 3.856269 480.557162 0.704808
365 -3.212377 0.653601 81.275389 0.322778 364.705912 2.812092
365 -1.916598 0.382467 80.449581 2.909380 470.127514 0.220533
365 -2.478982 0.788519 -79.903945 3.291317 461.757163 1.345302
365 -3.002895 0.374785 70.859537 1.802749 428.673804 2.393128
365 -2.136479 0.485500 71.877070 2.809154 485.601863 0.660296
365 -2.280815 0.366999 72.631905 3.142297 488.660176 0.948968
365 -2.124628 0.494256 64.936368 1.845289 461.572540 0.636595
366 -2.017515 0.575067 -85.949274 4.143716 492.669301 0.422369
366 -5.445018 0.737644 61.265743 1.506721 471.741021 7.277374
366 -2.578744 0.798572 -89.393870 3.292345 495.976519 1.544826
366 -2.665305 0.677335 -83.898935 0.873040 368.735771 1.717949
366 -2.423211 0.295470 67.842596 2.371857 464.036249 1.233760
366 -3.702452 0.744808 -82.126010 3.161049 475.042432 3.792242
366 -1.999369 0.350297 67.057333 2.637487 477.232134 0.386077
366 -1.940917 0.467360 -89.936610 3.573397 486.843503 0.269173
366 -2.205633 0.289056 58.845757 2.902537 493.516089 0.798604
366 -2.246879 0.582445 -82.611630 3.441989 469.609668 0.881096
367 -2.145805 0.580432 -87.944471 4.183103 497.083702 0.678948
367 -2.839397 0.739546 67.076925 1.675034 482.666349 2.066133
367 -2.464219 0.776476 87.187635 3.220120 494.778837 1.315777
367 -2.836301 0.669346 87.170970 0.413418 361.500321 2.059941
367 -3.055285 0.357593 71.912640 2.928529 474.458766 2.497909
367 -1.948489 0.769575 -88.233339 2.720175 452.143136 0.284317
367 -2.184485 0.512590 82.313617 3.095343 490.131607 0.756308
367 -1.905692 0.440600 87.915125 3.642918 490.639658 0.198722
367 -2.490206 0.280841 64.104628 2.825845 492.091612 1.367750
367 -1.981707 0.720492 -85.965918 3.375176 464.950994 0.350752
368 -1.886332 0.624987 87.331472 2.729461 456.956055 0.160003
368 -2.107227 0.774068 73.766035 1.475777 474.120726 0.601792
368 -2.244687 0.739376 82.023367 2.705371 495.538647 0.876712
368 -2.800099 0.710330 89.895980 0.279288 358.045323 1.987537
368 -1.945043 0.517743 78.520131 2.679113 479.401025 0.277425
368 -2.688795 0.753998 -88.947494 2.742488 436.009153 1.764928
368 -2.265663 0.587816 72.054185 1.473895 445.218207 0.918663
368 -2.145455 0.413197 81.391615 3.107872 474.041801 0.678249
368 -2.547784 0.340031 59.783715 2.139896 461.155045 1.482907
368 -2.530445 0.621206 -79.941168 3.742698 463.341358 1.448228
369 -2.506146 0.653487 -76.792131 4.061024 479.523765 1.399630
369 -2.103502 0.749230 71.027929 1.464637 478.278391 0.594342
369 -2.005178 0.795626 -86.662300 2.578300 437.146984 0.397694
369 -2.988474 0.725720 84.531968 0.144230 359.301519 2.364286
369 -2.189942 0.330358 78.905393 2.855286 477.760934 0.767221
369 -2.071138 0.794403 -81.857659 2.401864 414.845576 0.529614
369 -2.256732 0.532037 -84.580881 2.078992 416.506565 0.900803
369 -2.019856 0.405947 81.075739 2.242548 442.418027 0.427051
369 -2.127712 0.412230 58.379080 2.503443 498.688832 0.642762
369 -1.939499 0.541400 80.292838 2.603638 473.582884 0.266337
370 -2.198412 0.564913 -79.172123 3.826641 476.923030 0.784162
370 -1.882549 0.619983 69.991754 2.337197 496.645623 0.152437
370 -1.824766 0.713369 -86.452023 2.341518 427.586690 0.036870
370 -3.718175 0.717823 -86.648388 0.099576 354.875454 3.823688
370 -2.413627 0.234901 82.455035 3.343840 493.448069 1.214592
370 -2.867533 0.769750 -75.217823 2.450598 419.970966 2.122405
370 -2.469510 0.267369 74.700691 2.476853 456.286454 1.326359
370 -2.900866 0.725625 84.942501 1.318766 396.568112 2.189071
370 -1.929637 0.455048 57.832472 2.400007 494.626357 0.246612
370 -1.873851 0.554118 78.394263 2.593212 472.801712 0.135041
371 -3.636395 0.663742 -82.610529 3.419731 480.711963 3.660129
371 -6.200897 0.790682 -55.006170 3.479874 421.005897 8.789132
371 -2.041945 0.673099 -85.784261 1.708867 405.864745 0.471228
371 -2.465346 0.536635 61.211306 2.010188 492.718586 1.318030
371 -2.527567 0.196534 83.359109 3.447257 495.755252 1.442472
371 -1.918345 0.793254 -84.199569 2.270351 432.148955 0.224028
371 -1.985542 0.791934 88.310588 2.048012 456.397020 0.358422
371 -3.384135 0.607647 83.951314 1.297687 422.399161 3.155609
371 -2.092578 0.535253 75.230181 2.762184 481.082372 0.572494
371 -3.059906 0.777056 -88.226504 1.403008 429.186729 2.507151
372 -2.128107 0.575964 89.381426 3.719527 485.789199 0.643553
372 -6.919099 0.722933 -53.259503 3.975055 441.134063 10.225537
372 -2.152392 0.645048 -83.351000 2.581577 423.396831 0.692123
372 -2.651630 0.750360 -83.790634 2.098207 401.941208 1.690599
372 -2.897239 0.190147 77.005508 2.972655 475.798382 2.181816
372 -2.061128 0.748140 79.074566 1.318326 443.523485 0.509595
372 -1.989862 0.794271 82.973786 1.839341 472.852013 0.367062
372 -2.742410 0.753299 83.557930 2.150700 440.358745 1.872159
372 -3.796509 0.476088 69.459122 2.976083 483.151465 3.980357
372 -1.915005 0.314918 72.032293 2.931150 486.964314 0.217348
373 -3.681880 0.737797 61.907556 0.768437 451.039374 3.751098
373 -3.239156 0.718043 71.344691 0.925285 451.233235 2.865649
373 -5.940799 0.792572 81.632342 1.591095 401.917625 8.268935
373 -1.954270 0.774739 -79.080537 2.137451 407.103482 0.295878
373 -3.470112 0.173881 75.671098 2.817515 471.759646 3.327563
373 -2.017121 0.733979 78.065821 1.445965 447.424056 0.421579
373 -2.224961 0.760636 75.494254 1.959368 479.286838 0.837261
373 -1.958129 0.572440 85.657378 1.899655 422.331329 0.303596
373 -1.972403 0.467771 89.967326 3.861552 497.062709 0.332144
373 -1.903968 0.348275 72.413598 3.203811 496.001415 0.195275
374 -2.817841 0.332870 -84.742535 3.850484 490.789446 2.023021
374 -2.167614 0.759759 75.670999 1.374185 455.088174 0.722566
374 -3.731061 0.529244 44.103781 1.920223 492.828866 3.849460
374 -2.345793 0.543003 76.709972 2.050439 463.528117 1.078924
374 -2.014791 0.586573 -84.785595 3.379737 468.678924 0.416920
374 -2.605388 0.760983 88.090486 1.527966 440.914093 1.598115
374 -3.936617 0.745577 -83.677596 1.477726 417.500239 4.260572
374 -1.937223 0.563879 87.563472 2.058890 424.234060 0.261785
374 -2.243992 0.476269 -77.447956 4.238828 493.559753 0.875322
374 -1.950608 0.419795 78.164147 2.528743 457.890847 0.288555
375 -5.151965 0.353051 -81.966298 3.161741 475.205282 6.691269
375 -3.626291 0.795237 86.247968 1.345266 459.446782 3.639921
375 -1.909695 0.695098 70.544691 2.100424 497.353935 0.206728
375 -3.286005 0.386908 45.881664 2.448916 493.114986 2.959349
375 -3.645705 0.576654 80.541107 2.240173 430.199351 3.678748
375 -5.448500 0.678789 69.335076 2.308916 465.200303 7.284337
375 -2.207643 0.734194 86.404717 1.043569 395.597844 0.802623
375 -2.970649 0.734549 77.736950 0.566681 395.183406 2.328636
375 -2.326311 0.452029 86.621845 2.850539 470.398240 1.039960
375 -2.093758 0.482264 -83.627010 2.743578 441.835082 0.574855
376 -2.581762 0.341957 84.318681 2.125893 434.981842 1.550863
376 -2.097459 0.763946 89.176984 2.764329 458.855851 0.582257
376 -2.358391 0.781819 73.299524 1.783242 484.853613 1.104120
376 -3.277639 0.415277 52.589112 2.144401 473.317013 2.942615
376 -2.028841 0.559418 84.281462 1.922924 423.838124 0.445021
376 -3.510665 0.636166 69.832185 1.011501 414.357295 3.408669
376 -2.540663 0.605858 88.945800 1.018017 378.120203 1.468665
376 -3.291129 0.713060 -78.655366 1.927633 411.492246 2.969597
376 -3.725083 0.774128 79.995466 2.829808 478.730935 3.837504
376 -2.336865 0.547893 87.979383 2.870576 449.044344 1.061068
377 -2.456026 0.415071 81.645342 1.704496 419.491846 1.299391
377 -1.874089 0.739384 -82.868994 2.842752 441.715718 0.135517
377 -2.451693 0.565262 -88.694873 2.880229 465.286446 1.290725
377 -2.862690 0.380343 58.924683 1.941359 453.797819 2.112717
377 -3.740999 0.516005 67.603421 0.941875 417.685729 3.869336
377 -2.127919 0.591213 -88.619064 1.721606 410.032332 0.643177
377 -1.925351 0.490835 86.701814 3.383461 482.991155 0.238040
377 -2.574988 0.619447 -83.703901 1.246851 378.756274 1.537315
377 -2.041408 0.471292 78.069256 2.287017 460.259157 0.470155
377 -2.179335 0.597025 79.958837 2.707689 468.800221 0.746008
378 -2.154841 0.612387 87.406613 1.991517 418.153301 0.697020
378 -2.062146 0.772928 -83.938910 1.849371 398.959009 0.511630
378 -3.175637 0.585669 80.616776 3.281034 478.818490 2.738613
378 -1.943736 0.590035 83.958279 2.778008 472.085526 0.274809
378 -2.154094 0.406133 71.721685 2.278759 466.032881 0.695527
378 -2.811315 0.629767 89.042038 0.735271 365.759989 2.009968
378 -2.954803 0.606472 65.883897 0.981977 429.022058 2.296945
378 -2.137326 0.450755 76.025722 2.036143 449.770713 0.661991
378 -2.366936 0.503765 73.643341 1.451345 426.663839 1.121210
378 -2.137091 0.617964 87.257045 2.721175 468.237494 0.661521
379 -1.938297 0.504049 86.299819 2.822278 456.005368 0.263932
379 -1.974635 0.786545 -79.022924 2.028685 401.799203 0.336609
379 -1.885144 0.615972 73.144419 2.059654 469.111155 0.157626
379 -2.099314 0.594271 -86.420366 4.240564 499.330965 0.585967
379 -2.040696 0.423401 83.799779 3.017226 467.172623 0.468730
379 -2.150753 0.573139 56.543210 1.892537 494.641685 0.688844
379 -2.241956 0.626445 -80.446084 3.445321 453.113891 0.871249
379 -1.869164 0.663871 79.896784 2.238338 467.018173 0.125665
379 -1.897611 0.456252 64.711413 2.275736 478.164279 0.182560
379 -2.093572 0.725437 87.050806 1.814007 443.079609 0.574482
380 -6.252897 0.524371 68.997022 0.881337 384.869670 8.893131
380 -1.960333 0.691638 -89.456909 1.784656 409.429036 0.308004
380 -2.593066 0.700691 88.512416 1.735387 438.200553 1.573470
380 -2.192460 0.325351 74.282190 3.463879 499.897445 0.772258
380 -2.095374 0.392444 82.091907 3.020982 469.638508 0.578086
380 -2.605110 0.651957 57.011700 1.515743 493.410533 1.597558
380 -3.117041 0.567864 83.603011 2.886273 453.102800 2.621420
380 -2.375756 0.541897 57.545973 1.758333 479.528786 1.138851
380 -4.276907 0.298499 67.471942 2.314540 447.514451 4.941152
380 -1.968211 0.680938 73.798645 1.880360 481.042704 0.323759
381 -3.607945 0.566678 69.679604 0.539355 390.747092 3.603229
381 -2.009396 0.680621 87.062704 2.306664 437.936804 0.406129
381 -2.217414 0.742680 -89.507191 0.865758 382.345374 0.822167
381 -1.959253 0.549706 -88.114905 3.398995 475.515476 0.305844
381 -2.242040 0.440375 79.021590 2.646280 475.693414 0.871417
381 -2.571329 0.642255 57.710008 1.577720 494.837939 1.529995
381 -2.025354 0.585927 75.793598 1.933299 461.074768 0.438045
381 -1.854112 0.463659 -88.945799 3.009424 459.758065 0.095563
381 -2.450028 0.781640 75.911366 1.270072 449.155251 1.287395
381 -2.298489 0.505806 77.543295 2.522814 479.836222 0.984316
382 -5.701334 0.661749 60.993512 0.160394 389.597589 7.790007
382 -3.168367 0.438199 -80.071555 2.978308 455.462379 2.724073
382 -4.068851 0.476532 63.357552 0.772437 403.199969 4.525040
382 -1.873185 0.732396 -83.794244 1.993557 407.753940 0.133708
382 -1.932895 0.437165 -87.150751 3.587586 483.679282 0.253128
382 -2.544084 0.638941 87.110984 2.391549 463.704619 1.475507
382 -2.573972 0.522627 65.465668 1.862859 454.986638 1.535283
382 -1.848745 0.480624 88.849091 2.995515 460.891996 0.084829
382 -2.342454 0.799856 76.776257 2.159020 495.839098 1.072246
382 -2.100525 0.791801 -88.051808 1.285892 410.332597 0.588388
383 -3.673764 0.688195 72.853836 0.220775 393.278864 3.734867
383 -2.093106 0.716343 88.603840 2.720072 451.930386 0.573551
383 -2.146622 0.450444 -82.678937 3.178938 456.960172 0.680583
383 -1.905069 0.725544 -82.914690 2.786147 440.823115 0.197476
383 -1.856184 0.437310 -89.398839 3.137036 466.076648 0.099706
383 -3.170876 0.604491 -81.988036 2.557417 441.659940 2.729090
383 -1.974752 0.515799 70.329384 1.988731 457.787852 0.336843
383 -2.181630 0.566155 -89.138890 2.188614 433.979802 0.750598
383 -2.327894 0.783971 -87.475890 3.801623 483.898136 1.043126
383 -2.138187 0.643771 -85.259203 4.297294 492.233365 0.663713
384 -7.018985 0.232506 60.149246 1.674633 432.323015 10.425309
384 -1.954277 0.664390 -89.481118 3.069980 462.501341 0.295892
384 -2.583890 0.555153 -86.604420 3.025749 466.783765 1.555119
384 -2.865992 0.392742 82.299089 3.136551 493.304635 2.119322
384 -3.833351 0.587377 86.601144 2.872643 490.711843 4.054039
384 -2.308121 0.611808 81.484989 1.999474 431.545370 1.003580
384 -2.078317 0.509723 70.054421 2.077550 471.383099 0.543973
384 -1.896867 0.588999 -88.826466 2.127012 421.558384 0.181072
384 -3.639485 0.511858 53.694770 1.267200 446.753794 3.666308
384 -2.263852 0.295336 65.221658 2.461680 469.116047 0.915042
385 -2.559557 0.270828 66.355250 2.359441 460.506605 1.506453
385 -2.340112 0.673292 87.430880 2.994347 459.217294 1.067562
385 -2.150583 0.627293 83.339058 1.347239 407.595335 0.688504
385 -1.878859 0.401990 77.005904 3.120471 491.840867 0.145057
385 -4.996301 0.756570 82.563787 3.361080 471.078002 6.379941
385 -2.102695 0.605266 -85.846331 2.282920 417.263798 0.592728
385 -2.317118 0.361701 69.257947 2.045172 450.510630 1.021573
385 -2.669015 0.599900 -79.586995 1.766132 395.685015 1.725368
385 -3.145485 0.180342 83.568561 3.232920 483.295507 2.678307
385 -2.892488 0.291398 58.409380 2.188323 460.529421 2.172314
386 -4.225815 0.283104 59.662084 2.386439 459.394622 4.838969
386 -3.224882 0.366953 83.386540 2.133549 443.340611 2.837102
386 -2.252083 0.587992 86.977014 1.432643 407.761773 0.891505
386 -1.854009 0.425986 78.918332 2.918209 480.451663 0.095356
386 -2.162396 0.746741 84.115487 1.721056 429.304741 0.712130
386 -2.013078 0.559587 -84.848387 2.420864 424.619809 0.413495
386 -3.147773 0.365945 -88.132680 2.090799 426.981392 2.682883
386 -2.504299 0.681670 -87.964935 1.049602 373.280768 1.395937
386 -2.586878 0.202070 84.148665 3.322785 488.957006 1.561095
386 -1.960182 0.327874 71.969868 2.934013 482.309140 0.307702
387 -3.232471 0.315998 61.110393 2.053560 448.874027 2.852281
387 -2.936714 0.381928 86.279638 2.400183 451.458890 2.260766
387 -1.972420 0.698513 88.233228 1.498225 414.058480 0.332178
387 -1.939868 0.402265 76.255773 3.136225 488.419788 0.267074
387 -4.311777 0.251191 62.709884 1.726138 428.621742 5.010892
387 -2.045398 0.788897 -80.451379 3.156519 451.879412 0.478135
387 -2.612826 0.292991 81.650953 2.322770 445.940219 1.612989
387 -1.994395 0.661018 -88.474269 1.564418 401.970496 0.376129
387 -3.152910 0.198342 85.806376 3.662647 497.807761 2.693159
387 -3.545018 0.309794 -87.978489 3.159806 479.220375 3.477374
388 -5.387706 0.299394 76.156873 1.820879 436.917818 7.162750
388 -1.846556 0.503897 -88.465269 3.260288 467.947182 0.080450
388 -2.114844 0.642377 85.463822 1.753630 416.063563 0.617026
388 -2.033657 0.490046 71.402502 2.823581 490.315396 0.454652
388 -2.454201 0.623522 81.911235 2.983436 498.044982 1.295741
388 -3.845707 0.757918 -74.763898 3.112413 449.122911 4.078751
388 -2.832241 0.289390 78.506682 3.150374 494.219175 2.051820
388 -1.936269 0.563293 -83.057669 3.826102 480.212983 0.259876
388 -4.208569 0.207374 81.442359 3.677526 497.361199 4.804476
388 -1.940945 0.337399 78.075056 3.179438 484.618169 0.269227
389 -2.657766 0.330426 63.159821 2.041450 451.036870 1.702871
389 -1.910089 0.555028 67.009054 2.026729 478.326140 0.207516
389 -3.909010 0.580219 70.075644 0.996540 430.582995 4.205358
389 -2.403989 0.762574 70.925260 1.525417 475.539161 1.195317
389 -2.226325 0.644432 77.153892 2.692692 485.007304 0.839988
389 -1.833953 0.631784 -89.090693 2.293567 429.752988 0.055245
389 -2.610854 0.363727 81.613248 2.549850 463.699132 1.609045
389 -2.366598 0.524683 -76.753032 3.750928 472.738508 1.120535
389 -3.166284 0.189241 -88.110575 3.664554 499.271617 2.719905
389 -2.341042 0.433155 -88.236685 3.043244 468.164305 1.069423
390 -2.092916 0.437072 -86.249739 2.864607 453.499995 0.573170
390 -2.498757 0.719718 88.647345 3.745476 496.658294 1.384852
390 -2.221066 0.584462 85.211561 1.622735 408.157204 0.829471
390 -2.054985 0.760244 73.229758 1.644702 479.390759 0.497308
390 -3.074591 0.505578 67.182801 1.668283 436.540570 2.536521
390 -2.385895 0.667648 -85.880100 1.984196 424.627895 1.159129
390 -2.099757 0.701688 -77.988802 2.472406 416.555666 0.586852
390 -4.890496 0.549011 -73.430567 3.463130 466.042583 6.168329
390 -2.563097 0.194681 83.026608 3.386850 492.866349 1.513533
390 -1.839058 0.434250 87.462459 3.044500 466.741480 0.065454
391 -1.954536 0.503570 -86.676608 2.796212 443.523607 0.296410
391 -2.296960 0.773847 -87.120632 3.846509 488.589711 0.981259
391 -5.333050 0.547098 71.105152 2.167564 439.369808 7.053437
391 -2.940218 0.734159 76.196118 1.463077 477.743828 2.267774
391 -2.199154 0.475708 84.397723 3.522636 499.750720 0.785645
391 -2.652091 0.645167 88.420427 1.942613 408.919536 1.691521
391 -2.065037 0.521585 70.730796 2.855249 498.770279 0.517411
391 -3.226597 0.567421 74.371198 0.656114 392.929764 2.840533
391 -2.263706 0.537125 82.388879 1.637645 425.389794 0.914750
391 -2.109050 0.472656 86.414803 2.722594 449.130502 0.605439
392 -1.911408 0.536624 81.208693 2.834943 477.069965 0.210154
392 -2.882929 0.779396 89.983175 4.171699 496.758936 2.153197
392 -1.873717 0.561049 -85.517374 3.476152 469.898754 0.134772
392 -2.020785 0.792859 76.809256 1.572198 485.862070 0.428909
392 -1.827313 0.412710 81.841258 2.933656 473.563649 0.041964
392 -2.952036 0.731023 -78.385913 1.776504 402.787397 2.291410
392 -5.340202 0.667194 79.030071 0.383347 399.577004 7.067743
392 -4.458612 0.505269 70.909013 0.938040 390.271700 5.304563
392 -2.352594 0.631558 77.814322 1.444778 440.207620 1.092527
392 -2.424913 0.457085 89.422774 3.034791 454.932570 1.237164
393 -2.475090 0.679150 72.425461 1.994746 467.262618 1.337518
393 -1.841112 0.479985 67.920420 2.436556 485.557760 0.069563
393 -2.074727 0.637075 89.292161 3.359181 478.338436 0.536792
393 -2.640350 0.756709 74.736032 1.352791 479.213786 1.668038
393 -2.270745 0.414067 84.777593 2.261220 443.707946 0.928828
393 -1.896170 0.696962 -86.247372 2.549878 441.024376 0.179677
393 -3.902177 0.717989 71.447392 0.887097 414.730144 4.191693
393 -4.995651 0.488012 73.822340 0.361999 360.669448 6.378640
393 -3.675413 0.488060 -79.321645 3.671696 483.619069 3.738164
393 -2.903240 0.628479 68.902099 1.033994 437.080556 2.193818
394 -2.876136 0.628510 73.741719 1.088078 432.188461 2.139611
394 -2.153374 0.539512 70.722690 2.068304 475.547773 0.694086
394 -2.233188 0.728409 -89.734801 2.979194 475.411219 0.853715
394 -2.368891 0.758076 76.212517 1.386037 472.787170 1.125120
394 -3.680408 0.276124 82.897228 1.803978 418.106497 3.748154
394 -1.844355 0.683800 -85.071109 2.531939 434.170585 0.076049
394 -2.605075 0.448847 75.332488 1.665888 421.265548 1.597488
394 -2.748945 0.777045 66.114338 1.043748 482.675185 1.885229
394 -2.396824 0.784339 83.753596 1.696622 432.254473 1.180986
394 -2.450900 0.622617 64.409533 1.412132 457.228848 1.289138
395 -1.998073 0.590935 -80.154461 3.406169 459.055581 0.383485
395 -3.965055 0.734771 66.334116 1.481033 462.683230 4.317447
395 -3.303995 0.703552 -87.460182 2.419441 414.891954 2.995329
395 -2.345877 0.528242 72.521108 1.446644 427.503201 1.079092
395 -3.121856 0.289016 78.637925 1.916075 426.148578 2.631050
395 -1.890939 0.641347 -81.901710 3.153666 446.514349 0.169217
395 -2.457234 0.474128 83.123067 1.695850 411.194514 1.301806
395 -3.844844 0.650778 75.143546 1.390945 460.522245 4.077026
395 -2.303087 0.782328 86.096067 1.963399 434.228585 0.993513
395 -2.643332 0.662289 71.330607 1.768796 454.983983 1.674003
396 -2.744276 0.621556 83.854218 3.175700 470.444995 1.875891
396 -2.920703 0.733157 75.077006 1.856342 456.377707 2.228744
396 -2.190391 0.589191 -77.227265 3.533869 460.297854 0.768121
396 -2.314224 0.580070 -85.446455 2.357810 434.235646 1.015787
396 -2.395766 0.684633 74.504781 1.389565 457.423620 1.178871
396 -2.390788 0.624526 -75.098200 3.487434 453.584518 1.168914
396 -2.681162 0.447609 72.935040 1.481437 426.975833 1.749663
396 -2.102439 0.467303 78.237692 1.831341 431.071621 0.592217
396 -2.202974 0.743238 81.983722 1.876683 442.939239 0.793286
396 -2.031511 0.613307 -88.075828 1.978712 421.302757 0.450360
397 -2.682902 0.622896 83.870248 2.911219 459.510224 1.753143
397 -2.308347 0.789236 72.436898 1.307718 473.529823 1.004033
397 -2.408389 0.382126 81.433215 1.952217 425.910907 1.204115
397 -2.786475 0.504875 72.396880 2.477955 494.013425 1.960289
397 -3.451979 0.450436 78.728302 2.523707 444.760594 3.291297
397 -2.080447 0.699390 80.165373 2.030670 451.816757 0.548232
397 -1.900714 0.382811 71.025649 2.521083 473.251745 0.188766
397 -3.129634 0.284426 80.561365 2.145617 440.757842 2.646606
397 -2.112028 0.498177 89.373453 2.719411 457.609963 0.611395
397 -2.098987 0.688203 -82.362822 2.094164 415.313753 0.585313
398 -2.188306 0.668458 -82.225633 3.383942 450.411152 0.763951
398 -2.508157 0.390261 -79.045830 3.621061 478.321078 1.403653
398 -4.013408 0.432580 -86.393702 4.155513 492.923276 4.414155
398 -3.007085 0.598376 -80.779070 2.551644 436.991297 2.401509
398 -1.910394 0.517304 -89.093211 2.678455 442.340767 0.208127
398 -2.139311 0.658653 81.969862 1.555895 436.291450 0.665960
398 -2.581375 0.256722 56.654582 2.911164 491.487803 1.550088
398 -3.746878 0.305899 88.695041 2.076173 431.319515 3.881094
398 -1.920326 0.517341 -89.806272 2.670916 442.890656 0.227991
398 -4.685845 0.461309 83.704471 2.931812 448.843502 5.759028
399 -2.117982 0.614353 -85.273238 3.741472 471.174063 0.623303
399 -2.159827 0.271918 81.413988 3.130869 477.885593 0.706992
399 -3.703520 0.382058 -74.838704 3.970122 493.755304 3.794379
399 -1.857257 0.577563 -87.244619 2.514276 436.524463 0.101853
399 -2.010015 0.542402 85.104948 3.093280 470.983609 0.407368
399 -1.861678 0.673265 81.648869 2.037880 450.663739 0.110695
399 -2.154136 0.280813 63.314637 2.789745 488.145085 0.695611
399 -1.993071 0.751430 -84.317817 2.943778 439.713881 0.373480
399 -1.877076 0.727164 -86.986142 2.607698 437.996671 0.141491
399 -1.914160 0.453259 60.394371 2.351233 490.920185 0.215658
400 -1.871320 0.533262 -86.306157 3.450609 471.568643 0.129978
400 -2.214384 0.358310 74.212517 2.670301 478.324675 0.816106
400 -2.081307 0.683624 -86.054940 1.406362 390.694059 0.549953
400 -2.789911 0.296817 53.581869 2.608160 490.530320 1.967161
400 -2.024499 0.548257 85.419805 3.131050 471.826177 0.436336
400 -2.805871 0.630597 -79.998325 3.336984 463.988061 1.999080
400 -1.957031 0.347956 66.575824 2.765019 490.557822 0.301400
400 -2.602030 0.794238 87.847914 1.909940 420.999124 1.591398
400 -1.936275 0.429733 84.455721 3.556706 494.385646 0.259888
400 -2.021634 0.448567 68.564340 2.699673 485.252804 0.430606
401 -2.028385 0.532336 -82.095300 3.856176 482.889332 0.444108
401 -4.647975 0.303439 45.895556 2.164902 465.162887 5.683288
401 -2.744000 0.553507 83.333018 1.185143 405.016252 1.875339
401 -2.487219 0.271896 58.132134 2.574046 478.884374 1.361776
401 -3.847244 0.516833 71.649894 3.241534 493.334486 4.081826
401 -3.133623 0.642388 84.499960 3.818690 492.842815 2.654584
401 -3.024249 0.247377 59.231106 2.874346 495.348593 2.435836
401 -2.655299 0.711406 73.394309 0.835249 426.480415 1.697935
401 -3.148880 0.425459 89.240018 3.344001 491.281000 2.685097
401 -2.692024 0.436450 64.413197 2.791034 489.535986 1.771386
