#Nsample
#ln(Lhood)
#O1 : emass
#O1 : theta (deg)
#O1 : rc (arcsec)
#O1 : sigma (km/s)
#Chi2
1 -2.314185 0.384557 -83.075094 1.784021 332.603782 2.822039
1 -3.681060 0.083933 67.187892 2.525579 412.003154 5.555789
1 -2.477032 0.353203 -49.325639 2.352303 381.434551 3.147733
1 -1.257045 0.312863 -22.152772 0.118486 235.533237 0.707759
1 -1.569877 0.122761 -25.809028 1.791415 341.657793 1.333423
1 -1.550786 0.076452 55.716626 1.894269 359.838445 1.295241
1 -1.535779 0.102542 -27.186018 1.817692 355.942410 1.265228
1 -1.827374 0.261300 70.192526 1.270663 322.220847 1.848418
1 -2.649731 0.365457 70.883732 1.084118 270.839448 3.493131
1 -1.816453 0.170001 8.320721 0.521431 257.721462 1.826575
2 -3.405510 0.363982 -13.252405 2.470571 414.457968 5.004689
2 -1.112596 0.387793 -75.502711 0.644253 237.767909 0.418861
2 -1.101570 0.259634 -34.074643 0.600117 260.799999 0.396808
2 -1.423696 0.276987 -12.447833 0.929662 306.821652 1.041061
2 -1.562977 0.272305 -47.513675 1.197280 301.536046 1.319623
2 -1.635287 0.138131 6.247120 2.257931 389.518987 1.464244
2 -2.190419 0.264787 18.082461 1.768057 355.797430 2.574507
2 -1.689534 0.122944 75.133094 1.146522 302.840632 1.572738
2 -1.603012 0.264192 -12.927431 1.642561 352.193787 1.399692
2 -0.992986 0.285461 -20.923053 0.466291 254.289892 0.179640
3 -1.320028 0.226197 -34.751879 1.385900 318.020468 0.833725
3 -1.592987 0.247735 46.435712 0.962881 290.295552 1.379642
3 -1.918991 0.283246 -40.673609 2.640171 396.580790 2.031650
3 -2.398388 0.281784 58.284049 2.092913 389.642503 2.990445
3 -1.436286 0.280079 -50.627949 1.366668 306.970705 1.066242
3 -0.970420 0.121280 17.411688 2.772303 426.442655 0.134509
3 -1.232335 0.302651 19.899789 2.820047 461.066240 0.658340
3 -1.214917 0.138868 76.462064 0.668869 257.263573 0.623502
3 -2.552876 0.300191 -7.688268 1.956516 400.715902 3.299422
3 -1.077931 0.299612 -30.258582 0.508020 257.247789 0.349532
4 -0.965057 0.275026 -71.690488 1.611542 313.089711 0.123783
4 -1.304094 0.307557 29.788969 1.519294 354.376433 0.801857
4 -2.056810 0.282421 1.879526 2.882935 459.058067 2.307289
4 -2.110571 0.235005 51.055041 1.962437 359.582791 2.414811
4 -1.736254 0.229765 45.209662 1.380743 324.318245 1.666177
4 -2.011181 0.175165 -43.724676 2.993697 424.605424 2.216030
4 -4.292325 0.371195 -1.861844 3.859174 450.613560 6.778318
4 -1.551652 0.131214 77.292972 0.316877 238.199794 1.296973
4 -1.572965 0.280451 29.148049 2.077124 406.821259 1.339598
4 -1.000180 0.295272 -35.511587 0.434440 244.201831 0.194028
5 -2.105055 0.084870 79.644781 2.238219 381.736145 2.403779
5 -3.140737 0.291372 52.901150 2.636180 421.640804 4.475144
5 -2.032200 0.278458 2.137517 3.083808 464.526871 2.258070
5 -1.101866 0.203996 14.627663 0.619507 269.883206 0.397401
5 -2.706052 0.115909 -57.161639 3.504764 457.157661 3.605773
5 -2.356029 0.216184 -34.335158 2.374435 398.085314 2.905728
5 -3.575266 0.380840 -21.242554 4.434671 493.400338 5.344202
5 -1.429791 0.148407 72.861757 0.723400 269.930923 1.053252
5 -3.452630 0.322893 30.923127 2.171270 400.590022 5.098930
5 -1.063205 0.229127 -70.588784 0.457504 234.403363 0.320080
6 -1.379111 0.120017 89.399033 2.261940 369.108270 0.951892
6 -1.896274 0.293457 71.841084 1.512048 338.104605 1.986217
6 -2.873498 0.246291 -0.400039 3.496677 496.792932 3.940665
6 -0.942547 0.193315 -28.825945 0.137899 222.952777 0.078764
6 -1.585834 0.120412 -41.781931 3.124561 429.837617 1.365337
6 -3.059720 0.336164 -8.649321 1.885697 404.915911 4.313109
6 -3.809389 0.398664 -22.287467 4.437237 494.976047 5.812448
6 -1.866403 0.180623 -46.260603 0.932209 286.877492 1.926475
6 -2.194658 0.275152 66.864426 2.429939 393.129883 2.582986
6 -1.243943 0.233869 -70.218187 0.113450 216.731294 0.681554
7 -1.212960 0.086617 -81.851797 2.946979 418.035957 0.619589
7 -1.858991 0.293692 51.151368 1.460245 325.119062 1.911652
7 -1.765242 0.056542 -15.785174 3.815529 481.792023 1.724154
7 -0.992269 0.177081 20.799023 0.292008 244.198348 0.178207
7 -1.490194 0.229289 -28.005762 1.749621 341.443759 1.174056
7 -1.706111 0.366945 2.798429 1.671793 381.850696 1.605892
7 -2.180521 0.393540 -48.734455 3.110560 414.450436 2.554712
7 -1.395721 0.294642 -4.436037 0.757346 280.150380 0.985111
7 -1.852974 0.313945 71.353876 2.322790 369.241533 1.899617
7 -0.958040 0.264791 -74.073357 1.043118 277.051195 0.109749
8 -2.412273 0.147305 -61.985074 2.502379 390.568929 3.018214
8 -1.377837 0.269097 30.930567 1.786241 371.769195 0.949343
8 -1.663437 0.055599 -11.661896 3.398128 458.453465 1.520543
8 -2.664583 0.150809 86.890691 2.521437 399.886665 3.522835
8 -1.879629 0.323927 -15.898510 0.993373 280.169222 1.952927
8 -0.920479 0.358442 16.063128 1.877050 392.874990 0.034627
8 -1.775812 0.373785 -37.412016 2.658522 381.506785 1.745294
8 -2.757165 0.308176 -30.310016 2.755689 418.315442 3.707999
8 -0.904021 0.117964 -67.519448 1.089177 287.689527 0.001710
8 -2.144257 0.285068 52.662603 1.786523 376.186590 2.482184
9 -1.980835 0.151614 -20.168345 2.565521 413.768941 2.155340
9 -1.470523 0.265344 45.631768 0.385112 245.759587 1.134715
9 -1.201157 0.177441 18.180855 2.006853 374.414415 0.595982
9 -1.204958 0.215638 -85.062752 2.128873 353.225663 0.603586
9 -1.106390 0.140934 -57.570946 2.628169 391.808539 0.406450
9 -1.250064 0.381040 19.198305 2.182154 414.078337 0.693797
9 -2.306745 0.380428 -26.925600 2.753308 389.762737 2.807160
9 -2.119488 0.396654 0.685697 1.298805 331.205235 2.432645
9 -2.041925 0.108574 -70.548242 1.258742 305.394128 2.277520
9 -1.381307 0.239031 -70.829059 1.044804 282.822132 0.956283
10 -3.582542 0.263688 -56.347828 2.044224 370.407853 5.358752
10 -1.307438 0.354977 67.557978 0.128781 234.877688 0.808546
10 -1.591249 0.076270 -81.161486 0.150303 221.624295 1.376168
10 -1.156531 0.220764 -84.371966 2.098085 350.157370 0.506731
10 -1.365854 0.363140 -57.914169 0.853148 261.656111 0.925377
10 -6.173571 0.078952 -55.536384 2.670849 445.805296 10.540811
10 -1.695745 0.322675 22.919464 2.028752 413.752844 1.585158
10 -1.413822 0.323056 -36.938216 1.283900 292.488633 1.021313
10 -1.355095 0.119679 -81.872989 1.475964 317.195949 0.903858
10 -1.004802 0.237327 -78.754133 1.113151 282.167787 0.203274
11 -1.389488 0.290199 -47.761100 2.119636 352.071818 0.972646
11 -1.096938 0.369737 62.578902 0.389735 253.186549 0.387545
11 -2.391222 0.072514 -81.989638 0.203054 227.012787 2.976113
11 -1.493397 0.247194 70.151053 1.501175 316.032054 1.180463
11 -1.865281 0.254716 76.848273 2.253340 374.874706 1.924232
11 -1.386288 0.075818 17.322925 2.265734 391.935727 0.966245
11 -1.415811 0.271701 -6.740417 1.119328 309.669999 1.025291
11 -1.064797 0.333010 -26.101674 0.674780 269.066780 0.323262
11 -1.280528 0.104517 -76.794617 1.647721 331.401502 0.754724
11 -3.064323 0.343892 49.036999 2.324060 371.184401 4.322315
12 -2.372948 0.261546 -58.324009 2.397346 379.889055 2.939566
12 -1.835186 0.370161 49.999333 1.137664 301.139729 1.864042
12 -1.818456 0.296260 71.409471 2.152575 365.249329 1.830582
12 -1.683959 0.271661 62.868770 1.359042 305.523071 1.561587
12 -1.327775 0.204191 76.615275 1.287840 300.785107 0.849219
12 -1.346673 0.074192 29.950969 1.985597 368.469370 0.887015
12 -1.245079 0.180720 26.211601 1.794242 360.741535 0.683828
12 -0.955182 0.285215 -12.314980 0.251512 243.808606 0.104034
12 -2.021014 0.250806 -24.014811 1.653635 323.217841 2.235698
12 -1.011146 0.308139 -46.326232 0.303852 229.791653 0.215962
13 -2.753906 0.313313 -50.684361 1.713214 347.874285 3.701481
13 -2.782045 0.238895 50.380584 2.790365 417.333625 3.757758
13 -2.094427 0.392249 -35.299217 4.641788 482.858238 2.382524
13 -1.079167 0.387122 -77.699471 1.104172 269.558067 0.352004
13 -1.313474 0.083706 53.437935 0.574555 257.830853 0.820617
13 -1.459098 0.083125 -27.938601 2.475514 395.043968 1.111866
13 -1.738707 0.067465 72.472633 2.955554 425.621596 1.671083
13 -1.088902 0.295050 -12.505860 0.148518 229.351474 0.371473
13 -1.853354 0.392718 -31.394726 1.886457 353.752462 1.900377
13 -1.277754 0.315387 72.454302 0.340485 227.614159 0.749177
14 -1.840201 0.246385 -14.422230 1.912455 363.595486 1.874072
14 -2.618977 0.252608 -21.793319 3.298097 428.408501 3.431623
14 -2.051318 0.381110 -36.423366 4.696196 487.392506 2.296305
14 -1.160804 0.304097 25.188306 2.399687 429.101054 0.515276
14 -1.401762 0.081585 67.802788 0.569125 252.355974 0.997194
14 -2.077281 0.192493 -45.405539 3.883361 470.615340 2.348231
14 -1.914234 0.240426 80.451298 3.012714 416.082435 2.022137
14 -1.219054 0.290444 -40.373858 0.247437 220.960266 0.631777
14 -1.773213 0.380151 -38.182413 1.693255 342.358388 1.740095
14 -1.409230 0.262449 67.117782 0.996701 279.047143 1.012130
15 -1.730701 0.187018 -40.471524 1.544173 333.763464 1.655071
15 -1.129743 0.289811 -72.370656 2.931597 401.246852 0.453156
15 -1.722877 0.371302 -43.756602 4.915729 497.232473 1.639423
15 -1.208138 0.316700 13.042184 3.184832 480.429386 0.609946
15 -1.368368 0.384098 62.445762 0.603272 252.142241 0.930405
15 -1.877163 0.071359 -25.007221 4.122756 495.234188 1.947996
15 -1.102121 0.103971 22.409888 3.140430 454.295706 0.397911
15 -4.771106 0.114135 -18.977627 2.774915 451.769995 7.735882
15 -1.576736 0.387175 -37.776497 0.807871 287.201572 1.347140
15 -1.999240 0.113322 -5.643410 2.869075 428.937471 2.192150
16 -1.140366 0.193243 -24.815845 0.828022 273.584851 0.474401
16 -1.333452 0.336792 -21.420494 1.147666 305.657228 0.860573
16 -2.165416 0.387663 -47.362127 4.509138 482.837904 2.524502
16 -2.512340 0.351996 -17.196810 2.159171 386.831351 3.218350
16 -1.157591 0.368662 57.395872 0.648604 272.009797 0.508850
16 -1.665438 0.365826 -72.488374 1.747165 327.493281 1.524546
16 -2.020339 0.298802 -64.625871 2.744645 393.557196 2.234346
16 -1.718186 0.227875 -30.348166 1.967121 366.174078 1.630041
16 -0.942584 0.270338 -0.694629 0.364472 254.667915 0.078838
16 -2.679684 0.143420 -17.115969 3.934047 485.281594 3.553037
17 -1.586505 0.192018 -25.259148 1.056212 284.037135 1.366680
17 -1.576451 0.354322 -15.792785 1.413070 342.329697 1.346572
17 -1.365999 0.375422 -54.872044 4.786282 488.547846 0.925666
17 -1.886537 0.291848 10.751653 1.951789 405.662292 1.966744
17 -0.936335 0.216349 -72.793936 1.277655 296.135405 0.066338
17 -1.239398 0.313235 -36.616812 0.479212 236.614898 0.672465
17 -1.032894 0.360542 -49.989719 0.727008 250.268863 0.259458
17 -1.023975 0.254773 20.089897 2.005278 384.858093 0.241620
17 -1.860241 0.300212 -9.401262 0.477006 245.451081 1.914151
17 -2.244312 0.133854 -23.938941 3.845836 476.439183 2.682293
18 -1.331161 0.199146 -39.004901 1.479555 322.203215 0.855991
18 -1.793153 0.345781 -4.153593 1.544663 370.196839 1.779975
18 -1.773933 0.371028 -46.909352 3.078980 408.317382 1.741535
18 -3.479728 0.334529 49.802898 2.781009 473.624244 5.153125
18 -1.218453 0.144591 -40.129976 1.408639 315.554632 0.630575
18 -1.038095 0.281849 -22.132753 0.548922 257.505056 0.269860
18 -1.249797 0.353316 -27.769590 1.064855 295.279818 0.693263
18 -1.727048 0.181607 2.613606 2.666518 431.133477 1.647765
18 -1.032019 0.375193 22.121510 0.571906 287.135616 0.257708
18 -3.635783 0.215444 -5.842821 3.709553 467.871786 5.465235
19 -1.208923 0.225103 -84.216045 2.666468 387.380986 0.611514
19 -1.481688 0.327610 27.711421 1.811135 393.841468 1.157045
19 -0.904956 0.154596 -70.329734 1.850731 340.074384 0.003581
19 -2.830847 0.350837 70.836819 3.170981 431.671998 3.855364
19 -1.556923 0.282090 51.606777 0.049689 216.577438 1.307515
19 -2.940232 0.262052 -13.093596 0.416410 231.535670 4.074133
19 -3.204823 0.354743 -50.667223 0.443437 262.625786 4.603314
19 -2.461798 0.151917 -59.066421 0.187491 228.176316 3.117264
19 -3.067917 0.350915 -13.362553 2.367233 406.006960 4.329503
19 -0.973949 0.366511 -74.946782 0.532884 233.595138 0.141567
20 -1.540050 0.347007 -49.071697 2.481350 372.543615 1.273770
20 -3.047059 0.320987 81.002781 1.959005 371.072021 4.287787
20 -1.461847 0.153902 -39.662129 2.130229 367.194857 1.117364
20 -3.371950 0.319182 69.731095 1.353208 292.498446 4.937568
20 -1.325153 0.350860 47.536141 0.457112 255.741394 0.843975
20 -1.332661 0.361618 -30.354419 0.863851 267.188178 0.858992
20 -1.105604 0.152765 -68.027094 0.208286 224.065253 0.404877
20 -3.457796 0.395079 -50.829338 0.267997 252.495382 5.109262
20 -2.654290 0.368429 -25.718567 3.701825 448.485341 3.502250
20 -1.260474 0.384082 18.379797 0.881682 301.831328 0.714616
21 -1.131176 0.399937 -13.587414 0.067093 225.386242 0.456022
21 -2.228935 0.094611 55.421682 3.603635 463.033742 2.651539
21 -2.218647 0.198433 -37.860342 3.034372 430.144055 2.630963
21 -1.982667 0.327294 60.316041 1.840064 361.985105 2.159002
21 -1.340376 0.010731 -30.635500 1.675662 338.917531 0.874422
21 -1.034823 0.388628 -29.648812 0.443322 253.740146 0.263315
21 -1.238000 0.163206 -21.072698 1.163297 309.644470 0.669670
21 -1.488515 0.146977 -89.566603 1.739209 332.125589 1.170699
21 -4.009451 0.351169 -26.240061 3.082609 497.641882 6.212571
21 -0.979820 0.345583 -6.173723 0.142475 237.097119 0.153309
22 -1.122609 0.395151 -22.861395 0.156657 225.007648 0.438887
22 -1.663155 0.093479 71.576000 2.325669 385.053059 1.519980
22 -1.736864 0.096474 74.327753 1.637508 338.990625 1.667398
22 -1.300954 0.231235 40.487737 0.912978 297.358462 0.795578
22 -1.334183 0.008913 -27.298175 1.393198 318.107776 0.862036
22 -1.598878 0.326442 8.178422 0.106601 233.977172 1.391425
22 -1.927378 0.388579 -50.536828 1.656349 331.922530 2.048425
22 -2.784063 0.323414 67.499244 2.832209 418.512870 3.761795
22 -1.366614 0.079864 25.750980 3.532860 476.771974 0.926897
22 -0.992594 0.380387 -19.806362 0.150281 230.828652 0.178857
23 -1.316141 0.348487 -14.565872 0.678350 268.078585 0.825951
23 -1.827969 0.073729 52.406111 2.788404 417.997826 1.849608
23 -2.029138 0.085758 -83.829157 1.960383 355.537342 2.251944
23 -2.755307 0.345780 85.656381 2.959273 415.483875 3.704283
23 -1.816575 0.390605 -48.813723 1.424148 318.133184 1.826819
23 -1.448500 0.314213 -29.426703 1.473803 327.339364 1.090669
23 -0.939849 0.148759 17.969841 0.656690 271.072585 0.073367
23 -1.605260 0.282623 86.426811 2.626287 379.301049 1.404190
23 -1.514760 0.086351 15.685329 3.280098 463.460082 1.223190
23 -0.984395 0.347739 -26.567440 0.210554 230.390252 0.162460
24 -1.563755 0.260212 5.940586 2.958964 461.052560 1.321180
24 -1.505985 0.307184 -6.241025 1.258766 325.254310 1.205640
24 -2.601704 0.103831 -80.784756 1.901456 351.655560 3.397077
24 -1.396775 0.371584 -80.220989 0.056936 211.087259 0.987220
24 -1.250388 0.396188 -37.571485 1.039498 276.943152 0.694446
24 -2.109967 0.025723 -53.057526 1.395048 319.091127 2.413604
24 -1.136921 0.139966 28.380283 0.705312 276.506061 0.467511
24 -1.805468 0.216127 -51.985961 2.563926 383.109252 1.804605
24 -1.281276 0.139016 23.287705 3.461542 471.538728 0.756221
24 -1.326204 0.319798 -33.036764 0.185716 236.975225 0.846077
25 -1.863236 0.277550 3.255873 2.887059 458.519571 1.920142
25 -1.396256 0.326108 -9.797238 1.274885 335.717778 0.986181
25 -1.778960 0.370985 74.965842 1.174205 312.972504 1.751589
25 -1.313411 0.383706 -71.802316 0.031026 210.498715 0.820492
25 -1.677202 0.197335 47.470031 1.744791 365.084773 1.548073
25 -1.755634 0.368865 -33.356968 2.086691 352.259635 1.704937
25 -1.542078 0.145177 11.147593 0.246337 236.916892 1.277826
25 -1.633140 0.344840 24.246634 2.560845 436.941955 1.459949
25 -0.942120 0.157978 15.136680 3.669244 491.118470 0.077908
25 -1.318442 0.291906 -17.984296 1.181414 310.589728 0.830553
26 -1.078891 0.273235 11.779904 3.140076 473.470319 0.351452
26 -1.598534 0.346497 -38.264384 1.958260 348.300132 1.390737
26 -2.170233 0.351520 75.743732 1.235263 322.527272 2.534135
26 -3.105403 0.032730 84.507371 0.366924 240.147732 4.404475
26 -2.430262 0.235595 12.379595 0.780159 280.984875 3.054194
26 -1.205311 0.246587 32.028821 1.178264 326.165603 0.604292
26 -1.058477 0.307862 31.590763 0.220585 248.153775 0.310623
26 -2.509608 0.324017 47.424760 2.982617 464.460032 3.212885
26 -1.414480 0.307433 31.236464 2.239584 412.589103 1.022630
26 -0.924560 0.247997 16.226155 1.866336 376.651877 0.042788
27 -3.277259 0.281731 -10.969879 3.368916 486.475485 4.748188
27 -3.147888 0.328370 -61.011577 2.547672 389.965947 4.489444
27 -1.634628 0.165509 72.260504 2.078622 356.578351 1.462925
27 -1.568167 0.144201 70.929250 2.039459 361.302294 1.330003
27 -2.585508 0.315689 12.680634 1.631957 385.873756 3.364686
27 -1.131344 0.285796 14.692540 1.054716 310.561820 0.456357
27 -1.132607 0.290203 26.059145 0.043481 233.748048 0.458883
27 -3.713452 0.240471 -26.749687 2.512538 432.671461 5.620573
27 -1.513706 0.372583 82.301156 1.865639 332.724606 1.221081
27 -1.072190 0.291723 65.526452 0.203433 233.103826 0.338049
28 -2.231787 0.077567 43.225509 3.494809 463.691454 2.657243
28 -1.655309 0.371848 23.754790 1.494852 347.892618 1.504287
28 -1.532411 0.160385 76.125576 2.060669 358.087780 1.258492
28 -1.296631 0.398597 74.282957 1.031326 284.239891 0.786931
28 -2.386986 0.276780 0.025723 2.168949 413.037926 2.967642
28 -1.421228 0.309343 12.509920 2.968853 462.948611 1.036124
28 -1.287801 0.297873 -1.974446 0.816713 290.454978 0.769270
28 -1.574566 0.258575 73.857041 1.834697 342.791737 1.342800
28 -1.213040 0.391035 65.917880 0.796918 277.159173 0.619749
28 -2.511844 0.248385 84.040462 2.779115 410.568838 3.217357
29 -2.160118 0.034471 50.595241 3.483479 458.230746 2.513905
29 -1.855970 0.334326 35.366074 1.098855 320.452591 1.905609
29 -2.605223 0.078545 20.382469 2.553165 415.306665 3.404115
29 -1.365191 0.214418 44.360462 1.112315 310.466364 0.924051
29 -2.478339 0.129856 -66.827346 0.049981 216.345132 3.150347
29 -2.855553 0.260131 -1.624984 2.945235 462.551765 3.904776
29 -1.835253 0.253692 49.356441 1.314533 312.337866 1.864175
29 -2.310936 0.373567 44.952995 1.390107 320.489154 2.815542
29 -1.150311 0.382669 50.704923 0.670355 285.996815 0.494292
29 -1.677841 0.239915 -53.234634 2.632486 389.879814 1.549351
30 -3.354407 0.035923 63.055917 3.690518 478.758615 4.902484
30 -1.708452 0.054868 50.441334 0.251551 234.791008 1.610573
30 -1.233858 0.399574 77.520184 0.108222 225.973907 0.661386
30 -1.998635 0.144123 54.258857 1.233050 320.543399 2.190938
30 -1.039874 0.124623 -73.480159 0.333678 232.704680 0.273418
30 -3.269928 0.353104 34.662484 2.797156 476.079518 4.733525
30 -1.108594 0.255661 27.493070 0.714636 284.000796 0.410858
30 -3.309347 0.290935 57.010401 3.227213 445.260570 4.812363
30 -1.537441 0.352037 67.765777 1.314086 301.270408 1.268551
30 -1.901287 0.223775 64.534573 2.209127 366.364287 1.996242
31 -3.021292 0.389298 43.309409 1.832570 349.556583 4.236253
31 -2.149371 0.357005 81.771099 1.418154 326.786828 2.492411
31 -1.253170 0.335908 64.228615 0.856661 277.647924 0.700009
31 -1.240067 0.214276 48.201760 0.119463 226.493715 0.673803
31 -1.020847 0.127448 -72.825482 0.260330 227.208236 0.235363
31 -2.572614 0.367728 64.146307 3.767919 442.471344 3.338897
31 -1.279974 0.146369 52.017117 0.991607 294.343117 0.753617
31 -2.872304 0.259820 69.249860 3.155062 439.578779 3.938278
31 -1.812519 0.365400 65.398104 1.634290 344.451743 1.818707
31 -1.723537 0.135066 69.162887 2.527082 395.613241 1.640744
32 -1.526926 0.100245 55.378729 1.419434 320.766737 1.247521
32 -1.433478 0.118002 52.595784 0.316373 236.320558 1.060625
32 -1.929838 0.349707 67.730738 1.832623 329.858549 2.053344
32 -1.940392 0.219704 39.793331 0.133099 225.138430 2.074453
32 -1.085506 0.130027 -76.782417 0.341887 232.776419 0.364680
32 -2.451207 0.379173 66.227532 3.805133 445.500453 3.096083
32 -1.572895 0.162066 -42.492466 3.372990 437.603864 1.339459
32 -1.208228 0.141202 -84.901713 1.901493 343.306897 0.610126
32 -3.337312 0.372389 41.898506 2.100151 366.381020 4.868293
32 -3.866368 0.374218 -38.922716 3.183213 442.064981 5.926405
33 -1.463219 0.098777 65.794686 1.586500 331.849169 1.120108
33 -1.368058 0.121798 64.533880 1.272413 309.921408 0.929784
33 -1.904522 0.295094 37.719891 1.246354 333.036477 2.002712
33 -1.940144 0.387543 83.076984 2.599324 383.302116 2.073957
33 -1.432752 0.158409 -82.661737 0.598352 251.020917 1.059174
33 -2.597344 0.393436 -41.916680 3.996414 464.087802 3.388357
33 -1.087358 0.308259 -21.803219 0.619982 272.277428 0.368385
33 -1.926385 0.152750 -77.886629 1.801947 342.051814 2.046438
33 -1.512095 0.158116 45.123205 1.494956 336.289470 1.217859
33 -1.064395 0.360560 -59.658562 3.306107 412.526141 0.322459
34 -1.978409 0.053046 42.491074 2.774242 418.242095 2.150487
34 -0.930558 0.099035 -24.306295 0.373077 240.867145 0.054786
34 -1.668194 0.282328 46.713862 0.987715 314.818398 1.530056
34 -3.291779 0.389543 75.256325 2.105568 386.019448 4.777226
34 -1.178906 0.226361 -65.242349 1.146496 288.601424 0.551481
34 -2.781809 0.381182 -30.551473 1.407214 353.479424 3.757287
34 -1.690983 0.373788 5.089350 0.833077 298.144304 1.575636
34 -1.968113 0.284156 71.067671 2.647388 392.789148 2.129896
34 -2.078544 0.266351 -5.042580 1.891045 369.824301 2.350758
34 -2.599090 0.358534 63.778062 2.944434 395.533809 3.391849
35 -1.902625 0.036085 56.631092 3.367930 457.441357 1.998920
35 -1.133536 0.149226 -36.304406 0.253652 233.599641 0.460742
35 -1.040079 0.216975 -9.140083 0.337596 243.913079 0.273828
35 -1.838959 0.228823 48.552319 1.198470 302.479855 1.871587
35 -2.194066 0.106064 6.255114 2.079045 373.841038 2.581802
35 -1.201513 0.125211 27.759336 3.857877 498.765204 0.596696
35 -0.935656 0.385714 18.402690 0.458766 275.955822 0.064982
35 -1.600703 0.172846 62.010887 1.767745 343.217641 1.395075
35 -2.535922 0.206903 73.288925 0.994874 302.839597 3.265513
35 -2.087279 0.380736 87.187144 3.145138 413.231614 2.368228
36 -1.350679 0.105185 28.121752 3.395949 470.772699 0.895027
36 -1.300207 0.258703 65.949237 0.924181 277.883891 0.794083
36 -1.408149 0.243827 1.184250 0.203847 234.947967 1.009967
36 -2.236440 0.303022 87.530030 1.403201 320.690797 2.666550
36 -1.156431 0.202952 8.600486 2.069711 391.155393 0.506531
36 -3.072077 0.290506 -9.778139 0.063730 208.809253 4.337823
36 -1.294354 0.393071 51.949120 0.780057 300.709891 0.782376
36 -1.338152 0.204009 -39.609201 1.703384 334.477995 0.869974
36 -3.017001 0.389061 -18.411453 2.647149 453.089207 4.227671
36 -1.922955 0.352840 71.640326 2.164520 365.234881 2.039580
37 -2.014184 0.142577 46.866769 2.580496 413.230388 2.222037
37 -1.408265 0.326692 81.360965 1.402918 306.971087 1.010198
37 -2.896834 0.141376 -10.566004 3.807128 475.755287 3.987338
37 -2.518976 0.221706 88.799102 3.434289 445.308036 3.231621
37 -1.714429 0.096147 69.079984 1.475899 329.201708 1.622528
37 -2.741608 0.270919 14.858573 2.726754 460.164380 3.676885
37 -2.176893 0.334613 38.507066 0.976325 291.758670 2.547456
37 -1.376526 0.237623 -24.203063 1.476378 328.003211 0.946720
37 -2.669984 0.374028 -22.717651 2.194259 392.537345 3.533638
37 -1.903994 0.055418 45.212721 3.753478 483.675097 2.001657
38 -1.302278 0.343888 57.272207 0.969624 302.401469 0.798224
38 -2.207575 0.093139 58.732106 3.940226 487.636432 2.608818
38 -2.002306 0.349501 -51.128286 4.497814 483.658957 2.198281
38 -1.537628 0.279593 -46.348688 2.194536 361.876070 1.268925
38 -1.017092 0.127831 18.016918 0.676311 272.327798 0.227854
38 -1.089272 0.362858 60.777563 0.431739 256.496501 0.372214
38 -3.180099 0.280309 -57.352874 1.718562 345.478244 4.553867
38 -2.428206 0.326865 -28.800957 3.660447 448.102681 3.050082
38 -1.347650 0.281663 57.604489 1.054785 297.621787 0.888970
38 -2.002907 0.054535 45.263961 3.659387 473.694939 2.199483
39 -1.336594 0.329541 54.972806 0.687468 286.722159 0.866857
39 -1.827571 0.073495 62.851617 3.115852 434.053197 1.848811
39 -1.071958 0.382890 -65.306835 4.254312 462.891941 0.337585
39 -1.920001 0.275426 -43.722409 0.628590 268.766438 2.033672
39 -1.581136 0.099536 36.660207 1.078530 301.628828 1.355942
39 -2.886771 0.382035 -60.268300 3.889006 454.935323 3.967211
39 -1.155744 0.249048 -42.000271 0.935978 270.613663 0.505158
39 -1.990642 0.288262 -35.898796 3.927232 456.018492 2.174952
39 -1.414920 0.314032 43.068422 0.780155 285.178833 1.023509
39 -2.634145 0.010900 42.396355 3.062881 435.529262 3.461960
40 -1.488973 0.356697 63.338953 1.141555 315.178446 1.171616
40 -0.957988 0.306436 -34.799548 0.175657 225.998334 0.109646
40 -3.305782 0.389370 88.459257 4.711798 498.795885 4.805234
40 -1.368279 0.310818 -34.999171 0.734057 277.584481 0.930227
40 -2.084870 0.086599 39.542570 1.219089 306.264322 2.363410
40 -1.564354 0.202154 33.416069 0.772613 283.960039 1.322378
40 -2.000731 0.251504 -27.334586 2.409397 375.836525 2.195131
40 -1.996098 0.302867 -43.662839 3.844655 456.980268 2.185866
40 -2.361760 0.162258 60.928831 1.909415 374.361126 2.917190
40 -1.115185 0.373196 22.175702 0.051076 235.012064 0.424040
41 -2.272486 0.374833 -54.916652 4.857136 499.335641 2.738642
41 -1.608651 0.297866 -27.096103 0.869004 265.678575 1.410971
41 -1.440670 0.149603 5.613489 3.370763 468.426989 1.075010
41 -1.329162 0.385215 -21.279091 1.062793 313.705546 0.851993
41 -1.090169 0.379964 -30.049346 0.372522 251.048511 0.374007
41 -1.345068 0.199070 43.806826 0.947836 295.034066 0.883805
41 -1.274264 0.316592 -49.218294 1.501411 310.132961 0.742196
41 -1.952014 0.280245 -34.649940 3.241339 423.967394 2.097698
41 -2.309611 0.177451 58.101135 2.945630 417.606201 2.812892
41 -1.125288 0.233560 -8.549296 0.813749 291.163370 0.444245
42 -1.488454 0.379562 -56.709352 4.799468 489.764778 1.170577
42 -2.148629 0.116657 71.768188 3.929558 482.092077 2.490928
42 -1.443812 0.391168 50.503261 0.188666 230.224182 1.081294
42 -1.364225 0.383490 -2.735253 0.924183 306.697788 0.922120
42 -0.993445 0.282358 19.306043 2.613913 435.440026 0.180559
42 -0.982075 0.185626 18.075530 3.400273 476.001600 0.157820
42 -1.672732 0.324723 -44.159039 1.322167 314.790233 1.539132
42 -1.645904 0.279660 71.393899 1.862769 346.423251 1.485478
42 -2.311328 0.195988 39.691167 2.507035 419.428480 2.816324
42 -2.888180 0.258342 88.079135 2.251761 363.878734 3.970030
43 -1.926935 0.378943 -53.508062 4.829293 495.070830 2.047539
43 -2.256950 0.151280 67.354264 4.443582 498.427298 2.707570
43 -1.597444 0.287733 -18.313537 1.115106 293.009925 1.388557
43 -1.035765 0.345711 -50.652033 0.718513 251.673519 0.265200
43 -1.539423 0.274261 7.578027 2.733899 449.555279 1.272514
43 -2.217561 0.251331 -0.865000 1.531737 333.583936 2.628792
43 -2.233284 0.178871 87.251889 2.273845 379.247640 2.660238
43 -1.920762 0.375496 76.939829 1.472174 330.896997 2.035192
43 -1.688041 0.162284 -15.401373 1.328355 309.788079 1.569752
43 -1.310809 0.131469 -74.441774 0.277899 226.836891 0.815288
44 -2.017155 0.290069 9.897103 3.345335 496.071766 2.227980
44 -2.371003 0.147849 65.984867 4.341103 492.302814 2.935676
44 -1.272413 0.294773 -23.173228 1.162144 306.479455 0.738495
44 -0.955925 0.370167 -76.894017 0.399478 227.589608 0.105519
44 -1.070777 0.299273 19.510904 1.364535 337.131278 0.335224
44 -1.041309 0.348679 -20.426656 0.484371 263.668828 0.276288
44 -1.550491 0.200225 70.241738 1.014950 296.949361 1.294650
44 -1.073853 0.261901 51.677168 0.229519 241.477580 0.341375
44 -1.793750 0.256644 70.834805 2.147046 368.341135 1.781170
44 -1.315289 0.137545 -82.269292 0.080769 213.065199 0.824246
45 -1.184656 0.306213 17.451774 3.239532 482.071171 0.562981
45 -1.485239 0.340132 76.539380 1.594859 320.328360 1.164148
45 -0.949805 0.290304 -15.848241 0.194440 237.785712 0.093280
45 -1.071908 0.384662 83.235170 0.165321 213.979752 0.337486
45 -1.618928 0.350567 22.868431 1.320497 330.437931 1.431525
45 -1.136806 0.323463 -46.342004 1.026236 272.528115 0.467281
45 -1.097751 0.221030 -81.476373 1.819851 330.934850 0.389170
45 -1.488672 0.359003 -18.812161 0.996184 287.293997 1.171014
45 -1.907716 0.275107 64.939085 1.860500 362.639913 2.009101
45 -1.628975 0.118987 -78.857113 0.012091 212.452401 1.451619
46 -1.209154 0.360971 -37.663057 0.953632 271.373843 0.611977
46 -1.982114 0.288823 -60.850654 1.529823 316.436924 2.157897
46 -1.097898 0.325958 6.650473 0.016602 229.455115 0.389464
46 -1.210117 0.353462 72.800283 0.235560 236.926294 0.613903
46 -1.935950 0.257330 -35.623664 2.049148 371.065269 2.065570
46 -1.343100 0.329864 -35.184870 1.377477 312.483169 0.879870
46 -1.074906 0.233894 -81.295000 1.923803 338.507580 0.343481
46 -1.159245 0.348668 -80.510826 0.920598 265.818070 0.512158
46 -0.992920 0.159851 23.555127 2.979677 448.169790 0.179509
46 -1.399668 0.127229 -82.919941 0.189460 222.739451 0.993005
47 -1.248010 0.330299 -29.082876 1.035245 299.070997 0.689689
47 -2.058570 0.389938 10.053718 0.308873 252.289193 2.310808
47 -1.647112 0.266437 -78.167447 3.164516 418.653515 1.487894
47 -1.592968 0.269138 66.398944 1.628170 329.065272 1.379605
47 -1.120648 0.313897 55.818132 0.471132 255.247152 0.434965
47 -1.401714 0.397374 -62.050080 0.856118 263.206141 0.997098
47 -1.299927 0.149263 -36.507717 1.737292 338.586220 0.793523
47 -1.096200 0.349241 -76.861005 0.902389 265.279772 0.386070
47 -1.635482 0.243792 -28.183511 1.972016 359.850764 1.464633
47 -4.237180 0.207469 7.799441 2.740944 413.309530 6.668030
48 -0.986533 0.394121 -17.230983 0.391789 256.414130 0.166734
48 -2.403844 0.316967 25.818535 2.929753 475.979839 3.001358
48 -1.174192 0.230960 -79.461768 2.881511 398.171573 0.542054
48 -1.872477 0.178275 75.211754 3.419215 441.277463 1.938623
48 -1.422867 0.287278 73.453455 0.572430 263.048888 1.039403
48 -1.123030 0.153878 -35.131183 0.817714 268.328805 0.439729
48 -1.777775 0.215579 1.730175 0.546000 258.034648 1.749219
48 -1.338142 0.367365 -49.191060 1.106339 286.903262 0.869953
48 -1.561046 0.231240 -16.243501 1.703753 350.507166 1.315761
48 -2.399974 0.150770 44.273587 1.775003 342.434138 2.993616
49 -1.354593 0.395797 -7.656768 0.910788 300.941045 0.902854
49 -1.050545 0.351112 13.058074 2.673560 453.910186 0.294759
49 -1.212500 0.284404 -87.527633 1.929484 333.611413 0.618670
49 -1.669771 0.109974 81.748250 3.684536 458.431320 1.533211
49 -1.522792 0.346979 -45.678092 1.837789 338.056258 1.239253
49 -1.154221 0.189372 -27.913210 0.887837 276.327107 0.502110
49 -1.437773 0.211488 2.412840 0.363890 246.601199 1.069216
49 -1.238053 0.283048 -22.940800 1.063755 296.162580 0.669775
49 -2.454094 0.122235 43.050603 3.278907 456.275573 3.101858
49 -1.645251 0.237824 46.505569 1.137287 303.893678 1.484171
50 -1.104437 0.366701 -13.502057 0.478336 258.778217 0.402544
50 -3.429188 0.309429 27.180704 1.921924 372.798641 5.052046
50 -1.267569 0.270993 -84.916055 1.929880 337.145185 0.728807
50 -1.789574 0.094425 79.313458 3.995743 477.716946 1.772818
50 -1.414182 0.288399 63.375093 1.160869 311.580593 1.022034
50 -1.064905 0.388173 -26.639457 0.308060 248.653522 0.323480
50 -2.318541 0.352014 -42.517931 3.003085 416.330119 2.830751
50 -1.272720 0.239145 -31.130962 0.672563 271.376517 0.739110
50 -1.823236 0.092734 61.586207 2.360632 395.159295 1.840141
50 -2.305316 0.245215 4.805380 0.950755 288.752205 2.804300
51 -1.897911 0.149974 83.499185 1.928355 356.143048 1.989490
51 -2.803884 0.143210 -62.783080 1.695661 338.815853 3.801437
51 -0.969151 0.207798 -75.950159 2.095100 351.543206 0.131971
51 -0.955499 0.369231 -47.421205 0.125857 214.629630 0.104666
51 -1.696810 0.229541 61.272326 1.551669 344.582559 1.587290
51 -1.079866 0.296737 27.980410 0.937853 308.158754 0.353401
51 -1.746989 0.358186 89.631750 2.508906 368.439000 1.687647
51 -1.189041 0.123963 28.507966 2.180602 388.084164 0.571752
51 -1.831264 0.104892 42.512232 2.376143 397.377664 1.856196
51 -3.052997 0.272315 37.655454 1.942507 358.203205 4.299662
52 -1.505655 0.202977 67.248904 0.281282 241.644953 1.204979
52 -2.386536 0.170105 62.903576 3.881111 468.607759 2.966741
52 -1.339749 0.292790 -41.092681 1.661901 321.726599 0.873167
52 -1.401974 0.345682 58.862859 0.912016 281.568915 0.997618
52 -1.678710 0.111297 64.777542 2.356456 384.476326 1.551088
52 -2.090114 0.078431 -44.353025 2.592765 405.506055 2.373898
52 -2.635837 0.245163 41.614128 1.840226 349.409212 3.465343
52 -1.141266 0.101175 18.544214 2.102437 382.906892 0.476202
52 -1.295460 0.133517 -54.753874 2.935805 412.214637 0.784589
52 -2.167199 0.302836 68.790475 2.366307 386.838745 2.528068
53 -1.545034 0.171755 57.600538 0.289551 243.541584 1.283736
53 -2.377827 0.090524 60.429194 3.872924 473.531980 2.949323
53 -1.711123 0.360642 -86.736374 1.019338 274.081636 1.615914
53 -1.427767 0.354987 81.235852 1.323186 303.077099 1.049203
53 -2.793028 0.190721 -60.683714 2.966225 419.694601 3.779725
53 -2.295245 0.289546 -3.035394 2.256849 408.758561 2.784159
53 -1.726656 0.098919 -24.100389 1.997105 371.432280 1.646982
53 -1.742991 0.266709 54.859130 1.713336 352.577626 1.679651
53 -0.980211 0.104605 -75.426881 2.189503 367.497346 0.154092
53 -2.011229 0.391928 55.161324 1.600512 338.304148 2.216127
54 -1.947506 0.152526 -42.103632 1.646262 341.918317 2.088681
54 -2.362309 0.102470 56.249501 3.953637 489.329382 2.918288
54 -1.954727 0.228766 -51.317645 1.027262 291.788872 2.103123
54 -1.516932 0.321504 31.958773 2.117648 407.429244 1.227532
54 -1.020595 0.159360 -68.462464 3.009910 416.263612 0.234860
54 -1.727159 0.326961 -50.924964 1.457953 317.258711 1.647988
54 -1.490920 0.102665 -3.163307 2.345468 399.503429 1.175510
54 -1.990782 0.250135 71.558746 1.964786 366.351443 2.175233
54 -4.334915 0.092766 -83.050303 1.556339 330.924651 6.863500
54 -2.825296 0.396388 79.559665 1.947442 368.054295 3.844262
55 -1.970506 0.155501 86.580369 1.445002 311.358696 2.134681
55 -2.568490 0.089870 55.512092 4.117617 488.467309 3.330650
55 -1.060215 0.254169 -78.577828 1.346689 299.190165 0.314099
55 -1.840019 0.302933 -89.019459 2.598768 382.965737 1.873708
55 -1.636744 0.339697 -55.088870 2.027931 345.642403 1.467156
55 -1.332655 0.305573 7.696112 2.527858 435.880990 0.858979
55 -1.704275 0.145323 0.629047 2.352068 405.005531 1.602219
55 -1.903232 0.071627 71.419832 2.044112 369.690395 2.000133
55 -1.607387 0.337264 -30.382252 1.471203 309.319211 1.408444
55 -1.150347 0.258727 26.982843 2.124509 396.137848 0.494363
56 -4.041467 0.378845 -15.189390 2.637417 476.209091 6.276604
56 -1.900365 0.037506 73.778632 4.091289 494.872639 1.994399
56 -2.237482 0.282972 -88.534365 1.431289 307.511354 2.668633
56 -0.959678 0.259611 -64.788479 3.109057 410.687491 0.113026
56 -1.580417 0.313838 -17.206594 1.355468 341.372463 1.354503
56 -2.851616 0.364714 63.827420 1.722411 374.637626 3.896901
56 -1.834318 0.199138 -42.113396 3.685187 456.352172 1.862306
56 -2.427583 0.060904 77.507999 2.016699 368.045038 3.048834
56 -3.332522 0.093670 -57.298076 2.042938 363.373164 4.858713
56 -1.417373 0.230822 27.980398 1.131705 312.408452 1.028416
57 -1.089722 0.395189 12.359730 2.648369 456.820806 0.373113
57 -2.122409 0.020933 -86.529054 3.737357 473.087468 2.438488
57 -1.450155 0.391211 -66.131475 0.599892 247.894021 1.093980
57 -3.579376 0.285594 -77.282637 3.778534 457.516410 5.352420
57 -1.562950 0.298035 -17.229519 1.515200 346.334496 1.319570
57 -1.342258 0.134827 48.572911 0.195487 229.793575 0.878186
57 -1.188314 0.162292 75.689298 0.643311 257.099710 0.570297
57 -2.359425 0.189586 -47.703595 1.864851 339.687943 2.912519
57 -0.908529 0.147757 -67.987824 2.016759 351.965827 0.010728
57 -2.206941 0.323940 -28.373398 2.526478 394.018489 2.607552
58 -1.710758 0.368033 13.112080 2.745956 455.160414 1.615185
58 -0.939831 0.396479 -74.233087 3.571616 423.660307 0.073331
58 -3.158440 0.183318 69.425549 3.216114 452.219781 4.510550
58 -1.846790 0.193963 -44.715568 0.300998 239.969328 1.887249
58 -1.016083 0.282648 22.606756 1.326273 342.885063 0.225836
58 -4.079471 0.399155 -2.002524 1.775023 422.204872 6.352611
58 -1.191416 0.163581 75.762653 0.683516 259.524440 0.576501
58 -1.284926 0.175727 -38.314655 1.567930 321.364599 0.763522
58 -2.526763 0.280615 57.361561 2.088688 351.522494 3.247194
58 -1.997736 0.249097 -26.241893 2.133636 382.953976 2.189142
59 -1.996685 0.341953 -14.890297 1.408733 315.338109 2.187040
59 -1.297551 0.387691 -74.056087 3.587732 423.119566 0.788770
59 -1.410839 0.193771 5.698776 3.092254 457.609596 1.015348
59 -1.017270 0.264182 -60.664629 1.044692 276.588630 0.228209
59 -2.019211 0.109363 62.385252 3.348432 451.540667 2.232091
59 -3.680458 0.323582 13.121428 1.772721 399.693114 5.554586
59 -1.818963 0.183589 77.037175 0.454850 252.336837 1.831595
59 -2.021842 0.190067 -82.978766 3.609833 450.587839 2.237352
59 -1.552094 0.315776 82.089509 1.894588 339.495904 1.297857
59 -1.584192 0.373541 -34.246044 1.713467 325.190250 1.362054
60 -1.611728 0.387885 -33.059362 0.798883 292.402982 1.417126
60 -0.915243 0.395460 -68.136233 3.972665 445.461514 0.024155
60 -1.585357 0.226965 59.905559 1.655322 342.173358 1.364383
60 -1.591552 0.129027 -41.098200 1.996865 362.279318 1.376774
60 -1.415917 0.380422 -37.172186 0.985952 295.516906 1.025502
60 -2.698226 0.287481 -11.210027 2.385059 392.394268 3.590121
60 -1.409702 0.310064 0.533836 0.110548 230.182735 1.013073
60 -0.913619 0.167292 -71.759780 3.464014 441.207866 0.020907
60 -2.121155 0.344548 72.693948 3.232322 420.538021 2.435979
60 -1.198290 0.328196 -32.492088 1.015253 284.787100 0.590249
61 -1.862333 0.344181 -28.249932 1.851912 358.706330 1.918335
61 -1.578164 0.371384 -68.229766 4.756091 491.396454 1.349998
61 -1.945961 0.388966 -38.437594 3.424180 417.898507 2.085590
61 -0.933776 0.065957 14.868633 2.612099 412.649903 0.061222
61 -2.002264 0.389724 -41.595720 0.903789 296.877714 2.198197
61 -3.430853 0.292914 2.091254 2.944593 476.632752 5.055376
61 -1.239928 0.307621 -7.535864 0.054595 223.120816 0.673524
61 -1.083236 0.179435 -79.754795 4.468108 493.510665 0.360140
61 -3.047034 0.269832 -6.838695 2.564017 417.700794 4.287737
61 -0.961800 0.309612 -16.015690 0.333522 248.436089 0.117270
62 -1.832070 0.335885 6.356710 1.955181 384.867316 1.857810
62 -1.052386 0.392506 -78.618437 4.834119 487.566051 0.298442
62 -1.986504 0.244660 -32.645732 3.197418 421.570602 2.166678
62 -1.206672 0.081871 16.567374 2.691666 422.229480 0.607014
62 -1.271801 0.238834 -21.022767 0.849281 275.049052 0.737271
62 -1.365846 0.355896 10.931326 2.687583 458.593491 0.925362
62 -0.934171 0.323688 -14.215074 0.025404 224.640656 0.062010
62 -1.967780 0.242735 -89.414958 4.030327 468.153589 2.129229
62 -1.998691 0.139314 5.813158 3.719641 496.970146 2.191052
62 -1.842897 0.187991 -48.160747 1.616539 321.310893 1.879464
63 -2.444692 0.357779 59.435084 1.964300 339.785475 3.083053
63 -1.865683 0.223875 -83.878559 4.156746 475.982157 1.925035
63 -2.865783 0.204810 -6.881317 2.707333 409.478931 3.925236
63 -0.928166 0.116293 20.589924 2.003174 374.134481 0.050002
63 -1.567491 0.215056 -12.535722 1.589724 339.204809 1.328651
63 -1.445605 0.321644 19.853352 1.812494 395.838791 1.084879
63 -2.015672 0.312446 -30.467997 0.448441 265.313815 2.225013
63 -1.781662 0.257784 -54.547916 4.563302 491.688484 1.756994
63 -2.871499 0.133032 35.990985 3.742017 498.960031 3.936666
63 -1.990620 0.148418 -36.974114 2.735625 414.837142 2.174909
64 -1.178392 0.206990 14.147307 0.965725 304.477606 0.550454
64 -1.866777 0.384194 -48.313185 3.328885 421.602880 1.927224
64 -2.081825 0.190942 -14.011028 2.180316 398.286675 2.357319
64 -1.207921 0.386168 -60.967297 2.989019 395.067846 0.609511
64 -3.641843 0.305463 41.616316 3.156419 483.091489 5.477355
64 -1.373020 0.313626 17.863335 1.892408 399.889809 0.939710
64 -1.593086 0.337924 -15.575158 0.582237 252.648823 1.379840
64 -2.352401 0.190592 88.270207 1.292553 313.200267 2.898471
64 -1.841374 0.165153 73.755190 1.891348 359.153076 1.876417
64 -1.172708 0.201285 -75.315788 2.609446 383.832499 0.539085
65 -1.099779 0.258754 -10.678240 0.881106 295.394375 0.393228
65 -1.579394 0.363260 -60.048638 3.232920 412.675520 1.352457
65 -2.989200 0.277574 -25.860540 2.883329 430.961498 4.172070
65 -2.333941 0.318508 88.060867 3.675025 439.857772 2.861552
65 -1.803571 0.135666 63.475374 2.393824 383.834175 1.800811
65 -3.199628 0.319699 -7.806041 1.974315 410.557835 4.592926
65 -2.581689 0.168174 73.841631 1.291556 323.394190 3.357048
65 -1.442340 0.290041 75.501534 1.541468 317.535920 1.078348
65 -1.327403 0.248777 65.187246 1.045129 298.586478 0.848476
65 -1.527548 0.224798 72.668223 1.761035 339.411319 1.248764
66 -1.203234 0.229543 -19.798073 1.130793 306.377369 0.600137
66 -1.973166 0.380271 -56.361162 3.043167 405.151302 2.140002
66 -1.467622 0.283566 -61.333928 3.114583 412.607315 1.128913
66 -1.999653 0.342789 -85.453429 3.524380 431.370363 2.192975
66 -1.339012 0.257179 -46.480222 2.020482 346.963558 0.871694
66 -5.023775 0.337943 -34.183745 2.253636 449.538586 8.241219
66 -1.981799 0.199981 75.231517 1.584840 340.119889 2.157267
66 -1.731076 0.245592 55.111114 1.764290 357.784929 1.655822
66 -1.338785 0.221232 47.106146 0.775473 278.367262 0.871239
66 -1.935092 0.305580 54.852875 1.288051 341.130613 2.063853
67 -2.226507 0.314567 -51.281281 3.622761 446.097605 2.646683
67 -1.392438 0.369768 17.936263 2.938650 470.513014 0.978544
67 -1.948599 0.180133 39.355954 0.760704 272.326183 2.090867
67 -1.081241 0.303641 -63.722806 3.337311 418.763619 0.356152
67 -2.656570 0.211373 -4.366244 2.022118 361.126050 3.506809
67 -3.310381 0.348547 56.568301 2.069723 413.606818 4.814432
67 -1.078288 0.136514 -17.983290 0.500103 250.445819 0.350245
67 -1.461564 0.166002 -23.046273 1.855930 357.320426 1.116797
67 -0.977113 0.374125 13.302077 1.688039 380.159144 0.147896
67 -2.021531 0.311525 -0.522509 1.670586 362.740022 2.236731
68 -0.931902 0.248285 16.800215 3.132291 468.281445 0.057474
68 -1.423022 0.399151 29.428523 2.884136 476.244868 1.039713
68 -1.299496 0.270100 67.794007 1.071354 295.028377 0.792660
68 -2.393878 0.319114 65.666342 3.438742 429.491170 2.981426
68 -1.697784 0.163371 -16.680026 1.755357 342.523399 1.589237
68 -3.238772 0.383622 51.047083 2.892695 399.677079 4.671213
68 -1.017176 0.363726 18.688201 3.059550 480.016376 0.228021
68 -1.608756 0.174812 13.536468 2.817847 447.346876 1.411181
68 -1.093327 0.282419 10.621657 2.143536 402.406147 0.380323
68 -2.423899 0.276433 23.082068 1.494190 366.130409 3.041467
69 -1.739093 0.399935 28.063385 1.715586 399.683121 1.671856
69 -1.677475 0.142331 58.197101 1.465209 319.316133 1.548619
69 -1.267631 0.251458 62.573929 0.836023 285.233363 0.728930
69 -2.668056 0.297465 60.764196 3.100367 426.553846 3.529782
69 -1.418559 0.161085 -17.436141 1.462844 324.152924 1.030788
69 -3.689253 0.376290 33.440715 1.774367 347.854356 5.572175
69 -2.259034 0.196247 -26.028163 3.298923 432.440382 2.711737
69 -1.549643 0.147217 59.002924 1.690401 340.705901 1.292956
69 -1.530932 0.318047 5.444426 2.464799 432.977396 1.255533
69 -3.773404 0.374647 48.491150 4.481147 490.594932 5.740477
70 -1.690150 0.358428 61.968366 1.524274 330.597421 1.573968
70 -1.434752 0.164550 56.751168 1.350869 317.716074 1.063173
70 -1.580306 0.097872 43.676356 2.007704 375.487874 1.354281
70 -2.006216 0.202101 25.798499 2.008808 371.324298 2.206100
70 -1.596709 0.388481 79.303641 1.924162 338.360668 1.387088
70 -2.930358 0.367101 -49.771518 1.508712 338.093242 4.054385
70 -2.130605 0.141240 40.451847 2.596836 425.198881 2.454880
70 -2.110562 0.262099 35.774786 2.691364 443.462501 2.414794
70 -0.968124 0.095639 13.532108 2.482562 407.686557 0.129918
70 -1.329307 0.115217 70.861046 0.947679 284.351870 0.852283
71 -1.378659 0.249574 53.778554 1.082611 300.950183 0.950988
71 -2.162736 0.390224 64.426774 2.036262 343.839340 2.519142
71 -1.096886 0.112839 26.328194 1.185320 312.390273 0.387441
71 -1.295235 0.122625 27.876573 2.718389 429.652482 0.784139
71 -1.971410 0.393417 69.737695 2.213175 352.807031 2.136489
71 -2.258648 0.335333 -36.274226 1.762112 359.246419 2.710965
71 -2.165973 0.242364 32.342812 0.812698 282.118495 2.525615
71 -1.000072 0.363400 -81.771000 0.361540 224.041964 0.193813
71 -1.584209 0.082208 -8.119317 2.182622 386.174742 1.362086
71 -2.079474 0.149742 81.565334 2.349555 386.929059 2.352617
72 -1.121176 0.254765 64.785930 0.542292 255.046743 0.436021
72 -2.233908 0.391448 68.312965 2.129909 342.583343 2.661486
72 -0.978674 0.107097 21.512605 1.167346 309.162972 0.151017
72 -1.839219 0.186870 42.632179 0.355044 240.026655 1.872107
72 -1.885650 0.329659 -87.331842 1.892330 339.080160 1.964968
72 -1.914114 0.393515 -33.414647 1.231360 327.085966 2.021898
72 -1.372257 0.213176 46.931282 0.969321 294.648833 0.938183
72 -1.063108 0.381977 80.610419 0.150188 215.832042 0.319885
72 -1.407004 0.073346 17.524612 2.746352 417.450311 1.007676
72 -1.422662 0.319350 53.796606 0.765363 272.319966 1.038993
73 -3.424510 0.218387 -68.603823 2.493695 388.010915 5.042690
73 -1.678570 0.050873 50.316260 2.569685 407.855702 1.550809
73 -1.147172 0.161417 9.466905 2.693774 429.874162 0.488014
73 -1.949327 0.152925 40.337545 0.005879 221.074671 2.092323
73 -2.752424 0.146366 47.592104 3.439319 461.486435 3.698517
73 -1.668938 0.343379 -27.591235 1.226244 326.522676 1.531546
73 -0.943643 0.181630 15.747685 2.749455 433.087269 0.080955
73 -3.946632 0.338132 45.956334 1.922900 399.092699 6.086933
73 -1.031319 0.269789 21.855383 2.677279 438.053675 0.256308
73 -1.231234 0.318465 77.198112 0.338389 239.864695 0.656137
74 -0.904467 0.157817 -70.084225 2.480373 381.629275 0.002602
74 -0.993573 0.059200 11.897372 3.063434 440.471870 0.180816
74 -1.546817 0.226818 3.868750 2.298390 405.567537 1.287303
74 -1.728157 0.135504 39.859961 0.113264 224.542313 1.649983
74 -1.854761 0.126788 17.851730 3.463228 482.934591 1.903192
74 -1.004561 0.306439 21.998666 1.051709 314.990872 0.202791
74 -2.948404 0.226029 -77.732538 2.203340 367.304826 4.090477
74 -1.197845 0.130415 58.456125 0.580808 258.097662 0.589359
74 -1.354142 0.276005 9.920301 1.691167 359.523743 0.901953
74 -1.513327 0.338818 80.241382 0.434010 250.335232 1.220324
75 -2.067759 0.272063 -20.257459 0.566501 275.582290 2.329188
75 -1.221951 0.397861 17.136843 2.256835 435.706942 0.637572
75 -1.105093 0.156868 12.930551 1.597262 344.494327 0.403856
75 -2.677086 0.370357 -14.843843 2.206736 382.770694 3.547842
75 -1.502377 0.128915 15.989685 3.078186 443.629439 1.198424
75 -1.576876 0.250028 -49.848555 0.503293 250.878014 1.347420
75 -1.072338 0.221355 -63.093654 2.565670 382.845346 0.338345
75 -1.319598 0.125430 51.605721 0.669583 265.245320 0.832866
75 -1.906057 0.262771 -33.958693 2.222754 379.554015 2.005782
75 -1.237320 0.317019 43.248816 0.373132 252.932688 0.668310
76 -1.810879 0.253937 -19.100113 1.212435 328.786632 1.815427
76 -1.021889 0.135968 -74.459762 0.731879 261.011669 0.237448
76 -0.961425 0.157374 22.673443 1.879295 369.638406 0.116520
76 -0.964400 0.138782 -60.692113 1.382453 307.148757 0.122469
76 -2.764796 0.162070 -51.540642 3.879603 477.007834 3.723260
76 -1.071026 0.218950 46.009516 0.198965 237.229891 0.335721
76 -1.405789 0.206977 -43.113138 2.158191 361.320755 1.005247
76 -1.246682 0.117101 50.454596 0.791586 278.559936 0.687032
76 -1.593917 0.310846 -80.770092 3.461945 430.429894 1.381504
76 -2.125581 0.335486 43.797235 1.534191 339.776015 2.444832
77 -1.684774 0.251709 -15.943152 1.801517 362.329514 1.563216
77 -1.382128 0.096292 32.842785 2.228710 391.670523 0.957926
77 -1.377315 0.281663 -35.746825 1.196261 307.674876 0.948299
77 -1.219444 0.129886 -60.276857 1.432952 313.369918 0.632558
77 -2.255328 0.349029 39.321747 1.537754 363.681133 2.704325
77 -1.112284 0.246027 48.593549 0.482086 259.216815 0.418237
77 -2.754143 0.355945 -23.687645 2.097735 393.501001 3.701955
77 -1.041407 0.173733 -31.721988 0.774752 270.240697 0.276483
77 -0.910445 0.367138 -72.628046 3.792381 439.325580 0.014558
77 -1.437516 0.121434 60.514705 1.109588 303.401151 1.068702
78 -1.458421 0.138754 -44.633646 0.425750 245.861257 1.110510
78 -1.372108 0.124614 22.893878 2.812715 426.001356 0.937885
78 -1.024272 0.255316 -25.727156 0.347754 238.040654 0.242214
78 -1.563840 0.376269 17.701782 2.468213 435.076779 1.321348
78 -1.580108 0.268546 -19.474007 0.932077 304.688744 1.353885
78 -1.543279 0.289138 -41.959690 0.222032 235.920692 1.280228
78 -5.661591 0.346397 -17.782687 1.348761 409.590387 9.516852
78 -1.506345 0.116021 -15.759108 0.885131 277.158829 1.206359
78 -2.782267 0.361945 70.262338 3.269246 434.432296 3.758202
78 -1.287466 0.200370 53.714790 0.902084 285.747382 0.768600
79 -2.032505 0.239873 -37.871795 0.705273 277.943978 2.258679
79 -1.877921 0.108650 25.603713 2.671714 412.739933 1.949510
79 -1.603995 0.344190 61.480668 0.568804 277.568460 1.401659
79 -1.295637 0.140096 -74.059932 0.462109 242.720053 0.784943
79 -1.196683 0.246278 -14.699030 1.066604 304.350456 0.587035
79 -1.617391 0.364784 17.725329 0.861263 294.108120 1.428452
79 -1.081889 0.386739 25.295022 2.701638 459.349849 0.357447
79 -1.055825 0.157629 -16.702902 0.597778 264.934303 0.305319
79 -1.475278 0.323471 64.231281 1.301362 318.944613 1.144224
79 -1.124175 0.238033 26.723827 0.421841 257.822998 0.442020
80 -0.943400 0.198740 -24.883585 0.217489 230.422882 0.080469
80 -1.197324 0.326486 9.718853 1.577071 359.175497 0.588317
80 -2.561073 0.393815 -51.271909 2.424608 382.789292 3.315816
80 -0.909363 0.149542 -65.821937 0.522190 244.653082 0.012396
80 -1.746360 0.278745 36.245346 1.619756 367.781664 1.686388
80 -1.940435 0.342102 -8.111396 1.655060 359.382161 2.074539
80 -1.598463 0.110671 -11.828956 2.354168 393.851035 1.390595
80 -1.615588 0.206209 4.789251 1.413482 333.490720 1.424846
80 -1.297860 0.306034 13.141072 0.952754 302.117862 0.789390
80 -1.513975 0.385578 73.385786 1.361015 314.384204 1.221619
81 -1.245282 0.370216 -74.343473 1.553761 299.771844 0.684233
81 -1.410547 0.297388 -42.655587 0.600399 261.759727 1.014763
81 -1.190975 0.275841 -18.777964 0.235069 243.352494 0.575620
81 -1.631838 0.112996 -51.625518 0.953122 283.794014 1.457345
81 -2.245913 0.268579 -37.589345 2.944674 420.061913 2.685496
81 -1.568438 0.362292 -45.660850 4.151806 458.560226 1.330546
81 -3.113641 0.142102 7.393291 2.911855 430.862379 4.420951
81 -2.165064 0.386740 -1.312330 1.558282 357.711865 2.523798
81 -1.078325 0.333449 18.767971 1.014715 311.584497 0.350320
81 -2.639876 0.358859 53.692838 1.894742 339.715213 3.473421
82 -2.867525 0.087211 81.296941 2.686232 415.024517 3.928720
82 -1.279382 0.327800 -38.708938 0.888520 263.903941 0.752433
82 -1.388334 0.075349 -58.355536 0.092171 219.392468 0.970338
82 -1.235633 0.099268 -48.951292 2.261568 371.846023 0.664935
82 -2.000369 0.320481 -52.032749 1.814770 343.024996 2.194406
82 -2.620271 0.391568 -27.288657 4.290600 473.216471 3.434212
82 -1.041570 0.065115 11.035783 3.644205 477.046014 0.276810
82 -2.039542 0.215652 -47.573247 4.356506 491.288124 2.272753
82 -1.527729 0.271287 7.716244 1.577845 349.269050 1.249126
82 -2.470741 0.189763 -39.689524 2.873887 424.593317 3.135152
83 -1.679249 0.087002 -80.762696 3.321030 442.940357 1.552168
83 -0.960258 0.298883 -48.082589 0.322260 227.484977 0.114186
83 -2.356991 0.274269 52.783991 1.826357 340.473396 2.907652
83 -1.745665 0.191983 -22.864843 1.191142 293.882566 1.684999
83 -3.037854 0.320609 69.642833 3.595608 456.295835 4.269377
83 -3.468380 0.325458 -34.523558 3.993969 453.583610 5.130429
83 -0.917794 0.073493 15.645598 3.400161 463.443998 0.029258
83 -2.639601 0.258949 -56.463171 3.961798 469.527190 3.472872
83 -1.640260 0.191294 28.490071 3.171070 469.160099 1.474190
83 -1.566106 0.363026 -24.734035 1.454375 334.092649 1.325881
84 -2.142973 0.118078 -89.519156 3.218105 436.836965 2.479614
84 -1.190291 0.290985 9.864883 1.974214 387.382755 0.574251
84 -1.337704 0.359496 86.097577 0.386484 237.533638 0.869078
84 -3.349748 0.256181 50.126282 3.712131 463.337426 4.893165
84 -4.280968 0.215188 -24.623695 3.242513 490.364082 6.755605
84 -1.748862 0.195374 -47.890566 1.876080 350.668594 1.691394
84 -0.947584 0.071488 17.794651 3.426830 466.290160 0.088837
84 -1.799600 0.345938 -89.653424 2.627478 381.398972 1.792869
84 -1.272204 0.221467 -73.093550 2.448989 371.323144 0.738076
84 -1.576522 0.119838 64.790703 1.500373 332.340959 1.346712
85 -1.780509 0.351935 69.294822 1.664001 318.769273 1.754687
85 -1.561170 0.245810 28.143697 2.418318 411.849160 1.316009
85 -1.454466 0.396169 -71.236774 0.716227 256.286344 1.102602
85 -3.028873 0.294148 -14.964583 2.911282 405.001791 4.251415
85 -3.293879 0.318430 50.867300 2.671203 386.202550 4.781426
85 -1.119161 0.214926 -28.186529 0.754147 275.034284 0.431992
85 -1.730464 0.136697 3.849212 3.705316 485.946150 1.654598
85 -1.710627 0.352969 -16.822953 1.167380 334.955530 1.614924
85 -2.232884 0.161348 80.031816 3.995808 480.259219 2.659437
85 -1.583283 0.106766 48.256077 1.509451 330.750578 1.360236
86 -1.875265 0.313829 -25.270275 1.897265 344.884883 1.944198
86 -1.988014 0.350232 71.943084 2.514793 381.802869 2.169696
86 -0.965068 0.388688 -70.681471 0.614693 243.387825 0.123804
86 -3.414047 0.274965 -10.219004 3.034017 413.359975 5.021763
86 -1.426234 0.381677 -37.595226 1.550446 313.577266 1.046138
86 -1.339982 0.337578 8.637944 1.783892 390.303604 0.873634
86 -2.550394 0.141378 -12.078474 3.385959 453.071925 3.294458
86 -1.478408 0.371453 -29.189679 1.367190 323.853951 1.150486
86 -2.549112 0.156820 -75.164141 3.946988 475.009752 3.291893
86 -1.042127 0.033386 -2.227940 1.624705 338.187384 0.277923
87 -2.231852 0.222184 -55.716065 2.562891 392.527819 2.657373
87 -2.292602 0.257329 9.674704 2.313206 428.644500 2.778873
87 -1.185734 0.385772 -55.199906 1.033654 269.727735 0.565137
87 -2.806731 0.372742 -21.642148 2.512462 370.493295 3.807131
87 -1.417677 0.392026 -33.525220 0.970546 269.926836 1.029022
87 -0.946074 0.167098 -65.438724 2.713361 395.815586 0.085818
87 -3.327441 0.329676 -23.232403 3.150287 488.834657 4.848551
87 -0.951545 0.347227 -76.306748 1.554328 305.406399 0.096759
87 -1.486028 0.126622 75.875443 0.781126 272.858317 1.165726
87 -1.471627 0.028705 -25.169122 2.033896 363.710455 1.136924
88 -0.942363 0.276859 -65.268390 1.932361 335.525391 0.078395
88 -2.788117 0.269915 -2.354793 2.079567 412.316251 3.769904
88 -2.548805 0.378781 -23.979484 2.257685 389.753066 3.291279
88 -2.340781 0.380501 -43.857810 2.329596 381.194467 2.875232
88 -1.454845 0.398864 -29.042825 0.917834 269.592705 1.103358
88 -1.748459 0.218284 -30.926169 2.331580 372.742053 1.690587
88 -1.679731 0.333321 29.682903 2.860745 457.827410 1.553131
88 -1.935423 0.231352 -33.929620 1.700169 352.526893 2.064514
88 -1.500438 0.117288 44.549415 1.614872 344.115029 1.194546
88 -1.043299 0.010192 -26.561800 1.956904 359.669913 0.280268
89 -1.671827 0.266104 -49.946434 1.973316 350.893300 1.537322
89 -1.548879 0.251865 11.359434 2.229496 416.568409 1.291427
89 -2.006254 0.093728 -34.082400 2.370448 394.776283 2.206177
89 -1.085942 0.200115 -62.048879 2.232662 360.513145 0.365553
89 -1.579087 0.378661 -26.107433 0.853913 264.626350 1.351842
89 -1.178969 0.278652 78.281761 0.691164 258.771762 0.551608
89 -2.960875 0.343367 40.428635 2.961213 473.164815 4.115419
89 -1.612342 0.233178 -40.380007 2.068122 362.607376 1.418354
89 -1.943945 0.070980 70.939227 2.253533 384.594589 2.081559
89 -1.801489 0.311444 -45.230330 2.802759 399.286606 1.796648
90 -1.640438 0.251393 69.535897 1.828031 338.450371 1.474546
90 -3.925927 0.305887 -14.962316 3.980010 482.864130 6.045524
90 -1.164536 0.086825 7.301130 2.569027 413.680172 0.522740
90 -1.293224 0.119478 -66.779333 3.173815 430.925309 0.780118
90 -0.922376 0.034770 -15.363435 0.475525 248.890731 0.038421
90 -3.079926 0.302643 -85.051373 1.396190 321.325479 4.353522
90 -1.729525 0.298014 69.150552 1.939330 348.913599 1.652718
90 -0.962014 0.268397 -76.404899 2.049676 345.064469 0.117697
90 -1.887425 0.337530 47.388709 1.530081 344.041935 1.968519
90 -1.662833 0.128112 -17.421940 2.184486 375.345403 1.519336
91 -1.702273 0.209795 67.163656 1.521279 315.490170 1.598216
91 -2.473336 0.296215 -23.709003 3.129730 418.230612 3.140342
91 -1.645955 0.302734 3.009521 0.922952 298.521024 1.485579
91 -1.296787 0.088441 -82.751209 3.168213 429.938729 0.787243
91 -0.988835 0.035145 -13.585851 0.460132 248.234984 0.171338
91 -1.376647 0.246645 56.851516 1.165621 314.609370 0.946963
91 -1.857738 0.193840 39.395886 2.008372 387.530846 1.909145
91 -2.504756 0.169907 79.615932 1.936421 365.709101 3.203181
91 -1.235782 0.087551 3.117456 2.246895 391.399065 0.665233
91 -1.264445 0.080886 -10.963706 1.804074 355.214712 0.722559
92 -0.963529 0.238387 20.574780 1.322741 336.373304 0.120728
92 -2.938522 0.160809 76.896243 2.590736 412.435875 4.070713
92 -1.289333 0.256130 29.768593 1.262197 328.667839 0.772336
92 -1.793152 0.123143 -76.755358 2.811382 410.038898 1.779973
92 -0.963311 0.341104 -77.090729 1.458524 300.516740 0.120291
92 -3.229924 0.397947 -61.856976 0.769532 276.529645 4.653516
92 -1.024503 0.209748 12.326867 2.232818 403.634072 0.242675
92 -1.504903 0.160618 57.840425 1.427649 331.593928 1.203475
92 -2.057694 0.369840 -39.504154 0.851003 295.202333 2.309058
92 -1.344281 0.077303 -11.398178 1.802729 351.888315 0.882232
93 -1.106524 0.239055 -37.523230 0.791363 263.618671 0.406718
93 -3.202096 0.158205 78.264870 2.577212 412.567991 4.597861
93 -1.617625 0.242861 45.402227 1.301361 321.311690 1.428919
93 -1.039198 0.119499 -75.342354 2.584258 393.023609 0.272065
93 -1.007096 0.224856 24.328222 2.497934 422.028607 0.207861
93 -1.459826 0.350277 -42.406666 1.434207 316.768654 1.113321
93 -1.335712 0.213523 6.871624 2.411360 411.645987 0.865092
93 -2.029018 0.147176 -8.785197 1.286762 306.796703 2.251706
93 -1.327155 0.313902 -15.969762 1.053985 300.155328 0.847980
93 -1.472382 0.088619 -20.409709 2.105535 369.648059 1.138433
94 -1.045784 0.254592 -77.454916 0.146832 213.146904 0.285236
94 -1.268302 0.262727 80.758568 1.155427 286.574683 0.730272
94 -1.631347 0.260982 83.121957 2.015041 351.666491 1.456362
94 -2.504727 0.224010 -14.697517 2.730111 414.438529 3.203124
94 -1.911795 0.101412 -80.362158 2.779643 409.373598 2.017258
94 -2.411602 0.241810 73.480765 4.162394 482.367499 3.016873
94 -1.213015 0.363852 30.367549 1.202698 340.832173 0.619700
94 -1.044586 0.326083 -71.198453 0.379327 224.581107 0.282842
94 -3.165013 0.325951 1.229744 2.056097 381.813405 4.523696
94 -1.595559 0.119262 -21.607996 1.670930 334.393223 1.384788
95 -0.957268 0.232525 -70.016711 0.025827 208.018057 0.108204
95 -1.180768 0.219747 59.141214 0.750223 275.185752 0.555204
95 -1.316803 0.266911 -84.228359 2.644082 383.729824 0.827275
95 -0.988093 0.228463 12.347200 1.845497 375.946597 0.169854
95 -1.433990 0.097923 -20.606094 2.099210 375.293207 1.061648
95 -3.453654 0.226882 45.002677 3.175768 427.175684 5.100978
95 -1.382035 0.367499 33.614319 1.144868 336.395503 0.957739
95 -1.277292 0.270789 42.738805 0.732025 282.018688 0.748254
95 -1.901251 0.315028 -44.850873 3.954033 459.835217 1.996172
95 -1.171946 0.175251 -26.519951 0.825095 271.489056 0.537561
96 -1.685216 0.175830 63.724751 1.266948 299.781065 1.564101
96 -1.120685 0.263497 53.091970 0.586749 267.996221 0.435040
96 -1.291990 0.117214 -85.415848 2.357121 376.633968 0.777648
96 -1.055156 0.312063 20.205160 2.108406 410.290650 0.303981
96 -3.195561 0.122645 -31.237710 2.498936 412.874037 4.584791
96 -3.327632 0.276150 -82.660612 2.897315 413.276475 4.848933
96 -1.227729 0.302614 -4.937928 1.106755 321.669311 0.649127
96 -1.283417 0.352880 52.587247 0.693790 273.304113 0.760503
96 -1.638647 0.241083 52.019962 1.321443 314.986617 1.470964
96 -1.145341 0.188054 -27.432675 0.851850 273.853571 0.484351
97 -1.210470 0.209981 -83.618390 0.803305 262.101032 0.614610
97 -2.330763 0.172763 -73.994042 3.229932 433.141196 2.855195
97 -1.181697 0.116441 -82.817038 2.313774 373.878408 0.557064
97 -1.142793 0.295799 15.724468 2.225501 417.993957 0.479255
97 -1.932845 0.260447 -38.182414 2.198864 377.050077 2.059359
97 -1.492905 0.202766 -47.431490 0.203742 229.618762 1.179478
97 -1.175516 0.321128 -36.501535 1.020688 285.997107 0.544702
97 -1.575576 0.325813 39.097674 0.722971 281.159000 1.344822
97 -2.180977 0.359168 -49.618996 2.657582 393.012619 2.555624
97 -1.217023 0.199740 -25.636672 0.730565 263.439503 0.627716
98 -2.057651 0.180751 -2.221326 1.217448 305.377969 2.308972
98 -1.595189 0.385069 20.314213 1.469080 347.288929 1.384047
98 -1.176012 0.163609 -74.624964 2.095583 358.628993 0.545694
98 -1.143234 0.394986 24.284121 2.246798 431.244506 0.480137
98 -1.853158 0.271570 -50.482193 1.683118 335.515201 1.899985
98 -2.789348 0.143795 78.295562 0.065383 213.287819 3.772365
98 -1.497380 0.010444 -50.433660 1.241086 307.038820 1.188429
98 -1.650132 0.262981 30.384563 1.206416 319.522806 1.493933
98 -3.273747 0.156159 -9.830119 3.672846 499.099607 4.741162
98 -0.983603 0.130851 15.569210 1.667313 352.522576 0.160875
99 -2.322089 0.336531 -47.900054 3.002515 415.275098 2.837847
99 -2.076465 0.295129 78.780106 1.638278 342.220337 2.346599
99 -1.501747 0.262158 -32.245877 0.579433 267.592291 1.197162
99 -1.284180 0.393670 9.011617 1.654933 386.695831 0.762029
99 -1.574064 0.166977 -33.767432 1.966502 362.877881 1.341797
99 -3.772327 0.205230 -75.402657 0.324234 238.546986 5.738323
99 -0.938064 0.014506 -52.517905 1.508016 326.465362 0.069798
99 -2.885796 0.176267 -29.848852 2.864361 434.851154 3.965261
99 -2.454693 0.139459 62.032260 4.222374 495.337949 3.103055
99 -2.204506 0.183956 1.417665 1.216553 306.457643 2.602680
100 -2.136557 0.327014 -31.659600 3.193371 419.975022 2.466782
100 -1.423641 0.315695 66.568408 0.974277 298.804329 1.040950
100 -1.234665 0.263645 -26.782259 0.646686 272.525650 0.662999
100 -1.286260 0.385132 19.940723 2.086931 406.429442 0.766189
100 -1.531021 0.162622 -38.765017 2.619799 392.395728 1.255710
100 -1.396118 0.147753 -47.689913 0.043151 217.479502 0.985905
100 -0.954775 0.199497 2.673631 0.360165 249.884659 0.103220
100 -1.956863 0.246552 42.282611 1.616844 345.061801 2.107394
100 -2.163291 0.264580 71.007340 3.900090 460.207987 2.520251
100 -0.917373 0.186376 -14.592291 0.028932 220.948318 0.028415
101 -1.688758 0.333499 -1.278872 1.369292 341.313549 1.571186
101 -2.017473 0.312660 83.508304 1.240192 311.153428 2.228615
101 -1.240419 0.278693 -28.241138 0.089651 229.180065 0.674506
101 -1.663232 0.386854 33.157929 2.195458 415.959667 1.520134
101 -1.503569 0.145688 -37.629053 2.500904 386.518402 1.200806
101 -0.918519 0.141268 -44.614942 0.016797 212.988381 0.030707
101 -0.976908 0.187094 -26.136334 0.467381 250.100607 0.147485
101 -1.289122 0.282225 36.111938 0.039618 228.778544 0.771914
101 -3.075854 0.254263 72.094521 4.154278 488.439414 4.345377
101 -0.920869 0.245312 -8.301360 0.045390 225.094447 0.035408
102 -1.009115 0.299209 -7.267053 0.596054 276.203439 0.211900
102 -1.446843 0.248477 -78.849947 0.691651 256.303741 1.087355
102 -2.331924 0.384029 -39.910121 0.556648 275.700313 2.857517
102 -2.769874 0.382138 53.554577 2.131455 388.427428 3.733418
102 -1.408826 0.156069 -30.533582 1.728740 345.933365 1.011321
102 -2.191281 0.359957 -60.823380 0.607651 255.055304 2.576231
102 -1.044121 0.331731 -6.236759 0.283844 246.653303 0.281912
102 -1.561460 0.360773 -27.062973 1.209398 293.282715 1.316588
102 -1.130626 0.135673 -59.843459 4.159972 482.882713 0.454921
102 -0.955964 0.237632 -24.370617 0.290608 238.597110 0.105597
103 -2.449180 0.307111 -42.792877 2.857336 414.035137 3.092029
103 -2.411186 0.270357 -54.051049 0.980864 277.697996 3.016041
103 -2.483282 0.078368 -55.519754 2.992815 428.524746 3.160234
103 -2.423871 0.352199 45.688093 1.869439 372.320098 3.041410
103 -1.353796 0.129585 -40.078262 2.057701 360.904272 0.901262
103 -1.268760 0.114788 43.599965 0.783969 278.859301 0.731189
103 -1.245491 0.027137 -24.681537 1.845145 353.444376 0.684651
103 -1.610520 0.100153 -26.770839 2.022847 371.086190 1.414709
103 -0.903772 0.134193 -69.880673 3.636192 454.160001 0.001213
103 -1.071474 0.218193 -12.859924 0.578682 268.430734 0.336616
104 -2.823422 0.345096 10.168342 2.075660 427.885955 3.840513
104 -1.363212 0.192413 26.345309 1.697622 352.802602 0.920093
104 -1.992096 0.113052 -55.003097 3.122428 431.337632 2.177861
104 -1.956452 0.252782 76.919347 2.196220 374.228311 2.106574
104 -3.073738 0.299539 -7.915224 2.142358 402.316328 4.341145
104 -1.239226 0.115827 46.879301 0.749406 276.063850 0.672122
104 -2.228847 0.360147 -14.025685 1.862037 376.707680 2.651362
104 -1.184382 0.062383 -41.932940 1.383668 316.416212 0.562433
104 -1.404511 0.229425 -82.505546 4.432787 488.344130 1.002691
104 -1.063094 0.120272 -41.693556 0.946352 280.911962 0.319857
105 -3.348804 0.250277 44.940720 2.172530 404.109028 4.891276
105 -2.315120 0.281179 -12.962786 2.042880 364.789492 2.823909
105 -1.549575 0.137152 -46.345188 3.878168 466.545921 1.292820
105 -1.906754 0.244303 60.142223 2.064368 364.618792 2.007178
105 -0.912437 0.368249 -72.254711 3.630867 430.805432 0.018544
105 -2.504542 0.127523 -15.161528 3.106095 428.442273 3.202753
105 -1.622619 0.397679 -14.975766 1.337752 345.077469 1.438908
105 -1.390282 0.063711 -36.606585 1.218092 306.748419 0.974234
105 -0.957884 0.228256 -73.372310 4.437015 488.070583 0.109437
105 -1.577322 0.360837 -21.759149 1.069830 321.298858 1.348314
106 -1.006788 0.344138 20.644540 1.100580 321.746505 0.207246
106 -1.306283 0.136572 -30.827257 0.926096 287.540273 0.806234
106 -0.955137 0.211486 17.012008 2.735311 439.565921 0.103944
106 -1.498666 0.293642 59.539388 1.348811 319.497755 1.191000
106 -1.263218 0.395870 -49.025994 1.492390 304.929768 0.720105
106 -1.157899 0.388524 -14.220832 0.696783 292.044923 0.509468
106 -1.732821 0.392764 -41.100651 1.310046 318.614277 1.659311
106 -1.757961 0.366157 -64.770887 0.636079 252.694623 1.709591
106 -2.860210 0.248559 74.054031 3.980416 478.496980 3.914089
106 -3.490065 0.237143 23.629114 1.970956 402.616420 5.173798
107 -0.971188 0.349244 23.553142 1.008194 321.123723 0.136045
107 -1.157783 0.165221 52.505941 0.151983 231.292179 0.509235
107 -1.225184 0.275070 -5.225395 1.014934 307.113423 0.644037
107 -1.359115 0.259245 -12.645500 0.925742 286.864928 0.911900
107 -1.007246 0.392999 -80.660939 1.135600 274.742065 0.208161
107 -2.347867 0.382420 -25.241989 0.600657 289.390583 2.889402
107 -1.955030 0.363656 -74.433982 1.521393 295.331434 2.103729
107 -1.400796 0.231056 32.385035 1.599089 362.696195 0.995261
107 -2.742868 0.268103 79.502714 3.431379 447.614663 3.679405
107 -1.903483 0.324921 -9.858961 0.984477 285.307529 2.000636
108 -1.705523 0.372100 2.659317 1.161171 328.268285 1.604714
108 -2.091608 0.179980 80.609511 0.257206 237.241748 2.376886
108 -1.091224 0.274034 22.388581 0.392583 261.796207 0.376117
108 -1.035786 0.213364 -35.138388 0.710299 262.591088 0.265241
108 -0.948363 0.390749 -77.211275 0.463124 229.959992 0.090396
108 -1.679154 0.331164 53.603360 1.474444 342.874327 1.551976
108 -1.235761 0.242995 59.107445 0.014303 223.734096 0.665192
108 -1.838095 0.335855 72.824572 0.893826 296.394620 1.869860
108 -2.166005 0.293003 -83.878574 3.986162 460.877235 2.525679
108 -1.786572 0.397574 -46.968839 0.932967 289.130503 1.766813
109 -2.000435 0.318796 -4.239419 1.546971 343.893832 2.194539
109 -2.045223 0.310436 48.345693 1.792127 365.092441 2.284116
109 -1.034486 0.286434 28.502721 0.628581 282.028659 0.262642
109 -1.118174 0.210367 -31.256354 0.804400 276.474880 0.430018
109 -2.094137 0.391124 68.958523 2.566803 378.412009 2.381942
109 -1.798506 0.377438 43.289046 1.436692 355.384919 1.790680
109 -1.381940 0.240594 73.260144 0.120102 227.304720 0.957548
109 -2.840969 0.383019 1.170737 1.885303 412.649053 3.875606
109 -1.063578 0.272664 -72.252522 3.900132 456.301955 0.320825
109 -1.256309 0.396277 -74.041811 0.694470 239.218839 0.706288
110 -1.160775 0.302304 -47.070408 1.059457 281.410981 0.515219
110 -3.024844 0.349346 50.481101 2.144725 404.977419 4.243357
110 -1.852058 0.139116 53.002113 1.810910 346.560820 1.897785
110 -3.476817 0.343233 -30.384663 4.183697 486.782927 5.147303
110 -3.046361 0.286636 49.960048 2.592657 388.217737 4.286390
110 -1.819540 0.344476 3.201912 1.849768 395.726314 1.832750
110 -2.189823 0.373658 -2.999785 0.749687 269.767933 2.573316
110 -1.764354 0.180769 -11.971232 1.237740 303.848552 1.722377
110 -1.901134 0.265831 81.054225 3.967490 462.976841 1.995937
110 -1.062560 0.368807 75.028976 0.241175 227.015918 0.318790
111 -1.538496 0.333784 -66.125220 0.358756 233.014022 1.270662
111 -1.848803 0.274356 -18.811193 1.920047 369.510625 1.891275
111 -3.206114 0.131864 73.843308 1.061153 304.675737 4.605897
111 -2.867980 0.073744 -13.132822 3.762095 491.271464 3.929629
111 -1.930446 0.383491 65.434993 1.867837 349.429285 2.054560
111 -1.776370 0.355508 33.622407 1.979036 391.229886 1.746409
111 -1.087695 0.178617 16.630750 2.869399 446.675407 0.369059
111 -1.717174 0.347365 -49.637713 1.635031 328.580597 1.628018
111 -2.308845 0.255585 73.283993 3.577491 450.974060 2.811360
111 -0.926215 0.250602 -69.584297 4.676048 496.358167 0.046100
112 -1.447293 0.295185 63.301057 1.247108 317.325226 1.088255
112 -2.598416 0.312535 -20.968653 1.455900 359.515886 3.390501
112 -2.053842 0.123951 72.118794 1.735252 351.109310 2.301353
112 -1.253877 0.084383 7.181569 3.658445 481.266504 0.701424
112 -2.106579 0.383593 57.768618 1.120896 335.346294 2.406828
112 -2.461416 0.199068 44.907412 2.323267 386.440590 3.116501
112 -1.979758 0.192372 12.609800 3.157776 472.632449 2.153185
112 -1.442125 0.368091 84.203934 1.937677 329.236130 1.077919
112 -1.103575 0.191128 -76.397936 3.462953 436.745653 0.400819
112 -1.580614 0.256036 -70.762110 4.573841 494.932159 1.354897
113 -2.242160 0.369663 36.641482 0.660513 267.799798 2.677989
113 -3.481677 0.331306 -26.413738 3.857522 473.502175 5.157023
113 -1.684654 0.155460 73.256855 2.187971 374.087606 1.562977
113 -1.055393 0.079314 24.758238 3.487990 468.387946 0.304455
113 -2.256344 0.342087 -22.577709 1.896183 337.615259 2.706358
113 -2.238713 0.171734 57.903778 2.790337 423.855904 2.671095
113 -2.171840 0.228043 -2.104859 3.223193 466.733378 2.537349
113 -1.254635 0.394824 -64.915437 1.631837 314.266790 0.702938
113 -1.750106 0.334610 -19.029672 1.603960 354.590215 1.693880
113 -0.903472 0.255488 -70.543525 4.665069 495.724169 0.000613
114 -1.026008 0.371106 50.622323 0.119186 235.680413 0.245685
114 -2.899575 0.128864 -20.304554 3.746460 486.774138 3.992819
114 -1.614248 0.076803 -78.373088 2.127732 367.673776 1.422166
114 -1.292547 0.063887 12.421070 3.903311 489.248737 0.778764
114 -2.498737 0.236437 52.125450 2.503404 393.379444 3.191143
114 -1.072306 0.386019 -5.363193 0.658644 292.238272 0.338281
114 -1.563088 0.166214 28.510513 2.893251 448.441177 1.319846
114 -0.962721 0.366833 -37.851259 0.118576 218.072054 0.119111
114 -1.456236 0.299985 -2.347156 1.417964 352.832236 1.106141
114 -1.371396 0.253955 -40.690489 1.835757 337.183027 0.936462
115 -1.090958 0.395769 49.177682 0.293783 257.755912 0.375585
115 -2.539776 0.286839 -31.399050 3.982858 471.714478 3.273221
115 -3.334551 0.096331 -64.578580 1.793700 348.157591 4.862771
115 -1.893654 0.219981 -16.776778 2.072989 385.523343 1.980977
115 -2.042070 0.344139 40.583078 1.331737 326.750973 2.277809
115 -2.823435 0.162139 50.344350 3.539796 459.141386 3.840539
115 -2.878996 0.147374 -14.789956 0.651626 253.008220 3.951661
115 -1.026609 0.363535 -32.400273 0.129346 218.895209 0.246887
115 -1.047489 0.327088 23.721064 1.066226 326.421679 0.288648
115 -1.192264 0.340997 27.719833 1.071115 320.280972 0.578197
116 -1.032452 0.394029 41.993437 0.323888 260.613687 0.258574
116 -1.340732 0.128898 -34.965699 1.205892 306.878370 0.875133
116 -1.146334 0.058840 -71.784142 2.691726 403.633818 0.486338
116 -1.115710 0.389213 24.206773 0.865415 305.794581 0.425089
116 -2.768461 0.366108 45.225545 1.718696 338.927712 3.730591
116 -2.382210 0.208604 56.156652 2.485011 385.207298 2.958089
116 -0.965694 0.319471 -29.245036 0.198343 231.905156 0.125058
116 -1.139188 0.360896 -25.545901 0.210458 225.921432 0.472046
116 -2.157530 0.299013 34.895989 1.522129 347.263162 2.508729
116 -0.977818 0.332737 -28.733204 0.182938 232.363265 0.149305
117 -1.077809 0.334419 65.948457 0.351543 240.221803 0.349288
117 -1.688555 0.332832 -13.779119 1.131800 298.998913 1.570778
117 -0.927334 0.059875 -70.806906 2.642966 401.029720 0.048337
117 -2.264066 0.327710 12.737355 0.291153 247.710604 2.721800
117 -2.701662 0.396116 46.000277 1.712871 342.394554 3.596994
117 -1.983114 0.277812 71.449719 2.926774 402.140167 2.159898
117 -1.256605 0.249768 -25.243377 0.809159 269.089572 0.706879
117 -1.020943 0.381998 -19.421493 0.342418 245.987015 0.235556
117 -0.907195 0.299181 17.189017 1.985334 393.738286 0.008059
117 -2.421649 0.290738 -88.071623 3.554492 443.431368 3.036967
118 -1.037602 0.327788 62.356540 0.136370 228.847338 0.268874
118 -2.150095 0.337787 -10.336787 1.126897 292.666379 2.493859
118 -1.004211 0.057082 -65.357578 2.538661 394.139758 0.202090
118 -1.121757 0.386208 -44.633860 0.838567 258.302706 0.437182
118 -1.573336 0.062985 60.360839 1.488787 324.612065 1.340341
118 -2.139541 0.287566 77.167730 2.931473 413.030702 2.472751
118 -0.971494 0.188646 -32.323569 0.056535 215.474860 0.136657
118 -1.428083 0.396347 -39.137963 0.432522 255.990690 1.049835
118 -1.357720 0.340244 29.061306 1.935726 388.691441 0.909110
118 -1.756724 0.347589 -72.227302 3.894285 442.807949 1.707117
119 -2.287020 0.236197 76.670127 3.878690 467.606393 2.767710
119 -1.497693 0.396002 -28.521100 1.194799 319.718305 1.189054
119 -1.115976 0.052363 -77.736734 2.089544 364.521342 0.425621
119 -1.259037 0.358495 -65.825116 0.905860 267.581808 0.711743
119 -1.639734 0.185980 -30.452239 2.331052 380.266200 1.473137
119 -2.907962 0.247834 -83.117054 2.903218 412.522577 4.009593
119 -1.201565 0.193157 -37.141051 0.094602 214.722245 0.596800
119 -1.559321 0.289428 -42.606928 1.435763 321.130494 1.312311
119 -1.996656 0.244408 57.682279 1.682412 330.139173 2.186982
119 -1.702081 0.349885 -47.355974 4.315178 471.537763 1.597832
120 -2.510853 0.147536 62.121371 4.235298 495.951751 3.215374
120 -2.711517 0.384181 -0.006636 0.957798 282.589938 3.616704
120 -1.875758 0.364064 -44.140274 3.582091 436.390916 1.945186
120 -1.638779 0.362944 85.074306 1.255139 302.427806 1.471227
120 -2.140644 0.372781 -47.377778 3.067577 413.734371 2.474957
120 -1.055592 0.160358 8.509711 1.497590 340.339077 0.304852
120 -1.043066 0.252890 -22.747058 0.365486 240.461854 0.279802
120 -1.237194 0.283640 -14.108626 1.055264 304.554347 0.668056
120 -1.269363 0.265128 59.593111 0.915928 285.208295 0.732395
120 -1.811597 0.348874 -50.531738 4.384507 476.316739 1.816863
121 -1.017238 0.396700 -20.504019 0.323928 253.325775 0.228146
121 -1.155619 0.306436 -3.927095 0.864738 298.121187 0.504908
121 -1.769586 0.313141 -49.636627 2.443846 377.490534 1.732841
121 -2.094526 0.343806 -59.577643 4.084001 461.893221 2.382721
121 -2.251546 0.275162 -7.800557 1.584481 331.059261 2.696760
121 -1.109482 0.159164 -80.065726 1.209179 294.374770 0.412633
121 -1.389923 0.321077 3.471343 1.275166 339.434674 0.973515
121 -1.455090 0.312846 46.548644 1.226771 328.176508 1.103849
121 -1.401524 0.281135 62.810557 0.722820 260.448538 0.996717
121 -3.481914 0.298397 -10.099443 3.776169 457.532447 5.157497
122 -1.540077 0.398055 -37.569444 0.159525 238.338156 1.273824
122 -1.253246 0.380135 -15.289046 0.880484 307.175245 0.700161
122 -1.732169 0.224661 -12.778741 1.897282 366.021238 1.658007
122 -2.517906 0.351948 31.678402 1.153452 311.718999 3.229481
122 -0.918057 0.325213 15.829418 1.474070 357.253625 0.029783
122 -2.020322 0.160630 38.451271 1.751520 351.876021 2.234313
122 -1.458199 0.359477 -6.748839 1.273429 338.733568 1.110068
122 -2.998416 0.369402 77.554040 1.344648 338.299366 4.190501
122 -1.911343 0.216107 8.047432 2.040810 376.326505 2.016355
122 -1.463242 0.152478 77.548736 1.264134 306.969262 1.120153
123 -0.994900 0.365042 -44.838206 0.310935 229.334828 0.183468
123 -1.521748 0.210305 60.231487 0.985507 281.618970 1.237165
123 -1.109643 0.370709 69.713434 0.459608 244.434096 0.412956
123 -2.179067 0.332760 25.540771 3.034378 483.958379 2.551803
123 -0.922496 0.374201 16.414804 1.023685 321.283480 0.038662
123 -1.048413 0.153954 19.537210 1.794355 365.839110 0.290495
123 -1.062479 0.348612 10.584923 1.233203 344.295057 0.318627
123 -1.054504 0.331613 -66.730199 2.978057 399.384927 0.302678
123 -2.557687 0.134671 -9.763076 3.438734 467.000438 3.309042
123 -1.295293 0.247408 -35.132019 1.422424 316.282403 0.784256
124 -1.402765 0.389509 79.326857 0.540245 257.854533 0.999199
124 -1.576918 0.211328 52.353008 0.167890 223.906766 1.347504
124 -1.124854 0.363885 78.647687 0.547308 242.951200 0.443377
124 -0.904569 0.298948 18.316991 2.735110 449.502585 0.002808
124 -2.348654 0.365950 4.257012 0.952597 293.452387 2.890977
124 -1.414819 0.172223 16.275937 1.153186 317.598976 1.023307
124 -1.800439 0.025199 52.990952 3.770664 479.786027 1.794548
124 -2.246549 0.164855 -53.847538 3.593277 456.612442 2.686768
124 -1.982206 0.156613 -1.402202 3.610118 484.023134 2.158080
124 -1.842817 0.201366 45.672468 0.987469 287.272271 1.879303
125 -2.860993 0.113207 70.065812 3.439529 465.247829 3.915654
125 -2.189531 0.218666 38.231870 1.025309 292.066429 2.572731
125 -5.697420 0.322587 -78.134825 0.320097 251.841119 9.588508
125 -1.105832 0.347674 16.105100 2.616166 444.491276 0.405334
125 -1.272554 0.334218 41.817808 0.080826 230.548061 0.738776
125 -1.772302 0.344466 43.603361 1.334716 332.296905 1.738274
125 -2.004707 0.061675 46.250140 3.796059 487.370039 2.203083
125 -2.832761 0.125002 -51.273775 3.772551 465.308289 3.859191
125 -1.810165 0.060467 59.723748 1.194668 308.143659 1.814000
125 -1.356767 0.191298 49.823964 0.376913 242.827574 0.907204
126 -3.453082 0.155532 61.697936 3.217865 465.053325 5.099834
126 -1.655369 0.346970 -52.876853 1.044285 286.700120 1.504408
126 -2.148152 0.208455 20.792073 1.658637 342.953930 2.489974
126 -1.114990 0.341739 -77.623252 3.060744 398.776377 0.423650
126 -2.834756 0.331209 62.161754 3.345295 438.724404 3.863182
126 -1.645362 0.258913 -38.470367 2.462346 373.735964 1.484394
126 -1.256024 0.144933 -39.236022 1.678844 332.004603 0.705718
126 -1.889512 0.092357 -37.195606 4.020977 487.744637 1.972694
126 -2.074748 0.075061 -8.229531 3.909857 491.640651 2.343166
126 -1.214769 0.231059 56.354703 0.278299 234.458738 0.623207
127 -0.917520 0.273400 -62.606650 0.270776 222.034110 0.028709
127 -1.327821 0.360398 -35.819147 1.299818 306.956674 0.849312
127 -2.052358 0.192236 -18.564729 1.176571 320.867139 2.298385
127 -3.145871 0.331220 -16.786075 3.825073 451.141955 4.485411
127 -2.249926 0.301545 69.618746 3.754449 445.443846 2.693520
127 -1.839268 0.353594 -6.678482 0.587852 257.755676 1.872206
127 -1.358013 0.134335 -44.977595 1.237428 304.724946 0.909695
127 -1.862559 0.089737 -43.555830 3.683580 468.281843 1.918788
127 -2.356592 0.225321 -29.686749 3.972185 473.736176 2.906852
127 -2.151936 0.369279 -78.673141 1.379659 305.367275 2.497542
128 -1.882406 0.237048 -72.091749 0.729900 250.010409 1.958482
128 -2.332581 0.302268 75.208470 2.526532 396.255450 2.858831
128 -2.050737 0.178341 -32.802647 1.582720 344.987394 2.295144
128 -1.254867 0.035077 -26.123338 2.180928 375.133674 0.703403
128 -2.539327 0.391921 53.249622 1.974057 356.171116 3.272322
128 -1.169073 0.297064 -27.585570 0.887737 278.057388 0.531815
128 -1.901235 0.114709 -17.588628 2.631050 418.662221 1.996139
128 -1.713876 0.089833 -40.072831 3.503049 457.141151 1.621421
128 -1.076792 0.260242 -60.161181 4.373678 479.785311 0.347253
128 -1.450236 0.318937 81.836793 1.308229 303.777559 1.094140
129 -1.964501 0.266736 -11.170681 1.310082 308.713214 2.122671
129 -1.511982 0.205450 -30.559938 1.629070 325.439864 1.217633
129 -1.463217 0.105496 -76.609336 0.968648 277.322709 1.120103
129 -2.179122 0.034315 -50.960648 2.181418 376.422469 2.551913
129 -3.143751 0.373350 49.946993 1.950887 339.645406 4.481172
129 -1.051670 0.287453 -14.991148 0.646876 276.365942 0.297010
129 -2.075764 0.210778 -0.134380 1.925334 369.460750 2.345198
129 -1.581328 0.099149 -36.854997 2.898873 420.235795 1.356326
129 -2.762412 0.278533 -39.179114 4.291689 490.307262 3.718493
129 -1.091960 0.383462 74.464641 0.419477 240.862016 0.377589
130 -0.913156 0.190263 15.775621 1.623125 353.850598 0.019982
130 -3.317320 0.395998 55.892863 3.874427 443.840183 4.828309
130 -1.395596 0.137808 -13.473635 0.887909 279.239226 0.984862
130 -1.700359 0.225270 -11.301075 1.019021 288.139768 1.594388
130 -1.310566 0.206793 32.231882 1.530967 352.899672 0.814800
130 -1.326103 0.198902 -37.639655 1.687252 333.296750 0.845876
130 -1.097348 0.358298 84.486816 0.435310 230.950620 0.388366
130 -1.685738 0.072847 -22.317472 3.263391 449.257085 1.565144
130 -4.464263 0.303406 1.034596 4.289433 479.167772 7.122196
130 -2.545793 0.378019 41.518882 1.287479 310.341708 3.285256
131 -1.079688 0.208655 -79.822110 2.869488 402.029020 0.353045
131 -2.485203 0.024336 34.760386 3.045158 434.134577 3.164075
131 -2.418405 0.108071 48.780591 2.633244 401.071133 3.030479
131 -1.215185 0.191421 -15.819886 0.861244 279.792551 0.624040
131 -1.619193 0.251766 -80.357860 1.208795 293.795038 1.432056
131 -1.785372 0.191758 -27.911804 1.796370 335.931084 1.764413
131 -1.250324 0.321188 -68.995293 2.631671 374.290104 0.694318
131 -0.930291 0.229731 16.014259 0.189797 238.898612 0.054250
131 -3.244442 0.330359 64.260099 4.111965 480.458082 4.682553
131 -2.156808 0.076625 80.101324 1.236577 309.178298 2.507285
132 -1.531297 0.186561 62.632377 0.416512 237.720834 1.256262
132 -2.023849 0.080548 65.551544 2.956733 432.945977 2.241368
132 -2.844388 0.166292 61.197526 3.425252 463.500190 3.882446
132 -1.243724 0.090900 29.906563 2.098436 379.621534 0.681116
132 -2.326719 0.225435 4.980040 1.665945 348.162251 2.847107
132 -2.297129 0.191506 -23.065265 2.533336 385.179119 2.787927
132 -2.218069 0.128584 -24.599238 2.735607 425.061736 2.629808
132 -1.006167 0.330456 -18.893466 0.026368 227.218047 0.206003
132 -2.209707 0.275335 74.460206 4.016174 468.543806 2.613083
132 -1.032764 0.189538 -30.669976 0.583927 253.524276 0.259198
133 -1.606594 0.211289 77.003054 1.640213 335.256228 1.406856
133 -1.962033 0.044503 75.589041 3.063306 434.987560 2.117736
133 -1.245660 0.149743 -64.144277 0.364611 235.288472 0.684989
133 -1.056088 0.200702 -70.931647 1.088702 280.497952 0.305845
133 -1.219837 0.239753 33.390234 1.156023 324.466264 0.633343
133 -0.949049 0.304088 -28.237642 0.049313 218.354862 0.091767
133 -2.945101 0.397870 -19.795253 2.906440 393.796072 4.083872
133 -1.915169 0.325427 -44.079900 0.339453 248.256402 2.024007
133 -1.093486 0.245544 25.271996 2.665419 434.179569 0.380642
133 -0.979322 0.130283 -71.415944 1.798195 337.093827 0.152313
134 -2.080527 0.128406 73.536618 0.518094 257.407068 2.354724
134 -4.720545 0.092347 60.949937 3.400264 485.893388 7.634759
134 -0.934011 0.152769 -65.661449 0.334794 231.082765 0.061691
134 -0.989137 0.173675 -72.877284 1.205447 294.133331 0.171942
134 -0.931792 0.334501 -70.756842 3.846690 444.401094 0.057253
134 -1.068130 0.280975 -28.181789 0.042595 214.087604 0.329929
134 -3.000038 0.371066 -40.090869 3.432812 444.709538 4.193745
134 -0.994188 0.342857 -47.054207 0.469286 235.943236 0.182044
134 -1.504996 0.266553 31.848804 2.662142 434.887540 1.203661
134 -2.799608 0.157293 -56.284077 2.886794 419.811461 3.792886
135 -1.254697 0.146826 76.439398 0.920764 275.970621 0.703063
135 -3.260313 0.197815 56.929175 2.960135 456.321114 4.714296
135 -2.421641 0.148613 -57.592700 0.332833 234.961675 3.036951
135 -0.913328 0.163927 -71.274814 1.999384 349.030374 0.020326
135 -1.598205 0.334435 -44.628776 3.953557 451.690028 1.390079
135 -1.057266 0.293564 -36.579171 0.662917 255.844987 0.308201
135 -3.769476 0.342912 -8.529682 2.560776 443.766333 5.732621
135 -1.476965 0.324622 -21.219253 1.385626 332.784565 1.147599
135 -1.062662 0.256884 25.597949 2.542859 429.528290 0.318994
135 -2.689042 0.137000 -51.227268 2.508327 399.749013 3.571754
136 -1.292119 0.136030 73.646857 0.651799 261.684747 0.777908
136 -1.814093 0.294992 6.745599 1.900798 374.808150 1.821855
136 -1.504651 0.136926 -58.897724 0.285616 230.234052 1.202971
136 -1.643035 0.166855 87.114229 2.634446 389.776159 1.479739
136 -2.326410 0.290090 -62.049635 3.560421 440.349364 2.846490
136 -1.076955 0.286103 -26.676535 0.735880 273.653108 0.347579
136 -1.039289 0.143378 18.215125 2.043214 383.472347 0.272248
136 -1.458416 0.394169 -41.842304 1.832620 324.568947 1.110502
136 -1.530379 0.099974 -31.439982 0.637825 264.905993 1.254427
136 -2.226643 0.395991 77.144601 2.356863 379.247843 2.646955
137 -4.359706 0.363850 -0.564759 4.441669 491.031472 6.913082
137 -1.159045 0.271819 11.424578 1.948443 382.111686 0.511759
137 -2.926915 0.325843 -24.370563 2.833858 422.909060 4.047499
137 -2.747099 0.144727 89.581814 2.530695 389.610286 3.687868
137 -1.933693 0.363817 71.160519 2.399657 365.668180 2.061055
137 -1.218611 0.309194 -59.181896 1.207943 287.274961 0.630890
137 -0.999658 0.170703 24.132804 2.447893 411.948218 0.192986
137 -0.978841 0.383432 17.672807 0.844506 312.374474 0.151352
137 -0.989176 0.136663 -54.553581 0.637989 253.459735 0.172021
137 -1.878277 0.231120 11.799115 3.015660 467.677414 1.950224
138 -4.378315 0.380180 -0.200552 4.358469 485.839055 6.950298
138 -1.396318 0.245665 -12.411635 1.416566 333.935353 0.986305
138 -2.214632 0.338699 -40.970349 2.194643 376.388276 2.622934
138 -1.709547 0.190254 73.276569 1.920965 358.011359 1.612763
138 -2.493397 0.375642 87.079307 2.533241 387.683479 3.180462
138 -1.146720 0.370497 -62.507492 1.724440 319.380555 0.487108
138 -1.703865 0.225974 61.171157 1.834049 349.066511 1.601399
138 -0.969072 0.385149 9.558893 0.866230 312.329159 0.131814
138 -0.960700 0.082039 -25.679816 0.672744 264.042457 0.115069
138 -1.929084 0.183326 64.500445 2.548340 399.404156 2.051838
139 -4.003175 0.388406 -5.539644 4.321833 472.658823 6.200019
139 -1.382780 0.201392 -14.595262 1.479555 340.399806 0.959230
139 -1.648477 0.215212 -17.244235 1.907245 366.296561 1.490623
139 -1.584706 0.077142 -29.927815 1.983715 366.114241 1.363082
139 -1.433109 0.320143 -21.152680 1.360078 325.973214 1.059887
139 -1.055611 0.296333 19.402228 0.560551 271.778633 0.304891
139 -1.652536 0.184569 58.404674 1.059258 307.278700 1.498741
139 -2.033840 0.393933 19.896273 1.177336 317.057780 2.261350
139 -1.802350 0.222242 -8.129712 1.922125 370.767271 1.798370
139 -1.536448 0.255472 47.975652 1.222906 314.650441 1.266565
140 -2.220006 0.154062 66.710278 3.335196 449.272023 2.633682
140 -1.787427 0.195961 -22.575045 1.497317 343.539070 1.768522
140 -1.923385 0.130988 -26.642186 0.549407 261.771898 2.040438
140 -1.692395 0.130387 -40.745499 2.652534 404.698213 1.578460
140 -0.946960 0.053585 18.503059 2.939235 432.885833 0.087589
140 -3.182319 0.393721 51.321299 2.841827 405.166644 4.558307
140 -1.280400 0.178675 75.252411 1.054640 284.774616 0.754469
140 -2.017150 0.394951 19.949823 1.178034 317.375916 2.227969
140 -1.673344 0.152705 -2.455036 1.971688 372.622907 1.540358
140 -1.479265 0.255855 44.685070 1.368760 338.064915 1.152199
141 -2.033879 0.127070 67.472001 3.480993 455.047471 2.261427
141 -0.939416 0.184408 17.183893 3.323374 471.577239 0.072500
141 -1.269205 0.135776 -8.754752 0.834159 278.293526 0.732078
141 -1.443230 0.144871 -60.826303 3.460578 444.763728 1.080129
141 -1.951514 0.077209 -32.831743 3.896157 485.036922 2.096697
141 -3.479270 0.362682 -83.331976 1.914521 355.113174 5.152209
141 -2.471901 0.254675 -4.147843 2.098419 394.030062 3.137472
141 -1.187862 0.331599 47.580673 0.653664 285.621115 0.569394
141 -1.043358 0.022830 19.398261 2.495294 399.659493 0.280385
141 -1.444322 0.092974 75.852034 0.214190 229.139546 1.082313
142 -1.150677 0.236599 20.764120 3.075571 460.285424 0.495022
142 -1.460456 0.107286 13.485891 3.477615 467.370202 1.114580
142 -1.287999 0.122117 -14.167701 1.077468 303.620635 0.769667
142 -1.739354 0.122314 -74.462737 3.723105 464.017709 1.672377
142 -2.111525 0.032334 69.773898 0.585864 257.020712 2.416718
142 -1.169916 0.058477 7.561933 3.541915 471.633840 0.533501
142 -1.109514 0.186124 12.739221 2.081863 392.654559 0.412696
142 -1.266930 0.332136 43.511272 0.897360 303.564616 0.727529
142 -1.473274 0.071466 2.014163 1.871830 359.369988 1.140217
142 -1.443028 0.092133 76.163980 0.206008 228.397711 1.079725
143 -1.453388 0.340907 17.060208 2.159212 404.577665 1.100445
143 -1.691688 0.247349 -17.447721 1.752620 363.440784 1.577044
143 -1.533623 0.058158 -31.410221 2.737189 414.524956 1.260915
143 -1.034882 0.086008 -62.623952 3.690855 461.732770 0.263434
143 -1.109825 0.361296 56.481413 0.059224 232.632818 0.413319
143 -1.400134 0.037237 26.928861 2.907164 429.717349 0.993936
143 -1.237042 0.156024 8.366551 3.741282 495.095547 0.667754
143 -1.303662 0.341035 53.022749 0.860520 301.568435 0.800992
143 -1.550986 0.102110 -5.100791 2.456271 407.628956 1.295640
143 -1.293205 0.090678 67.598649 0.506170 248.444599 0.780080
144 -1.860674 0.371066 83.205797 3.016000 404.250216 1.915017
144 -1.996067 0.188822 -0.465633 1.009746 290.889997 2.185803
144 -2.012821 0.148705 -35.095272 2.656615 411.592173 2.219310
144 -1.055957 0.095480 -78.645282 2.845727 410.658640 0.305583
144 -2.394889 0.381752 -3.389342 2.587366 443.990803 2.983447
144 -0.909510 0.144986 17.286108 2.987713 445.459901 0.012690
144 -1.300878 0.191307 -71.053930 1.186742 294.415625 0.795425
144 -1.506521 0.146693 73.011143 1.369343 318.025474 1.206711
144 -3.304367 0.337094 65.145763 3.329859 446.576900 4.802403
144 -1.413452 0.120646 73.308833 0.328119 239.018918 1.020572
145 -1.482173 0.313346 89.549865 3.329136 418.394501 1.158015
145 -1.406556 0.064187 -27.456696 1.583798 336.232335 1.006781
145 -1.070516 0.160469 -79.882884 3.086701 419.164256 0.334701
145 -1.010818 0.038411 -67.586187 2.695466 407.323353 0.215305
145 -2.131958 0.315267 17.292259 1.965958 412.956852 2.457586
145 -1.106924 0.207065 25.912436 3.688054 497.395911 0.407517
145 -3.424849 0.328553 -5.236877 2.757946 469.198833 5.043367
145 -0.967083 0.213970 -76.309015 1.303751 297.432379 0.127836
145 -3.361089 0.396450 -81.583089 3.351939 428.639211 4.915848
145 -2.576812 0.376783 73.237834 3.372768 434.778197 3.347293
146 -2.004136 0.309850 -83.083397 3.450097 430.895854 2.201941
146 -1.466534 0.232374 -46.117022 0.960683 284.948727 1.126738
146 -1.026242 0.154944 -77.148670 3.081489 420.174013 0.246152
146 -1.966542 0.230654 85.191192 3.809643 459.195116 2.126754
146 -1.094173 0.312502 14.075530 2.049045 395.280078 0.382015
146 -1.031319 0.138891 12.328582 3.309943 464.778291 0.256307
146 -1.420291 0.350784 22.208945 2.751993 464.571548 1.034251
146 -1.353412 0.182199 -14.675846 1.370124 331.538036 0.900493
146 -3.600883 0.399680 -77.879097 3.384923 428.893405 5.395436
146 -1.455377 0.356438 -42.602978 1.037916 293.515939 1.104422
147 -1.602405 0.299978 -87.056683 3.445475 428.112469 1.398478
147 -0.982553 0.159611 -68.081865 1.117251 285.980505 0.158774
147 -1.803259 0.184618 -23.279476 2.396651 391.902392 1.800188
147 -2.011074 0.189830 80.472606 3.906753 469.444377 2.215816
147 -3.561138 0.385247 48.447202 2.053443 431.448737 5.315946
147 -2.818490 0.140310 -13.715026 4.039175 486.952344 3.830649
147 -1.129101 0.338037 13.293301 2.851979 466.094439 0.451871
147 -4.117889 0.265199 -19.451327 1.830776 400.193054 6.429448
147 -2.864204 0.340522 38.971455 1.943571 405.526595 3.922077
147 -3.388976 0.270213 -64.368711 1.010237 290.839160 4.971622
148 -1.940527 0.328148 82.544997 2.737667 394.764307 2.074723
148 -1.207533 0.241117 -79.920851 0.494825 235.222142 0.608736
148 -2.624467 0.193540 -47.943886 4.303237 496.032778 3.442604
148 -2.754843 0.178421 78.638368 3.159750 441.167650 3.703355
148 -2.296732 0.167911 55.683184 2.543289 391.282263 2.787133
148 -1.039719 0.198216 -79.674527 1.761805 329.406793 0.273107
148 -0.974714 0.342419 22.960966 2.927013 469.387167 0.143098
148 -1.295830 0.296235 -19.450861 1.195051 315.808700 0.785329
148 -2.330812 0.368394 41.278115 1.962137 391.401726 2.855293
148 -1.468072 0.226056 -33.028856 0.602092 266.831033 1.129814
149 -0.999050 0.389975 -69.115426 2.845958 382.550019 0.191769
149 -1.357728 0.273083 -67.188485 0.428882 237.696119 0.909125
149 -2.639041 0.333949 41.685712 1.635002 338.113059 3.471750
149 -1.993408 0.168512 73.327505 4.029255 475.368011 2.180485
149 -1.912502 0.189780 59.061367 2.170223 369.575987 2.018673
149 -1.520302 0.315059 -31.619603 1.320480 298.137451 1.234273
149 -1.348690 0.336598 8.823697 1.732092 387.147648 0.891050
149 -2.473126 0.286621 85.398765 3.741747 456.668969 3.139922
149 -1.145013 0.370202 27.364582 1.541641 364.901524 0.483696
149 -1.829776 0.262490 -47.394640 0.418147 249.033846 1.853221
150 -1.687860 0.356055 -66.293367 2.970260 401.014778 1.569390
150 -1.017643 0.397368 -39.364829 0.131003 224.198766 0.228956
150 -1.746637 0.395508 48.924162 1.240144 320.021707 1.686944
150 -1.920065 0.238889 -33.308836 3.107894 417.613703 2.033800
150 -2.742613 0.396768 88.417168 1.916437 355.961684 3.678895
150 -3.187394 0.222352 31.508151 2.225460 384.616668 4.568457
150 -1.382984 0.082382 71.715507 0.162596 225.285665 0.959638
150 -1.876776 0.214225 86.363093 4.289694 480.802866 1.947222
150 -1.035596 0.219975 19.366452 1.936555 375.387976 0.264862
150 -2.134971 0.323994 79.709965 2.727825 399.320139 2.463612
151 -1.787638 0.195879 -78.455307 1.508931 318.832661 1.768946
151 -0.957506 0.392337 -30.455046 0.133312 225.973188 0.108680
151 -1.491327 0.368898 79.689751 1.725388 324.449186 1.176324
151 -1.175117 0.314913 18.394039 2.675317 443.102076 0.543902
151 -2.710564 0.296643 45.374185 3.193083 476.380864 3.614796
151 -2.734193 0.138611 -58.469298 1.480686 325.750308 3.662055
151 -1.498933 0.086244 74.103129 0.174622 226.858746 1.191535
151 -1.155688 0.210070 28.452390 0.100511 231.114576 0.505046
151 -2.606554 0.266266 27.911336 1.326237 325.617860 3.406778
151 -2.741528 0.323600 78.227087 1.452536 340.298483 3.676726
152 -1.704842 0.375019 -25.207190 1.133405 325.498599 1.603352
152 -1.402796 0.391100 -50.223582 0.235770 230.854101 0.999262
152 -2.582268 0.225729 -17.432501 2.427244 415.564716 3.358206
152 -1.483658 0.344084 -12.096998 1.266947 325.004494 1.160986
152 -1.958091 0.253269 69.685700 2.644880 394.707664 2.109851
152 -2.089415 0.101614 -43.251785 1.584381 336.790537 2.372499
152 -2.661480 0.396100 84.238127 4.447583 482.755711 3.516630
152 -0.981381 0.335658 -13.639108 0.236783 240.443567 0.156432
152 -1.600796 0.381317 71.660490 1.579615 325.473971 1.395262
152 -2.225201 0.368092 75.522508 1.208559 322.383338 2.644071
153 -2.181557 0.343024 -26.435152 2.498315 382.668685 2.556783
153 -1.199245 0.354195 -45.198913 1.203894 283.866054 0.592160
153 -1.074636 0.168669 13.348475 3.197847 460.160014 0.342942
153 -1.217451 0.342245 -11.457963 0.927857 309.752849 0.628572
153 -2.528677 0.313368 -87.853483 2.316941 375.313912 3.251024
153 -1.319780 0.365541 -37.639815 1.332813 305.615139 0.833230
153 -2.102041 0.389946 80.759496 4.883656 497.632740 2.397752
153 -1.137059 0.264625 -37.739085 0.265009 235.655680 0.467787
153 -1.316107 0.301841 74.731949 0.455693 251.854057 0.825884
153 -1.677173 0.388779 -83.116743 1.662961 317.663005 1.548015
154 -1.105303 0.388566 68.688735 0.485953 252.919252 0.404276
154 -2.265224 0.393780 -30.486296 3.400524 420.687728 2.724116
154 -1.488205 0.148859 26.158395 2.722301 436.023953 1.170080
154 -1.248033 0.299789 30.656373 1.185761 329.199208 0.689735
154 -1.159927 0.385424 14.909831 0.416598 265.318509 0.513522
154 -1.759278 0.352842 6.824925 0.462246 263.044815 1.712225
154 -2.123523 0.389565 89.480096 4.784905 492.643548 2.440715
154 -1.168080 0.279617 -36.316430 0.955630 284.305262 0.529830
154 -0.937064 0.216274 -68.242215 1.052628 278.007242 0.067797
154 -3.788226 0.300425 64.368047 2.641704 457.389823 5.770121
155 -1.606132 0.249630 50.005328 1.525958 349.479785 1.405933
155 -1.204438 0.124582 -55.517542 2.740879 400.720828 0.602546
155 -1.732245 0.138804 -25.442183 2.636487 407.854390 1.658158
155 -1.197919 0.190346 -85.920854 0.014801 208.230683 0.589508
155 -1.514444 0.387828 23.957460 0.433126 277.919688 1.222558
155 -1.333086 0.225432 18.109358 1.310872 338.040953 0.859842
155 -2.451252 0.394347 86.683549 4.267826 463.033787 3.096173
155 -2.045444 0.170359 -7.233099 2.513118 413.199158 2.284558
155 -1.878866 0.228884 -79.376293 0.538189 247.854142 1.951401
155 -4.165409 0.216592 48.761275 2.245464 429.562300 6.524487
156 -2.234397 0.260385 41.691488 1.252573 331.916002 2.662464
156 -2.597744 0.124343 -14.674327 3.928720 482.062902 3.389156
156 -1.091408 0.155424 16.912132 2.775217 437.723185 0.376484
156 -1.134217 0.191444 -87.344081 0.046599 209.487318 0.462104
156 -2.134279 0.397066 68.578147 2.195496 369.971195 2.462228
156 -1.125466 0.218426 23.092608 0.849843 289.897212 0.444601
156 -2.232198 0.170913 73.245930 3.130915 436.423624 2.658066
156 -2.893519 0.269831 -9.037558 2.285470 375.166313 3.980706
156 -2.122066 0.167686 83.718095 2.916583 419.046131 2.437800
156 -3.885205 0.217587 49.603105 3.309584 494.701180 5.964078
157 -1.842263 0.169702 84.035903 2.380739 382.864860 1.878195
157 -1.799122 0.387629 0.649619 1.377399 356.030084 1.791914
157 -1.689877 0.333006 71.630755 1.894972 340.955392 1.573423
157 -1.118473 0.191777 80.926684 0.115876 216.347063 0.430616
157 -2.589420 0.399062 65.818963 2.190174 384.170586 3.372509
157 -0.948514 0.205310 10.987589 1.165995 318.616424 0.090697
157 -4.944029 0.191867 11.440713 2.978913 423.530807 8.081728
157 -2.061486 0.285387 -21.989634 2.141690 364.672946 2.316641
157 -2.039770 0.165316 -41.624239 1.819187 355.235093 2.273209
157 -1.836518 0.197254 -25.177735 2.016896 353.272338 1.866705
158 -1.353412 0.216564 33.708162 1.386614 339.607587 0.900494
158 -1.305507 0.267580 -70.551426 2.422175 365.488618 0.804684
158 -1.863082 0.392984 72.081558 1.967537 352.061316 1.919833
158 -3.616152 0.305203 43.426804 2.948608 423.848231 5.425973
158 -2.961879 0.154361 -8.422383 0.638388 252.958482 4.117426
158 -1.215054 0.216961 24.838240 1.236497 320.266310 0.623776
158 -1.313297 0.160928 -20.380304 0.698815 274.580964 0.820264
158 -2.212764 0.311013 -25.103644 2.264925 387.108703 2.619197
158 -1.320489 0.348606 -20.642693 0.689634 287.074857 0.834648
158 -2.927297 0.219857 48.543386 2.959893 421.414586 4.048262
159 -2.274469 0.276752 58.784369 1.899748 378.696920 2.742608
159 -2.145149 0.229028 -66.655563 1.970260 350.859850 2.483967
159 -1.386811 0.316644 77.665412 1.424412 306.583773 0.967291
159 -1.314265 0.281772 17.857665 1.239416 321.837218 0.822198
159 -1.127934 0.200397 -15.401834 0.965562 293.098837 0.449537
159 -1.469230 0.207844 23.635458 0.969579 307.039126 1.132130
159 -1.026897 0.186602 19.172897 0.661805 272.886648 0.247464
159 -1.280363 0.295757 50.869031 0.758135 278.584261 0.754394
159 -0.916552 0.297491 17.135572 0.431870 264.673607 0.026774
159 -2.484932 0.162284 -21.699899 3.771029 472.350029 3.163534
160 -1.177096 0.349199 21.453003 1.968772 406.813708 0.547862
160 -3.414742 0.237812 -75.748533 3.056469 420.015348 5.023153
160 -2.763358 0.374447 -3.440086 1.493679 325.876315 3.720385
160 -2.516991 0.360525 38.385861 1.602225 348.182620 3.227650
160 -1.635343 0.328863 53.950070 1.432502 335.849706 1.464356
160 -0.945323 0.204143 17.430632 1.250491 322.684116 0.084315
160 -1.335325 0.208993 -29.608414 1.529896 327.567941 0.864320
160 -1.201304 0.379313 56.122329 0.180636 245.408785 0.596278
160 -2.740291 0.326063 55.593724 2.631419 388.752945 3.674251
160 -1.868560 0.112107 -86.775016 0.492651 245.566154 1.930789
161 -1.073489 0.347415 25.869000 1.249933 344.707736 0.340646
161 -0.943109 0.299223 -73.785974 3.739877 443.766388 0.079887
161 -1.040227 0.380756 -13.831676 0.191889 246.358988 0.274124
161 -1.875026 0.328570 54.696089 1.679654 352.931551 1.943721
161 -1.686588 0.338585 57.405692 1.359939 339.223781 1.566846
161 -0.910491 0.202945 15.330201 1.039767 306.805142 0.014650
161 -2.556083 0.090339 -56.505874 1.296995 308.161025 3.305835
161 -2.850315 0.382276 66.849021 0.015257 237.601758 3.894300
161 -1.270683 0.106770 21.998789 3.697169 481.888484 0.735034
161 -1.329617 0.109492 -83.255052 0.906461 274.996270 0.852903
162 -1.173881 0.328342 26.840726 2.028530 396.649387 0.541432
162 -2.541594 0.351886 -53.506828 3.788582 453.388579 3.276856
162 -1.659561 0.392946 4.979342 0.384651 258.388251 1.512792
162 -2.462055 0.291405 16.496530 2.188783 395.611650 3.117779
162 -3.189922 0.278480 47.268130 2.658632 394.660846 4.573514
162 -1.278799 0.287486 -21.510162 0.709035 282.906897 0.751267
162 -1.819262 0.296949 37.029049 0.723194 277.122482 1.832192
162 -1.351997 0.364027 -83.336057 0.876753 263.095473 0.897664
162 -1.226943 0.143044 26.626824 3.486498 480.075225 0.647555
162 -1.474625 0.169789 -48.186351 0.817465 273.552988 1.142919
163 -1.186560 0.312081 26.868078 1.980972 398.524732 0.566790
163 -1.559559 0.388977 -45.112429 3.429330 419.388241 1.312788
163 -0.996837 0.296092 -70.277471 3.733257 444.554660 0.187343
163 -1.451296 0.200909 46.339012 1.051767 310.665599 1.096260
163 -1.362680 0.223911 54.107559 0.381418 240.866451 0.919028
163 -1.158136 0.288812 -19.269828 0.719626 282.761196 0.509941
163 -1.060023 0.279824 21.514571 0.525432 268.079718 0.313716
163 -1.359761 0.372591 89.029265 2.102135 339.414364 0.913191
163 -1.171972 0.142905 23.730447 3.378500 474.411641 0.537613
163 -2.591300 0.198731 -52.180269 0.866900 283.825838 3.376269
164 -2.923709 0.354724 54.376913 2.443097 432.662562 4.041087
164 -1.952036 0.384607 -80.743473 3.585940 432.201471 2.097741
164 -1.860577 0.222558 -40.551445 3.690485 454.334257 1.914822
164 -2.020020 0.215189 -42.562842 3.490619 447.903352 2.233710
164 -1.501518 0.249587 54.673913 0.190709 224.905956 1.196706
164 -2.503556 0.089931 49.498017 4.148476 498.647485 3.200780
164 -1.984127 0.181764 13.884753 2.079260 374.673954 2.161923
164 -1.235681 0.377037 -42.061594 1.179385 291.702339 0.665031
164 -2.043429 0.133130 62.433142 3.029878 433.921813 2.280527
164 -2.501203 0.225040 -84.554319 2.465403 385.563197 3.196075
165 -2.062596 0.382254 77.395693 3.705701 441.300874 2.318862
165 -2.544412 0.221021 -43.667990 1.434430 332.683265 3.282493
165 -1.369047 0.156803 -61.148115 3.318935 435.206995 0.931763
165 -1.026732 0.064317 -33.192342 0.329686 238.040658 0.247133
165 -1.223603 0.291432 69.880481 0.742795 261.802415 0.640874
165 -3.634183 0.162494 41.364819 4.043137 487.170330 5.462035
165 -0.922600 0.205010 13.626470 1.264292 325.942981 0.038868
165 -1.179882 0.316878 -39.081243 1.041737 286.081150 0.553433
165 -1.011697 0.054702 22.402505 3.954348 493.018733 0.217063
165 -1.750180 0.093146 62.301212 2.691351 412.479091 1.694030
166 -0.981890 0.352794 13.907719 0.537207 275.697867 0.157450
166 -1.325124 0.350885 40.250790 0.658328 281.555868 0.843917
166 -1.969950 0.207560 78.264866 3.563758 449.150104 2.133569
166 -1.840106 0.077550 -43.568759 0.414764 245.717281 1.873881
166 -2.705499 0.287798 63.283303 2.808393 419.383972 3.604667
166 -2.083745 0.118218 49.369862 2.907892 428.281032 2.361159
166 -4.373630 0.235004 -32.975927 2.709723 456.451597 6.940929
166 -1.202917 0.150643 -26.607075 1.249151 310.898289 0.599503
166 -2.549632 0.309818 55.722357 2.159771 394.087870 3.292933
166 -1.083517 0.140839 -44.006617 0.760020 266.875257 0.360703
167 -1.107240 0.116112 -7.196224 0.405520 249.028074 0.408150
167 -2.862174 0.206333 -16.493330 3.161856 424.377636 3.918018
167 -1.666694 0.386593 64.998962 1.311708 300.482565 1.527057
167 -1.263718 0.168449 -29.018016 1.267894 304.172820 0.721105
167 -2.676483 0.312379 51.844523 3.243548 482.780239 3.546635
167 -2.266235 0.140840 44.046690 2.764286 421.566108 2.726140
167 -1.658991 0.394559 -39.296133 2.139209 354.809065 1.511651
167 -1.773390 0.399875 -22.201817 0.805399 306.590984 1.740449
167 -1.387003 0.398543 42.253306 0.970879 326.721190 0.967675
167 -1.164258 0.202762 -15.071447 0.553161 255.872562 0.522185
168 -1.123637 0.146661 -10.459291 0.797624 282.544597 0.440944
168 -3.211457 0.231384 -12.952011 3.821134 462.200464 4.616583
168 -1.572253 0.397305 69.174820 1.439151 312.524458 1.338175
168 -0.967286 0.200811 13.378479 1.316904 331.997987 0.128241
168 -1.122009 0.399695 18.531523 2.386834 444.249181 0.437687
168 -2.166081 0.115760 36.798963 2.424386 399.854517 2.525830
168 -3.566832 0.389127 -80.962445 1.518790 328.410794 5.327334
168 -1.314477 0.364293 6.588206 1.381563 362.785838 0.822623
168 -1.520890 0.391773 45.521793 1.193430 334.739788 1.235449
168 -0.938251 0.251827 -41.269997 0.132351 218.648436 0.070171
169 -1.192276 0.113092 -9.003025 0.797297 280.513988 0.578222
169 -0.979938 0.311171 13.757322 1.824330 385.056246 0.153545
169 -2.554868 0.351833 48.019844 1.566865 323.970109 3.303405
169 -1.020979 0.183508 13.636076 1.393458 331.677084 0.235628
169 -2.717934 0.329944 -7.460503 2.715757 446.755694 3.629537
169 -1.096185 0.117413 -39.457959 0.339438 238.391224 0.386039
169 -1.631262 0.090810 -20.726302 2.722900 417.578130 1.456192
169 -1.407498 0.331464 -9.902390 0.960310 295.739428 1.008666
169 -1.250111 0.241270 49.375236 0.929185 295.714186 0.693892
169 -0.953669 0.302533 -37.974094 0.133765 219.191835 0.101007
170 -1.313540 0.251455 34.838517 0.165694 237.605529 0.820748
170 -1.043007 0.376773 -66.581545 2.043062 333.907162 0.279684
170 -1.307326 0.301595 -72.890867 1.615339 308.717439 0.808322
170 -2.082402 0.355177 41.709414 0.477886 249.329187 2.358474
170 -2.283042 0.156569 -14.041377 2.889609 421.379085 2.759754
170 -1.818593 0.372084 -2.793326 0.840617 285.072377 1.830855
170 -2.296500 0.397320 -23.451037 2.245986 367.964351 2.786670
170 -3.932156 0.103354 -71.287740 1.988067 360.508156 6.057982
170 -1.401756 0.059136 -10.613583 2.472807 400.551487 0.997181
170 -0.959548 0.323828 -38.228944 0.156599 222.793977 0.112765
171 -1.198262 0.151479 -17.679495 0.293153 233.725710 0.590193
171 -1.142994 0.330736 -72.989181 1.874475 333.267005 0.479658
171 -1.213367 0.261631 -71.698905 1.777147 331.629380 0.620403
171 -1.258009 0.387611 69.460646 0.763358 278.348037 0.709688
171 -2.491614 0.107657 -45.602940 3.661049 470.272262 3.176897
171 -2.293056 0.311374 39.043077 1.623382 348.551858 2.779780
171 -1.426362 0.323650 66.317526 1.273719 310.185767 1.046393
171 -1.603431 0.332809 -44.345456 2.915595 398.423323 1.400530
171 -1.019228 0.060638 -24.023947 1.042102 292.744520 0.232124
171 -0.938534 0.244023 -3.518781 0.024328 224.117847 0.070738
172 -1.127214 0.220859 63.394820 0.005571 219.011745 0.448098
172 -1.151395 0.317686 -68.556642 2.306197 361.507105 0.496460
172 -1.244666 0.255578 -79.161476 1.988350 338.428688 0.683000
172 -2.264689 0.152048 58.008626 2.376154 405.374503 2.723048
172 -1.057356 0.042666 -67.041301 4.196071 496.537721 0.308380
172 -1.372438 0.340345 28.837328 1.774720 374.739372 0.938546
172 -0.949853 0.329733 -20.833274 0.195725 235.139160 0.093376
172 -1.697369 0.380644 -39.334412 2.609762 377.660461 1.588407
172 -1.420987 0.052336 -27.738685 1.041190 294.388517 1.035643
172 -1.133887 0.233127 1.004439 0.628342 272.745767 0.461443
173 -1.396233 0.238538 79.015626 0.291170 236.550010 0.986134
173 -1.142142 0.301799 -70.957521 2.609519 374.899322 0.477953
173 -1.147450 0.217947 45.727631 0.571051 269.421343 0.488568
173 -1.177364 0.372417 82.395355 0.294535 230.967392 0.548397
173 -1.815586 0.042710 -59.740405 4.150830 494.701369 1.824842
173 -1.364753 0.313044 80.513208 1.095955 289.504406 0.923174
173 -1.657568 0.230198 -77.367940 1.280889 300.878463 1.508806
173 -1.104067 0.018808 -43.295203 2.520257 397.580628 0.401803
173 -1.749920 0.051490 -30.454267 1.180791 305.651754 1.693509
173 -2.179720 0.358796 -68.349440 0.278123 231.298027 2.553110
174 -1.691093 0.302490 52.743758 0.359495 235.584875 1.575856
174 -2.996923 0.291029 67.162127 1.943590 383.432313 4.187516
174 -1.103319 0.177500 27.558913 1.120061 314.025868 0.400307
174 -1.338000 0.316924 68.544618 1.127416 298.677230 0.869670
174 -3.385382 0.020776 -37.688361 3.440917 454.864742 4.964433
174 -1.781771 0.292899 63.174181 1.129995 284.727915 1.757212
174 -1.798770 0.337518 44.345522 0.361762 241.672431 1.791210
174 -2.684735 0.331503 71.864633 1.195347 329.218524 3.563140
174 -1.375030 0.313573 72.624280 1.107479 283.363507 0.943730
174 -0.977697 0.153795 -11.746348 0.353009 242.829675 0.149064
175 -1.294828 0.344266 54.471839 0.026360 217.569828 0.783325
175 -3.086480 0.339073 59.053621 1.822560 387.439821 4.366630
175 -1.062990 0.182541 18.077838 1.159080 311.922459 0.319650
175 -1.839909 0.372778 68.798130 1.809490 347.781061 1.873486
175 -2.268269 0.188418 63.641111 3.264612 431.469900 2.730207
175 -2.589950 0.095145 36.119226 3.261190 450.181120 3.373569
175 -2.871777 0.346280 77.671339 0.412531 264.534255 3.937224
175 -1.375359 0.256340 -19.333820 1.240907 308.984576 0.944386
175 -1.039198 0.291367 -62.062298 4.519245 483.673834 0.272065
175 -1.326664 0.165968 -8.872431 0.516794 252.909805 0.846996
176 -1.205535 0.348747 54.820669 0.060061 221.492077 0.604739
176 -2.084849 0.390927 64.844691 1.779572 358.215138 2.363367
176 -2.529434 0.290931 37.228815 1.572989 337.328481 3.252538
176 -0.979956 0.346800 -74.936288 1.312326 292.092981 0.153580
176 -2.170407 0.153859 68.325286 4.047203 480.434170 2.534484
176 -1.970769 0.064033 14.198589 3.541862 465.089750 2.135207
176 -1.456657 0.347860 66.130305 0.526264 269.025753 1.106984
176 -1.125089 0.264331 19.386708 1.092957 311.676009 0.443847
176 -0.991318 0.299520 -63.927524 4.481431 481.807790 0.176306
176 -3.266803 0.373437 -42.570474 1.911064 373.304148 4.727274
177 -1.159922 0.374083 64.512444 0.490826 261.689504 0.513513
177 -1.349226 0.346656 19.878497 2.275796 431.075806 0.892120
177 -1.928630 0.118342 36.852004 3.156626 454.145137 2.050928
177 -1.601310 0.324705 -79.427643 1.743720 327.255748 1.396289
177 -3.034816 0.150832 55.300610 4.137822 498.580284 4.263301
177 -1.962737 0.058842 58.717682 4.092005 496.626526 2.119143
177 -2.124033 0.086131 54.973236 3.584629 472.792922 2.441735
177 -0.982506 0.285022 18.368618 1.085189 315.254721 0.158681
177 -1.860015 0.072556 -9.836191 3.147229 441.098906 1.913698
177 -2.146797 0.309216 -86.929523 1.684933 331.176809 2.487263
178 -1.190654 0.350639 60.595414 0.674429 277.712732 0.574977
178 -3.148155 0.328349 49.056114 2.747962 464.480435 4.489979
178 -1.561774 0.232803 -35.067287 1.460239 329.570298 1.317217
178 -1.817098 0.186050 42.029545 1.779062 358.166141 1.827865
178 -1.062504 0.341738 54.193327 0.278697 248.504958 0.318677
178 -1.743364 0.367454 40.378459 1.341965 344.006295 1.680397
178 -0.973475 0.330222 -32.358245 0.298764 235.148940 0.140619
178 -2.039827 0.289458 89.977086 2.368794 374.680261 2.273323
178 -2.075182 0.174898 -27.016287 3.166672 435.646382 2.344033
178 -1.860030 0.297646 -70.198693 1.950316 345.076109 1.913729
179 -1.610551 0.360114 57.476690 1.036951 319.428051 1.414771
179 -1.237048 0.358720 28.694814 1.876344 390.349579 0.667765
179 -1.999084 0.326586 -43.675056 2.453753 384.615626 2.191837
179 -1.470376 0.191421 60.521943 1.489260 332.509604 1.134420
179 -1.778290 0.289102 52.409657 0.381012 236.320013 1.750249
179 -1.297306 0.365438 7.402845 1.810050 390.012073 0.788281
179 -0.945635 0.363941 -46.062935 0.006604 208.093593 0.084940
179 -0.972603 0.308276 -21.774270 0.316525 242.039579 0.138874
179 -2.052013 0.153645 -16.777279 2.543717 415.963313 2.297695
179 -3.328984 0.248040 -54.290955 2.532704 400.007255 4.851637
180 -1.210282 0.319902 -27.398276 0.816335 286.329335 0.614233
180 -1.136932 0.284048 -17.947661 0.749609 274.663806 0.467532
180 -1.155293 0.393727 -12.307917 0.828673 297.142440 0.504254
180 -1.082602 0.076871 -78.088352 3.408946 446.330444 0.358874
180 -1.140802 0.252246 60.978997 0.339954 238.474106 0.475273
180 -0.985174 0.395443 13.344936 1.624936 379.627626 0.164017
180 -2.973527 0.170157 -28.809612 2.472972 414.093314 4.140723
180 -1.291245 0.340192 -5.537856 0.160005 232.881654 0.776160
180 -1.882294 0.256251 35.169374 1.414878 338.168747 1.958256
180 -2.918433 0.368901 45.168905 1.993975 363.712029 4.030535
181 -2.008643 0.240022 34.921934 2.980272 460.059406 2.210955
181 -1.190871 0.275127 -10.778975 0.830632 285.567311 0.575411
181 -1.309511 0.398934 -20.468271 1.022991 299.967293 0.812692
181 -1.363574 0.083346 -84.480069 3.424794 447.272470 0.920817
181 -1.445551 0.241708 71.387065 1.498862 321.925294 1.084770
181 -0.953563 0.393925 14.605396 1.621595 379.205111 0.100795
181 -1.902942 0.187476 -11.794304 2.181318 381.012782 1.999553
181 -3.020322 0.324835 -18.712944 3.853830 452.610636 4.234313
181 -1.099969 0.315354 -79.617394 2.120778 347.520310 0.393607
181 -1.186223 0.390243 63.968261 0.537006 252.156549 0.566114
182 -1.551454 0.202705 4.232557 3.425375 480.643364 1.296576
182 -2.164771 0.244476 6.709658 0.962289 293.593354 2.523211
182 -1.040365 0.331239 -44.351179 0.623819 246.863240 0.274400
182 -1.689052 0.079395 -85.834384 3.132478 430.985749 1.571772
182 -2.440646 0.119977 84.775872 0.874752 282.527665 3.074961
182 -1.857506 0.377626 26.307311 2.165692 430.059318 1.908682
182 -0.926785 0.383659 -64.864350 1.067680 271.509818 0.047239
182 -2.089242 0.329792 78.069873 3.412596 432.294295 2.372154
182 -0.953074 0.265812 -76.217765 1.003029 272.698815 0.099818
182 -1.158146 0.384382 48.852871 0.086509 230.074682 0.509960
183 -1.398674 0.212820 -16.356375 1.479101 331.684974 0.991018
183 -1.074381 0.197750 24.115659 1.962469 376.320318 0.342431
183 -2.743824 0.305777 -49.487767 0.025733 225.983017 3.681316
183 -2.297196 0.083293 -86.644683 3.376870 448.590925 2.788061
183 -1.536938 0.105414 66.948408 0.661854 266.655244 1.267545
183 -1.835897 0.368298 31.913135 2.320076 433.539572 1.865464
183 -1.017821 0.387193 -66.437641 0.913433 264.145160 0.229310
183 -1.045342 0.195721 21.139057 0.561149 265.516948 0.284353
183 -1.356796 0.252298 -74.187674 0.898732 261.563075 0.907261
183 -2.125531 0.178855 14.720045 2.177775 381.180058 2.444730
184 -1.787469 0.132407 61.135277 2.326195 392.256103 1.768607
184 -2.125319 0.171466 28.914331 2.305063 391.642243 2.444307
184 -3.730387 0.307198 -70.521684 0.442989 245.452323 5.654444
184 -1.732769 0.118697 71.889150 2.842579 411.225638 1.659208
184 -1.384103 0.220051 26.359962 1.662366 351.758797 0.961875
184 -2.206215 0.333845 1.946810 2.318911 428.977108 2.606099
184 -1.101436 0.389182 -65.261828 0.987402 270.062695 0.396542
184 -2.382186 0.208122 29.798498 0.698512 271.707048 2.958042
184 -1.125913 0.239128 -79.418592 0.730887 256.611166 0.445496
184 -1.594313 0.162084 47.821259 1.265256 312.139030 1.382295
185 -1.124506 0.318449 24.503850 3.215630 487.156877 0.442682
185 -2.022954 0.090717 31.374283 1.011298 295.716862 2.239577
185 -1.167096 0.273431 -72.587927 0.113942 215.550902 0.527862
185 -1.917714 0.135433 76.911793 2.803804 414.857997 2.029098
185 -0.978866 0.226022 16.405106 1.280887 326.243518 0.151402
185 -1.137364 0.353222 10.677528 2.354073 427.958278 0.468397
185 -1.816635 0.345808 -42.913631 1.074721 302.952445 1.826938
185 -1.254256 0.128668 24.000959 2.512778 417.250619 0.702181
185 -1.012791 0.297042 -17.613547 0.216289 241.012974 0.219252
185 -1.652777 0.384047 39.399997 0.904312 300.349601 1.499224
186 -2.049578 0.296557 37.586165 3.338848 488.259955 2.292826
186 -0.926143 0.146367 -5.182079 0.196553 232.663590 0.045955
186 -1.048746 0.282651 -72.960323 0.387260 232.154858 0.291161
186 -0.917903 0.250608 -71.775509 1.743502 324.857624 0.029476
186 -2.497965 0.204493 -3.340117 2.128911 373.488298 3.189600
186 -1.847722 0.354382 1.906796 2.057089 406.388881 1.889113
186 -0.926653 0.389649 -64.489241 1.008793 267.000436 0.046976
186 -1.886234 0.187126 31.794271 2.765448 443.157542 1.966137
186 -2.620392 0.317578 78.386435 0.970403 304.781497 3.434453
186 -1.029003 0.377973 26.627473 0.565690 282.882353 0.251675
187 -1.676106 0.284966 74.407339 0.116899 230.983775 1.545880
187 -0.973766 0.200027 -50.388897 0.274286 227.823687 0.141201
187 -1.320138 0.356490 -62.883268 0.437248 235.586339 0.833946
187 -2.478606 0.341236 -59.025242 1.239686 304.441916 3.150882
187 -3.076274 0.110669 27.069938 2.556080 403.865949 4.346217
187 -1.753910 0.320105 19.946960 1.978251 411.063905 1.701489
187 -1.120628 0.179766 -14.536491 0.973095 296.811588 0.434926
187 -1.534025 0.111764 -9.449151 1.817784 353.182731 1.261718
187 -1.368445 0.391930 45.154383 0.901682 303.236136 0.930560
187 -1.039959 0.163866 -5.766071 0.517878 261.045741 0.273586
188 -2.138382 0.256771 86.019997 0.077708 224.202911 2.470434
188 -0.997691 0.218602 6.380798 0.990689 305.943838 0.189050
188 -1.009806 0.375604 -77.637588 0.210247 216.899996 0.213282
188 -1.482401 0.371180 -89.387885 0.610397 242.685605 1.158472
188 -1.069631 0.183396 25.841782 2.546701 421.276271 0.332931
188 -1.106086 0.253612 10.896341 2.007325 386.493186 0.405841
188 -1.476915 0.159778 -25.137791 1.405789 329.257497 1.147499
188 -1.297628 0.097603 23.357284 1.090447 304.490258 0.788924
188 -0.954840 0.362694 18.086693 0.921339 309.659527 0.103348
188 -1.015134 0.082947 5.883145 0.195296 230.532923 0.223937
189 -1.150004 0.198679 77.702463 0.462957 239.873196 0.493677
189 -1.043907 0.242176 -28.854969 0.359094 236.556584 0.281483
189 -1.532781 0.305295 17.168551 2.315000 411.646702 1.259231
189 -1.772942 0.203848 62.185575 1.513575 317.469911 1.739552
189 -1.731913 0.249290 15.229686 2.126424 411.780109 1.657496
189 -1.571401 0.210369 32.496482 2.504635 415.591173 1.336471
189 -2.201375 0.267667 -42.219568 2.287628 383.509203 2.596418
189 -2.431892 0.102830 24.711517 1.061961 304.010398 3.057453
189 -1.120823 0.370013 12.810610 0.956604 310.799017 0.435316
189 -2.911074 0.103778 0.399821 0.344848 235.805395 4.015818
190 -1.209614 0.195412 57.914073 0.557116 263.118755 0.612897
190 -1.026929 0.235553 -20.574182 0.587330 260.807332 0.247527
190 -1.478592 0.261059 39.375104 0.849846 290.504713 1.150854
190 -1.555815 0.166312 57.101808 1.733507 348.489032 1.305298
190 -1.343833 0.357687 23.310516 2.164848 423.625352 0.881336
190 -3.732001 0.190805 29.273397 2.515299 399.485275 5.657671
190 -2.489423 0.361610 66.629428 2.670122 401.767167 3.172516
190 -1.062388 0.094188 23.385049 1.004790 295.126194 0.318446
190 -3.001062 0.356808 30.102969 1.574508 346.471581 4.195793
190 -1.648813 0.129870 -3.718607 0.827313 276.222870 1.491294
191 -1.458285 0.261095 77.322513 1.653802 326.522589 1.110240
191 -1.397210 0.332999 -5.807964 0.890062 293.828564 0.988089
191 -2.026796 0.259703 53.508344 0.950928 309.259402 2.247260
191 -0.982486 0.040100 -35.947931 0.173811 225.961707 0.158642
191 -1.812332 0.283407 -52.804060 2.301064 369.937736 1.818332
191 -1.578522 0.151875 5.074233 2.671982 420.716554 1.350713
191 -1.261049 0.382591 -49.618258 1.070094 281.236381 0.715768
191 -0.983923 0.122282 21.664628 0.936011 292.439571 0.161515
191 -2.895254 0.064879 86.298921 3.039630 435.072411 3.984177
191 -1.876068 0.260568 80.795415 1.879906 351.733174 1.945804
192 -2.918638 0.334513 -62.667951 0.208673 228.455910 4.030946
192 -2.155237 0.316058 -11.171054 1.086888 287.900457 2.504144
192 -1.783165 0.348432 -54.233415 2.790819 387.358198 1.759999
192 -1.083176 0.043648 -39.840964 0.296452 235.046288 0.360021
192 -1.155456 0.259893 3.939336 0.272206 244.961265 0.504582
192 -2.095515 0.188757 40.432779 3.776394 499.007341 2.384700
192 -1.569459 0.363800 -31.591803 1.303133 294.967526 1.332588
192 -1.423716 0.213491 56.288608 0.554114 267.262065 1.041100
192 -2.764757 0.047793 85.402862 3.016104 426.698996 3.723183
192 -1.224051 0.232981 -86.246718 1.271616 293.238825 0.641771
193 -1.515744 0.177295 -13.151963 1.732891 350.128236 1.225156
193 -1.154554 0.233741 -29.455179 0.737143 262.967021 0.502778
193 -1.087624 0.379773 -65.574464 3.180446 406.810167 0.368918
193 -1.090217 0.082533 -64.413155 0.532369 249.262920 0.374104
193 -1.406529 0.273450 -4.806380 1.179157 318.027832 1.006727
193 -3.276004 0.235730 55.378600 2.771993 451.174078 4.745678
193 -2.251607 0.368065 -2.098305 1.519215 344.133860 2.696884
193 -1.045291 0.273464 53.126186 0.185780 235.794271 0.284251
193 -2.486671 0.354904 89.729943 1.536236 311.689271 3.167011
193 -1.483769 0.194395 75.056478 0.239841 234.758805 1.161207
194 -1.723924 0.041118 -86.122489 1.188551 299.457904 1.641517
194 -1.884656 0.386389 -20.001879 1.544299 327.314797 1.962981
194 -3.801971 0.187038 -1.773240 3.534970 453.422101 5.797610
194 -1.466860 0.242558 63.406273 1.314170 308.407093 1.127389
194 -1.454956 0.164094 -45.540069 1.700022 336.894380 1.103582
194 -2.063408 0.060241 -56.703285 3.865154 478.415293 2.320485
194 -2.274222 0.366482 -0.696549 1.533611 347.345250 2.742113
194 -1.190533 0.328027 42.278835 0.165342 237.930691 0.574736
194 -2.296777 0.331557 67.264866 2.871294 393.567674 2.787224
194 -1.583103 0.156228 68.523348 0.529346 258.722471 1.359875
195 -2.744510 0.033373 -88.879535 1.161956 300.550824 3.682689
195 -1.032136 0.344123 -19.673272 0.539079 267.100518 0.257941
195 -2.399477 0.184576 -15.950136 2.891153 432.405635 2.992624
195 -1.451268 0.255201 70.376252 1.483191 318.450384 1.096206
195 -1.407513 0.095335 -36.671991 2.428161 387.791366 1.008695
195 -1.380408 0.143305 -44.422696 2.461168 381.675678 0.954485
195 -2.427211 0.327395 -9.164696 1.943909 368.229475 3.048091
195 -1.177881 0.241664 54.759536 0.596055 262.565224 0.549431
195 -1.252174 0.324806 15.544139 2.978267 474.792797 0.698017
195 -1.328681 0.199803 -10.208901 0.511972 252.636527 0.851031
196 -2.515240 0.389862 79.234400 0.686838 285.408015 3.224149
196 -1.224118 0.322469 -30.867667 0.468641 258.628050 0.641906
196 -1.979044 0.132281 -10.903726 2.418960 392.058250 2.151758
196 -1.154815 0.213189 -19.337283 0.597632 268.434453 0.503300
196 -1.689541 0.370212 59.366672 1.389920 337.499088 1.572752
196 -2.015569 0.154216 -54.752491 2.469771 389.176693 2.224807
196 -1.388973 0.229105 75.176121 0.925870 284.448537 0.971615
196 -1.469370 0.306282 69.777056 1.257157 313.190848 1.132409
196 -1.173495 0.318644 17.804275 3.366012 492.762384 0.540659
196 -2.965099 0.207878 -9.813135 0.197067 219.880484 4.123868
197 -3.287480 0.162579 -6.645859 3.673591 474.550492 4.768630
197 -2.093814 0.214007 -88.454095 1.708655 336.311626 2.381298
197 -0.955912 0.197764 -48.215073 0.394343 235.844442 0.105494
197 -0.925478 0.153207 5.575944 0.655377 271.857746 0.044625
197 -1.413128 0.117411 51.745596 1.083677 303.793193 1.019926
197 -1.717895 0.107112 57.975101 2.438582 397.569935 1.629460
197 -1.443162 0.119563 14.479056 3.782398 498.132294 1.079993
197 -1.590373 0.347941 -8.891826 0.725126 271.370008 1.374415
197 -4.591832 0.317732 36.453184 4.432654 497.238694 7.377333
197 -2.717809 0.210713 -10.082658 0.265584 225.140424 3.629286
198 -2.909692 0.164527 -6.405078 3.127862 436.952955 4.013054
198 -1.346660 0.146151 -22.351466 0.915346 278.132120 0.886989
198 -2.111868 0.145277 -36.972945 0.060558 223.565341 2.417405
198 -1.292315 0.350891 38.556588 0.418847 261.762856 0.778298
198 -1.381342 0.140950 46.644806 1.347195 325.779439 0.956353
198 -2.398431 0.229004 70.848800 3.436622 448.409318 2.990531
198 -2.462800 0.133778 -5.216142 3.748498 490.497290 3.119269
198 -1.900279 0.313355 65.440896 0.116697 237.867867 1.994227
198 -4.586890 0.307083 32.910913 4.433235 490.981947 7.367450
198 -2.056554 0.088549 -28.954319 0.966419 292.284945 2.306778
199 -2.108525 0.279191 -42.726250 4.075287 472.236670 2.410719
199 -0.924905 0.179656 -16.076121 0.194848 231.849969 0.043479
199 -1.270911 0.162758 -30.352445 1.003109 282.173596 0.735491
199 -1.762303 0.296051 29.238664 0.436352 262.851853 1.718276
199 -1.330319 0.228368 11.179765 1.903326 371.195077 0.854307
199 -2.630689 0.303898 61.643176 3.634414 442.940834 3.455047
199 -2.435687 0.134876 -19.238827 3.622550 472.016458 3.065043
199 -1.113674 0.396670 68.060522 0.525663 253.690025 0.421018
199 -4.586133 0.335403 36.123254 4.218869 471.345425 7.365936
199 -1.362336 0.140016 -5.344557 1.354640 322.479563 0.918341
200 -1.329542 0.359281 63.697478 0.985705 298.919975 0.852753
200 -3.885291 0.222162 44.034520 3.923244 482.429282 5.964252
200 -2.014698 0.361933 -54.239671 2.250886 364.793380 2.223066
200 -1.135072 0.242745 65.474753 0.496709 248.766266 0.463814
200 -2.169902 0.330968 -37.348169 2.970465 414.465713 2.533473
200 -1.786227 0.292989 79.109800 3.269145 421.097681 1.766124
200 -2.184021 0.205608 -28.788763 3.561314 451.362203 2.561712
200 -2.530721 0.385622 41.807825 1.739023 377.922209 3.255111
200 -1.980979 0.050509 51.735583 3.001023 429.008181 2.155628
200 -2.424142 0.081303 -48.008359 3.478165 459.985990 3.041952
201 -1.923265 0.094552 -38.154191 3.321590 450.203534 2.040198
201 -1.065577 0.281493 24.040032 0.878201 298.300516 0.324822
201 -1.396959 0.391432 -48.055912 2.847649 384.902203 0.987587
201 -1.190358 0.270311 -87.050490 0.802481 257.850037 0.574384
201 -4.390715 0.365029 34.930069 3.479055 438.731120 6.975100
201 -1.204450 0.344688 63.503507 0.673245 275.249733 0.602568
201 -3.604565 0.319388 -45.381113 2.973444 429.215655 5.402799
201 -2.706156 0.393664 -15.990364 1.805629 390.106324 3.605981
201 -1.718121 0.062591 64.740351 2.660627 405.297238 1.629911
201 -1.115040 0.113695 -32.967749 0.231361 227.023109 0.423750
202 -1.521071 0.033717 -13.998743 3.214306 444.521915 1.235811
202 -3.261417 0.399695 -10.915145 2.623373 465.628365 4.716503
202 -1.950111 0.168134 30.835236 2.813136 445.750624 2.093892
202 -1.387083 0.336768 83.695536 0.991983 280.579232 0.967835
202 -1.819156 0.317592 -85.974139 3.311601 420.663815 1.831981
202 -1.251285 0.327651 -30.728419 1.086689 290.308103 0.696240
202 -1.682753 0.353706 -33.776578 1.916911 337.781315 1.559175
202 -1.763781 0.354526 16.307230 1.500007 378.945508 1.721232
202 -4.729745 0.110480 56.057103 2.594967 440.606200 7.653159
202 -1.164919 0.124663 -25.428665 0.013950 213.045283 0.523507
203 -1.491442 0.036135 -8.070136 2.882747 424.759403 1.176553
203 -3.821379 0.382438 -29.044743 2.402617 449.839972 5.836426
203 -1.744870 0.397180 27.451742 1.830637 407.723329 1.683410
203 -1.116662 0.276592 -86.072220 1.100593 276.958595 0.426994
203 -2.992998 0.299036 -42.127977 3.929731 472.956442 4.179665
203 -1.957597 0.373528 9.710792 0.273291 248.884297 2.108862
203 -1.138987 0.177815 22.321468 1.850548 374.263066 0.471644
203 -1.621658 0.355848 30.244014 1.732907 391.311771 1.436985
203 -1.054511 0.093662 23.004318 3.286990 456.578929 0.302692
203 -0.942169 0.130436 -1.376530 0.020071 219.255441 0.078007
204 -2.494231 0.055953 1.976836 3.301616 448.756285 3.182130
204 -1.426106 0.350935 77.766497 1.318357 305.596818 1.045882
204 -1.684298 0.166517 -42.988551 3.719845 458.806273 1.562264
204 -2.631134 0.259658 -47.050274 0.190037 237.062641 3.455938
204 -1.859907 0.258713 -61.242546 3.137043 417.756302 1.913483
204 -1.683253 0.371911 9.853257 0.073687 234.646691 1.560175
204 -1.245587 0.248684 36.393792 1.068876 317.440257 0.684843
204 -1.278466 0.288409 -9.482473 1.176952 322.045395 0.750602
204 -0.921045 0.082566 15.335342 3.161204 449.719958 0.035759
204 -1.136910 0.143274 -8.730624 0.506311 253.440324 0.467488
205 -2.335882 0.060701 -0.660068 3.666043 471.790108 2.865433
205 -3.032818 0.391545 80.246516 2.168302 381.069689 4.259305
205 -2.802202 0.040400 27.085884 2.929583 428.142253 3.798074
205 -1.087310 0.229493 -79.805985 0.173904 218.092863 0.368290
205 -2.105612 0.373116 71.797992 2.671333 391.097161 2.404894
205 -1.871066 0.342713 -26.131245 0.497603 272.910324 1.935801
205 -2.738499 0.147287 -60.134531 1.628772 335.313323 3.670667
205 -1.076237 0.320818 -81.187468 1.937177 331.410662 0.346144
205 -1.359052 0.045956 9.039112 3.380098 457.281053 0.911772
205 -1.284644 0.123598 -0.498467 0.620900 263.256225 0.762958
206 -1.879211 0.097187 -5.060554 2.497681 400.662210 1.952092
206 -1.416968 0.328332 44.953468 0.829773 304.811603 1.027606
206 -2.098404 0.093924 -41.742108 2.626421 408.698179 2.390476
206 -1.849502 0.250799 63.807634 2.061838 368.225349 1.892674
206 -1.954576 0.384704 88.141456 2.204133 360.048788 2.102821
206 -2.148737 0.217403 -47.802979 0.867843 284.206544 2.491144
206 -1.153971 0.363865 42.580482 0.523863 272.332531 0.501611
206 -1.656733 0.390937 68.205494 1.523715 328.900310 1.507136
206 -2.774592 0.117591 57.364976 3.973183 495.438888 3.742854
206 -2.144233 0.251407 -49.261726 3.851877 463.147615 2.482136
207 -2.604840 0.299740 44.443979 2.008133 368.578604 3.403350
207 -1.841357 0.215605 -38.900095 3.620074 450.400153 1.876383
207 -1.277903 0.372210 50.063454 0.370777 248.080382 0.749476
207 -1.961355 0.301744 48.712277 1.503935 330.266581 2.116380
207 -1.866611 0.124427 53.157612 2.284662 396.278289 1.926892
207 -1.713851 0.138117 -33.198456 1.628040 342.979881 1.621370
207 -3.202361 0.338076 -16.300254 2.800020 421.915848 4.598391
207 -2.052038 0.355377 81.886352 2.142694 364.798808 2.297745
207 -2.161030 0.121979 67.035742 4.162641 490.776022 2.515729
207 -1.001568 0.111720 -32.351986 0.762377 268.763828 0.196805
208 -2.764829 0.314723 39.004694 1.552093 329.798824 3.723328
208 -1.694175 0.117941 -33.888357 3.247012 436.623260 1.582019
208 -1.246069 0.377721 77.727473 0.409680 246.034684 0.685808
208 -3.836432 0.202533 11.814458 2.242514 382.996267 5.866533
208 -1.065287 0.148801 12.418164 1.751269 356.273810 0.324242
208 -1.055195 0.221618 10.856760 1.456625 347.072974 0.304059
208 -1.730577 0.109256 54.787151 1.443891 319.466025 1.654822
208 -1.967375 0.118664 -23.786699 3.232372 438.201279 2.128419
208 -2.146703 0.103089 63.199674 3.826892 471.657685 2.487075
208 -1.918248 0.120448 -51.671211 1.074735 294.564571 2.030166
209 -1.483084 0.311768 72.466795 1.515760 318.756266 1.159837
209 -1.994659 0.028502 55.118794 3.247896 444.330033 2.182987
209 -1.405202 0.326165 66.982378 0.294003 225.345509 1.004074
209 -1.937516 0.222141 56.566473 2.137196 376.551885 2.068701
209 -1.504892 0.219782 -29.381738 1.832583 350.999948 1.203453
209 -1.098700 0.210454 8.875484 1.623689 354.720631 0.391069
209 -1.690371 0.116832 53.009858 1.825615 350.822289 1.574411
209 -2.017949 0.197573 -25.378421 1.953461 375.719054 2.229567
209 -2.036691 0.087264 58.963413 3.517092 465.930476 2.267050
209 -2.569593 0.094414 -72.292303 1.484163 323.593474 3.332856
210 -1.561757 0.394070 50.758480 0.965264 322.516019 1.317183
210 -2.307149 0.123332 -1.099447 2.968534 436.267756 2.807968
210 -1.224220 0.335586 75.200361 0.051658 208.418750 0.642109
210 -1.942239 0.234758 82.005972 2.019421 361.254465 2.078146
210 -1.667600 0.134631 -7.044685 2.273267 393.014179 1.528869
210 -1.310151 0.335996 27.970431 1.282196 334.454191 0.813971
210 -1.061807 0.102538 -38.636345 1.028387 286.248472 0.317284
210 -1.561509 0.220129 -37.887228 1.892635 353.512990 1.316688
210 -2.011522 0.091035 60.895508 3.492596 462.669571 2.216713
210 -3.735666 0.116608 -50.356200 1.592152 329.469698 5.665002
211 -3.822904 0.134350 29.483984 2.802380 414.284174 5.839478
211 -2.374443 0.167369 -18.970555 3.128268 443.785283 2.942556
211 -1.072163 0.312343 80.886930 0.027911 209.358549 0.337995
211 -1.249948 0.315964 10.319807 0.900769 300.764177 0.693566
211 -1.440690 0.323348 76.943295 0.763469 274.968342 1.075049
211 -0.984956 0.379287 -68.431586 1.109700 271.583991 0.163581
211 -1.196343 0.110146 -24.771891 0.942530 288.722540 0.586355
211 -1.529006 0.283319 76.807288 1.172911 303.740705 1.251681
211 -1.702379 0.225488 6.604138 3.301516 480.693349 1.598427
211 -1.499552 0.377604 24.662765 0.542713 272.482435 1.192773
212 -2.081829 0.195853 57.404068 2.432996 389.050152 2.357327
212 -3.390202 0.228630 -17.044771 2.671757 443.352238 4.974073
212 -1.144984 0.337545 51.324828 0.139274 230.907029 0.483638
212 -0.986874 0.295512 2.254092 0.421716 261.666123 0.167417
212 -2.279815 0.305381 82.674481 1.213451 313.789748 2.753300
212 -2.720483 0.375177 -82.294583 0.720415 267.490183 3.634635
212 -2.816450 0.088981 -42.713260 3.170402 446.037272 3.826569
212 -1.604606 0.238990 53.641127 1.522521 334.295789 1.402881
212 -1.105520 0.299034 18.558888 2.284780 411.391569 0.404710
212 -1.983133 0.399732 31.823856 0.698287 285.732881 2.159935
213 -0.931665 0.233510 -65.735303 1.166171 286.896132 0.056999
213 -1.082415 0.278139 84.732411 0.238716 220.810784 0.358499
213 -2.073724 0.314712 -24.326777 1.972976 374.857955 2.341116
213 -1.066198 0.341948 -12.573981 0.517425 263.242494 0.326066
213 -2.264952 0.354290 -43.234772 1.937956 361.601510 2.723572
213 -1.335374 0.367988 42.434420 0.750899 289.353184 0.864418
213 -2.373987 0.063928 -22.861603 2.841068 428.999976 2.941643
213 -1.432814 0.288776 42.128760 0.456587 255.815074 1.059297
213 -1.309796 0.287347 30.183930 1.825743 378.380516 0.813260
213 -0.935705 0.135700 -74.128129 2.389430 377.828952 0.065079
214 -1.323537 0.239907 -43.670522 1.483742 317.785325 0.840742
214 -1.083772 0.277632 84.882003 0.245542 221.541000 0.361212
214 -1.391552 0.368181 66.198601 1.101775 304.635371 0.976774
214 -2.492094 0.244782 -44.539599 1.631697 345.729472 3.177857
214 -1.080596 0.244845 72.159144 0.006458 212.806401 0.354861
214 -1.397485 0.357281 73.238381 0.576233 240.557524 0.988639
214 -3.022275 0.279153 -14.917091 3.031570 430.217016 4.238219
214 -1.225220 0.323307 19.876961 0.907710 299.810888 0.644109
214 -1.394665 0.306096 29.405294 2.120420 398.659879 0.982999
214 -1.137790 0.147309 -78.584417 2.263835 369.793278 0.469249
215 -1.453056 0.223205 -14.986609 0.480179 246.428906 1.099781
215 -1.074795 0.253223 67.513945 0.264505 232.443876 0.343259
215 -1.549560 0.355798 71.895949 1.110821 306.452075 1.292789
215 -1.505237 0.267200 -19.687248 0.890141 274.779733 1.204143
215 -0.930501 0.291485 -6.814469 0.140403 235.229616 0.054671
215 -2.595312 0.341886 -61.109417 1.897123 345.557807 3.384292
215 -2.953259 0.277198 -6.641811 2.447782 401.883931 4.100187
215 -1.482467 0.210935 34.675073 0.051773 226.196200 1.158604
215 -2.607019 0.354130 50.209226 1.987022 358.747567 3.407707
215 -1.624757 0.164149 80.733450 2.503437 381.383300 1.443184
216 -1.327721 0.205453 -13.647599 0.648115 261.759135 0.849112
216 -2.033871 0.319385 78.782088 0.289181 246.197894 2.261412
216 -2.784164 0.371785 76.197107 1.933097 370.680291 3.761997
216 -1.269731 0.333338 -8.765352 0.764431 282.432954 0.733132
216 -0.952118 0.227312 -26.832835 0.235363 233.443386 0.097905
216 -1.569514 0.234777 5.324260 1.450049 338.510888 1.332697
216 -4.513299 0.295814 -28.093592 1.712104 383.407470 7.220267
216 -2.295417 0.167688 -84.602184 0.437851 243.621505 2.784504
216 -2.571244 0.087649 78.818058 1.921256 362.875097 3.336157
216 -1.800670 0.231530 72.013499 2.206038 373.791484 1.795010
217 -1.431574 0.204023 -11.355778 0.667215 263.158683 1.056816
217 -1.256904 0.247821 51.532143 0.031157 218.911157 0.707478
217 -2.254633 0.326962 39.312870 1.620501 364.027915 2.702935
217 -1.172467 0.379793 -1.665476 0.892858 310.790768 0.538603
217 -0.972792 0.214053 -26.698114 0.121679 221.779432 0.139253
217 -1.375204 0.199405 -5.283283 1.382509 330.550500 0.944078
217 -3.361534 0.286812 55.251006 3.283997 448.003868 4.916737
217 -1.774452 0.361905 -21.455392 1.352882 307.568105 1.742573
217 -2.716991 0.121603 68.770885 2.755156 425.503686 3.627651
217 -1.272269 0.393320 -73.807865 3.826286 441.983055 0.738207
218 -1.819545 0.271503 -28.575452 0.671202 280.607313 1.832759
218 -1.911773 0.286463 86.709315 1.817680 342.737150 2.017215
218 -1.608035 0.315436 71.484426 0.836277 288.748420 1.409740
218 -0.930529 0.031217 -8.586231 0.699748 266.552867 0.054728
218 -1.289145 0.288347 -15.357935 0.277009 233.750117 0.771958
218 -1.217800 0.254011 -11.951943 1.131277 315.474519 0.629269
218 -2.270404 0.296635 -44.245967 3.010936 419.505407 2.734478
218 -1.912285 0.273758 -25.376273 1.167230 323.988951 2.018239
218 -1.018796 0.074060 12.930133 2.693725 417.060296 0.231261
218 -1.808514 0.331038 -62.791917 3.721363 443.707216 1.810697
219 -1.259465 0.187055 -20.071499 1.174993 303.065883 0.712600
219 -3.030969 0.259912 87.108048 1.303850 300.684572 4.255606
219 -1.582341 0.257656 58.391852 1.536714 333.377037 1.358351
219 -1.066737 0.316872 51.997192 0.060507 231.255743 0.327144
219 -1.615126 0.287759 62.752906 1.457650 335.570437 1.423921
219 -1.560180 0.327232 -36.131631 1.119230 307.829229 1.314030
219 -1.577525 0.322312 -47.521078 3.343570 422.378551 1.348719
219 -1.783145 0.274036 -26.737095 1.376976 336.467686 1.759959
219 -1.344800 0.065360 11.325206 2.686369 419.382589 0.883270
219 -2.436240 0.272340 64.895205 3.306929 435.061418 3.066150
220 -1.791402 0.172162 -26.175496 2.523859 392.828164 1.776472
220 -2.531911 0.136778 -83.927070 1.387989 313.623314 3.257491
220 -2.240735 0.308077 35.938649 1.142797 307.242660 2.675139
220 -1.621364 0.299326 39.912329 1.066772 309.533884 1.436397
220 -2.052327 0.309123 32.631321 1.016060 305.277774 2.298323
220 -3.093356 0.279787 -52.616173 1.473873 333.283972 4.380381
220 -1.954898 0.274172 -47.737069 4.002483 459.621864 2.103466
220 -1.188768 0.279465 49.858715 0.346253 245.359945 0.571204
220 -2.842687 0.105475 -42.541823 2.497138 404.565815 3.879044
220 -2.652436 0.302060 81.423158 2.808964 411.924999 3.498542
221 -1.366586 0.130014 -20.108343 1.535613 328.636158 0.926841
221 -2.673815 0.125111 -84.641418 1.275422 308.982297 3.541300
221 -1.225196 0.341027 45.513141 0.859672 301.469409 0.644062
221 -1.684408 0.285222 79.103437 0.475704 255.173415 1.562485
221 -1.249672 0.325264 29.774433 0.658992 284.373289 0.693012
221 -2.037968 0.145894 -61.657553 0.238141 229.228748 2.269604
221 -1.736907 0.281653 -43.907209 3.981368 461.463076 1.667483
221 -1.132305 0.316267 70.392715 0.443247 240.578004 0.458280
221 -1.202243 0.063872 -10.669448 1.415435 322.328150 0.598156
221 -1.229757 0.235595 -61.654639 2.633655 386.685858 0.653184
222 -1.960149 0.305029 -22.302799 1.944018 371.035699 2.113968
222 -1.249543 0.150164 29.018755 1.581597 344.818543 0.692756
222 -1.749409 0.393405 36.393437 1.119018 334.045843 1.692486
222 -1.566315 0.391946 61.996252 0.867767 268.902522 1.326299
222 -1.075285 0.258413 10.510701 1.847478 376.535215 0.344240
222 -3.014546 0.327277 -57.256944 1.985630 359.908701 4.222761
222 -2.108939 0.350092 -39.035535 4.752595 496.466242 2.411548
222 -2.527360 0.318981 87.792647 0.212809 237.799542 3.248389
222 -1.728851 0.058562 -12.676077 1.663342 336.994259 1.651372
222 -1.751804 0.268238 71.936552 2.225171 361.782296 1.697278
223 -1.936016 0.321970 -37.581832 1.745923 351.379031 2.065701
223 -1.697885 0.139952 21.141857 1.836566 370.945740 1.589439
223 -1.241544 0.383325 24.278307 0.985809 329.459125 0.676757
223 -1.442555 0.374765 59.680998 0.736082 263.926026 1.078779
223 -3.155804 0.329863 50.173095 2.468161 376.201899 4.505278
223 -1.719910 0.346458 73.833571 1.887400 331.127786 1.633490
223 -2.328206 0.309148 -39.604893 3.200026 430.083656 2.850081
223 -0.903567 0.378190 -68.574427 0.488373 232.541270 0.000803
223 -1.394123 0.229476 88.847414 2.085737 348.634512 0.981915
223 -1.853976 0.326278 60.974272 1.516349 317.034593 1.901622
224 -1.887002 0.367302 5.742339 1.591118 356.415334 1.967673
224 -1.851758 0.160577 48.237843 2.242022 393.646602 1.897185
224 -1.051251 0.364089 21.334349 1.388395 346.670010 0.296172
224 -1.081321 0.274249 52.809297 0.419863 255.953187 0.356312
224 -1.509313 0.289218 -70.053728 0.514065 244.467496 1.212295
224 -2.077221 0.350165 64.247839 2.009782 345.445163 2.348111
224 -4.869497 0.330169 29.492846 3.701460 459.963465 7.932664
224 -1.082257 0.288775 -84.517821 1.009319 269.917575 0.358184
224 -0.946638 0.212293 -72.682640 1.425296 307.168268 0.086945
224 -1.497978 0.303049 77.549515 1.669531 327.386738 1.189625
225 -1.390302 0.337023 53.975978 1.015130 313.614578 0.974274
225 -2.424462 0.216931 52.117038 2.584498 412.934211 3.042594
225 -1.058504 0.373174 25.541248 1.155551 339.769451 0.310676
225 -1.058289 0.260091 17.695035 0.164787 237.194754 0.310248
225 -1.023426 0.252639 -81.331002 0.639663 246.520031 0.240522
225 -3.895954 0.372856 55.630794 1.791188 413.187368 5.985576
225 -3.702487 0.346397 53.135812 2.829174 481.115272 5.598642
225 -1.518941 0.239427 -1.422724 1.272212 323.748615 1.231551
225 -1.274998 0.166974 -79.260262 0.757458 262.447307 0.743665
225 -1.237268 0.301130 73.983898 0.919090 273.448246 0.668205
226 -1.039123 0.183410 -70.490988 0.088596 214.962302 0.271915
226 -2.576604 0.224789 -43.695383 0.613779 270.076629 3.346877
226 -1.293359 0.183879 22.129451 1.582794 342.720941 0.780388
226 -1.716550 0.156341 -22.455630 1.483776 317.632323 1.626768
226 -1.396767 0.248781 -69.521629 0.650824 254.243349 0.987202
226 -1.638699 0.224807 -8.547194 1.568061 339.933573 1.471066
226 -2.615812 0.297668 63.341728 3.576473 436.841859 3.425294
226 -1.110586 0.109955 -7.950096 0.701652 268.439845 0.414840
226 -0.911060 0.182363 -66.034798 0.673100 253.954834 0.015790
226 -1.663700 0.361602 67.850207 1.231160 321.247168 1.521070
227 -2.438319 0.151592 -89.337462 0.556483 256.116692 3.070308
227 -4.555169 0.196505 -68.524820 0.038701 220.715388 7.304008
227 -2.943724 0.188303 9.752947 1.613938 336.983151 4.081117
227 -1.359679 0.383998 -19.615183 1.141146 312.706425 0.913026
227 -1.123994 0.287308 -55.351912 1.042189 274.542321 0.441658
227 -2.730440 0.161541 -23.222219 1.946100 379.889087 3.654550
227 -2.807703 0.294319 -14.326998 2.660645 406.749888 3.809075
227 -1.049395 0.320733 11.443543 1.375645 352.597007 0.292460
227 -1.497098 0.350635 5.697004 2.233642 415.895424 1.187866
227 -1.117982 0.347345 35.290531 0.329385 259.047078 0.429634
228 -1.461051 0.318260 65.217504 1.327862 314.595798 1.115771
228 -1.361111 0.296227 76.481773 1.063935 291.607399 0.915890
228 -3.557268 0.053767 -67.841639 0.922626 282.908697 5.308205
228 -1.684219 0.334442 -38.896709 1.416706 326.097795 1.562106
228 -0.973796 0.290810 -61.802511 1.251214 289.035097 0.141262
228 -2.988332 0.303950 -66.389579 0.306627 235.203573 4.170334
228 -3.367343 0.305306 -4.810289 2.412419 385.053302 4.928354
228 -1.057909 0.284063 24.468209 1.636128 360.577375 0.309488
228 -0.999687 0.173137 13.981326 2.988336 451.318716 0.193043
228 -1.312571 0.292775 -4.541162 0.768478 282.769689 0.818812
229 -2.481717 0.279474 57.174544 2.516989 400.741326 3.157104
229 -1.906595 0.273797 30.422170 0.398148 255.158036 2.006859
229 -1.613047 0.048602 -60.492159 0.812938 272.747628 1.419764
229 -1.759842 0.293763 -29.220231 0.935886 302.810385 1.713353
229 -1.229230 0.318754 -39.553503 1.164940 286.622641 0.652129
229 -3.195957 0.300353 -66.200490 0.009632 216.565452 4.585584
229 -1.426594 0.280042 3.230108 0.536582 265.579594 1.046857
229 -1.307248 0.278836 29.913517 2.078781 395.608869 0.808165
229 -1.379179 0.179903 21.378496 3.111271 464.907967 0.952026
229 -1.743056 0.245324 -26.578407 1.466088 340.665027 1.679781
230 -1.488255 0.317622 25.691646 1.585670 352.270098 1.170180
230 -1.732644 0.309802 -77.373202 3.642738 441.743139 1.658957
230 -1.105926 0.254965 63.517395 0.488213 252.585828 0.405522
230 -1.188203 0.213002 21.176623 3.125901 468.344864 0.570076
230 -1.378135 0.320937 10.164845 2.261918 411.562648 0.949940
230 -1.043330 0.267884 -50.236876 0.171870 220.908489 0.280330
230 -2.253131 0.332783 -9.376760 1.512168 326.294494 2.699932
230 -1.054460 0.290063 11.900901 2.322305 419.049327 0.302588
230 -2.322803 0.083371 40.175723 3.412487 459.852136 2.839274
230 -1.287414 0.391275 -24.807013 0.621653 254.625103 0.768497
231 -1.154196 0.232140 -19.073043 0.962427 291.049908 0.502062
231 -2.037847 0.302080 -36.422992 4.526357 487.879160 2.269364
231 -1.205842 0.318597 57.560101 0.811210 284.779004 0.605353
231 -1.744860 0.183312 8.743520 2.567379 431.958063 1.683389
231 -2.393226 0.394116 -40.009557 0.666049 243.795091 2.980122
231 -1.041521 0.267394 -49.888469 0.158307 220.198621 0.276711
231 -1.218804 0.326854 5.987617 1.323681 344.898542 0.631278
231 -3.864011 0.298253 -73.659149 3.405900 435.969604 5.921691
231 -2.473168 0.096472 39.403907 2.775229 415.777581 3.140006
231 -1.267116 0.342291 -21.661794 0.492394 246.914899 0.727901
232 -1.867419 0.331951 -19.057877 1.732563 346.819437 1.928506
232 -1.346670 0.351168 51.788780 1.018778 306.986816 0.887010
232 -1.094318 0.302684 -83.605789 1.254239 287.684831 0.382305
232 -2.553845 0.192777 -4.825681 2.375726 408.417675 3.301359
232 -1.585735 0.378096 -52.780863 0.201542 228.773261 1.365139
232 -0.967346 0.262231 -40.370215 0.196456 225.226509 0.128360
232 -2.202108 0.226193 -50.172979 2.243676 376.837464 2.597885
232 -2.702839 0.260237 51.202681 2.599092 408.631348 3.599347
232 -1.225778 0.128509 28.955937 3.324598 465.175461 0.645225
232 -1.155756 0.357492 -13.064415 0.212931 248.289285 0.505182
233 -0.954731 0.079187 -7.515357 0.333373 239.630074 0.103131
233 -1.561020 0.393157 35.329541 0.621066 281.654531 1.315709
233 -2.569983 0.345808 55.286985 2.076532 388.510330 3.333634
233 -2.490770 0.136344 -15.943706 2.990515 446.946726 3.175209
233 -1.531014 0.375536 -50.494203 0.645811 260.421509 1.255698
233 -0.982366 0.253049 -40.839937 0.181955 224.749220 0.158400
233 -1.123420 0.209264 -79.536541 2.140882 353.141123 0.440509
233 -1.190373 0.019687 -2.640147 3.095108 438.503229 0.574416
233 -2.774036 0.277216 -62.842380 2.808553 403.123941 3.741741
233 -3.216543 0.263563 -2.087687 2.489751 405.282765 4.626756
234 -1.277975 0.080208 3.264376 0.922160 286.256798 0.749619
234 -1.690498 0.324854 -17.947996 1.163199 296.297794 1.574665
234 -0.976681 0.254273 20.236941 2.008287 393.628624 0.147032
234 -1.300047 0.378646 -80.765613 1.342336 294.879475 0.793764
234 -1.039550 0.363814 -33.604946 0.540413 254.812697 0.272770
234 -1.223046 0.358797 88.865171 0.100087 208.691490 0.639761
234 -1.752243 0.171792 -30.114466 2.496025 385.892124 1.698156
234 -1.006575 0.076477 12.167968 3.286578 456.268643 0.206819
234 -1.923206 0.336048 -40.026764 3.169896 418.430298 2.040081
234 -1.090045 0.391118 -28.874658 0.698450 270.013917 0.373759
235 -1.499570 0.249098 -22.281499 1.584845 343.859622 1.192809
235 -4.007181 0.369154 -3.219475 2.520535 453.372244 6.208030
235 -1.004063 0.310251 15.139228 1.233058 329.604848 0.201795
235 -1.353974 0.147874 -2.313793 1.296989 319.920926 0.901617
235 -1.682893 0.357449 -39.145209 2.597864 377.688381 1.559456
235 -1.917162 0.306496 -33.460304 2.244628 377.027125 2.027993
235 -2.451986 0.294824 -8.426568 1.833091 350.129978 3.097641
235 -0.988668 0.080077 14.043313 3.437965 468.277085 0.171005
235 -1.527532 0.302562 -47.478909 3.665749 438.045960 1.248733
235 -3.312001 0.305346 60.066146 1.582489 371.335225 4.817671
236 -3.951943 0.392538 35.571190 1.809844 340.110929 6.097554
236 -1.035656 0.347487 21.261246 1.615490 364.314454 0.264982
236 -1.929787 0.146490 -45.737485 3.518104 454.001352 2.053244
236 -1.361100 0.214474 28.515437 1.181271 316.296991 0.915868
236 -1.477427 0.066094 57.706930 1.006518 292.622461 1.148524
236 -2.010775 0.260548 3.435052 2.872365 457.243049 2.215219
236 -1.469376 0.137967 3.816432 2.542941 415.906229 1.132421
236 -1.294440 0.084779 29.621287 3.083463 444.146778 0.782550
236 -1.690076 0.288852 -45.120347 3.835962 452.827964 1.573821
236 -1.851424 0.154528 63.175451 2.396192 395.178643 1.896518
237 -2.535775 0.275390 70.952676 2.360942 395.748778 3.265220
237 -1.721996 0.283808 27.827304 2.668685 435.711974 1.637661
237 -1.338849 0.394657 -0.307207 0.814505 299.752088 0.871367
237 -1.138219 0.245250 56.648165 0.620398 268.182357 0.470107
237 -1.659967 0.064005 71.205926 1.373686 318.669088 1.513602
237 -1.871183 0.317535 -33.650188 1.654540 348.807527 1.936035
237 -1.208422 0.137144 -61.366469 2.933262 413.265477 0.610514
237 -0.908066 0.116189 19.471949 2.897455 436.567275 0.009801
237 -1.860213 0.212280 -19.854275 1.530071 319.890872 1.914095
237 -1.699443 0.151125 71.802972 2.516877 388.566328 1.592554
238 -2.150025 0.274387 -18.812190 1.911129 381.617653 2.493719
238 -2.851633 0.170714 -38.412890 2.868830 429.578274 3.896935
238 -1.649762 0.378250 -3.048105 0.212339 235.382507 1.493194
238 -4.009283 0.216833 -30.116820 3.265210 486.277008 6.212235
238 -2.226620 0.088872 50.717228 2.920364 421.328459 2.646910
238 -3.704376 0.194482 70.559935 1.125168 284.426934 5.602422
238 -5.555751 0.163855 -56.512039 3.433578 491.731399 9.305171
238 -1.504817 0.114377 23.793620 3.546780 483.760480 1.203303
238 -3.029051 0.212750 85.575792 3.222642 425.179612 4.251770
238 -2.167153 0.099844 -48.625189 4.195730 496.169759 2.527975
239 -1.540922 0.132975 50.267184 1.416674 332.820448 1.275513
239 -1.323932 0.198118 57.645205 0.972224 287.726996 0.841534
239 -1.227015 0.328485 -18.943336 0.345292 238.288318 0.647700
239 -1.742637 0.224474 -43.380365 1.064598 298.277157 1.678943
239 -2.125157 0.371954 -27.970869 1.060370 323.725945 2.443983
239 -3.347033 0.203485 88.597837 0.296928 243.191207 4.887734
239 -2.037885 0.120075 9.791365 3.564849 473.353584 2.269439
239 -1.391107 0.342549 27.887251 1.521645 372.928592 0.975883
239 -2.019769 0.354226 81.290750 2.544392 385.044203 2.233208
239 -1.787624 0.110970 -39.775831 4.020267 483.091452 1.768917
240 -1.052524 0.165532 -65.832667 1.528150 318.220990 0.298717
240 -1.547135 0.165581 57.615601 1.178381 298.951888 1.287939
240 -1.979348 0.361245 83.970659 1.433072 322.115877 2.152365
240 -0.989403 0.261799 -25.806474 0.314008 236.804686 0.172474
240 -1.419766 0.392255 -11.079573 0.830714 310.954695 1.033201
240 -1.580195 0.286016 -74.831400 0.180667 221.885013 1.354059
240 -0.950229 0.099328 13.777387 2.912921 435.992379 0.094127
240 -2.118437 0.398069 36.406692 1.678365 387.676833 2.430543
240 -1.701905 0.140527 -23.763798 2.521979 397.815165 1.597480
240 -1.377231 0.089598 -63.068157 3.776152 468.538718 0.948131
241 -2.770405 0.396706 63.644867 3.161727 423.999493 3.734480
241 -1.044148 0.253793 -77.496774 0.111537 213.736630 0.281965
241 -1.383286 0.058072 31.105401 3.460991 465.364247 0.960241
241 -0.991032 0.241737 -20.299054 0.448256 250.564653 0.175733
241 -1.182519 0.279012 -28.638182 1.024805 289.963780 0.558706
241 -2.483518 0.249506 81.113462 0.047955 226.051483 3.160705
241 -1.075456 0.103261 20.745657 2.654799 422.010531 0.344581
241 -3.046429 0.380515 45.674711 1.708138 397.405340 4.286527
241 -1.450574 0.175886 8.026350 2.599753 417.767508 1.094817
241 -3.170046 0.086650 -88.591602 1.874213 356.897936 4.533760
242 -1.619532 0.390535 32.436244 0.381427 262.226609 1.432734
242 -1.055998 0.255543 -64.870675 0.897826 268.400359 0.305666
242 -1.246191 0.052042 27.638105 3.549723 468.905300 0.686052
242 -0.946268 0.227438 -2.584753 0.031261 223.958148 0.086205
242 -1.075241 0.301109 26.289311 1.015816 318.895965 0.344151
242 -2.844409 0.191948 -87.739307 0.177123 229.941721 3.882487
242 -1.887531 0.108860 0.113096 2.572742 412.652645 1.968731
242 -2.699500 0.398995 43.335790 1.640012 392.761239 3.592670
242 -2.227111 0.375960 -37.666558 4.646200 490.330628 2.647891
242 -1.883608 0.029803 54.396964 2.676482 409.270461 1.960885
243 -1.807237 0.364146 20.250714 0.773948 285.387849 1.808144
243 -1.110446 0.261004 -68.178858 1.225548 292.544832 0.414561
243 -1.511728 0.394431 10.615778 1.116453 320.664242 1.217125
243 -1.151228 0.194318 -18.526084 0.282179 233.339060 0.496125
243 -1.029595 0.317504 9.910657 0.794131 299.952292 0.252860
243 -1.708799 0.130859 -84.270163 4.180397 486.328729 1.611267
243 -2.410592 0.104634 29.282745 1.821518 356.941937 3.014853
243 -1.651258 0.324454 -53.406182 1.118926 291.259616 1.496185
243 -2.693307 0.347116 -24.756980 4.135954 463.234290 3.580283
243 -1.720240 0.048595 60.662106 2.365711 391.896793 1.634149
244 -1.564842 0.398285 20.740461 1.077991 314.591953 1.323353
244 -1.675041 0.314896 -88.606278 1.200609 286.742301 1.543752
244 -1.482428 0.362146 22.749119 1.079966 313.527709 1.158525
244 -1.916556 0.060682 -5.857350 3.791502 482.911319 2.026782
244 -1.373156 0.319196 -26.398631 1.313105 313.784146 0.939981
244 -2.185685 0.133341 86.322333 4.296001 496.508587 2.565040
244 -1.973863 0.063399 50.641635 2.538349 398.768975 2.141395
244 -2.580521 0.188800 82.880170 1.579704 339.801188 3.354712
244 -0.962308 0.373429 -68.269750 0.928972 264.947922 0.118285
244 -1.730769 0.112099 33.735270 1.963325 369.018051 1.655207
245 -0.908765 0.374318 18.895329 0.827635 306.029949 0.011200
245 -1.017396 0.397437 -79.929363 2.471422 361.338675 0.228461
245 -3.008938 0.341180 25.165248 1.218397 317.866470 4.211546
245 -1.334277 0.335829 -47.271103 1.754414 326.405431 0.862223
245 -1.831057 0.350246 -29.063741 1.992726 350.552516 1.855783
245 -2.694550 0.120865 -46.072379 4.079008 492.735444 3.582769
245 -2.038264 0.356502 46.600828 1.661513 366.035077 2.270197
245 -1.204759 0.236151 59.623757 0.763281 273.254925 0.603186
245 -0.934896 0.338474 -66.221361 1.124684 276.076104 0.063461
245 -2.990513 0.279139 1.445660 1.708279 341.066476 4.174694
246 -1.492475 0.062439 -23.596622 2.790448 417.455247 1.178620
246 -1.402685 0.243828 -19.334384 1.147013 317.480760 0.999040
246 -2.985298 0.367070 -12.551497 2.325301 396.033540 4.164266
246 -1.245284 0.328632 28.720865 2.275350 418.856975 0.684237
246 -1.466905 0.327835 -40.598607 1.866331 338.968334 1.127479
246 -2.148555 0.096508 -20.912351 4.001521 486.454326 2.490779
246 -1.571409 0.078173 48.536349 2.040988 372.656169 1.336487
246 -1.870678 0.247973 49.969308 0.900554 276.662872 1.935025
246 -2.442411 0.394158 -57.472283 2.950517 404.151450 3.078491
246 -3.921167 0.337486 -4.763035 3.856063 457.044099 6.036003
247 -0.966962 0.072264 -71.444802 2.506953 390.678185 0.127594
247 -2.311465 0.254046 -12.392713 1.556858 363.349228 2.816599
247 -2.096440 0.321690 -73.884929 0.828030 269.394684 2.386549
247 -1.921023 0.343313 7.136654 2.546974 449.230030 2.035716
247 -4.031540 0.356826 -12.943954 2.526079 439.170076 6.256749
247 -1.897663 0.122300 -34.510213 3.983828 480.927148 1.988995
247 -1.575989 0.308693 -27.150088 1.610654 341.301098 1.345648
247 -1.429562 0.315353 56.514604 1.181789 319.901262 1.052794
247 -1.926100 0.260016 -48.079482 0.480451 254.009073 2.045869
247 -2.138538 0.388252 1.291323 2.607103 453.955159 2.470744
248 -2.332279 0.055479 -85.374273 2.033128 362.640285 2.858228
248 -2.223082 0.370519 -41.186337 2.515378 390.263070 2.639833
248 -3.655614 0.058558 -64.413126 1.917630 358.192520 5.504896
248 -1.174856 0.293700 -34.087391 1.034904 288.959615 0.543381
248 -2.076362 0.330002 -31.997386 2.886560 404.594674 2.346392
248 -2.004376 0.110154 -23.522594 3.557371 459.992155 2.202422
248 -1.749888 0.174533 -67.248122 1.889691 346.765843 1.693446
248 -1.296364 0.211906 27.920603 2.589728 422.553671 0.786397
248 -1.362803 0.259984 -34.550956 1.273669 312.904928 0.919274
248 -1.158659 0.086064 -11.967479 0.920299 283.679463 0.510987
249 -0.919489 0.102387 14.222700 1.352992 324.244679 0.032647
249 -2.855365 0.389443 -72.339676 2.579542 382.391131 3.904400
249 -1.744623 0.039424 -44.204750 3.958744 486.530881 1.682915
249 -1.042316 0.269518 -11.184797 0.680856 276.674025 0.278300
249 -1.435462 0.135606 -1.356433 1.474452 333.190123 1.064593
249 -3.022744 0.190645 -14.295636 3.696487 470.295814 4.239156
249 -0.925832 0.388434 17.688072 0.478784 277.795773 0.045333
249 -0.999190 0.381893 -81.946322 0.078711 206.042721 0.192049
249 -1.104114 0.355560 -45.559111 0.750742 260.229011 0.401897
249 -2.288938 0.290736 -25.182701 2.430328 397.226161 2.771546
250 -1.053144 0.193738 17.564982 0.562171 268.594016 0.299957
250 -1.843790 0.240595 -20.304515 0.449562 262.054414 1.881250
250 -1.910255 0.058608 -14.240914 4.119463 498.714174 2.014179
250 -1.165431 0.225444 27.579124 2.080678 389.703885 0.524531
250 -3.629587 0.304390 43.477720 2.617113 388.585452 5.452843
250 -2.277151 0.311576 -27.519722 3.057410 414.891418 2.747971
250 -2.057886 0.286621 -30.046544 2.693233 399.698117 2.309442
250 -1.105761 0.320574 80.985021 0.128376 212.972921 0.405191
250 -1.993388 0.364921 -50.851354 0.667416 268.601436 2.180445
250 -1.065567 0.321608 -75.952270 2.708207 384.354038 0.324802
251 -1.169473 0.163474 76.577644 0.523071 248.065536 0.532615
251 -1.194593 0.218330 63.221049 0.758800 274.550768 0.582855
251 -2.337837 0.128808 -23.346285 3.903517 473.034013 2.869342
251 -1.223756 0.164977 25.724786 1.753232 365.377364 0.641182
251 -0.981903 0.034348 -48.597462 1.232713 304.786974 0.157474
251 -3.208057 0.147111 -24.469419 3.826276 489.784913 4.609783
251 -1.269389 0.264251 77.625411 0.985559 274.050916 0.732448
251 -2.787929 0.397424 -42.940832 3.039121 421.107536 3.769527
251 -1.020704 0.266257 -66.681776 0.863757 260.895659 0.235078
251 -2.446476 0.309913 -26.980674 2.599464 405.576754 3.086622
252 -1.131330 0.122210 -31.637446 1.118922 297.883875 0.456329
252 -1.271433 0.237310 66.045005 0.418423 251.732951 0.736535
252 -2.723016 0.151090 -23.118977 3.747532 480.034923 3.639702
252 -2.185570 0.255072 31.059048 1.105076 309.133444 2.564809
252 -1.271870 0.331727 16.275696 1.918151 384.162608 0.737409
252 -1.065374 0.213513 25.450215 1.542001 347.474085 0.324417
252 -1.419696 0.254954 -19.448559 0.609889 254.203792 1.033060
252 -2.271120 0.374851 -38.646683 3.531794 439.515018 2.735909
252 -0.979517 0.261298 -66.530465 0.817075 261.824551 0.152704
252 -1.733466 0.264542 -24.477668 1.874938 348.192293 1.660600
253 -1.334130 0.099130 -45.633574 1.187178 301.342195 0.861929
253 -3.266173 0.204866 -22.183054 3.242695 458.486397 4.726015
253 -1.478983 0.332571 -60.434678 4.882164 499.814246 1.151636
253 -1.746541 0.298032 71.128364 1.339927 325.281456 1.686752
253 -0.974528 0.389100 23.529880 0.700577 295.423080 0.142724
253 -1.504137 0.231612 32.140769 1.598698 352.400962 1.201942
253 -1.988322 0.376390 -23.881160 1.508898 311.420221 2.170314
253 -2.462735 0.367442 -30.825204 3.428283 436.405044 3.119140
253 -1.337679 0.272497 72.603459 0.616102 264.673140 0.869027
253 -1.448834 0.354533 -43.572316 1.400798 313.448324 1.091336
254 -1.142281 0.146911 -55.616081 1.012418 280.439204 0.478232
254 -3.257513 0.169345 -18.056626 3.665923 487.995572 4.708695
254 -3.360733 0.254347 36.580409 2.292157 383.074162 4.915136
254 -1.423777 0.355061 -42.636913 1.933961 334.093828 1.041223
254 -1.960562 0.358765 69.989266 1.873670 356.523389 2.114793
254 -1.361895 0.250713 28.334216 1.182610 318.871788 0.917459
254 -1.887249 0.357052 -21.860513 1.629845 329.003039 1.968168
254 -2.176511 0.114081 -0.247162 3.712733 490.248765 2.546691
254 -2.023012 0.037269 58.189431 3.558837 461.633328 2.239693
254 -1.289692 0.298710 -36.425682 1.326960 302.278076 0.773054
255 -1.121938 0.201019 -41.859381 0.417010 235.525627 0.437546
255 -1.577591 0.136803 -41.177430 3.386663 440.490091 1.348852
255 -3.464803 0.258789 40.873429 2.608836 451.942594 5.123275
255 -2.696807 0.240740 82.189049 2.953806 423.531842 3.587284
255 -3.393766 0.357800 -78.259984 2.988152 409.846543 4.981201
255 -1.296372 0.128685 27.102353 1.691373 349.491179 0.786413
255 -2.459929 0.219338 -3.724158 2.388647 402.695363 3.113528
255 -4.184704 0.078164 68.844899 3.854152 499.879177 6.563077
255 -2.677953 0.107325 42.938841 3.706677 476.799919 3.549576
255 -1.353965 0.291324 -33.129996 1.300332 300.301374 0.901599
256 -0.990854 0.203557 -22.931099 0.131591 223.309482 0.175378
256 -2.520919 0.211879 -56.889004 2.542531 393.821903 3.235507
256 -2.710427 0.251791 30.425584 2.274246 426.984835 3.614524
256 -2.052467 0.242598 37.147081 3.280966 477.691098 2.298603
256 -1.719807 0.384834 79.192765 2.925532 392.646158 1.633282
256 -1.419453 0.186196 12.136918 2.235441 391.030865 1.032574
256 -1.053712 0.244373 8.274239 1.137083 319.076333 0.301094
256 -1.721828 0.095373 62.017818 2.582917 405.190342 1.637325
256 -1.126242 0.119275 27.171708 3.310305 463.078880 0.446154
256 -2.151003 0.091173 -11.277316 3.232505 443.177880 2.495675
257 -1.190633 0.194488 -35.386371 0.183218 220.756408 0.574935
257 -1.470734 0.359661 52.789520 1.109009 324.580941 1.135137
257 -2.445314 0.396438 80.238449 0.305334 254.082892 3.084298
257 -1.395606 0.243961 11.462976 3.422980 484.189206 0.984881
257 -1.669030 0.097635 -15.402569 2.337694 397.486291 1.531728
257 -1.890337 0.156416 -4.265444 1.056454 292.587074 1.974343
257 -1.558065 0.231558 10.404647 1.907224 369.520581 1.309798
257 -1.968067 0.070955 72.986890 2.557201 404.226276 2.129804
257 -0.977039 0.154836 -10.882093 0.364711 246.922128 0.147747
257 -2.045264 0.284360 58.095253 1.918956 373.155088 2.284198
258 -1.682538 0.310534 45.435284 1.480738 349.343756 1.558746
258 -1.921072 0.356745 50.355441 1.602027 353.881752 2.035813
258 -2.278585 0.387615 65.909416 1.903833 367.844624 2.750839
258 -1.488864 0.262075 31.994368 3.236911 477.100827 1.171396
258 -1.195085 0.133069 -23.447960 1.206419 303.928297 0.583840
258 -1.005968 0.115160 -16.381125 0.726928 272.092142 0.205606
258 -1.371713 0.328444 -40.606208 1.669003 322.764022 0.937095
258 -1.973593 0.062553 71.756554 2.891396 425.873267 2.140855
258 -1.008696 0.161386 -32.221007 0.412920 244.919609 0.211060
258 -1.802603 0.089367 -4.235924 1.546798 330.522767 1.798876
259 -1.888230 0.349016 73.547511 2.474393 376.716917 1.970128
259 -0.971262 0.160387 -22.349999 0.255295 232.416904 0.136194
259 -1.948802 0.378551 62.503546 1.682927 352.349851 2.091273
259 -1.362876 0.145069 45.015811 1.101634 304.706527 0.919421
259 -1.513661 0.162373 -20.587146 1.455036 319.210286 1.220991
259 -0.959715 0.036964 -1.817229 0.832446 277.546332 0.113099
259 -1.113250 0.301293 -23.793617 0.553219 253.820960 0.420170
259 -1.817538 0.059275 69.326421 2.895239 425.126607 1.828745
259 -1.309898 0.152211 -49.297402 0.232913 229.565479 0.813464
259 -1.063880 0.227843 45.171547 0.230399 241.049005 0.321429
260 -3.411184 0.372625 49.165023 2.830740 394.827999 5.016038
260 -1.185469 0.179703 -30.472764 1.203285 304.276257 0.564607
260 -1.888917 0.212524 -78.849475 0.643913 255.948828 1.971503
260 -1.369125 0.154875 51.715370 1.271548 317.154474 0.931919
260 -1.693979 0.174699 -29.095158 2.429615 390.647454 1.581626
260 -2.129821 0.282801 47.077309 1.390242 315.951875 2.453310
260 -1.231498 0.235098 82.047808 0.247202 228.609401 0.656664
260 -1.159128 0.307944 57.030444 0.623498 273.604339 0.511925
260 -1.095808 0.168883 -15.824124 0.203471 228.896623 0.385284
260 -1.005488 0.226025 -40.073398 0.594446 251.176745 0.204646
261 -1.687982 0.130140 43.051499 1.995966 379.669174 1.569632
261 -1.834017 0.124357 67.416340 2.599852 406.209174 1.861704
261 -1.238653 0.183643 -66.414363 1.507145 317.071098 0.670975
261 -1.316204 0.167829 56.668198 1.126325 303.432135 0.826077
261 -1.811589 0.177557 -23.406860 2.326997 393.458969 1.816846
261 -1.384417 0.308536 65.851372 1.171179 307.497682 0.962504
261 -1.269714 0.232050 80.911865 0.839860 270.290908 0.733097
261 -1.674302 0.083295 49.980971 2.085609 372.377376 1.542273
261 -0.945080 0.194008 -25.799886 0.282632 235.277890 0.083830
261 -0.969260 0.243294 -35.309654 0.162791 221.515053 0.132190
262 -2.033049 0.096075 44.302578 2.954422 433.304779 2.259766
262 -2.579256 0.115378 6.803705 2.305857 387.296260 3.352181
262 -1.464530 0.118774 57.231961 1.590960 337.743691 1.122729
262 -1.283109 0.190721 74.662670 0.947644 275.429012 0.759887
262 -1.860869 0.266378 -41.976547 1.753692 347.629975 1.915406
262 -1.595296 0.323158 54.813468 1.035890 290.262227 1.384262
262 -1.462144 0.228180 60.432270 0.975905 281.801761 1.117958
262 -1.748191 0.048188 55.989931 2.014195 363.485916 1.690050
262 -1.360577 0.346697 -32.638989 1.159136 307.700068 0.914823
262 -1.500399 0.151248 -73.601503 1.258856 294.853284 1.194466
263 -3.244552 0.178593 57.566290 3.187948 467.894442 4.682773
263 -2.636884 0.238218 41.424008 1.856445 350.542120 3.467438
263 -2.107266 0.278497 -47.210758 2.892048 411.077775 2.408202
263 -1.198682 0.296485 72.822352 0.761979 262.406979 0.591033
263 -1.860827 0.071153 55.630186 1.287232 307.548018 1.915324
263 -1.602491 0.314145 44.807123 0.910091 290.135521 1.398652
263 -1.105116 0.329577 64.705479 0.487828 255.516143 0.403902
263 -1.733578 0.320053 -39.652905 2.547688 383.357773 1.660825
263 -1.551052 0.394891 -34.031933 1.633926 322.904164 1.295774
263 -1.614370 0.139110 -85.138441 1.811029 340.009038 1.422409
264 -2.523919 0.241661 -88.390842 4.256788 484.751108 3.241507
264 -1.916122 0.380497 74.638387 2.537808 379.014260 2.025912
264 -1.682073 0.375506 -59.419414 0.701220 254.386742 1.557815
264 -2.209373 0.215925 72.046246 0.409261 254.780334 2.612414
264 -4.300467 0.361558 -21.970530 1.074162 335.853297 6.794604
264 -1.184677 0.214381 -17.483893 1.114902 306.211215 0.563024
264 -1.589951 0.353555 79.851269 2.057398 346.726091 1.373571
264 -1.127155 0.270522 17.844062 1.345995 332.081230 0.447978
264 -2.548700 0.332534 -13.331366 1.822239 340.220839 3.291069
264 -3.914448 0.390015 -66.126811 2.027192 358.340043 6.022565
265 -2.185108 0.268272 -79.459335 4.322132 482.077874 2.563885
265 -0.994385 0.378267 21.201130 0.185682 251.655486 0.182439
265 -0.969436 0.387493 -65.152923 1.129876 277.271560 0.132542
265 -1.109902 0.395184 81.268788 0.248674 218.535784 0.413472
265 -1.481729 0.319832 82.795816 1.765871 329.130228 1.157128
265 -0.911715 0.273048 17.193155 0.901639 303.093029 0.017098
265 -1.525792 0.244792 49.634003 0.852832 279.280160 1.245253
265 -1.169650 0.292962 77.857141 0.326075 236.122463 0.532969
265 -1.210537 0.282947 -25.769961 1.062601 295.335931 0.614742
265 -1.976154 0.354048 47.088938 1.571473 348.975536 2.145977
266 -1.693899 0.287421 52.244416 1.104536 295.414800 1.581468
266 -1.216153 0.383903 16.731925 0.673449 285.594743 0.625975
266 -1.346051 0.397171 -38.186221 0.628974 242.510318 0.885772
266 -2.162686 0.343111 -54.160414 1.456460 306.488711 2.519041
266 -1.176388 0.162687 32.022593 0.839019 288.782705 0.546446
266 -1.110328 0.239311 -71.110708 0.292792 227.582676 0.414325
266 -1.270000 0.221242 71.753931 0.992265 286.416665 0.733669
266 -1.010310 0.382318 6.902187 0.826423 308.585282 0.214288
266 -1.761540 0.284741 -14.860338 0.506768 244.896398 1.716750
266 -2.288618 0.292763 82.482979 4.074280 471.268974 2.770905
267 -1.304795 0.318662 77.446399 0.948787 268.166679 0.803260
267 -2.436694 0.379849 52.182177 1.904182 358.496574 3.067056
267 -2.450957 0.390536 24.942538 1.485872 344.617397 3.095584
267 -2.377128 0.374603 -58.305011 1.371656 312.386694 2.947925
267 -3.025873 0.208826 26.072813 1.783124 354.522698 4.245415
267 -1.096894 0.396038 -80.297564 1.152701 278.803130 0.387457
267 -1.437770 0.165471 62.302520 1.489421 327.467989 1.069208
267 -1.484544 0.135173 67.959035 1.701148 337.652836 1.162758
267 -1.260545 0.270780 -20.912399 0.276744 230.722503 0.714760
267 -2.326279 0.356608 79.146035 4.421404 482.373785 2.846228
268 -1.226369 0.206786 -80.829857 0.725780 257.865283 0.646407
268 -1.426775 0.365276 -81.088802 1.800598 326.685408 1.047220
268 -1.401930 0.369063 -25.378528 1.268393 315.605115 0.997529
268 -1.572433 0.207307 -20.405961 1.255045 324.914645 1.338535
268 -2.498042 0.289706 68.934338 1.760821 365.274667 3.189752
268 -4.078610 0.333119 41.718551 4.418624 482.757234 6.350890
268 -1.894764 0.165042 34.328875 1.804814 359.660434 1.983198
268 -1.989160 0.222406 22.769004 2.609960 442.489294 2.171989
268 -1.425142 0.269206 -19.308325 0.227651 226.022793 1.043953
268 -3.236481 0.398071 57.146200 4.377106 481.258563 4.666631
269 -1.351867 0.385336 2.742391 1.236253 350.602680 0.897402
269 -1.494902 0.388001 -50.074502 1.762801 328.246120 1.183473
269 -1.936637 0.368555 -40.724757 1.069024 307.574801 2.066943
269 -1.370874 0.152961 -6.319420 1.593693 344.205801 0.935418
269 -2.204879 0.062727 82.393258 3.199867 442.833845 2.603427
269 -1.526413 0.319265 5.750262 2.251198 411.244497 1.246496
269 -2.209331 0.142508 -84.600363 4.197843 487.292186 2.612331
269 -2.469346 0.209942 -42.603304 1.962777 368.501232 3.132362
269 -1.114909 0.224146 -19.843436 0.297100 234.701042 0.423487
269 -3.113914 0.157006 64.595620 4.018963 494.252835 4.421498
270 -1.674258 0.366882 -26.404893 0.580505 242.510484 1.542185
270 -2.922522 0.322003 -8.810714 2.007088 354.834716 4.038714
270 -1.289634 0.349273 -20.172295 1.078226 312.249201 0.772938
270 -1.368199 0.088671 -11.737112 1.906152 360.724829 0.930068
270 -1.722452 0.214387 76.559060 2.779731 398.969936 1.638573
270 -4.860982 0.257648 -28.614212 1.439718 303.521685 7.915632
270 -1.752584 0.161239 -82.518844 4.067435 477.702847 1.698837
270 -1.972047 0.191648 -49.094925 1.950763 357.731019 2.137764
270 -1.279681 0.238437 -33.285769 0.007912 208.513630 0.753030
270 -3.552215 0.287211 47.259379 3.554502 453.589354 5.298100
271 -1.481713 0.345480 -37.711650 0.488267 260.257584 1.157095
271 -1.867236 0.248113 -15.458153 1.770993 371.341403 1.928140
271 -3.131280 0.306615 -46.489934 2.219873 385.646684 4.456230
271 -1.939750 0.107547 -26.565094 2.179540 385.333294 2.073170
271 -1.912241 0.223072 78.789343 2.653077 398.783640 2.018152
271 -1.167237 0.338623 -32.878616 0.606353 249.265149 0.528144
271 -1.417692 0.154096 -87.955231 4.040621 473.836357 1.029052
271 -2.672721 0.250723 -23.204895 3.000532 432.485648 3.539112
271 -2.263600 0.100043 -31.331943 2.812428 426.327446 2.720869
271 -4.387065 0.278602 2.324995 3.698812 462.527273 6.967798
272 -1.854353 0.387441 -73.314082 0.114169 218.948527 1.902374
272 -1.211614 0.207758 -13.560411 1.072321 301.292093 0.616898
272 -2.782466 0.329856 -30.210788 1.905074 380.566601 3.758600
272 -1.107646 0.193533 13.496255 1.791114 361.743728 0.408962
272 -1.567164 0.301985 -37.477196 2.108979 353.042843 1.327997
272 -1.296412 0.392850 -41.003192 1.235147 286.268409 0.786493
272 -1.225258 0.287595 -16.567428 1.020675 308.091883 0.644184
272 -2.263814 0.361863 82.592754 1.863511 353.144869 2.721297
272 -2.539931 0.086350 3.199825 2.706658 411.703664 3.273531
272 -1.093713 0.313261 26.425261 1.858946 384.727502 0.381096
273 -0.905607 0.285730 -66.179581 0.615611 244.903051 0.004884
273 -1.431788 0.255130 -30.874573 1.013201 300.408252 1.057246
273 -2.377356 0.305091 -18.504949 1.812198 381.479250 2.948381
273 -1.358726 0.189183 -22.965875 1.507099 334.775110 0.911121
273 -1.939113 0.397985 -38.061401 2.443905 378.804497 2.071895
273 -1.017910 0.277143 -6.986015 0.285102 243.905481 0.229490
273 -1.815386 0.323604 -0.293145 1.067700 306.053576 1.824441
273 -1.299414 0.364848 -28.158437 1.088121 305.149988 0.792498
273 -1.277972 0.090507 5.450724 2.155053 382.459901 0.749612
273 -1.204329 0.274152 -24.278735 0.896369 279.467523 0.602328
274 -3.187634 0.170153 -21.950498 3.617129 477.857741 4.568938
274 -1.368164 0.281583 -27.892188 1.306765 320.015677 0.929997
274 -1.654178 0.391388 -24.415246 1.359574 309.381769 1.502026
274 -1.662459 0.267004 44.308806 1.561035 353.714339 1.518587
274 -2.087173 0.375071 -40.715670 2.750996 398.691463 2.368015
274 -1.180564 0.286429 -16.914351 0.568896 257.975736 0.554798
274 -1.021104 0.289037 12.087891 0.889459 300.141528 0.235876
274 -2.287094 0.217130 -12.997513 2.087990 363.281104 2.767857
274 -1.331859 0.118879 -16.071565 1.481241 326.757881 0.857387
274 -1.004579 0.091940 -18.519775 0.835390 277.900376 0.202827
275 -2.909457 0.173577 -17.026857 3.407428 465.026036 4.012584
275 -1.371643 0.229069 -32.047221 1.512825 328.590266 0.936955
275 -2.193818 0.331470 10.331061 2.889334 474.114919 2.581305
275 -1.725381 0.370391 75.217756 1.850341 343.393619 1.644430
275 -1.649299 0.319168 -42.757243 2.960090 402.562688 1.492268
275 -1.109802 0.315608 -6.031845 0.741981 293.075442 0.413273
275 -1.276004 0.247633 27.332778 1.659397 356.289718 0.745677
275 -1.706889 0.213774 -31.718961 2.305907 371.095694 1.607448
275 -0.924133 0.235630 -18.184804 0.053355 222.522051 0.041936
275 -1.608768 0.197553 59.688099 1.769744 352.850634 1.411205
276 -1.460318 0.061675 -8.987534 2.233818 382.318573 1.114306
276 -1.109797 0.227353 -21.268064 0.849357 280.375063 0.413263
276 -1.009323 0.334112 -82.394360 0.269301 219.023963 0.212316
276 -1.734786 0.338190 76.639413 2.167890 359.409254 1.663242
276 -1.932221 0.316758 45.039203 1.676950 368.274717 2.058112
276 -1.010065 0.344180 -2.200645 0.599720 282.917563 0.213800
276 -1.827879 0.185002 -21.210365 2.350465 393.677110 1.849428
276 -1.064672 0.387191 -28.736170 0.490463 259.535508 0.323014
276 -0.961591 0.244941 -9.898850 0.015329 224.338246 0.116852
276 -1.728335 0.283748 -73.347194 1.984631 347.255902 1.650340
277 -1.170593 0.068663 3.095341 2.198153 384.994245 0.534856
277 -0.987132 0.310709 -72.648830 2.523535 373.746272 0.167933
277 -1.346261 0.324897 -87.660340 0.366747 227.794493 0.886191
277 -1.195093 0.095065 -3.955089 0.435164 247.111319 0.583854
277 -1.579755 0.396415 34.385441 1.134323 334.935841 1.353179
277 -1.340150 0.267346 -9.072355 0.849309 283.997677 0.873969
277 -1.578051 0.309602 4.728210 2.115196 399.049170 1.349771
277 -1.297043 0.361598 -31.887922 0.799243 285.243415 0.787756
277 -1.285830 0.246566 0.571261 0.157463 232.220230 0.765329
277 -1.457284 0.197175 71.555599 1.609334 327.303264 1.108237
278 -1.673280 0.063566 -3.075509 2.265444 384.413158 1.540229
278 -0.905055 0.320039 -69.572404 2.391602 362.953214 0.003778
278 -1.029456 0.372169 -84.962493 0.166912 211.626455 0.252581
278 -4.708248 0.299597 3.287502 4.304605 493.427551 7.610165
278 -1.455639 0.391471 31.832011 0.852115 306.374832 1.104948
278 -0.956094 0.175070 -42.467571 0.431302 239.667846 0.105857
278 -1.145517 0.314493 11.079424 1.861335 381.041426 0.484703
278 -0.959311 0.285886 18.066079 1.387146 347.799140 0.112292
278 -2.006454 0.231960 4.212933 0.745266 274.435250 2.206578
278 -2.342660 0.240412 74.580729 1.886660 365.247120 2.878989
279 -1.061533 0.201451 -27.191319 0.423503 241.765161 0.316735
279 -1.288593 0.330423 -64.591569 2.139356 350.513625 0.770855
279 -1.068191 0.395625 -74.878017 0.245113 220.568834 0.330052
279 -3.634957 0.304713 -11.172493 4.748318 499.691548 5.463584
279 -0.991920 0.104313 12.810264 1.006012 295.419064 0.177509
279 -1.170912 0.231954 -40.734928 0.876646 276.869115 0.535493
279 -1.567415 0.341166 0.054215 1.076826 325.494958 1.328499
279 -0.982389 0.284786 23.691805 1.493623 352.325507 0.158448
279 -1.148460 0.378910 4.362778 0.508463 275.712866 0.490589
279 -1.972007 0.170269 72.164747 2.384478 392.229303 2.137683
280 -1.164387 0.335136 83.624045 0.569801 245.788428 0.522442
280 -2.945209 0.124774 24.811768 0.660795 266.823180 4.084088
280 -0.987631 0.233161 13.199164 2.011355 389.826890 0.168931
280 -3.132382 0.323520 -25.430809 4.512598 498.335774 4.458434
280 -1.127778 0.121465 -12.743625 0.656738 269.065235 0.449225
280 -2.129210 0.119587 39.121978 2.204265 381.808808 2.452089
280 -1.797990 0.326588 62.740492 1.376043 304.098092 1.789648
280 -1.199959 0.309886 14.519801 1.551601 369.698340 0.593587
280 -3.308313 0.232608 42.970931 2.871918 415.851486 4.810295
280 -1.024194 0.343551 45.985540 0.194468 244.607632 0.242056
281 -0.956445 0.394661 -53.242973 0.094918 210.071616 0.106560
281 -0.996640 0.110848 17.577947 3.075237 444.924967 0.186949
281 -2.963523 0.383165 -13.091945 1.760541 327.785420 4.120715
281 -2.648180 0.279485 -23.327188 3.948936 464.919011 3.490029
281 -1.691912 0.083555 -85.960603 2.880223 414.990451 1.577493
281 -2.041288 0.283790 69.006112 2.754525 397.309356 2.276246
281 -1.812335 0.350474 89.305277 0.477418 248.994970 1.818338
281 -1.521592 0.216802 7.249103 1.906531 370.453498 1.236854
281 -2.352231 0.335602 66.476000 2.522647 394.643951 2.898131
281 -1.087625 0.327979 -5.316470 0.378600 254.256052 0.368919
282 -0.980350 0.318601 -34.417283 0.333596 237.216139 0.154369
282 -1.418966 0.115559 7.068927 3.177558 458.783664 1.031602
282 -2.226813 0.300908 33.872204 1.477931 342.492022 2.647296
282 -2.919809 0.371126 58.131424 3.469989 427.731174 4.033287
282 -2.058873 0.212446 -20.310975 2.210696 368.736159 2.311416
282 -1.952223 0.281316 72.532234 2.742228 397.877067 2.098116
282 -2.042533 0.086112 53.819224 3.442357 458.588074 2.278735
282 -1.695813 0.370955 -11.632730 1.411643 355.032424 1.585295
282 -1.504943 0.290147 11.537245 2.965654 469.491943 1.203556
282 -0.967094 0.264367 11.994387 1.201043 325.888505 0.127858
283 -1.522781 0.345044 -51.590370 0.143978 224.769426 1.239231
283 -1.294663 0.058767 16.973234 3.709794 483.828153 0.782995
283 -2.411422 0.348938 4.043667 1.317478 324.987668 3.016513
283 -1.647115 0.139168 -44.245692 3.299210 438.620787 1.487899
283 -1.278091 0.122784 6.207550 2.619648 421.022937 0.749852
283 -3.514420 0.205732 24.397706 3.222700 483.066427 5.222510
283 -2.552928 0.034602 32.850160 3.768757 478.099661 3.299525
283 -3.896093 0.305893 -16.465993 1.846077 404.573637 5.985855
283 -1.082886 0.290949 25.561813 3.201861 478.948822 0.359440
283 -1.025415 0.289487 25.115509 1.586917 361.664746 0.244499
284 -1.081677 0.350025 -27.006798 0.004890 212.278058 0.357023
284 -0.936871 0.071389 18.018059 3.610089 474.851104 0.067411
284 -3.088034 0.328607 -0.321107 1.946274 366.440249 4.369737
284 -1.886727 0.111464 -53.494736 3.747235 466.896748 1.967124
284 -1.308565 0.208555 -9.648578 1.302221 322.960066 0.810799
284 -1.739068 0.193588 4.478210 2.889944 449.500593 1.671805
284 -2.186529 0.144269 74.883375 3.952253 480.040738 2.566727
284 -1.422774 0.342682 59.965775 1.178068 309.536883 1.039218
284 -1.172656 0.280323 19.155191 3.255789 479.068995 0.538981
284 -1.920955 0.265369 34.955643 1.914589 374.313166 2.035578
285 -1.032518 0.319542 -25.632843 0.272249 232.978419 0.258704
285 -1.071827 0.087590 11.518519 3.659030 479.584761 0.337322
285 -2.332049 0.250565 56.137742 2.251715 397.255475 2.857766
285 -5.211818 0.273104 69.711866 2.297271 448.725794 8.617304
285 -1.720286 0.173507 -27.281198 1.576605 344.249177 1.634240
285 -3.220548 0.250259 -29.711201 0.960499 268.273418 4.634765
285 -1.421612 0.246873 -38.202893 1.845903 342.141763 1.036893
285 -1.627342 0.251624 -6.522919 1.541145 359.458146 1.448353
285 -1.105572 0.379466 -49.231713 0.851551 262.266370 0.404814
285 -1.805245 0.135128 0.653572 3.632202 482.834268 1.804160
286 -2.823752 0.159804 -4.509256 2.827627 446.913037 3.841173
286 -1.547987 0.170306 7.597085 3.732447 499.433083 1.289643
286 -1.869338 0.186438 76.093104 2.424642 389.245763 1.932344
286 -3.275642 0.342558 38.823830 2.154156 387.830458 4.744954
286 -1.115570 0.354225 -25.111372 0.786715 278.864634 0.424810
286 -1.945898 0.173672 -30.251810 2.952820 424.239338 2.085464
286 -1.322048 0.321224 -21.079218 1.198644 313.568230 0.837764
286 -3.021537 0.349381 -5.937254 1.869808 348.481049 4.236743
286 -1.027079 0.387533 -48.063030 0.578284 240.127226 0.247828
286 -1.296986 0.104374 6.986856 3.676274 484.829613 0.787640
287 -1.613075 0.222343 54.604343 1.150772 297.659845 1.419819
287 -1.443138 0.209183 19.556266 3.131298 470.466427 1.079945
287 -1.364052 0.134953 46.943376 0.675741 267.268276 0.921774
287 -0.988603 0.340295 23.584439 1.024500 322.554612 0.170875
287 -1.054398 0.365060 -29.267976 0.559211 261.651448 0.302465
287 -2.456365 0.280426 -39.545440 3.030763 426.019008 3.106400
287 -2.201925 0.076444 47.069677 2.481082 393.935483 2.597520
287 -2.115531 0.192437 60.792164 2.713544 405.230955 2.424732
287 -2.102344 0.045470 61.695707 2.660205 413.457222 2.398358
287 -2.133202 0.236672 -34.599308 3.185641 432.684625 2.460074
288 -1.464210 0.271276 47.710111 1.068267 303.532796 1.122089
288 -2.181962 0.196150 19.598613 2.216712 385.819883 2.557593
288 -1.767798 0.251083 24.817089 2.338371 425.934240 1.729264
288 -1.992588 0.386534 3.504328 1.038641 310.157958 2.178846
288 -1.550493 0.385075 -32.453310 0.748345 288.006675 1.294655
288 -2.243799 0.194659 -53.070942 2.609116 398.776878 2.681268
288 -2.832354 0.246610 51.945834 1.995657 396.903599 3.858376
288 -1.028922 0.261935 8.996072 0.806650 292.037596 0.251513
288 -1.643576 0.053001 50.435359 2.381257 394.824361 1.480821
288 -2.386175 0.252166 -51.141081 2.004508 362.600046 2.966019
289 -1.557128 0.300693 41.566164 1.146358 317.612303 1.307926
289 -1.902683 0.038003 54.564178 2.717488 410.983779 1.999035
289 -2.829645 0.255702 34.471697 2.312072 427.599668 3.852958
289 -1.362215 0.348130 -33.189512 1.348764 312.327158 0.918098
289 -1.243288 0.322018 21.564664 0.673713 280.938531 0.680246
289 -1.493652 0.170334 52.176184 1.133667 300.275876 1.180972
289 -5.717102 0.207571 82.010891 2.311687 440.994362 9.627874
289 -1.873469 0.372874 1.371799 1.878728 394.038612 1.940608
289 -2.416179 0.375268 61.458837 2.452217 382.698538 3.026027
289 -1.374473 0.155406 6.673719 3.769210 497.051243 0.942615
290 -1.566459 0.388214 -17.420242 0.023218 212.068940 1.326587
290 -1.766143 0.058928 66.708863 2.935144 421.804876 1.725955
290 -1.810519 0.393593 -79.190680 1.888409 334.539084 1.814708
290 -1.824688 0.311803 -36.415822 2.056123 364.964682 1.843045
290 -0.918669 0.355925 15.164540 0.189346 248.493572 0.031007
290 -1.798128 0.205350 -88.764711 2.170440 359.158605 1.789924
290 -1.858457 0.168553 49.345878 2.212396 389.350721 1.910584
290 -1.557205 0.367589 26.594084 2.743335 465.547433 1.308079
290 -2.062289 0.337184 50.666900 1.607071 338.025959 2.318248
290 -1.395734 0.121383 6.099048 3.536216 479.018899 0.985137
291 -1.211909 0.393296 -51.418728 0.384491 235.330524 0.617488
291 -1.036737 0.277644 -15.262629 0.013261 218.486557 0.267142
291 -1.059861 0.331093 -78.200419 3.621038 431.865159 0.313392
291 -3.348843 0.274459 86.700751 0.437519 240.158308 4.891356
291 -1.223697 0.314952 26.279337 0.768927 290.640240 0.641063
291 -1.638778 0.323406 60.727302 1.059950 315.970570 1.471225
291 -2.105997 0.205370 81.032457 3.705115 458.957022 2.405664
291 -1.168998 0.131911 9.327495 3.040200 449.644571 0.531666
291 -2.496791 0.262162 60.518136 2.971256 420.228340 3.187251
291 -2.265140 0.142508 -4.427930 3.558717 478.477588 2.723950
292 -1.047807 0.312142 -65.090403 1.361515 292.815490 0.289284
292 -0.950981 0.332562 -32.273751 0.121615 223.413047 0.095632
292 -1.292957 0.257661 -52.525233 0.014733 213.066771 0.779583
292 -1.141460 0.267026 79.370335 0.170951 223.367173 0.476589
292 -1.935298 0.306368 31.060588 0.756802 286.549126 2.064266
292 -1.032599 0.163934 -41.528098 0.786310 265.176375 0.258867
292 -1.230122 0.388127 -74.069600 0.717738 254.023806 0.653913
292 -1.457595 0.092502 18.693570 2.746984 429.032896 1.108859
292 -0.984605 0.055661 23.039373 3.976419 495.122900 0.162879
292 -1.788000 0.134087 6.448813 3.906204 497.501631 1.769669
293 -1.533080 0.275572 -35.854142 1.828997 346.223363 1.259828
293 -1.075706 0.324643 -48.384825 0.203102 223.802972 0.345082
293 -1.095364 0.290328 -50.513097 0.153640 220.166841 0.384396
293 -2.986515 0.371731 58.287676 4.047581 463.857856 4.166699
293 -1.979409 0.291016 38.822672 0.791854 277.683739 2.152487
293 -1.382433 0.135461 32.442898 1.227136 316.626196 0.958536
293 -1.888028 0.157631 5.125133 3.272519 471.488995 1.969725
293 -6.073974 0.310184 64.565578 1.677616 318.527500 10.341617
293 -1.434932 0.039472 20.136518 3.933335 488.330192 1.063534
293 -1.276216 0.236382 -14.008769 1.149184 308.050713 0.746100
294 -2.148375 0.317857 -34.156399 0.894252 301.464825 2.490419
294 -1.149196 0.294133 -54.027992 0.051828 212.698467 0.492060
294 -0.979073 0.306845 18.094429 0.832160 302.308186 0.151816
294 -4.183080 0.204987 50.328614 2.162386 421.697937 6.559828
294 -1.439754 0.143844 65.916224 1.510890 328.606701 1.073177
294 -1.343661 0.168464 61.837475 1.218898 308.816280 0.880990
294 -1.247783 0.144763 7.929009 3.622251 485.072296 0.689236
294 -1.562601 0.136055 -6.824076 2.136645 388.779179 1.318871
294 -2.765304 0.251268 56.630925 2.670504 420.569755 3.724277
294 -1.508898 0.162367 -6.671800 1.850680 365.181218 1.211466
295 -2.978450 0.384560 41.972796 3.270020 499.114200 4.150569
295 -1.509003 0.304787 -54.584048 0.193931 225.423229 1.211674
295 -1.515629 0.229592 -5.974944 1.307131 321.826550 1.224928
295 -2.070377 0.371714 -33.072931 3.076174 403.617533 2.334423
295 -2.209835 0.158030 -77.024193 2.240765 372.538637 2.613339
295 -1.588743 0.173887 -23.142603 2.066459 372.383524 1.371155
295 -1.311817 0.155929 18.388033 2.599114 428.337368 0.817304
295 -2.378320 0.320829 -28.721698 2.995244 418.397858 2.950309
295 -1.897372 0.184050 80.887817 3.242386 433.042964 1.988413
295 -0.971036 0.250763 -48.386783 0.425735 236.195153 0.135741
296 -1.150118 0.372512 20.135071 1.641932 385.188376 0.493906
296 -1.376318 0.103727 30.017369 3.137553 453.739783 0.946304
296 -2.966029 0.170548 8.280451 2.058258 369.494357 4.125726
296 -1.185688 0.381262 -60.318666 2.790263 383.587397 0.565046
296 -1.827394 0.301878 -40.781737 1.593180 337.945681 1.848456
296 -1.642847 0.155406 -32.398957 2.023991 353.141444 1.479363
296 -1.219883 0.070414 -73.937442 3.702874 466.434942 0.633436
296 -3.083736 0.304854 -21.382745 3.242404 442.704299 4.361140
296 -2.311533 0.123197 76.390965 4.125412 481.301137 2.816736
296 -1.062536 0.137746 -47.457973 0.319066 234.399356 0.318742
297 -2.183086 0.317885 -65.934584 4.136372 468.248734 2.559841
297 -1.460408 0.069333 28.288365 2.822711 423.601641 1.114486
297 -0.980716 0.219624 19.169215 1.611619 351.575244 0.155101
297 -1.010245 0.170674 -14.513819 0.393048 245.121560 0.214158
297 -2.546940 0.202994 -62.327577 2.316979 376.494307 3.287549
297 -1.246830 0.103570 -34.839366 1.538378 328.579724 0.687328
297 -1.286744 0.034634 -69.430374 3.199368 440.030039 0.767158
297 -0.961016 0.108173 -36.425739 0.585759 254.024846 0.115702
297 -2.206428 0.216549 80.260476 2.961857 420.707640 2.606525
297 -0.944090 0.301651 20.598159 0.683844 285.108284 0.081849
298 -1.147575 0.340817 -60.668785 3.689097 437.010834 0.488819
298 -1.637442 0.347805 53.979189 1.253067 313.013146 1.468553
298 -2.835244 0.179133 -63.661667 4.210227 487.519041 3.864157
298 -1.699271 0.101418 -41.044478 0.715189 269.436998 1.592211
298 -1.778871 0.100874 44.804995 2.501629 406.840727 1.751411
298 -1.245084 0.276860 -20.303784 1.016183 293.071217 0.683838
298 -1.339371 0.028291 -54.899281 2.714080 409.026243 0.872412
298 -1.000420 0.126969 -30.969494 0.592975 254.964329 0.194509
298 -1.515496 0.322884 75.522081 1.689473 324.090477 1.224661
298 -1.151062 0.267065 -34.818238 0.762093 272.980120 0.495792
299 -2.399997 0.365163 5.800155 2.940899 480.884561 2.993664
299 -1.269802 0.371242 52.122687 0.790916 298.632353 0.733274
299 -3.296646 0.193504 -62.441399 4.221856 489.726078 4.786962
299 -0.923458 0.110572 -33.565948 0.079177 219.436396 0.040585
299 -1.617050 0.161291 66.613323 1.933029 360.248937 1.427769
299 -0.977357 0.288848 -17.797077 0.244048 241.685230 0.148384
299 -2.008145 0.021635 -55.898511 2.684095 408.364986 2.209959
299 -1.394781 0.149716 8.885628 1.662364 347.842269 0.983231
299 -3.005562 0.209628 -51.675566 2.155040 361.750610 4.204793
299 -1.180932 0.312241 14.477213 1.634480 376.530637 0.555534
300 -1.359400 0.073311 30.807625 1.955424 368.825690 0.912470
300 -1.065777 0.085350 -77.146461 3.645848 459.175276 0.325224
300 -2.044586 0.099247 -24.634164 3.970429 484.942974 2.282842
300 -1.487867 0.060361 -18.772292 0.015646 214.039501 1.169404
300 -1.647458 0.077042 55.000089 1.283276 308.890742 1.488584
300 -1.420143 0.123459 12.374612 2.533855 419.269458 1.033955
300 -1.773099 0.385826 -57.144073 2.056642 345.552972 1.739867
300 -1.559372 0.350707 -16.506456 1.264620 337.987946 1.312413
300 -0.905941 0.335560 15.340884 0.883924 307.095755 0.005551
300 -1.915018 0.345247 1.239240 2.326720 423.945169 2.023705
301 -1.501376 0.106655 60.969888 1.539963 328.141942 1.196421
301 -1.068633 0.090923 -73.034599 3.719861 462.576160 0.330934
301 -1.770158 0.087653 -2.755541 3.050509 445.835309 1.733985
301 -1.373030 0.162638 -27.953521 1.523318 333.592001 0.939729
301 -1.045592 0.215030 -32.886928 0.718763 266.182866 0.284854
301 -1.506697 0.087653 60.862331 1.185356 307.597408 1.207062
301 -1.442506 0.099180 -46.637025 3.154169 428.560527 1.078680
301 -0.972703 0.294119 18.242816 1.891313 390.017909 0.139076
301 -1.563614 0.122045 62.907034 1.825129 347.915819 1.320896
301 -2.060514 0.276954 -33.077050 1.695075 355.378036 2.314696
302 -1.299718 0.376799 -89.582098 1.354926 290.422456 0.793106
302 -3.074127 0.256016 18.004570 2.842934 467.268329 4.341923
302 -2.174784 0.127917 -13.379488 3.193550 449.145222 2.543238
302 -1.090383 0.151367 -4.279097 1.071962 304.693048 0.374435
302 -1.017177 0.228756 -19.244973 0.488219 252.774161 0.228024
302 -2.451821 0.146315 63.480867 2.500986 411.412928 3.097312
302 -1.916706 0.081158 -20.729517 3.584038 462.959593 2.027081
302 -1.189403 0.255362 9.718246 2.518123 429.516498 0.572476
302 -1.784042 0.192481 42.129879 1.838008 376.829835 1.761753
302 -1.365132 0.143973 -62.421610 2.317213 374.726763 0.923933
303 -1.541561 0.350970 74.391161 1.544923 310.161861 1.276791
303 -1.569106 0.250133 -47.967351 2.233583 366.245074 1.331882
303 -1.282162 0.170136 14.423602 3.723762 492.656648 0.757992
303 -1.197961 0.145501 -17.254734 1.286734 317.539617 0.589591
303 -1.511947 0.120477 3.358113 2.508816 410.412091 1.217563
303 -2.120673 0.180116 -59.101975 2.798461 406.038504 2.435014
303 -0.934726 0.192308 14.473229 1.968505 379.508672 0.063122
303 -1.928934 0.293257 37.689240 2.832527 450.236025 2.051538
303 -2.315255 0.381409 64.006636 2.490929 382.028654 2.824179
303 -2.358207 0.334948 -88.997699 3.709724 447.487259 2.910083
304 -1.260134 0.359244 -88.414834 0.978571 266.137803 0.713937
304 -1.483079 0.268365 -43.045568 2.318016 367.459434 1.159826
304 -3.852286 0.362826 44.205792 2.979204 403.508133 5.898241
304 -1.152007 0.148312 -16.088811 1.002690 291.769871 0.497683
304 -1.338121 0.249398 12.994315 2.066866 385.574547 0.869911
304 -0.990423 0.194517 -41.946235 0.410885 240.264198 0.174516
304 -1.149497 0.209557 26.397613 2.373186 414.439476 0.492663
304 -1.163097 0.196950 22.893521 1.565586 344.065242 0.519863
304 -2.034788 0.244794 -52.830236 1.991070 345.693696 2.263246
304 -2.516113 0.090657 37.088923 2.305823 384.008027 3.225895
305 -1.133758 0.192420 11.348232 1.976715 385.647476 0.461186
305 -4.100720 0.186421 -34.478106 1.001673 277.472361 6.395108
305 -1.711657 0.243536 -55.495686 2.960336 405.976175 1.616983
305 -1.253566 0.140823 -9.453627 1.461888 333.145770 0.700801
305 -1.192175 0.253059 22.833707 2.308741 418.551308 0.578019
305 -1.134126 0.242449 -18.067155 0.651793 274.747108 0.461921
305 -1.992630 0.316831 14.065213 1.846939 370.469178 2.178929
305 -2.014239 0.231234 44.912298 1.837320 381.612540 2.222148
305 -1.810739 0.258520 -38.727306 0.645407 271.771442 1.815147
305 -1.604734 0.057156 46.204278 2.261460 387.762201 1.403138
306 -0.983947 0.184569 -42.756986 0.238023 228.436126 0.161564
306 -1.026847 0.206914 22.879370 1.374748 332.462375 0.247363
306 -1.045303 0.267862 -61.889039 2.903066 397.061054 0.284275
306 -1.273001 0.159245 -15.208940 1.443468 330.724779 0.739672
306 -0.977828 0.288017 21.318707 1.830615 383.837582 0.149326
306 -1.910706 0.192877 55.743633 1.917981 374.818892 2.015082
306 -2.596532 0.386457 -42.622237 0.690973 286.511079 3.386733
306 -1.877485 0.213229 43.257486 1.918536 373.535757 1.948640
306 -1.541649 0.104073 -25.981803 2.433713 390.376161 1.276967
306 -1.309844 0.188366 7.392325 3.583423 489.393922 0.813357
307 -1.028713 0.153180 -44.555686 0.022806 211.306556 0.251094
307 -1.250067 0.115358 -18.548878 1.520108 331.802877 0.693802
307 -2.305599 0.376959 -5.574208 1.745421 369.912198 2.804868
307 -1.416786 0.192225 20.593304 1.679833 365.154180 1.027242
307 -1.198179 0.192419 16.675214 2.549310 428.522073 0.590028
307 -1.773906 0.181494 -45.277700 1.483230 326.743228 1.741481
307 -1.916277 0.392225 -44.154905 0.794136 284.949015 2.026224
307 -1.217776 0.239217 -74.505699 0.893098 270.434713 0.629222
307 -1.743653 0.052519 -25.467605 3.746488 478.447083 1.680975
307 -2.414036 0.241030 56.010508 2.525193 407.059131 3.021742
308 -1.015189 0.179264 -67.915238 0.473897 241.146500 0.224048
308 -1.546366 0.072969 -32.390257 1.389615 321.774980 1.286402
308 -1.644425 0.394307 -22.351811 0.980883 277.856340 1.482519
308 -2.050460 0.338334 67.375800 2.332008 374.403286 2.294589
308 -2.351808 0.182811 -7.433352 2.660359 418.096967 2.897286
308 -1.456072 0.116124 9.595829 3.190483 450.570693 1.105814
308 -2.793760 0.296563 -65.887708 0.300272 234.739839 3.781190
308 -2.121602 0.294270 2.615965 1.616587 354.554773 2.436873
308 -2.743719 0.140335 -14.467233 3.803981 481.755191 3.681107
308 -2.278877 0.084252 30.463496 1.030503 295.740969 2.751424
309 -1.144356 0.182874 78.779255 0.038727 211.610015 0.482382
309 -2.338007 0.202680 -45.623953 0.659325 270.245996 2.869682
309 -1.427315 0.306222 -18.877492 0.371991 236.551815 1.048298
309 -1.353458 0.346711 -64.137339 1.088884 280.897541 0.900586
309 -2.948749 0.200600 -68.897996 0.793645 271.437766 4.091168
309 -1.787377 0.309084 -47.153085 3.604959 440.949966 1.768424
309 -1.483443 0.201506 67.758602 1.599390 332.783468 1.160556
309 -1.680692 0.226739 50.255396 1.403529 342.451934 1.555054
309 -1.587798 0.129613 -17.406773 2.264301 389.259664 1.369266
309 -1.433975 0.074139 41.990689 1.164978 307.917982 1.061619
310 -1.213669 0.179818 75.865855 0.077152 213.741061 0.621007
310 -1.919777 0.382698 71.566670 1.808214 350.445625 2.033223
310 -1.374639 0.307062 -20.223592 0.389200 237.721302 0.942946
310 -1.601776 0.246222 55.368096 1.440523 324.171761 1.397222
310 -1.549730 0.079116 67.540917 1.920376 356.634520 1.293130
310 -2.725764 0.356928 -48.560608 3.238932 430.003311 3.645198
310 -2.171301 0.167493 81.056880 1.935508 361.424273 2.536271
310 -2.659826 0.350224 -39.082192 1.236249 284.476488 3.513322
310 -1.438655 0.151833 -2.145859 1.922807 376.326326 1.070980
310 -1.085280 0.357572 70.027917 0.027448 220.603813 0.364229
311 -2.100912 0.063061 2.391275 2.263585 382.977665 2.395494
311 -1.292595 0.307328 -4.006307 1.181043 333.271733 0.778860
311 -1.544388 0.310358 -16.084467 0.478454 244.774023 1.282444
311 -0.985170 0.133454 -25.597857 0.475952 247.761499 0.164008
311 -1.924761 0.052398 62.274458 2.063996 372.404564 2.043191
311 -2.268031 0.374064 -39.565857 3.180427 422.898643 2.729730
311 -1.628548 0.176843 79.894562 2.043064 359.498524 1.450765
311 -1.597733 0.296385 69.499142 1.626625 335.225086 1.389136
311 -1.588883 0.119653 -12.401531 2.081723 372.102669 1.371436
311 -1.277728 0.343269 76.049019 0.039018 221.576710 0.749124
312 -0.932152 0.096811 16.831258 2.490686 405.783713 0.057974
312 -1.543537 0.243230 -12.557962 0.991120 287.896178 1.280743
312 -1.245631 0.178002 -71.071389 4.276094 486.893637 0.684930
312 -0.947102 0.124692 -45.100999 0.028399 214.362866 0.087872
312 -3.261884 0.167894 -66.150304 0.449929 246.894431 4.717438
312 -1.145252 0.281854 18.668208 1.769027 366.756506 0.484174
312 -2.045393 0.222021 -24.789206 2.656143 400.673067 2.284455
312 -1.747422 0.163437 66.154485 1.800417 338.192773 1.688512
312 -1.821852 0.179850 -38.915257 2.498552 395.684253 1.837373
312 -1.962565 0.363507 70.935213 0.131604 240.290881 2.118799
313 -1.793000 0.112947 -22.138913 2.963483 429.441718 1.779670
313 -2.909551 0.378789 -82.835210 0.842806 279.070432 4.012770
313 -0.931472 0.199875 -69.257765 4.278567 482.755402 0.056613
313 -1.123324 0.073204 -72.447752 0.522322 248.232924 0.440317
313 -1.229133 0.231237 -29.446479 0.469862 255.770962 0.651934
313 -1.866361 0.289917 -84.695011 1.019387 278.682924 1.926391
313 -2.718964 0.280093 -87.241971 2.750342 403.264519 3.631598
313 -2.019185 0.102751 -75.596031 2.302980 371.980467 2.232038
313 -1.982748 0.297703 40.563831 1.347155 325.405512 2.159166
313 -1.697895 0.342185 61.919064 1.120402 286.376278 1.589460
314 -3.211029 0.245730 -84.795104 2.610327 399.499751 4.615727
314 -1.795560 0.346557 69.688194 0.528034 270.883310 1.784788
314 -0.954262 0.187438 -65.860144 4.380352 488.434630 0.102193
314 -1.570435 0.065265 33.641691 3.712225 483.153752 1.334538
314 -1.440159 0.230172 -52.436568 0.645631 257.622573 1.073987
314 -1.871750 0.311217 67.054633 1.732091 325.368097 1.937169
314 -1.576609 0.368967 -42.274369 2.641483 376.897275 1.346886
314 -1.257012 0.153212 -27.809256 1.349688 318.795871 0.707693
314 -3.171792 0.263497 3.859275 2.121352 379.340038 4.537253
314 -1.512575 0.340903 65.792586 1.102978 285.718411 1.218818
315 -1.173800 0.049378 -17.243708 1.017144 289.380662 0.541269
315 -1.482485 0.321413 47.397643 0.751887 276.384365 1.158640
315 -1.005980 0.269366 20.397379 2.176846 400.499157 0.205629
315 -1.774314 0.085062 33.800829 3.420072 462.410096 1.742298
315 -0.962233 0.212960 -45.650218 0.406774 235.601954 0.118135
315 -1.137971 0.134667 26.318115 2.870435 434.493985 0.469611
315 -1.243186 0.023528 -38.810540 2.860581 419.514181 0.680042
315 -1.064807 0.134914 -43.844938 1.074127 287.506603 0.323283
315 -3.496812 0.346086 -21.118916 2.260875 430.924085 5.187292
315 -0.957184 0.303651 -76.039478 0.452079 233.394496 0.108038
316 -1.000285 0.172092 -14.626099 0.442286 249.346402 0.194239
316 -1.177225 0.338890 64.189228 0.733774 273.669625 0.548120
316 -1.419379 0.399892 -88.124290 0.361852 226.158034 1.032427
316 -0.984154 0.195248 17.169489 1.798144 363.609928 0.161976
316 -1.180671 0.113292 -24.215445 1.178379 306.349139 0.555012
316 -1.485221 0.152984 9.597202 3.435231 480.404458 1.164111
316 -2.490306 0.391922 -40.221980 2.716874 403.400355 3.174281
316 -1.677544 0.389014 44.275975 0.108596 226.224948 1.548757
316 -1.296100 0.363884 -16.654124 0.200068 228.425627 0.785870
316 -1.934694 0.170085 35.579396 1.433370 330.809173 2.063056
317 -1.137497 0.259770 52.616035 0.132876 227.868906 0.468662
317 -1.725586 0.217276 61.007325 1.670647 352.371462 1.644841
317 -1.326756 0.098079 -47.859748 0.775792 270.127647 0.847182
317 -1.801953 0.176862 39.046925 1.312861 320.014012 1.797575
317 -1.398211 0.156566 -34.861961 1.865014 344.263678 0.990090
317 -1.546329 0.169662 -34.941683 2.345955 376.219664 1.286328
317 -2.189113 0.375359 -35.412991 2.557235 392.341329 2.571894
317 -2.787331 0.265493 89.188843 3.325141 438.303993 3.768332
317 -2.765962 0.316418 72.495949 2.013497 379.108867 3.725594
317 -1.011744 0.147530 20.466330 3.136315 458.856955 0.217157
318 -2.075091 0.336689 -44.576798 2.509606 387.822461 2.343851
318 -1.218075 0.290119 52.583533 0.641898 268.319896 0.629820
318 -0.908966 0.195606 18.980552 2.359912 408.086011 0.011600
318 -1.247152 0.265135 58.679228 0.852413 280.969241 0.687973
318 -1.180481 0.381854 -32.654602 0.455776 257.673215 0.554632
318 -1.153070 0.383615 -40.328216 0.959181 274.248925 0.499808
318 -1.555655 0.299885 -13.534456 1.076118 296.172957 1.304978
318 -2.291816 0.235501 79.342025 3.886266 467.970221 2.777300
318 -1.015806 0.327853 20.572305 0.981270 310.119985 0.225281
318 -2.617109 0.145461 -15.733788 3.748091 472.196415 3.427887
319 -1.878492 0.318337 -7.226936 1.378856 325.232145 1.950653
319 -1.061150 0.294377 49.302418 0.093843 229.902492 0.315969
319 -0.957053 0.213345 14.492232 2.994397 455.250595 0.107775
319 -1.595125 0.231672 80.459442 1.062142 294.013874 1.383920
319 -1.751838 0.395250 -66.405289 0.585584 249.298824 1.697346
319 -1.564354 0.398137 -22.068555 0.265833 224.695035 1.322377
319 -1.183485 0.295153 -7.431533 1.035038 313.888020 0.560638
319 -1.079483 0.276851 -64.633260 3.026862 406.573097 0.352636
319 -1.058017 0.348335 18.665989 1.151324 337.620436 0.309704
319 -2.595125 0.149927 -18.003432 3.066477 450.128858 3.383919
320 -1.298611 0.246088 44.886923 0.875049 291.631758 0.790892
320 -1.343793 0.302970 50.354424 0.098633 223.753811 0.881256
320 -1.096332 0.208793 18.837376 2.568953 420.802733 0.386333
320 -1.460742 0.214242 80.647767 1.150603 296.907513 1.115153
320 -1.807037 0.378065 -54.375482 0.019163 217.867113 1.807743
320 -1.246965 0.394683 -25.878805 0.489247 244.088572 0.687600
320 -1.493946 0.316210 16.531113 1.154301 315.418199 1.181561
320 -1.116078 0.314779 45.941416 0.613832 278.839380 0.425826
320 -1.466334 0.358271 1.241327 1.006176 320.674853 1.126337
320 -1.792032 0.222463 -52.454192 3.366622 434.919771 1.777732
321 -1.536164 0.199929 5.064982 2.687112 427.839852 1.265997
321 -1.234288 0.231997 67.014660 0.324780 243.294279 0.662245
321 -1.809311 0.189804 23.481711 2.566643 434.269149 1.812290
321 -1.977955 0.380612 72.555634 0.422476 264.314000 2.149580
321 -1.600394 0.382025 -31.497948 1.026750 309.512207 1.394458
321 -0.943458 0.197115 21.998143 1.910383 376.023436 0.080585
321 -1.574138 0.321588 52.158272 1.138417 304.240305 1.341946
321 -1.236876 0.381481 -76.447923 0.371299 230.525269 0.667420
321 -2.066071 0.297346 59.473029 1.618521 321.567346 2.325810
321 -2.408240 0.220979 -41.493441 3.527965 454.651594 3.010150
322 -2.346253 0.194750 -1.148982 2.559943 428.474640 2.886174
322 -1.665024 0.193777 50.244591 0.156166 223.417162 1.523717
322 -2.358047 0.212042 2.978190 2.031248 376.751850 2.909763
322 -0.910928 0.369454 17.194988 1.097126 327.776605 0.015526
322 -1.786293 0.121959 -26.464092 2.260310 389.741854 1.766256
322 -1.179577 0.192043 19.556690 1.902394 368.091097 0.552823
322 -1.281044 0.361206 69.198264 0.800859 264.664608 0.755757
322 -1.080203 0.380820 -84.228127 1.253581 282.701271 0.354074
322 -3.110709 0.360879 46.989200 1.902772 401.793763 4.415087
322 -1.655490 0.263453 -44.753657 3.021441 411.608715 1.504648
323 -3.449495 0.308504 -12.656526 4.446149 491.317301 5.092660
323 -1.105222 0.196411 54.427854 0.016766 219.204615 0.404114
323 -3.445862 0.142792 -32.853442 2.192259 394.197213 5.085393
323 -1.038698 0.268224 -79.402457 3.183920 414.969008 0.271066
323 -1.693452 0.237523 43.346429 1.557974 346.244655 1.580573
323 -1.123378 0.197021 12.789057 2.526194 425.343988 0.440425
323 -1.296605 0.364743 73.276282 0.768395 275.633368 0.786879
323 -0.908155 0.392278 -71.896063 0.851326 256.137000 0.009978
323 -1.370440 0.355133 -18.786061 0.008626 212.542312 0.934549
323 -2.279934 0.266352 -27.286995 3.104110 415.058594 2.753536
324 -1.620186 0.324935 -74.095244 3.739870 445.497615 1.434041
324 -1.477257 0.196737 51.787410 0.234937 229.881444 1.148183
324 -2.754153 0.320328 -64.628268 0.696519 262.663956 3.701975
324 -1.817357 0.286109 77.282784 3.403116 427.201315 1.828384
324 -2.128715 0.398565 89.670873 1.856175 342.021262 2.451100
324 -1.212135 0.141338 10.037110 2.843107 432.515485 0.617939
324 -1.536818 0.346946 42.110308 0.663886 274.381454 1.267306
324 -1.228720 0.282493 -13.114166 0.296191 250.632568 0.651110
324 -1.384495 0.362293 -21.631199 0.452390 241.476257 0.962658
324 -1.709057 0.251318 -36.514935 2.637633 390.806114 1.611783
325 -1.666474 0.327666 79.808633 1.475978 322.354903 1.526618
325 -1.096156 0.192380 57.941734 0.265932 236.007870 0.385981
325 -1.264332 0.288983 -44.503438 1.435440 309.444759 0.722333
325 -1.936625 0.314163 76.724438 3.597788 438.725705 2.066920
325 -2.053936 0.056488 -44.409768 3.269442 447.690965 2.301542
325 -2.007200 0.172006 58.872318 1.698606 331.395696 2.208069
325 -1.824437 0.353742 -5.628437 0.751490 272.724386 1.842544
325 -1.015277 0.333015 -23.337668 0.492210 259.103999 0.224223
325 -1.398148 0.226662 25.572685 1.119742 309.963093 0.989965
325 -3.057012 0.173861 41.094090 3.066943 437.073484 4.307693
326 -1.117950 0.153186 28.680958 0.921646 295.216427 0.429570
326 -1.395093 0.375832 63.254966 0.751947 262.726375 0.983855
326 -1.259305 0.257184 -58.197624 1.373714 301.293649 0.712280
326 -2.527796 0.294810 71.803216 4.455796 491.840663 3.249261
326 -1.905303 0.159538 -56.364272 2.404724 382.677039 2.004275
326 -1.507274 0.167724 77.228992 2.023503 353.061114 1.208218
326 -1.890358 0.284037 11.292055 0.700455 282.706418 1.974385
326 -1.116196 0.366510 -28.655171 0.617373 256.495415 0.426061
326 -1.384892 0.230007 -12.246813 0.992283 291.149925 0.963453
326 -1.267011 0.227152 49.146709 0.486113 254.059160 0.727691
327 -2.883344 0.380389 86.091925 2.963996 414.627571 3.960357
327 -1.161079 0.397630 68.718586 0.630567 258.140715 0.515827
327 -3.218229 0.315523 -66.980004 1.409919 314.075942 4.630126
327 -2.476694 0.222810 -26.300561 4.425170 491.264060 3.147057
327 -1.606348 0.117739 -33.670407 2.698122 408.372036 1.406365
327 -1.267406 0.232915 -17.116588 0.924085 298.530591 0.728481
327 -1.627098 0.290191 17.846854 1.066830 305.508045 1.447866
327 -1.245077 0.392927 -12.826358 0.446919 253.558750 0.683824
327 -1.800731 0.024435 43.355383 3.260721 449.619874 1.795130
327 -1.359081 0.114163 64.213219 1.201227 305.368226 0.911832
328 -1.037408 0.398068 -78.517911 3.089051 396.051654 0.268485
328 -1.124517 0.284272 -40.226405 0.915537 276.315026 0.442704
328 -1.407719 0.102573 -73.524776 1.041350 287.535534 1.009107
328 -3.716406 0.222305 29.649475 2.636271 451.630869 5.626482
328 -1.787977 0.092785 -32.392887 3.209183 434.040104 1.769623
328 -1.655868 0.366501 -40.297516 0.790013 283.867365 1.505406
328 -1.347018 0.227622 72.852926 0.461897 251.850515 0.887705
328 -1.405966 0.390427 -25.062277 0.436851 267.361353 1.005601
328 -1.786240 0.317945 32.632847 2.388097 430.195484 1.766148
328 -1.292940 0.115119 54.131391 0.790198 278.586144 0.779550
329 -2.855386 0.368122 81.679818 3.228313 430.412380 3.904440
329 -3.087060 0.229558 59.871171 3.461617 488.483083 4.367790
329 -1.951270 0.389060 86.016003 0.829792 280.552200 2.096209
329 -3.711678 0.324408 -21.358925 2.000282 411.713907 5.617026
329 -1.470314 0.068449 -13.524938 2.558067 406.141737 1.134298
329 -1.185718 0.265483 -34.925285 1.078818 286.969475 0.565105
329 -1.679379 0.235384 76.846543 0.616031 265.540138 1.552428
329 -1.058997 0.375220 -21.694562 0.631911 271.801866 0.311663
329 -0.946357 0.338995 19.298572 2.019489 404.601724 0.086383
329 -1.526308 0.093719 68.481849 1.636870 337.987797 1.246285
330 -1.801154 0.329062 81.199667 2.820804 395.850941 1.795976
330 -1.216652 0.133157 15.157435 0.085861 225.475134 0.626973
330 -1.431700 0.368010 -75.220883 0.774720 260.144679 1.057068
330 -1.551032 0.375747 47.521156 1.219355 328.857687 1.295733
330 -1.938846 0.105020 -15.782335 2.862484 433.554136 2.071361
330 -1.163838 0.239709 -28.177607 0.572732 263.626450 0.521345
330 -1.063840 0.291586 -19.491687 0.005295 224.497515 0.321348
330 -1.492380 0.226628 23.276606 1.941984 371.457965 1.178430
330 -1.163444 0.391426 16.027348 2.641249 453.215526 0.520556
330 -1.484971 0.094297 60.875368 1.498699 325.727719 1.163611
331 -2.263036 0.194854 76.389291 3.672123 461.303948 2.719742
331 -1.384261 0.089433 49.430605 1.191219 308.527711 0.962191
331 -1.573778 0.342986 -29.270543 1.433245 309.038151 1.341225
331 -1.075045 0.125693 16.374266 2.478562 413.166881 0.343759
331 -2.398882 0.291783 33.922762 1.330926 322.570318 2.991433
331 -1.120324 0.263336 -30.174495 0.729881 273.149911 0.434316
331 -1.455945 0.231415 -83.106534 4.223287 477.356807 1.105560
331 -1.905284 0.367535 36.440413 1.853461 384.554145 2.004237
331 -3.410175 0.383870 21.702581 0.738518 279.444060 5.014018
331 -1.550165 0.299973 77.282454 1.835370 329.906284 1.294000
332 -1.523503 0.354620 -53.629224 0.520885 248.284458 1.240674
332 -2.587610 0.084657 68.167322 1.174000 309.176754 3.368890
332 -2.027243 0.346048 -57.940596 1.142326 286.717581 2.248155
332 -0.930854 0.145945 20.906613 1.855577 366.735828 0.055378
332 -1.892689 0.205508 -41.705020 2.609341 400.091015 1.979046
332 -1.031116 0.330910 -24.581956 0.505764 254.120639 0.255901
332 -1.584595 0.169888 -24.839433 1.826940 360.134848 1.362859
332 -1.912753 0.337873 81.440151 2.249488 368.447448 2.019176
332 -1.684016 0.204579 -42.144205 2.687768 399.821777 1.561701
332 -1.423627 0.394363 -47.849448 1.646463 320.672800 1.040923
333 -1.510675 0.189748 -32.195885 1.821615 352.604427 1.215020
333 -1.487173 0.100053 72.346368 1.158458 301.725399 1.168016
333 -1.408554 0.293622 -15.715342 0.899312 304.248770 1.010777
333 -1.512756 0.394271 57.116713 0.982875 316.076258 1.219181
333 -1.395478 0.182323 -26.730177 1.274172 302.951608 0.984625
333 -1.547536 0.294553 -11.332165 0.303955 234.898718 1.288742
333 -1.307559 0.122038 -83.500851 4.105251 480.157797 0.808786
333 -0.934384 0.098976 -6.503283 0.582415 260.713464 0.062438
333 -1.803207 0.398196 20.735408 1.768816 407.424754 1.800082
333 -1.803404 0.028391 -5.577101 2.664799 408.534312 1.800477
334 -1.240762 0.340279 -17.864662 1.017164 308.823638 0.675193
334 -1.569823 0.070621 57.570955 1.131867 297.381609 1.333315
334 -1.936197 0.307759 -43.212226 1.479568 330.529598 2.066064
334 -2.360657 0.333336 75.082297 1.903811 364.698269 2.914982
334 -1.152788 0.309919 -17.155425 0.746130 275.672923 0.499246
334 -1.067742 0.379291 19.675650 0.936103 322.083674 0.329154
334 -2.135258 0.137096 69.993145 4.330667 492.796464 2.464186
334 -0.934644 0.093965 -6.429747 0.573417 259.602992 0.062958
334 -0.918804 0.382650 16.761207 2.229726 424.967521 0.031277
334 -2.197716 0.314317 30.592108 1.109976 314.640725 2.589101
335 -2.047157 0.356211 -28.510219 1.992362 368.837366 2.287984
335 -1.025321 0.155103 -76.252872 0.348282 231.903319 0.244310
335 -1.938436 0.327367 -20.681556 1.539833 319.313791 2.070540
335 -1.003238 0.399452 16.447973 1.882831 395.106210 0.200145
335 -1.132496 0.373616 -30.928950 0.826427 276.962187 0.458660
335 -1.652179 0.399478 8.677874 1.273386 333.470561 1.498027
335 -2.219309 0.124565 68.123935 4.220948 495.731376 2.632287
335 -1.074710 0.153462 -16.510268 0.551347 255.425370 0.343090
335 -1.636893 0.144021 79.364764 2.231614 372.983418 1.467455
335 -0.996194 0.345242 25.210192 0.860081 306.300607 0.186057
336 -1.552879 0.378593 -43.875332 2.573512 374.617789 1.299427
336 -1.081743 0.156709 -77.975868 0.206469 222.307610 0.357155
336 -3.309187 0.358422 -10.093264 2.756104 399.630247 4.812043
336 -1.042045 0.377433 17.374274 1.511064 358.488019 0.277760
336 -1.336612 0.337861 -12.152476 1.161922 320.582190 0.866893
336 -1.642967 0.321058 33.949899 2.274994 414.244866 1.479603
336 -1.064470 0.355242 -16.326309 0.677096 279.466337 0.322608
336 -1.682301 0.214150 -26.040443 0.730735 281.502166 1.558270
336 -1.675169 0.132852 54.871406 2.100211 374.364308 1.544007
336 -4.264480 0.382601 -32.056145 2.050790 429.737660 6.722629
337 -2.866541 0.262978 -7.240094 2.401445 391.259668 3.926750
337 -1.043568 0.202615 -75.702452 0.349537 231.173693 0.280806
337 -2.388866 0.215079 31.289796 1.655588 349.591328 2.971402
337 -0.917928 0.396657 19.370967 0.579135 287.099688 0.029525
337 -1.700214 0.365271 -3.232812 1.317256 336.790978 1.594098
337 -1.219110 0.339803 18.139708 1.598296 378.452566 0.631889
337 -1.182126 0.285384 -10.557861 0.441884 251.827143 0.557921
337 -2.195070 0.365697 16.446110 1.832044 411.112809 2.583810
337 -0.995260 0.148343 17.640925 2.045257 377.637226 0.184189
337 -1.288246 0.315306 -18.882984 1.145887 314.865296 0.770162
338 -2.631403 0.302089 -10.861125 2.249099 385.268566 3.456475
338 -1.195803 0.186660 -64.640993 0.192848 222.421964 0.585276
338 -2.076240 0.185895 0.495523 1.967737 370.271726 2.346150
338 -1.243360 0.280557 39.077382 0.748000 287.901035 0.680390
338 -1.379771 0.242823 52.704217 0.749546 286.571733 0.953210
338 -1.526053 0.109491 61.089613 1.375028 314.135647 1.245774
338 -1.549537 0.300087 -30.672111 1.537790 336.261331 1.292742
338 -2.049620 0.262778 37.177187 1.667488 357.060227 2.292909
338 -2.224777 0.236311 38.316232 1.848718 363.866854 2.643223
338 -1.104053 0.382121 -30.481849 0.479255 243.729558 0.401775
339 -2.085682 0.190713 -23.979794 2.725729 416.090204 2.365034
339 -1.304544 0.116690 -84.218583 1.431677 313.016041 0.802758
339 -2.529067 0.313689 40.725117 1.164590 297.729538 3.251804
339 -1.525971 0.279849 48.497618 1.225671 316.773143 1.245611
339 -1.413156 0.319421 43.713217 0.621283 270.301788 1.019982
339 -1.197982 0.218199 7.465284 1.740871 364.385239 0.589633
339 -0.988822 0.377156 12.922049 1.482002 361.169234 0.171313
339 -1.402920 0.195929 47.059841 1.193272 313.467466 0.999510
339 -1.287979 0.316890 -2.521611 1.086444 319.624074 0.769626
339 -0.966066 0.390975 -66.852718 0.525996 237.247060 0.125800
340 -1.153755 0.200507 27.470255 1.904800 379.202986 0.501180
340 -2.466371 0.198779 27.549730 0.850053 285.350111 3.126411
340 -1.356455 0.387986 53.254186 1.018786 311.513763 0.906579
340 -1.467687 0.343966 -18.713302 0.871546 276.247301 1.129044
340 -1.532943 0.312439 72.144310 1.595004 326.476629 1.259555
340 -1.767547 0.296193 33.905661 1.779881 368.464640 1.728764
340 -2.109132 0.217995 44.612348 2.058857 394.793377 2.411933
340 -2.012744 0.171987 38.618187 1.544957 335.478815 2.219156
340 -2.091137 0.230270 40.989713 1.645804 343.905635 2.375943
340 -1.411354 0.273240 69.374650 1.330580 307.098729 1.016378
341 -2.592658 0.369416 -76.233300 1.328675 305.189209 3.378984
341 -1.105728 0.308249 15.706885 0.877088 298.027643 0.405125
341 -1.098544 0.381194 26.668023 1.357505 351.332819 0.390757
341 -1.484744 0.175781 66.542222 0.750125 261.469022 1.163157
341 -1.502234 0.294963 73.483710 1.614748 325.139817 1.198136
341 -1.488719 0.225198 3.792893 1.950246 387.433810 1.171106
341 -1.641158 0.269879 30.399040 2.268141 417.939540 1.475984
341 -1.482936 0.283250 -26.768410 1.459163 333.448241 1.159541
341 -1.729671 0.190128 84.556301 1.169586 300.198222 1.653012
341 -1.409627 0.193044 -69.020163 1.509303 310.263646 1.012922
342 -2.895862 0.356741 88.468290 0.288490 247.304870 3.985393
342 -1.006880 0.306879 6.734177 0.787111 296.196226 0.207429
342 -1.397981 0.289327 9.565529 1.840082 372.553967 0.989631
342 -1.566665 0.162119 48.895923 1.719554 357.686663 1.326999
342 -0.993064 0.306334 -72.650930 0.754398 250.963726 0.179798
342 -1.401923 0.162813 -34.135116 1.196977 308.135652 0.997515
342 -1.511319 0.312331 -62.744998 4.223885 470.262994 1.216306
342 -0.935573 0.266059 -68.310577 2.365395 366.397339 0.064815
342 -2.157424 0.253964 -87.894040 1.375425 313.229891 2.508518
342 -1.758155 0.244253 86.919006 2.418933 377.228994 1.709979
343 -3.168883 0.298779 42.958646 2.433137 407.071070 4.531435
343 -1.497752 0.216211 -33.435767 1.844387 350.862732 1.189173
343 -1.134767 0.310805 15.344049 1.578555 354.826381 0.463203
343 -1.404715 0.159600 41.693513 1.432420 337.948762 1.003099
343 -1.068790 0.294159 -73.959162 0.825031 262.253696 0.331250
343 -1.810080 0.342135 55.844556 1.293375 341.116144 1.813829
343 -1.249446 0.321357 -76.800350 4.087020 456.938587 0.692562
343 -1.226937 0.274556 -84.486685 2.588708 376.541232 0.647543
343 -1.126005 0.326753 52.777179 0.377614 258.284123 0.445678
343 -2.294911 0.306152 67.111792 3.147745 412.394569 2.783492
344 -1.370300 0.362697 -39.129586 0.958943 266.207380 0.934268
344 -1.955975 0.308764 -33.673235 2.608151 392.627861 2.105619
344 -2.234909 0.277794 -57.245324 1.807752 342.099288 2.663486
344 -2.498730 0.184974 -3.625305 2.618872 414.821958 3.191130
344 -1.556106 0.176460 -14.568364 0.416109 240.959067 1.305882
344 -2.320734 0.329647 74.924710 2.727582 403.686614 2.835137
344 -1.462243 0.284637 65.104664 1.381994 318.702861 1.118155
344 -1.127302 0.362329 -59.687971 2.430403 362.712027 0.448274
344 -1.495615 0.344915 69.434329 0.149850 237.320771 1.184900
344 -1.853462 0.137235 16.397799 1.989980 366.168597 1.900593
345 -1.128801 0.250901 -40.915158 0.505352 250.324149 0.451272
345 -1.787826 0.281063 49.741123 1.413763 324.036941 1.769321
345 -2.115956 0.220313 82.830932 3.184792 429.999003 2.425582
345 -1.251687 0.138850 28.801156 3.299308 466.274633 0.697043
345 -2.849310 0.126241 32.187570 2.254771 381.328550 3.892289
345 -1.036764 0.095224 -68.334360 2.089268 362.416275 0.267197
345 -2.086626 0.100842 83.847955 0.864446 279.710126 2.366922
345 -1.045191 0.306710 -62.384265 3.507206 428.347551 0.284052
345 -1.414114 0.319316 47.026247 0.895488 292.265908 1.021898
345 -2.108290 0.376074 -40.094318 2.907483 406.610621 2.410248
346 -0.962330 0.192996 -47.136949 0.507108 243.202328 0.118329
346 -1.567828 0.390063 26.871034 1.706072 371.567674 1.329325
346 -1.771132 0.390156 35.823477 1.380360 367.893154 1.735933
346 -1.374234 0.119535 5.946194 3.798300 493.296534 0.942137
346 -1.466681 0.193891 74.133231 1.005621 291.879395 1.127031
346 -1.241499 0.113368 -81.541332 1.971157 349.666054 0.676666
346 -1.373250 0.135286 75.941219 0.425821 245.275440 0.940168
346 -1.071965 0.364340 -59.826988 3.785934 438.208773 0.337598
346 -1.342358 0.176890 -63.578676 1.467920 314.656812 0.878386
346 -1.283787 0.251515 -85.005264 2.400162 369.044109 0.761244
347 -1.970646 0.116023 76.713556 3.403076 450.814185 2.134961
347 -1.520583 0.358350 -58.426446 2.693822 381.405515 1.234836
347 -1.006962 0.341735 24.136624 1.147794 328.494306 0.207593
347 -2.003674 0.095737 -31.602511 4.145990 487.362482 2.201017
347 -1.372736 0.149815 -79.071288 1.659376 324.049876 0.939141
347 -0.998234 0.106614 -76.276757 1.966757 351.293378 0.190137
347 -1.598286 0.397955 -13.303677 1.344170 342.994189 1.390241
347 -2.111766 0.338029 -34.226637 4.163096 464.133913 2.417202
347 -2.422236 0.134290 -29.967100 2.668794 420.066034 3.038141
347 -2.297358 0.328472 56.860373 2.055763 378.887876 2.788384
348 -2.625430 0.229769 -87.676375 2.967739 418.123544 3.444529
348 -1.012855 0.353426 -79.305021 2.752046 381.036153 0.219378
348 -2.244864 0.305789 -22.080999 2.082728 385.425288 2.683396
348 -1.583994 0.326172 44.190338 0.329834 242.451220 1.361658
348 -1.031959 0.146480 -77.222528 1.464362 313.836519 0.257587
348 -0.903857 0.189844 -69.949638 2.120234 355.362775 0.001384
348 -1.468551 0.115458 -26.791894 0.771275 276.945635 1.130770
348 -1.142630 0.297955 -27.232505 0.312580 246.310475 0.478929
348 -1.547574 0.083573 -20.894897 2.582877 403.491258 1.288818
348 -1.883656 0.250652 80.580603 2.006056 359.763000 1.960981
349 -2.027811 0.281455 60.070688 1.937813 372.147912 2.249292
349 -1.874206 0.358865 65.872579 1.678246 348.897432 1.942081
349 -1.935218 0.348720 81.811616 2.212242 366.225280 2.064105
349 -1.579017 0.320479 55.100537 0.337589 233.819534 1.351703
349 -1.365660 0.360899 -80.983443 1.564843 311.041152 0.924990
349 -3.912104 0.340315 -26.735664 2.235003 434.256779 6.017877
349 -2.011216 0.312898 -53.800265 2.678153 392.026224 2.216101
349 -0.983173 0.284043 -48.739544 0.065077 210.156253 0.160016
349 -1.393302 0.078653 -6.588471 2.296062 392.739029 0.980274
349 -2.080347 0.270597 38.309906 2.232153 400.129729 2.354363
350 -1.652497 0.349625 55.735388 1.400810 328.485543 1.498664
350 -1.359905 0.287906 -47.567862 1.853377 335.997565 0.913478
350 -2.428696 0.360550 56.386703 1.260145 348.623756 3.051061
350 -4.334005 0.376744 57.116968 2.284778 456.715278 6.861679
350 -1.765500 0.292762 86.929381 1.867081 342.217570 1.724670
350 -1.986533 0.357955 -33.518482 2.824217 390.626800 2.166735
350 -1.778000 0.361839 -40.444823 1.394043 325.216824 1.749670
350 -1.352815 0.362762 -48.367956 0.635938 258.358139 0.899300
350 -1.403545 0.093675 -20.926840 2.082605 370.633644 1.000758
350 -1.205922 0.355502 -68.225649 1.397762 301.069038 0.605513
351 -1.638323 0.291554 -17.816481 0.894583 304.936773 1.470316
351 -1.167396 0.365413 43.491431 0.524223 271.228018 0.528461
351 -1.026932 0.254332 19.030036 1.152065 317.220952 0.247533
351 -1.297463 0.288129 -4.543639 1.011488 306.198588 0.788595
351 -2.472707 0.237546 55.201814 2.487257 409.936745 3.139084
351 -3.076732 0.370239 -34.047208 2.425370 403.418825 4.347133
351 -1.038172 0.336486 20.867354 2.111307 413.153892 0.270014
351 -1.214101 0.357804 -31.320041 0.365016 231.201160 0.621872
351 -2.725892 0.160046 -63.963437 1.623337 331.958479 3.645453
351 -1.036159 0.321513 -30.827727 0.557308 257.782398 0.265987
352 -0.987969 0.147941 -75.732179 1.120142 288.441821 0.169606
352 -1.047681 0.123918 -61.805213 3.354091 438.794334 0.289032
352 -1.360300 0.300102 40.978783 1.088641 319.574261 0.914268
352 -1.418305 0.203529 1.344282 0.054758 222.122727 1.030279
352 -1.584514 0.294362 44.578053 0.881546 287.246215 1.362698
352 -2.788474 0.363994 60.186547 3.715019 442.059460 3.770618
352 -3.208531 0.369425 -88.329025 1.940087 359.551544 4.610731
352 -1.583323 0.330239 83.637663 1.430419 313.416842 1.360315
352 -1.423125 0.210590 82.689228 1.033454 286.383998 1.039918
352 -1.358850 0.330144 -49.571947 0.912022 275.569211 0.911369
353 -1.323524 0.176392 51.829873 1.046563 298.292329 0.840717
353 -1.002874 0.165370 -65.417612 3.231618 428.227082 0.199417
353 -1.737784 0.192946 50.980011 1.890371 371.535231 1.669237
353 -2.138332 0.389599 49.163639 1.632819 369.939798 2.470333
353 -0.972651 0.242695 23.346661 1.463215 346.772374 0.138970
353 -2.326639 0.387920 69.617033 4.046806 457.438239 2.846947
353 -1.434893 0.199490 2.128099 0.886909 289.832983 1.063455
353 -1.382123 0.273778 74.738855 1.049616 277.609003 0.957914
353 -1.352503 0.254703 73.095110 1.203697 301.740965 0.898675
353 -1.121138 0.336150 -26.283197 0.278640 245.614061 0.435945
354 -3.124950 0.188187 55.832387 3.610689 471.740691 4.443569
354 -1.283198 0.130330 -67.264896 3.295458 433.049514 0.760066
354 -1.463799 0.349631 65.824999 0.203315 243.534549 1.121268
354 -2.486839 0.398390 48.718223 1.824219 377.995434 3.167348
354 -1.143211 0.149099 -5.803876 0.307875 238.927912 0.480090
354 -1.549248 0.222216 30.357528 2.819488 447.952406 1.292166
354 -1.414785 0.193161 1.268032 0.947287 294.345535 1.023239
354 -1.358443 0.291654 26.013824 1.119408 315.012804 0.910556
354 -1.892901 0.088109 47.926031 2.905537 429.609328 1.979471
354 -1.199028 0.394442 -49.830169 1.260279 288.810955 0.591725
355 -2.895294 0.251395 51.077061 2.871004 422.731634 3.984257
355 -1.404765 0.125305 -66.942255 3.338046 440.544411 1.003199
355 -1.471181 0.388646 66.114498 1.111934 310.208375 1.136032
355 -3.241360 0.365998 3.025021 2.877320 480.078642 4.676390
355 -1.089260 0.139439 -18.089697 0.311329 235.904126 0.372188
355 -3.188510 0.186730 43.217446 3.219440 444.726610 4.570690
355 -0.917247 0.234030 17.903128 1.218254 323.653423 0.028163
355 -1.648173 0.275475 -83.379295 2.215287 359.110061 1.490014
355 -1.609790 0.083415 74.849412 1.538395 329.616392 1.413250
355 -1.196513 0.350621 -43.604669 1.098788 277.460836 0.586694
356 -1.150652 0.220871 28.159900 1.694120 364.405819 0.494974
356 -0.909353 0.138594 -71.422696 3.127602 424.163391 0.012375
356 -2.166152 0.355294 -86.092174 2.277180 364.299662 2.525974
356 -2.623788 0.313861 16.170529 2.802340 469.920195 3.441245
356 -1.285507 0.117628 -26.241901 0.292847 238.934493 0.764683
356 -3.030356 0.170215 47.546115 3.498985 454.343202 4.254381
356 -0.933033 0.234137 20.361311 1.354262 337.456451 0.059735
356 -1.552638 0.215688 62.847561 1.661370 339.946988 1.298944
356 -1.720096 0.087311 60.297196 2.616248 408.242024 1.633862
356 -1.209977 0.317764 -37.436908 0.364750 228.733413 0.613623
357 -1.081157 0.216787 27.049316 1.407382 340.896012 0.355983
357 -0.957759 0.104703 -63.159303 1.368015 309.401013 0.109188
357 -1.375923 0.290766 15.849463 1.415440 357.044529 0.945515
357 -1.696082 0.088581 45.531750 2.281767 389.636040 1.585833
357 -1.591335 0.269039 32.679294 1.674217 375.919189 1.376338
357 -2.547266 0.145749 48.362832 2.865883 441.719857 3.288202
357 -1.330521 0.175362 70.927846 0.994330 280.574450 0.854711
357 -3.903850 0.328476 38.702525 2.643757 413.821324 6.001370
357 -0.916045 0.137802 -65.041447 0.824309 267.236192 0.025759
357 -2.608391 0.162873 -18.395163 3.081239 449.276577 3.410452
358 -2.218275 0.171662 47.118021 2.379013 411.941150 2.630220
358 -1.322607 0.110423 -34.488539 1.824507 344.396870 0.838884
358 -1.276162 0.265974 51.040753 0.942485 295.709367 0.745994
358 -2.201915 0.273211 -61.339399 1.855619 340.839865 2.597499
358 -4.094373 0.296218 -2.680256 4.249480 485.545508 6.382416
358 -0.941845 0.299871 -12.272115 0.224782 241.683066 0.077359
358 -1.230861 0.284327 -35.120831 1.196462 300.013033 0.655391
358 -2.685942 0.290768 83.206400 2.313722 385.535220 3.565554
358 -1.631999 0.378157 -79.397863 2.418135 366.379783 1.457667
358 -1.204224 0.292689 64.279207 0.712353 265.286693 0.602116
359 -3.420098 0.322284 51.726910 4.096921 475.079944 5.033866
359 -2.117617 0.163228 -31.842534 4.088767 477.270764 2.428902
359 -1.988989 0.299414 67.866799 0.645487 280.362828 2.171647
359 -2.103102 0.349530 -33.256772 3.453579 430.030378 2.399873
359 -4.090135 0.294976 -3.545065 4.321196 490.601160 6.373939
359 -1.086350 0.298162 -11.828207 0.710644 278.960976 0.366370
359 -1.818034 0.385871 -13.549950 1.535508 355.297354 1.829736
359 -2.112018 0.149042 39.049204 0.947537 285.263176 2.417705
359 -1.417912 0.166037 53.553957 0.072543 218.613742 1.029494
359 -1.483969 0.140001 40.672966 0.437248 250.010676 1.161607
360 -1.262360 0.379419 -20.829935 0.562907 254.345149 0.718388
360 -3.740440 0.159350 -28.046567 3.342467 477.355004 5.674550
360 -2.201848 0.371578 -1.855152 1.788889 380.976040 2.597365
360 -1.902031 0.275025 -38.291711 2.632613 396.790923 1.997732
360 -4.150959 0.301204 -1.720185 4.278882 481.414814 6.495587
360 -1.712830 0.089318 57.185632 1.570671 339.749176 1.619330
360 -1.236843 0.342156 23.774501 0.926002 303.900236 0.667354
360 -1.235549 0.130588 20.408039 1.914026 364.300321 0.664767
360 -1.242769 0.161301 46.207253 0.454304 252.036397 0.679208
360 -1.297287 0.143529 40.908631 0.425701 250.970313 0.788242
361 -2.376106 0.334953 -39.192379 1.481883 301.415837 2.945881
361 -1.936159 0.198730 -29.027109 2.779550 411.438161 2.065986
361 -2.110283 0.370195 2.582557 1.737094 369.089653 2.414235
361 -4.896008 0.153132 -35.527512 2.859573 460.188074 7.985686
361 -1.447818 0.197062 70.735047 1.570865 327.019212 1.089305
361 -0.993274 0.223619 23.406680 0.759050 285.195640 0.180217
361 -1.242518 0.399780 -82.887385 0.747063 252.260845 0.678705
361 -1.304407 0.110584 32.102886 1.761747 357.501574 0.802483
361 -1.106043 0.220308 29.853595 0.440166 259.578760 0.405755
361 -1.449081 0.179305 44.802841 0.412923 247.010196 1.091831
362 -0.930245 0.328180 -72.265552 1.368500 296.294885 0.054159
362 -2.581831 0.349501 -31.894490 3.208815 431.253516 3.357330
362 -1.475242 0.277313 5.817527 2.662557 441.368784 1.144154
362 -1.925043 0.102990 -47.130284 1.552233 331.886557 2.043755
362 -3.232637 0.109318 -84.813969 1.708278 343.815344 4.658942
362 -1.683692 0.231828 21.363288 0.473278 267.141510 1.561054
362 -1.639490 0.359376 -61.861127 0.751821 258.927255 1.472649
362 -1.268210 0.115113 28.527056 1.935382 372.655167 0.730089
362 -2.205381 0.244447 12.421364 0.752169 281.828343 2.604431
362 -2.235061 0.187787 -53.661541 2.599324 398.107867 2.663790
363 -1.497266 0.348094 84.608220 0.954376 280.584851 1.188201
363 -2.262542 0.362111 -42.817051 2.960149 412.539294 2.718753
363 -1.206789 0.282475 6.171530 1.456020 351.260908 0.607247
363 -2.212967 0.256937 81.336608 1.313686 320.242424 2.619603
363 -1.334045 0.180126 64.411035 0.449176 241.536748 0.861759
363 -0.925975 0.259667 13.348216 1.037868 313.735136 0.045619
363 -3.078824 0.292906 -56.360118 0.654241 258.081812 4.351317
363 -2.184197 0.169984 41.213048 3.093556 451.111175 2.562063
363 -2.390618 0.140358 17.369602 3.597953 494.957690 2.974904
363 -1.511827 0.229247 -33.432877 1.687694 342.957858 1.217323
364 -1.385515 0.361089 -71.355622 1.040210 278.586321 0.964700
364 -2.303873 0.337669 -20.467659 2.104938 382.870402 2.801416
364 -1.813770 0.235029 -9.410826 1.429603 348.243804 1.821209
364 -2.533592 0.214595 -56.607452 1.643322 336.468582 3.260854
364 -1.201817 0.350517 -71.769018 1.737041 323.905641 0.597303
364 -1.657068 0.361157 -49.232922 1.460131 316.905845 1.507804
364 -1.233325 0.251058 60.630928 0.280083 231.812071 0.660318
364 -2.013677 0.202846 54.621070 1.763579 367.865744 2.221024
364 -2.494672 0.333904 76.259154 3.578973 446.852631 3.183014
364 -2.621310 0.273779 -86.075863 1.943769 353.892894 3.436289
365 -1.481213 0.298988 -11.942275 1.410186 337.729827 1.156096
365 -2.327065 0.345108 -22.150780 2.336364 382.340660 2.847800
365 -1.878887 0.251857 10.958708 2.219509 394.647263 1.951443
365 -2.073896 0.264281 -31.139502 2.921891 402.751729 2.341461
365 -1.733245 0.367477 -36.543246 0.868592 294.858705 1.660159
365 -1.361271 0.285254 62.701645 0.400853 236.733042 0.916211
365 -0.913574 0.241556 -68.324798 1.021838 274.779762 0.020817
365 -1.507577 0.246882 60.900813 1.304107 308.544424 1.208824
365 -2.110676 0.349008 72.819277 3.285562 422.355946 2.415021
365 -1.586928 0.278319 77.860908 1.758291 337.956413 1.367525
366 -1.220650 0.316032 -8.539133 1.030386 311.650296 0.634970
366 -3.167344 0.336981 -18.150497 3.172635 435.557002 4.528357
366 -0.976808 0.282968 -33.519988 0.363054 238.514066 0.147285
366 -1.300253 0.352432 57.449730 0.940422 293.367379 0.794175
366 -1.555028 0.360105 -18.879776 1.405913 334.300056 1.303725
366 -0.928560 0.294736 -68.535404 0.129059 213.760342 0.050790
366 -1.766475 0.317674 -7.847984 0.257459 231.650133 1.726618
366 -1.477212 0.344039 -12.568434 0.054666 217.935887 1.148093
366 -0.999738 0.346642 -67.277550 3.036972 401.009576 0.193146
366 -2.058726 0.293802 77.144773 0.872895 291.649193 2.311121
367 -2.325581 0.370556 -0.035928 1.398366 331.856941 2.844831
367 -2.186704 0.298155 39.379081 3.040139 467.486696 2.567076
367 -2.234728 0.294396 -54.922616 0.288913 238.327832 2.663126
367 -1.545009 0.374108 53.253251 1.098086 303.733076 1.283687
367 -1.306095 0.234674 -44.223752 1.658699 327.165794 0.805858
367 -0.985301 0.174601 -37.630803 0.462323 245.546496 0.164271
367 -2.298699 0.366345 -25.946401 1.959955 336.340297 2.791067
367 -2.999533 0.308488 -52.205838 4.556380 498.112774 4.192734
367 -1.048212 0.358450 -60.825945 3.060320 399.561215 0.290094
367 -1.361957 0.275987 54.471854 1.031088 297.314878 0.917584
368 -2.144586 0.369563 75.544565 4.291400 471.387321 2.482840
368 -1.224061 0.315377 27.601953 3.290279 488.080849 0.641792
368 -1.231257 0.316625 73.228978 0.913268 276.241908 0.656183
368 -0.983103 0.359607 23.495283 1.408857 356.933134 0.159875
368 -1.279849 0.228989 -40.346491 1.560268 321.168173 0.753368
368 -0.937895 0.182444 -24.919149 0.236118 231.828121 0.069458
368 -1.130642 0.369648 -69.309237 4.171091 456.559675 0.454953
368 -1.883117 0.261964 -37.086303 3.716441 448.567770 1.959903
368 -2.679253 0.210172 -21.519829 3.869856 472.056342 3.552175
368 -1.154211 0.203330 75.927015 0.296859 233.570974 0.502092
369 -1.971248 0.320581 86.116801 4.067885 463.833309 2.136165
369 -1.047369 0.299982 19.679578 3.226399 480.885671 0.288408
369 -1.093280 0.328719 68.892775 0.096246 225.615780 0.380229
369 -0.903787 0.370654 17.712155 1.334756 350.295436 0.001244
369 -1.556960 0.205950 -75.481934 1.465022 314.782661 1.307588
369 -1.750693 0.197296 -28.934061 0.191391 236.207773 1.695055
369 -1.921278 0.345656 18.222910 1.445847 373.918942 2.036226
369 -1.774604 0.266063 -41.167265 3.922718 459.569140 1.742877
369 -3.153837 0.124918 -33.128409 4.030863 498.160367 4.501344
369 -1.198563 0.183669 80.522491 0.388065 238.101344 0.590795
370 -1.002968 0.374966 -78.417771 3.510849 423.531260 0.199606
370 -1.630851 0.218857 -37.060304 1.689243 343.982230 1.455370
370 -1.643015 0.382516 -24.519592 1.459039 338.593232 1.479699
370 -1.527018 0.376760 19.366249 1.118534 344.433203 1.247706
370 -1.440216 0.265969 -8.373856 0.969702 292.979255 1.074102
370 -2.323524 0.115970 -17.704431 3.532003 456.267157 2.840717
370 -1.792840 0.350282 19.009037 1.481647 376.981890 1.779348
370 -2.622349 0.342315 -39.196169 3.611221 451.122876 3.438367
370 -3.248347 0.123927 -28.268269 3.958537 497.396330 4.690363
370 -1.157674 0.177889 79.716576 0.363262 235.625981 0.509017
371 -1.286652 0.348501 -72.922721 3.419304 424.701398 0.766973
371 -2.087109 0.034202 40.175838 2.667927 410.764680 2.367888
371 -1.421271 0.113069 -35.550896 1.691463 332.556908 1.036210
371 -1.198706 0.388413 84.113461 0.808531 253.145951 0.591080
371 -2.923329 0.321616 -6.626921 1.618294 370.372529 4.040328
371 -1.511496 0.392896 -27.540894 0.829552 262.665881 1.216660
371 -2.466032 0.355072 -22.900777 2.652091 395.358939 3.125733
371 -2.038079 0.349864 -36.183688 3.288351 414.139702 2.269827
371 -2.430066 0.139403 40.455076 2.804159 440.596211 3.053801
371 -2.149477 0.150805 78.334719 0.494247 255.372148 2.492623
372 -0.964141 0.367627 -66.319194 3.740161 437.063471 0.121951
372 -2.008961 0.189946 -16.759835 2.330932 402.210735 2.211592
372 -1.362120 0.104430 -23.963298 1.650183 335.282526 0.917909
372 -1.604973 0.264470 -35.633393 2.125595 354.817995 1.403615
372 -5.312320 0.156627 81.953617 2.275237 425.451985 8.818310
372 -1.359405 0.369666 -27.235969 0.661520 253.260967 0.912479
372 -3.285193 0.370799 -13.898155 3.190792 415.233230 4.764056
372 -2.242036 0.298280 -37.214791 2.254051 384.352015 2.677740
372 -1.621592 0.233883 22.531417 2.103164 384.104745 1.436854
372 -1.705868 0.192859 72.341386 0.223006 236.212878 1.605406
373 -1.765383 0.126253 -50.754122 3.615798 457.810836 1.724435
373 -4.038972 0.229154 -36.354716 3.308414 485.765377 6.271614
373 -1.411489 0.141305 -29.360399 1.691636 344.702193 1.016648
373 -1.575230 0.305458 0.388825 0.344522 246.665572 1.344130
373 -4.902695 0.148228 68.729914 2.772345 457.411509 7.999060
373 -1.966683 0.087431 -19.966273 1.957442 369.926728 2.127034
373 -0.991999 0.312238 -64.231551 1.851644 329.737133 0.177667
373 -1.786504 0.341347 -34.740834 2.287862 368.635163 1.766677
373 -2.169010 0.300429 -23.296863 1.743579 369.524900 2.531689
373 -1.417540 0.203756 49.649320 0.301840 236.558768 1.028749
374 -1.953678 0.112404 -26.884987 3.623102 464.432428 2.101025
374 -4.121165 0.129634 -6.372290 2.681964 441.953929 6.435999
374 -2.634594 0.136069 1.238384 2.004860 361.522279 3.462858
374 -0.933413 0.088928 -67.609179 2.973279 419.765699 0.060494
374 -2.586609 0.094208 78.246324 3.199270 446.362288 3.366887
374 -1.336837 0.096210 -15.147145 1.660351 346.383532 0.867343
374 -1.416750 0.277016 6.419411 2.941101 459.151164 1.027169
374 -2.092761 0.383783 -34.571162 3.314704 422.039549 2.379191
374 -1.458163 0.299144 -17.734960 1.255751 311.812549 1.109995
374 -1.130903 0.247232 51.037868 0.340876 244.827786 0.455476
375 -1.347578 0.048379 -15.470325 2.397976 394.204238 0.888826
375 -2.025194 0.210875 -21.831769 2.160018 390.157181 2.244057
375 -1.547393 0.132250 -40.772693 3.052020 420.322343 1.288456
375 -0.936854 0.100531 -66.168296 2.690210 399.969233 0.067377
375 -1.813833 0.352400 -0.055178 0.544580 261.632536 1.821334
375 -1.686110 0.099734 -10.297816 1.811016 349.306406 1.565888
375 -1.977501 0.375063 -35.765354 3.395680 420.012790 2.148671
375 -1.237929 0.387774 -64.517702 2.289615 355.552269 0.669528
375 -1.749237 0.334160 -21.013868 1.057648 282.745560 1.692143
375 -2.057700 0.207431 38.501056 0.519886 253.349868 2.309069
376 -1.183150 0.109539 -11.520543 1.380407 323.791469 0.559970
376 -2.575630 0.157535 -21.280567 3.325775 458.734406 3.344930
376 -1.452286 0.159470 -35.054226 2.129046 366.382106 1.098240
376 -0.962966 0.098525 -68.110018 2.570042 393.687069 0.119601
376 -1.029529 0.383126 -1.871175 0.514069 275.079347 0.252727
376 -1.395507 0.041043 -31.277226 2.657391 405.447599 0.984683
376 -2.095783 0.295399 -9.661090 1.026435 285.096104 2.385235
376 -0.960465 0.365757 -69.073751 2.915009 392.163101 0.114599
376 -1.247418 0.302351 -20.693875 0.949343 287.292035 0.688506
376 -1.446712 0.184380 41.572090 0.050274 222.038864 1.087093
377 -1.603269 0.284224 -6.709951 1.580049 358.371816 1.400206
377 -1.704424 0.163195 -38.018265 3.398804 439.853905 1.602517
377 -1.978311 0.075264 -22.412979 3.045622 426.984845 2.150290
377 -1.582675 0.154070 -33.894257 2.300845 372.821029 1.359020
377 -1.783756 0.350057 -13.393154 1.455263 331.332530 1.761181
377 -2.496359 0.131707 -25.724067 1.569692 345.994721 3.186387
377 -1.162163 0.292175 -22.478030 0.636675 274.541985 0.517994
377 -1.526309 0.120771 55.000384 1.686057 343.517970 1.246288
377 -1.458118 0.396534 -20.781168 0.633592 255.303062 1.109906
377 -2.462669 0.160153 81.677523 0.341536 244.113216 3.119008
378 -2.913356 0.393030 -49.882448 3.132757 423.484923 4.020381
378 -1.781487 0.187729 -43.716229 3.502444 447.100142 1.756644
378 -2.746582 0.249953 -58.129905 3.860075 465.068460 3.686834
378 -1.660038 0.109790 -20.945983 2.568398 401.391424 1.513745
378 -1.343170 0.364511 -36.487683 0.843593 284.776565 0.880009
378 -1.589786 0.233451 49.625992 1.432055 329.738116 1.373241
378 -0.988097 0.313302 -10.984358 0.421448 260.731437 0.169863
378 -1.119247 0.271248 -79.367398 2.178721 350.478189 0.432164
378 -2.601380 0.196611 -7.244727 2.793375 433.737378 3.396429
378 -1.822566 0.391952 85.185743 1.718867 332.844621 1.838801
379 -1.407439 0.372179 -43.549959 1.278174 304.859955 1.008548
379 -2.011291 0.151074 -37.102903 4.021461 481.787377 2.216252
379 -2.653496 0.385319 6.534050 1.479450 346.284613 3.500660
379 -1.487066 0.088580 -42.795963 2.849057 415.173331 1.167801
379 -1.309322 0.279998 -44.656039 1.116129 292.831978 0.812313
379 -1.293191 0.127125 30.027646 2.789197 430.784341 0.780051
379 -1.159919 0.373091 59.221959 0.521670 256.691341 0.513506
379 -1.121425 0.361210 -80.378568 1.728751 319.177907 0.436519
379 -1.393225 0.202511 -4.524359 1.549327 352.518350 0.980118
379 -1.201441 0.361418 -33.140692 1.013434 286.642376 0.596551
380 -3.949526 0.215590 62.885178 2.337331 425.531790 6.092722
380 -1.040948 0.292455 -70.367967 3.982207 455.127910 0.275564
380 -3.282534 0.359807 -18.119661 3.616475 433.793841 4.758737
380 -1.508020 0.127933 -30.193806 2.133023 374.263021 1.209709
380 -1.045986 0.284288 -24.209525 0.590581 259.577773 0.285642
380 -1.800910 0.209031 33.704582 2.308016 413.002297 1.795489
380 -1.573744 0.310489 81.851569 0.819489 276.404159 1.341157
380 -1.679833 0.300749 65.739431 1.683667 332.100463 1.553335
380 -1.642899 0.195956 -27.765677 2.048587 370.871832 1.479467
380 -1.269251 0.310712 22.926569 2.728427 445.918892 0.732172
381 -1.987723 0.217574 10.786375 3.183952 476.657854 2.169115
381 -2.035058 0.267839 -82.060817 3.635606 445.154925 2.263785
381 -1.221246 0.301428 -82.763262 2.529266 373.895640 0.636161
381 -1.009226 0.396029 -59.190631 1.388641 291.087979 0.212122
381 -1.172089 0.258516 28.883966 1.482370 352.921672 0.537847
381 -1.815150 0.154984 68.903929 2.478142 395.791376 1.823968
381 -1.898192 0.356502 81.030478 0.320880 247.255816 1.990053
381 -1.398872 0.319497 57.262427 1.129081 306.018373 0.991414
381 -2.105008 0.179855 -5.556448 2.378012 399.517615 2.403685
381 -0.980535 0.386296 -60.446360 0.909445 260.705785 0.154740
382 -1.574332 0.208534 19.513977 3.533388 495.801527 1.342332
382 -2.286077 0.273767 -32.544924 4.483197 485.493675 2.765824
382 -1.331082 0.311598 -65.523831 2.399170 368.485352 0.855834
382 -1.339959 0.391471 -45.138181 0.977005 283.366904 0.873587
382 -1.754897 0.236675 5.737361 2.405678 424.730478 1.703463
382 -2.363320 0.147256 38.658300 2.387094 394.690510 2.920309
382 -1.032612 0.307073 36.062271 0.080025 236.296304 0.258893
382 -1.309127 0.370476 -17.202683 0.541139 278.215905 0.811922
382 -2.298517 0.266099 69.834625 4.668578 499.131706 2.790704
382 -0.926226 0.395188 -74.775846 1.062484 269.923767 0.046121
383 -1.529989 0.212378 26.795174 3.513794 493.015297 1.253646
383 -1.512736 0.259934 47.077143 0.677781 267.447058 1.219142
383 -1.147960 0.070134 -46.469534 1.655860 332.482741 0.489588
383 -1.513887 0.322372 -24.227855 1.137614 319.730928 1.221444
383 -1.330326 0.308408 29.974780 2.539817 434.783959 0.854321
383 -2.336300 0.227858 23.791130 2.759003 454.429175 2.866270
383 -2.167872 0.294733 34.098659 0.200490 233.629339 2.529414
383 -1.910092 0.343062 -31.307648 1.166733 323.119828 2.013854
383 -2.141250 0.258569 72.507965 4.413094 486.390151 2.476168
383 -0.988300 0.373277 -69.620255 1.533109 306.445879 0.170270
384 -1.560704 0.220440 10.917620 3.421096 489.023688 1.315076
384 -2.387853 0.394201 77.754619 2.692880 398.038136 2.969374
384 -3.513858 0.265887 -22.801018 3.227408 453.557921 5.221385
384 -1.195378 0.335049 -12.331440 0.903566 305.902420 0.584425
384 -0.919014 0.334654 18.836646 2.054805 402.044884 0.031697
384 -3.558374 0.319765 -10.351199 4.248030 478.819531 5.310418
384 -1.258811 0.262668 59.977807 0.162299 235.959553 0.711291
384 -0.963256 0.182989 -69.318417 3.508884 440.863801 0.120181
384 -1.818953 0.254004 45.278474 1.644995 350.107800 1.831576
384 -1.145814 0.391960 -60.050770 1.405095 296.096820 0.485297
385 -4.156661 0.274435 76.534572 2.976023 471.010552 6.506992
385 -2.104041 0.368419 53.421757 1.402605 312.757256 2.401751
385 -1.293772 0.203032 -4.862356 1.333229 329.129435 0.781214
385 -1.314419 0.380608 -48.470305 1.552613 311.570897 0.822506
385 -1.477702 0.375843 -32.747844 0.782067 288.268655 1.149073
385 -1.529871 0.352812 -7.077026 1.300263 349.222732 1.253411
385 -1.101428 0.262370 68.241718 0.006063 217.578966 0.396526
385 -1.352405 0.371482 77.506946 1.180079 294.093246 0.898480
385 -1.490465 0.263023 59.594243 1.262551 323.362799 1.174600
385 -1.956543 0.257104 -47.811294 2.093767 365.071155 2.106755
386 -3.629078 0.160358 41.513543 3.968155 487.625717 5.451825
386 -1.502210 0.065830 41.977554 1.613405 342.032937 1.198090
386 -1.277119 0.241039 -37.025161 1.422331 310.420799 0.747907
386 -1.563231 0.394412 -10.529947 1.095257 308.955410 1.320130
386 -1.244869 0.299060 16.640940 1.844136 373.767824 0.683406
386 -1.208395 0.328540 23.145335 1.293534 349.831331 0.610458
386 -1.062524 0.332346 68.915010 0.126231 226.212299 0.318717
386 -0.986518 0.358163 -28.274302 0.262761 233.645063 0.166705
386 -1.662213 0.362186 43.975477 0.384337 246.717870 1.518095
386 -1.917956 0.259035 -76.358559 2.614318 388.566995 2.029582
387 -0.975768 0.074703 -5.989680 0.794987 275.922008 0.145206
387 -2.232153 0.199747 -2.090581 1.862030 356.472226 2.657976
387 -1.404423 0.238877 -36.477166 1.528458 314.458115 1.002516
387 -2.719484 0.392222 -17.817814 1.147892 346.923104 3.632638
387 -1.516628 0.255423 34.369379 1.348979 338.465363 1.226925
387 -1.464139 0.277674 -44.881368 2.209246 360.664149 1.121948
387 -1.582623 0.139370 33.736870 3.071860 449.502534 1.358914
387 -1.022133 0.321402 -59.788262 0.964895 267.986641 0.237936
387 -1.098284 0.368338 -83.251628 1.229640 283.172897 0.390238
387 -2.387987 0.357462 -52.324020 1.231067 310.893212 2.969644
388 -1.338078 0.218814 -79.002923 2.170667 359.832031 0.869825
388 -1.793065 0.136974 17.162799 1.972230 381.174688 1.779799
388 -1.491073 0.205453 -36.036088 1.904640 353.373806 1.175816
388 -2.904142 0.389984 -15.237834 1.119294 345.269795 4.001953
388 -0.960840 0.250653 11.410889 1.102180 316.704642 0.115350
388 -1.045462 0.361251 -79.549112 1.938653 331.895637 0.284594
388 -1.260439 0.343255 -89.319467 1.396965 294.738426 0.714548
388 -1.378832 0.359598 -50.923028 0.540404 249.821936 0.951334
388 -1.551798 0.362291 -27.012185 1.489697 331.283634 1.297265
388 -2.886551 0.238311 -59.044095 1.807419 347.904818 3.966770
389 -1.857200 0.126625 -41.320099 2.084881 371.345461 1.908069
389 -1.997436 0.113349 -44.186971 2.294308 385.134313 2.188540
389 -3.373804 0.309332 63.776692 3.533706 458.642806 4.941278
389 -1.174559 0.305981 19.004738 1.554480 351.198429 0.542787
389 -1.163200 0.346998 24.735631 0.664110 293.759855 0.520068
389 -2.578821 0.315346 -18.446986 2.077566 395.915182 3.351312
389 -1.532142 0.301299 60.164140 0.680612 256.420480 1.257953
389 -1.818582 0.370739 -58.266886 1.684388 323.410236 1.830834
389 -1.429445 0.336306 -16.620956 1.157753 307.438517 1.052559
389 -1.763876 0.392164 -72.903542 2.715958 384.849421 1.721422
390 -1.698804 0.289750 -36.464783 1.475008 332.368365 1.591277
390 -1.869741 0.197618 -14.336389 2.058342 368.634961 1.933151
390 -1.120549 0.342702 32.048330 0.575810 281.858830 0.434767
390 -1.703882 0.343936 76.692318 2.389415 364.304852 1.601432
390 -1.181026 0.384652 21.433301 0.471422 269.818937 0.555721
390 -1.130982 0.353022 16.016057 1.360207 358.467185 0.455633
390 -1.144892 0.296202 -71.091835 1.620752 310.530442 0.483453
390 -2.542929 0.186694 -0.749146 3.433848 483.422368 3.279526
390 -2.005295 0.291474 -25.526063 2.169799 378.809195 2.204259
390 -1.792903 0.310940 88.670136 2.621871 378.541453 1.779476
391 -3.600990 0.390585 36.760642 2.170531 443.905594 5.395650
391 -1.900425 0.359728 -2.151675 0.305812 239.347973 1.994519
391 -1.744586 0.368512 33.465502 0.652158 281.473960 1.682842
391 -1.936974 0.300894 69.802630 2.281547 374.736580 2.067617
391 -1.688289 0.372455 78.966512 0.575618 266.020579 1.570247
391 -1.408882 0.345767 25.751750 1.267807 329.966977 1.011433
391 -2.537473 0.286039 -45.248942 0.845095 290.144761 3.268616
391 -2.875905 0.345844 75.657759 0.941402 264.198377 3.945478
391 -2.418659 0.358347 77.898032 1.776696 319.746575 3.030986
391 -2.655665 0.301047 -26.067631 3.399004 443.286591 3.504999
392 -4.197916 0.337869 36.989985 1.859072 423.291658 6.589501
392 -1.272061 0.382750 12.829436 0.632709 282.392378 0.737791
392 -1.918803 0.323257 33.246947 0.730045 282.278101 2.031276
392 -1.713969 0.305362 -11.975125 1.390120 323.797362 1.621606
392 -1.410897 0.321667 18.237868 1.086435 311.314259 1.015463
392 -1.340392 0.394801 32.975723 1.174683 345.759033 0.874453
392 -1.039153 0.274554 1.262335 0.453720 261.751871 0.271974
392 -1.250369 0.355591 -73.005538 0.016064 209.188819 0.694406
392 -1.248542 0.375848 -89.436006 1.681865 311.616475 0.690753
392 -0.920816 0.323052 -67.642662 3.585136 432.421338 0.035302
393 -1.227341 0.086631 -19.856987 1.337982 319.370753 0.648352
393 -1.019862 0.241976 -23.718387 0.417869 251.103777 0.233393
393 -2.475163 0.359343 -30.963900 2.764580 408.758551 3.143996
393 -2.772105 0.281701 42.648869 2.607744 436.128807 3.737879
393 -0.942029 0.274465 21.317165 0.599200 277.114230 0.077726
393 -1.629329 0.384602 28.216012 1.595919 360.447757 1.452328
393 -1.263583 0.236245 -73.632825 0.198633 216.070875 0.720835
393 -0.973750 0.380758 -62.808259 0.231931 218.322128 0.141170
393 -1.394147 0.380987 83.607164 1.650006 314.733551 0.981964
393 -1.146681 0.391488 -66.973284 3.105252 402.475546 0.487031
394 -2.591123 0.354485 62.770584 1.896022 379.226120 3.375916
394 -1.865941 0.164436 -32.865221 0.517214 259.729684 1.925551
394 -1.454201 0.312222 -11.026725 1.083147 303.588302 1.102071
394 -1.087343 0.354554 19.221854 0.768576 303.595680 0.368355
394 -1.061989 0.277094 26.645160 0.784695 292.086447 0.317646
394 -1.259157 0.371075 28.545888 1.411971 351.285913 0.711982
394 -2.044923 0.191089 -73.615397 0.166493 223.454272 2.283516
394 -1.375766 0.394701 -79.107680 1.200175 286.405191 0.945201
394 -1.817265 0.365154 -87.422129 1.710303 325.187610 1.828200
394 -1.451970 0.104316 -59.028640 4.281963 494.176621 1.097608
395 -1.149238 0.037401 -61.330541 3.435857 453.234871 0.492144
395 -1.139329 0.231150 -8.778696 0.618756 266.469027 0.472327
395 -1.951619 0.079092 65.078025 2.711991 417.264651 2.096906
395 -1.151437 0.228287 -81.557638 3.289225 425.104490 0.496543
395 -2.205359 0.265412 60.789613 2.353241 391.031315 2.604387
395 -3.662599 0.323668 -33.047497 2.758669 427.687551 5.518867
395 -1.211816 0.161643 -76.877111 0.768344 263.623643 0.617302
395 -1.294976 0.368607 51.655723 0.173905 230.581206 0.783621
395 -2.430558 0.299047 64.016833 3.339065 428.588665 3.054785
395 -1.618377 0.139505 -39.006526 3.262290 434.135812 1.430423
396 -1.317558 0.105279 -57.636012 2.365592 379.430687 0.828786
396 -1.049728 0.280136 -31.799273 0.153334 229.521029 0.293124
396 -0.955843 0.105864 16.072963 0.695148 271.001137 0.105355
396 -1.625651 0.183964 -52.508067 3.614074 447.783361 1.444971
396 -1.257007 0.260689 72.773780 0.929518 281.722112 0.707683
396 -1.459381 0.345915 54.443268 0.392862 240.711064 1.112430
396 -1.645652 0.160014 50.157728 1.814529 356.647603 1.484973
396 -1.761827 0.300115 42.209430 0.459348 250.935463 1.717323
396 -1.304665 0.345320 42.462256 0.618211 275.618365 0.803000
396 -1.923659 0.188270 -30.435429 2.887477 417.988744 2.040986
397 -1.362732 0.126326 -43.041766 1.934648 353.202547 0.919133
397 -1.176870 0.267763 -37.653161 0.277911 237.368710 0.547409
397 -0.982002 0.107499 15.002937 0.612725 264.337768 0.157673
397 -1.007398 0.136416 -62.683732 3.256307 431.122933 0.208466
397 -2.917786 0.323650 56.956679 3.191508 429.635775 4.029241
397 -1.581123 0.259276 37.014642 0.281907 242.637598 1.355915
397 -1.233855 0.384196 75.390581 0.561756 240.751511 0.661378
397 -2.603187 0.325669 75.104410 2.688172 406.928914 3.400043
397 -2.365891 0.187865 -51.212777 4.301161 493.462599 2.925451
397 -1.951914 0.192667 -29.563726 2.931026 419.288453 2.097498
398 -2.338995 0.242401 -17.047956 2.533982 403.484682 2.871659
398 -1.163893 0.270229 -33.438936 0.388105 247.733386 0.521455
398 -0.929926 0.110352 13.331548 0.513879 257.078567 0.053520
398 -1.008339 0.141329 -62.582166 3.382018 438.141788 0.210347
398 -2.072130 0.235757 55.795216 0.068364 231.348192 2.337929
398 -1.357628 0.297230 60.878400 0.651339 257.357224 0.908925
398 -1.797625 0.187976 70.369172 2.219010 378.677285 1.788919
398 -1.426711 0.341066 73.388784 1.301546 308.181643 1.047092
398 -1.637281 0.053050 -33.032109 3.410117 455.979352 1.468231
398 -0.958281 0.197461 -73.557877 2.424815 373.787986 0.110232
399 -1.096566 0.278378 -43.171338 0.830148 268.226359 0.386802
399 -1.811974 0.283924 -80.417644 1.131529 288.381644 1.817617
399 -1.007112 0.105804 13.909922 0.835648 281.784616 0.207892
399 -1.716877 0.112554 -36.157803 3.651102 460.882626 1.627424
399 -1.695801 0.207812 78.663608 0.849691 281.154418 1.585272
399 -1.322603 0.327348 54.029374 0.119465 223.428743 0.838875
399 -3.049106 0.193425 52.656006 3.958406 479.286936 4.291882
399 -1.693250 0.116794 70.627989 2.623651 399.213632 1.580169
399 -1.666146 0.317303 -42.418635 0.932934 264.432142 1.525961
399 -1.952977 0.340500 -58.768062 0.901458 270.339718 2.099623
400 -1.254584 0.220768 -21.382263 1.256861 313.860753 0.702837
400 -1.433059 0.343881 54.905336 1.041101 298.440045 1.059787
400 -1.498652 0.107953 40.052729 1.035684 297.738140 1.190973
400 -2.217947 0.080889 -36.450323 3.195972 446.804101 2.629563
400 -2.261177 0.249929 69.535550 4.334878 483.854768 2.716022
400 -0.939583 0.267587 -69.800441 0.017777 207.708283 0.072836
400 -2.302647 0.235158 74.299953 2.853622 417.342108 2.798964
400 -2.234647 0.331903 -3.908698 0.875613 277.146700 2.662963
400 -2.227479 0.285612 -13.350489 1.600386 326.444321 2.648627
400 -1.127997 0.301318 72.603827 0.245283 224.589115 0.449663
401 -1.790817 0.364478 62.257589 1.500135 317.488355 1.775303
401 -1.447110 0.261895 64.272504 1.377917 320.324443 1.087890
401 -1.552113 0.101749 50.777913 1.009836 289.704874 1.297895
401 -2.851217 0.120927 -53.431179 2.538646 401.708640 3.896102
401 -3.413028 0.231120 80.575817 3.727242 450.720936 5.019725
401 -1.139474 0.269864 -75.304878 0.024312 204.770930 0.472617
401 -2.022964 0.346882 74.396380 4.063024 457.391252 2.239598
401 -0.979222 0.216603 13.225453 1.355056 332.535278 0.152113
401 -1.514005 0.268026 -35.637124 1.938223 345.276795 1.221678
401 -2.002149 0.207638 3.528575 2.385933 422.005182 2.197967
402 -1.156227 0.255609 72.879258 0.641970 255.292025 0.506123
402 -1.530501 0.248373 60.378330 1.512555 334.431189 1.254671
402 -1.839721 0.073905 32.593659 0.985377 291.332704 1.873111
402 -2.839355 0.100024 -44.648344 2.851607 425.931508 3.872380
402 -2.177918 0.219460 53.762428 2.319648 398.830998 2.549505
402 -1.845930 0.337023 -29.343610 2.073083 359.834099 1.885529
402 -4.108077 0.280551 49.076141 4.118931 490.768257 6.409822
402 -2.014267 0.178407 59.424751 2.566321 403.917888 2.222204
402 -2.931164 0.359692 -4.506349 1.416895 312.559404 4.055998
402 -0.906673 0.166930 19.387784 2.594764 422.139710 0.007015
403 -1.167302 0.173016 65.295116 0.280329 237.222075 0.528274
403 -2.488613 0.100019 4.764752 2.327206 387.330773 3.170895
403 -1.814789 0.111032 9.199756 1.289822 317.635021 1.823246
403 -1.442842 0.229321 -71.440891 2.016312 350.963181 1.079354
403 -1.293076 0.277932 -59.425171 2.138191 351.947307 0.779822
403 -2.918538 0.324338 81.826584 1.414979 335.781632 4.030746
403 -2.365045 0.244531 -39.670240 2.483000 373.582959 2.923759
403 -2.138297 0.171745 42.478688 2.359294 398.993025 2.470263
403 -2.601261 0.309363 30.860569 1.567314 347.596077 3.396191
403 -1.175399 0.125613 -2.399583 1.441696 333.278918 0.544468
404 -1.914974 0.230111 76.088921 3.077367 420.142861 2.023617
404 -0.912535 0.184630 20.099062 2.907021 445.889734 0.018740
404 -1.245491 0.374936 -28.345251 0.813272 288.599890 0.684652
404 -1.326351 0.235663 -60.497409 2.084345 352.064276 0.846371
404 -4.049258 0.349572 41.943278 3.133174 413.110107 6.292184
404 -1.498224 0.355842 -89.143073 1.239558 285.830353 1.190118
404 -2.632823 0.358080 -11.299158 2.036757 393.803708 3.459315
404 -1.245531 0.286506 28.736460 2.829739 452.869102 0.684731
404 -1.477560 0.210615 -49.369428 1.376130 311.659654 1.148790
404 -1.144643 0.054400 -13.490059 1.264620 309.797786 0.482954
405 -3.276857 0.347977 54.943038 3.171948 434.390038 4.747382
405 -2.279952 0.268880 63.198565 1.966334 378.325456 2.753573
405 -1.064238 0.258697 -73.501747 1.276928 289.769954 0.322145
405 -2.233514 0.156327 75.534753 2.098958 376.514221 2.660697
405 -1.472761 0.225893 65.855007 1.449503 317.858553 1.139191
405 -1.211130 0.378045 -73.473331 1.615736 314.512901 0.615928
405 -2.078004 0.082458 50.312392 3.442491 459.502278 2.349677
405 -2.637083 0.324679 32.781348 2.378818 438.376213 3.467836
405 -1.533766 0.388736 52.120255 0.895092 285.636759 1.261202
405 -1.210622 0.103536 -16.153829 1.469617 328.907408 0.614912
406 -3.568981 0.308148 40.000469 2.762908 459.120965 5.331631
406 -1.034434 0.357236 16.671323 2.122902 408.027198 0.262538
406 -2.064651 0.075757 62.155407 3.726473 478.177736 2.322971
406 -1.623554 0.149094 65.649963 1.621003 342.278832 1.440778
406 -1.572085 0.165605 -13.958164 1.993540 374.709397 1.337840
406 -1.720606 0.185942 42.101752 0.610361 261.124854 1.634881
406 -1.072258 0.157822 -24.920381 0.887322 280.943979 0.338184
406 -1.884556 0.373658 29.856906 2.073410 420.391432 1.962781
406 -1.342233 0.375056 50.637684 1.003377 310.283016 0.878136
406 -1.718037 0.126508 4.356371 1.635515 345.349479 1.629744
407 -1.316503 0.348982 -34.586320 0.678534 274.199041 0.826675
407 -1.888170 0.310641 1.298796 1.799998 387.223956 1.970010
407 -1.953370 0.053237 58.142484 3.683673 477.072518 2.100408
407 -3.162738 0.289852 14.705057 1.188198 310.852315 4.519146
407 -0.997323 0.176545 22.725770 1.952956 374.680126 0.188315
407 -1.362971 0.212279 45.920142 0.756803 276.722576 0.919611
407 -1.035259 0.220314 -32.367382 0.592279 258.398710 0.264187
407 -1.423715 0.379339 27.086501 2.056495 416.983692 1.041100
407 -2.236943 0.299862 34.802199 0.974511 293.772779 2.667556
407 -0.916611 0.117845 15.168483 1.852724 362.968216 0.026891
408 -1.270792 0.356053 -18.086239 0.124930 222.319856 0.735252
408 -2.168057 0.211583 66.254817 3.146939 422.117098 2.529783
408 -1.154267 0.230123 -44.052685 0.432155 243.841167 0.502203
408 -4.275239 0.170663 41.106720 2.505499 441.599448 6.744147
408 -0.929957 0.203735 -46.118951 0.102048 215.624466 0.053583
408 -1.096225 0.247247 64.439431 0.423809 246.211324 0.386119
408 -1.334813 0.356322 -16.875105 0.461994 247.377543 0.863295
408 -1.835971 0.312585 -29.283591 2.074650 365.238110 1.865611
408 -1.724438 0.328413 30.262603 0.316303 253.768975 1.642544
408 -1.277535 0.150679 -34.696060 1.054315 295.300673 0.748739
409 -1.675028 0.371825 -39.524258 0.153054 211.489888 1.543724
409 -1.005793 0.292166 13.511969 2.491752 432.054175 0.205256
409 -1.988752 0.255025 -1.018788 0.620889 260.994403 2.171174
409 -3.521636 0.215477 37.652602 2.794032 458.859760 5.236941
409 -1.330835 0.141109 -10.836597 0.564398 263.747364 0.855338
409 -1.840783 0.331916 82.866786 2.274116 367.635679 1.875236
409 -1.238871 0.135755 -32.944318 0.037255 219.378255 0.671410
409 -1.040732 0.142936 -35.123818 0.598316 257.763975 0.275133
409 -1.651287 0.207396 71.075236 1.775484 348.791496 1.496243
409 -1.614579 0.307512 -35.836181 2.100736 354.038470 1.422826
410 -1.005020 0.391759 -28.332418 0.095909 220.507167 0.203708
410 -2.223324 0.251000 -21.155222 2.443780 400.419132 2.640317
410 -1.247104 0.269216 -0.753600 0.418508 254.340460 0.687877
410 -1.868802 0.366308 34.340126 1.142226 325.268771 1.931273
410 -1.333925 0.170121 -29.709703 0.864363 284.896310 0.861519
410 -2.332650 0.336484 68.644772 3.344078 429.618775 2.858969
410 -1.353276 0.137483 -51.947752 0.260330 231.053514 0.900221
410 -1.016316 0.105261 -26.214646 0.587919 259.043824 0.226302
410 -3.041090 0.229733 85.611202 1.988975 369.168093 4.275850
410 -1.610522 0.343483 -44.192859 1.570908 327.593155 1.414713
411 -1.599274 0.383151 -57.481016 2.213244 350.956790 1.392217
411 -1.809199 0.135921 49.105989 2.286316 390.372430 1.812068
411 -2.268521 0.231372 72.937485 1.857574 363.877630 2.730711
411 -1.237090 0.219929 -66.867815 0.881216 270.454915 0.667849
411 -1.482896 0.121893 -28.284477 1.936397 352.562898 1.159460
411 -1.652146 0.304913 -48.713227 2.891447 400.825939 1.497961
411 -2.304033 0.171466 -47.661959 4.268781 494.067805 2.801735
411 -2.173688 0.388322 -56.384336 4.870205 497.283912 2.541045
411 -1.597728 0.155277 41.177348 1.858330 372.239490 1.389126
411 -1.648993 0.368387 -21.853143 0.739476 258.373252 1.491655
412 -2.817152 0.295183 -86.099717 3.011125 416.734949 3.827973
412 -1.548740 0.169752 -49.586229 1.797457 342.347617 1.291149
412 -0.941275 0.372923 -75.072832 3.414744 418.673862 0.076219
412 -1.904626 0.284786 80.121514 1.157005 281.211640 2.002922
412 -1.533110 0.096762 -9.064499 1.680062 341.620743 1.259889
412 -1.999113 0.275652 -51.743020 3.367601 433.296563 2.191894
412 -1.966964 0.166908 -58.511999 4.042681 476.320527 2.127596
412 -1.801501 0.399674 -45.849726 4.833810 492.341820 1.796671
412 -1.826494 0.249174 72.697239 1.999378 363.255243 1.846657
412 -1.064426 0.341370 -28.583169 0.544686 261.647151 0.322522
413 -0.905957 0.363691 -69.349079 2.171578 345.373954 0.005583
413 -1.340716 0.366180 51.261293 1.004963 308.419950 0.875102
413 -0.948977 0.118300 -65.089321 2.653854 395.947773 0.091623
413 -1.878727 0.292082 -63.394365 3.918667 458.082455 1.951123
413 -1.432030 0.094771 -18.939126 1.936140 358.539140 1.057730
413 -1.947271 0.280819 -45.837638 3.765475 454.267375 2.088211
413 -1.055275 0.230271 -78.724907 4.468530 489.110176 0.304219
413 -1.623649 0.382354 -48.267626 4.600942 481.182340 1.440967
413 -2.149249 0.255735 -86.447724 2.143135 361.542336 2.492168
413 -1.258012 0.314714 -4.131231 0.678001 288.307022 0.709693
414 -1.313157 0.331930 -50.940002 2.230087 353.311430 0.819983
414 -1.649036 0.371439 72.557542 1.131585 310.057985 1.491740
414 -2.863068 0.125450 -54.343849 2.096582 363.599765 3.919806
414 -1.054223 0.292002 -66.918780 3.361131 421.077240 0.302114
414 -1.025155 0.161304 13.935938 1.803912 367.247053 0.243980
414 -1.089909 0.151389 -70.702070 3.487553 445.681188 0.373487
414 -1.058080 0.237345 -76.500990 4.403007 485.642017 0.309830
414 -1.294480 0.383765 -58.654623 4.360984 467.695840 0.782628
414 -1.644483 0.134951 34.558166 3.690267 488.096475 1.482636
414 -1.638131 0.322550 -26.797562 1.035574 277.699199 1.469932
415 -1.523802 0.394651 -52.020450 1.723334 324.941862 1.241274
415 -0.904458 0.372428 -70.491107 1.612245 309.096412 0.002585
415 -1.658839 0.176260 -36.775053 2.676492 401.413367 1.511347
415 -1.450774 0.355074 -71.580821 4.311575 471.180080 1.095217
415 -1.443356 0.076467 -16.630881 1.831311 350.551888 1.080381
415 -1.381416 0.138379 -66.831049 3.438817 445.098675 0.956501
415 -1.674478 0.231248 -80.064651 4.593153 497.910817 1.542625
415 -1.223702 0.368958 -86.219758 4.088792 453.271951 0.641073
415 -2.500550 0.185900 -7.158687 1.937584 352.870557 3.194770
415 -1.330262 0.261372 54.389918 0.610842 275.260168 0.854194
416 -1.103162 0.396560 -56.964853 1.674447 311.125211 0.399993
416 -1.349675 0.335186 -86.699771 2.367571 360.551816 0.893020
416 -2.259245 0.137574 -6.347017 3.004923 440.620189 2.712160
416 -0.913890 0.338731 -67.234510 1.670139 314.408079 0.021448
416 -1.941423 0.236420 25.816105 2.633478 444.331572 2.076515
416 -1.625325 0.118998 -41.708287 3.797401 464.655135 1.444320
416 -1.374616 0.258814 -83.802019 4.409224 483.430575 0.942902
416 -1.143737 0.345905 -60.061526 4.151599 458.917522 0.481144
416 -1.385809 0.154211 -35.974341 1.737117 342.992090 0.965287
416 -1.387859 0.252307 53.846025 0.571596 272.110965 0.969387
417 -2.202468 0.041618 88.408686 1.726581 342.211571 2.598605
417 -2.118215 0.385357 -61.466995 2.573183 376.727488 2.430099
417 -1.638184 0.131466 -19.043515 2.384879 394.702075 1.470037
417 -1.489762 0.186596 76.497120 1.632564 322.688826 1.173194
417 -1.002512 0.212096 13.861008 3.451782 485.794324 0.198694
417 -1.522978 0.281922 -82.036458 2.317290 364.929022 1.239624
417 -1.578510 0.144921 17.394447 1.988450 383.132717 1.350689
417 -1.100758 0.240144 -68.333553 3.536104 439.791751 0.395185
417 -1.942257 0.296519 -31.454505 2.517921 387.744097 2.078183
417 -1.610315 0.253697 67.847537 1.766706 343.078730 1.414299
418 -2.919329 0.399092 27.230162 1.025499 302.548395 4.032327
418 -1.273680 0.140699 -76.189318 3.295775 431.717365 0.741030
418 -1.349834 0.194834 28.014221 1.248119 319.970570 0.893337
418 -1.776702 0.252657 70.185878 2.056296 364.543952 1.747072
418 -0.990459 0.198806 13.992292 3.351619 477.505965 0.174588
418 -0.975946 0.338265 21.757955 1.110063 330.147786 0.145562
418 -1.156555 0.272329 22.229928 0.575706 270.685488 0.506780
418 -2.831805 0.249860 -78.878204 3.880258 462.184534 3.857280
418 -1.466855 0.177351 38.174338 0.888442 290.167704 1.127379
418 -1.630764 0.285678 78.901404 0.238835 237.036395 1.455198
419 -2.132282 0.369699 -51.418285 2.434662 365.014310 2.458234
419 -2.439242 0.188657 -82.133668 3.353335 437.711926 3.072153
419 -2.561937 0.130520 -33.603383 1.350864 326.721186 3.317543
419 -1.738503 0.220754 82.649359 2.073639 360.419951 1.670675
419 -2.020634 0.181758 8.421535 3.297242 478.470534 2.234937
419 -2.386179 0.330656 -18.896113 1.357756 353.671157 2.966028
419 -1.016184 0.292662 21.574360 0.359955 259.823655 0.226037
419 -0.973859 0.258115 -70.748634 3.402893 429.782574 0.141388
419 -1.757270 0.161099 38.308347 0.707623 270.585599 1.708209
419 -1.107110 0.290961 63.961590 0.225442 237.227556 0.407889
420 -2.473706 0.251013 42.578712 1.360135 339.146207 3.141082
420 -0.997883 0.150076 -69.516672 3.025178 417.947893 0.189436
420 -1.363985 0.348535 -38.213040 1.409666 302.329496 0.921640
420 -1.631440 0.296889 -0.633332 1.298649 341.044177 1.456550
420 -1.555587 0.265877 6.906954 2.756290 440.881547 1.304843
420 -1.262927 0.356773 -19.253645 1.013186 299.641783 0.719523
420 -1.048753 0.276107 35.433557 0.340794 256.095112 0.291176
420 -2.845784 0.138836 50.359703 3.911366 480.735161 3.885237
420 -0.943402 0.165751 16.611570 0.440094 254.614593 0.080474
420 -1.094954 0.321391 64.756785 0.442958 247.955932 0.383577
421 -2.387109 0.247539 41.633066 2.166792 390.873945 2.967886
421 -1.944615 0.174943 -42.910480 3.540155 453.255779 2.082899
421 -3.258318 0.193118 -67.986610 4.204596 485.839988 4.710306
421 -1.138700 0.096088 -29.091683 1.039873 288.765176 0.471069
421 -1.588664 0.235334 9.563112 2.963301 461.787798 1.370997
421 -1.446993 0.174889 21.346746 2.000829 371.660456 1.087655
421 -1.403216 0.345549 -31.672715 0.547218 240.896886 1.000101
421 -3.132218 0.140686 43.411793 3.731070 477.632668 4.458106
421 -2.029057 0.275212 -13.051347 1.857080 355.759033 2.251784
421 -1.084166 0.316782 63.793395 0.347306 240.551170 0.362002
422 -1.957089 0.198810 56.997183 2.105603 365.838055 2.107848
422 -0.991663 0.157736 -65.220656 4.327410 488.741022 0.176995
422 -1.356735 0.207902 -63.429216 4.215547 480.118337 0.907139
422 -0.991912 0.347117 -72.230450 1.107334 278.917867 0.177493
422 -1.458422 0.283221 23.414373 2.736694 441.466706 1.110513
422 -1.928085 0.142081 19.705848 1.850656 355.866709 2.049838
422 -1.565708 0.353347 49.147013 0.977946 294.579626 1.325085
422 -1.854863 0.105229 -31.136797 3.775737 468.183313 1.903395
422 -2.063776 0.342399 -21.785011 1.948892 352.161243 2.321221
422 -1.138759 0.383733 75.390931 0.469216 237.666539 0.471187
423 -2.784437 0.185231 61.217709 1.532832 350.613575 3.762544
423 -1.127680 0.250700 -76.134574 4.076535 464.310022 0.449029
423 -0.985618 0.201654 -65.825800 4.455511 490.413034 0.164906
423 -1.947178 0.235203 83.917131 2.021342 359.969896 2.088026
423 -0.991034 0.238382 13.984719 3.344747 482.383312 0.175737
423 -1.097534 0.193355 24.230673 1.345464 334.834304 0.388738
423 -1.229568 0.344837 52.118353 0.823551 290.459587 0.652804
423 -1.097691 0.203590 -39.309249 0.845580 273.606049 0.389051
423 -2.594076 0.256242 -35.889845 1.190239 322.840627 3.381821
423 -1.619857 0.358474 83.885284 0.351067 243.162808 1.433384
424 -1.963227 0.184407 -12.398864 1.991359 360.968973 2.120123
424 -2.466043 0.278990 -50.467879 4.203448 471.793046 3.125755
424 -1.258989 0.210233 -61.035281 4.517084 494.453109 0.711646
424 -1.074411 0.274521 -20.326226 0.030351 225.490046 0.342491
424 -1.492210 0.230446 5.009296 2.888885 449.616672 1.178090
424 -1.342590 0.146294 16.543873 2.267351 403.385352 0.878848
424 -1.611431 0.374940 30.027147 1.304167 335.938919 1.416530
424 -1.186776 0.204963 -82.442110 3.206908 420.451750 0.567220
424 -2.943399 0.290295 -0.667406 2.160844 387.122963 4.080467
424 -1.062747 0.371890 69.183998 0.156996 223.471770 0.319163
425 -1.282280 0.096113 -24.687102 1.643525 336.279808 0.758230
425 -3.308595 0.255359 -22.564581 2.814160 445.195874 4.810858
425 -1.254728 0.224816 -83.453586 4.160533 471.682982 0.703124
425 -1.486344 0.339015 -26.612846 0.765207 259.348411 1.166357
425 -2.051656 0.256307 -2.961859 1.282960 332.317065 2.296981
425 -0.917465 0.167437 18.388119 2.230759 394.964639 0.028599
425 -1.032501 0.383601 10.342375 1.136906 333.368792 0.258671
425 -2.959564 0.165646 5.470829 2.200504 377.845479 4.112796
425 -1.057013 0.283270 -65.089818 1.306798 295.914611 0.307695
425 -1.436906 0.383195 62.542713 0.585302 248.693247 1.067481
426 -1.131919 0.250407 -16.005250 0.443928 259.211048 0.457508
426 -2.507732 0.196152 -18.272025 2.725482 399.552546 3.209134
426 -1.247736 0.182227 -85.033120 4.445506 491.807254 0.689142
426 -1.322466 0.351947 -46.388050 0.111527 223.924923 0.838602
426 -1.174714 0.357623 -19.585115 0.761311 290.338621 0.543098
426 -1.747535 0.101549 -18.140017 2.649106 416.980997 1.688739
426 -2.590182 0.364465 -62.499012 0.700166 263.933805 3.374033
426 -1.717788 0.380904 82.199055 0.933747 287.853628 1.629245
426 -2.314647 0.295612 -0.095879 2.743510 451.119924 2.822963
426 -1.092536 0.393895 74.162662 0.304290 236.432303 0.378742
427 -1.104829 0.230260 18.351909 1.381495 342.850726 0.403327
427 -2.251588 0.242019 3.012113 2.195634 391.282710 2.696846
427 -1.015312 0.228896 -65.474886 4.308328 479.524301 0.224292
427 -1.108226 0.309796 -84.348714 1.129869 278.655842 0.410122
427 -1.212089 0.296502 -11.138227 1.059834 312.380824 0.617848
427 -1.886612 0.097684 -12.708611 2.999552 432.363513 1.966894
427 -1.340020 0.331396 73.949103 1.033777 276.834546 0.873710
427 -1.566037 0.367612 64.531672 1.149563 317.574066 1.325744
427 -1.809685 0.286780 27.991073 2.873797 463.744555 1.813039
427 -1.069501 0.337420 73.071672 0.049267 218.193914 0.332672
428 -1.748124 0.206496 2.565545 2.679086 434.141573 1.689918
428 -1.108490 0.274296 15.153229 1.717340 362.845244 0.410649
428 -0.912842 0.196992 -70.367294 3.622389 446.416229 0.019353
428 -1.164969 0.333843 -60.147480 0.566220 242.401991 0.523606
428 -1.054002 0.381871 15.549754 0.631380 284.658125 0.301674
428 -1.981502 0.132572 -24.599597 3.157716 441.326998 2.156672
428 -1.415051 0.319615 57.286320 0.762349 291.781357 1.023771
428 -1.303254 0.397574 14.331232 1.362401 368.245853 0.800177
428 -1.998449 0.293733 3.444413 3.074972 466.371434 2.190567
428 -1.051693 0.313270 61.676211 0.147694 227.944890 0.297055
429 -1.136953 0.220096 15.333295 2.145846 390.180493 0.467575
429 -2.669385 0.339188 41.862088 1.789206 396.914938 3.532439
429 -1.434011 0.194939 -72.820628 3.530091 439.225189 1.061690
429 -1.382158 0.272089 -57.332819 2.188926 355.310233 0.957985
429 -1.448672 0.367066 -51.982746 0.434284 242.945470 1.091013
429 -1.792525 0.252107 35.799206 1.277531 329.489173 1.778718
429 -1.468743 0.383256 29.759498 0.649309 285.543823 1.131155
429 -0.956590 0.214821 -12.039894 0.403432 251.836517 0.106849
429 -1.093324 0.356394 -46.271362 0.593201 249.955949 0.380316
429 -1.258084 0.311422 64.616750 0.899642 288.334259 0.709836
430 -1.414167 0.234412 31.548415 2.068693 390.257310 1.022003
430 -3.263678 0.334519 -5.053080 2.125646 365.450707 4.721025
430 -1.127311 0.211776 -76.891890 3.743562 453.695442 0.448291
430 -2.334219 0.261891 -15.173372 2.214862 400.522304 2.862106
430 -0.932073 0.394613 -66.665493 0.356934 225.442403 0.057815
430 -1.674477 0.199895 50.175175 1.251317 327.547769 1.542623
430 -1.195753 0.376819 23.361503 0.757781 306.494657 0.585174
430 -1.118436 0.194176 -26.866990 0.492927 246.145015 0.430542
430 -0.959622 0.302867 -24.813053 0.109335 223.810059 0.112913
430 -1.396074 0.334704 70.277447 0.628083 271.326991 0.985817
431 -1.716706 0.100821 17.198920 3.051937 437.742736 1.627082
431 -2.498021 0.390113 37.686214 1.283905 318.466843 3.189710
431 -1.936533 0.229487 84.491686 3.832754 460.175633 2.066736
431 -2.975008 0.335873 -45.550297 0.749373 288.493439 4.143686
431 -1.059012 0.395563 -84.294699 0.569184 234.555887 0.311693
431 -1.751971 0.090646 54.864752 1.289855 307.957515 1.697612
431 -1.166833 0.344091 28.862942 1.322229 349.207792 0.527335
431 -1.081678 0.267626 -62.260197 0.906087 268.028905 0.357025
431 -1.168252 0.316772 -75.540345 0.844289 254.713930 0.530173
431 -1.680774 0.305301 78.618811 0.595955 265.231099 1.555217
432 -1.678232 0.060981 13.297363 3.035357 442.486345 1.550133
432 -1.651130 0.382209 -33.995561 0.767379 289.455850 1.495929
432 -2.457337 0.255181 80.514934 3.871571 467.160400 3.108344
432 -1.089733 0.264720 -76.190407 2.969153 404.658546 0.373136
432 -2.093336 0.179316 66.732511 2.897958 421.909491 2.380341
432 -2.377995 0.344151 -43.632179 0.279775 248.591958 2.949659
432 -1.221258 0.298848 72.824237 0.882174 275.522058 0.636185
432 -0.940685 0.296202 -67.448829 2.317368 358.838180 0.075040
432 -1.167765 0.248072 -61.185070 1.040131 278.799576 0.529199
432 -1.424158 0.288346 72.827542 1.425067 311.843214 1.041986
433 -1.700456 0.340847 -37.853430 0.382925 254.595159 1.594582
433 -2.349947 0.271105 -37.506048 3.177036 432.888578 2.893563
433 -2.243288 0.371046 66.747227 2.806199 393.319528 2.680246
433 -1.299352 0.162522 -85.790836 3.079186 418.065493 0.792373
433 -1.185261 0.395383 53.511883 0.477155 258.042802 0.564191
433 -1.862407 0.068732 67.345251 3.003859 424.029449 1.918483
433 -3.351726 0.258088 -3.723555 2.674902 408.812117 4.897121
433 -1.673348 0.348310 -38.434082 2.087833 357.277162 1.540365
433 -1.271682 0.236101 -61.680286 0.772828 261.227558 0.737034
433 -1.323626 0.107965 26.385068 3.867722 492.695387 0.840922
434 -2.474216 0.046977 5.957987 3.690359 473.792023 3.142102
434 -1.180788 0.353134 -69.850844 4.312094 470.091137 0.555245
434 -2.496044 0.286082 -73.334475 1.974011 350.101763 3.185758
434 -2.102155 0.134807 68.208278 3.866561 468.960174 2.397980
434 -1.011512 0.325711 20.870937 1.114580 321.118924 0.216693
434 -2.319569 0.063667 51.105703 4.001563 487.019968 2.832808
434 -1.775469 0.151895 -30.639615 2.629174 394.589442 1.744608
434 -1.016520 0.348844 -61.402804 1.337372 292.435682 0.226709
434 -1.486622 0.148251 -76.092259 1.282126 296.658471 1.166914
434 -1.388088 0.115544 12.225681 3.849325 492.139902 0.969845
435 -1.569236 0.268668 -17.079518 1.342663 338.112009 1.332142
435 -2.174063 0.396365 79.163210 4.113587 462.058044 2.541796
435 -1.612316 0.263336 71.031621 1.775435 343.396838 1.418301
435 -1.818863 0.063073 76.614934 3.873093 474.690612 1.831395
435 -1.985699 0.310612 65.290081 1.072672 317.248023 2.165068
435 -2.315339 0.223455 -22.712057 2.633794 414.741344 2.824347
435 -1.072728 0.306830 -27.515345 0.636254 260.271700 0.339125
435 -1.339086 0.392555 -77.189871 1.977028 326.424621 0.871841
435 -1.499039 0.094030 -78.349361 1.229722 301.759446 1.191746
435 -1.106455 0.089501 13.910636 3.408067 469.193643 0.406579
436 -1.471853 0.304158 8.921579 1.979863 385.333349 1.137375
436 -1.169154 0.322728 -26.712947 0.475543 243.820253 0.531977
436 -1.032619 0.235612 -74.173927 0.608183 248.451103 0.258908
436 -2.183959 0.102360 -89.010582 3.204018 437.270098 2.561588
436 -1.882243 0.263748 -19.953311 1.878081 372.441182 1.958156
436 -1.833443 0.255419 -48.640656 3.590690 445.576683 1.860556
436 -0.966253 0.328902 -20.377180 0.184059 237.078742 0.126176
436 -1.543756 0.388565 -77.160802 1.112800 283.105716 1.281181
436 -1.202962 0.070948 -74.183617 1.120899 292.345886 0.599593
436 -3.039880 0.122397 39.816639 3.645552 472.006518 4.273429
437 -2.062715 0.200733 -16.688982 2.467465 403.683877 2.319100
437 -1.820482 0.138611 -26.949278 1.433911 332.550118 1.834633
437 -3.295982 0.340473 67.193204 1.962942 388.191518 4.785633
437 -1.869390 0.221908 89.886810 4.408540 487.177958 1.932449
437 -2.209842 0.194657 -24.451771 1.892573 374.592780 2.613353
437 -0.972194 0.240776 -32.008688 0.090483 222.353711 0.138058
437 -1.100255 0.335503 0.422877 0.160466 239.152019 0.394179
437 -1.728854 0.385702 -68.722561 1.829953 332.088066 1.651377
437 -1.189547 0.240901 -85.739463 1.840041 331.611276 0.572762
437 -1.959656 0.185134 -40.180583 2.169259 377.695785 2.112981
438 -1.422352 0.329395 -85.026016 1.334148 295.318164 1.038372
438 -1.837450 0.243941 -28.099908 2.306478 381.365290 1.868569
438 -1.192256 0.211857 17.298775 2.251323 410.257388 0.578181
438 -2.054104 0.226147 -89.639143 4.422577 488.181218 2.301878
438 -1.536183 0.116974 -31.623386 2.419280 385.082309 1.266036
438 -1.232339 0.278152 -76.232593 0.458910 238.330463 0.658348
438 -1.132105 0.347682 -32.918503 0.489177 257.101417 0.457880
438 -1.076676 0.192750 -80.042034 0.539374 243.848780 0.347022
438 -1.197745 0.282777 -85.549401 2.285959 358.070883 0.589159
438 -3.087481 0.278238 -33.421259 2.447142 409.163550 4.368631
439 -1.436122 0.385744 -84.756782 1.577337 309.119654 1.065913
439 -1.321119 0.197334 -48.461293 0.447312 244.881684 0.835906
439 -2.536699 0.199324 89.638416 0.551499 258.100995 3.267066
439 -1.502378 0.212349 -59.956345 4.084958 472.476539 1.198425
439 -2.026582 0.229214 -11.974178 2.191928 389.739999 2.246834
439 -2.826883 0.309048 -85.021146 0.378470 245.869739 3.847436
439 -1.117789 0.224688 -32.369245 0.741153 271.650693 0.429248
439 -2.394800 0.144224 -66.590920 0.498668 246.865398 2.983269
439 -2.494662 0.213692 -30.304196 1.664472 358.410177 3.182993
439 -1.544092 0.243429 -37.490501 2.065460 359.697499 1.281854
440 -1.056221 0.386177 -82.871862 1.397934 291.722911 0.306110
440 -1.962047 0.135295 -42.665004 0.931503 288.043204 2.117763
440 -1.308425 0.192871 -83.533790 0.814284 264.418271 0.810520
440 -3.804549 0.322948 -17.951329 2.736086 434.948055 5.802767
440 -2.508294 0.176260 -8.428038 2.334534 381.690810 3.210257
440 -1.015858 0.323010 -80.066286 0.991355 269.139443 0.225385
440 -1.021920 0.185644 -0.035562 0.542162 262.894582 0.237510
440 -1.564621 0.257975 -22.502835 1.528321 344.100823 1.322911
440 -1.342406 0.252294 -34.506954 0.556904 262.056795 0.878482
440 -1.901084 0.309733 -89.766464 2.451715 375.673773 1.995838
441 -1.258934 0.360942 -81.933372 0.788463 256.925873 0.711537
441 -1.091845 0.328766 -76.743235 1.044052 268.641065 0.377359
441 -1.799753 0.192180 -53.782178 0.726036 266.474674 1.793174
441 -2.951141 0.347820 -23.029918 2.904181 423.189783 4.095951
441 -4.506816 0.245797 25.483949 2.263137 380.527442 7.207300
441 -1.730100 0.207105 -14.986529 1.984285 377.979543 1.653868
441 -1.133673 0.173396 -17.777382 0.229395 229.781761 0.461016
441 -1.679779 0.234702 -41.243537 1.292358 315.478179 1.553227
441 -2.792158 0.299181 -47.299348 3.379414 442.459726 3.777986
441 -1.130759 0.166574 2.742610 1.104944 310.311136 0.455187
442 -1.010210 0.367981 -78.027297 0.484279 229.893054 0.214090
442 -2.747450 0.310605 -19.617315 2.850125 416.755829 3.688568
442 -2.175682 0.244195 -44.786034 1.447117 329.689135 2.545033
442 -1.556731 0.269460 -29.957912 0.106694 231.966522 1.307131
442 -1.281608 0.322566 63.692859 0.834977 273.615206 0.756884
442 -1.233767 0.290213 -24.780994 1.026548 290.785192 0.661203
442 -1.515222 0.298290 -28.242781 1.614540 335.935553 1.224113
442 -1.297828 0.157908 18.069376 3.015795 455.836250 0.789324
442 -1.364420 0.219005 52.450925 0.517161 265.323164 0.922509
442 -1.289736 0.176590 52.466893 1.055035 302.854831 0.773140
443 -0.993041 0.374970 -81.397595 0.359681 222.966420 0.179752
443 -3.549157 0.344667 -11.167977 2.307853 440.954959 5.291983
443 -1.611153 0.199387 -7.652497 1.817475 363.796857 1.415976
443 -1.183473 0.377738 -75.922474 1.070353 277.275077 0.560616
443 -2.329136 0.369794 58.781676 2.041119 373.180003 2.851942
443 -1.127962 0.328953 -46.249302 0.952343 273.011080 0.449592
443 -2.603234 0.238910 31.091663 1.275900 314.660089 3.400137
443 -1.646972 0.206306 -4.245177 1.802482 375.402318 1.487613
443 -1.089387 0.227794 44.075693 0.218876 241.362949 0.372443
443 -1.478342 0.171304 50.163680 1.512479 341.363666 1.150354
444 -1.124756 0.221093 -24.046913 0.920054 284.228214 0.443181
444 -2.118735 0.345327 -19.671979 1.671927 368.962242 2.431138
444 -1.478929 0.165246 -18.629764 1.754564 347.252359 1.151527
444 -2.006099 0.370632 -82.990853 1.065357 281.206843 2.205867
444 -1.082466 0.323303 5.141097 0.454172 266.895002 0.358602
444 -1.405234 0.223232 55.164056 1.304637 322.520916 1.004137
444 -1.334667 0.258596 58.209246 1.052713 305.530409 0.863003
444 -1.293109 0.384932 17.437418 1.565690 383.665817 0.779887
444 -1.050818 0.358856 -1.688016 0.760623 299.178610 0.295305
444 -1.576358 0.168507 45.457995 1.543880 339.241406 1.346384
445 -0.904565 0.242571 -71.027522 1.848364 333.305241 0.002799
445 -1.091916 0.354751 -49.040831 0.835641 261.754849 0.377501
445 -1.939801 0.198359 -53.042973 3.095421 423.433314 2.073271
445 -2.919371 0.322314 8.746057 2.539962 453.789834 4.032412
445 -1.066111 0.364318 25.045276 1.822288 386.108912 0.325892
445 -1.327965 0.185433 67.008665 1.086492 298.162444 0.849599
445 -1.432420 0.164993 56.990763 1.407542 328.346887 1.058510
445 -1.993959 0.373256 -14.651646 1.692454 363.764890 2.181588
445 -0.904091 0.384185 15.684759 0.639808 290.893814 0.001851
445 -1.826078 0.152508 48.921152 1.624965 335.710265 1.845825
446 -1.596548 0.245010 -66.697296 1.965554 347.139381 1.386766
446 -2.253840 0.386596 -28.287533 2.357235 360.470601 2.701350
446 -2.187604 0.154060 -30.275043 3.791622 472.463837 2.568877
446 -1.429499 0.055233 -11.256518 2.419737 395.042463 1.052668
446 -2.539677 0.338327 57.889912 1.789069 379.114536 3.273023
446 -1.086422 0.211429 69.226534 0.081848 218.772417 0.366513
446 -1.159809 0.325404 45.083970 0.609539 282.096781 0.513286
446 -1.280682 0.276439 68.321072 0.328851 229.785023 0.755032
446 -1.736817 0.378852 -19.999515 1.498108 330.185854 1.667304
446 -2.910080 0.140216 82.405939 0.672157 270.404976 4.013829
447 -1.056955 0.255856 -76.610270 1.939701 340.461537 0.307579
447 -1.809636 0.358856 -45.023102 2.814065 396.467652 1.812941
447 -2.159627 0.307965 -89.448724 2.481612 381.479084 2.512923
447 -3.294798 0.156913 -0.561488 3.034458 429.830198 4.783264
447 -1.553369 0.128054 -38.228703 2.918518 415.582351 1.300408
447 -1.347912 0.194381 79.595902 0.054366 217.987014 0.889493
447 -1.694709 0.323825 45.459980 1.001905 295.832701 1.583086
447 -1.254742 0.333137 65.668092 0.349585 251.082244 0.703153
447 -1.407704 0.222165 76.505300 0.771312 272.847005 1.009078
447 -1.402300 0.149652 -79.149873 0.493982 244.439235 0.998268
448 -1.225100 0.297266 -13.571959 0.641950 266.134483 0.643869
448 -2.008707 0.094324 52.077415 3.239597 449.971316 2.211083
448 -1.701520 0.277876 -50.557497 3.506556 436.863284 1.596708
448 -3.009907 0.150581 39.615223 3.598074 490.076047 4.213483
448 -1.836815 0.125002 -7.499937 2.510626 416.058565 1.867300
448 -1.381421 0.145811 70.368247 1.149936 301.206700 0.956512
448 -2.537170 0.250007 32.285442 2.339584 428.214989 3.268009
448 -1.064077 0.302471 63.544165 0.314985 241.125218 0.321824
448 -2.903370 0.139500 84.469118 0.752970 275.943056 4.000409
448 -1.841330 0.183705 -72.882620 0.569155 251.596834 1.876329
449 -1.836160 0.211980 49.204838 1.921165 377.180510 1.865989
449 -2.285548 0.354527 68.512652 0.839068 302.773223 2.764765
449 -2.004635 0.145410 -35.473314 3.403416 451.530233 2.202940
449 -2.547156 0.154360 -18.988974 3.705381 471.362889 3.287981
449 -1.901705 0.295229 75.013005 1.027257 303.064038 1.997079
449 -1.388474 0.170152 -72.331461 0.779382 265.642479 0.970616
449 -2.460061 0.361035 67.998041 2.030275 377.102516 3.113790
449 -2.024302 0.171702 -9.383624 2.390361 396.451640 2.242273
449 -1.652746 0.187620 71.572541 2.091248 365.718512 1.499161
449 -2.251791 0.120925 -62.352771 0.536875 251.487671 2.697251
450 -1.593080 0.229316 33.811371 1.766691 377.448626 1.379829
450 -1.490536 0.152513 36.573985 0.959870 297.334209 1.174740
450 -1.098489 0.110723 -58.782065 2.761337 402.992095 0.390646
450 -1.033224 0.233206 -16.975869 0.559841 265.206267 0.260118
450 -0.903784 0.339091 -69.794533 0.932426 264.014994 0.001237
450 -1.064486 0.256813 -43.642243 0.037741 209.371201 0.322642
450 -3.574880 0.366863 -84.428402 2.155977 371.029774 5.343429
450 -1.004702 0.312772 27.178297 0.467547 269.855327 0.203073
450 -1.877878 0.204912 -11.075470 1.851962 354.285037 1.949425
450 -1.079602 0.347380 23.337855 0.479384 269.644584 0.352872
451 -0.934137 0.240693 21.320015 1.850008 375.136918 0.061943
451 -1.540322 0.293546 75.023712 1.130127 303.184487 1.274313
451 -2.006029 0.102602 -55.250936 2.780583 411.324421 2.205728
451 -1.033930 0.238830 -25.056427 0.622754 261.218072 0.261528
451 -1.037818 0.327163 -69.022706 0.523556 240.280984 0.269305
451 -1.453399 0.313536 -51.518194 0.532395 250.092538 1.100467
451 -2.246465 0.283887 84.889763 3.783178 456.641038 2.686599
451 -1.143385 0.376895 -85.281716 2.059690 336.218478 0.480439
451 -1.174944 0.187823 10.131729 1.818580 373.313944 0.543557
451 -0.987185 0.332063 11.407456 1.058053 325.157256 0.168040
452 -1.510012 0.047360 -70.050483 2.707211 408.467089 1.213693
452 -1.435578 0.270581 56.846026 1.249085 313.658532 1.064826
452 -1.990976 0.087211 70.779732 4.175409 489.760810 2.175622
452 -1.252632 0.346820 -14.430706 0.447251 249.990416 0.698934
452 -0.928290 0.325045 -67.565509 0.999073 268.136694 0.050248
452 -1.316293 0.333233 -44.494133 0.462181 249.275591 0.826254
452 -3.086548 0.156436 -18.811623 3.695757 482.540748 4.366764
452 -1.193908 0.235927 51.766533 0.188407 230.789546 0.581486
452 -1.033385 0.201545 25.420769 1.637382 355.974903 0.260439
452 -0.940642 0.393066 22.243200 0.460528 275.951272 0.074953
453 -1.509332 0.073772 66.519962 1.652912 336.434024 1.212334
453 -2.446513 0.290972 57.169097 2.472884 394.028060 3.086696
453 -2.360697 0.133199 65.270226 4.028497 487.729649 2.915063
453 -1.582676 0.192608 54.090872 1.694123 352.340461 1.359022
453 -1.523461 0.186542 8.998850 1.850436 362.773700 1.240591
453 -1.743117 0.367395 -50.616871 0.090587 224.804178 1.679904
453 -1.364320 0.346273 60.886917 0.211884 224.227235 0.922309
453 -1.300738 0.201771 75.354195 1.058378 282.919380 0.795145
453 -1.309064 0.167328 27.198237 2.399669 403.267510 0.811798
453 -1.004433 0.377851 24.105662 0.201332 250.142918 0.202536
454 -1.513614 0.059093 61.577537 1.215662 304.424736 1.220898
454 -2.630541 0.276781 59.932677 2.121231 394.382674 3.454752
454 -2.961079 0.210329 -36.065112 4.228760 496.495835 4.115828
454 -1.410139 0.322935 17.714180 1.514415 346.273382 1.013947
454 -0.929913 0.111373 12.191899 1.532699 338.733141 0.053494
454 -2.967214 0.394037 -38.339251 2.186583 387.267341 4.128098
454 -3.020994 0.096297 -79.975943 3.311012 445.130407 4.235658
454 -1.102265 0.299716 62.413977 0.502153 256.195578 0.398199
454 -6.633576 0.123189 -15.041324 0.645718 350.047685 11.460821
454 -1.584160 0.381615 -27.954850 1.455957 332.587718 1.361989
455 -1.494321 0.136702 69.432484 1.347009 318.087114 1.182311
455 -1.053910 0.324199 -22.578398 0.566207 259.650947 0.301489
455 -1.813957 0.343220 82.733514 2.828355 395.500452 1.821584
455 -2.226077 0.213357 62.279114 1.391174 338.655052 2.645823
455 -1.378653 0.205260 -78.211138 2.638721 391.040563 0.950975
455 -3.310983 0.261274 -66.650230 3.518286 444.650710 4.815635
455 -1.335876 0.121063 -64.194168 2.965683 417.945331 0.865422
455 -2.007888 0.308450 66.105030 2.240646 372.797547 2.209446
455 -6.235475 0.124787 -56.521543 1.109151 339.866901 10.664618
455 -1.781047 0.375332 74.849044 1.145368 311.488109 1.755764
456 -1.380202 0.140280 66.849210 1.276677 311.224696 0.954074
456 -2.662072 0.231289 57.114601 3.222550 436.359433 3.517814
456 -2.519246 0.311792 62.524735 3.213607 418.650948 3.232162
456 -1.083150 0.154810 -28.464857 0.305898 239.307960 0.359969
456 -2.016212 0.199865 83.379683 2.718398 404.149921 2.226094
456 -1.216821 0.240064 -57.880081 3.676749 445.532162 0.627311
456 -2.959433 0.058183 -80.397326 2.154127 372.347631 4.112535
456 -1.014353 0.366103 13.203437 2.284547 426.649860 0.222376
456 -2.388645 0.398860 20.606309 1.982547 427.380564 2.970959
456 -1.103081 0.069213 -29.965723 1.297447 311.043489 0.399832
457 -1.760069 0.253454 -41.428000 3.651361 446.992083 1.713807
457 -2.073200 0.222270 67.394344 2.984881 414.913355 2.340070
457 -2.587086 0.343628 62.722852 2.855115 392.466398 3.367841
457 -2.089093 0.088731 68.110990 2.084253 375.963761 2.371855
457 -0.942430 0.198108 -74.987943 2.520231 381.012249 0.078530
457 -1.467324 0.298887 -72.153696 2.468882 365.042132 1.128316
457 -1.487150 0.092796 -88.103833 2.398164 381.643152 1.167970
457 -4.148195 0.255071 44.337406 2.573893 457.644835 6.490059
457 -2.160133 0.370600 18.061323 1.713813 402.997673 2.513935
457 -2.068648 0.127453 -19.395726 3.145370 445.428926 2.330966
458 -2.546140 0.243564 -33.596837 4.412013 497.043683 3.285950
458 -2.304589 0.218179 61.370821 2.971146 420.446489 2.802847
458 -1.697789 0.311145 -61.989113 1.450617 308.720231 1.589248
458 -2.763961 0.277687 -80.855738 2.688939 395.186759 3.721590
458 -1.974827 0.319872 -35.494450 3.158492 417.950758 2.143323
458 -1.839629 0.021597 46.023623 3.804117 481.436961 1.872927
458 -2.115441 0.379325 -88.073343 1.589084 324.118633 2.424551
458 -1.250313 0.301870 -37.364445 0.565905 260.648327 0.694296
458 -3.232002 0.361990 51.224363 1.976820 410.195718 4.657673
458 -2.637419 0.119154 -2.449538 3.464814 465.948724 3.468508
459 -3.181777 0.283868 -11.207424 3.059775 421.146659 4.557223
459 -2.762403 0.215254 52.247259 2.985998 418.837735 3.718475
459 -1.307980 0.101978 19.122245 3.839940 489.704946 0.809630
459 -1.271848 0.070431 -68.564842 3.918094 478.817800 0.737366
459 -1.053187 0.264567 24.649462 1.328024 334.490228 0.300043
459 -2.902205 0.081803 -58.285291 2.488147 393.308794 3.998079
459 -1.899107 0.193058 -30.816757 2.732103 410.028761 1.991883
459 -1.366497 0.306308 -38.174457 0.852920 261.167998 0.926663
459 -1.110618 0.379431 80.148976 0.203692 216.613228 0.414905
459 -2.400611 0.061762 38.590103 2.541906 405.159555 2.994891
460 -1.105675 0.107611 -76.826211 0.457626 241.857735 0.405018
460 -2.182443 0.330509 77.314644 0.861887 293.838081 2.558555
460 -1.653316 0.147203 -89.071072 1.813843 338.279524 1.500302
460 -2.076992 0.136980 -28.266606 3.504922 459.103723 2.347653
460 -1.291926 0.283637 48.135637 0.744223 278.792922 0.777521
460 -1.416713 0.107861 -66.098036 2.095798 363.328514 1.027096
460 -1.571221 0.269027 -42.143606 2.843257 397.005048 1.336112
460 -1.067325 0.280003 -50.414571 0.999123 273.158383 0.328319
460 -1.204391 0.281893 82.730264 0.868956 266.622706 0.602452
460 -1.122078 0.087665 -10.784294 1.262510 314.753733 0.437826
461 -1.996759 0.150327 51.156516 1.668903 334.649508 2.187188
461 -1.304399 0.304537 -47.406810 1.596154 318.226148 0.802468
461 -2.150869 0.372177 -13.370361 1.696377 376.192577 2.495407
461 -2.313596 0.396316 -28.995510 3.228087 415.583578 2.820860
461 -1.422743 0.267024 59.039257 1.016663 288.017723 1.039155
461 -2.361147 0.112066 -83.004874 2.461300 388.752492 2.915963
461 -2.740255 0.315115 -9.715884 2.242484 387.518616 3.674180
461 -2.440528 0.281816 -47.360872 1.111459 307.176340 3.074726
461 -2.232222 0.137587 -20.789660 3.139126 429.611161 2.658114
461 -1.562174 0.134256 -8.189328 1.541117 332.483198 1.318018
462 -1.959510 0.166473 66.167329 2.567820 389.441044 2.112690
462 -1.393887 0.328799 -49.283658 1.625907 320.779545 0.981443
462 -1.896351 0.330891 -23.798910 1.712000 360.286701 1.986371
462 -4.304769 0.281907 -5.335029 1.922174 417.939078 6.803207
462 -1.620786 0.320155 84.161276 0.140496 227.018127 1.435241
462 -1.275648 0.211795 45.517418 1.026839 304.979106 0.744965
462 -1.786213 0.290653 -35.550261 1.952943 360.850065 1.766096
462 -2.181210 0.312483 0.724139 2.507989 436.932218 2.556089
462 -2.573881 0.316296 53.494874 2.195508 393.848467 3.341431
462 -1.581563 0.151268 -10.459248 1.680466 343.113281 1.356795
463 -1.340626 0.333011 58.172112 1.015142 296.526220 0.874921
463 -1.791949 0.354307 -31.682011 2.052153 349.237940 1.777567
463 -1.219436 0.165803 61.446967 0.824960 277.455022 0.632541
463 -1.760604 0.316548 -46.945716 2.448685 378.642889 1.714876
463 -1.313908 0.314368 83.899549 0.149692 223.048629 0.821486
463 -1.591975 0.169411 47.181634 1.103920 299.327795 1.377619
463 -2.055242 0.258111 -57.877267 2.209919 365.396614 2.304154
463 -1.428784 0.327606 21.557497 2.092304 416.283106 1.051238
463 -2.631930 0.348648 39.407936 1.797828 392.623586 3.457529
463 -2.049760 0.302818 -53.087349 1.286375 295.431019 2.293189
464 -1.880597 0.353966 75.175795 1.539705 335.610314 1.954862
464 -1.081594 0.197274 -67.396614 4.366179 488.532324 0.356857
464 -1.609686 0.367606 61.021285 0.115103 214.121227 1.413042
464 -1.740441 0.163333 -40.539786 3.046577 424.735186 1.674551
464 -1.093374 0.254029 63.500795 0.205919 228.614802 0.380417
464 -1.580312 0.116436 -38.589747 2.881116 416.932955 1.354293
464 -1.598813 0.224452 -10.678618 1.103948 297.363070 1.391294
464 -0.909377 0.294074 17.310343 1.737980 374.757200 0.012423
464 -2.901349 0.359416 22.757458 1.835665 415.570026 3.996368
464 -1.705555 0.064253 -13.593775 3.379300 460.287090 1.604779
465 -1.413143 0.277864 25.911262 2.838298 458.338006 1.019955
465 -1.526018 0.248472 65.286881 1.564454 329.341757 1.245705
465 -1.110822 0.398471 50.176773 0.575885 277.457755 0.415313
465 -2.974509 0.289170 -37.691438 3.918110 474.186774 4.142687
465 -1.358370 0.252763 60.838279 0.041146 213.568407 0.910409
465 -2.347630 0.148123 -22.342218 3.574309 453.660667 2.888930
465 -2.417931 0.261935 6.794234 0.974601 292.025931 3.029530
465 -1.410016 0.339884 10.662314 1.421052 342.319349 1.013701
465 -4.547188 0.363031 -31.694350 1.959946 426.307890 7.288045
465 -1.932183 0.059060 -3.889235 3.157699 442.091661 2.058035
466 -1.458793 0.270521 22.453661 2.737360 452.659464 1.111256
466 -2.051978 0.183166 51.357419 2.310969 387.625695 2.297626
466 -1.192159 0.037313 -37.452745 0.010303 215.026648 0.577987
466 -2.016339 0.277487 -80.669858 4.453993 486.994888 2.226346
466 -1.726612 0.235863 77.173539 0.147828 230.381334 1.646894
466 -2.832649 0.209709 -19.685039 4.468717 497.939432 3.858966
466 -1.524289 0.278202 -8.018365 1.134981 307.205125 1.242248
466 -1.672986 0.141708 -37.412655 3.307087 437.325471 1.539642
466 -3.112372 0.032863 -57.859066 2.401921 392.051961 4.418413
466 -2.930371 0.093931 33.372202 3.146916 439.778596 4.054410
467 -2.460979 0.173573 -40.325352 3.494214 458.155936 3.115626
467 -3.630598 0.304156 58.462400 2.514407 449.593229 5.454865
467 -1.852344 0.347358 -42.404620 0.123882 233.322045 1.898357
467 -1.488526 0.289864 -64.619725 3.129071 413.957132 1.170721
467 -1.358556 0.218481 68.032045 0.473607 240.444598 0.910782
467 -2.185482 0.381003 -42.176560 1.833717 355.085624 2.564633
467 -1.875782 0.317931 -23.576236 1.856363 345.614065 1.945234
467 -1.258177 0.354313 77.723625 0.744777 252.579538 0.710023
467 -1.946312 0.142599 -33.258750 2.940098 427.354666 2.086293
467 -2.089172 0.079542 44.022244 2.861310 423.109717 2.372013
468 -3.051319 0.184098 -21.577001 3.868930 484.338261 4.296307
468 -1.508857 0.118619 -66.641918 2.782650 407.822024 1.211383
468 -2.964122 0.365335 -85.743989 0.769638 278.018366 4.121914
468 -1.800884 0.372945 -62.819781 2.485519 371.601136 1.795438
468 -1.338538 0.133875 -47.466065 2.341299 373.902244 0.870746
468 -1.881584 0.379653 -31.829960 2.206626 361.843805 1.956838
468 -1.061974 0.399444 -33.187901 0.520790 256.803131 0.317618
468 -1.355510 0.336862 78.053981 1.032623 272.148173 0.904690
468 -2.523941 0.330478 -40.598050 3.061401 401.862424 3.241551
468 -2.528753 0.124944 80.959842 1.254426 314.201169 3.251174
469 -1.078680 0.272676 -59.761009 3.101470 409.303246 0.351029
469 -2.579406 0.145128 -19.431217 3.652030 474.073179 3.352480
469 -4.923441 0.103700 -11.880436 2.630954 442.850095 8.040552
469 -3.480173 0.234959 -7.652016 3.308059 449.761678 5.154015
469 -1.107044 0.152355 -57.253954 2.391279 375.625445 0.407758
469 -1.455758 0.291512 -63.255619 1.956746 342.090254 1.105186
469 -2.661700 0.347497 -9.975366 1.443128 311.401810 3.517069
469 -1.043714 0.330966 -77.344139 0.438691 233.250857 0.281096
469 -3.043251 0.286163 -17.467536 3.834212 463.703345 4.280172
469 -1.331741 0.258582 78.056573 1.263929 299.456297 0.857151
470 -1.424014 0.170245 -34.973187 1.894462 352.818740 1.041697
470 -1.436466 0.281174 -65.846765 3.878102 455.771217 1.066602
470 -3.315640 0.390094 -22.679802 2.605875 447.093114 4.824949
470 -2.033070 0.271559 -35.601119 3.873732 459.397635 2.259809
470 -1.953000 0.249713 -86.692331 3.257402 424.640242 2.099669
470 -1.014067 0.225724 -62.384811 2.859927 398.498899 0.221804
470 -1.204728 0.379382 -17.695746 0.659660 268.314765 0.603126
470 -1.004784 0.361538 -75.803654 0.062848 204.859324 0.203237
470 -3.676517 0.326382 -8.955764 4.064886 473.026798 5.546704
470 -1.294014 0.272163 -70.838564 0.470861 240.383136 0.781697
471 -1.378639 0.330658 2.550267 1.275440 343.428772 0.950948
471 -1.953527 0.242286 -72.170593 4.521892 494.909173 2.100722
471 -2.215026 0.371922 71.199107 1.905520 363.775927 2.623721
471 -2.554395 0.273734 -21.133405 2.495024 409.455651 3.302460
471 -1.158447 0.028637 21.266256 2.603591 407.919049 0.510563
471 -1.011767 0.158754 -77.025641 4.134288 479.501891 0.217202
471 -1.176106 0.375378 -39.947989 0.839360 274.200498 0.545881
471 -0.942624 0.331574 -68.289259 0.428002 232.157789 0.078918
471 -2.458888 0.249471 7.808313 1.282189 317.792022 3.111446
471 -1.914917 0.383879 -45.789043 2.326566 371.860334 2.023504
472 -2.059334 0.347396 -16.875347 1.725327 342.006578 2.312337
472 -3.362499 0.308384 -13.193728 4.250379 477.925664 4.918667
472 -0.994277 0.198485 20.722555 2.400052 415.531780 0.182223
472 -2.705574 0.344750 -12.157707 2.200279 385.588004 3.604816
472 -0.952836 0.034663 12.481920 2.427149 395.853387 0.099340
472 -0.956384 0.168363 -75.123606 3.944684 468.080903 0.106437
472 -3.058630 0.338892 -59.605653 1.185145 306.107470 4.310930
472 -3.021167 0.375713 -62.327116 0.061857 219.326926 4.236002
472 -1.093282 0.243136 25.774692 1.704947 362.390105 0.380234
472 -0.927014 0.252483 14.634609 1.462587 346.191059 0.047697
473 -2.729731 0.340193 -58.348571 0.243638 237.030509 3.653132
473 -3.328333 0.326698 -14.038424 4.309201 480.321702 4.850336
473 -2.562403 0.263077 11.319829 1.226391 317.342737 3.318475
473 -2.914550 0.338449 -10.043791 2.293479 385.160515 4.022770
473 -1.694845 0.091656 2.055675 2.801213 426.144194 1.583360
473 -1.011314 0.227719 -0.118587 0.707828 281.030527 0.216296
473 -1.426925 0.304579 -83.877740 1.359754 298.943790 1.047519
473 -1.036103 0.332019 -34.029086 0.012413 219.392637 0.265875
473 -1.518407 0.335553 1.284369 1.400828 357.972450 1.230483
473 -1.022755 0.280213 12.513605 1.640251 361.208344 0.239179
474 -2.457474 0.257146 -43.784854 1.252040 319.950986 3.108616
474 -2.961291 0.331558 -20.135212 3.993017 466.525856 4.116251
474 -1.281006 0.344624 -16.237458 0.249663 250.649169 0.755682
474 -1.076040 0.385229 53.964400 0.043034 233.318257 0.345750
474 -0.981904 0.120638 20.846230 3.199567 458.893705 0.157476
474 -1.327642 0.311674 -35.602023 0.150416 232.594838 0.848953
474 -1.198621 0.322641 -77.429665 1.166561 285.656160 0.590911
474 -1.113807 0.167410 -18.551033 0.746410 270.204339 0.421282
474 -3.305720 0.183450 45.418342 3.183446 475.380265 4.805109
474 -2.378548 0.235585 -86.583859 1.038735 290.772367 2.950766
475 -1.727740 0.074325 -55.973864 1.414055 315.924837 1.649149
475 -4.188085 0.288465 -1.016697 4.094743 479.273047 6.569839
475 -1.567160 0.388271 -9.630872 0.088871 222.147076 1.327990
475 -1.177080 0.378596 65.220097 0.015002 212.375935 0.547828
475 -0.965896 0.097276 13.939876 2.784221 425.877579 0.125461
475 -1.021644 0.157755 -19.699448 0.140967 228.672071 0.236958
475 -2.561162 0.299789 -48.002706 3.049268 422.979462 3.315992
475 -1.085856 0.145816 19.449710 0.607507 268.552136 0.365382
475 -3.442428 0.303167 -60.976038 3.951029 467.877432 5.078525
475 -2.771670 0.118055 64.575478 0.128030 229.418753 3.737009
476 -1.979045 0.078153 -57.441773 1.487137 321.846376 2.151760
476 -1.660426 0.338435 27.305093 2.688737 457.867173 1.514521
476 -1.515377 0.378967 -10.694049 0.194720 229.430077 1.224424
476 -1.400129 0.331767 -78.287014 0.698909 254.577741 0.993927
476 -3.035529 0.161025 6.223925 2.482909 399.640896 4.264727
476 -0.999286 0.202089 1.012487 0.176963 234.306165 0.192240
476 -1.253285 0.242690 -60.590473 2.865404 399.939464 0.700238
476 -1.172307 0.119211 -12.683169 1.075648 297.535403 0.538283
476 -1.189923 0.283944 -70.547759 3.847119 453.150453 0.573516
476 -2.170522 0.289341 84.245135 3.654139 448.827867 2.534713
477 -1.326076 0.097351 -79.651648 1.625001 326.402349 0.845822
477 -0.908008 0.388931 19.643612 2.668767 458.043059 0.009685
477 -2.298582 0.184462 65.098816 2.661610 415.840892 2.790833
477 -2.389678 0.278751 -51.481496 0.163542 232.162227 2.973025
477 -1.887917 0.239724 85.653618 1.887717 349.161192 1.969503
477 -1.290810 0.197891 6.720883 0.109420 228.601170 0.775288
477 -1.341650 0.176862 -62.088683 3.703363 455.281339 0.876968
477 -1.836469 0.158102 -6.151871 0.768843 269.424671 1.866608
477 -1.741767 0.254557 -76.833007 3.602195 444.712509 1.677203
477 -1.964621 0.330605 -89.061105 4.105228 461.135919 2.122911
478 -1.352224 0.383129 -21.115149 0.201107 248.122234 0.898117
478 -1.371040 0.382843 28.309649 3.238510 495.299311 0.935749
478 -4.006582 0.138778 66.319783 3.271269 475.454365 6.206832
478 -2.267746 0.289512 -70.203494 0.405287 240.545713 2.729161
478 -1.401621 0.269411 72.171942 1.380655 309.772588 0.996911
478 -0.946028 0.192735 3.103155 0.270904 242.268565 0.085726
478 -1.113501 0.167173 -68.676373 3.251371 430.523620 0.420671
478 -1.126329 0.134185 19.044435 1.385913 325.895577 0.446327
478 -1.881442 0.233707 -45.277720 3.093425 422.589696 1.956554
478 -1.986347 0.371514 89.693130 4.021451 456.260674 2.166363
479 -1.184789 0.344401 -16.632650 0.870671 299.862065 0.563248
479 -1.108059 0.380859 25.494615 3.180574 493.660538 0.409788
479 -0.924744 0.153021 -73.194734 3.091076 419.975282 0.043157
479 -1.077107 0.296731 -81.699576 0.506809 237.506045 0.347884
479 -1.639365 0.237041 57.081300 1.026033 284.781490 1.472399
479 -2.809886 0.291182 -53.905443 3.505533 446.159941 3.813441
479 -2.058763 0.161128 -51.575959 3.280175 438.856678 2.311195
479 -2.332518 0.276795 -26.622252 3.047681 410.748888 2.858705
479 -2.614617 0.386806 -35.545177 3.302261 433.378363 3.422903
479 -2.070207 0.087721 50.721399 2.206772 374.320303 2.334084
480 -1.421322 0.193036 -26.919934 1.502202 334.449336 1.036312
480 -1.235714 0.393593 26.688889 3.133812 490.371579 0.665097
480 -1.871580 0.201230 87.939326 3.396594 433.628958 1.936829
480 -0.972237 0.319529 18.625004 0.013699 229.771903 0.138144
480 -1.755433 0.350078 -76.437278 2.068055 348.503680 1.704535
480 -1.701642 0.277208 -40.183153 2.794017 398.464404 1.596953
480 -3.607935 0.246785 -14.996464 3.327359 495.154210 5.409539
480 -2.136490 0.285689 -29.724472 3.104703 416.694695 2.466649
480 -2.063835 0.119297 -27.544026 3.676843 469.990849 2.321339
480 -1.925449 0.020719 59.367387 2.380008 390.982253 2.044567
481 -1.421369 0.191056 -15.930562 1.580350 338.723046 1.036408
481 -2.116508 0.099903 60.432444 3.393107 459.499418 2.426684
481 -0.907170 0.209866 -70.189704 3.061386 412.804228 0.008010
481 -1.220752 0.304410 23.992124 0.066047 237.082465 0.635174
481 -1.752396 0.342383 -75.261871 1.911007 339.299772 1.698461
481 -2.062047 0.265351 -39.752963 2.367716 387.217040 2.317763
481 -4.377220 0.199705 -12.558894 2.719291 458.962331 6.948109
481 -2.572932 0.259970 -30.595156 2.886503 425.143871 3.339532
481 -1.297752 0.344403 -16.975670 1.031812 314.403966 0.789173
481 -1.865772 0.023792 60.562723 2.390551 391.124770 1.925214
482 -1.091485 0.323719 14.872661 2.504301 432.652023 0.376639
482 -2.477481 0.368659 -30.814700 4.787034 490.403563 3.148631
482 -3.466598 0.347741 61.671195 2.507525 416.588780 5.126866
482 -3.200877 0.203032 -66.392943 2.545411 392.398359 4.595423
482 -1.203772 0.212419 41.360537 0.816708 289.119181 0.601212
482 -1.326950 0.283022 -10.929378 0.686505 269.140888 0.847569
482 -1.644281 0.159333 65.994348 2.078248 363.873864 1.482232
482 -1.494280 0.368001 52.464857 0.751684 272.084962 1.182230
482 -2.008922 0.340015 -30.085515 0.885523 304.282788 2.211513
482 -1.701910 0.289919 57.294098 1.279213 304.844311 1.597489
483 -1.420713 0.389368 15.355701 1.435031 375.156124 1.035094
483 -1.931418 0.396150 -44.642474 4.752909 490.533361 2.056506
483 -1.769334 0.052570 -60.574550 4.038344 487.514195 1.732338
483 -1.329743 0.200307 -68.052308 2.289360 369.829772 0.853154
483 -1.362617 0.250567 71.181511 1.099360 298.427307 0.918903
483 -2.812166 0.267169 -15.812034 3.388196 484.847532 3.818001
483 -1.404969 0.260339 -55.892870 2.273955 361.089181 1.003608
483 -1.280915 0.328551 56.342828 0.927657 292.952243 0.755500
483 -1.023605 0.285566 -14.250837 0.621674 272.427141 0.240879
483 -1.648965 0.296350 74.678771 1.257987 314.389993 1.491599
484 -0.997672 0.396186 11.680494 1.311570 353.009078 0.189013
484 -1.842850 0.061257 -22.078177 4.116676 498.372345 1.879368
484 -1.047155 0.393365 28.325651 0.510184 283.104964 0.287979
484 -1.238468 0.191932 -85.065572 2.990224 408.797007 0.670606
484 -2.415994 0.248321 35.871048 1.044346 293.403711 3.025657
484 -4.265960 0.285776 -9.059207 2.923490 463.517074 6.725589
484 -1.314870 0.225993 -67.814907 1.942190 345.267581 0.823409
484 -1.103371 0.301807 -82.113286 4.347149 473.941493 0.400411
484 -1.844376 0.361690 -45.349633 1.133816 304.845107 1.882421
484 -1.203304 0.178739 -45.027405 1.337357 306.891448 0.600277
485 -0.905623 0.381285 16.598565 1.073247 328.177729 0.004916
485 -1.062643 0.306571 -66.639488 0.596443 240.184940 0.318955
485 -2.347172 0.354785 53.109032 1.959830 366.625590 2.888012
485 -1.951979 0.100695 63.112917 3.345568 447.804398 2.097627
485 -2.554729 0.135196 81.756176 3.814661 463.810857 3.303126
485 -1.309665 0.315666 13.876616 2.410116 434.962269 0.812999
485 -1.243518 0.272595 65.367616 0.910866 285.950599 0.680705
485 -0.964273 0.320277 -72.788694 4.116018 461.926593 0.122216
485 -1.607812 0.294194 67.405226 1.640334 336.312990 1.409294
485 -0.939417 0.173569 -69.322997 0.675021 254.997178 0.072504
486 -1.847831 0.339163 52.904868 1.606586 353.955982 1.889332
486 -1.012451 0.283588 -77.152800 0.380176 226.862010 0.218571
486 -1.337268 0.306867 68.557947 1.123451 299.325576 0.868204
486 -1.525754 0.170805 6.420222 2.776559 429.687292 1.245177
486 -2.491145 0.166091 -83.127969 4.295041 491.683436 3.175958
486 -3.277495 0.367695 43.998313 2.724882 457.964544 4.748659
486 -1.975042 0.299008 74.431756 2.304411 378.002860 2.143754
486 -0.932530 0.325325 -67.261728 4.027645 455.136195 0.058730
486 -1.516649 0.343458 -36.862351 1.817229 333.124466 1.226968
486 -1.039996 0.124458 -38.404075 0.823377 269.948487 0.273660
487 -1.972677 0.341898 51.841156 1.694722 358.660574 2.139024
487 -1.088578 0.291754 -65.916664 0.852322 264.342274 0.370825
487 -2.966809 0.256742 -88.230066 1.029603 283.943464 4.127288
487 -1.142979 0.213120 27.384003 2.638156 430.268621 0.479628
487 -2.297953 0.181957 69.953776 4.214675 488.991580 2.789575
487 -1.101147 0.342488 60.589052 0.253391 243.882119 0.395964
487 -1.892779 0.316460 69.654570 2.206145 357.164016 1.979226
487 -0.978020 0.313099 -64.413760 4.138601 462.880244 0.149709
487 -1.315509 0.386714 -61.342318 1.586996 310.891750 0.824688
487 -1.416280 0.143572 -24.107171 0.602499 265.457665 1.026229
488 -0.921203 0.377862 15.471090 0.828011 305.006107 0.036074
488 -1.450661 0.230961 -42.418192 1.759214 339.386521 1.094991
488 -1.560480 0.218230 58.156884 1.610578 343.465264 1.314629
488 -0.995960 0.190877 15.206977 2.360078 411.726062 0.185590
488 -2.011436 0.139040 68.916846 3.557698 451.767283 2.216541
488 -1.059224 0.344937 64.724822 0.312817 241.042221 0.312116
488 -2.043831 0.340478 56.705585 1.790175 364.273648 2.281332
488 -2.098824 0.246610 71.839780 3.210478 428.665656 2.391317
488 -1.393729 0.338539 -52.645049 0.780371 264.354089 0.981127
488 -1.374218 0.215094 -74.728655 1.320005 303.157958 0.942105
489 -2.144021 0.229546 -69.728190 2.637232 393.275850 2.481711
489 -1.438076 0.258019 54.648116 1.309156 323.897800 1.069820
489 -1.535274 0.245328 51.488308 1.414956 329.997384 1.264217
489 -2.970068 0.390467 53.924087 2.523037 376.579205 4.133806
489 -1.438842 0.318317 -44.892797 2.384358 365.054168 1.071353
489 -1.065012 0.376870 68.430903 0.241910 236.001271 0.323694
489 -2.278394 0.190081 68.775200 4.260675 488.618732 2.750456
489 -1.955492 0.286205 73.474972 2.994185 409.665275 2.104653
489 -2.741151 0.086083 0.724888 3.264828 445.808138 3.675971
489 -1.031942 0.221046 11.472169 1.958737 384.600000 0.257553
490 -1.155452 0.305017 -85.429103 1.937686 333.251598 0.504573
490 -1.552922 0.194080 42.507121 1.477833 338.928567 1.299514
490 -2.625685 0.207832 33.059469 2.089482 379.313576 3.445040
490 -1.605859 0.315585 18.901447 2.007524 411.122704 1.405387
490 -2.084977 0.321611 -89.675012 2.429218 368.420620 2.363623
490 -1.132768 0.391260 70.793981 0.172955 233.277988 0.459205
490 -2.478372 0.229076 -76.282140 4.187224 480.402557 3.150414
490 -2.157825 0.243236 86.238185 3.237893 430.233159 2.509318
490 -1.151042 0.363078 -80.513581 3.328223 415.691082 0.495753
490 -2.019977 0.214798 -7.130197 1.388344 316.568000 2.233623
491 -1.477370 0.281131 78.289397 1.456125 303.624374 1.148410
491 -2.673761 0.176362 29.374836 1.887233 362.175186 3.541191
491 -1.582236 0.102909 -41.075803 2.332381 384.727612 1.358142
491 -2.086786 0.396125 48.687054 1.370726 362.927796 2.367241
491 -1.298472 0.120561 20.694460 2.759440 422.237119 0.790613
491 -1.553948 0.378489 56.979439 0.661381 257.697475 1.301566
491 -1.150308 0.262387 -83.127254 3.404501 427.598756 0.494285
491 -2.559141 0.201017 83.518356 3.626357 459.861843 3.311951
491 -4.284658 0.108245 -25.543440 2.889986 448.874841 6.762984
491 -1.473213 0.218955 24.995926 0.887310 300.882873 1.140096
492 -1.215207 0.376361 -13.880984 0.602089 266.414085 0.624082
492 -1.486527 0.188837 50.080714 1.516077 339.919764 1.166723
492 -2.874541 0.296679 -32.075185 3.701647 462.889596 3.942751
492 -1.464256 0.328558 62.502972 1.194415 316.835901 1.122181
492 -2.032739 0.313050 -39.165874 3.741615 450.858400 2.259147
492 -1.698431 0.380433 78.828727 0.433653 256.177634 1.590530
492 -2.233090 0.186278 81.140533 4.037737 479.555482 2.659849
492 -2.485220 0.263169 -26.984902 4.374139 486.945798 3.164108
492 -1.964343 0.272846 -47.364380 0.509713 257.403989 2.122356
492 -2.640580 0.355545 47.146478 1.766779 342.477935 3.474830
493 -0.972348 0.317801 -10.527847 0.060014 231.588684 0.138365
493 -1.462074 0.143077 48.926552 1.530500 338.045848 1.117817
493 -1.782363 0.327904 -17.500228 1.257324 302.939658 1.758396
493 -1.314662 0.147952 27.643423 2.325198 396.559805 0.822992
493 -2.054869 0.275435 -85.893095 3.392331 430.818381 2.303408
493 -2.471030 0.379614 43.389564 1.030037 285.978946 3.135728
493 -0.990191 0.272125 -66.868321 0.381686 231.531849 0.174050
493 -1.713144 0.119742 42.358648 1.969710 369.740076 1.619957
493 -1.142005 0.338593 -12.802924 0.397428 249.649571 0.477679
493 -1.901101 0.309940 69.028160 1.911817 359.679342 1.995871
494 -2.572674 0.366464 64.493791 3.855534 446.517387 3.339018
494 -4.110831 0.379146 14.122695 1.745721 365.271111 6.415330
494 -1.018610 0.387488 -28.566103 0.440196 247.892008 0.230890
494 -4.065731 0.078600 52.023791 3.399524 477.035571 6.325132
494 -1.294499 0.247402 -86.158699 3.258767 420.713758 0.782667
494 -1.701317 0.291464 -32.285491 0.846967 292.661754 1.596303
494 -1.292855 0.201956 -30.300579 0.282378 227.697276 0.779380
494 -1.279798 0.340446 49.865389 0.751771 281.438815 0.753265
494 -1.528565 0.284971 -1.648728 0.927370 306.588561 1.250800
494 -1.711672 0.172597 -7.619296 1.525396 330.984906 1.617014
495 -2.470121 0.353767 68.460643 4.109475 466.851582 3.133911
495 -1.728877 0.281094 -12.451803 1.673356 351.384993 1.651423
495 -0.946919 0.392381 -19.868745 0.102837 232.801480 0.087506
495 -1.979187 0.154978 71.711616 3.583856 454.398814 2.152043
495 -2.138535 0.371407 74.043085 4.490657 479.352810 2.470739
495 -1.065256 0.256221 9.834981 1.304078 338.589566 0.324182
495 -0.945430 0.269565 -26.212772 0.016888 216.391144 0.084530
495 -1.719361 0.367994 52.186974 1.394943 346.570738 1.632392
495 -1.077805 0.395739 -46.538891 0.800574 257.740536 0.349278
495 -1.906315 0.171800 -39.607134 3.737389 463.249520 2.006300
496 -1.729564 0.228384 -27.954849 2.191564 369.325723 1.652798
496 -1.304093 0.292216 -13.821904 1.184620 317.178994 0.801855
496 -0.957503 0.350603 -29.984555 0.152199 228.058452 0.108675
496 -1.982907 0.166919 79.422903 3.600356 455.583815 2.159482
496 -2.090788 0.365733 87.719368 4.853520 493.763787 2.375245
496 -1.663630 0.202834 -70.805216 1.772130 337.167726 1.520929
496 -3.161912 0.204378 40.232807 3.409228 491.848179 4.517494
496 -1.746820 0.073305 -22.929951 1.995873 369.792241 1.687310
496 -1.121349 0.353129 -47.663991 0.746291 259.126788 0.436366
496 -2.074581 0.152493 -39.887986 3.348639 448.032549 2.342832
497 -4.397708 0.217202 -29.173738 2.319541 429.470934 6.989086
497 -2.509607 0.202534 -13.783565 2.796888 414.336297 3.212884
497 -1.267056 0.293769 -11.520941 0.976363 297.842217 0.727781
497 -1.990619 0.347989 86.420246 2.145207 360.751551 2.174906
497 -1.871428 0.377994 -87.243426 4.866541 494.042644 1.936525
497 -1.683781 0.188373 -27.295357 1.557292 319.927343 1.561230
497 -2.587064 0.169371 -34.411136 2.329568 398.383481 3.367797
497 -2.132756 0.064548 -15.618298 2.222347 386.955067 2.459181
497 -2.472541 0.370005 -75.028014 1.036071 285.101248 3.138752
497 -1.892103 0.130332 -83.177336 3.106364 426.366684 1.977875
498 -4.385482 0.226079 -31.302416 2.312853 428.500151 6.964634
498 -1.152042 0.251769 64.735902 0.584461 261.728282 0.497754
498 -1.528898 0.203029 2.699624 1.998015 387.995053 1.251466
498 -1.704503 0.225078 77.896537 2.135450 365.353420 1.602674
498 -1.320412 0.376645 -83.840536 4.737479 486.821613 0.834494
498 -1.026656 0.137602 23.594535 1.307840 324.584813 0.246981
498 -1.473622 0.293422 -22.970731 1.460211 326.087429 1.140913
498 -0.933337 0.091588 14.028285 2.422066 401.557029 0.060343
498 -0.911441 0.224593 16.200743 1.277050 329.789250 0.016550
498 -1.363959 0.151535 -87.296139 3.131188 422.066034 0.921587
499 -4.139775 0.293256 5.878092 2.209108 374.960914 6.473219
499 -1.555603 0.248539 56.924912 0.745744 263.978033 1.304875
499 -0.920093 0.275496 18.973557 1.839446 377.402542 0.033856
499 -3.468249 0.398880 -22.762339 0.345893 218.399614 5.130166
499 -1.335679 0.381654 -84.333196 4.785831 488.520224 0.865027
499 -1.032929 0.102566 24.266927 1.645378 345.980580 0.259526
499 -0.946013 0.301278 16.684621 0.452144 267.533234 0.085695
499 -2.961393 0.265775 56.520059 4.074234 474.032039 4.116455
499 -1.467771 0.214213 22.447736 1.450236 332.785990 1.129211
499 -2.797046 0.322517 39.998529 1.323930 308.031844 3.787761
500 -0.969368 0.313198 17.860954 1.366230 341.157580 0.132405
500 -1.144216 0.293417 51.418783 0.663324 276.115909 0.482102
500 -0.959346 0.185293 14.682626 2.418060 410.202281 0.112361
500 -1.146786 0.208720 -32.621497 0.702608 269.340920 0.487241
500 -1.826782 0.382487 88.872459 4.881084 495.025033 1.847234
500 -1.591501 0.163345 -12.258178 1.605408 335.971938 1.376671
500 -1.024978 0.331370 -9.707010 0.175993 242.934170 0.243626
500 -2.739925 0.319668 67.602135 4.192496 479.017083 3.673519
500 -1.112293 0.234925 5.039170 1.258687 330.793330 0.418255
500 -2.142794 0.352808 -51.575220 4.778703 497.788801 2.479257
501 -1.634312 0.011574 -42.371339 0.710368 266.355938 1.462292
501 -1.575075 0.358757 52.359804 1.152540 308.374200 1.343819
501 -2.368270 0.229454 -3.234226 2.187641 400.383256 2.930209
501 -1.295017 0.140913 -27.210587 0.972276 281.296837 0.783703
501 -1.228639 0.399416 -86.290724 4.897865 490.421059 0.650947
501 -2.041173 0.108843 6.294484 1.639679 341.893274 2.276016
501 -1.321028 0.321053 -43.876713 1.707587 320.945209 0.835724
501 -1.271182 0.340462 82.893783 0.420620 241.359251 0.736034
501 -1.720044 0.235096 48.877891 1.739711 362.481068 1.633757
501 -1.655344 0.380439 -50.194947 4.792592 490.938891 1.504357
502 -4.041711 0.012396 -41.984216 0.712618 267.335579 6.277092
502 -1.967752 0.391964 73.823403 1.135461 316.304279 2.129173
502 -2.018089 0.282298 77.920396 3.969092 462.902292 2.229847
502 -1.346141 0.176357 -41.099044 0.923576 283.680056 0.885952
502 -1.948606 0.394339 -38.245565 3.612349 434.252709 2.090881
502 -1.009184 0.095838 12.912311 1.222315 311.810265 0.212038
502 -0.980830 0.280244 13.655995 0.371656 256.004680 0.155330
502 -1.692847 0.355438 84.731509 0.545129 257.147204 1.579363
502 -1.240712 0.335785 -79.387031 1.247011 290.304327 0.675093
502 -3.685973 0.370815 -43.691910 4.067194 478.245457 5.565616
503 -1.127139 0.383186 -25.428143 0.074252 232.665005 0.447946
503 -1.355275 0.264821 -5.992789 1.011954 301.185257 0.904220
503 -2.061486 0.272188 84.704180 4.170043 474.880568 2.316642
503 -1.259456 0.334400 50.430099 0.799369 286.385621 0.712581
503 -1.231014 0.388368 -56.988245 3.030579 395.760536 0.655697
503 -1.423568 0.130023 -37.601311 2.316628 376.715037 1.040804
503 -1.202449 0.292619 -11.375797 0.798466 294.975249 0.598567
503 -1.210904 0.392717 -60.531121 0.794222 256.500087 0.615478
503 -0.998904 0.321525 -73.657921 1.224383 288.043565 0.191477
503 -3.108027 0.356859 -36.485789 4.285228 486.245206 4.409723
504 -1.413327 0.093103 -18.857688 0.639332 266.133216 1.020323
504 -1.858903 0.349628 -7.870002 1.608705 368.683580 1.911474
504 -3.113358 0.231397 -87.571186 4.232014 488.205203 4.420385
504 -1.465942 0.279337 60.170819 0.912132 299.292114 1.125553
504 -1.535694 0.396753 -76.792559 2.602657 376.091613 1.265057
504 -1.630337 0.398178 -22.932170 1.451144 332.062077 1.454343
504 -1.310660 0.212128 -34.047652 0.736771 274.123851 0.814988
504 -1.012102 0.376952 -64.474524 1.125749 272.991165 0.217874
504 -2.855983 0.349159 -71.444273 2.970676 406.853694 3.905636
504 -0.946566 0.360081 22.113199 2.008041 403.036152 0.086802
505 -1.030868 0.096740 -28.283228 0.693912 263.132411 0.255405
505 -3.651029 0.366021 -1.743968 2.309431 389.041695 5.495728
505 -2.084614 0.215598 -87.272617 4.128736 476.364541 2.362898
505 -1.882868 0.291559 53.398226 1.680387 363.243322 1.959406
505 -1.467828 0.393585 -85.925950 3.020477 396.067803 1.129326
505 -1.914665 0.296504 -20.807088 1.431307 310.084981 2.022999
505 -2.130549 0.021173 -55.470094 2.978887 427.358754 2.454767
505 -1.177484 0.324181 57.057672 0.396425 245.514456 0.548636
505 -2.420017 0.193003 -3.143118 2.040158 366.413340 3.033703
505 -1.003113 0.363309 19.236675 1.960761 395.947816 0.199894
506 -1.356044 0.266777 17.377041 1.921323 395.427370 0.905756
506 -1.484288 0.173581 74.639733 1.554384 328.333202 1.162245
506 -1.066625 0.256960 26.321097 1.577940 358.045781 0.326919
506 -1.439929 0.224742 -72.579636 1.442933 312.074368 1.073526
506 -0.990417 0.391476 -62.603800 2.440473 359.170177 0.174502
506 -2.020455 0.363298 -10.365569 1.152410 298.561564 2.234580
506 -2.692700 0.262897 -59.078095 2.635813 396.345594 3.579069
506 -1.111582 0.258366 49.783874 0.422535 253.585687 0.416833
506 -1.376660 0.128133 -16.582644 1.804813 356.270345 0.946989
506 -1.469080 0.397168 4.412678 1.482077 365.534824 1.131829
507 -1.318676 0.279453 29.798418 1.809664 373.778949 0.831021
507 -1.852625 0.201876 77.852418 0.941922 290.260685 1.898919
507 -2.359748 0.215526 -51.104321 4.038254 477.458965 2.913164
507 -1.299654 0.202777 -59.503421 0.994554 277.990063 0.792978
507 -1.972542 0.299404 -33.770135 2.886790 406.008512 2.138753
507 -1.305646 0.164169 18.617184 1.037349 299.228726 0.804961
507 -1.766833 0.284864 -68.793970 2.178631 359.699845 1.727334
507 -1.356649 0.184300 78.790594 1.428542 309.542304 0.906968
507 -0.954225 0.337197 -26.383564 0.049482 223.485143 0.102119
507 -1.545654 0.304430 26.114506 1.528785 370.433026 1.284976
508 -1.124727 0.213509 25.381513 2.237222 398.169236 0.443124
508 -2.575642 0.029632 -79.562853 0.697876 264.165299 3.344954
508 -1.922710 0.184611 -48.813631 0.703585 268.650684 2.039090
508 -1.813415 0.194361 -41.786840 2.041357 366.322227 1.820499
508 -1.835328 0.295545 -52.828753 2.970380 407.523479 1.864326
508 -1.541366 0.215143 67.496365 1.699424 340.271008 1.276401
508 -1.721509 0.237826 70.678818 2.133954 358.237607 1.636687
508 -2.120309 0.341646 -19.982886 1.693331 329.107304 2.434287
508 -2.826818 0.384782 -62.528728 0.175823 226.336276 3.847305
508 -3.361183 0.314483 47.536732 2.594443 437.701264 4.916035
509 -1.230736 0.156830 -2.794113 1.053047 301.195902 0.655141
509 -1.145759 0.373375 -13.581171 0.783349 288.330461 0.485188
509 -2.282143 0.319178 13.872813 2.145072 426.340168 2.757955
509 -0.959525 0.378848 -67.210682 0.982373 268.088428 0.112720
509 -1.541720 0.257173 32.799061 2.172952 398.270453 1.277108
509 -1.572337 0.358247 68.287758 1.161521 285.596521 1.338342
509 -1.588198 0.213332 38.404900 0.103739 226.819906 1.370066
509 -1.672488 0.276774 1.484097 0.537647 260.918907 1.538645
509 -1.841852 0.226215 -56.487342 1.593980 325.601963 1.877373
509 -1.670471 0.375224 19.828718 2.271913 437.842556 1.534612
510 -1.300062 0.179527 -11.726324 1.420794 330.815260 0.793794
510 -1.362434 0.358784 -18.938441 0.534788 276.404718 0.918537
510 -2.418105 0.380319 -38.282274 1.308681 333.527643 3.029879
510 -1.206286 0.392022 -68.490590 0.992426 272.394798 0.606242
510 -4.074650 0.265376 64.807158 2.442554 442.950442 6.342970
510 -2.610147 0.323655 89.002052 1.193268 309.646400 3.413964
510 -1.109422 0.237773 64.803150 0.236667 235.367268 0.412513
510 -1.931760 0.281022 9.772256 0.315896 247.037582 2.057189
510 -1.474657 0.241500 -34.090259 1.808871 337.580854 1.142983
510 -1.115430 0.384966 12.344717 2.070360 408.420563 0.424529
511 -1.007093 0.204247 -46.087809 0.503096 241.561788 0.207855
511 -1.613946 0.258099 -11.903644 0.639420 258.892407 1.421561
511 -1.550313 0.370959 -4.010751 0.815030 287.465710 1.294294
511 -2.924937 0.265079 40.060612 2.757512 449.457260 4.043543
511 -1.119539 0.249401 -43.621642 1.038835 281.959679 0.432748
511 -1.767934 0.344407 -47.332158 3.838038 449.333878 1.729537
511 -1.132136 0.213122 64.968957 0.032836 220.163991 0.457941
511 -1.038780 0.288418 15.906503 0.574657 272.488367 0.271229
511 -1.254556 0.224793 -33.879565 0.729827 273.151887 0.702782
511 -1.066082 0.371406 24.685745 1.912125 400.266803 0.325833
512 -1.873219 0.253633 20.124792 1.139808 329.582505 1.940108
512 -2.046439 0.229690 -33.681413 1.003979 303.705770 2.286547
512 -1.026080 0.356230 -15.713944 0.471040 266.031207 0.245829
512 -1.745581 0.134604 64.848419 2.385985 391.674847 1.684831
512 -1.189406 0.236517 -23.638059 1.000390 297.741696 0.572482
512 -1.507650 0.035269 34.019724 3.436070 462.708583 1.208969
512 -2.072073 0.221785 81.487411 0.741437 275.340469 2.337816
512 -1.082113 0.280811 2.693137 0.803579 295.679891 0.357895
512 -1.382796 0.067446 -23.435061 1.151332 304.286565 0.959261
512 -2.609829 0.356960 56.745972 1.669574 376.300781 3.413328
513 -1.581030 0.132531 -37.331952 1.047283 296.539913 1.355729
513 -3.029826 0.313463 -86.879134 0.909966 288.884221 4.253322
513 -1.005336 0.327261 -12.069602 0.543047 270.093506 0.204341
513 -1.931205 0.367079 1.417100 2.371666 427.283085 2.056080
513 -1.246736 0.271550 -21.087895 1.153502 308.768498 0.687141
513 -1.635412 0.395028 29.349759 1.506543 354.226200 1.464493
513 -2.341190 0.383908 64.735923 2.390540 362.922000 2.876049
513 -2.091516 0.264071 -65.251879 2.077744 355.468983 2.376702
513 -1.599674 0.048788 -9.867304 1.571353 331.368419 1.393017
513 -1.538483 0.222946 -83.822323 2.867751 402.505193 1.270635
514 -1.797488 0.144564 0.378393 0.834321 277.931787 1.788645
514 -2.013187 0.167490 52.797785 2.191750 374.223072 2.220043
514 -1.229708 0.328696 -11.621195 0.774152 281.604635 0.653085
514 -2.122431 0.333162 -23.988332 2.220526 370.297466 2.438531
514 -2.468389 0.272788 3.956870 1.263531 312.644091 3.130447
514 -1.970302 0.381632 20.729039 1.139440 350.304972 2.134273
514 -3.664365 0.381864 47.487595 2.525753 373.273075 5.522400
514 -2.082887 0.198568 77.656575 3.182844 432.720609 2.359443
514 -1.566489 0.386598 -5.155463 1.286923 340.741575 1.326647
514 -1.960829 0.094986 49.147669 2.886474 426.075442 2.115326
515 -1.873588 0.240121 49.307482 1.246822 305.330373 1.940845
515 -2.316712 0.257960 73.018923 3.773326 460.271291 2.827093
515 -1.527856 0.124508 27.054291 3.187078 462.521511 1.249381
515 -4.809883 0.193123 3.632211 2.130256 423.559730 7.813434
515 -2.297648 0.373752 6.657856 1.294950 333.165016 2.788965
515 -1.262330 0.395819 22.586374 1.277892 336.523462 0.718330
515 -2.059709 0.263159 69.214777 0.969788 303.723319 2.313088
515 -2.337129 0.338651 85.790360 3.134522 419.909722 2.867926
515 -1.501285 0.369364 -8.188042 1.098408 334.671781 1.196239
515 -0.975089 0.205281 16.311943 1.828881 367.253589 0.143847
516 -2.024864 0.133416 71.501806 3.422373 451.739404 2.243397
516 -2.244744 0.207537 34.350253 2.418750 424.964538 2.683158
516 -1.252018 0.136099 13.321303 3.339506 472.197717 0.697705
516 -0.993754 0.203390 -10.474878 0.578629 266.642535 0.181177
516 -1.614303 0.190648 46.390323 1.422040 327.819113 1.422275
516 -1.051379 0.028696 18.140605 1.568331 333.649309 0.296428
516 -1.391938 0.167382 79.670070 0.532161 252.137262 0.977545
516 -2.937083 0.393437 81.709262 4.563844 491.238481 4.067836
516 -1.156157 0.107260 -45.602204 1.567505 324.954263 0.505982
516 -1.484754 0.261704 44.537538 1.258460 324.866634 1.163178
517 -1.641753 0.398340 9.318602 1.702318 372.105475 1.477175
517 -2.048557 0.381530 -72.261836 1.566476 296.700606 2.290783
517 -1.986344 0.244477 33.661713 1.213701 318.356581 2.166358
517 -1.241209 0.233087 -83.476221 0.756716 258.190154 0.676087
517 -2.127684 0.081440 -10.720752 2.854877 418.097972 2.449038
517 -2.343017 0.375369 -53.797255 1.529455 327.496026 2.879704
517 -1.015794 0.281685 -61.723471 1.817079 326.792076 0.225258
517 -2.381097 0.361897 72.096313 4.249167 473.057777 2.955864
517 -2.266192 0.097182 -43.175937 1.527622 333.351899 2.726053
517 -0.917390 0.280399 18.142732 0.685473 283.716683 0.028450
518 -1.829992 0.338039 -22.051472 1.707504 338.467755 1.853653
518 -1.953997 0.388135 -30.253165 1.131277 324.960015 2.101663
518 -1.429519 0.164122 -4.966518 1.703972 355.182999 1.052708
518 -1.203378 0.205109 25.898232 2.506208 415.886139 0.600425
518 -1.724532 0.135169 -33.406219 2.842812 408.430060 1.642733
518 -0.964074 0.049139 -42.528779 0.510737 250.191928 0.121818
518 -0.992747 0.286936 -70.891115 1.126953 283.105139 0.179163
518 -1.011194 0.327107 13.450288 2.772038 455.419781 0.216056
518 -2.554901 0.132108 -50.775022 1.301669 315.693303 3.303471
518 -1.741531 0.116788 -47.495555 3.003808 424.547870 1.676731
519 -1.984913 0.313870 -22.165008 1.948322 352.191250 2.163495
519 -1.627437 0.285882 0.850886 1.440158 350.171252 1.448543
519 -1.283659 0.173423 79.279408 0.650420 258.971892 0.760987
519 -1.144517 0.225217 -12.610313 0.599873 271.634579 0.482703
519 -1.830230 0.133810 -27.877095 2.883106 413.684944 1.854128
519 -1.604274 0.181514 72.991493 2.145245 363.080234 1.402216
519 -1.612087 0.397492 -8.322223 0.662650 268.365710 1.417844
519 -1.259533 0.252759 25.066249 3.343646 480.564895 0.712736
519 -1.744902 0.256133 44.130591 1.573758 347.490274 1.683473
519 -2.200006 0.186244 -44.373371 1.462064 330.250860 2.593681
520 -1.490901 0.382199 42.975462 0.604891 271.166285 1.175470
520 -1.135602 0.216978 -39.734417 0.026702 217.433840 0.464873
520 -1.213298 0.182171 61.256022 0.372297 246.952618 0.620265
520 -0.992559 0.133040 21.559238 0.800289 281.584027 0.178786
520 -1.140219 0.144429 -29.565491 0.893399 283.369433 0.474107
520 -2.038993 0.218650 84.695073 2.289023 377.689736 2.271655
520 -2.289528 0.376874 -45.180956 0.465731 263.025190 2.772724
520 -2.071518 0.195412 27.424373 3.535557 494.883203 2.336706
520 -3.023653 0.397236 27.134522 1.247922 321.609964 4.240976
520 -1.851791 0.183097 26.060994 1.983130 368.784253 1.897251
521 -1.436607 0.375571 47.013889 0.808486 286.621160 1.066884
521 -1.960506 0.212168 -51.865073 0.271933 235.661880 2.114682
521 -1.290334 0.147623 71.366599 1.018517 285.058704 0.774338
521 -0.976584 0.134687 21.360370 0.809188 282.769308 0.146837
521 -1.199581 0.180215 -14.872648 0.081109 219.606806 0.592832
521 -1.791545 0.102313 -76.367476 2.546283 394.741571 1.776760
521 -2.145069 0.369661 39.990604 1.308179 324.865422 2.483806
521 -2.131833 0.333120 -40.067666 2.688864 399.799882 2.457336
521 -2.160103 0.335151 -0.135240 1.460132 338.134181 2.513875
521 -1.434640 0.172477 34.743858 1.459038 340.233541 1.062950
522 -1.512570 0.393532 9.149646 2.034238 418.117645 1.218809
522 -0.981780 0.209024 -40.193755 0.225177 224.124798 0.157230
522 -1.520645 0.137200 70.678066 1.713594 334.382210 1.234959
522 -1.078636 0.127352 24.793508 0.783105 279.881642 0.350942
522 -0.976464 0.200998 -17.268063 0.121260 224.783523 0.146598
522 -0.978123 0.227455 -69.291174 2.662051 385.842119 0.149915
522 -1.713707 0.240926 11.694518 2.483388 414.968819 1.621083
522 -2.394784 0.330730 -26.113685 2.622033 401.553093 2.983238
522 -0.913731 0.243303 -66.432445 1.159214 285.412386 0.021132
522 -1.660670 0.252723 40.869203 0.732928 274.774210 1.515009
523 -1.868049 0.385211 8.315218 1.992312 417.874296 1.929768
523 -3.151419 0.153745 57.875726 3.633352 486.229234 4.496506
523 -2.203739 0.326802 -75.564742 2.691870 389.818825 2.601147
523 -1.338131 0.109523 12.307934 0.359340 244.569480 0.869932
523 -1.053618 0.198989 -47.285451 0.369465 236.607391 0.300906
523 -2.628310 0.148794 -86.587244 1.633705 336.089818 3.450290
523 -1.123871 0.210751 12.544701 1.854738 368.284400 0.441412
523 -2.420959 0.382303 -48.860094 3.461339 435.687849 3.035587
523 -1.233746 0.024800 -61.872904 0.773027 270.160006 0.661160
523 -1.105046 0.311963 56.408807 0.453878 259.919603 0.403761
524 -0.999050 0.311061 -24.044647 0.251233 233.516045 0.191768
524 -2.296917 0.378699 74.898867 2.122945 372.238503 2.787503
524 -1.614448 0.194100 -34.817054 2.460201 384.455330 1.422566
524 -4.026729 0.147994 77.155507 2.196625 365.432637 6.247128
524 -1.119977 0.170712 -36.153091 0.337617 239.886739 0.433624
524 -1.261966 0.093072 -54.932577 2.258690 372.550371 0.717601
524 -0.933721 0.228125 21.114846 1.927223 379.389044 0.061111
524 -1.696650 0.341170 -45.628534 3.612191 436.752968 1.586970
524 -1.823450 0.397953 -51.333489 0.186342 232.483534 1.840570
524 -1.274161 0.239537 49.419484 0.601547 263.744402 0.741990
525 -1.538860 0.312157 -23.689493 0.184951 219.409676 1.271390
525 -2.163720 0.323970 62.006509 2.011300 373.735482 2.521109
525 -0.949946 0.076274 -63.820159 2.492870 389.670819 0.093560
525 -1.394255 0.316558 -16.846091 0.118019 220.313577 0.982179
525 -1.244528 0.095990 -43.052846 1.917567 351.247264 0.682726
525 -1.129812 0.193180 -33.691036 1.020424 285.221525 0.453293
525 -1.253429 0.208777 20.567254 2.628190 436.321699 0.700528
525 -3.735334 0.368811 -27.557301 3.549753 460.188704 5.664336
525 -1.644473 0.306936 -31.982740 1.936846 349.643826 1.482616
525 -1.774678 0.268381 -32.299405 2.319633 376.649185 1.743025
526 -1.202529 0.274855 18.927592 1.442622 338.878968 0.598728
526 -1.551985 0.307152 34.891332 0.652490 278.905122 1.297638
526 -0.955520 0.078166 -73.989320 2.283866 376.039995 0.104708
526 -1.277996 0.315010 -27.158093 0.347797 231.809777 0.749661
526 -1.468343 0.020276 -10.429571 2.789572 416.961880 1.130355
526 -4.277062 0.246515 81.649906 3.155649 419.907895 6.747793
526 -2.560278 0.225883 70.363955 3.358055 447.744565 3.314224
526 -0.950114 0.377432 18.161523 0.532695 277.964561 0.093897
526 -1.495544 0.252415 -49.524888 0.078682 220.499731 1.184756
526 -1.333725 0.214674 -40.620458 1.699401 332.981460 0.861119
527 -1.135479 0.248064 6.772571 1.427621 345.138312 0.464628
527 -1.018144 0.313393 27.517535 0.514721 274.955618 0.229957
527 -1.649455 0.058290 -74.234230 2.912888 421.019136 1.492578
527 -1.143736 0.286428 -43.949150 0.603803 255.175334 0.481142
527 -1.292638 0.038797 -7.278296 2.452462 397.780061 0.778945
527 -1.602664 0.134232 31.388207 3.397891 466.423004 1.398997
527 -1.914481 0.374194 72.598310 2.533993 372.201244 2.022632
527 -1.530206 0.138072 65.099060 1.828237 350.195719 1.254080
527 -1.153249 0.377494 -75.259327 0.584995 233.980464 0.500167
527 -2.418806 0.361922 -32.428755 3.270106 429.698779 3.031281
528 -4.670302 0.184619 77.144142 2.680655 448.330923 7.534273
528 -2.388750 0.152447 -19.445844 3.030765 421.184084 2.971168
528 -1.452851 0.219774 -0.933365 0.734120 275.624756 1.099371
528 -1.076643 0.228414 -43.217773 0.873436 268.027749 0.346955
528 -1.415047 0.087154 2.699128 2.401861 400.463257 1.023764
528 -2.794408 0.079915 34.642314 3.329494 451.013549 3.782485
528 -2.368717 0.329151 66.961948 3.441553 426.825629 2.931103
528 -1.589715 0.392512 -9.965410 1.325682 340.140970 1.373100
528 -3.869775 0.296208 43.880279 3.260512 487.404770 5.933220
528 -3.006255 0.365053 -21.178964 3.765535 455.999850 4.206179
529 -2.534775 0.162290 82.095641 3.160114 438.448281 3.263219
529 -0.932256 0.290838 -65.975540 2.025916 340.878677 0.058182
529 -1.509943 0.275241 -20.491883 1.535732 334.566810 1.213554
529 -1.953306 0.077136 61.346071 1.272576 315.844855 2.100281
529 -2.496115 0.106725 1.768557 2.526366 399.932892 3.185899
529 -1.757860 0.057966 49.186818 3.094613 442.120607 1.709389
529 -1.243027 0.237278 53.686039 0.839148 290.052653 0.679722
529 -2.569038 0.391223 -69.140448 1.999275 347.073589 3.331745
529 -1.276265 0.257537 -4.313981 0.341317 244.834750 0.746198
529 -1.088246 0.223905 -32.194072 0.087247 223.930400 0.370162
530 -0.903963 0.371749 16.156997 0.680166 292.509510 0.001595
530 -1.449735 0.334407 -83.954489 2.139673 348.783303 1.093140
530 -1.324424 0.345651 -28.295236 0.928651 275.055360 0.842518
530 -1.705752 0.201610 72.372766 1.719362 346.270530 1.605173
530 -1.252317 0.110480 -22.544221 1.523462 332.262428 0.698304
530 -1.488635 0.164463 45.455447 1.586739 347.006309 1.170940
530 -2.170147 0.019063 62.635275 4.090786 497.776604 2.533963
530 -1.469819 0.386302 -77.776085 1.811402 328.034298 1.133307
530 -1.532411 0.293736 -42.575868 2.481342 375.331836 1.258490
530 -1.193634 0.116988 -16.719743 1.226740 308.231620 0.580937
531 -1.640571 0.373978 -29.379099 1.579479 320.765267 1.474811
531 -2.010411 0.399981 -54.335958 3.335574 420.632192 2.214491
531 -2.007849 0.251704 37.878841 3.141000 468.167653 2.209368
531 -2.363576 0.347751 -89.322613 3.918419 457.034298 2.920822
531 -1.691073 0.255307 20.429973 2.424340 432.557795 1.575816
531 -2.087353 0.291466 74.647167 4.235219 474.802609 2.368376
531 -1.483729 0.198371 45.757846 0.109700 223.948758 1.161127
531 -1.679296 0.311730 -33.916994 1.991644 356.298247 1.552261
531 -2.890485 0.361973 -22.166811 4.221503 474.036249 3.974639
531 -1.359178 0.149058 -21.947533 1.539417 328.768774 0.912026
532 -1.381627 0.391775 -17.331825 1.073205 322.102029 0.956924
532 -1.063398 0.360887 68.412321 0.313522 237.675552 0.320466
532 -3.367339 0.192285 49.506213 2.801212 450.915992 4.928348
532 -2.973458 0.382096 60.348644 3.828730 456.070143 4.140586
532 -1.370407 0.375423 60.008305 0.466804 243.585498 0.934484
532 -1.692261 0.351456 -81.392585 3.211421 413.463430 1.578192
532 -1.161969 0.195905 78.452279 0.225122 222.714543 0.517608
532 -2.420655 0.193264 -53.065851 3.846640 462.284390 3.034978
532 -2.488246 0.395833 -29.848148 4.876589 498.286539 3.170161
532 -1.771669 0.329788 78.286372 2.946766 395.576371 1.737007
533 -3.321922 0.183400 -2.224902 3.445462 486.746639 4.837513
533 -1.056798 0.350298 75.294935 0.029395 213.810983 0.307265
533 -0.912346 0.179433 17.827987 3.681131 495.165280 0.018361
533 -1.102572 0.361128 -58.043775 1.922669 329.864184 0.398813
533 -1.150777 0.320431 68.277532 0.660955 262.754157 0.495224
533 -1.216528 0.352911 -23.245372 0.371770 237.599603 0.626725
533 -1.255433 0.165110 78.425337 0.188666 226.187006 0.704536
533 -1.716121 0.257019 -41.312725 3.640155 442.103926 1.625911
533 -1.688674 0.264463 -20.217505 1.025250 312.728627 1.571018
533 -0.998084 0.273421 -78.078007 4.379074 478.845256 0.189836
534 -0.964865 0.178555 -74.030003 0.438778 237.196332 0.123400
534 -1.423315 0.390333 -72.598880 1.695983 306.943161 1.040298
534 -1.833304 0.113415 0.926749 3.100497 452.530225 1.860277
534 -1.015863 0.388890 -69.715826 2.130380 344.352949 0.225396
534 -1.216584 0.333310 42.063390 0.548469 271.065394 0.626836
534 -1.607362 0.176217 -31.360593 1.856300 358.262277 1.408393
534 -1.312301 0.181576 79.204070 0.054563 217.519348 0.818272
534 -2.747215 0.235237 -38.150230 3.299977 446.933835 3.688099
534 -2.156594 0.260842 74.838819 4.195434 477.832936 2.506857
534 -1.695729 0.288119 -56.303063 4.204292 470.543370 1.585127
535 -1.553489 0.184959 -69.272050 0.181174 223.180232 1.300647
535 -1.548040 0.247941 -30.905404 1.661571 326.272175 1.289750
535 -2.607115 0.221278 -16.296352 2.438834 417.521368 3.407899
535 -0.958491 0.370683 -74.519450 1.287537 284.894256 0.110651
535 -1.744952 0.364183 44.849035 1.345605 336.237280 1.683574
535 -1.708570 0.092825 -1.239839 2.917890 439.600564 1.610808
535 -1.886190 0.234719 74.992848 1.862977 356.289232 1.966049
535 -1.422482 0.372170 -36.781166 1.509699 318.698790 1.038632
535 -1.372499 0.021022 -32.495161 3.552696 463.338627 0.938667
535 -0.996037 0.299989 -63.957064 4.243290 469.749566 0.185743
536 -1.876952 0.198822 -79.921255 0.172503 222.542002 1.947573
536 -1.083975 0.387289 -15.062923 0.263148 253.101958 0.361619
536 -1.133497 0.180824 26.925240 1.772551 367.171049 0.460662
536 -3.014199 0.369679 -22.354483 3.804418 458.694867 4.222067
536 -1.817595 0.362585 36.436173 1.082404 316.322492 1.828858
536 -2.513618 0.327816 -14.620748 2.206395 385.077345 3.220905
536 -2.183511 0.251320 -28.644473 3.072636 423.552456 2.560691
536 -0.918460 0.354418 -66.119870 0.747661 249.838815 0.030590
536 -1.424572 0.122528 -25.893949 1.846444 348.531397 1.042812
536 -1.111097 0.244614 -59.054727 4.439739 484.864575 0.415862
537 -2.003796 0.381707 -81.710716 1.937889 338.403939 2.201261
537 -1.496584 0.365701 85.468176 1.345646 302.803514 1.186837
537 -3.546571 0.353232 -21.365944 3.085255 493.503321 5.286812
537 -1.582841 0.242384 77.148058 0.888236 284.455676 1.359350
537 -1.255215 0.330359 50.166807 0.264960 238.564712 0.704099
537 -2.461009 0.295782 -23.382978 3.010694 416.821139 3.115688
537 -1.285268 0.360898 -38.286649 1.293444 299.969874 0.764205
537 -1.205719 0.202976 -44.866005 1.272520 301.734173 0.605107
537 -2.030959 0.266363 66.090894 2.344556 369.533464 2.255587
537 -1.010879 0.250124 -63.683616 4.644934 495.597948 0.215427
538 -3.411979 0.305813 48.855565 3.069505 487.581777 5.017628
538 -1.735486 0.380064 65.135650 1.316731 297.875710 1.664641
538 -3.775415 0.327068 -9.796498 3.844881 468.178425 5.744498
538 -2.102620 0.241456 76.027192 0.894725 292.124118 2.398908
538 -2.679445 0.126891 46.968427 3.599437 471.017927 3.552558
538 -2.770157 0.279236 -57.895158 3.293690 433.306335 3.733982
538 -2.212119 0.382915 -20.973135 1.927369 370.396127 2.617907
538 -2.665039 0.040852 -41.370103 3.854418 485.105039 3.523748
538 -1.104660 0.290915 60.622610 0.454304 255.477507 0.402989
538 -1.049150 0.266663 -63.439891 4.650283 494.329921 0.291970
539 -1.767579 0.308698 30.790484 3.151321 474.571569 1.728828
539 -1.235972 0.336785 61.032647 0.866963 288.088937 0.665614
539 -4.949156 0.371502 -13.163265 2.354920 433.144656 8.091982
539 -1.161256 0.120888 -83.225950 1.088454 286.501660 0.516181
539 -1.073752 0.102525 13.171633 3.472580 469.160949 0.341173
539 -1.069647 0.307909 -76.486972 2.836753 388.781738 0.332964
539 -1.261467 0.357150 -22.899200 1.052137 305.548720 0.716604
539 -2.168690 0.100121 -25.420756 3.983928 490.651028 2.531049
539 -1.532326 0.368534 -51.724247 2.080027 347.251725 1.258322
539 -2.671958 0.320746 -46.261475 3.991407 469.881531 3.537584
540 -3.296074 0.325166 46.499080 3.167257 495.726296 4.785817
540 -1.044908 0.298877 -70.323968 1.058123 278.498444 0.283484
540 -5.130256 0.353151 -40.737691 1.808223 416.165230 8.454181
540 -1.194191 0.113100 -23.127422 1.381296 319.533472 0.582051
540 -1.269173 0.194407 9.010186 3.610387 490.194517 0.732015
540 -0.937768 0.332748 -66.185248 3.245643 412.621346 0.069206
540 -1.114572 0.307944 49.780423 0.583397 273.561864 0.422814
540 -1.026033 0.090832 15.545446 1.903884 362.729031 0.245735
540 -1.527087 0.231196 -60.328834 3.137176 418.367893 1.247842
540 -1.147125 0.193037 7.189783 1.674756 358.083661 0.487920
541 -1.297698 0.094449 58.612648 0.845334 279.237593 0.789066
541 -1.069300 0.288083 -82.814250 1.364186 295.540409 0.332269
541 -2.240818 0.370836 -16.280438 1.901039 367.524049 2.675306
541 -1.519740 0.159364 18.960262 2.649739 417.327921 1.233149
541 -1.330781 0.186655 15.094070 3.599673 487.015517 0.855231
541 -1.352630 0.056716 31.293657 2.439428 399.911778 0.898929
541 -1.468170 0.315365 62.309606 0.406367 259.903996 1.130009
541 -2.471901 0.302075 -35.663229 3.521785 448.524843 3.137472
541 -1.003019 0.257613 -62.598515 3.378623 426.411256 0.199708
541 -2.495121 0.311346 -19.397546 2.400610 397.111070 3.183912
542 -1.525985 0.117014 42.433327 1.122810 303.673641 1.245640
542 -1.095108 0.273730 -62.280500 1.016049 275.617511 0.383886
542 -2.951896 0.383956 -39.655702 2.464491 399.078729 4.097462
542 -2.282577 0.147008 53.381875 3.029512 431.835183 2.758824
542 -1.712458 0.106300 2.609063 3.464565 473.822603 1.618585
542 -1.531058 0.101801 -39.112298 2.510596 395.676790 1.255785
542 -1.919477 0.324749 59.746773 0.471359 270.904068 2.032623
542 -2.346291 0.354595 -31.890101 3.149933 422.938529 2.886252
542 -1.264754 0.300466 6.635712 1.659433 368.413023 0.723178
542 -1.138835 0.239728 15.114011 1.980123 379.537550 0.471340
543 -1.152403 0.310136 40.475937 0.096273 233.491137 0.498474
543 -1.255092 0.331305 -87.750192 2.028885 337.828371 0.703853
543 -1.152505 0.350669 -74.511398 0.902376 256.797060 0.498680
543 -3.462759 0.237810 40.747961 2.520507 389.494072 5.119188
543 -1.536054 0.230038 -22.010502 1.743985 350.213339 1.265777
543 -1.446184 0.121602 -40.104576 2.328851 380.784897 1.086038
543 -1.892006 0.321703 50.722361 0.788903 267.011285 1.977681
543 -4.611957 0.280477 -34.967901 1.716318 390.818818 7.417583
543 -1.464502 0.387665 -12.059240 0.811666 280.715577 1.122674
543 -1.445236 0.207804 58.972963 1.416154 324.770400 1.084142
544 -1.096898 0.299098 65.058059 0.184841 233.569230 0.387466
544 -1.411753 0.264784 -88.902383 3.129357 411.392986 1.017175
544 -1.241301 0.370078 -71.050115 0.093456 204.617501 0.676271
544 -1.124738 0.182493 10.202323 2.529728 417.254739 0.443146
544 -2.478745 0.145634 75.973473 3.446976 457.444974 3.151159
544 -1.882153 0.151725 -34.246672 2.391304 394.544352 1.957975
544 -1.906628 0.303408 37.641813 1.180016 327.891326 2.006925
544 -2.416886 0.247823 -32.421830 3.197256 437.562327 3.027441
544 -1.149000 0.398233 -12.173337 0.811940 296.072429 0.491669
544 -1.694879 0.394289 -79.925304 3.810476 442.080306 1.583428
545 -1.569155 0.122312 73.852512 2.001086 360.148832 1.331980
545 -1.451677 0.243316 -44.302473 2.094543 356.690975 1.097024
545 -2.043657 0.253476 85.927034 0.010165 218.731681 2.280983
545 -0.983150 0.194575 23.518197 2.244688 401.184990 0.159968
545 -1.159709 0.290113 -40.836232 0.922281 268.877655 0.513088
545 -1.898850 0.263028 -87.312816 3.974812 461.420411 1.991369
545 -2.505087 0.133395 81.893757 3.807001 475.450122 3.203843
545 -1.031410 0.269100 -62.455933 3.001316 402.857802 0.256489
545 -1.393020 0.384389 8.482272 1.463632 374.549404 0.979709
545 -1.321273 0.150047 -5.085674 1.509239 338.132877 0.836215
546 -3.270737 0.156348 55.756027 1.916641 379.555790 4.735143
546 -1.554272 0.275931 -42.541349 1.802627 342.739628 1.302213
546 -1.387981 0.250377 31.113256 2.146977 397.368582 0.969631
546 -2.675437 0.350071 -21.223834 1.628630 374.612390 3.544544
546 -0.969035 0.269034 -28.176916 0.325161 238.165214 0.131740
546 -2.876052 0.315030 -24.745634 1.881776 386.006737 3.945774
546 -0.936823 0.258917 -72.994232 4.393665 482.298530 0.067315
546 -1.689499 0.240062 -41.368872 3.590588 442.917866 1.572667
546 -1.298835 0.358882 29.177242 2.094984 410.640581 0.791340
546 -1.531200 0.174923 -4.015743 1.887666 376.367664 1.256069
547 -1.841359 0.309713 24.948578 2.007539 411.428290 1.876387
547 -1.217300 0.332719 -46.459013 1.456073 302.605060 0.628270
547 -1.182666 0.274346 12.156324 1.841057 386.856920 0.559001
547 -1.313652 0.383620 -8.975702 0.500461 259.825784 0.820973
547 -1.129743 0.296682 -44.190077 1.007449 278.474991 0.453155
547 -1.064980 0.190307 25.782878 1.648135 354.183510 0.323629
547 -1.110681 0.263243 -73.376692 4.770394 498.642706 0.415031
547 -2.783347 0.302598 -0.506277 2.023349 378.805718 3.760362
547 -1.199060 0.342182 27.871784 2.104490 405.841526 0.591790
547 -1.786532 0.339343 -48.812763 3.442697 429.759247 1.766732
548 -1.127189 0.341862 19.330315 1.862788 382.487800 0.448048
548 -2.862832 0.351864 -18.902738 2.720224 410.085560 3.919333
548 -1.163111 0.324176 13.177258 1.493336 366.021053 0.519890
548 -1.776061 0.346919 -24.820906 1.052269 319.538130 1.745791
548 -0.975339 0.321930 -25.074010 0.143457 231.515907 0.144347
548 -3.708737 0.152901 -8.109204 3.509426 494.002784 5.611143
548 -1.921893 0.266420 -68.680022 3.410834 434.182263 2.037454
548 -1.503988 0.220753 -41.481209 2.106685 361.606360 1.201644
548 -1.118831 0.335832 15.942449 0.397100 260.273912 0.431332
548 -1.492069 0.071133 -8.097718 2.336910 390.865374 1.177806
549 -1.153624 0.250756 -30.984736 1.006422 289.706067 0.500918
549 -1.180896 0.122373 13.195854 2.653066 425.648535 0.555461
549 -4.819249 0.369053 -35.680750 0.951501 326.678705 7.832168
549 -1.576644 0.092931 -35.502629 3.163207 433.133052 1.346958
549 -1.295221 0.295028 -36.813865 0.769230 276.452314 0.784110
549 -0.956441 0.198155 -14.152911 0.255560 236.567224 0.106551
549 -1.166259 0.392010 78.186710 0.632388 254.841133 0.526188
549 -1.169207 0.290425 -48.621832 1.411876 301.881218 0.532084
549 -1.044001 0.358167 25.929334 0.182298 247.029947 0.281671
549 -1.295436 0.089030 -8.680039 1.841122 360.164619 0.784540
550 -1.768341 0.114072 62.866347 2.494351 392.870375 1.730352
550 -1.201761 0.068274 15.664392 2.792415 421.274316 0.597191
550 -2.007584 0.197849 75.956852 2.808557 412.132977 2.208837
550 -4.055728 0.339060 -50.429604 0.647962 283.410493 6.305125
550 -1.439243 0.354359 -84.858446 1.063954 276.146304 1.072155
550 -0.956945 0.186507 -19.377182 0.259779 237.569154 0.107559
550 -1.740259 0.363180 33.332261 0.443502 262.690965 1.674187
550 -1.413971 0.098782 9.967344 3.605714 475.045198 1.021611
550 -1.280977 0.358986 46.591903 0.742495 285.218652 0.755623
550 -1.289723 0.261233 -46.528109 0.984156 282.502313 0.773115
551 -1.698546 0.078383 58.731539 2.532084 400.556682 1.590762
551 -2.794836 0.330881 -20.242632 1.939337 392.607049 3.783342
551 -3.816288 0.373754 47.287407 2.287487 451.579748 5.826245
551 -1.275369 0.334907 -47.035290 1.497652 309.828544 0.744407
551 -1.162365 0.067690 -79.442014 2.971487 421.822817 0.518400
551 -1.753024 0.102418 77.242990 2.869744 417.290063 1.699718
551 -2.685940 0.382199 8.780269 0.600438 265.422891 3.565550
551 -1.222983 0.156814 28.305937 3.763260 496.941807 0.639636
551 -1.247978 0.341359 -88.414042 1.180750 280.500172 0.689624
551 -1.308458 0.218459 -28.868037 1.373116 312.893191 0.810585
552 -2.417439 0.362070 59.984855 2.386703 379.043261 3.028547
552 -1.462587 0.339578 5.309026 2.023300 400.346335 1.118843
552 -3.519573 0.384180 62.377153 2.593343 463.385217 5.232815
552 -1.708917 0.180944 -53.959685 2.294708 369.099976 1.611504
552 -2.081411 0.046706 54.315262 3.763927 474.013714 2.356491
552 -1.725405 0.099570 59.049908 2.417553 391.341837 1.644479
552 -1.236540 0.356865 43.505454 0.887371 307.839929 0.666748
552 -1.076821 0.161760 26.002067 3.714612 493.183360 0.347311
552 -1.337028 0.323204 -49.001215 0.109341 221.795298 0.867726
552 -1.390422 0.261644 -34.712587 1.442001 323.116587 0.974513
553 -2.644860 0.336135 56.892032 2.565686 384.707691 3.483390
553 -1.644818 0.395790 2.554308 1.485229 367.403465 1.483305
553 -3.381329 0.376935 38.648495 2.484065 449.989622 4.956327
553 -1.846462 0.209149 -49.075548 1.699419 339.237594 1.886592
553 -2.097905 0.115365 51.474573 3.091041 441.422813 2.389479
553 -1.296243 0.271723 33.468475 1.085446 319.729295 0.786155
553 -1.129421 0.389316 27.057067 1.271137 343.887488 0.452512
553 -1.364801 0.142845 29.996781 3.355209 470.766904 0.923271
553 -0.964601 0.313350 -11.231115 0.340710 250.758066 0.122872
553 -1.928136 0.182926 73.856165 3.654567 451.266777 2.049940
554 -1.151754 0.287386 -20.419986 0.916648 289.550070 0.497177
554 -2.222540 0.319867 -21.785206 2.008041 381.560723 2.638750
554 -3.656123 0.341779 -24.233700 2.446336 446.705012 5.505915
554 -1.966172 0.346556 -31.325899 0.571053 277.416374 2.126013
554 -2.326915 0.264089 -6.615427 2.180382 394.789243 2.847500
554 -1.645134 0.396484 51.469534 1.311511 336.644418 1.483937
554 -1.317649 0.367122 -8.205601 1.097184 329.347006 0.828967
554 -1.346167 0.228849 26.523778 2.467993 426.561501 0.886004
554 -1.438473 0.163685 28.680828 2.858792 434.452940 1.070615
554 -2.410491 0.196763 57.329454 2.985190 427.628380 3.014650
555 -1.493009 0.365915 -31.727445 0.447242 263.014097 1.179687
555 -1.539391 0.342536 -31.203288 1.506606 313.989038 1.272451
555 -2.609441 0.228686 -83.314183 2.962883 414.793778 3.412552
555 -2.627476 0.066538 75.417893 2.535243 405.466474 3.448620
555 -1.436045 0.242256 12.422479 2.172825 392.342582 1.065759
555 -2.816753 0.106929 32.335946 2.801923 419.493574 3.827176
555 -1.630781 0.391490 -16.383695 1.386691 343.224046 1.455230
555 -1.520592 0.260722 31.836310 2.865997 453.184635 1.234853
555 -1.472433 0.368743 31.203005 2.606332 448.572099 1.138535
555 -1.281263 0.175233 23.397308 0.624976 273.778335 0.756195
556 -1.728781 0.393699 71.907660 0.765973 289.224967 1.651230
556 -1.376793 0.211262 10.425542 2.410329 407.912095 0.947254
556 -1.208752 0.333297 -31.827872 0.675555 273.101631 0.611173
556 -2.398064 0.110055 71.504695 2.616287 412.910741 2.989796
556 -3.505785 0.293947 -7.457457 2.834198 425.951200 5.205239
556 -1.286602 0.134003 11.837051 3.105378 447.794022 0.766872
556 -1.065116 0.392852 -83.660999 1.044705 266.604465 0.323901
556 -1.461335 0.262735 21.865632 2.625993 430.103560 1.116339
556 -1.147538 0.116026 12.303078 2.542635 409.266879 0.488744
556 -1.012259 0.164055 23.150797 0.621594 270.607423 0.218187
557 -1.801255 0.394813 73.077364 0.650215 280.587033 1.796180
557 -1.363493 0.215252 6.189631 2.488073 418.322635 0.920656
557 -1.601444 0.317537 81.787998 0.783637 253.498221 1.396556
557 -1.085011 0.378394 -41.214648 0.340816 226.054098 0.363692
557 -2.806862 0.264380 -31.508750 2.873661 427.499774 3.807393
557 -1.827544 0.076462 -9.350794 3.332487 456.336242 1.848756
557 -1.938666 0.225035 -36.881138 3.826106 460.886468 2.071001
557 -1.759128 0.217471 -49.326808 1.731682 339.704573 1.711925
557 -1.513712 0.391121 -49.674256 1.542698 316.607121 1.221092
557 -0.988976 0.207260 -29.139122 0.467730 249.564872 0.171621
558 -1.277761 0.369090 59.997773 0.868841 284.142680 0.749191
558 -1.939632 0.151946 -39.771942 0.393461 247.746930 2.072934
558 -1.309575 0.366375 80.362304 0.418607 245.417088 0.812820
558 -1.228326 0.366684 -22.060519 0.373510 259.596010 0.650322
558 -2.581064 0.159873 51.576828 2.597000 425.994641 3.355797
558 -3.272976 0.299433 -29.436211 3.159483 443.738157 4.739621
558 -1.590317 0.132716 -45.561244 4.119263 480.331662 1.374303
558 -2.675970 0.230718 -38.755665 0.934166 299.483136 3.545610
558 -1.273125 0.294555 -80.052180 2.027182 344.597031 0.739920
558 -1.409128 0.227299 -0.834106 0.301965 240.920597 1.011924
559 -2.609892 0.288242 -61.456907 1.573202 326.271283 3.413452
559 -1.418871 0.208509 -18.515050 1.579171 343.312419 1.031411
559 -2.189965 0.381106 81.816892 0.278967 247.552764 2.573599
559 -2.314053 0.242533 -42.034807 1.855941 360.561949 2.821776
559 -1.770734 0.181839 48.117397 1.299848 311.640306 1.735137
559 -3.450974 0.296486 -20.294074 3.105122 444.411247 5.095617
559 -0.991078 0.139364 -64.159436 4.062325 477.373963 0.175826
559 -2.348712 0.290533 -84.246404 1.797329 338.826030 2.891093
559 -1.493045 0.311811 -28.577869 1.490716 318.854565 1.179760
559 -0.943983 0.268672 -1.880657 0.148882 237.428940 0.081635
560 -1.406047 0.386474 -38.810269 0.218582 239.532233 1.005762
560 -2.216503 0.220459 89.640351 3.680281 455.071523 2.626676
560 -1.854185 0.196190 73.401020 2.751940 405.088648 1.902039
560 -1.734221 0.264362 -18.043630 1.483878 321.207751 1.662112
560 -2.510757 0.339504 -80.547162 0.910079 275.365454 3.215183
560 -2.666106 0.323287 -36.747177 3.055527 427.628740 3.525880
560 -1.335337 0.095010 5.999182 3.462734 470.454699 0.864344
560 -1.205260 0.213562 -36.959346 1.138799 297.515761 0.604189
560 -2.330119 0.365270 -31.840822 2.922521 411.530030 2.853908
560 -1.584164 0.208960 -35.962310 2.363152 374.659644 1.361998
561 -1.004529 0.242325 -71.983098 1.563579 311.652698 0.202728
561 -3.619379 0.214484 -79.948689 3.639693 458.031203 5.432427
561 -1.520427 0.372028 45.236679 0.428131 252.039406 1.234524
561 -1.766850 0.274818 -32.229753 0.927915 298.810711 1.727368
561 -0.960761 0.327504 -46.513622 0.172580 219.185991 0.115191
561 -1.715210 0.388845 86.597949 0.888779 279.244793 1.624089
561 -1.654698 0.098459 2.713905 3.558193 473.961506 1.503065
561 -1.433575 0.214743 -32.990689 1.231006 312.961013 1.060818
561 -2.009230 0.166967 -41.184714 3.203285 437.606547 2.212130
561 -1.391984 0.323118 -21.341998 0.259865 249.233256 0.977638
562 -1.691720 0.314769 -50.179675 1.075370 292.706310 1.577110
562 -1.191567 0.167583 -74.632508 3.779841 460.844864 0.576804
562 -1.754347 0.118105 63.313327 2.552013 398.773484 1.702364
562 -1.021059 0.392912 -18.784181 0.003000 219.752643 0.235787
562 -1.353609 0.351853 -24.466098 0.077043 213.836864 0.900887
562 -1.729525 0.380495 87.070437 0.887582 278.775306 1.652719
562 -1.591105 0.043600 -1.269956 1.879340 355.933659 1.375878
562 -1.685059 0.222629 -4.283900 1.626013 348.494852 1.563786
562 -1.228646 0.327069 -26.487450 0.536391 267.377899 0.650962
562 -1.140723 0.318775 -25.827016 0.759930 281.085266 0.475115
563 -2.043450 0.399240 -27.638772 0.233859 254.781588 2.280570
563 -1.900222 0.192318 -89.384923 3.549025 444.246447 1.994113
563 -1.756663 0.096476 65.814737 2.786927 412.342780 1.706996
563 -1.080794 0.394902 -21.525950 0.075571 221.342933 0.355258
563 -1.333427 0.351529 6.909687 1.575441 374.959857 0.860524
563 -1.477328 0.384795 84.011943 1.722855 322.750829 1.148324
563 -2.795321 0.378623 -16.840948 2.445761 376.451553 3.784310
563 -1.699452 0.244576 -23.993549 1.840863 362.562381 1.592574
563 -1.506898 0.193952 -46.369945 0.419263 245.631696 1.207464
563 -1.775610 0.349507 -8.732673 1.141116 305.106078 1.744889
564 -1.609303 0.387005 -41.628617 2.077764 351.463897 1.412275
564 -2.347173 0.095498 -13.692946 3.953411 486.732621 2.888014
564 -2.173500 0.086661 86.484643 3.507862 457.940500 2.540669
564 -3.344185 0.357606 -21.822051 2.186566 408.083005 4.882039
564 -1.367670 0.157667 17.535608 3.111440 450.358971 0.929009
564 -1.231204 0.399066 78.627086 0.893237 270.648455 0.656078
564 -2.247245 0.167654 3.396658 1.517803 331.057786 2.688159
564 -1.250188 0.154551 28.275798 2.161329 394.351194 0.694044
564 -1.078054 0.136267 -25.420355 0.910775 281.446272 0.349778
564 -2.532797 0.315498 17.713515 2.352807 441.420038 3.259263
565 -1.576032 0.307656 -22.550178 1.534155 342.754172 1.345733
565 -1.112571 0.375218 70.043968 0.243150 237.400793 0.418812
565 -1.341635 0.109370 -86.999845 2.938458 413.650670 0.876938
565 -0.907179 0.350649 17.599218 2.215045 418.752556 0.008026
565 -2.480336 0.244578 87.602726 2.123693 370.171760 3.154342
565 -1.368825 0.340214 -65.706923 1.246154 292.483274 0.931318
565 -1.575882 0.258436 5.385259 2.245971 413.082999 1.345432
565 -1.005709 0.275143 18.573379 2.198297 402.772561 0.205086
565 -2.344763 0.337920 -20.224644 2.207790 383.454078 2.883196
565 -2.495907 0.325708 63.521507 3.197863 415.412285 3.185482
566 -0.982642 0.146100 -66.514648 1.215742 296.347138 0.158954
566 -1.046857 0.394527 64.562844 0.265757 239.198506 0.287383
566 -1.104295 0.116975 24.344552 0.691586 273.057217 0.402259
566 -2.180428 0.352491 -0.853676 2.422465 431.898126 2.554525
566 -2.265678 0.343461 64.196785 2.573793 385.861800 2.725025
566 -1.103165 0.318662 -57.297911 1.321957 292.448142 0.399999
566 -2.131310 0.263758 -0.404312 3.534087 496.658582 2.456288
566 -2.301681 0.244132 41.317249 2.486336 418.695416 2.797031
566 -2.544950 0.335211 -48.099809 2.312763 381.986108 3.283569
566 -1.943843 0.360994 64.506107 1.907912 352.986416 2.081356
567 -1.200305 0.375108 -27.564461 0.902727 281.377776 0.594279
567 -1.070687 0.391331 73.677367 0.089720 221.972381 0.335043
567 -1.721984 0.127402 31.433596 0.425663 250.108714 1.637637
567 -0.965096 0.325552 20.579558 2.366794 428.729383 0.123861
567 -2.249797 0.361530 68.536105 0.480484 272.892823 2.693263
567 -1.261464 0.230997 14.205538 2.708289 432.934773 0.716597
567 -1.385208 0.379025 -12.145061 1.167440 330.406462 0.964085
567 -1.871131 0.283963 53.984747 1.712309 345.863454 1.935931
567 -2.110850 0.180318 61.409002 2.787095 407.882191 2.415370
567 -1.703171 0.351693 89.285363 1.716950 327.141117 1.600011
568 -1.197845 0.365648 -79.713457 3.351059 413.018826 0.589359
568 -1.174942 0.332488 84.277146 0.407929 235.874991 0.543552
568 -1.636439 0.316624 -25.182190 1.568369 325.192685 1.466547
568 -1.341222 0.311764 10.934267 2.499548 439.195064 0.876113
568 -1.340258 0.398873 38.552433 0.965946 327.331601 0.874185
568 -1.066939 0.264066 13.234139 1.549611 350.263731 0.327547
568 -1.690742 0.350924 16.023533 1.537477 380.933816 1.575154
568 -1.772089 0.051589 63.919267 0.154662 223.832894 1.737848
568 -1.701577 0.180006 75.517405 2.608704 393.393743 1.596824
568 -0.997080 0.365845 -75.582592 2.026323 338.278847 0.187829
569 -1.005124 0.339209 -72.700180 3.704088 438.869068 0.203917
569 -1.129882 0.330992 79.888393 0.513788 243.948628 0.453433
569 -1.487155 0.307751 -49.738687 1.643780 325.101597 1.167979
569 -0.911888 0.367701 18.316769 2.128637 413.050426 0.017445
569 -2.766319 0.219706 -87.409464 1.091549 298.757277 3.726308
569 -1.396517 0.283915 31.840996 1.639072 368.501623 0.986703
569 -2.938812 0.359154 -3.859529 1.742229 344.326582 4.071294
569 -3.580373 0.049415 -67.666503 4.203175 499.815453 5.354415
569 -1.336239 0.225142 -85.007691 3.148337 417.191531 0.866148
569 -1.245689 0.070934 -83.175674 4.160829 489.845436 0.685047
570 -1.071159 0.390598 23.888440 1.070363 324.163361 0.335988
570 -1.142846 0.334534 71.464584 0.614458 258.420005 0.479360
570 -2.805520 0.233503 61.597870 2.597242 419.229232 3.804710
570 -2.547778 0.346261 -85.591840 0.616288 252.783794 3.289226
570 -1.789479 0.342674 89.138088 1.818889 335.744977 1.772627
570 -1.141777 0.287106 9.968743 1.430005 354.504031 0.477223
570 -2.076644 0.357437 -40.229042 1.242556 321.501130 2.346958
570 -1.355779 0.144713 -77.869264 3.418759 442.870658 0.905227
570 -2.022562 0.223155 72.658076 3.648934 446.810611 2.238794
570 -1.243890 0.061090 -79.330381 4.265203 498.202772 0.681448
571 -2.688115 0.389620 58.917981 2.093325 386.367150 3.569899
571 -1.822215 0.376100 60.237310 1.514816 323.086399 1.838099
571 -3.709692 0.219027 42.860094 3.780617 470.253202 5.613053
571 -5.876388 0.157478 -59.836058 0.084679 222.869275 9.946445
571 -1.239628 0.303370 -56.850837 3.473273 428.038071 0.672926
571 -1.089557 0.264497 17.126884 1.942987 379.828552 0.372783
571 -1.823877 0.229697 -85.708832 2.587890 385.547541 1.841423
571 -5.218701 0.304207 72.640658 2.197337 444.990443 8.631072
571 -1.345573 0.154624 56.493565 1.117927 306.014249 0.884815
571 -1.807337 0.186067 -32.406444 2.815547 410.994141 1.808343
572 -1.229946 0.280338 -34.776359 1.211824 299.555328 0.653562
572 -2.018209 0.366369 2.668825 0.707038 275.997158 2.230087
572 -1.699385 0.252644 80.753956 3.371538 426.412746 1.592439
572 -1.341087 0.162367 -49.354747 0.401767 241.622289 0.875844
572 -0.998884 0.305670 -62.881129 4.138006 463.054011 0.191438
572 -1.762547 0.361634 18.801595 1.591567 388.113581 1.718763
572 -5.196141 0.339910 -50.243580 2.665384 465.106665 8.585952
572 -4.719684 0.361360 79.287559 2.824009 482.898506 7.633038
572 -2.004803 0.397007 -43.186017 3.745100 443.739596 2.203276
572 -2.129145 0.090994 -1.437224 3.569061 472.233784 2.451959
573 -1.533762 0.285138 -37.913312 1.324119 317.973042 1.261194
573 -1.606242 0.293009 25.307399 1.168127 315.235112 1.406154
573 -1.018410 0.297448 -70.935554 4.286941 473.601224 0.230489
573 -2.206437 0.131475 -6.031308 3.001996 439.882320 2.606543
573 -2.306036 0.341629 -50.393129 4.408040 483.270640 2.805740
573 -0.984234 0.362567 15.491625 1.759016 388.392010 0.162137
573 -1.061568 0.278347 -80.200628 0.371968 229.414499 0.316805
573 -2.140685 0.399863 37.233586 2.920252 475.667510 2.475039
573 -1.686684 0.378957 -44.273485 2.708457 386.400299 1.567038
573 -2.473017 0.198423 81.176121 0.870911 287.607302 3.139703
574 -1.706654 0.341404 71.631121 0.098371 233.976711 1.606977
574 -2.263207 0.389295 76.310688 1.478132 338.651097 2.720082
574 -2.730260 0.399415 -24.784077 4.664693 484.880403 3.654189
574 -0.966068 0.101904 20.965732 2.967328 437.768921 0.125805
574 -1.738972 0.375440 -54.505964 3.849890 445.628736 1.671614
574 -2.969608 0.303386 -14.716469 2.989278 418.562223 4.132886
574 -2.090643 0.232240 78.670268 2.321607 383.755617 2.374956
574 -2.709653 0.154204 -17.004642 3.975955 483.035534 3.612976
574 -1.454573 0.377852 -44.352157 2.194918 347.124824 1.102816
574 -2.016520 0.199350 -70.638701 0.036109 214.692686 2.226710
575 -1.976282 0.388036 75.683166 3.292974 417.218585 2.146232
575 -2.297279 0.358012 69.683993 1.348897 338.749355 2.788227
575 -1.906014 0.328879 -40.678959 4.530579 485.442858 2.005696
575 -1.068409 0.154118 18.058794 2.997174 451.797115 0.330488
575 -2.221245 0.347976 -52.441671 4.121290 467.482710 2.636159
575 -1.725735 0.341700 -23.266861 1.682572 345.625659 1.645139
575 -1.795349 0.207330 70.794380 2.397262 384.266899 1.784366
575 -1.298999 0.193287 16.145902 2.703155 439.914014 0.791667
575 -0.947460 0.235184 -66.794864 2.810276 396.332441 0.088590
575 -2.015130 0.223362 -75.905716 0.250075 217.824723 2.223930
576 -3.293316 0.393359 78.776461 3.534289 448.585275 4.780302
576 -2.080434 0.397273 -57.207941 0.527458 252.935816 2.354538
576 -1.252773 0.368970 -70.601817 5.039332 499.112700 0.699215
576 -1.098082 0.175973 24.527660 3.168522 463.990722 0.389833
576 -4.186570 0.140477 5.661600 2.897201 458.591288 6.566809
576 -1.646623 0.353037 -40.050222 1.771296 341.789061 1.486916
576 -1.236352 0.271591 13.218871 0.997063 303.933280 0.666374
576 -1.523669 0.174830 16.861571 2.165607 401.734482 1.241006
576 -1.279092 0.240316 -26.562038 1.302334 313.753517 0.751854
576 -1.031180 0.292580 -24.777721 0.582962 260.218822 0.256029
577 -3.391107 0.393062 78.642882 3.560214 450.751423 4.975883
577 -1.088235 0.338033 -33.368319 0.704171 261.118412 0.370138
577 -0.927006 0.356253 -69.974506 4.564644 480.314263 0.047681
577 -1.188692 0.226068 13.367926 3.544294 490.177651 0.571054
577 -0.980347 0.233631 14.213754 2.402279 418.520375 0.154363
577 -1.094184 0.040028 -41.272552 1.264268 308.042994 0.382037
577 -1.027595 0.298833 7.374374 0.877084 302.850763 0.248859
577 -1.384197 0.171792 24.280605 1.874535 377.390953 0.962062
577 -1.319910 0.213855 -16.990214 0.844143 291.344005 0.833489
577 -1.348319 0.243674 65.215408 1.039710 286.752903 0.890306
578 -2.280715 0.377086 70.925631 3.081121 414.155741 2.755099
578 -3.227307 0.236474 47.187367 2.698044 396.376784 4.648284
578 -1.949408 0.298134 -87.511661 4.698987 495.405647 2.092486
578 -3.909653 0.169074 -0.044091 3.862943 479.129577 6.012976
578 -1.372186 0.206415 -5.375281 1.158324 310.258513 0.938040
578 -1.723805 0.297956 -23.807489 0.926627 270.749720 1.641278
578 -1.074664 0.339660 -10.740177 0.042399 232.609164 0.342997
578 -1.840322 0.150504 35.544612 2.711198 430.864404 1.874313
578 -3.497012 0.140031 -1.357889 3.808005 480.299614 5.187693
578 -3.039593 0.236700 53.807075 0.424563 261.013849 4.272855
579 -1.320583 0.285081 25.328290 2.059465 405.510603 0.834834
579 -0.937602 0.283726 -70.903009 2.226477 356.507422 0.068873
579 -1.878965 0.306889 82.471026 4.570988 488.647638 1.951599
579 -1.718831 0.052204 51.527422 2.566697 404.720145 1.631331
579 -1.441903 0.259072 -18.818035 1.308816 313.540981 1.077475
579 -1.600372 0.307531 55.461503 1.297753 334.498926 1.394413
579 -1.390490 0.347209 -12.137005 0.485609 252.141889 0.974650
579 -3.978733 0.151650 36.982738 2.535540 436.381687 6.151136
579 -2.057991 0.109066 88.587785 0.085380 219.607212 2.309651
579 -1.081939 0.314321 -11.388259 0.404763 261.359409 0.357548
580 -3.283963 0.328524 -9.908526 2.723856 412.277980 4.761595
580 -1.178474 0.266087 -56.873330 2.620215 381.034854 0.550617
580 -2.130261 0.303472 84.713878 4.623412 494.640058 2.454192
580 -3.008948 0.136746 -79.107642 2.251112 376.146441 4.211566
580 -1.796419 0.117248 -12.070202 2.352513 388.470504 1.786508
580 -1.278074 0.292925 -38.241115 1.180044 300.578049 0.749818
580 -1.451820 0.328880 -9.204011 0.944101 293.378422 1.097310
580 -2.551018 0.121779 73.574908 4.162650 497.935099 3.295705
580 -2.218830 0.078573 -87.525858 0.297166 232.750184 2.631328
580 -1.115700 0.321898 -30.130649 0.780676 269.442248 0.425069
581 -1.536204 0.166807 38.447660 1.787400 368.654595 1.266076
581 -0.999050 0.250761 -64.299816 2.949244 403.277393 0.191769
581 -2.024249 0.305579 -59.649196 4.647192 492.849381 2.242168
581 -1.873896 0.323917 70.843808 1.693210 347.689699 1.941461
581 -1.064224 0.342773 -13.354550 0.630752 274.222897 0.322116
581 -1.592057 0.322075 -68.523088 1.368493 303.768358 1.377783
581 -2.542320 0.392016 -13.218455 1.497097 314.855387 3.278309
581 -2.026194 0.252882 3.709136 1.459977 337.085367 2.246057
581 -4.243777 0.236081 5.539263 2.770951 411.180963 6.681223
581 -2.953263 0.064241 86.376844 3.086968 438.186796 4.100195
582 -2.279215 0.320248 59.393631 2.119990 356.910733 2.752099
582 -2.221392 0.230672 86.178099 3.449885 434.418665 2.636452
582 -1.678197 0.270856 87.758975 4.593944 490.082384 1.550064
582 -4.491699 0.246176 34.883363 4.044328 483.736754 7.177068
582 -1.879541 0.213788 75.081976 2.121245 371.581981 1.952751
582 -1.268783 0.265770 7.949407 1.037075 309.323056 0.731236
582 -1.412726 0.321789 -25.787253 1.339234 323.778678 1.019122
582 -1.364363 0.324413 -44.968651 2.007225 340.352951 0.922396
582 -1.423964 0.262637 -33.063523 1.558088 331.106170 1.041596
582 -3.669881 0.388408 -3.675210 2.448079 388.550112 5.533430
583 -2.319910 0.366393 51.204351 1.793778 378.189627 2.833489
583 -1.650963 0.062407 57.168952 2.325718 390.039464 1.495594
583 -1.202760 0.249328 -81.863348 3.994924 460.194107 0.599190
583 -1.399682 0.284831 55.728675 1.055299 311.827484 0.993032
583 -2.167038 0.352781 81.859047 3.554724 438.739335 2.527745
583 -1.057180 0.303238 11.470450 1.697631 375.464842 0.308029
583 -1.206082 0.354273 -42.606642 1.169624 284.118163 0.605834
583 -1.112041 0.321480 -4.614174 0.889581 304.796247 0.417751
583 -2.165776 0.319047 -37.435736 2.016953 370.091407 2.525221
583 -1.558999 0.338016 -40.993277 2.368868 364.267336 1.311667
584 -1.069427 0.392449 76.546843 0.243765 227.859184 0.332523
584 -1.835958 0.394889 43.403843 0.958964 295.132588 1.865585
584 -1.845537 0.318499 60.021983 1.410459 309.234239 1.884743
584 -1.902656 0.395357 59.683036 1.467596 316.194872 1.998980
584 -2.431160 0.346930 67.856314 4.834370 496.525324 3.055990
584 -1.077300 0.324395 26.056389 1.658483 372.809351 0.348270
584 -1.226413 0.345142 -39.101142 0.720373 251.773687 0.646495
584 -2.527400 0.329535 6.264679 1.184094 311.292262 3.248469
584 -1.149729 0.014308 -22.126589 2.561675 401.728364 0.493126
584 -2.243924 0.287639 -27.586600 3.107244 417.168616 2.681517
585 -1.124230 0.380896 80.774205 0.057359 215.588415 0.442128
585 -1.823657 0.375243 0.533963 1.471029 366.033323 1.840984
585 -1.438525 0.300755 64.257249 0.906071 296.160942 1.070718
585 -1.434240 0.397715 -89.387467 0.975142 265.589969 1.062149
585 -2.766019 0.336320 62.753935 4.582188 491.636117 3.725707
585 -0.941302 0.271479 19.958556 0.988514 307.724693 0.076274
585 -1.632005 0.348524 -53.903775 0.303939 234.941393 1.457680
585 -1.028219 0.316712 -57.205328 0.434223 232.133744 0.250107
585 -1.173246 0.341526 13.461560 2.108379 403.332853 0.540161
585 -2.685040 0.303174 -20.063584 2.995790 409.696342 3.563750
586 -1.023903 0.124691 -63.288076 2.910072 412.304070 0.241474
586 -2.109170 0.348845 -26.395467 1.388210 346.396926 2.412010
586 -2.905820 0.224071 -5.959328 2.265800 375.505326 4.005309
586 -0.958207 0.354123 -75.133782 1.058562 273.657292 0.110083
586 -2.265288 0.349772 75.687495 1.369934 332.518218 2.724246
586 -0.906728 0.304225 19.019421 1.559108 359.809329 0.007126
586 -1.012523 0.321252 -72.282850 0.202604 214.232092 0.218716
586 -1.050336 0.194526 -72.160416 0.883131 270.304103 0.294340
586 -1.238742 0.347361 10.299795 2.202642 420.677408 0.671154
586 -1.590159 0.301088 -36.426171 2.082383 354.590056 1.373987
587 -1.024788 0.061638 -75.244162 3.708867 466.797518 0.243245
587 -1.467313 0.327492 -30.937163 1.533653 324.093638 1.128295
587 -1.478057 0.093707 5.230412 2.443905 401.521212 1.149784
587 -1.364541 0.342023 -40.422059 1.124048 278.291740 0.922752
587 -1.890277 0.265173 8.557705 0.816631 288.318162 1.974224
587 -1.346734 0.298055 9.185681 1.244330 326.684430 0.887136
587 -1.004165 0.279765 -33.146915 0.316379 232.418944 0.201999
587 -1.037969 0.276341 -50.759012 0.464653 238.896635 0.269606
587 -1.589751 0.344004 -49.647832 0.946515 282.697184 1.373172
587 -1.153831 0.284123 -0.626802 0.042968 225.765302 0.501330
588 -1.923588 0.225772 66.663652 2.438622 387.861195 2.040845
588 -1.160363 0.382432 -33.969934 0.903824 278.665864 0.514396
588 -0.933135 0.065776 14.490377 2.666501 415.138451 0.059938
588 -2.234533 0.346398 -40.858360 0.663553 245.354375 2.662735
588 -1.113964 0.244615 7.951766 1.121417 316.808237 0.421598
588 -1.183223 0.310020 23.382475 1.288351 331.114810 0.560116
588 -1.194508 0.283201 -40.564074 0.422232 232.744741 0.582685
588 -1.685998 0.226983 81.098849 2.235406 368.799072 1.565666
588 -2.390032 0.315512 -22.122050 1.825359 378.857256 2.973734
588 -2.331683 0.119085 -50.666487 3.610577 463.408460 2.857035
589 -1.345054 0.027214 29.226011 3.021034 434.899426 0.883778
589 -1.034372 0.381230 -40.869546 0.546889 244.374790 0.262413
589 -1.485400 0.168290 -32.022138 1.980593 352.969822 1.164468
589 -2.426710 0.291532 15.803025 0.258025 244.817214 3.047090
589 -2.353184 0.236106 11.454415 1.973179 369.886823 2.900038
589 -1.163051 0.283817 22.590730 1.267531 340.668777 0.519770
589 -0.972400 0.286526 -52.625856 0.423372 233.393390 0.138470
589 -3.480619 0.274814 3.272719 2.118728 373.256206 5.154907
589 -1.670206 0.357857 -52.447890 3.005441 402.298029 1.534081
589 -1.564755 0.124292 61.288829 1.893359 355.501535 1.323179
590 -1.822866 0.283127 22.139005 1.637208 349.028698 1.839401
590 -1.036057 0.356377 -59.691462 0.627995 244.138880 0.265782
590 -1.604720 0.209276 -40.631123 1.459657 326.018985 1.403109
590 -1.020837 0.153799 -43.551970 0.807185 266.676586 0.235343
590 -2.368323 0.317468 48.475601 1.880885 357.676346 2.930315
590 -1.549696 0.214623 -20.311336 1.723125 355.435463 1.293062
590 -1.492498 0.266592 -55.319344 0.337135 229.448714 1.178664
590 -0.925835 0.263172 15.839173 2.438318 423.161825 0.045340
590 -0.946245 0.332339 -66.880685 2.818199 388.559112 0.086160
590 -1.893454 0.145692 55.542464 2.280945 380.611398 1.980577
591 -1.673855 0.211747 3.106682 1.906547 372.857390 1.541379
591 -1.992684 0.336721 36.760702 1.272211 335.304485 2.179037
591 -0.921408 0.189013 -6.362167 0.257156 240.112341 0.036485
591 -1.770371 0.172742 -31.583853 0.065901 225.055991 1.734411
591 -1.869537 0.203209 57.065980 1.145723 291.250768 1.932744
591 -1.354090 0.171937 59.339414 1.226708 308.975646 0.901849
591 -1.355137 0.240898 -82.369208 0.228468 222.725962 0.903943
591 -1.015879 0.310092 13.982108 2.443156 427.548169 0.225427
591 -1.467626 0.198731 4.597371 2.345654 406.450223 1.128920
591 -1.507087 0.085104 -16.068021 2.175822 376.242155 1.207843
592 -1.416545 0.235606 5.546381 2.077139 396.881231 1.026759
592 -1.336859 0.385392 8.020345 1.788413 394.441005 0.867388
592 -1.321373 0.184829 -2.209206 0.278319 237.642315 0.836414
592 -2.987606 0.217832 -47.535084 3.533031 457.970006 4.168880
592 -1.629880 0.201067 78.777866 1.407887 319.636167 1.453429
592 -3.577199 0.357642 49.101677 3.324143 439.650933 5.348067
592 -0.972662 0.240236 -74.648337 0.144832 215.718855 0.138992
592 -1.156002 0.331876 10.054840 2.336983 423.885152 0.505673
592 -2.057056 0.272377 72.377064 3.435499 434.991958 2.307781
592 -2.234459 0.353624 73.100014 1.125433 319.101470 2.662588
593 -1.193265 0.270386 -47.777059 1.464154 307.608492 0.580200
593 -1.108279 0.387947 12.612570 1.946332 407.221884 0.410226
593 -1.658645 0.165514 -16.477877 0.723579 279.173972 1.510958
593 -2.047671 0.201264 -32.492451 3.853246 463.850643 2.289011
593 -1.330731 0.314297 -23.707172 1.239572 313.370220 0.855130
593 -3.374709 0.289631 48.518612 3.448623 444.036334 4.943087
593 -1.302510 0.267850 68.247132 0.533596 260.978676 0.798688
593 -1.214385 0.122590 67.399360 0.094736 221.593292 0.622439
593 -2.269699 0.287908 67.572800 3.020602 417.683612 2.733068
593 -1.318045 0.212888 -54.935602 1.504753 312.101410 0.829759
594 -2.744176 0.392379 58.729242 2.420839 365.481995 3.682021
594 -2.672229 0.375972 45.478838 1.939235 388.196310 3.538126
594 -2.930312 0.370905 43.267418 2.523314 442.108783 4.054294
594 -1.255762 0.169004 -54.402178 3.259719 427.913226 0.705194
594 -1.353409 0.296279 -53.484699 0.503260 244.921800 0.900487
594 -1.451727 0.357684 -41.698042 1.263740 307.772255 1.097124
594 -1.894455 0.370128 56.999569 1.618680 350.293221 1.982579
594 -1.774463 0.125189 42.434299 0.229962 231.326699 1.742594
594 -1.666103 0.169433 27.947030 3.184712 468.043579 1.525875
594 -1.175258 0.196714 -29.287761 1.112894 299.263377 0.544185
595 -2.380474 0.319104 -88.364412 2.807126 401.078631 2.954618
595 -1.000801 0.339969 -80.087922 0.362911 225.914648 0.195271
595 -1.648401 0.340308 31.499580 2.221323 409.615162 1.490470
595 -1.102236 0.158020 -60.517986 3.407173 438.485300 0.398140
595 -0.989348 0.215331 -41.501650 0.528522 247.076192 0.172365
595 -1.267802 0.297169 -27.948436 1.120451 305.387864 0.729274
595 -1.771539 0.387851 64.026624 1.531382 339.185165 1.736748
595 -1.167121 0.130960 50.092380 0.173913 230.280587 0.527912
595 -1.007607 0.159139 24.381411 3.139974 457.623835 0.208883
595 -1.093162 0.206898 -50.795669 0.783774 263.587702 0.379993
596 -2.273076 0.359212 39.708294 1.614223 385.445459 2.739822
596 -1.001542 0.337946 -81.764925 0.329012 222.572578 0.196754
596 -1.661033 0.380359 33.211488 2.444601 435.529829 1.515736
596 -1.764827 0.124394 -42.542599 3.320985 443.821643 1.723324
596 -2.826369 0.117943 -69.071799 0.658185 259.653195 3.846407
596 -0.988600 0.163483 23.407739 1.679769 354.086899 0.170870
596 -0.995951 0.285903 -23.620528 0.476019 253.996874 0.185571
596 -1.519707 0.394794 78.218481 1.404786 312.671403 1.233084
596 -4.078533 0.111871 6.326656 3.748223 472.598237 6.350734
596 -1.287344 0.231663 -73.090619 1.479573 313.300552 0.768356
597 -3.069237 0.399365 44.783487 1.840287 390.583631 4.332144
597 -1.130360 0.391835 -72.560854 0.677789 250.221897 0.454389
597 -1.833764 0.388863 29.026969 2.481613 437.213353 1.861197
597 -2.122000 0.061448 -21.509542 3.669030 478.837389 2.437669
597 -1.924057 0.379141 86.301026 1.596829 327.590299 2.041783
597 -1.058653 0.181932 26.036236 1.306367 326.990048 0.310976
597 -1.142107 0.141227 52.585776 0.226900 233.816337 0.477884
597 -1.654873 0.382792 89.141520 1.556467 315.403801 1.503415
597 -1.531193 0.252203 44.561355 1.205060 316.567715 1.256055
597 -1.284559 0.249765 -45.303199 1.750688 329.741292 0.762786
598 -4.098745 0.252047 -34.575897 2.784998 392.924706 6.391159
598 -1.113979 0.384759 -83.861218 0.758700 250.918133 0.421628
598 -1.063502 0.291135 -29.850185 0.366537 246.720903 0.320674
598 -2.192474 0.031320 -35.787238 3.626419 471.219780 2.578618
598 -2.215568 0.344489 67.079563 1.363281 340.800900 2.624805
598 -1.987846 0.377807 66.885777 1.968307 357.834871 2.169361
598 -1.203580 0.114180 65.741253 0.285864 235.418056 0.600828
598 -1.078915 0.177580 8.106828 1.493115 344.726623 0.351499
598 -1.719668 0.233738 57.242276 0.722584 259.821346 1.633005
598 -3.926715 0.365218 -7.282246 3.041361 432.968718 6.047098
599 -1.734112 0.179892 -50.872920 2.882442 410.981879 1.661893
599 -3.909043 0.385525 45.753223 3.174574 435.371410 6.011755
599 -1.009198 0.289951 -25.502125 0.392485 243.168397 0.212065
599 -2.506466 0.337963 56.489427 1.981756 344.637992 3.206601
599 -2.030334 0.329677 56.960768 1.002727 275.713355 2.254338
599 -1.338284 0.280573 3.474359 1.097612 319.129155 0.870237
599 -1.236393 0.340184 13.707519 1.582670 377.075829 0.666455
599 -1.383378 0.155405 5.755805 1.856658 365.295451 0.960425
599 -1.410575 0.173245 76.421396 1.596354 324.250888 1.014820
599 -1.888369 0.202264 34.989380 1.987455 375.712536 1.970407
600 -1.740432 0.273655 -45.382126 2.246274 370.642084 1.674533
600 -1.400723 0.303449 66.178785 1.123412 306.554173 0.995114
600 -0.972656 0.246279 -21.397987 0.167012 227.801140 0.138981
600 -1.922090 0.369356 67.409155 2.020031 348.782170 2.037849
600 -1.088911 0.331823 -83.310700 1.124501 277.512966 0.371491
600 -1.458022 0.366410 30.741597 1.880491 397.234460 1.109713
600 -1.764817 0.369879 42.972844 1.048823 304.966840 1.723304
600 -1.667737 0.161514 1.989558 1.974812 375.424406 1.529143
600 -1.271801 0.257119 -14.753696 0.629125 261.633136 0.737271
600 -3.142855 0.193495 -67.770496 2.087352 362.176709 4.479378
601 -1.298097 0.221776 -26.559196 0.321829 231.183958 0.789864
601 -1.364777 0.205361 68.425284 0.020114 210.169665 0.923223
601 -1.049521 0.251317 -23.139921 0.472393 248.656663 0.292711
601 -2.115846 0.300382 63.618494 1.796214 329.503130 2.425361
601 -1.031944 0.297078 -63.392103 1.398445 300.572595 0.257558
601 -0.991086 0.398882 -69.556880 1.064798 273.914888 0.175840
601 -1.494320 0.322797 57.310741 1.190841 306.566609 1.182310
601 -1.372408 0.194214 12.055421 1.368215 327.010209 0.938486
601 -1.081662 0.231317 -38.877448 0.649839 260.165747 0.356994
601 -2.171197 0.393285 -60.701179 1.666828 324.306426 2.536062
602 -1.043564 0.270124 -81.808330 0.143423 213.923051 0.280796
602 -1.465756 0.291082 36.654048 0.824407 298.481632 1.125181
602 -1.016190 0.279561 -76.175131 0.055392 207.169770 0.226050
602 -1.466645 0.156280 -25.008957 1.871632 358.933800 1.126959
602 -1.024076 0.304419 -75.822102 1.491533 307.106297 0.241821
602 -1.212276 0.380673 -46.558254 1.318656 293.998999 0.618222
602 -1.827368 0.399947 32.851872 0.675737 285.331594 1.848404
602 -1.116711 0.198349 14.855037 1.986668 376.243582 0.427091
602 -0.919581 0.279040 -4.545213 0.102458 233.255784 0.032831
602 -1.251191 0.202766 71.543408 0.964456 283.121309 0.696052
603 -1.125378 0.251284 -9.774598 0.760881 280.249858 0.444425
603 -1.625905 0.231854 4.321666 2.680518 437.901947 1.445479
603 -1.056165 0.324323 -32.295154 0.336664 243.621248 0.306000
603 -2.482821 0.202019 -43.675706 1.402396 329.204585 3.159311
603 -1.041561 0.153013 -19.685917 0.769872 276.150919 0.276790
603 -1.022925 0.395851 -57.414492 1.225529 280.290542 0.239518
603 -2.065183 0.387332 29.249236 0.479965 268.157284 2.324036
603 -1.644903 0.250074 -18.682101 0.468313 263.922653 1.483475
603 -2.090932 0.248450 -31.620777 0.034715 227.394438 2.375534
603 -2.408060 0.253699 59.305676 2.007643 386.212362 3.009790
604 -1.018045 0.353120 -33.510528 0.037535 212.418657 0.229758
604 -1.315966 0.238780 82.164433 0.545332 250.797709 0.825602
604 -0.992757 0.366650 -37.763649 0.208034 228.710317 0.179182
604 -1.113213 0.070362 21.730370 3.326569 455.947818 0.420096
604 -2.380418 0.223004 -43.325771 1.628341 345.109394 2.954505
604 -1.146066 0.390659 -59.155195 1.115158 276.460885 0.485801
604 -2.833508 0.340898 29.768844 1.999085 420.892434 3.860685
604 -1.755704 0.281626 -26.547461 0.372238 256.588407 1.705076
604 -3.133521 0.152343 29.166029 2.547985 404.953851 4.460711
604 -1.464386 0.298641 68.433889 1.226673 295.018243 1.122442
605 -1.055059 0.260766 -16.010738 0.218321 240.575208 0.303786
605 -1.835680 0.118390 -9.299715 2.615076 420.978787 1.865029
605 -1.321648 0.363592 -46.239848 0.227335 232.080541 0.836964
605 -1.482850 0.097097 20.863579 3.577185 483.457476 1.159368
605 -0.961717 0.105825 13.968972 3.763031 489.842777 0.117104
605 -1.960951 0.356971 -35.275380 2.085102 367.616283 2.115571
605 -1.263435 0.237987 20.902165 2.504471 431.648038 0.720539
605 -1.368781 0.275645 -13.637687 0.152939 224.461474 0.931232
605 -2.615058 0.131718 47.686180 3.441615 458.778826 3.423784
605 -0.905136 0.395035 17.506652 1.620974 377.058526 0.003941
606 -1.192116 0.262066 -35.938545 0.359535 244.414291 0.577901
606 -2.854001 0.151607 -13.880722 3.561550 474.199986 3.901672
606 -1.003888 0.363858 -58.688786 0.019602 205.930768 0.201445
606 -0.922110 0.094357 20.514659 3.734128 485.840344 0.037888
606 -1.979858 0.120791 47.378625 2.433706 395.751772 2.153385
606 -1.000998 0.396895 -16.216239 0.068614 235.238197 0.195665
606 -2.529373 0.323866 -2.780354 1.975369 398.923784 3.252414
606 -1.009474 0.321026 25.623283 0.221868 248.289550 0.212616
606 -2.450528 0.266972 57.758271 0.609872 280.293303 3.094725
606 -1.445994 0.282005 -41.010769 0.991436 291.271234 1.085658
607 -1.085144 0.270313 -43.255475 0.483808 237.698840 0.363957
607 -2.879568 0.101019 -1.897276 3.882676 486.007331 3.952805
607 -0.964495 0.362779 -58.298505 0.039070 206.627301 0.122659
607 -1.034556 0.101599 24.847422 2.322682 395.632529 0.262781
607 -3.744879 0.126545 44.147030 2.827500 447.833705 5.683427
607 -3.731820 0.382622 60.827333 2.528303 463.723711 5.657309
607 -2.530594 0.330274 -13.948031 1.962880 394.538666 3.254856
607 -1.084622 0.311613 28.126095 0.110646 238.151994 0.362913
607 -1.012751 0.303263 12.725554 1.579492 359.012784 0.219171
607 -1.800634 0.275342 -20.412189 1.700803 361.734226 1.794937
608 -2.083180 0.159526 -19.879024 2.745359 423.614826 2.360029
608 -3.067525 0.119207 -9.278558 3.940427 478.708725 4.328720
608 -1.490079 0.257426 -14.568644 1.510860 338.536069 1.173828
608 -1.521019 0.102655 14.736636 2.542206 416.679012 1.235707
608 -0.926882 0.145151 20.407423 2.769404 432.497015 0.047434
608 -3.344468 0.392925 63.780911 2.929461 473.742789 4.882605
608 -1.392220 0.295669 -50.833015 0.939460 277.427305 0.978108
608 -1.148639 0.276471 16.971628 0.057586 229.008225 0.490948
608 -1.485640 0.339300 -40.635270 1.429520 319.311851 1.164949
608 -0.946849 0.174340 -35.312428 0.332272 235.914057 0.087367
609 -4.250232 0.386225 4.005946 2.188038 368.920022 6.694134
609 -2.132952 0.063362 -26.172042 3.968227 493.949185 2.459574
609 -1.065298 0.184859 26.968506 1.179346 318.427150 0.324265
609 -2.608873 0.237093 -1.746896 2.179346 383.261363 3.411415
609 -1.701733 0.330495 -54.810507 1.786944 326.441393 1.597135
609 -1.218315 0.253581 -29.412076 0.128913 217.386170 0.630299
609 -1.152180 0.268703 25.251662 2.546181 434.601839 0.498030
609 -1.279230 0.326435 -26.398424 1.131000 306.982912 0.752129
609 -1.258260 0.207521 -11.302511 1.099216 303.697449 0.710189
609 -1.584142 0.387650 43.563480 1.041844 311.503536 1.361953
610 -2.108551 0.288055 -49.522646 1.555229 331.673628 2.410771
610 -1.647672 0.049143 -32.784346 4.149439 493.862630 1.489013
610 -2.005097 0.260578 -19.680147 2.083558 364.732170 2.203863
610 -1.111148 0.302796 60.621852 0.217484 230.734500 0.415965
610 -1.880770 0.252057 -26.776640 2.211512 365.935958 1.955209
610 -1.533099 0.263985 -15.355407 1.035075 289.936204 1.259867
610 -0.938251 0.362670 19.210650 0.583830 284.967294 0.070171
610 -1.643103 0.313812 -26.465441 1.473223 340.159550 1.479874
610 -1.141541 0.329551 -83.396784 1.150447 280.390310 0.476751
610 -1.337586 0.317932 28.625213 1.471254 364.319140 0.868841
611 -1.691426 0.211184 -35.489561 1.966377 363.052832 1.576520
611 -2.156855 0.064752 -17.763498 3.990420 485.029566 2.507379
611 -1.091234 0.307003 -11.434879 0.572941 275.240286 0.376138
611 -1.340775 0.326887 70.347583 0.999857 278.120624 0.875220
611 -1.903528 0.234714 -30.806927 2.389683 372.538378 2.000725
611 -1.753048 0.269880 3.149548 1.070276 307.526019 1.699765
611 -1.005414 0.365722 19.669051 0.199302 251.801506 0.204498
611 -1.312938 0.322737 22.249766 1.434740 341.343472 0.819545
611 -3.327409 0.161291 -9.369442 3.846188 486.086040 4.848488
611 -1.299682 0.399623 -13.101464 0.672434 294.794213 0.793033
612 -3.076618 0.168648 -58.758708 0.824264 278.473461 4.346904
612 -2.075992 0.059256 -15.604807 4.104846 493.534617 2.345654
612 -1.415902 0.310394 -39.154791 1.502902 307.475405 1.025474
612 -1.627586 0.296423 -66.964772 2.904092 401.685044 1.448842
612 -2.488171 0.205428 -20.767648 2.757252 399.161176 3.170011
612 -1.510078 0.221432 -29.408569 1.808480 350.758719 1.213825
612 -1.397954 0.347025 -57.242827 1.053581 275.738726 0.989578
612 -2.610182 0.302863 70.026463 1.723965 363.695142 3.414032
612 -2.292231 0.105374 -11.008773 3.056995 430.518434 2.778130
612 -1.839351 0.268309 -25.603311 2.072053 371.715026 1.872371
613 -1.703746 0.202307 -71.294877 0.469387 243.618409 1.601161
613 -1.564871 0.033932 -32.282158 3.855405 478.539209 1.323412
613 -2.319788 0.049017 10.301211 3.076835 439.008433 2.833244
613 -3.845154 0.338904 55.034771 2.319150 446.630210 5.883976
613 -1.276220 0.348862 32.959615 0.964930 317.286646 0.746109
613 -1.139513 0.110270 27.770382 1.923991 368.502242 0.472695
613 -1.260023 0.104480 -66.159171 3.207534 434.098260 0.713715
613 -2.218775 0.240533 56.294129 2.298162 395.387049 2.631218
613 -1.551050 0.057588 -33.178537 2.905163 424.610381 1.295769
613 -1.585880 0.375353 80.465937 2.290900 356.164530 1.365430
614 -2.205242 0.220682 -14.019280 2.384965 392.596614 2.604153
614 -1.236892 0.379340 -62.287183 3.622953 431.103222 0.667454
614 -1.153762 0.050736 6.487641 3.054227 439.834274 0.501194
614 -2.724191 0.276143 35.984251 2.061046 412.509380 3.642051
614 -1.206045 0.340993 23.753802 1.030098 327.420998 0.605760
614 -2.834850 0.326999 86.390185 2.377483 386.521826 3.863369
614 -1.171031 0.087604 -58.254028 3.248065 436.078226 0.535731
614 -1.713262 0.316651 -37.263035 2.362507 372.832202 1.620194
614 -1.095047 0.018974 -24.944759 2.130349 372.407094 0.383763
614 -1.518154 0.397194 -62.158177 1.761286 323.751112 1.229977
615 -1.155520 0.193075 -64.244444 1.978793 348.035579 0.504710
615 -1.326509 0.326865 -63.627272 3.564028 433.686939 0.846687
615 -1.253486 0.105331 20.301841 3.028546 448.944411 0.700640
615 -3.532886 0.236010 41.118932 2.177619 418.496636 5.259441
615 -1.048387 0.145177 10.233053 1.908526 369.684796 0.290444
615 -3.970829 0.267394 45.674399 4.133954 488.362092 6.135327
615 -2.136076 0.297329 -55.323473 1.308562 298.943707 2.465820
615 -1.353468 0.231064 -58.375110 2.573827 382.905868 0.900605
615 -2.677138 0.270237 -28.635223 3.184956 439.021921 3.547944
615 -1.760439 0.355462 12.277005 1.486010 344.328179 1.714546
616 -1.081855 0.194354 -80.839838 1.931216 342.232494 0.357378
616 -1.075766 0.313772 -63.041252 3.480844 428.436340 0.345201
616 -0.988928 0.084114 -49.387515 1.034912 286.444106 0.171525
616 -1.880871 0.203886 26.401796 2.985039 461.957829 1.955412
616 -1.183187 0.226096 16.853522 1.624118 349.575343 0.560043
616 -1.072032 0.197161 11.040082 2.452637 417.279606 0.337734
616 -1.796361 0.374570 76.764770 1.776730 342.480937 1.786392
616 -1.905057 0.296077 -48.984891 3.458600 436.011025 2.003782
616 -2.643022 0.261582 -28.359807 3.191655 439.603484 3.479713
616 -1.632410 0.066650 35.409058 1.697602 347.387035 1.458489
617 -1.278609 0.232489 -79.319095 1.766526 331.502374 0.750888
617 -2.688049 0.330427 -64.995370 3.810167 450.948874 3.569767
617 -1.387350 0.155732 28.985076 2.875945 435.274870 0.968369
617 -1.743710 0.228671 29.009762 3.387956 487.629065 1.681089
617 -1.639608 0.205634 3.150700 1.314110 326.039220 1.472886
617 -1.715710 0.105371 -9.062837 2.151088 375.667150 1.625090
617 -1.997506 0.374966 57.994165 1.718505 354.162896 2.188681
617 -1.659793 0.116864 0.425708 1.964367 369.219870 1.513255
617 -2.737709 0.264730 -28.566429 3.221188 442.231685 3.669088
617 -1.575760 0.204644 -10.825811 1.660261 360.145559 1.345189
618 -1.388562 0.117812 -29.739593 1.914968 358.042555 0.970793
618 -2.052239 0.386965 -36.510747 3.827042 446.618393 2.298148
618 -2.561726 0.398066 78.920608 2.473496 389.873314 3.317121
618 -2.116389 0.304224 39.704955 2.956828 461.066242 2.426447
618 -2.197026 0.173866 -46.616810 3.930509 475.906491 2.587722
618 -1.550910 0.292108 32.888552 1.861955 379.009293 1.295490
618 -2.260805 0.388321 71.521241 1.222652 329.329750 2.715280
618 -1.845894 0.108273 -13.521603 1.985985 359.051654 1.885458
618 -1.392505 0.250311 -15.508172 1.111585 299.659335 0.978679
618 -2.544736 0.279660 -21.673672 0.909364 308.467698 3.283140
619 -2.311018 0.332413 -39.367303 1.478239 340.251429 2.815705
619 -2.107117 0.387883 -34.425452 3.457612 421.311034 2.407903
619 -2.162607 0.358250 88.327790 1.982608 352.632937 2.518884
619 -1.722881 0.245089 3.267502 3.559523 493.513528 1.639431
619 -1.929825 0.186766 -38.783080 4.348226 492.044429 2.053318
619 -1.955898 0.246262 37.618826 2.428137 416.160198 2.105465
619 -2.330685 0.398806 88.769765 1.887839 348.148358 2.855038
619 -0.979291 0.383595 -62.089158 1.558620 304.501161 0.152252
619 -1.421572 0.236740 -36.851455 1.735500 338.968763 1.036814
619 -2.005922 0.309872 79.023841 3.092895 416.314500 2.205513
620 -1.207023 0.195796 0.947549 1.392789 338.298546 0.607716
620 -2.277265 0.396044 -32.087553 3.394050 417.066888 2.748200
620 -1.837614 0.370909 78.931346 2.528673 378.557552 1.868897
620 -0.934123 0.158324 -71.894460 2.247114 365.782557 0.061915
620 -1.090154 0.270746 -61.086839 4.678673 493.808990 0.373977
620 -1.168631 0.303381 8.763441 1.048975 314.580647 0.530931
620 -3.549469 0.300753 86.433351 1.532529 343.591198 5.292607
620 -1.212725 0.392313 -71.550267 1.453809 291.695289 0.619119
620 -1.471921 0.237225 -34.575100 1.869394 346.981090 1.137511
620 -1.148342 0.323952 24.157173 2.983810 472.959539 0.490353
621 -2.672602 0.175902 -0.205411 2.673905 417.593275 3.538873
621 -2.298697 0.305574 -31.800663 3.062154 422.671753 2.791064
621 -1.737990 0.292520 -64.215984 2.062263 350.833450 1.669649
621 -2.027892 0.086671 -87.559736 2.895929 416.216919 2.249454
621 -1.082851 0.273261 -62.781056 4.776314 499.911713 0.359371
621 -1.148515 0.325139 55.400298 0.492600 266.183399 0.490699
621 -2.420049 0.191402 42.163365 2.468449 404.913130 3.033768
621 -0.936645 0.382544 16.317079 2.482657 442.577787 0.066959
621 -1.206827 0.246108 82.205621 0.717623 258.897255 0.607322
621 -1.149975 0.277851 53.409507 0.398060 256.792753 0.493620
622 -2.779697 0.297785 62.513153 2.415016 405.489708 3.753064
622 -3.289899 0.349080 -16.244843 4.258436 479.919761 4.773468
622 -1.343325 0.362707 -85.322525 1.051450 273.693022 0.880319
622 -1.804607 0.086464 -88.673788 2.919336 416.692716 1.802883
622 -1.121923 0.398660 -31.405924 0.738860 274.152517 0.437516
622 -1.897759 0.364139 21.935470 1.297136 326.440832 1.989187
622 -2.729280 0.216143 36.592287 2.351755 398.414838 3.652229
622 -1.664656 0.317097 16.606801 2.361132 435.935146 1.522982
622 -1.842166 0.233428 -67.778731 0.823605 269.227304 1.878000
622 -1.076523 0.367920 -82.257329 2.548331 367.658500 0.346715
623 -1.732456 0.361787 -40.002131 2.864138 394.665558 1.658581
623 -1.744461 0.272608 -45.283641 4.150928 471.374040 1.682592
623 -1.260028 0.395586 -17.109501 0.183357 248.183570 0.713725
623 -3.895900 0.383013 43.175960 3.816549 451.805712 5.985469
623 -1.155523 0.300258 -17.531382 0.929043 297.432660 0.504716
623 -2.320568 0.353522 38.554719 1.608163 354.159695 2.834806
623 -3.963056 0.334751 31.387470 1.711446 336.912245 6.119780
623 -1.089241 0.023082 -32.090110 0.372047 240.633487 0.372150
623 -1.924031 0.258650 -50.307578 1.134842 284.758826 2.041730
623 -0.910892 0.365387 -72.956755 3.012471 396.195588 0.015453
624 -1.476069 0.363955 -28.298433 1.376467 324.760159 1.145807
624 -1.798344 0.247120 -40.203647 4.353046 482.309874 1.790357
624 -1.615413 0.399615 -12.169000 0.111810 221.271653 1.424496
624 -2.730868 0.177580 -36.403197 3.223650 448.265749 3.655405
624 -1.727292 0.309024 42.417770 1.392040 355.680310 1.648253
624 -2.327587 0.109333 -36.807415 1.574971 340.165585 2.848842
624 -3.647821 0.345616 32.550439 1.585944 329.372726 5.489310
624 -1.071126 0.021707 -28.689736 0.421850 244.019682 0.335921
624 -1.044013 0.220247 -69.387318 0.530363 240.039385 0.281695
624 -2.796124 0.388357 -47.472663 2.369404 386.277043 3.785918
625 -3.139527 0.297972 -56.097965 1.637942 341.069900 4.472724
625 -4.258789 0.276533 -26.694939 1.662735 377.396840 6.711248
625 -2.035435 0.114856 -33.525868 1.914012 364.919320 2.264540
625 -1.586565 0.107942 -24.374433 2.537854 402.317754 1.366799
625 -1.619196 0.309886 16.716149 1.296521 324.817088 1.432062
625 -2.207882 0.119338 -33.357574 1.508778 336.577083 2.609433
625 -1.261312 0.343530 -81.088669 2.078386 344.129193 0.716294
625 -1.110311 0.372207 -40.245416 0.180857 229.489740 0.414291
625 -0.910116 0.228738 -64.827908 0.115506 214.413846 0.013902
625 -1.962177 0.268012 89.670543 1.663363 331.689171 2.118023
626 -0.945631 0.140860 17.978077 2.417021 408.828264 0.084931
626 -2.614271 0.291415 -13.692141 1.568627 370.826785 3.422210
626 -2.032700 0.260130 76.768883 2.062405 368.317873 2.259070
626 -2.456936 0.102547 39.011700 3.384102 470.746964 3.107540
626 -2.024629 0.308457 38.727541 1.170575 310.891790 2.242927
626 -1.271912 0.114442 -32.725281 0.911968 276.058791 0.737493
626 -0.930494 0.260071 20.895282 1.824344 377.742457 0.054658
626 -1.261630 0.292381 69.179435 0.627309 267.039039 0.716929
626 -2.107036 0.286355 64.207465 1.122899 321.544341 2.407742
626 -1.689264 0.226908 72.246348 1.748564 347.104104 1.572197
627 -0.941706 0.301177 -45.625953 0.115330 215.309393 0.077080
627 -1.776588 0.083552 71.029752 3.288903 443.247156 1.746845
627 -1.399781 0.334327 -17.098961 0.819294 274.988968 0.993231
627 -2.890668 0.283328 13.983146 2.897087 472.679356 3.975005
627 -1.793378 0.347212 40.983983 0.263660 237.830480 1.780425
627 -1.160267 0.139381 -16.239238 1.168004 305.966628 0.514204
627 -1.412258 0.272180 27.584370 2.963818 456.812491 1.018186
627 -1.096663 0.313767 -85.938054 0.632429 243.728472 0.386996
627 -1.150762 0.254083 74.733613 0.644096 255.537065 0.495194
627 -2.190091 0.320267 59.250322 1.980462 375.367061 2.573851
628 -0.963911 0.276980 -27.864037 0.170218 230.030319 0.121492
628 -2.172764 0.082536 60.479917 2.952320 436.213123 2.539197
628 -1.765032 0.167675 15.735636 2.340191 394.171412 1.723733
628 -1.658651 0.116515 59.617871 1.643231 333.149168 1.510972
628 -2.062700 0.349911 36.063558 0.594981 265.558873 2.319069
628 -1.204153 0.292628 -11.068030 1.014682 311.697238 0.601975
628 -1.020608 0.275524 23.142267 3.071323 467.225141 0.234885
628 -2.071514 0.292043 30.096356 0.717944 281.277829 2.336697
628 -2.423047 0.287382 -12.736014 2.218873 397.827768 3.039764
628 -2.294162 0.315524 48.887372 1.945067 370.619933 2.781993
629 -1.059322 0.200697 -15.771775 0.808523 281.531285 0.312312
629 -2.039815 0.343435 14.300423 2.160403 428.627019 2.273298
629 -2.336858 0.275720 33.619661 2.038733 409.416457 2.867384
629 -1.655241 0.180171 64.147099 1.653151 329.650873 1.504152
629 -2.138143 0.311890 29.931223 0.721450 281.859231 2.469954
629 -1.156112 0.230723 -63.003734 2.897186 403.009740 0.505894
629 -2.330227 0.265392 -27.873655 3.327073 426.702286 2.854124
629 -2.745303 0.145069 25.893019 0.226335 236.665487 3.684275
629 -1.525549 0.181171 -68.444706 1.224357 298.610375 1.244767
629 -1.718143 0.251854 -34.485833 2.439172 376.246892 1.629954
630 -1.244995 0.240157 -25.673415 1.208750 309.867072 0.683658
630 -2.092305 0.283428 -43.404509 1.172994 311.665020 2.378278
630 -1.619737 0.250285 83.078775 1.527004 322.811257 1.433144
630 -1.105942 0.228503 -41.347105 0.639735 250.539447 0.405552
630 -1.141923 0.331858 -81.662621 1.857525 324.693869 0.477516
630 -1.749249 0.272036 -49.430100 1.910764 348.708376 1.692167
630 -2.809237 0.126213 -35.453633 0.390712 235.552172 3.812142
630 -2.199785 0.133856 -42.155437 2.535829 403.054709 2.593240
630 -1.048738 0.142987 -78.882382 1.202370 294.347674 0.291145
630 -1.137390 0.215971 -75.915774 2.907320 401.140805 0.468449
631 -1.377577 0.282208 81.536418 0.134623 224.443556 0.948824
631 -2.534752 0.170133 -21.195343 3.731789 460.521513 3.263174
631 -2.101982 0.282838 -88.681216 2.081413 357.847475 2.397633
631 -1.027650 0.231942 -41.277538 0.511979 247.782776 0.248970
631 -2.292556 0.271226 61.865174 2.312823 366.509216 2.778781
631 -1.066972 0.292081 -59.118455 2.566764 375.117517 0.327613
631 -2.205314 0.357069 36.423418 2.074513 411.794641 2.604297
631 -3.791125 0.362888 -34.168732 1.024048 269.936684 5.775919
631 -1.295807 0.173655 -68.391842 1.233270 298.434621 0.785283
631 -1.127588 0.213390 -79.270735 2.917877 402.285623 0.448844
632 -1.302608 0.233590 83.811085 0.416720 240.343945 0.798886
632 -1.492849 0.171776 -16.374300 1.803603 354.663154 1.179367
632 -1.284016 0.259775 -52.961142 1.919239 336.234849 0.761701
632 -1.477118 0.239727 -66.681018 0.070358 214.802553 1.147904
632 -1.043079 0.272594 -80.491277 2.127278 348.918117 0.279827
632 -1.286366 0.228049 -35.453730 1.157074 289.366662 0.766401
632 -1.066302 0.391916 -75.171592 0.810502 257.693528 0.326274
632 -1.574792 0.203865 -35.039622 1.930131 343.464561 1.343254
632 -1.269002 0.238639 77.987866 1.056929 285.051996 0.731674
632 -1.829419 0.355524 69.030758 1.794062 348.732842 1.852508
633 -1.258883 0.364189 54.396819 0.890130 298.928166 0.711436
633 -1.403838 0.089560 -88.215089 2.143616 364.351216 1.001346
633 -1.549416 0.284478 -39.241729 1.999028 353.200818 1.292500
633 -2.809340 0.266705 -63.480256 0.175297 227.355854 3.812349
633 -2.420566 0.343964 -57.383714 3.570999 440.005815 3.034802
633 -0.981530 0.234936 -58.444818 1.091684 280.033515 0.156729
633 -1.194084 0.381897 -85.704112 0.876242 259.037581 0.581838
633 -1.161689 0.318408 -18.835325 0.549091 256.321869 0.517048
633 -2.150386 0.297708 -87.796017 1.293165 306.893503 2.494440
633 -1.486781 0.343639 74.503068 1.277674 310.101687 1.167232
634 -2.111481 0.295274 73.900800 3.917996 459.152565 2.416632
634 -1.110303 0.097422 -75.040729 2.117696 364.314545 0.414275
634 -2.099653 0.342766 -0.598459 2.540714 435.340720 2.392974
634 -1.832590 0.238752 34.416678 1.641885 353.437202 1.858849
634 -1.933992 0.348514 -37.995434 4.075334 460.088308 2.061653
634 -1.152901 0.252441 58.894710 0.626549 268.765465 0.499471
634 -1.858843 0.185414 71.530379 1.113821 306.711975 1.911355
634 -1.585646 0.339099 3.181453 0.275172 244.842727 1.364961
634 -1.239364 0.302003 -43.722025 1.237621 297.392324 0.672398
634 -2.678322 0.339684 -38.013305 3.740081 458.192652 3.550313
635 -1.485945 0.225642 52.135089 1.410425 329.887825 1.165560
635 -1.123068 0.244639 55.960578 0.090982 223.258284 0.439805
635 -0.973512 0.299392 19.647402 2.492498 434.660370 0.140693
635 -1.725690 0.246074 35.843365 1.284798 330.605005 1.645049
635 -2.065294 0.344367 -34.777783 3.995285 455.304446 2.324257
635 -1.323499 0.303446 71.250094 1.135725 295.793437 0.840667
635 -1.362273 0.159789 76.060293 0.837908 275.765795 0.918215
635 -1.944358 0.387694 89.087077 2.744425 381.021948 2.082386
635 -2.111862 0.290161 -71.845810 2.923611 393.038957 2.417394
635 -2.523439 0.327411 -53.988860 4.073270 469.117176 3.240546
636 -1.446479 0.233991 62.092025 1.263884 318.882572 1.086628
636 -1.161789 0.259684 67.783717 0.064130 223.453685 0.517247
636 -2.653567 0.284867 35.151711 1.940228 405.087703 3.500803
636 -0.908017 0.239027 18.051399 1.195981 324.185095 0.009703
636 -2.316363 0.342965 -30.182783 3.742139 442.259631 2.826395
636 -3.071075 0.323146 -86.976448 1.291294 316.415027 4.335818
636 -1.246109 0.161199 73.506755 0.849005 274.477893 0.685888
636 -2.289740 0.391836 89.285952 3.443018 429.402706 2.773150
636 -2.107641 0.320488 86.185707 3.235653 423.223803 2.408951
636 -1.439100 0.074574 -35.404664 2.730015 408.070465 1.071869
637 -2.180453 0.254616 -85.514055 1.516466 315.996047 2.554575
637 -2.317222 0.223183 67.266562 0.339779 251.542226 2.828113
637 -4.329482 0.283353 -11.207604 3.091067 472.302550 6.852634
637 -1.162279 0.172451 55.726111 0.436396 252.482384 0.518227
637 -3.512825 0.281375 -10.270074 4.001226 467.544539 5.219319
637 -1.157843 0.339163 30.927721 0.653835 287.442541 0.509356
637 -1.332241 0.124952 64.993143 0.913189 278.827798 0.858151
637 -1.755945 0.387603 79.776710 3.810052 438.793368 1.705559
637 -3.486000 0.216156 84.161928 3.359690 433.314818 5.165669
637 -1.102588 0.356912 -86.645624 0.725039 247.973252 0.398845
638 -1.429201 0.287109 -80.483843 1.485675 310.134052 1.052070
638 -1.421412 0.141640 54.957032 1.224477 307.685179 1.036493
638 -0.978377 0.338235 18.416431 2.804780 457.985120 0.150423
638 -1.155685 0.171174 -11.483162 0.902629 292.922651 0.505040
638 -2.832300 0.390643 -20.987087 3.183052 411.203211 3.858269
638 -2.247305 0.369655 -23.778773 1.731310 369.684656 2.688279
638 -1.275215 0.101461 70.549852 0.671439 262.623576 0.744100
638 -2.360033 0.399064 -82.834051 4.053462 455.873644 2.913736
638 -1.285809 0.361402 -46.565199 0.979249 280.381193 0.765287
638 -2.087276 0.394157 -3.322642 1.019035 296.186047 2.368221
639 -1.865759 0.320659 71.230687 2.305719 362.675370 1.925188
639 -1.391686 0.096188 50.644388 1.191800 310.222062 0.977041
639 -1.720733 0.373938 33.254887 2.285696 427.621831 1.635136
639 -2.350346 0.318753 -10.939542 1.846104 352.808649 2.894361
639 -2.199121 0.354825 -89.585497 3.145603 415.204953 2.591912
639 -1.617596 0.208912 16.376388 3.026589 450.838009 1.428862
639 -1.449453 0.146881 71.679374 1.039071 283.019358 1.092575
639 -1.474619 0.387629 -71.698500 3.887509 446.811654 1.142908
639 -2.510939 0.306703 -24.435639 2.604518 380.648295 3.215547
639 -1.011607 0.239501 -22.956097 0.568592 259.161336 0.216882
640 -1.582786 0.270921 84.944199 0.988653 284.634833 1.359241
640 -1.092767 0.336220 70.057035 0.442330 245.149763 0.379203
640 -0.982842 0.383912 21.420952 1.957183 406.340245 0.159353
640 -0.966801 0.172520 13.866363 0.925425 296.614536 0.127272
640 -1.939268 0.250175 -42.383477 2.343145 383.057173 2.072205
640 -1.172097 0.270050 53.810419 0.661290 276.815740 0.537863
640 -1.588060 0.110943 71.511520 0.944940 287.665276 1.369789
640 -1.913418 0.289041 -51.486166 2.141402 362.873865 2.020505
640 -2.000757 0.284572 -45.490725 2.360021 381.216566 2.195182
640 -1.031968 0.217581 -5.260897 0.696238 279.774479 0.257606
641 -1.701765 0.269351 69.890535 1.407419 329.173676 1.597200
641 -1.116709 0.342190 61.826799 0.234283 231.439940 0.427087
641 -1.536087 0.139592 72.254575 1.338525 316.814163 1.265843
641 -1.066303 0.178934 20.486561 0.856390 287.802750 0.326274
641 -1.905620 0.198261 -44.403801 3.067103 424.883658 2.004910
641 -1.218434 0.226333 55.754821 0.453336 248.266017 0.630538
641 -1.501125 0.228996 67.273409 0.776062 260.985216 1.195919
641 -1.625674 0.250550 -41.247025 3.074947 412.253868 1.445017
641 -2.392105 0.352531 -31.084169 1.812053 369.047129 2.977880
641 -2.279705 0.341271 -41.136884 1.895209 361.865029 2.753079
642 -1.003092 0.252075 -39.082313 0.156967 218.743018 0.199853
642 -1.073630 0.325925 79.393055 0.215966 222.958798 0.340928
642 -1.520776 0.220549 48.834842 1.412566 330.656940 1.235222
642 -1.646250 0.330057 73.541757 1.319976 319.294428 1.486169
642 -1.570349 0.305192 -37.616105 2.108545 351.588385 1.334368
642 -1.633001 0.180562 51.791688 1.313327 312.593859 1.459671
642 -1.869383 0.142648 48.276438 1.843860 352.544254 1.932436
642 -1.259411 0.233583 -83.220914 3.524392 438.189800 0.712490
642 -3.286517 0.096059 -55.887916 1.296268 314.972340 4.766704
642 -1.345002 0.359437 -34.438411 1.190241 306.355732 0.883673
643 -1.021800 0.246621 -38.673248 0.092004 214.457847 0.237270
643 -1.105623 0.365235 80.757730 0.393659 229.737885 0.404914
643 -1.490604 0.073085 46.473156 1.312981 316.916153 1.174878
643 -1.425880 0.397880 30.346621 1.719403 378.643220 1.045430
643 -3.105035 0.388375 -18.518686 2.220372 403.205627 4.403739
643 -1.821917 0.342401 -33.027961 2.063109 362.670809 1.837504
643 -1.937249 0.177730 41.853038 0.653100 262.243961 2.068168
643 -2.438178 0.102285 38.165400 3.292222 467.532429 3.070025
643 -3.107133 0.133849 -83.445692 2.620219 403.524568 4.407936
643 -1.268940 0.340163 -27.176141 0.337292 252.502617 0.731550
644 -1.651397 0.183984 -52.193749 0.546842 253.112647 1.496463
644 -0.988770 0.342370 -62.118615 1.392292 296.219456 0.171210
644 -1.635744 0.104614 38.589822 0.872020 283.622333 1.465157
644 -1.302257 0.241614 -32.738915 0.706873 273.541313 0.798183
644 -2.685609 0.358402 -44.576057 3.439614 441.040464 3.564886
644 -1.108542 0.264169 17.865033 0.556079 268.417819 0.410754
644 -1.300946 0.189087 77.520326 1.096491 290.283136 0.795561
644 -2.871212 0.250421 49.055518 0.069207 210.772573 3.936094
644 -2.294803 0.144644 66.853783 4.185552 491.682880 2.783275
644 -2.116732 0.377069 -51.033182 0.933583 289.012909 2.427132
645 -0.960569 0.215137 -37.988733 0.233586 228.859853 0.114807
645 -2.792180 0.337660 71.776490 1.943422 376.264393 3.778029
645 -1.648882 0.302985 53.690978 1.263228 310.493447 1.491434
645 -1.171047 0.227003 -34.239449 0.591557 261.231331 0.535762
645 -1.987834 0.357799 -55.216892 3.172260 414.589200 2.169338
645 -1.383446 0.227628 -5.441747 0.840206 283.052789 0.960562
645 -0.961407 0.197888 -72.415328 2.751385 396.609956 0.116482
645 -1.036557 0.369111 -78.455041 0.789835 249.719416 0.266782
645 -2.328155 0.385638 72.325832 2.623633 394.980032 2.849979
645 -2.007908 0.051137 85.382764 1.522432 327.310076 2.209486
646 -1.884684 0.207480 -53.179167 0.319417 237.872706 1.963037
646 -1.568125 0.114460 51.417576 1.468001 325.990242 1.329920
646 -1.567172 0.353457 58.460818 1.200665 303.990528 1.328013
646 -1.791607 0.183679 58.483162 2.133167 374.055062 1.776884
646 -1.925950 0.316553 -44.743733 1.952443 356.434836 2.045569
646 -1.828768 0.217371 -24.547613 2.064860 378.351118 1.851205
646 -1.633441 0.364900 44.900230 1.299930 336.941430 1.460552
646 -0.960535 0.079869 -33.812222 0.714842 265.251590 0.114739
646 -1.495958 0.138271 46.115840 1.677222 352.822564 1.185585
646 -1.848662 0.224672 -85.634671 1.566697 319.094559 1.890993
647 -1.149689 0.182053 -81.259211 0.649507 249.604869 0.493048
647 -2.342135 0.392734 85.829387 1.773137 345.338366 2.877940
647 -1.865855 0.156134 -27.937964 2.330319 394.155946 1.925380
647 -1.055385 0.138657 25.850113 1.550407 342.773302 0.304439
647 -1.408203 0.247872 -7.208213 1.399451 344.331180 1.010076
647 -1.384575 0.148024 57.193604 1.333075 318.946041 0.962819
647 -1.793950 0.355384 -17.739300 0.593586 285.321910 1.781570
647 -3.533015 0.342347 -76.769791 0.857984 277.602829 5.259700
647 -1.228296 0.249665 -39.192904 1.071375 292.185684 0.650261
647 -1.817958 0.314743 57.407314 1.696516 350.695504 1.829586
648 -1.385485 0.214592 25.401583 1.263522 320.456479 0.964639
648 -1.746878 0.326811 -14.176087 1.057462 290.113999 1.687426
648 -1.955495 0.305053 -35.993163 1.397873 332.932737 2.104658
648 -0.952407 0.096888 14.399071 1.654491 345.546679 0.098483
648 -2.155857 0.188391 0.632919 1.501667 329.583468 2.505383
648 -1.941985 0.132114 -6.266152 2.676054 419.634603 2.077638
648 -2.901241 0.251751 50.758905 2.811337 406.382065 3.996150
648 -2.286938 0.223549 65.244145 2.766891 415.680663 2.767545
648 -1.381462 0.249124 -16.053280 1.286052 316.256021 0.956593
648 -1.934623 0.209075 70.888936 2.065895 372.628834 2.062916
649 -1.168440 0.204029 5.428943 1.476764 347.157299 0.530548
649 -1.706150 0.267800 -32.967955 0.765405 284.434802 1.605969
649 -1.002247 0.314772 -72.485616 1.575152 312.655220 0.198162
649 -0.999805 0.100901 16.875032 1.872965 361.347248 0.193278
649 -3.432689 0.297834 -69.416629 3.549952 442.094028 5.059047
649 -1.838312 0.120063 -12.323254 2.777874 424.798507 1.870294
649 -3.229641 0.298846 54.599926 3.536127 453.077170 4.652951
649 -1.290298 0.181233 -86.507983 2.843468 401.634123 0.774265
649 -1.393133 0.340384 7.630233 3.044949 476.781128 0.979935
649 -1.399068 0.250329 -36.367434 1.439175 322.503272 0.991806
650 -1.383420 0.205460 9.129888 2.328132 401.531745 0.960508
650 -1.244406 0.382908 -89.847116 1.447825 295.585170 0.682482
650 -2.250765 0.322693 -73.302168 1.621428 324.582097 2.695200
650 -1.438373 0.337965 76.870641 1.492152 307.690519 1.070415
650 -2.696175 0.260039 -51.303117 0.668145 271.854334 3.586019
650 -3.254946 0.232291 57.623190 3.641281 468.774448 4.703560
650 -3.140938 0.370605 -16.451530 3.459124 438.703235 4.475545
650 -0.971849 0.177315 -64.262766 3.162631 421.608496 0.137366
650 -3.365014 0.247918 34.367337 2.624672 450.403583 4.923698
650 -0.918987 0.157980 12.629854 0.970850 297.565025 0.031644
651 -2.104958 0.163843 30.267945 0.362884 246.449825 2.403585
651 -2.075508 0.227373 -56.376800 1.164559 298.663207 2.344686
651 -1.514551 0.296236 -9.605101 0.983509 292.863758 1.222770
651 -1.567921 0.387604 -33.334571 1.102226 277.095782 1.329512
651 -1.806519 0.387152 73.079710 2.194668 353.600347 1.806707
651 -2.054081 0.284429 -54.657158 1.950383 350.942351 2.301830
651 -3.529841 0.374556 -39.483107 4.288564 487.940115 5.253352
651 -1.460747 0.178340 -66.149688 2.902748 410.154282 1.115164
651 -1.224704 0.173428 28.709858 2.593578 423.669801 0.643077
651 -1.037108 0.160728 9.885299 1.040777 302.654946 0.267884
652 -2.031614 0.267680 6.688168 0.358673 246.376434 2.256898
652 -1.899698 0.274299 60.954764 0.344486 255.487604 1.993064
652 -1.513643 0.285760 -37.799237 1.928161 347.696034 1.220955
652 -1.296715 0.383631 -40.262498 0.262124 239.579408 0.787100
652 -1.701055 0.371507 83.780437 2.333286 364.131131 1.595779
652 -1.322161 0.287469 27.501873 1.579824 369.165855 0.837990
652 -2.042154 0.349163 -51.446463 4.410321 479.843519 2.277976
652 -1.080070 0.184481 -71.158781 2.800745 401.896201 0.353809
652 -2.483197 0.240816 41.998973 2.578519 426.899280 3.160062
652 -4.012305 0.391100 -4.333358 4.172657 467.774552 6.218280
653 -0.955703 0.314021 -11.489088 0.316853 249.196993 0.105076
653 -3.216805 0.085707 -66.039443 2.891363 420.622942 4.627279
653 -2.090786 0.205889 -37.318892 3.010122 426.309822 2.375241
653 -1.023487 0.360329 -9.647508 0.358920 260.647841 0.240642
653 -1.488532 0.191841 46.443506 1.154433 307.437317 1.170733
653 -1.131872 0.300053 22.657273 1.655239 375.180845 0.457412
653 -1.824944 0.363373 -58.437186 4.048232 456.247889 1.843558
653 -2.092695 0.197719 -66.638798 2.137370 363.286825 2.379058
653 -1.133219 0.260980 40.700622 0.689337 283.581664 0.460108
653 -2.299671 0.281920 -20.578755 2.475593 389.075247 2.793012
654 -1.198590 0.395480 -31.758530 0.871765 272.970763 0.590850
654 -1.293769 0.373857 65.763376 0.820706 287.242217 0.781208
654 -1.513899 0.174845 -41.310687 2.713711 395.928539 1.221467
654 -1.208484 0.327680 26.923688 1.673204 366.636312 0.610637
654 -1.074698 0.113647 -56.051094 1.910541 346.502571 0.343065
654 -1.239220 0.324641 28.881260 1.875654 386.016849 0.672110
654 -1.623851 0.397080 -53.844469 3.514306 422.803850 1.441371
654 -1.435184 0.096401 -38.243103 1.504947 328.099988 1.064037
654 -1.504232 0.201460 -89.228680 2.334831 368.355120 1.202133
654 -0.944533 0.131137 -70.048961 1.536769 318.733104 0.082734
655 -1.907824 0.375182 -22.892774 0.919651 267.098561 2.009318
655 -1.530380 0.246909 55.280929 1.091954 294.552041 1.254429
655 -1.485404 0.169164 -42.913298 2.721854 396.129942 1.164477
655 -1.136716 0.344057 19.311113 1.628967 362.482715 0.467101
655 -1.106296 0.248525 -75.378426 0.789257 255.510986 0.406262
655 -1.095300 0.320190 23.111888 1.836285 378.759222 0.384270
655 -1.954196 0.301984 -55.421582 3.628986 442.831347 2.102060
655 -1.253574 0.100106 -39.105704 1.485044 323.813519 0.700817
655 -3.829387 0.285967 -63.581567 2.500450 392.011440 5.852443
655 -1.184043 0.112845 -74.358230 1.105867 291.029145 0.561754
656 -2.009934 0.393517 -17.184888 0.814981 262.678831 2.213536
656 -1.582105 0.323248 59.130131 1.426614 329.103833 1.357880
656 -1.071531 0.244825 10.365163 1.170393 319.846211 0.336730
656 -1.191828 0.353136 26.656372 1.708770 372.856869 0.577326
656 -1.674274 0.359965 73.745403 0.732612 282.175121 1.542217
656 -1.176242 0.306278 18.308415 1.765526 368.840277 0.546153
656 -2.511803 0.214145 -61.299280 4.209571 483.214806 3.217276
656 -1.230337 0.149890 -80.661842 1.691337 330.441268 0.654342
656 -1.516428 0.347134 18.914547 1.218023 322.338885 1.226526
656 -0.910199 0.102795 -69.651195 1.374285 309.820375 0.014067
657 -2.117550 0.369319 -49.466444 0.778736 279.828387 2.428770
657 -1.649333 0.314592 63.403734 1.441210 335.266707 1.492336
657 -2.820644 0.358867 -15.829766 2.469801 395.434800 3.834958
657 -1.173173 0.352767 18.385443 1.789448 377.001508 0.540015
657 -1.438501 0.305663 70.775410 0.027495 224.807558 1.070671
657 -1.141964 0.306035 25.098507 1.904063 382.713242 0.477597
657 -1.819444 0.390381 -70.900270 3.448073 425.342718 1.832556
657 -1.686307 0.160131 -79.387373 1.719345 334.646653 1.566282
657 -2.091245 0.186959 68.385906 3.412466 439.315809 2.376159
657 -2.181561 0.194082 -35.043735 1.118777 310.650454 2.556790
658 -2.844040 0.381152 57.811957 2.633325 379.082695 3.881749
658 -2.498744 0.380782 -42.686104 2.842030 409.138045 3.191158
658 -1.028975 0.326368 22.990433 1.593144 361.206929 0.251619
658 -1.079680 0.267047 16.541748 1.696398 373.733296 0.353029
658 -1.511842 0.352529 71.522973 0.795737 285.498238 1.217353
658 -1.211149 0.307441 23.489566 1.900301 380.556721 0.615968
658 -1.573280 0.396235 -51.717823 2.917364 393.183389 1.340229
658 -1.789323 0.173201 -80.463044 1.693985 332.347890 1.772314
658 -1.988939 0.267094 88.317783 2.337731 374.558496 2.171548
658 -0.959239 0.155200 -31.752054 0.404336 242.952772 0.112147
659 -2.180716 0.364402 -61.309281 2.068415 349.438822 2.555101
659 -1.148475 0.138937 15.067493 2.717879 422.652925 0.490618
659 -1.068815 0.359707 19.318640 1.761228 377.220767 0.331299
659 -0.927211 0.142786 -56.244890 0.479774 242.170805 0.048092
659 -3.439715 0.317573 73.056367 2.062841 388.755553 5.073100
659 -1.647810 0.257746 -19.829375 1.553181 327.631900 1.489289
659 -1.953764 0.200349 -48.399872 4.413593 494.689792 2.101198
659 -1.873438 0.145633 -84.949009 0.932633 277.209908 1.940544
659 -2.754989 0.256752 -39.690826 3.178208 438.701546 3.703648
659 -1.012855 0.159944 -8.894880 0.140491 226.993290 0.219380
660 -2.194726 0.357911 -83.817982 3.255382 417.133735 2.583120
660 -1.865122 0.216939 -5.862693 1.909696 368.329013 1.923913
660 -2.229061 0.013641 73.917644 2.701538 409.248203 2.651791
660 -0.983115 0.399493 -80.853437 0.188945 212.365801 0.159899
660 -1.505580 0.157305 53.157807 0.563327 253.503924 1.204829
660 -2.462785 0.278655 -54.079096 0.339790 243.953738 3.119240
660 -2.391051 0.188643 65.086396 4.242283 484.926373 2.975771
660 -1.777148 0.128057 -87.605742 0.262757 227.984050 1.747965
660 -1.862048 0.324273 79.863240 4.708004 492.412244 1.917765
660 -1.014351 0.147125 -14.755813 0.122978 223.902871 0.222372
661 -1.201153 0.292184 -64.985651 3.190928 411.032877 0.595975
661 -2.516800 0.159912 -10.958363 3.126866 443.313774 3.227270
661 -1.840739 0.028363 -88.028370 2.857412 418.162460 1.875146
661 -2.090847 0.182670 -85.796915 1.741422 336.972588 2.375363
661 -1.426736 0.155764 75.631871 0.414351 245.694790 1.047141
661 -1.927145 0.302257 -37.923204 1.798820 354.201007 2.047960
661 -1.508028 0.316049 -46.283123 0.411295 246.988948 1.209725
661 -1.483156 0.131914 88.891442 0.202854 222.366800 1.159981
661 -2.046022 0.348413 74.431457 4.336913 470.498504 2.285712
661 -1.375202 0.150385 -4.929454 0.294251 236.501291 0.944073
662 -1.922609 0.294498 -21.740625 1.086868 321.934142 2.038886
662 -2.045101 0.251177 59.660859 2.221115 381.399036 2.283871
662 -2.633366 0.109624 -84.390066 3.108052 432.257531 3.460401
662 -1.697121 0.359168 -55.029737 2.891138 395.248263 1.587910
662 -1.198744 0.124637 56.581601 0.264317 237.004062 0.591157
662 -1.234684 0.233008 -44.339380 1.485507 314.025733 0.663036
662 -1.213807 0.293665 70.841070 0.095365 226.207576 0.621282
662 -1.229508 0.129328 -89.532389 0.156613 218.767174 0.652685
662 -2.805668 0.394941 60.843633 4.050623 456.172441 3.805006
662 -0.942718 0.379139 -76.357388 0.786116 252.297876 0.079104
663 -2.372947 0.326828 29.398195 0.909180 295.422214 2.939564
663 -2.058563 0.284379 5.244650 3.064013 474.815932 2.310795
663 -1.010508 0.184785 14.880110 1.687349 354.289181 0.214685
663 -1.257544 0.391467 -84.149842 2.252285 350.056736 0.708756
663 -0.918018 0.052626 -47.598676 0.781163 269.420429 0.029705
663 -3.090767 0.146979 -86.227486 3.367346 448.795416 4.375204
663 -1.285861 0.331753 -6.536141 0.544961 263.844799 0.765391
663 -1.949107 0.105462 86.701646 0.691179 264.558710 2.091884
663 -1.006921 0.351158 -27.017244 0.460632 251.759452 0.207511
663 -0.939474 0.185851 19.478054 0.768784 284.075273 0.072617
664 -0.987193 0.219270 23.803662 0.776960 286.924240 0.168056
664 -1.396630 0.272024 2.904574 1.559360 363.508787 0.986929
664 -3.211437 0.188732 63.078960 3.648471 474.736033 4.616544
664 -2.055646 0.357328 -59.868712 3.307555 419.884254 2.304961
664 -1.258642 0.046985 -46.414934 0.847688 276.386029 0.710954
664 -1.185872 0.273015 67.218252 0.258583 238.983677 0.565413
664 -1.150468 0.305765 -8.168299 0.212579 236.119908 0.494605
664 -2.250514 0.298387 -22.977043 0.474127 269.940953 2.694697
664 -1.378571 0.309155 8.301276 1.423044 342.305561 0.950810
664 -1.470330 0.195660 33.098029 0.620023 271.716851 1.134330
665 -1.900973 0.054580 45.648334 0.475967 249.026394 1.995616
665 -2.725876 0.308536 -17.425147 2.128623 401.893085 3.645421
665 -2.283065 0.214294 67.067325 3.754941 459.853855 2.759800
665 -1.051538 0.337322 -70.052693 3.787768 440.045517 0.296744
665 -2.183880 0.131967 31.404778 0.221925 234.076471 2.561428
665 -1.050354 0.274777 63.080100 0.083170 223.571141 0.294378
665 -1.262750 0.344185 -20.446646 0.679059 284.927445 0.719170
665 -1.667699 0.195284 73.744950 1.697474 343.072116 1.529066
665 -1.559321 0.329678 -42.374831 0.587911 264.284823 1.312311
665 -1.415448 0.243664 -28.573007 0.664294 253.323667 1.024565
666 -1.541361 0.082366 -64.418636 1.421522 316.923743 1.276390
666 -1.152627 0.208743 27.535112 3.103488 460.928458 0.498923
666 -2.306648 0.214351 66.697198 3.779458 461.403902 2.806964
666 -1.842236 0.386943 -17.981403 0.597670 247.780347 1.878142
666 -1.372097 0.146007 75.073887 1.016129 288.955958 0.937863
666 -1.763091 0.233048 45.372409 0.854370 278.416918 1.719852
666 -1.146094 0.317393 -15.939448 0.845822 295.430760 0.485857
666 -0.997471 0.272749 -76.030464 0.582759 244.395909 0.188611
666 -1.492855 0.343177 -42.087992 2.021420 346.517125 1.179380
666 -0.918904 0.147820 2.761272 0.528745 260.873818 0.031478
667 -2.429480 0.196478 -47.942147 3.879257 472.866353 3.052630
667 -2.408772 0.105894 58.222339 4.106457 496.339583 3.011213
667 -1.649657 0.278342 36.538498 1.418614 349.765210 1.492982
667 -1.739186 0.338658 -15.605401 1.599513 351.578557 1.672041
667 -2.233439 0.184339 64.883529 2.937954 427.053694 2.660547
667 -2.187362 0.157488 75.177313 1.244242 315.883922 2.568392
667 -1.435519 0.344107 -13.827446 1.240549 322.336692 1.064708
667 -1.735754 0.364711 57.084583 0.343875 262.825310 1.665177
667 -1.646781 0.339660 -43.929481 2.630162 384.153384 1.487231
667 -0.961312 0.121765 0.495735 0.464563 253.058289 0.116293
668 -1.191907 0.351033 64.173260 0.765667 275.507767 0.577482
668 -2.557384 0.085796 62.936599 3.989819 496.529242 3.308438
668 -1.174698 0.272980 15.516996 1.928463 378.637673 0.543065
668 -1.212475 0.389653 -51.070388 1.831569 321.569660 0.618618
668 -1.981296 0.280628 70.109459 1.593236 346.142893 2.156261
668 -1.886536 0.202981 48.808633 1.732283 345.737980 1.966740
668 -1.072457 0.349986 -60.947652 2.927198 393.081091 0.338583
668 -1.284113 0.371906 -84.893188 3.348011 415.230869 0.761895
668 -2.825875 0.329197 -52.143404 1.872411 356.591855 3.845420
668 -1.852472 0.078114 2.722274 0.133268 223.548108 1.898614
669 -1.333461 0.370786 64.366320 0.800633 268.021335 0.860591
669 -0.909970 0.324240 -66.254881 0.741891 251.219348 0.013609
669 -1.039692 0.250674 10.751118 1.570599 358.955113 0.273052
669 -1.368932 0.380752 -65.742110 1.801943 327.237855 0.931534
669 -1.276538 0.279779 70.479667 0.942937 276.438906 0.746745
669 -1.026006 0.339319 -78.622439 0.379485 228.332118 0.245681
669 -1.176966 0.309749 -77.579572 3.171419 407.868397 0.547602
669 -1.873925 0.137019 40.593382 1.255299 311.224092 1.941518
669 -2.052834 0.239308 -9.751239 1.748984 345.193911 2.299337
669 -2.269055 0.236557 -57.397789 1.594118 322.834362 2.731779
670 -0.942732 0.142802 20.441909 1.097098 307.057127 0.079134
670 -1.647956 0.240178 2.102161 1.461238 343.177361 1.489581
670 -0.980971 0.322976 21.841680 1.290810 344.095745 0.155612
670 -1.014864 0.191191 -27.115403 0.520739 250.696138 0.223397
670 -1.669276 0.366564 -25.455784 1.487304 318.066532 1.532221
670 -1.157744 0.325667 -43.253110 0.989966 271.404515 0.509158
670 -2.313967 0.145904 44.488801 2.532321 401.014234 2.821604
670 -1.495543 0.116058 -46.289262 1.433535 320.123593 1.184756
670 -1.002905 0.140143 -74.719108 1.899580 345.516101 0.199479
670 -1.683749 0.238154 -13.818828 1.238030 304.682785 1.561166
671 -2.753782 0.389342 -34.691196 1.334026 343.965560 3.701232
671 -1.336208 0.205857 -13.934177 1.186138 307.155841 0.866085
671 -1.705693 0.061858 67.160314 2.542172 401.665447 1.605055
671 -1.477030 0.248833 -47.662992 2.061512 354.138924 1.147728
671 -2.899982 0.337125 -40.730771 2.601658 406.454622 3.993633
671 -0.966783 0.353973 -77.993186 1.121362 275.657573 0.127235
671 -2.799768 0.260813 70.715565 0.007058 227.822723 3.793205
671 -1.477187 0.124305 -69.571823 1.472253 318.923106 1.148044
671 -1.467825 0.061722 -31.861618 2.250071 382.211838 1.129319
671 -2.797894 0.218949 50.468101 2.933977 419.473618 3.789457
672 -1.382961 0.361233 -11.870658 1.133955 330.023841 0.959590
672 -1.720060 0.373214 62.758679 0.475640 272.400673 1.633788
672 -1.927203 0.092393 80.274721 3.009706 428.340209 2.048076
672 -1.635252 0.356298 0.224701 1.329712 353.197781 1.464173
672 -1.545842 0.330929 -37.736739 0.912830 292.026263 1.285352
672 -2.453994 0.142294 -85.261858 3.390927 445.607720 3.101656
672 -1.506379 0.390895 70.771087 1.383926 307.623256 1.206428
672 -1.336788 0.178230 68.020345 0.921256 286.531205 0.867244
672 -2.316566 0.062241 -43.693917 2.433530 396.186710 2.826802
672 -1.221044 0.216188 60.049418 0.759672 271.340127 0.635756
673 -1.213702 0.315362 25.516715 1.422290 343.276307 0.621074
673 -1.495447 0.384780 62.327561 0.967501 279.538492 1.184563
673 -1.424787 0.126776 89.303584 3.094557 421.557416 1.043242
673 -1.612952 0.346559 3.834795 1.891150 387.105086 1.419574
673 -1.225998 0.367568 -29.618009 0.035027 228.152275 0.645665
673 -1.887506 0.149409 -88.526851 3.642860 453.996561 1.968681
673 -1.625245 0.134731 62.050744 2.060373 366.930909 1.444159
673 -1.127061 0.220161 -14.115387 0.269726 235.023353 0.447791
673 -2.064416 0.108698 -70.635135 4.050308 484.269667 2.322501
673 -1.702639 0.205294 39.808010 0.579614 260.941380 1.598948
674 -1.121468 0.264026 26.329591 2.360934 414.674604 0.436605
674 -1.434637 0.330817 85.894584 0.752713 264.269509 1.062942
674 -1.722948 0.117872 -8.977934 2.483433 411.436257 1.639566
674 -1.710657 0.359637 -8.320543 1.481707 359.886677 1.614983
674 -1.007319 0.378668 -24.079433 0.443258 253.272295 0.208307
674 -2.417159 0.097493 47.343623 3.537796 462.768501 3.027987
674 -2.366762 0.352452 -86.178391 0.505502 252.917515 2.927192
674 -1.061855 0.224220 -7.959176 0.352731 245.586177 0.317380
674 -1.327708 0.143999 46.933479 0.738315 273.198226 0.849085
674 -0.941807 0.273386 -11.818584 0.097477 231.068276 0.077283
675 -1.104693 0.352114 26.803018 1.448078 360.423161 0.403055
675 -1.331995 0.345443 58.253182 0.228561 227.983542 0.857659
675 -1.970781 0.173417 -33.823894 3.365311 444.953964 2.135231
675 -2.858404 0.356796 -9.541618 2.038499 361.692577 3.910478
675 -1.964581 0.363037 -45.901326 0.226680 240.344209 2.122831
675 -0.987976 0.173867 -30.432816 0.548903 252.830645 0.169621
675 -2.621729 0.255513 -75.925472 0.437666 243.898752 3.437127
675 -1.103579 0.350228 -22.675193 0.755946 278.256833 0.400827
675 -2.128236 0.329224 -33.193439 1.609872 351.872787 2.450142
675 -0.970283 0.146042 -14.483537 0.221171 234.710482 0.134235
676 -2.756299 0.341581 43.017269 1.428663 356.472952 3.706266
676 -2.633163 0.072048 -60.616201 3.641319 466.169462 3.459994
676 -1.676222 0.046235 -15.109009 3.858927 484.717126 1.546114
676 -1.788090 0.109463 9.292891 1.293368 318.014381 1.769850
676 -1.297694 0.382513 -47.422735 0.281280 234.507689 0.789057
676 -1.101591 0.191096 -32.683639 0.283247 237.333828 0.396851
676 -1.463797 0.243317 44.943474 1.048328 302.676402 1.121262
676 -1.570971 0.182987 -19.900368 1.849618 364.017592 1.335611
676 -1.280142 0.261382 -41.466527 1.258622 303.506098 0.753953
676 -0.924626 0.158533 -17.541198 0.044916 219.325192 0.042921
677 -1.888774 0.338328 15.577034 1.858522 406.286089 1.971218
677 -1.240535 0.330704 -32.589692 0.729014 276.984674 0.674739
677 -1.816097 0.095177 -43.061611 4.250544 497.363480 1.825863
677 -1.199872 0.106621 -1.221485 1.086491 301.025692 0.593412
677 -2.362636 0.395349 -53.189862 2.636174 389.761874 2.918941
677 -0.967538 0.259148 -3.551722 0.277635 244.820732 0.128744
677 -1.379349 0.221840 32.430835 1.451971 343.198067 0.952368
677 -1.357082 0.116168 -25.091426 0.922400 278.195313 0.907834
677 -1.290620 0.234930 -26.515727 1.248489 314.723411 0.774908
677 -1.174575 0.217692 -6.194179 1.008521 301.886884 0.542819
678 -2.673510 0.397493 43.797424 1.910263 392.397780 3.540689
678 -1.080317 0.152821 -19.092778 0.893553 283.407340 0.354303
678 -1.723032 0.100511 -36.315546 3.899724 475.660109 1.639733
678 -1.205517 0.173349 2.147845 0.906341 292.174943 0.604704
678 -2.775192 0.149406 -14.670608 3.784933 478.496970 3.744053
678 -1.194447 0.191580 -25.796384 0.372305 236.594087 0.582564
678 -1.991442 0.391626 64.783871 1.153204 328.714973 2.176553
678 -0.952023 0.131993 -18.944712 0.397873 246.140159 0.097715
678 -1.273192 0.363224 -37.567564 0.773354 276.855847 0.740053
678 -1.171931 0.165336 -27.495254 1.036061 295.575368 0.537531
679 -1.830589 0.399609 37.316191 1.222451 347.233152 1.854847
679 -1.759924 0.313820 18.465200 1.535876 343.595112 1.713516
679 -2.223354 0.117088 -29.113702 3.956646 487.131276 2.640378
679 -3.056719 0.198470 -32.579234 2.811638 431.049102 4.307107
679 -1.162731 0.321676 -37.691383 0.995595 278.400065 0.519130
679 -2.765747 0.344225 56.665944 1.856273 387.188232 3.725162
679 -1.669705 0.255513 41.323400 1.080168 304.648434 1.533079
679 -1.474559 0.171672 -35.285649 0.800211 278.912827 1.142787
679 -1.678168 0.030550 -56.117692 2.823258 416.333781 1.550005
679 -1.097934 0.291609 -15.617349 0.191693 240.808998 0.389537
680 -1.539529 0.398150 32.832024 1.536251 367.664230 1.272726
680 -1.097487 0.315248 9.054188 1.326506 341.464701 0.388643
680 -1.550833 0.043440 -34.008486 3.684287 470.610911 1.295335
680 -2.976905 0.394409 -7.684145 1.770896 340.038758 4.147480
680 -2.850472 0.127880 34.383763 2.297561 382.804534 3.894614
680 -1.388390 0.351133 68.383164 1.091700 302.268609 0.970449
680 -1.323549 0.077709 -42.498273 1.739782 342.326151 0.840767
680 -1.447933 0.176181 -34.122953 0.807742 279.950845 1.089535
680 -1.815205 0.064048 69.817419 2.852920 422.302035 1.824079
680 -1.833010 0.349089 84.952740 0.391704 247.825793 1.859689
681 -1.263785 0.396704 33.505163 0.508759 279.940862 0.721239
681 -0.958151 0.353842 16.321797 1.249541 336.500173 0.109970
681 -1.834852 0.269174 -39.230484 0.782611 282.816358 1.863374
681 -2.089286 0.138986 -5.755622 1.364198 313.884324 2.372241
681 -2.187689 0.193086 56.776951 2.606832 400.641361 2.569047
681 -1.752244 0.394049 86.001262 1.062553 292.032793 1.698158
681 -1.256605 0.094452 -29.768595 1.676883 339.531167 0.706879
681 -1.886790 0.161933 -23.435135 2.675897 411.676604 1.967250
681 -3.533512 0.050774 87.117098 2.639615 404.019680 5.260693
681 -1.154739 0.364623 68.520832 0.344750 247.138585 0.503147
682 -1.551386 0.396102 31.349018 1.146455 328.846126 1.296441
682 -1.280265 0.302532 61.262202 0.956175 288.889808 0.754199
682 -1.420306 0.271010 11.863092 2.927160 453.997603 1.034281
682 -0.988288 0.087215 -1.329680 0.705734 271.074300 0.170246
682 -2.868359 0.324850 42.180814 2.031758 371.904079 3.930387
682 -1.037888 0.372045 54.572829 0.248050 246.278091 0.269446
682 -2.174745 0.248600 -61.134253 1.169311 295.178722 2.543160
682 -1.454602 0.149866 -15.734797 1.377178 316.939176 1.102872
682 -1.138270 0.358713 16.136266 1.570326 377.326696 0.470210
682 -2.464631 0.320671 -30.808359 3.829955 459.344254 3.122931
683 -2.102447 0.370464 38.988095 1.254805 322.210525 2.398564
683 -1.249800 0.336933 54.546518 0.744466 276.962692 0.693268
683 -1.288859 0.251569 8.165497 2.730044 439.557111 0.771387
683 -2.519491 0.102783 -19.176518 0.290998 229.717014 3.232651
683 -1.239226 0.168739 -39.608695 0.729608 268.716838 0.672121
683 -1.092049 0.381458 23.714548 0.748863 295.395751 0.377767
683 -2.953399 0.178669 -53.072136 2.251277 383.177629 4.100467
683 -1.088911 0.357311 54.292892 0.495650 264.096286 0.371491
683 -1.862400 0.321459 26.194691 2.092977 418.215970 1.918469
683 -2.979558 0.314406 -20.806484 4.427750 489.318849 4.152785
684 -0.978855 0.390554 -77.361355 3.324371 410.658301 0.151379
684 -1.636676 0.295333 52.529454 0.345742 257.875189 1.467022
684 -1.240978 0.231693 10.277547 2.310087 404.635642 0.675625
684 -1.120224 0.099259 -21.688542 0.124402 221.536499 0.434117
684 -0.964933 0.153448 -17.995799 0.500129 254.630655 0.123535
684 -1.617052 0.342671 4.485986 1.806404 377.614355 1.427772
684 -1.863521 0.140241 -31.211527 1.818351 359.084997 1.920711
684 -1.018057 0.100498 -64.771723 0.024412 213.056030 0.229784
684 -1.162151 0.274009 23.540555 2.244236 415.728110 0.517971
684 -1.549543 0.356504 24.058275 3.182577 485.217534 1.292756
685 -1.251002 0.387968 -76.086502 3.304803 414.411172 0.695674
685 -3.242229 0.263531 45.293059 2.675726 428.080355 4.678126
685 -2.994008 0.262754 55.318040 2.051846 399.832865 4.181685
685 -1.369014 0.192303 -20.135935 0.471973 258.539284 0.931696
685 -2.708508 0.144256 -5.530283 2.756259 432.604931 3.610685
685 -1.580042 0.383968 14.075589 1.685005 396.426108 1.353753
685 -1.838245 0.262774 -31.501962 2.132008 374.285837 1.870160
685 -1.322825 0.167177 58.285855 1.156560 305.636530 0.839319
685 -1.769149 0.147343 50.668966 2.168707 382.100453 1.731967
685 -4.263626 0.360598 69.592750 1.803327 322.393005 6.720921
686 -1.101994 0.324958 47.070749 0.528326 269.244278 0.397656
686 -1.541528 0.328651 65.205213 1.129812 287.716530 1.276724
686 -2.380570 0.320469 61.760205 1.589662 361.729208 2.954808
686 -1.499274 0.200613 -43.610654 0.847026 278.794531 1.192217
686 -1.122120 0.292561 23.045588 3.407095 491.606899 0.437909
686 -1.072355 0.378687 24.853805 3.254506 497.202339 0.338380
686 -0.906440 0.393438 19.436166 2.188364 422.393961 0.006549
686 -1.465717 0.218770 39.031271 0.775965 282.019544 1.125102
686 -2.387128 0.284931 39.527504 1.861994 366.800551 2.967925
686 -1.277500 0.231920 73.421402 1.059658 285.311460 0.748669
687 -1.098421 0.333193 43.069026 0.471206 266.784945 0.390511
687 -2.908490 0.298721 80.569624 1.510991 342.695144 4.010650
687 -1.429398 0.249674 67.014096 0.630670 250.612432 1.052465
687 -1.378399 0.196430 -33.443171 1.486339 327.743460 0.950468
687 -1.179136 0.280375 23.757378 3.124315 470.217001 0.551941
687 -2.746713 0.380650 57.745484 1.898360 386.178485 3.687096
687 -1.103447 0.386817 16.173721 1.466668 354.582676 0.400562
687 -1.867960 0.201705 39.802954 0.639425 263.643990 1.929589
687 -1.313929 0.299000 55.060513 1.008248 306.227991 0.821528
687 -2.482412 0.249043 -82.984967 0.841636 273.743553 3.158494
688 -1.245114 0.330216 -38.422762 0.992780 288.017573 0.683898
688 -3.569594 0.309386 82.573616 1.758592 362.445229 5.332857
688 -1.971560 0.066243 -14.404350 3.840747 480.842319 2.136790
688 -1.796998 0.240721 -27.746375 1.771334 359.453835 1.787665
688 -2.318436 0.218410 -3.762148 2.651622 428.521182 2.830540
688 -2.517672 0.218858 36.203697 1.892257 360.953148 3.229014
688 -1.350930 0.372939 31.365079 0.886618 308.884584 0.895528
688 -3.785333 0.193214 64.045289 0.156084 236.999552 5.764334
688 -1.181788 0.172001 -33.414133 1.114054 291.096064 0.557246
688 -1.111890 0.183481 28.507902 0.409213 254.282543 0.417448
689 -3.095715 0.376482 -33.523433 0.459745 276.380427 4.385098
689 -2.151541 0.263442 79.225848 4.150308 476.233126 2.496752
689 -1.070295 0.061900 25.268261 2.714143 419.000232 0.334259
689 -1.452383 0.245542 -34.863613 1.745930 340.941696 1.098435
689 -0.979361 0.130526 20.868454 3.320707 467.687149 0.152391
689 -3.825528 0.090012 -46.521072 1.975552 369.858975 5.844724
689 -1.438783 0.098407 8.319567 3.307738 456.696538 1.071235
689 -1.132133 0.085599 25.968551 3.194441 454.301291 0.457935
689 -1.713265 0.234857 65.509744 1.501627 338.551118 1.620200
689 -0.953528 0.152496 10.535534 1.090555 306.892224 0.100726
690 -2.429389 0.088459 47.996753 4.031496 495.461789 3.052448
690 -3.202760 0.381524 74.383735 3.830903 463.206778 4.599189
690 -2.177957 0.271722 -88.080602 3.070236 416.253812 2.549584
690 -1.740405 0.235051 -22.180995 1.944476 369.792978 1.674478
690 -1.252245 0.131235 24.386961 3.259562 466.294645 0.698158
690 -1.339177 0.317414 -75.503595 2.575445 379.120066 0.872024
690 -3.879582 0.059036 -69.328008 0.243991 231.970042 5.952833
690 -1.369834 0.114254 29.873346 3.116198 447.535302 0.933337
690 -3.465723 0.338560 -8.231587 2.950625 415.735963 5.125115
690 -1.186419 0.266023 -36.490332 0.948252 273.883236 0.566506
691 -2.087122 0.201636 61.347744 2.254960 368.464415 2.367914
691 -5.283928 0.379047 15.494170 3.452703 438.204732 8.761524
691 -0.905890 0.271062 -70.078679 2.433077 368.959411 0.005450
691 -1.613287 0.242101 72.251103 1.538584 332.533157 1.420243
691 -3.649266 0.119838 23.632168 2.389362 389.922768 5.492202
691 -1.676347 0.186335 63.717097 2.019195 363.272325 1.546363
691 -1.348396 0.388939 -49.247481 1.783053 324.939815 0.890462
691 -1.750133 0.309032 28.352704 2.619593 449.189243 1.693936
691 -2.564809 0.370589 -25.430325 2.687006 404.189681 3.323288
691 -1.039305 0.282904 -43.058177 0.673440 255.547732 0.272280
692 -1.351459 0.346918 12.638303 0.964013 305.600310 0.896587
692 -2.056864 0.152310 52.069276 1.820839 344.731209 2.307398
692 -2.098336 0.255154 76.415717 1.866090 358.777288 2.390341
692 -3.404387 0.372525 41.438757 2.195012 376.178573 5.002443
692 -2.377468 0.179838 58.371527 3.175312 432.862227 2.948604
692 -0.905584 0.271104 -70.200579 3.408436 427.659454 0.004838
692 -1.722834 0.286925 -55.961142 1.423608 310.840566 1.639336
692 -2.739602 0.141529 48.125331 3.150753 458.167087 3.672874
692 -1.479166 0.203033 -36.509497 1.793902 334.199007 1.152001
692 -1.731300 0.215953 -21.224459 2.062146 374.244056 1.656269
693 -0.988988 0.386292 -14.615931 0.430740 262.026759 0.171646
693 -1.852768 0.149921 59.896418 1.917816 349.751962 1.899206
693 -1.530123 0.274959 80.328796 1.936863 343.559108 1.253915
693 -1.320311 0.298520 -47.357673 1.996291 338.772938 0.834291
693 -1.495246 0.070688 -81.548366 3.706137 466.283084 1.184161
693 -0.993018 0.271315 -63.074143 3.371785 424.683432 0.179706
693 -3.083229 0.399452 -40.313368 1.828826 369.459593 4.360128
693 -2.608920 0.179130 -16.909527 3.293743 451.035599 3.411509
693 -1.441232 0.380000 6.212487 1.853040 396.718236 1.076134
693 -2.427035 0.269772 -25.822256 3.547076 445.094956 3.047740
694 -1.045216 0.376505 -18.478085 0.394404 249.909361 0.284102
694 -1.791507 0.205524 36.827725 1.163625 311.317073 1.776684
694 -2.404891 0.232651 -76.077938 2.009203 354.253147 3.003451
694 -2.152809 0.104635 38.479056 2.214036 381.579783 2.499288
694 -1.868550 0.367345 70.319529 2.137188 353.201576 1.930770
694 -3.444049 0.303369 -68.085703 2.627745 391.699846 5.081767
694 -1.701862 0.335329 -36.039521 2.251876 358.406889 1.597392
694 -2.238559 0.352783 -37.032187 3.895928 457.739925 2.670787
694 -1.618912 0.394712 4.724051 1.966345 407.175102 1.431494
694 -1.854253 0.215371 -38.196148 4.154397 476.134368 1.902175
695 -1.083228 0.334577 -20.897036 0.677245 270.985289 0.360125
695 -1.106643 0.298284 75.171138 0.468225 242.942734 0.406955
695 -2.111535 0.208089 53.156463 2.020554 359.441721 2.416739
695 -1.005458 0.209020 16.091946 2.729112 439.703990 0.204586
695 -1.999864 0.393757 70.576858 1.845971 354.385030 2.193396
695 -1.537958 0.318076 -45.581608 0.728690 270.843222 1.269586
695 -2.483561 0.366268 -36.896634 2.267756 385.890389 3.160791
695 -1.902500 0.329882 70.076312 1.826661 327.738742 1.998669
695 -2.559210 0.239473 18.862632 2.335896 430.884183 3.312088
695 -0.953714 0.281547 -65.504911 4.018279 459.799554 0.101098
696 -1.053741 0.360657 59.282246 0.194338 239.346974 0.301152
696 -1.301182 0.326531 73.290380 1.074824 284.753900 0.796033
696 -2.104628 0.257938 43.652736 1.774836 355.636686 2.402926
696 -1.527219 0.272653 53.049913 1.367411 336.170504 1.248107
696 -2.806043 0.191172 75.348392 4.068648 487.766857 3.805756
696 -1.282865 0.231380 -43.387070 1.723268 328.156246 0.759398
696 -1.837165 0.287046 64.609484 1.815812 337.058589 1.867999
696 -1.331086 0.225208 0.652625 1.168415 321.601087 0.855842
696 -1.956565 0.161061 10.345854 3.763252 492.081486 2.106799
696 -0.994164 0.268762 -68.524171 4.111436 464.792194 0.181997
697 -1.180380 0.337134 42.108580 0.755022 293.521507 0.554428
697 -1.512735 0.328376 76.260325 1.660469 325.854053 1.219139
697 -1.266944 0.227232 24.010997 0.871945 299.914021 0.727557
697 -0.927580 0.264747 -2.699967 0.190553 239.118850 0.048828
697 -1.329250 0.107839 -86.310020 3.887322 470.203554 0.852169
697 -1.247517 0.233488 -15.912594 0.846022 279.064861 0.688702
697 -1.922273 0.284153 62.488029 1.717886 329.171017 2.038215
697 -1.430342 0.318590 55.512143 1.165369 320.527391 1.054354
697 -1.127085 0.315717 70.003138 0.153731 229.612897 0.447839
697 -1.587333 0.307556 -82.348157 3.302244 421.338105 1.368336
698 -1.179106 0.390957 34.307992 0.841881 313.482778 0.551881
698 -2.131566 0.307201 62.161801 1.657574 320.218239 2.456802
698 -1.216427 0.341567 28.207681 1.090790 322.041720 0.626522
698 -0.977401 0.262674 -1.105837 0.611861 276.170470 0.148472
698 -2.389981 0.114763 -75.808570 3.830389 472.116346 2.973632
698 -2.842803 0.204174 -54.121456 0.789393 278.288020 3.879275
698 -1.729792 0.366822 78.289323 0.506559 262.025675 1.653253
698 -1.795621 0.336107 57.352020 1.076209 323.805365 1.784910
698 -3.348773 0.324740 36.708846 2.248215 435.049384 4.891214
698 -1.690895 0.300061 -50.088744 3.382869 428.252331 1.575459
699 -2.815685 0.303221 53.742687 2.443537 376.205264 3.825039
699 -1.608288 0.354000 77.077568 0.971832 293.521886 1.410246
699 -1.865849 0.380526 71.163724 2.171864 355.680494 1.925367
699 -1.168804 0.201425 -39.288634 1.240081 299.088027 0.531278
699 -1.236683 0.104090 -77.349935 3.897484 473.672599 0.667035
699 -1.362880 0.299046 -37.049719 1.538090 320.821369 0.919430
699 -1.253276 0.311582 64.033376 0.929514 287.943187 0.700221
699 -1.238095 0.397252 41.150009 0.869078 311.857653 0.669859
699 -1.416064 0.353853 57.200329 0.500635 272.879699 1.025797
699 -2.490198 0.305431 -28.432764 3.302172 436.174990 3.174066
700 -3.244265 0.366002 46.857000 2.886348 482.469615 4.682200
700 -1.644630 0.336188 76.538656 1.003262 296.616451 1.482929
700 -1.785207 0.399694 76.036160 0.592100 273.119875 1.764083
700 -1.272572 0.302333 11.328654 1.139637 318.138868 0.738813
700 -1.000504 0.104266 -69.822649 3.896498 473.111010 0.194677
700 -2.188508 0.267298 -49.730783 0.287628 240.742408 2.570685
700 -1.217092 0.260200 60.971647 0.621105 258.899164 0.627853
700 -3.871825 0.220622 24.307472 2.746899 459.212003 5.937320
700 -1.097678 0.397919 -24.233178 0.664720 269.080765 0.389025
700 -1.061644 0.267742 57.318574 0.123398 230.644524 0.316957
701 -1.879564 0.337396 74.366214 2.477066 378.503330 1.952798
701 -1.031911 0.243059 -28.086470 0.537730 257.492987 0.257491
701 -1.506860 0.256415 21.867381 1.346001 346.802701 1.207389
701 -2.311219 0.300735 45.868173 1.875149 389.273503 2.816106
701 -1.835992 0.113234 -77.167920 3.927482 476.232505 1.865654
701 -1.255525 0.302693 -78.897057 0.267425 217.212801 0.704719
701 -2.734162 0.184446 82.911906 0.437691 238.266313 3.661994
701 -3.875007 0.257838 9.632082 3.245698 493.683688 5.943683
701 -1.327523 0.397300 -40.328235 0.383557 249.326522 0.848715
701 -1.531080 0.199538 32.647081 2.590338 426.183174 1.255828
702 -1.851804 0.247645 79.898154 3.139427 420.637296 1.897277
702 -2.335886 0.265964 -18.874582 2.485873 398.264369 2.865442
702 -1.355926 0.327026 -41.685418 1.614507 321.356590 0.905521
702 -2.302758 0.225505 -54.702330 0.152113 220.523594 2.799185
702 -1.099359 0.126933 -80.425509 4.095289 479.940092 0.392388
702 -0.992304 0.315521 -31.968803 0.412438 244.226080 0.178277
702 -1.016751 0.342266 -79.039496 2.786288 385.222449 0.227172
702 -1.120886 0.311283 24.411586 1.328635 336.608380 0.435441
702 -0.974722 0.104619 -32.351398 0.611157 258.272261 0.143114
702 -2.662656 0.173781 -14.792339 2.363059 414.225384 3.518981
703 -3.081571 0.245000 60.561864 3.682092 467.151716 4.356811
703 -0.961458 0.305935 19.712809 1.672190 365.828092 0.116585
703 -2.154335 0.171723 -43.796398 0.626806 251.063341 2.502339
703 -1.623456 0.185186 -34.873220 1.248868 315.148805 1.440581
703 -1.697421 0.167222 -39.582219 3.639654 452.125401 1.588511
703 -2.576143 0.303240 57.472296 2.435820 399.712031 3.345956
703 -0.948153 0.351099 -68.294044 2.026891 335.725902 0.089976
703 -1.087922 0.321224 26.695428 1.060505 325.410745 0.369512
703 -3.019972 0.387088 57.306902 1.953386 393.403123 4.233613
703 -2.793668 0.244146 -29.533262 2.237841 399.097143 3.781006
704 -3.530552 0.207264 44.110763 3.596552 453.950721 5.254773
704 -0.942352 0.299070 21.809163 1.765139 375.196242 0.078374
704 -1.205098 0.161286 -25.530608 1.191500 308.010419 0.603865
704 -1.631168 0.217518 -49.557112 0.486147 250.123617 1.456005
704 -1.885354 0.172046 60.592115 2.307773 391.548480 1.964377
704 -2.954606 0.300742 65.975795 2.711113 418.549483 4.102881
704 -1.505769 0.382191 -30.293170 1.453175 316.402394 1.205208
704 -1.608994 0.273839 39.792090 1.320930 333.379064 1.411656
704 -2.157872 0.284165 66.379835 2.128314 379.641793 2.509414
704 -1.632082 0.285621 -42.115664 2.461642 379.166971 1.457833
705 -1.943024 0.218100 61.162013 1.601786 321.997869 2.079718
705 -2.101234 0.363789 -21.692940 1.753691 332.588981 2.396138
705 -1.052765 0.211469 -40.838577 0.653403 258.505108 0.299198
705 -1.176662 0.290497 -41.151331 1.089430 281.490850 0.546993
705 -1.337615 0.195212 -20.269321 1.468384 332.970550 0.868899
705 -2.708486 0.237662 62.449610 3.672593 461.462541 3.610640
705 -1.222284 0.326003 -70.148522 1.262478 293.531381 0.638236
705 -2.530786 0.228057 43.018867 2.238593 411.617968 3.255240
705 -1.965543 0.090847 -19.256633 3.006653 425.638534 2.124755
705 -1.164146 0.352920 -84.362866 2.259031 349.726066 0.521962
706 -1.160630 0.098760 -14.332566 1.257455 311.500838 0.514930
706 -1.098192 0.245936 -31.412765 0.832404 272.422829 0.390054
706 -3.679405 0.196829 -7.652378 4.282217 499.175361 5.552479
706 -1.132375 0.381462 -40.097789 0.445337 232.664534 0.458420
706 -1.820120 0.360051 42.394069 1.193150 318.176659 1.833910
706 -2.225696 0.269558 76.212433 4.451319 490.840201 2.645062
706 -1.267634 0.324245 -75.642951 4.666041 490.719016 0.728936
706 -3.127126 0.391435 -39.405400 4.334245 485.178195 4.447921
706 -1.449196 0.084647 47.624198 0.980729 290.247700 1.092061
706 -2.019321 0.313886 -47.659412 2.933566 409.181368 2.232311
707 -1.113598 0.375091 -17.783865 0.061191 221.559325 0.420865
707 -1.300590 0.233963 -15.593488 0.136655 222.696693 0.794849
707 -4.785278 0.200216 29.996506 4.180283 486.155881 7.764224
707 -1.156791 0.392142 -37.528022 0.064514 209.017777 0.507251
707 -2.109727 0.292087 44.479979 1.507428 331.327553 2.413123
707 -1.954196 0.305218 78.403179 4.482627 484.623909 2.102062
707 -1.204731 0.332994 -82.576454 4.451799 477.152691 0.603132
707 -1.216648 0.162375 -1.497956 0.479381 253.812413 0.626966
707 -1.511893 0.095658 52.516646 1.192444 304.212888 1.217455
707 -1.389977 0.218354 -26.246437 1.196351 314.570241 0.973623
708 -2.261225 0.369088 8.271750 1.119975 318.330861 2.716118
708 -1.411402 0.296197 -21.598953 1.381919 326.345921 1.016473
708 -1.507618 0.222496 -80.571916 3.702185 451.407336 1.208905
708 -1.418665 0.347127 -83.884805 1.247422 289.300698 1.030999
708 -1.307325 0.233631 51.355343 1.090114 309.030633 0.808320
708 -0.917782 0.141659 -72.654551 4.064070 477.428958 0.029234
708 -1.814260 0.347557 -74.129948 4.095210 462.411082 1.822189
708 -2.485331 0.316563 -33.800455 2.530514 402.217239 3.164332
708 -1.735417 0.146896 -89.894063 1.338574 304.613016 1.664503
708 -1.602750 0.207923 -26.857669 1.956064 353.945354 1.399170
709 -1.090545 0.275296 -49.744063 0.537914 245.504994 0.374758
709 -1.687319 0.289971 -30.895624 1.832607 354.378744 1.568306
709 -1.682177 0.279928 -42.791666 2.871344 402.570774 1.558023
709 -0.906331 0.353886 -71.197334 2.033027 337.132122 0.006332
709 -1.541244 0.289299 37.197823 0.651282 275.352387 1.276158
709 -1.663753 0.380401 31.442519 0.148052 242.220318 1.521176
709 -3.442396 0.363176 -66.296289 4.405769 481.447559 5.078462
709 -4.853282 0.391659 -39.574793 2.827482 490.252586 7.900234
709 -2.795532 0.165303 -63.218793 1.263706 306.956139 3.784732
709 -2.153465 0.339558 -63.050184 1.100470 285.460364 2.500599
710 -3.253034 0.287664 84.917491 1.656040 322.998337 4.699737
710 -1.713036 0.275084 -38.179796 2.110096 365.913629 1.619741
710 -1.824794 0.315616 -88.722352 2.938765 400.953196 1.843257
710 -0.998337 0.248447 23.867862 1.144039 322.389750 0.190343
710 -2.339840 0.269735 50.753124 1.968651 356.278127 2.873348
710 -2.276149 0.389949 54.653411 1.773758 343.683271 2.745967
710 -4.462855 0.276427 33.793903 3.530717 454.937631 7.119380
710 -2.069629 0.356726 -58.057327 4.555764 484.233474 2.332927
710 -1.103191 0.039055 -31.816633 0.163518 225.876342 0.400052
710 -1.831447 0.149850 -36.201614 2.935526 423.133546 1.856563
711 -1.690918 0.170246 36.074162 0.008384 219.941370 1.575504
711 -1.368401 0.240017 -44.130802 2.092840 350.721203 0.930470
711 -0.923595 0.377201 19.186943 2.159644 419.776831 0.040858
711 -1.268187 0.192154 39.768920 1.098862 313.521377 0.730043
711 -1.410359 0.346005 -24.610043 1.258947 321.811761 1.014388
711 -1.962775 0.217190 76.546455 1.402142 326.604197 2.119220
711 -1.999141 0.054672 -40.188605 0.749131 271.463483 2.191950
711 -1.321730 0.343674 -60.450196 4.455906 477.222391 0.837129
711 -0.958145 0.048396 -30.071754 0.359287 239.989807 0.109959
711 -1.094631 0.164919 26.527527 2.427495 409.737375 0.382931
712 -1.258397 0.198705 49.078588 0.114247 231.660507 0.710462
712 -1.827075 0.234817 -28.122315 2.233679 366.825786 1.847820
712 -1.640532 0.301935 13.800339 3.057720 478.903127 1.474732
712 -2.041019 0.379432 70.321336 2.083903 340.866816 2.275708
712 -1.948387 0.316308 -24.630873 1.920929 345.108331 2.090444
712 -1.653169 0.232195 41.738765 1.657779 363.497627 1.500007
712 -1.084693 0.065537 -35.637325 1.241439 305.942277 0.363055
712 -1.636160 0.349239 -72.738641 4.524464 475.438441 1.465989
712 -0.943922 0.049380 -34.554497 0.131089 222.884269 0.081514
712 -1.105778 0.169332 25.908480 2.492553 412.765850 0.405225
713 -1.175253 0.397122 -75.903962 2.254553 344.555259 0.544175
713 -1.797628 0.225469 -19.934903 2.069337 377.600810 1.788926
713 -1.646933 0.313099 6.109060 2.398047 431.212378 1.487535
713 -2.923115 0.372090 -17.433568 3.034026 477.215653 4.039899
713 -3.053470 0.099763 -54.301647 3.692468 471.760123 4.300610
713 -1.738723 0.216310 33.760177 1.808721 364.760388 1.671115
713 -0.981823 0.034180 -22.660389 1.128766 298.398727 0.157316
713 -1.260777 0.342743 -82.276284 4.762774 489.355403 0.715223
713 -1.914126 0.088236 -29.198057 3.457040 461.085974 2.021920
713 -0.938195 0.169813 20.281087 2.535525 416.547018 0.070059
714 -1.053848 0.345199 -61.078805 2.012849 337.538326 0.301366
714 -0.925225 0.383693 20.187721 0.748483 301.353645 0.044119
714 -1.140217 0.372426 9.666088 1.501993 360.791514 0.474103
714 -2.469038 0.275423 -36.483911 4.024343 474.855953 3.131746
714 -0.926048 0.174538 -68.644689 3.677121 452.681252 0.045766
714 -1.698421 0.191206 44.382843 1.839751 372.711150 1.590511
714 -1.735483 0.380754 -25.311152 1.241098 293.573953 1.664635
714 -2.123034 0.342579 84.987165 4.304248 475.382158 2.439737
714 -1.949504 0.092432 -18.873242 3.286373 455.896250 2.092678
714 -1.074876 0.187391 21.775158 2.585928 428.247481 0.343422
715 -1.485196 0.252485 -39.146968 1.790132 342.813172 1.164061
715 -3.989220 0.253192 -1.497570 3.301028 434.337117 6.172109
715 -1.526061 0.385054 34.571098 1.260341 350.392153 1.245792
715 -0.921140 0.288370 16.656842 3.285594 485.585775 0.035949
715 -0.987515 0.154821 -73.507826 3.533709 445.160014 0.168700
715 -2.175505 0.126329 81.089790 1.416420 324.259647 2.544680
715 -2.069388 0.350532 -20.955714 1.411396 305.495995 2.332445
715 -1.973987 0.293378 -87.338241 2.278215 365.818185 2.141644
715 -1.349589 0.174515 29.996299 3.163232 462.080132 0.892848
715 -1.295896 0.209506 18.750179 2.458393 425.634663 0.785461
716 -1.134542 0.186098 41.771968 0.564979 266.641445 0.462753
716 -1.053797 0.246785 -80.032648 2.988939 405.276430 0.301263
716 -1.630703 0.388334 -47.538167 2.814531 382.525385 1.455075
716 -1.179983 0.310811 26.612405 2.962986 467.962709 0.553636
716 -1.765500 0.085618 -53.550107 2.465249 387.966113 1.724668
716 -0.973395 0.368193 -75.195519 2.831876 384.057063 0.140460
716 -1.311453 0.380033 -25.660871 1.076851 296.070549 0.816575
716 -1.756939 0.359451 73.962327 0.701160 280.938766 1.707546
716 -1.188325 0.205369 3.845446 0.902214 295.535249 0.570319
716 -1.340319 0.261949 -31.485354 1.240006 297.330811 0.874307
717 -1.847286 0.146090 41.575208 1.088570 297.660986 1.888241
717 -1.049747 0.272594 -27.900042 0.654504 266.156219 0.293163
717 -1.667366 0.399385 -42.509421 2.800111 381.478533 1.528402
717 -1.737507 0.069809 61.927450 2.787329 415.163325 1.668683
717 -0.906948 0.103732 -70.166423 2.645066 397.480076 0.007565
717 -0.953682 0.362492 -73.506938 2.122795 341.005486 0.101034
717 -1.749460 0.353811 89.393785 2.902196 395.750501 1.692590
717 -2.301179 0.136463 68.014593 2.863271 428.195324 2.796027
717 -1.520923 0.386133 -34.997346 1.421375 323.470386 1.235515
717 -1.161284 0.096806 -4.062745 1.505803 335.229278 0.516238
718 -1.613804 0.151539 55.959656 1.473823 322.704018 1.421277
718 -0.998018 0.308283 -25.384194 0.414750 250.695860 0.189706
718 -2.035536 0.358956 -43.442778 3.728277 446.763647 2.264741
718 -1.808775 0.059832 59.056455 2.929333 430.659498 1.811219
718 -1.102328 0.099826 -73.189658 3.129593 426.634871 0.398324
718 -0.961906 0.299030 -64.613130 1.862962 330.860583 0.117481
718 -2.600591 0.210042 -20.745602 3.627187 457.261021 3.394851
718 -1.711019 0.247785 55.315580 1.593184 334.617975 1.615707
718 -1.791240 0.173050 49.898680 1.952855 365.031689 1.776149
718 -1.148458 0.237308 -0.444583 1.149608 321.696504 0.490584
719 -1.509904 0.162136 67.459149 1.497388 330.376875 1.213478
719 -1.011901 0.371216 -9.338766 0.250863 245.119248 0.217471
719 -1.033486 0.203671 -30.823154 0.632222 261.709044 0.260642
719 -1.633129 0.289418 50.171538 1.267462 315.279251 1.459928
719 -1.609055 0.392636 -37.760524 2.015154 343.958981 1.411779
719 -1.483583 0.278498 56.367221 1.235134 324.907949 1.160836
719 -1.391461 0.136259 72.762485 1.034696 283.554868 0.976592
719 -1.884245 0.207406 77.734561 2.728032 403.672271 1.962159
719 -1.073248 0.363970 -72.397930 0.974286 270.446250 0.340164
719 -1.385136 0.268553 -9.385100 1.292655 326.018483 0.963941
720 -1.503936 0.139723 57.643103 1.641835 339.751008 1.201541
720 -4.706633 0.294508 27.256269 2.446054 388.861219 7.606934
720 -1.225792 0.284791 -38.099060 1.181714 297.816675 0.645253
720 -1.489586 0.245049 65.397840 1.297385 320.006524 1.172842
720 -4.016504 0.331878 47.983119 2.428387 431.145664 6.226677
720 -1.730422 0.179127 -21.703791 2.001738 357.696398 1.654512
720 -1.352828 0.134670 74.432843 1.041621 284.146990 0.899326
720 -1.564247 0.310828 -81.430528 3.329013 422.751228 1.322162
720 -1.309345 0.399692 -41.242162 1.346485 294.649642 0.812360
720 -2.494238 0.236719 -11.430007 0.610103 275.297290 3.182146
721 -3.391373 0.146214 44.666374 3.533099 492.496447 4.976416
721 -1.664906 0.342696 2.208916 1.370839 346.555379 1.523481
721 -1.141861 0.250533 -20.470579 0.769438 272.827137 0.477390
721 -1.546123 0.184567 63.290105 1.320744 322.883477 1.285915
721 -1.781841 0.332783 65.563501 1.758283 346.874950 1.757351
721 -2.207150 0.265953 -33.882968 2.890637 417.352973 2.607969
721 -1.788219 0.111229 49.766590 2.339674 399.579579 1.770107
721 -1.077287 0.288839 24.823343 2.030655 399.033037 0.348243
721 -1.604863 0.105542 -23.692742 2.620430 406.557922 1.403396
721 -0.947588 0.381590 -70.354395 3.531733 425.028406 0.088846
722 -1.473933 0.199822 26.543547 3.032155 461.267446 1.141534
722 -1.394868 0.313834 -16.866380 1.241785 328.576345 0.983404
722 -1.153161 0.260956 -11.561159 0.745392 277.289255 0.499992
722 -2.436199 0.177501 65.788139 2.057110 382.858957 3.066067
722 -1.297292 0.346478 34.693204 1.061455 328.536211 0.788253
722 -2.057551 0.150762 48.018242 2.142616 393.804974 2.308771
722 -1.600681 0.102253 73.488332 2.055801 365.323290 1.395030
722 -1.770127 0.296380 63.856829 1.387021 335.758515 1.733923
722 -2.592894 0.285796 -51.855117 1.007634 278.710530 3.379456
722 -1.021760 0.397498 -72.824877 4.540384 475.670902 0.237188
723 -1.147300 0.186452 14.091778 3.030588 458.115095 0.488269
723 -1.882015 0.347331 -23.840063 1.574802 354.341232 1.957700
723 -1.489361 0.302766 -5.336924 0.135974 227.291545 1.172391
723 -2.025421 0.186937 60.327535 2.200136 389.675648 2.244511
723 -1.628213 0.343362 -74.821479 2.933889 399.892263 1.450095
723 -1.538169 0.148664 55.302075 1.634502 347.115899 1.270007
723 -2.458386 0.388086 -44.075088 2.261820 379.163127 3.110442
723 -1.375187 0.272273 -84.708950 3.985190 459.689070 0.944043
723 -1.584655 0.082033 -12.626729 2.697044 418.886208 1.362978
723 -0.955941 0.399415 -67.942951 4.825193 488.358153 0.105551
724 -1.007829 0.202420 23.693270 3.377417 479.570949 0.209327
724 -3.366441 0.294075 -4.333485 1.933179 346.746370 4.926551
724 -1.283371 0.266970 -33.781540 0.459005 237.124411 0.760411
724 -2.712010 0.216523 66.861517 4.108548 485.943519 3.617690
724 -1.605618 0.349900 -68.667233 2.594312 379.803783 1.404905
724 -0.991364 0.192094 22.170493 0.653686 273.821734 0.176397
724 -1.890160 0.383259 -12.948076 1.537530 363.706437 1.973988
724 -2.411385 0.304437 -85.378822 3.563603 441.199969 3.016438
724 -1.840231 0.153828 -22.688307 1.696322 355.443517 1.874131
724 -1.282611 0.390518 -70.072197 4.899800 495.050850 0.758890
725 -0.963120 0.218011 22.504888 2.796337 441.159430 0.119909
725 -1.958218 0.327810 -29.984056 2.334398 366.891669 2.110105
725 -1.015434 0.285784 -69.058153 0.874433 265.662675 0.224538
725 -2.277414 0.238938 73.318238 4.231635 483.740817 2.748496
725 -1.152363 0.098876 -75.765189 3.078964 426.393177 0.498395
725 -1.068263 0.129823 25.621811 1.147687 310.962474 0.330196
725 -1.904208 0.131871 59.845187 1.797581 340.786733 2.002085
725 -0.959714 0.325571 -76.360359 2.809569 388.134044 0.113097
725 -1.546442 0.165922 -14.073001 1.944200 371.513678 1.286554
725 -3.145049 0.386763 -80.815369 2.268934 368.750567 4.483768
726 -1.023113 0.194085 17.607402 2.765719 433.902338 0.239895
726 -2.089781 0.337078 -28.039843 2.334599 365.576289 2.373231
726 -4.554318 0.228886 1.848423 2.198218 431.711415 7.302306
726 -1.889416 0.150646 82.555114 3.355514 441.825018 1.972501
726 -1.142770 0.090838 -76.593482 3.064780 426.068627 0.479209
726 -1.052707 0.196814 21.986592 0.857805 294.037587 0.299083
726 -1.497195 0.065533 -69.365133 3.438425 452.238879 1.188059
726 -0.998545 0.250709 21.047401 1.344584 340.448711 0.190760
726 -1.733717 0.205834 -40.664351 2.012789 363.536693 1.661103
726 -1.310981 0.326827 -49.774044 2.180325 348.141778 0.815631
727 -2.045566 0.180081 37.843034 2.452746 413.868050 2.284801
727 -1.966373 0.343607 -39.182312 2.277862 375.951345 2.126416
727 -1.836467 0.385323 31.970692 1.933233 390.387866 1.866603
727 -1.943236 0.193619 -4.803778 1.476791 326.293930 2.080141
727 -0.948154 0.067351 -70.674283 3.427696 449.734413 0.089977
727 -1.227119 0.184120 -28.140803 0.860246 284.358045 0.647907
727 -0.987995 0.069783 -66.598645 3.253552 437.821485 0.169659
727 -0.948798 0.329788 21.070967 1.044075 318.067011 0.091265
727 -1.713803 0.242790 -16.911416 1.874613 364.040351 1.621275
727 -1.474771 0.350032 -38.037597 1.580377 311.757359 1.143211
728 -2.585098 0.123137 30.182844 2.899562 447.342325 3.363865
728 -1.934548 0.389560 -50.873300 1.563576 326.271640 2.062766
728 -2.375824 0.360173 40.624884 1.967086 395.066510 2.945316
728 -1.097200 0.333602 33.545552 0.173678 245.933804 0.388069
728 -2.000978 0.103668 -75.386562 3.359103 445.360286 2.195626
728 -1.192140 0.192411 -24.409412 0.883055 287.678254 0.577950
728 -1.115970 0.208949 -17.112885 0.881022 290.174738 0.425609
728 -1.022262 0.338312 9.146316 0.791268 298.022837 0.238194
728 -1.274301 0.164252 -10.378330 1.426400 334.520432 0.742272
728 -1.820632 0.381614 -25.877753 1.759621 342.575046 1.834934
729 -0.936628 0.096383 21.094835 2.291048 393.213401 0.066925
729 -5.350901 0.321735 -21.223943 3.061774 461.818111 8.895470
729 -2.749079 0.188041 33.980071 2.207367 382.775717 3.691827
729 -0.967810 0.217767 17.101092 0.035139 226.291428 0.129290
729 -0.977136 0.115790 -70.057515 3.010220 420.066525 0.147941
729 -1.556027 0.067401 -74.962995 1.060879 290.599317 1.305723
729 -1.392367 0.322048 -12.527484 0.557493 256.868535 0.978403
729 -1.515355 0.277083 -3.638608 0.302729 239.996167 1.224379
729 -2.627419 0.342771 -79.611175 1.943678 344.032323 3.448507
729 -1.873593 0.319043 -30.425698 2.272660 367.475772 1.940855
730 -1.132029 0.114280 7.847199 2.259610 393.133781 0.457727
730 -3.335340 0.382793 -7.154283 2.274677 373.001783 4.864349
730 -1.233615 0.166201 47.145900 0.338494 242.675030 0.660899
730 -1.107663 0.217446 18.157795 0.098352 229.510515 0.408996
730 -3.823740 0.133874 64.492589 3.635017 495.653663 5.841149
730 -1.036296 0.089661 -67.384390 1.676230 331.731718 0.266262
730 -1.486707 0.271646 -12.205947 1.494328 344.128931 1.167084
730 -1.035398 0.302124 -16.486327 0.478351 255.910551 0.264466
730 -0.946308 0.241942 -18.002954 0.152102 231.660815 0.086284
730 -2.361343 0.374986 -23.402615 2.253856 381.810954 2.916355
731 -1.400694 0.225182 -61.006201 3.290804 427.370041 0.995058
731 -1.289686 0.311425 6.798258 1.797050 380.879413 0.773042
731 -1.120827 0.170390 40.599770 0.185076 235.452879 0.435324
731 -1.601345 0.342870 -32.370478 1.515828 334.558715 1.396360
731 -2.551773 0.120424 83.660917 3.922291 482.363444 3.297216
731 -3.195120 0.077307 -68.271214 1.280719 308.952311 4.583909
731 -1.696197 0.301960 4.146135 1.942997 397.630233 1.586064
731 -1.047105 0.293381 -24.490351 0.307248 245.215985 0.287880
731 -1.648489 0.267064 -2.756989 1.051737 301.286216 1.490648
731 -2.629158 0.379926 -24.911675 2.729671 406.241271 3.451984
732 -1.194474 0.217754 -66.910110 3.322223 430.196129 0.582617
732 -1.224747 0.356482 27.300274 1.239542 348.520853 0.643164
732 -1.361829 0.205561 43.060838 0.319037 242.368141 0.917327
732 -2.137973 0.325588 66.927801 2.544407 387.064686 2.469615
732 -2.003765 0.073405 67.043444 4.184556 493.121786 2.201200
732 -1.115676 0.291455 -19.664183 0.817601 282.086649 0.425021
732 -1.847908 0.320699 1.844056 2.375395 425.108192 1.889484
732 -1.874823 0.227884 -8.660969 1.155886 298.800135 1.943316
732 -1.181171 0.248622 8.435387 1.668194 360.611623 0.556012
732 -2.431687 0.364769 -22.547541 2.527835 383.023420 3.057043
733 -0.942458 0.195909 -71.341247 3.303356 429.622856 0.078586
733 -3.349021 0.290032 33.286067 2.472454 445.954459 4.891711
733 -1.273202 0.180669 48.325638 0.488367 253.584386 0.740072
733 -1.479609 0.383538 -7.916105 0.767677 280.969895 1.152887
733 -1.839274 0.072247 66.491146 3.432363 452.087165 1.872217
733 -1.449908 0.119898 -82.647538 3.334107 439.400154 1.093485
733 -1.086092 0.397706 21.905387 1.080119 338.362746 0.365854
733 -1.184732 0.252490 -36.893832 1.163859 293.955046 0.563133
733 -1.191627 0.274277 26.259945 1.098329 324.540081 0.576923
733 -2.766965 0.248764 58.341062 3.769943 456.314969 3.727600
734 -1.114540 0.207032 -71.864062 3.290890 429.246266 0.422748
734 -2.393212 0.359294 -17.986358 1.958495 383.798461 2.980093
734 -1.247548 0.173953 60.318250 0.635679 267.520304 0.688766
734 -2.355206 0.105224 83.152021 3.146476 438.923641 2.904081
734 -2.160219 0.172640 60.608164 2.509861 386.559142 2.514108
734 -1.430454 0.355927 39.945987 0.991825 313.382473 1.054577
734 -2.532039 0.354896 56.981220 1.058137 331.495123 3.257748
734 -1.194874 0.262642 -22.282316 0.901429 281.756731 0.583418
734 -1.124734 0.274853 25.594770 1.108111 324.762902 0.443137
734 -1.518894 0.396441 30.523848 1.864429 389.080607 1.231457
735 -1.117203 0.196082 -71.280753 3.098246 419.030784 0.428076
735 -1.510190 0.388718 72.308219 0.411175 258.058992 1.214050
735 -1.245874 0.134883 62.991234 0.773510 270.518779 0.685417
735 -0.906348 0.069061 14.241137 1.790096 354.207047 0.006365
735 -2.010554 0.339989 -79.286728 0.268549 228.750377 2.214778
735 -2.544476 0.340241 -28.373581 3.435224 439.604095 3.282621
735 -1.018762 0.325087 23.568866 1.387679 352.999140 0.231193
735 -1.176814 0.221028 -45.872427 1.420861 306.338863 0.547298
735 -1.939402 0.285909 57.003468 1.373720 343.976259 2.072474
735 -3.140087 0.389836 53.828253 2.119016 400.766285 4.473844
736 -2.482214 0.255068 -1.012472 2.506176 431.335791 3.158097
736 -1.118738 0.367612 54.251210 0.581134 271.295957 0.431144
736 -1.632364 0.124626 68.812567 1.888313 357.841225 1.458397
736 -0.999005 0.067264 -73.594713 2.522126 393.351049 0.191680
736 -1.029723 0.328118 -75.419748 0.367304 228.973607 0.253114
736 -1.958802 0.092575 -15.859968 3.206270 441.809058 2.111273
736 -1.279722 0.335921 26.474249 1.705691 384.501822 0.753114
736 -2.381781 0.230412 -62.685739 2.221333 367.122655 2.957232
736 -1.311926 0.337880 41.396517 0.821008 295.897734 0.817522
736 -1.964734 0.199316 -42.507004 2.601714 400.919110 2.123138
737 -2.486578 0.165009 75.409490 2.039855 375.231613 3.166825
737 -1.204606 0.266951 23.822990 2.361760 412.392053 0.602882
737 -4.029775 0.397291 42.594400 4.053227 458.867869 6.253220
737 -2.350374 0.070940 -76.157750 2.667084 405.711651 2.894417
737 -1.960391 0.379870 -18.747612 1.342432 306.025175 2.114450
737 -1.931660 0.359623 89.879992 3.372355 423.335334 2.056989
737 -1.022474 0.332767 23.873750 1.760471 383.258736 0.238616
737 -1.653941 0.265494 75.512478 1.272857 314.340019 1.501551
737 -0.969819 0.147538 22.761529 2.890024 438.680100 0.133306
737 -1.923571 0.210466 2.138677 2.535199 427.811296 2.040810
738 -3.270931 0.143895 73.684357 0.681584 255.384793 4.735531
738 -1.839994 0.253640 51.478067 1.670394 342.840862 1.873657
738 -1.578427 0.288051 -13.773962 1.347541 320.378392 1.350523
738 -1.035831 0.085647 -65.940784 2.269460 375.154401 0.265332
738 -1.228736 0.179882 -28.558464 0.534260 259.052990 0.651140
738 -1.762524 0.370549 -40.047662 0.281816 247.230801 1.718717
738 -2.466447 0.391053 25.087333 1.817897 414.914575 3.126564
738 -1.189331 0.253947 69.446002 0.536770 256.824159 0.572330
738 -1.341869 0.137148 7.064093 3.657361 485.025119 0.877407
738 -1.218262 0.211029 -39.384819 1.370222 306.630660 0.630193
739 -1.120847 0.331006 14.655778 1.345506 338.194130 0.435363
739 -2.395548 0.261093 49.055111 2.260192 393.713599 2.984765
739 -1.665570 0.242741 -25.772296 1.219749 322.530228 1.524809
739 -1.297357 0.097285 -38.817587 1.715598 335.428307 0.788383
739 -2.100563 0.153995 -24.525673 3.052766 436.558558 2.394794
739 -2.443714 0.378944 -45.267182 0.452450 263.435006 3.081097
739 -4.288707 0.232823 52.887881 3.172952 492.152355 6.771083
739 -1.912311 0.257830 44.298064 0.501132 249.601714 2.018292
739 -2.245062 0.233641 -12.417351 2.017902 393.934704 2.683793
739 -2.716699 0.375409 -12.555629 2.059598 390.868271 3.627067
740 -1.303187 0.311595 -11.706023 1.146308 324.446017 0.800043
740 -2.678338 0.173626 -89.497434 2.252442 369.872086 3.550345
740 -1.575818 0.253227 -20.444645 1.655625 351.639904 1.345306
740 -2.292017 0.259143 -87.950034 2.001711 355.952743 2.777702
740 -1.813316 0.168205 -28.160763 2.740454 407.055370 1.820302
740 -1.187142 0.360326 -56.170570 0.783647 254.592527 0.567953
740 -4.134101 0.194410 74.056373 2.985869 460.749554 6.461871
740 -1.366045 0.289479 40.965478 0.627785 273.015671 0.925760
740 -1.849918 0.153061 -22.579212 2.301764 395.469147 1.893506
740 -1.457586 0.333859 -36.353618 1.493186 324.491989 1.108842
741 -1.752585 0.096740 -2.440421 2.546940 408.520158 1.698839
741 -2.450365 0.363232 57.870576 2.164855 379.659680 3.094399
741 -1.326834 0.293947 -76.765602 2.728287 389.659260 0.847338
741 -2.347750 0.298684 45.801052 1.492888 322.617555 2.889170
741 -1.113436 0.184437 -66.009077 2.229699 365.411617 0.420541
741 -1.333325 0.363832 -71.102454 0.370004 232.341784 0.860320
741 -3.412811 0.257582 85.751185 3.206836 439.724291 5.019292
741 -1.351055 0.290021 -15.451728 0.925817 305.481820 0.895779
741 -1.212535 0.356758 -10.593191 0.607202 269.106717 0.618738
741 -1.295892 0.311945 -73.565701 1.176894 288.706302 0.785454
742 -2.260451 0.368785 87.840775 1.010728 294.897227 2.714571
742 -1.059134 0.326804 16.895700 2.829714 463.405098 0.311937
742 -1.131934 0.246069 -70.684103 3.087536 414.098542 0.457536
742 -1.761314 0.150785 62.001017 1.999914 371.915435 1.716297
742 -1.263237 0.232432 -76.344996 2.538811 382.524107 0.720142
742 -1.104782 0.392116 -82.935311 1.186830 275.699055 0.403232
742 -1.370807 0.365059 -53.439350 0.443377 232.415951 0.935283
742 -2.790263 0.193227 -26.882228 3.610474 468.660464 3.774195
742 -2.086275 0.272142 -19.647848 2.139704 385.460621 2.366220
742 -3.158797 0.260147 -46.740176 2.922790 425.305921 4.511263
743 -1.028060 0.380998 -42.508350 0.304948 232.696775 0.249788
743 -1.118259 0.397744 -75.934970 4.586777 474.446998 0.430187
743 -1.297207 0.291405 3.998856 1.417659 351.245240 0.788083
743 -2.148768 0.101158 35.875446 1.918279 361.475398 2.491206
743 -1.526637 0.251792 88.518760 3.545679 436.132096 1.246943
743 -1.100610 0.375452 -84.292672 1.254197 281.661446 0.394890
743 -1.329510 0.390804 68.060556 0.938406 277.038977 0.852689
743 -2.796007 0.191206 -29.318341 3.621869 469.364364 3.785684
743 -1.512087 0.214900 -34.490753 1.803425 349.130068 1.217843
743 -1.627197 0.325718 -35.723825 1.850082 331.335291 1.448063
744 -0.950216 0.343620 -20.467531 0.023876 221.463209 0.094102
744 -3.775268 0.353628 60.594575 4.330824 493.042532 5.744206
744 -1.837100 0.333135 -48.742081 1.857461 345.327168 1.867869
744 -1.736511 0.070777 -74.116197 3.996405 484.189086 1.666690
744 -2.640973 0.287975 84.519795 4.419302 491.433805 3.475616
744 -2.137733 0.251213 50.955282 1.879491 352.613918 2.469136
744 -1.037876 0.016011 -72.831355 3.283987 446.322296 0.269421
744 -1.379448 0.150542 60.247815 0.488501 246.264135 0.952566
744 -1.013097 0.106601 21.034931 2.607324 418.445730 0.219863
744 -1.660374 0.332070 -35.330240 1.981802 340.721216 1.514417
745 -0.950290 0.330011 -26.184893 0.100940 223.963691 0.094250
745 -3.526939 0.339005 43.732100 2.710551 400.139517 5.247548
745 -2.115173 0.290286 -34.222411 2.303936 386.341076 2.424015
745 -1.601614 0.076972 -71.783395 3.910943 478.625727 1.396897
745 -2.550277 0.331948 -80.447097 3.990202 459.055744 3.294222
745 -3.009874 0.263337 84.311264 4.344378 480.623713 4.213417
745 -0.934774 0.045971 -65.427194 3.027110 427.156333 0.063217
745 -1.392324 0.150619 -87.315325 1.077029 284.664015 0.978317
745 -1.037539 0.339807 -16.246852 0.351173 255.563471 0.268747
745 -1.210457 0.257548 -29.435497 1.130882 297.102945 0.614583
746 -1.490540 0.139154 -20.989090 2.023909 370.372701 1.174750
746 -0.958162 0.112937 20.647288 1.186171 311.736024 0.109993
746 -2.351013 0.283079 -27.646319 2.278269 394.140964 2.895695
746 -2.104497 0.079335 58.828686 3.246562 439.648160 2.402664
746 -2.150784 0.287189 -40.508255 3.232402 430.552989 2.495237
746 -2.487498 0.369631 -46.276765 1.540598 339.012056 3.168664
746 -1.557909 0.188987 17.569038 1.820938 358.139486 1.309487
746 -0.950750 0.026842 -28.735326 1.017856 289.318217 0.095169
746 -1.353715 0.296065 -13.838271 0.296512 235.338648 0.901100
746 -1.330668 0.371243 -79.155570 1.666132 317.682999 0.855005
747 -1.011115 0.216280 -47.300874 0.475686 242.390334 0.215899
747 -1.757822 0.204290 -0.790937 1.578557 343.514788 1.709313
747 -1.441626 0.146563 59.137082 1.488307 328.374349 1.076921
747 -2.408035 0.096600 54.659511 3.409829 448.340942 3.009739
747 -2.992854 0.360578 -65.854743 3.492201 433.625573 4.179377
747 -3.346724 0.090602 -62.479157 2.110816 371.422514 4.887118
747 -1.831050 0.208740 -11.969592 2.097921 382.209791 1.855769
747 -1.396251 0.008579 -20.865155 1.041185 291.412538 0.986170
747 -3.101592 0.327829 -26.632787 2.559167 415.615123 4.396852
747 -1.183022 0.332099 -78.759534 1.409141 301.122140 0.559713
748 -1.163142 0.151399 -10.610043 0.406971 244.940511 0.519952
748 -1.227578 0.267684 -9.519983 0.974271 308.605801 0.648826
748 -1.227272 0.141367 58.482783 0.526301 257.718474 0.648213
748 -1.885793 0.058384 71.633066 3.716463 473.340734 1.965256
748 -1.056418 0.331849 -79.869149 4.603774 483.289546 0.306505
748 -1.032687 0.135366 -66.123360 2.060162 357.161612 0.259043
748 -1.193730 0.241572 15.747092 2.472211 429.093689 0.581130
748 -2.179210 0.260637 71.281856 2.974249 418.256325 2.552089
748 -1.974480 0.364281 -51.299017 3.089203 411.449261 2.142630
748 -1.896375 0.341525 44.424786 1.105896 302.459351 1.986419
749 -1.031283 0.177381 -14.175060 0.371041 248.484620 0.256234
749 -1.296773 0.299762 45.174975 0.816231 289.270813 0.787215
749 -1.133000 0.324570 24.243733 1.494619 364.850013 0.459669
749 -1.179617 0.220274 57.011351 0.554614 256.965375 0.552902
749 -0.984116 0.339191 -67.953322 4.371955 470.792674 0.161900
749 -1.776070 0.138718 -50.957912 2.381525 384.022318 1.745809
749 -1.092416 0.384454 13.386441 1.671221 386.568598 0.378501
749 -3.369327 0.248748 47.707261 3.601922 452.047941 4.932324
749 -1.116769 0.242935 -63.119895 2.961184 405.499057 0.427207
749 -1.127074 0.294987 10.366976 0.907930 301.362454 0.447817
750 -0.951408 0.183590 -57.217365 0.784851 261.325419 0.096485
750 -1.460964 0.397891 30.772837 1.445531 372.459085 1.115596
750 -1.790800 0.360817 -47.565687 3.484440 430.306105 1.775269
750 -1.120198 0.220282 64.830577 0.111341 225.922785 0.434065
750 -1.384055 0.344306 -64.850010 4.317858 471.660944 0.961780
750 -2.029790 0.251354 -14.783318 1.324046 305.156417 2.253250
750 -2.351916 0.377074 37.744866 1.681539 387.682448 2.897501
750 -2.294624 0.328713 38.563659 1.901991 392.751043 2.782918
750 -1.180705 0.239093 -62.073385 2.840270 398.755897 0.555080
750 -1.061756 0.324027 20.927534 0.961318 317.181413 0.317181
751 -2.850421 0.162065 -47.750690 3.091455 436.812772 3.894510
751 -1.517011 0.399334 32.336359 1.114277 329.666968 1.227691
751 -1.710191 0.345605 -60.855493 3.885606 449.991105 1.614051
751 -1.093747 0.214758 64.891137 0.058450 218.092214 0.381164
751 -2.163216 0.397342 73.258327 4.030631 455.137290 2.520100
751 -1.685253 0.177143 -19.704483 2.152601 382.052036 1.564175
751 -1.679134 0.382215 -42.065999 2.387780 369.327343 1.551938
751 -1.737755 0.227963 -23.601756 1.653295 354.481345 1.669179
751 -1.893272 0.258228 -34.481649 1.944872 365.405935 1.980213
751 -1.018401 0.369340 10.935665 1.072523 325.332769 0.230472
752 -2.884815 0.265243 -25.919386 2.747452 425.146555 3.963299
752 -2.895719 0.370015 -71.359152 0.834160 273.669059 3.985108
752 -1.963360 0.394688 -37.584257 3.483429 427.843076 2.120389
752 -1.181601 0.211312 80.126613 0.590402 251.416640 0.556871
752 -2.254060 0.294117 -61.960243 3.992491 462.059641 2.701790
752 -1.585534 0.153760 -35.317827 2.615844 394.565093 1.364738
752 -1.200452 0.158090 -46.309871 1.155169 295.081499 0.594572
752 -1.361270 0.173844 -27.199786 1.338976 308.637340 0.916209
752 -1.336845 0.174036 -29.416173 1.550102 332.615757 0.867359
752 -1.051136 0.347636 36.113892 0.185607 247.021566 0.295942
753 -2.952153 0.211383 -29.295258 3.536071 465.060007 4.097975
753 -2.811494 0.298089 -67.455286 0.316960 233.436015 3.816657
753 -1.781734 0.380659 14.281899 1.573487 355.083585 1.757137
753 -2.167186 0.169005 66.020910 1.732488 357.715439 2.528042
753 -1.652061 0.293545 -42.349272 3.489731 431.462738 1.497792
753 -0.995911 0.369402 -64.907650 4.098966 453.835135 0.185492
753 -1.640738 0.172733 -45.102967 1.166812 302.708362 1.475145
753 -1.448646 0.174799 46.145043 0.878873 284.033310 1.090962
753 -1.583154 0.034558 -13.235685 1.703008 340.722906 1.359977
753 -1.702177 0.354835 7.095910 0.089263 232.487931 1.598023
754 -2.797858 0.182628 -20.784230 3.905275 481.268144 3.789385
754 -1.171913 0.394100 -80.499460 1.553394 306.610345 0.537495
754 -1.910506 0.377393 49.146897 1.515292 346.395816 2.014681
754 -1.450187 0.130381 48.348744 0.430887 246.226535 1.094044
754 -1.748889 0.217334 -50.794969 3.545050 445.019354 1.691447
754 -1.565732 0.059921 -26.257825 2.639970 410.367596 1.325133
754 -2.578719 0.174069 -32.511508 2.110851 385.821689 3.351107
754 -1.272818 0.291556 55.737696 0.506900 252.121117 0.739306
754 -0.938716 0.320998 -67.021952 2.654011 379.567610 0.071102
754 -1.641870 0.211991 3.015852 2.974459 451.995361 1.477408
755 -0.962571 0.176097 16.384748 2.429877 414.355645 0.118811
755 -1.883559 0.104813 54.205938 2.800318 420.029113 1.960788
755 -1.317254 0.371589 63.498837 0.580514 250.684753 0.828178
755 -1.139582 0.145058 59.081160 0.069692 221.316180 0.472833
755 -1.258030 0.324218 74.024061 0.955731 281.381652 0.709730
755 -1.889421 0.075381 -39.760746 2.653722 409.796340 1.972512
755 -1.925178 0.041073 3.882607 2.984528 431.939707 2.044025
755 -1.594501 0.391510 58.532511 0.903948 275.642366 1.382671
755 -1.079119 0.297425 -81.749966 2.720517 384.036637 0.351908
755 -1.251521 0.338723 -89.880831 0.624974 242.600966 0.696711
756 -6.080501 0.132000 76.724277 1.776419 407.110309 10.354672
756 -1.729679 0.124981 69.545341 2.646106 402.625618 1.653027
756 -1.846341 0.222114 80.576654 0.640228 266.156121 1.886351
756 -1.557738 0.319523 -34.567202 1.846605 338.295366 1.309145
756 -1.388393 0.375486 10.763599 2.238141 429.983811 0.970454
756 -1.440889 0.077245 32.080394 2.839378 428.346467 1.075446
756 -0.905961 0.336952 -69.705141 2.025738 337.875613 0.005590
756 -1.415815 0.386342 74.617829 0.932419 288.902851 1.025300
756 -1.625968 0.242317 -88.802204 3.111545 413.596544 1.445605
756 -3.624217 0.374731 78.185434 0.671782 292.767058 5.442104
757 -1.644144 0.302867 84.146006 1.960154 346.072409 1.481957
757 -2.367437 0.130551 65.970897 2.700325 420.906336 2.928544
757 -1.534236 0.210059 64.599190 0.792685 283.730337 1.262140
757 -0.915821 0.300440 -69.100660 2.213532 352.293976 0.025310
757 -1.672593 0.250060 -51.192714 1.173714 298.661996 1.538854
757 -1.543367 0.085759 13.616679 3.134344 453.977935 1.280403
757 -2.620978 0.219824 -30.549470 1.899466 375.700601 3.435624
757 -0.959481 0.182037 -24.584887 0.214849 232.528327 0.112631
757 -1.282272 0.228385 -81.251642 3.434389 434.563130 0.758213
757 -1.298444 0.386222 -12.312174 0.637011 290.577685 0.790557
758 -1.025737 0.301588 -70.028707 1.059494 272.105182 0.245142
758 -2.304282 0.079057 78.314448 2.172196 378.957997 2.802234
758 -1.341650 0.115915 46.503142 1.168066 309.410784 0.876970
758 -1.084122 0.266937 -67.153394 2.350537 362.099753 0.361913
758 -1.471054 0.125536 -47.241100 0.810544 273.648250 1.135778
758 -1.215155 0.154222 11.633211 1.864222 363.567599 0.623980
758 -2.036628 0.090701 -24.308549 4.112022 492.796233 2.266924
758 -1.002593 0.202022 -43.769416 0.437421 237.669512 0.198856
758 -2.000644 0.023741 67.184405 3.750234 477.567665 2.194957
758 -1.172523 0.389397 -3.986271 0.793261 307.134783 0.538714
759 -1.216279 0.303532 -70.705177 1.061080 270.596059 0.626227
759 -1.908476 0.136725 48.252447 1.465772 322.152809 2.010621
759 -1.341846 0.167634 -30.672535 1.620476 330.194515 0.877362
759 -1.542284 0.283216 -37.763636 1.708701 339.948040 1.278238
759 -0.913773 0.371260 -72.119060 2.125774 342.953802 0.021215
759 -1.042493 0.175685 25.563649 1.795007 365.380325 0.278655
759 -2.001477 0.084978 -23.795881 3.962604 489.155349 2.196624
759 -1.110778 0.197518 -29.783108 0.315173 241.084991 0.415226
759 -1.690747 0.116112 -39.131320 1.397619 322.502863 1.575163
759 -2.133727 0.254354 -83.993776 2.152916 359.588317 2.461124
760 -0.925210 0.153392 16.114630 0.681318 273.324024 0.044088
760 -1.619204 0.071018 64.134808 1.615514 338.749314 1.432078
760 -1.229263 0.099013 -9.736110 1.481015 330.475677 0.652194
760 -1.506699 0.286760 -28.070443 1.592140 328.115533 1.207066
760 -1.747087 0.232862 -11.003920 1.730530 369.619888 1.687844
760 -1.074871 0.232426 3.222947 0.733016 284.619286 0.343411
760 -1.747316 0.060147 -27.471585 3.975637 488.687491 1.688301
760 -1.190523 0.294952 -76.004041 2.701288 380.963127 0.574715
760 -3.764125 0.327164 -55.400280 2.358322 389.596675 5.721919
760 -0.959261 0.299346 -73.765683 2.804136 390.995596 0.112190
761 -0.982551 0.148738 16.802127 0.598057 267.420348 0.158771
761 -1.430654 0.168262 73.232923 1.492667 316.640936 1.054977
761 -1.583622 0.171517 -36.070807 2.133147 371.331212 1.360913
761 -1.622940 0.276051 -23.581625 1.698060 339.562541 1.439550
761 -2.716738 0.159306 -23.574902 0.546430 244.101037 3.627145
761 -1.174907 0.234993 -19.916628 0.930531 295.223444 0.543482
761 -1.992433 0.031225 -40.894029 3.353455 453.438565 2.178535
761 -1.142170 0.384648 84.035264 0.657437 247.272085 0.478010
761 -1.335026 0.267117 27.995619 2.010799 397.957159 0.863721
761 -2.414085 0.355268 -27.133074 3.358162 423.256084 3.021840
762 -1.177987 0.164804 -15.159893 1.097069 300.912924 0.549643
762 -1.780389 0.179945 -53.388817 3.941194 469.575199 1.754447
762 -1.157998 0.214883 -11.588875 0.849712 283.990249 0.509665
762 -1.401019 0.249643 -25.725976 1.277071 304.145152 0.995708
762 -1.091681 0.242259 15.226083 0.604392 271.156727 0.377031
762 -1.080675 0.275943 -5.874777 0.413942 254.044719 0.355018
762 -2.377826 0.109555 66.086748 3.867277 484.569264 2.949321
762 -1.192877 0.390694 74.646496 0.486218 252.737124 0.579423
762 -0.960801 0.298332 14.757138 2.069656 398.204743 0.115271
762 -2.349202 0.367661 -30.745007 3.383803 419.073031 2.892074
763 -1.757541 0.175154 -18.003276 1.092806 311.090455 1.708752
763 -1.878550 0.316796 -21.375442 1.497416 315.976965 1.950768
763 -1.811866 0.280789 51.922218 1.652838 345.639859 1.817400
763 -1.393652 0.230739 -35.175140 0.398791 249.397864 0.980973
763 -1.239695 0.218950 -7.588526 0.876076 287.071003 0.673058
763 -2.036053 0.284659 73.179928 3.512872 437.398942 2.265776
763 -2.778864 0.071748 68.587675 3.943649 493.922635 3.751397
763 -1.973005 0.396887 64.695490 1.736024 326.580673 2.139679
763 -1.018928 0.369508 -79.591013 1.819503 322.909036 0.231526
763 -2.669740 0.356980 -48.689126 2.855548 410.133402 3.533148
764 -1.568859 0.074253 -81.330098 2.380350 380.812593 1.331388
764 -1.298869 0.233602 11.229637 2.922985 448.969227 0.791407
764 -1.546974 0.342081 58.275573 1.339871 327.295027 1.287616
764 -1.741121 0.296800 -44.976139 0.213461 235.584309 1.675912
764 -1.254438 0.373190 -39.879162 1.196571 295.039692 0.702545
764 -1.047905 0.380402 20.334423 2.060189 406.045146 0.289479
764 -3.442319 0.362107 46.013050 2.017681 402.367124 5.078308
764 -1.817574 0.295539 34.569347 0.334375 247.526152 1.828817
764 -1.455536 0.355505 79.024897 1.499274 314.030288 1.104741
764 -1.348299 0.371876 -75.345474 2.274830 357.311775 0.890267
765 -1.940871 0.110615 72.585328 2.875813 422.930048 2.075411
765 -3.415347 0.203488 -20.956530 2.917988 454.695607 5.024363
765 -1.809298 0.204338 -36.260180 3.136794 425.213110 1.812265
765 -1.388470 0.297345 71.258179 0.552744 241.864709 0.970609
765 -2.630592 0.196806 54.660627 2.617280 424.394673 3.454854
765 -1.707776 0.355389 -30.725705 1.738450 346.475707 1.609222
765 -1.280208 0.386524 28.261478 1.692283 375.571398 0.754085
765 -1.826339 0.277981 40.459261 0.338154 241.698343 1.846346
765 -1.832318 0.353507 39.607684 0.928032 294.956727 1.858305
765 -2.509931 0.176800 72.566319 3.951154 480.865023 3.213532
766 -2.837232 0.227395 -82.114102 1.016488 288.979539 3.868134
766 -4.418683 0.204150 -12.601897 3.035137 457.850237 7.031035
766 -2.844617 0.173284 -23.451216 3.791082 480.027442 3.882902
766 -2.220640 0.057994 -73.537112 1.237471 305.399593 2.634949
766 -3.357630 0.244836 -6.802717 2.522142 438.591040 4.908930
766 -2.153724 0.227075 -0.507199 1.483299 329.177505 2.501118
766 -2.085087 0.266322 58.190934 2.025326 356.529787 2.363843
766 -1.271731 0.365246 52.179435 0.493736 256.380637 0.737130
766 -1.684187 0.344765 53.999265 0.982889 284.557304 1.562044
766 -2.663659 0.325943 50.727368 2.929888 462.071509 3.520988
767 -1.042638 0.225828 -75.637704 0.548330 240.630115 0.278946
767 -2.445824 0.057561 81.068663 3.034287 434.547737 3.085316
767 -1.861719 0.152687 -37.486160 4.371665 495.139168 1.917108
767 -1.719402 0.055567 -72.389743 1.266669 307.022722 1.632474
767 -2.887319 0.331805 -18.306051 3.288551 426.759668 3.968308
767 -1.589361 0.191221 -31.658804 1.632852 343.589268 1.372392
767 -1.615599 0.240718 -17.540377 0.394369 236.991161 1.424868
767 -2.288476 0.154477 81.558126 0.288751 239.200762 2.770620
767 -1.095840 0.373899 33.642605 0.600020 288.174941 0.385349
767 -3.810492 0.313141 39.598930 2.747508 473.583331 5.814653
768 -0.981083 0.229150 -68.483423 0.286444 226.364857 0.155836
768 -2.158672 0.379087 -26.520034 1.667661 316.565879 2.511014
768 -2.271349 0.161094 -37.514655 4.333419 499.780792 2.736368
768 -2.527624 0.038306 -83.714890 1.346293 310.814252 3.248917
768 -1.184452 0.394439 -76.969957 3.911069 440.337045 0.562572
768 -1.848488 0.255214 -31.295045 1.895815 337.477386 1.890646
768 -1.823929 0.282079 29.633894 0.734600 286.866732 1.841527
768 -1.418206 0.220345 -81.204969 2.211067 362.070745 1.030081
768 -1.301803 0.235728 -15.886045 0.800485 289.691852 0.797275
768 -3.455915 0.323822 40.061291 2.622819 462.499362 5.105498
769 -1.382042 0.324714 -71.694930 0.725670 245.011731 0.957753
769 -1.126784 0.195767 -70.575504 1.234323 290.957230 0.447237
769 -1.575431 0.249660 -45.740041 4.064901 465.068940 1.344532
769 -1.741626 0.040330 -76.351958 1.479955 323.462933 1.676922
769 -1.052812 0.397970 -76.422276 3.878710 438.873321 0.299293
769 -1.530810 0.337580 -31.676923 1.627455 326.661257 1.255289
769 -2.258322 0.341930 -17.488068 1.805137 379.460785 2.710313
769 -3.252109 0.154214 45.647089 3.648720 499.068625 4.697887
769 -3.028636 0.359168 -10.116829 2.279382 375.649141 4.250941
769 -1.406805 0.286371 25.985577 2.737380 442.369518 1.007280
770 -2.390267 0.368425 51.035958 1.834442 353.214366 2.974203
770 -1.697799 0.209117 -51.593838 1.464730 319.451748 1.589268
770 -3.683131 0.278136 -18.320591 4.253285 495.922275 5.559930
770 -2.298205 0.052415 -60.748242 1.831686 349.063862 2.790079
770 -1.865755 0.212986 36.353945 2.063009 392.972405 1.925178
770 -1.082946 0.297039 -36.692859 0.674052 255.044854 0.359560
770 -1.764026 0.286323 -27.484857 1.741757 356.156425 1.721721
770 -1.247607 0.333456 30.809279 1.242887 339.369232 0.688883
770 -1.630437 0.377502 3.214274 1.336985 345.807310 1.454544
770 -1.503825 0.242173 22.055968 2.622024 442.071548 1.201320
771 -2.085601 0.389348 51.159612 1.635908 351.978282 2.364871
771 -1.007735 0.242208 -62.629754 1.680792 322.500049 0.209140
771 -3.288521 0.258846 -26.416259 4.303466 498.032239 4.770712
771 -1.083213 0.386746 20.738804 1.839811 400.805561 0.360095
771 -1.929759 0.258695 -7.909971 1.651030 343.616003 2.053186
771 -1.191311 0.235014 -41.595798 0.918317 269.456926 0.576292
771 -1.360262 0.288870 -24.781941 1.163805 315.049601 0.914193
771 -2.927133 0.227560 55.086275 2.526777 422.715202 4.047936
771 -2.334580 0.126171 61.331878 3.357219 457.963346 2.862829
771 -1.321238 0.212496 18.855304 2.404954 422.621587 0.836145
772 -1.751807 0.272333 76.442162 2.020097 358.508873 1.697282
772 -1.580060 0.219798 -43.127393 1.868978 349.475594 1.353789
772 -0.934526 0.110857 16.776581 1.943539 368.222536 0.062722
772 -1.245099 0.393707 12.996695 1.824256 402.368180 0.683867
772 -1.206901 0.171591 66.658214 0.671939 260.578624 0.607471
772 -0.916581 0.293098 -63.021498 0.616474 244.262112 0.026832
772 -1.103635 0.349469 -33.155258 0.269277 225.828923 0.400940
772 -0.906508 0.079931 18.015316 3.856695 491.425308 0.006685
772 -1.911388 0.135315 78.771969 3.096757 430.488597 2.016446
772 -1.032934 0.219768 22.219033 2.318461 405.039236 0.259538
773 -2.151332 0.284891 -87.270761 2.061840 355.975309 2.496334
773 -1.199132 0.363593 -46.323593 1.308748 290.714459 0.591932
773 -1.135401 0.122087 27.089758 2.203287 391.707556 0.464471
773 -3.001587 0.111812 89.340921 3.735052 473.296063 4.196843
773 -1.367212 0.179771 66.384981 0.019585 220.339104 0.928093
773 -2.349036 0.358288 -46.233665 0.250624 245.014366 2.891742
773 -1.122326 0.371189 -30.519126 0.517390 261.731943 0.438322
773 -1.867665 0.095544 1.055177 3.918747 498.642189 1.928999
773 -0.913730 0.381413 -65.756208 0.834702 255.041012 0.021129
773 -2.437746 0.247951 -39.122941 2.869801 420.368120 3.069161
774 -2.367228 0.249656 -29.676034 4.468779 488.575223 2.928124
774 -1.431926 0.368808 75.251746 1.204745 285.055470 1.057522
774 -1.879551 0.265650 49.730874 1.776364 370.153047 1.952771
774 -2.094710 0.174358 74.716284 3.885181 471.240627 2.383089
774 -1.190351 0.182161 74.172705 0.569223 253.919564 0.574372
774 -1.335354 0.340652 -49.157485 0.505753 248.405585 0.864377
774 -1.128303 0.027494 -35.475548 1.986414 360.679583 0.450276
774 -1.739700 0.107343 1.258260 2.971956 440.010893 1.673068
774 -1.250773 0.360397 -74.069175 0.995629 261.821004 0.695215
774 -4.339440 0.264179 3.070840 3.203764 429.610649 6.872550
775 -2.227015 0.261791 -46.171058 3.990330 470.806690 2.647699
775 -1.347876 0.381494 62.192579 1.038001 301.083655 0.889422
775 -1.166309 0.306023 17.617475 1.496600 346.591340 0.526288
775 -1.785661 0.276775 78.411347 3.559508 436.297930 1.764992
775 -1.402820 0.213931 59.244010 0.872168 275.630501 0.999310
775 -3.092126 0.135268 -7.717963 2.967850 454.450531 4.377920
775 -1.205313 0.028088 -39.232344 1.849553 351.996839 0.604296
775 -1.405527 0.332049 -12.580263 0.874772 307.422908 1.004722
775 -1.313766 0.279246 55.397461 1.048999 306.702189 0.821201
775 -4.174024 0.368201 40.015528 3.172470 434.971730 6.541717
776 -2.136269 0.203008 -44.235817 4.338647 493.253216 2.466207
776 -1.274277 0.380699 65.488792 0.721669 262.440409 0.742222
776 -2.354071 0.285519 -48.339932 3.205952 429.679381 2.901812
776 -1.828756 0.264820 -66.308777 2.845121 401.485832 1.851182
776 -1.407871 0.191111 58.454886 0.248611 240.577305 1.009411
776 -1.027257 0.385309 -7.190046 0.615440 284.884315 0.248184
776 -1.023148 0.016137 -42.242156 1.815150 349.356129 0.239966
776 -1.309112 0.050593 -18.234348 2.201097 379.394665 0.811894
776 -1.429223 0.206589 56.902790 0.737361 265.780900 1.052114
776 -2.526329 0.364583 73.184635 3.020312 418.625733 3.246327
777 -4.478388 0.116597 -0.152927 3.389777 487.709286 7.150445
777 -1.046133 0.369063 -47.365379 0.062852 214.828637 0.285935
777 -1.864530 0.142612 -79.909885 3.996417 476.715497 1.922730
777 -0.986601 0.295098 -70.915347 2.882515 396.641755 0.166871
777 -1.259123 0.158510 71.091503 0.391972 244.023243 0.711916
777 -1.580409 0.378847 -5.152489 0.602034 266.523508 1.354488
777 -1.495702 0.112576 7.174708 3.072484 453.111185 1.185072
777 -1.131921 0.382105 -34.866393 0.232036 238.185513 0.457512
777 -1.229053 0.259898 59.728928 0.835801 279.438213 0.651774
777 -2.427021 0.368027 -75.831342 4.378230 476.234864 3.047712
778 -3.140994 0.250803 -4.951481 3.099176 475.819352 4.475658
778 -1.000143 0.383853 -66.010043 0.368949 227.821621 0.193954
778 -3.461276 0.164675 -85.984811 2.941922 425.351060 5.116221
778 -2.877064 0.238978 84.821809 2.150576 378.303938 3.947798
778 -1.262724 0.203900 62.773743 0.766438 277.833039 0.719117
778 -1.342552 0.344143 -21.213967 1.116421 302.088060 0.878774
778 -2.468732 0.113538 -4.410238 3.059121 447.818397 3.131133
778 -2.186151 0.302024 -1.941150 1.771092 391.020696 2.565970
778 -1.351582 0.274718 76.025210 1.042816 290.421770 0.896832
778 -1.051817 0.352177 -69.598417 4.910750 495.524329 0.297302
779 -1.046571 0.299255 -75.848112 4.686668 493.181244 0.286812
779 -1.030217 0.384845 -44.767742 0.511478 237.581682 0.254102
779 -1.620410 0.253604 75.854668 2.166441 359.133754 1.434490
779 -2.911815 0.273256 63.918966 2.016144 389.352732 4.017300
779 -1.984168 0.221428 78.747888 1.071053 301.382031 2.162005
779 -1.440797 0.322819 -29.430740 1.319476 303.688376 1.075263
779 -1.329441 0.078565 27.427862 2.811617 424.022349 0.852551
779 -2.956012 0.278582 -28.637711 2.845906 428.178620 4.105694
779 -1.611068 0.317868 70.070919 1.689928 333.405966 1.415805
779 -1.081205 0.346919 -59.925596 4.764975 490.216810 0.356080
780 -1.952525 0.347267 -68.508713 1.220972 295.278686 2.098719
780 -1.754200 0.283949 -44.841325 1.038934 296.384367 1.702069
780 -2.142072 0.216525 57.937265 1.610180 322.457398 2.477812
780 -2.115050 0.394639 83.575014 1.521220 329.906665 2.423768
780 -2.892428 0.260574 -60.623129 1.851252 348.803129 3.978524
780 -1.851164 0.378333 87.124375 1.949880 344.970893 1.895997
780 -1.839239 0.086491 43.501254 2.806880 430.964392 1.872148
780 -1.919683 0.348197 -49.788210 1.788042 323.951720 2.033034
780 -1.819923 0.347178 59.497614 1.003811 276.775080 1.833516
780 -1.145688 0.356524 -66.880219 4.756015 490.980643 0.485046
781 -1.198183 0.369690 -11.778536 0.904671 301.036489 0.590036
781 -1.051653 0.336949 -64.297623 2.974569 394.822593 0.296975
781 -2.370756 0.324215 82.117835 3.730550 452.610283 2.935182
781 -1.018990 0.346923 -64.160371 4.171435 461.592712 0.231650
781 -2.465197 0.332145 -25.060276 2.531868 400.310313 3.124064
781 -1.127443 0.299283 -49.187755 0.989254 274.699263 0.448554
781 -1.995802 0.216460 67.143461 2.228844 384.487953 2.185273
781 -0.915383 0.357477 -70.357296 1.971656 334.308976 0.024435
781 -2.994659 0.359418 49.348791 2.161513 360.397649 4.182988
781 -1.131658 0.349411 -76.079958 4.792606 493.351966 0.456985
782 -1.147155 0.389263 -16.127255 0.717725 279.422476 0.487979
782 -1.231316 0.324720 -74.064432 2.900908 397.204586 0.656301
782 -2.546908 0.309135 89.912912 2.837489 406.489325 3.287484
782 -2.205727 0.315080 -61.680010 2.097291 353.701250 2.605124
782 -1.234935 0.261674 62.690339 0.463820 244.282393 0.663540
782 -1.112970 0.278933 -49.933596 0.748194 259.443582 0.419610
782 -1.392322 0.200045 26.584149 3.009253 449.580569 0.978314
782 -1.172512 0.367108 -68.371392 4.373985 471.579555 0.538693
782 -1.830992 0.372340 -22.870525 1.147198 331.157427 1.855654
782 -2.809366 0.294032 56.144537 3.159692 423.278485 3.812402
783 -1.516418 0.392531 -14.291026 0.981085 292.910209 1.226506
783 -1.378036 0.337706 83.596553 1.362308 301.349540 0.949741
783 -1.682802 0.058506 50.405790 1.441478 323.042767 1.559273
783 -1.027255 0.299705 15.392516 1.427251 354.662810 0.248180
783 -2.434807 0.275117 76.621970 0.117094 234.219944 3.063283
783 -1.342452 0.267552 -36.485154 0.291538 241.305898 0.878573
783 -3.563486 0.211814 -3.137137 2.889119 457.023610 5.320642
783 -1.054852 0.392182 -68.129012 3.795125 435.005295 0.303374
783 -1.289281 0.052235 -27.373639 1.037033 288.972094 0.772231
783 -1.643602 0.277091 60.753309 1.630198 340.972287 1.480873
784 -3.229812 0.356808 1.533720 1.799253 355.384551 4.653292
784 -1.406750 0.344064 82.841041 1.338086 301.832218 1.007170
784 -1.128428 0.371001 -15.822091 0.298195 255.268272 0.450526
784 -1.036882 0.268596 25.589676 1.435056 346.308548 0.267433
784 -2.763597 0.353057 -9.058926 1.834674 345.745102 3.720863
784 -1.597905 0.246163 76.069208 0.811328 280.067981 1.389479
784 -1.027982 0.232201 12.669717 3.284207 476.998757 0.249634
784 -1.075628 0.381931 -78.902400 3.757907 434.198414 0.344926
784 -0.999267 0.039501 -23.880400 1.197235 303.895863 0.192203
784 -1.085781 0.373890 16.888548 1.582811 363.366423 0.365232
785 -1.455383 0.111588 -39.147241 1.316050 314.307462 1.104436
785 -1.403210 0.358185 79.367405 1.495018 308.125960 1.000089
785 -1.087646 0.339724 -23.130307 0.378129 254.800570 0.368961
785 -1.354346 0.296619 54.923348 0.692689 284.821728 0.902362
785 -1.043954 0.302631 42.286789 0.220859 244.780795 0.281577
785 -2.404123 0.252510 82.299699 0.663721 272.743442 3.001915
785 -1.071731 0.211550 14.097878 3.491996 485.333290 0.337131
785 -1.372166 0.393998 -86.214594 3.779611 436.495582 0.938002
785 -1.321092 0.037625 -17.043574 1.443096 325.208135 0.835853
785 -1.364764 0.310926 66.702504 1.153978 304.285240 0.923196
786 -2.593295 0.373609 -9.052847 1.923126 371.291431 3.380258
786 -1.941708 0.268045 61.746478 1.280317 295.726480 2.077085
786 -1.257697 0.080050 -81.667134 4.265743 494.085136 0.709062
786 -1.817912 0.294931 37.064279 0.219847 236.231099 1.829494
786 -3.616645 0.156726 -64.287898 2.095741 369.397932 5.426959
786 -1.676146 0.339762 71.724892 1.846125 339.672254 1.545961
786 -2.016363 0.325893 78.282222 1.967053 358.946647 2.226395
786 -2.082810 0.390449 79.394019 3.985584 455.043122 2.359289
786 -2.708665 0.340115 -50.954499 1.402462 327.342505 3.611000
786 -2.070006 0.355169 75.511737 4.799929 491.389640 2.333681
787 -1.175156 0.331707 -18.137479 0.882809 297.864479 0.543980
787 -1.120134 0.248174 69.277524 0.519404 250.209685 0.433938
787 -1.087312 0.083930 -77.418378 4.266653 493.991345 0.368294
787 -1.184306 0.277067 67.752395 0.202893 234.692336 0.562282
787 -2.510616 0.190365 59.371521 2.778833 400.242399 3.214901
787 -1.614222 0.298862 -75.582793 3.263155 421.815991 1.422113
787 -2.077867 0.371178 -53.089019 2.085467 357.021615 2.349404
787 -1.707555 0.298231 -57.832979 3.926053 455.643587 1.608779
787 -2.354812 0.227594 -29.288072 3.508012 452.024519 2.903293
787 -2.033360 0.355749 75.999449 4.795539 491.142383 2.260388
788 -1.029566 0.343500 -12.531545 0.558641 274.161333 0.252800
788 -1.552333 0.199217 4.885255 2.639718 431.868096 1.298335
788 -1.090111 0.102757 -70.543228 4.234595 492.251979 0.373891
788 -2.766734 0.126526 -19.173864 3.254605 462.240189 3.727136
788 -2.918975 0.294612 55.550007 2.672714 387.053809 4.031619
788 -2.002966 0.266636 89.689015 3.809581 455.175661 2.199600
788 -3.236904 0.375851 77.216298 4.412949 489.526382 4.667478
788 -1.510437 0.293016 50.940931 1.170805 309.814625 1.214543
788 -1.651133 0.293529 -47.238514 3.143980 415.592161 1.495936
788 -2.087202 0.368091 82.240819 4.699224 491.281536 2.368074
789 -1.224637 0.382600 -32.431305 0.990926 282.279101 0.642943
789 -1.591759 0.214215 3.644115 2.686287 430.668092 1.377186
789 -1.828853 0.167031 -72.349797 4.240083 487.984252 1.851376
789 -2.763386 0.184862 -2.927620 2.843325 431.268459 3.720440
789 -1.492639 0.132807 57.294555 0.751411 277.740877 1.178947
789 -2.281594 0.296518 -83.944141 3.962621 460.530551 2.756858
789 -1.981000 0.358336 3.327154 2.726186 459.728865 2.155669
789 -1.546286 0.188343 78.930981 0.470919 250.376293 1.286241
789 -1.256684 0.271277 8.958465 3.284821 481.476658 0.707038
789 -1.361232 0.388922 -87.955964 4.641074 479.681056 0.916133
790 -1.114034 0.059747 -32.319197 1.274429 309.691163 0.421737
790 -1.387932 0.337989 52.098911 1.076887 318.513502 0.969533
790 -1.801877 0.116846 -46.140169 4.179600 490.502015 1.797423
790 -1.662903 0.183896 7.939916 1.946631 368.865910 1.519475
790 -1.530261 0.101277 65.785455 1.250730 302.781478 1.254192
790 -2.195995 0.203790 -5.483340 2.212883 385.720964 2.585659
790 -1.612985 0.365263 9.082509 2.712082 462.631262 1.419639
790 -1.360299 0.199144 77.802236 0.749275 268.921361 0.914267
790 -1.935977 0.162005 -0.255075 2.890274 439.906757 2.065623
790 -1.764169 0.393272 -88.978083 4.616534 479.509909 1.722008
791 -1.104276 0.048038 -25.663838 1.024799 292.037361 0.402220
791 -1.409551 0.350876 50.809350 1.098686 313.835457 1.012772
791 -1.892076 0.118567 -42.695085 3.904337 477.679943 1.977821
791 -1.589705 0.082828 -24.888873 2.874730 422.320600 1.373080
791 -1.905506 0.111493 68.736717 1.191844 310.104260 2.004681
791 -2.090086 0.207582 -19.597881 1.980014 351.151255 2.373842
791 -1.591298 0.313148 35.278770 0.968843 307.897811 1.376266
791 -1.630977 0.101670 64.138640 1.608933 340.311488 1.455623
791 -2.419241 0.121208 -8.771334 3.342611 453.776129 3.032151
791 -1.253322 0.259743 12.867203 3.013420 459.232118 0.700314
792 -1.277356 0.235955 -30.188635 0.341145 231.108340 0.748380
792 -1.403419 0.377353 51.686256 1.044791 308.918512 1.000506
792 -2.166891 0.078731 -27.354100 4.076294 498.405456 2.527451
792 -0.993765 0.204366 7.401519 0.641575 273.984156 0.181200
792 -1.768280 0.147614 71.429889 1.197150 310.315980 1.730230
792 -1.072998 0.295896 -79.248648 0.896683 265.496998 0.339665
792 -2.824868 0.290878 -53.230053 2.608818 399.086454 3.843404
792 -1.469314 0.226306 -33.765840 1.504723 331.038264 1.132296
792 -2.813589 0.142725 -16.353711 4.034215 492.475776 3.820846
792 -3.479756 0.262573 -13.206329 2.977559 473.550213 5.153182
793 -1.242828 0.272836 -25.520268 0.427189 239.386523 0.679326
793 -1.997514 0.337804 76.068363 2.210485 370.978679 2.188696
793 -1.569516 0.073551 -37.991179 3.672210 464.527844 1.332701
793 -1.435330 0.166317 36.636316 1.016233 303.555750 1.064329
793 -1.391144 0.137875 59.246219 1.303970 317.596613 0.975958
793 -1.544854 0.093263 -70.398057 0.723831 264.322005 1.283377
793 -1.902684 0.174260 -49.273682 2.742375 397.084399 1.999038
793 -2.097237 0.239773 -45.396392 1.791263 350.984028 2.388143
793 -2.496660 0.125668 -16.566328 3.866985 477.516528 3.186990
793 -3.220349 0.303312 -17.049927 4.549263 497.247448 4.634367
794 -2.140762 0.305514 15.981187 1.937030 376.310929 2.475192
794 -0.917705 0.367599 -68.324413 2.497019 366.139376 0.029078
794 -2.543451 0.079340 -31.154562 3.302671 457.195499 3.280572
794 -1.265444 0.119793 34.349191 0.813143 283.332230 0.724557
794 -1.285600 0.153899 58.344339 0.734568 275.404997 0.764869
794 -1.304650 0.102394 -60.645171 0.795725 268.184206 0.802968
794 -4.003475 0.300901 -20.813372 2.413059 446.691928 6.200620
794 -1.126073 0.344371 -38.746534 0.852164 272.668803 0.445815
794 -1.204689 0.159949 10.689473 3.486140 477.161964 0.603047
794 -2.152739 0.335645 -33.394498 4.222610 468.362188 2.499146
795 -1.748842 0.212254 2.313413 2.448617 419.226638 1.691353
795 -1.907035 0.243636 37.525632 1.776995 375.465698 2.007740
795 -1.352500 0.176160 -11.980017 1.005413 291.063319 0.898670
795 -1.332134 0.214936 30.472323 2.264329 402.789107 0.857937
795 -1.506130 0.150695 61.771495 0.878928 273.964820 1.205929
795 -2.765312 0.086028 -52.395456 0.885954 276.855672 3.724294
795 -1.635614 0.386452 31.499548 1.012371 315.420448 1.464896
795 -1.360676 0.337355 -38.646895 1.048778 295.531378 0.915020
795 -1.306794 0.115822 23.024798 2.969439 446.825517 0.807258
795 -1.699298 0.312681 41.548538 1.224157 322.012299 1.592265
796 -2.851886 0.345617 65.655665 2.736908 413.997365 3.897440
796 -1.636522 0.087964 58.316658 2.222582 380.046066 1.466713
796 -1.331090 0.051941 -20.076503 2.143001 376.291597 0.855849
796 -1.579547 0.334971 23.210940 2.269358 430.482009 1.352763
796 -1.417942 0.169168 72.651885 0.758582 273.191076 1.029554
796 -2.087322 0.322407 -39.858339 3.152547 422.411335 2.368313
796 -1.358749 0.302951 78.544430 1.383359 301.954112 0.911168
796 -1.392616 0.333644 -45.681215 1.953225 339.804813 0.978901
796 -2.125976 0.098558 51.057736 2.953646 425.393455 2.445622
796 -1.501212 0.074789 -27.746910 2.691166 410.536592 1.196094
797 -1.012732 0.390628 -78.079417 3.113126 398.331695 0.219133
797 -1.964943 0.146082 65.905495 3.049183 427.212073 2.123555
797 -1.186480 0.098181 18.139856 1.815229 361.153186 0.566629
797 -1.295693 0.366506 25.409598 2.054575 414.787756 0.785056
797 -1.152490 0.182465 57.448505 0.456161 249.180262 0.498650
797 -1.805670 0.270221 45.979793 1.269335 313.802432 1.805008
797 -1.585396 0.221724 -39.513201 2.274440 373.684374 1.364460
797 -1.658619 0.242936 -32.945341 2.191349 362.583883 1.510907
797 -1.223942 0.261629 40.563418 0.948421 306.616114 0.641553
797 -1.568427 0.098241 -29.383387 2.717057 410.785276 1.330524
798 -2.225848 0.393908 -72.549705 3.245873 401.592158 2.645366
798 -1.943443 0.214617 76.291040 3.173431 427.522635 2.080555
798 -0.998805 0.094687 23.329585 2.102721 380.135985 0.191278
798 -1.128346 0.373508 22.582063 2.011212 411.788413 0.450361
798 -1.627529 0.295677 6.762736 0.700197 281.831427 1.448727
798 -1.264565 0.138889 -85.769468 2.875243 407.054463 0.722800
798 -1.302315 0.284004 -27.980922 1.269451 312.964707 0.798300
798 -1.689255 0.391626 -55.188879 1.577391 317.114762 1.572179
798 -3.229021 0.270902 33.949127 1.564912 327.362921 4.651712
798 -2.184194 0.275367 -26.973505 2.870674 404.776676 2.562058
799 -1.299179 0.387996 -40.366699 0.731225 272.334165 0.792027
799 -5.122237 0.061856 64.238742 3.585408 493.665465 8.438144
799 -1.122575 0.093975 21.567154 1.706718 352.018579 0.438818
799 -2.016053 0.305992 -57.678956 3.083984 412.709910 2.225776
799 -1.693065 0.157857 -20.781275 0.432516 254.236273 1.579799
799 -2.922097 0.287110 20.663838 2.512330 449.997574 4.037864
799 -2.094564 0.313990 54.624021 1.493609 317.127376 2.382797
799 -1.244595 0.164080 0.358164 0.324970 241.991199 0.682859
799 -3.647785 0.213552 -36.816931 1.231039 327.819120 5.489240
799 -2.700428 0.227184 -34.095582 2.747059 421.554498 3.594526
800 -0.975701 0.366876 -31.331637 0.230700 233.924544 0.145071
800 -2.293658 0.390624 64.822885 2.573187 379.180570 2.780985
800 -1.466266 0.262140 -45.401851 1.780294 337.774631 1.126202
800 -1.193777 0.319345 -60.338416 3.057234 404.153843 0.581223
800 -1.160284 0.173397 -17.972083 1.023389 299.631791 0.514236
800 -2.112560 0.291517 13.604531 2.268529 429.634726 2.418789
800 -2.154925 0.387027 79.718904 2.498794 384.058356 2.503519
800 -1.120702 0.158713 -0.726764 0.332239 242.901353 0.435073
800 -3.211491 0.181170 -32.534334 1.622253 355.606281 4.616651
800 -3.591868 0.236640 -52.439844 2.883957 423.529117 5.377406
801 -1.329443 0.358452 -42.994158 1.388514 307.775091 0.852554
801 -2.127198 0.340261 -24.796195 2.257395 370.956035 2.448065
801 -1.554985 0.243834 -36.749692 1.789553 347.159968 1.303638
801 -0.917039 0.326629 -70.110826 2.974294 398.151586 0.027747
801 -1.434158 0.368563 -41.940589 1.846399 327.517699 1.061985
801 -2.460830 0.195951 18.110445 1.875214 386.999488 3.115328
801 -2.131870 0.364456 -62.189694 1.870601 335.566470 2.457409
801 -0.939404 0.362320 17.438457 1.914948 399.494972 0.072476
801 -1.273503 0.051093 -15.850208 1.193554 307.007914 0.740675
801 -1.773827 0.194042 31.286663 2.410790 420.944889 1.741324
