#Nsample
#ln(Lhood)
#O1 : emass
#O1 : theta (deg)
#O1 : rc (arcsec)
#O1 : sigma (km/s)
#O2 : emass
#O2 : theta (deg)
#O2 : rc (arcsec)
#O2 : sigma (km/s)
#Chi2
1 -3.805996 0.711181 -6.145946 0.407849 335.183640 0.734319 -77.358935 1.351135 147.904064 3.999330
1 -2.336797 0.565066 -86.422238 1.128749 334.987040 0.236021 -4.164038 3.239613 215.475112 1.060932
1 -2.394957 0.561696 -32.685376 0.568787 198.314744 0.307009 -37.206108 2.278604 326.961443 1.177251
1 -3.525126 0.425740 -76.600810 0.319310 281.353221 0.262264 -59.873154 5.259009 217.320608 3.437590
1 -6.609610 0.282803 29.206520 2.525036 84.878212 0.486875 -45.730177 0.347999 317.563957 9.606558
1 -3.213083 0.741253 -53.853505 1.371608 321.246368 0.732122 87.392520 4.783349 197.319665 2.813504
1 -2.698219 0.398191 47.715155 0.288677 234.751710 0.641733 -50.844092 2.182563 344.176026 1.783776
1 -2.181068 0.482016 -85.557517 1.175992 322.146810 0.417471 46.622506 1.406279 241.883771 0.749475
1 -3.093707 0.692929 -84.675861 2.241874 347.101480 0.660723 89.915677 4.039492 310.054026 2.574752
1 -2.088291 0.343831 -34.408424 2.770160 337.849365 0.688343 -50.557373 2.143588 274.744240 0.563920
2 -2.643051 0.040192 85.773360 1.981927 322.033090 0.539786 71.597985 2.615524 284.212464 1.673440
2 -2.736123 0.545066 75.454138 0.686117 294.598868 0.246241 70.122436 0.413849 229.172750 1.859584
2 -3.242608 0.367888 -23.091096 1.718077 180.841114 0.565808 -40.548559 1.582237 347.622510 2.872554
2 -4.651076 0.390772 82.274043 0.334394 293.274375 0.146973 -49.001409 4.330440 218.683198 5.689489
2 -3.034813 0.448006 -79.992545 0.847004 311.004389 0.288088 36.440509 2.591564 230.175783 2.456963
2 -2.496141 0.682902 -56.297184 1.624566 330.447424 0.678581 -83.739069 5.068853 187.665833 1.379620
2 -3.367474 0.348281 23.061445 0.690862 264.040715 0.672472 -24.739115 2.685121 341.242905 3.122286
2 -2.806659 0.488799 -43.825702 4.309812 340.931778 0.431050 -35.791699 2.299666 344.470752 2.000656
2 -3.800117 0.699947 -48.424706 2.695216 328.799890 0.650747 65.470964 4.184795 337.335534 3.987572
2 -1.906329 0.594173 89.432008 1.171544 303.457172 0.660216 -58.637568 2.643119 280.094702 0.199997
3 -3.235853 0.081294 63.416448 1.935008 329.929283 0.575727 50.929704 2.030935 310.195949 2.859045
3 -2.340724 0.714041 -69.151202 1.254273 340.006276 0.126341 -10.038268 0.557380 152.622981 1.068787
3 -2.666594 0.370371 1.842191 1.420491 180.731454 0.500544 -58.357319 1.667390 345.018447 1.720526
3 -3.870256 0.449370 83.909078 0.413851 318.183864 0.016553 -29.211942 3.454580 168.632592 4.127851
3 -3.084587 0.512862 -72.262105 1.122292 299.280185 0.336984 -0.888919 1.981850 212.684131 2.556513
3 -1.991296 0.661663 -56.852340 1.634096 320.972899 0.698166 -83.115558 5.013289 198.931688 0.369931
3 -2.592117 0.614138 -71.496256 1.852213 281.557263 0.153524 -51.418608 3.296439 345.628413 1.571571
3 -1.968598 0.515484 -41.072445 3.700439 294.172862 0.482626 -57.863654 1.911874 309.363186 0.324534
3 -4.167976 0.252689 -2.717752 1.885157 312.517136 0.728817 68.444576 3.952709 327.243566 4.723291
3 -1.921931 0.596776 79.667893 1.213316 314.870555 0.627196 -49.780460 2.132309 291.255348 0.231201
4 -3.447902 0.050031 83.986451 2.016405 313.899702 0.618504 44.686937 1.903664 336.505885 3.283143
4 -2.732003 0.592655 -79.286039 0.563406 317.543273 0.098317 -8.954352 4.963595 121.696609 1.851345
4 -3.313780 0.329396 5.181105 2.010386 166.535104 0.580406 -54.087660 1.257603 346.405309 3.014899
4 -1.834625 0.417682 -76.338445 0.789131 250.785905 0.649841 -83.911850 4.499536 339.661140 0.056589
4 -3.305933 0.634535 -59.379885 0.332124 248.087505 0.213635 28.151250 2.742367 275.377581 2.999204
4 -2.259532 0.674249 -67.119163 1.547025 325.077959 0.701939 -88.768679 4.917180 178.195976 0.906402
4 -3.326760 0.710381 -84.486393 1.692326 283.115946 0.030493 -50.518421 2.782730 324.846544 3.040858
4 -2.013886 0.549407 -22.163070 3.912498 312.426026 0.499536 -64.923051 1.762301 306.168299 0.415110
4 -3.062835 0.500770 43.284237 3.502413 253.768673 0.659226 -59.136638 1.965244 347.728131 2.513009
4 -2.853977 0.623031 83.566276 1.707106 322.770102 0.602159 -47.677048 1.739752 284.440531 2.095293
5 -1.839688 0.434422 -64.268275 1.018254 277.054704 0.556457 77.854731 1.102650 201.760211 0.066714
5 -1.962395 0.493915 -71.067760 1.025718 315.715318 0.622782 -36.581613 0.484758 160.363596 0.312129
5 -3.744849 0.283034 32.903290 1.724093 151.015281 0.788398 -58.639252 0.735607 308.500728 3.877037
5 -3.120924 0.190079 -73.348531 1.952757 294.036610 0.607385 74.018302 2.471700 291.413582 2.629187
5 -2.774357 0.538154 -17.394768 1.879176 289.943212 0.203463 80.123899 2.189838 303.785018 1.936052
5 -1.953343 0.783150 -59.787681 0.973210 282.434975 0.679028 -61.290183 0.463275 177.090263 0.294025
5 -2.156144 0.293903 -34.459038 3.924050 341.081175 0.082362 -8.941430 2.395064 329.459928 0.699627
5 -2.831488 0.600755 -25.438341 3.907450 346.362710 0.645195 -65.732322 2.282846 307.525062 2.050314
5 -2.907693 0.004705 72.842619 4.524529 319.928883 0.720415 -54.501394 2.197383 325.000521 2.202724
5 -2.587243 0.544603 74.544206 1.890577 338.014519 0.590601 -36.945869 1.728001 296.818837 1.561825
6 -2.493953 0.588247 -69.731466 1.102376 297.886553 0.506278 46.416653 0.497635 162.708745 1.375245
6 -1.849148 0.636422 -47.145525 2.771194 331.957263 0.630215 -33.807943 1.062902 241.988399 0.085633
6 -3.650028 0.285385 35.990652 1.630782 128.660459 0.729834 -54.218376 1.041597 333.438634 3.687395
6 -5.103389 0.747291 -37.436975 1.217162 312.569631 0.008170 85.005674 1.884849 30.588563 6.594116
6 -2.160981 0.555547 -10.802504 1.929867 284.752563 0.213312 69.373202 2.100851 305.110212 0.709299
6 -3.023951 0.722291 -74.526065 0.839125 292.459025 0.141692 45.848084 0.896770 161.902920 2.435241
6 -2.289058 0.300700 -25.681928 3.614168 324.866090 0.129211 3.119702 2.228295 335.283892 0.965455
6 -3.528378 0.571020 -13.811058 0.877947 306.200671 0.625023 -45.812619 1.936515 145.687404 3.444095
6 -2.175907 0.174197 -52.669107 4.304450 309.649606 0.690159 -52.225712 2.527742 342.796381 0.739152
6 -2.761870 0.611337 -62.537127 1.035611 319.635505 0.510441 -47.436004 2.578094 14.949978 1.911078
7 -2.484772 0.003577 -21.673037 1.593384 315.933431 0.616278 63.547647 1.264895 239.822464 1.356882
7 -1.934563 0.499604 -53.423934 2.969562 317.065527 0.697846 -62.412348 1.515726 250.238463 0.256463
7 -1.874405 0.357828 1.437033 2.332462 320.894200 0.012636 30.989792 2.228074 312.972123 0.136149
7 -1.932984 0.700896 -71.614004 2.033906 339.172655 0.716470 29.794632 2.377424 286.309673 0.253307
7 -1.990790 0.431373 -18.134467 2.159900 288.070002 0.102189 -75.293124 2.575116 319.060310 0.368918
7 -2.554770 0.605623 -75.599109 0.678013 314.122779 0.207732 -84.882377 3.344516 115.209286 1.496879
7 -2.691137 0.380497 -7.172641 0.916216 255.062086 0.234565 34.411367 2.664563 346.899725 1.769613
7 -2.493211 0.776674 8.375583 0.679504 348.538415 0.334531 -6.506836 1.503736 277.592929 1.373761
7 -2.396202 0.182194 -73.107792 5.176017 281.086012 0.785212 -61.690730 2.263330 346.435324 1.179743
7 -7.198657 0.629477 -52.242444 0.707460 319.870375 0.436791 -32.901978 2.562703 15.036454 10.784652
8 -3.153961 0.086532 54.145447 0.917508 292.375280 0.721979 52.038571 1.697974 254.257208 2.695261
8 -2.141952 0.650570 -55.803239 2.509185 336.226495 0.011230 -75.316655 1.127597 197.150997 0.671242
8 -2.320410 0.363111 -3.716029 2.574235 328.012368 0.092928 33.250086 2.090341 315.951547 1.028157
8 -2.131093 0.601961 -38.869008 2.062019 282.254637 0.598695 7.854349 1.556343 322.283073 0.649524
8 -4.412466 0.475157 17.086123 0.968512 254.433355 0.198394 -57.363082 3.120181 344.512685 5.212270
8 -2.436838 0.744207 -75.577357 0.529250 328.711072 0.059614 -82.482281 2.630759 110.191827 1.261015
8 -2.522702 0.389232 -17.499990 1.263430 263.384844 0.164766 29.157804 2.614636 332.289812 1.432741
8 -1.932499 0.694611 17.873219 0.530002 292.331067 0.457598 18.539204 1.333752 321.039149 0.252335
8 -3.545060 0.200070 -28.597006 4.238915 283.612997 0.784412 -79.648261 2.445270 326.590071 3.477459
8 -3.350774 0.657013 -2.781189 0.230024 286.783909 0.137664 -61.781018 1.956595 198.328306 3.088886
9 -3.650276 0.205720 73.155634 0.716158 266.272357 0.756790 37.949936 0.729568 281.867576 3.687890
9 -1.854224 0.658567 -4.980092 1.804478 311.014825 0.764586 -65.950801 0.803608 247.872401 0.095786
9 -2.239049 0.457112 -3.935094 2.358188 336.722201 0.073934 16.112991 2.042799 293.668167 0.865437
9 -3.234944 0.489168 -51.427103 2.974197 287.498707 0.652796 -39.043898 1.343412 294.724792 2.857226
9 -4.451554 0.564315 33.958996 0.189790 256.964948 0.794498 -31.658074 3.313064 345.893083 5.290446
9 -2.659108 0.775662 -5.752296 0.746214 290.941675 0.099122 31.816621 2.058032 312.674881 1.705555
9 -2.946128 0.326150 -9.144586 2.091545 311.928674 0.431667 32.425787 1.879075 311.095505 2.279594
9 -5.245994 0.702686 -21.556339 2.890264 331.804142 0.514112 24.180038 2.002508 263.551783 6.879326
9 -2.539454 0.243354 -36.717270 4.707055 277.220433 0.743712 -67.073837 2.725908 346.022811 1.466246
9 -3.115836 0.664162 -6.070287 0.559746 307.849410 0.155099 88.264134 2.122994 182.618922 2.619011
10 -2.588856 0.398111 -81.788890 0.922379 283.715557 0.032930 59.091851 5.130593 348.018634 1.565051
10 -4.284115 0.712477 9.390750 1.395563 323.868253 0.758052 -47.141704 0.130022 221.602363 4.955568
10 -1.859023 0.636286 -2.682944 2.141928 312.782622 0.273382 -51.338571 1.590731 292.633470 0.105384
10 -2.559826 0.409736 -47.013856 2.652437 267.871992 0.697706 -53.607765 1.258340 313.053576 1.506990
10 -1.823584 0.558522 46.503626 0.256414 230.408795 0.711362 -56.886615 2.295976 339.990694 0.034505
10 -2.604843 0.703626 -19.996103 2.250821 272.799717 0.196645 -23.180581 2.707176 349.537569 1.597024
10 -2.045352 0.323878 -9.623595 2.203546 321.901134 0.422846 29.603593 1.886710 312.875718 0.478042
10 -3.187864 0.726587 -26.100397 2.216092 309.483532 0.543140 12.392112 2.024481 290.909341 2.763067
10 -3.424531 0.106434 -46.775709 0.586571 166.558541 0.656378 -53.979658 1.985143 335.551747 3.236400
10 -2.693235 0.764798 3.972186 0.207113 300.840054 0.163815 81.266886 2.268462 253.402755 1.773808
11 -3.447014 0.404628 85.630009 0.857074 281.454206 0.020986 63.954287 5.043040 346.113181 3.281367
11 -3.597539 0.520248 -7.464372 0.967549 289.812856 0.459945 -12.026962 1.591030 231.834306 3.582416
11 -1.974837 0.625013 -7.558142 3.424697 338.815661 0.091802 -9.301482 1.636992 312.989698 0.337012
11 -2.829669 0.410227 -13.089554 2.557082 243.139493 0.742753 -67.244784 0.986716 289.805074 2.046677
11 -1.857200 0.513677 77.048262 1.193218 333.471611 0.522593 -68.161104 2.883302 255.525510 0.101739
11 -2.736388 0.755687 -25.846355 2.130841 275.342644 0.259591 -36.161513 2.313648 333.270352 1.860114
11 -3.635371 0.392920 -15.484181 1.413923 305.712618 0.581469 31.157704 1.822231 276.447725 3.658081
11 -2.480249 0.746757 -27.244048 1.722711 291.815475 0.684265 45.114161 1.305693 278.075798 1.347837
11 -2.294644 0.690517 -31.532017 0.815239 145.899118 0.789884 -58.990646 1.607276 335.178754 0.976626
11 -2.430418 0.780228 0.787861 0.454863 319.015062 0.063071 -83.916483 1.831267 230.926052 1.248173
12 -1.999738 0.491001 -65.224481 1.498744 296.051445 0.171616 -83.562453 2.660810 247.311480 0.386814
12 -3.553193 0.431658 -58.400991 0.798914 270.675537 0.277843 44.696258 4.456222 307.324376 3.493724
12 -1.960617 0.691614 -31.062732 3.327360 332.696280 0.747760 20.291040 0.995444 341.912932 0.308572
12 -3.523433 0.388137 2.434604 2.509923 234.602211 0.742715 -67.382253 0.990670 302.128446 3.434204
12 -2.198976 0.463172 81.107395 1.017276 319.169946 0.643459 -69.163729 3.113675 257.538127 0.785291
12 -2.296022 0.586912 -21.682957 2.267961 283.343704 0.462805 -2.023665 0.991667 305.183610 0.979383
12 -2.895642 0.599400 -25.041446 1.857177 254.382852 0.786652 -54.272329 0.131593 280.671329 2.178622
12 -2.382257 0.754656 -15.481769 1.096505 263.839087 0.654641 7.867594 0.467344 317.269036 1.151853
12 -2.460578 0.710625 -20.965691 0.611279 153.343710 0.776371 -58.822779 1.747999 331.235538 1.308495
12 -2.451077 0.782060 -6.653277 0.954681 323.582198 0.043686 84.751347 2.011358 250.097600 1.289493
13 -2.019757 0.411784 -70.165071 1.397006 313.354289 0.121484 -73.684509 1.761214 213.052790 0.426852
13 -3.978924 0.432533 -72.242093 0.888137 269.572095 0.173342 11.422116 5.104121 343.011363 4.345186
13 -3.057777 0.674064 -26.028105 3.043034 339.525475 0.640307 12.908012 1.238764 342.285772 2.502892
13 -3.493341 0.366998 0.000878 2.380248 232.574960 0.728504 -53.884513 1.127892 300.331154 3.374021
13 -1.812271 0.454175 -66.427751 0.848853 244.774453 0.579105 -77.925686 3.267523 299.443141 0.011881
13 -3.531549 0.767499 6.325795 0.912783 306.789339 0.741170 -5.782235 0.600795 312.249947 3.450437
13 -2.099535 0.522659 -31.407492 1.497904 295.093426 0.220601 -30.198781 0.588000 208.561572 0.586408
13 -2.968360 0.754896 -1.755255 1.810900 311.573558 0.781829 -13.770489 0.270428 330.118998 2.324059
13 -2.970948 0.671849 -34.953595 1.556089 258.047545 0.639257 -73.149132 2.314864 273.967511 2.329235
13 -3.439924 0.775810 9.968954 2.445938 264.832084 0.721076 -42.392497 0.753370 336.605461 3.267186
14 -2.165459 0.403507 83.796485 0.820608 310.650606 0.266564 -83.766570 1.480825 196.732835 0.718257
14 -1.998701 0.277414 -3.299992 1.702541 333.186464 0.415407 -78.120397 0.964030 191.708978 0.384741
14 -1.884904 0.754817 -21.448406 3.194152 337.709151 0.643557 1.168354 0.953323 337.058493 0.157147
14 -2.605622 0.727285 -52.751133 1.267344 274.013516 0.043245 -49.838912 3.560027 281.291424 1.598583
14 -2.136277 0.570765 -39.993424 1.572797 259.573949 0.719135 -55.353309 2.047091 284.901652 0.659892
14 -2.498192 0.543075 15.201734 0.409597 305.474265 0.343142 -1.551907 0.805179 242.420961 1.383721
14 -2.111444 0.788840 -77.012887 0.982971 334.332456 0.029250 -29.158471 5.009609 231.537687 0.610227
14 -2.432314 0.352042 -16.168245 0.575773 223.961383 0.371447 -28.363385 0.617781 273.787091 1.251965
14 -2.510566 0.570130 -46.366190 1.772383 239.219084 0.602351 -87.269818 3.238605 319.361772 1.408470
14 -1.927071 0.745458 -18.477564 1.966657 249.916226 0.714056 -38.710684 1.054750 339.599174 0.241480
15 -2.032830 0.473843 -81.808638 0.877965 304.087564 0.436251 -64.914261 1.835446 201.361395 0.452999
15 -2.486079 0.513414 0.238139 2.593311 334.993042 0.022248 55.435796 2.524278 341.751661 1.359496
15 -2.279364 0.672949 -27.109811 2.964514 342.779103 0.666419 -3.963525 1.240067 311.082272 0.946066
15 -2.017266 0.654846 -58.587427 1.223892 286.215418 0.426111 70.827831 4.456336 266.306328 0.421870
15 -2.759150 0.591676 -11.234687 1.127058 263.506845 0.564699 -66.034517 2.466550 309.670094 1.905638
15 -3.129169 0.764711 0.603469 1.182098 301.273967 0.263097 -31.116437 0.163775 227.291433 2.645677
15 -3.471471 0.760136 -71.636907 0.795586 333.974721 0.792771 -31.440135 5.154704 218.684558 3.330281
15 -4.248340 0.790738 82.702951 2.250380 334.533269 0.599000 69.849964 1.428059 262.113516 4.884019
15 -2.188136 0.554284 -5.317996 1.692649 239.577854 0.569525 -62.408619 2.181528 320.858754 0.763611
15 -2.205328 0.728283 -16.183058 2.309476 272.275037 0.562987 -6.358856 0.871106 346.336529 0.797994
16 -2.322194 0.760966 -75.077424 0.254890 315.328346 0.441119 -86.598315 0.202188 95.879961 1.031727
16 -1.976347 0.527563 8.442606 2.699965 325.684860 0.046339 60.920082 2.522567 348.329621 0.340032
16 -2.998183 0.793920 -31.839553 3.046272 278.639926 0.698398 -9.320370 0.709663 335.279957 2.383705
16 -2.329496 0.782532 -56.002210 1.282582 298.418634 0.193332 -43.547186 4.985426 239.361686 1.046331
16 -2.971101 0.571931 6.954184 1.571724 281.181150 0.408628 -64.020401 3.019822 326.376207 2.329541
16 -2.786740 0.740605 -12.014262 1.598555 310.081861 0.319091 -31.052355 1.488963 246.105102 1.960818
16 -2.462668 0.645316 -71.737011 1.442990 294.834350 0.099177 -84.360597 2.408314 287.081166 1.312674
16 -2.557963 0.619011 87.273553 0.827104 308.644867 0.434862 18.297346 3.072559 308.174773 1.503264
16 -1.933880 0.502304 -15.437552 1.952856 247.086265 0.670660 -49.116810 2.372314 345.482118 0.255099
16 -1.902990 0.725720 -20.515072 2.382346 287.277797 0.577836 7.544917 1.233701 345.435474 0.193318
17 -2.487327 0.489196 -64.884038 1.662303 310.421421 0.095333 41.016661 0.407642 177.616389 1.361993
17 -1.934038 0.512794 -7.909212 2.721170 320.282902 0.001864 -87.304535 2.217780 324.240788 0.255414
17 -1.935161 0.772538 -25.231929 2.820664 322.322515 0.674002 6.178850 0.764051 326.673023 0.257660
17 -2.953711 0.661537 -71.521225 0.847166 309.235512 0.145323 52.990615 4.126301 266.244339 2.294761
17 -2.802067 0.705944 5.222253 1.704438 337.300637 0.180126 -56.564896 1.589415 258.504824 1.991473
17 -2.461956 0.691659 -53.880642 1.934846 290.378628 0.184007 73.395820 0.358296 195.634521 1.311251
17 -2.031082 0.690650 -79.478056 1.046264 276.682914 0.164102 -75.148504 1.674583 278.963796 0.449503
17 -2.205068 0.431973 -56.398539 2.021764 315.214261 0.377079 60.054341 3.711745 310.740406 0.797474
17 -2.173320 0.414160 -5.695980 2.038573 247.132326 0.666779 -56.621054 1.534156 326.956501 0.733978
17 -1.854567 0.706704 -18.379616 1.967487 289.470943 0.545336 -16.623672 0.739650 298.608953 0.096472
18 -3.049289 0.580404 -71.061015 0.535558 302.845668 0.026259 -0.339715 2.766629 55.023576 2.485917
18 -2.462813 0.505054 -38.405400 3.118919 305.285662 0.012746 -7.799158 2.025175 314.595029 1.312964
18 -1.833814 0.774779 -19.988406 3.438792 320.064400 0.034604 17.744470 1.223087 293.026138 0.054967
18 -2.108953 0.599080 -70.979435 1.178701 322.357141 0.317629 -73.462882 5.175382 194.219662 0.605245
18 -2.290466 0.529936 13.332804 1.458850 313.370012 0.664738 -51.933427 2.484233 293.675458 0.968271
18 -3.122550 0.588055 -88.528915 1.110026 335.963866 0.080753 -88.374793 5.149784 209.735739 2.632438
18 -2.050083 0.750919 -71.686621 2.234583 348.367420 0.318649 65.317513 2.705094 217.540397 0.487504
18 -1.868026 0.563109 -59.404582 2.031700 312.532799 0.103051 63.581697 2.726976 255.627238 0.123391
18 -2.194539 0.693007 -37.127103 1.913050 205.723977 0.525665 -68.375765 1.931505 320.905812 0.776416
18 -4.928421 0.621994 12.363074 1.598334 278.077276 0.624388 -16.440649 0.291834 298.588951 6.244181
19 -2.251446 0.787203 -62.693607 0.107676 275.412896 0.129557 -48.248685 0.562234 124.193128 0.890230
19 -2.129766 0.384604 -68.288928 2.069984 272.660606 0.751802 -45.262292 2.375611 328.964934 0.646870
19 -2.251441 0.693251 -41.952698 4.368568 324.353062 0.583056 5.283349 1.229381 349.595873 0.890220
19 -3.429998 0.580932 -9.143583 2.246436 342.778107 0.692003 -40.884164 0.170524 271.333633 3.247334
19 -2.367273 0.521348 13.315477 1.043120 308.078537 0.701441 -62.419944 2.358893 283.163816 1.121884
19 -2.689292 0.063687 -63.040084 4.665368 341.979968 0.766773 -66.608077 1.939695 292.288582 1.765921
19 -2.941855 0.757021 -71.540993 1.121708 306.692662 0.288013 47.492303 2.144703 161.839025 2.271049
19 -2.648079 0.742087 -8.462914 1.011397 323.444582 0.086621 74.859321 1.838645 243.767836 1.683497
19 -2.678921 0.747982 -18.500977 1.379722 278.130227 0.497803 -76.349248 3.342544 270.209059 1.745181
19 -6.287871 0.430212 -69.392128 3.862018 96.051994 0.618121 -34.675941 0.266663 335.504315 8.963080
20 -2.149393 0.647193 -78.095985 0.442566 295.909972 0.152280 -42.533086 1.169277 180.811494 0.686124
20 -5.201970 0.333953 -41.841315 2.181745 310.322345 0.774936 89.884029 4.454402 327.794195 6.791279
20 -1.977221 0.793623 -43.957761 4.269064 338.257695 0.627102 -2.371062 1.573264 334.767245 0.341780
20 -3.083139 0.480647 10.660000 2.384074 337.017692 0.790871 -69.665319 1.586198 286.967524 2.553615
20 -4.791475 0.563249 -2.625229 0.660725 328.853413 0.481255 -70.355966 1.353207 24.676826 5.970289
20 -2.590352 0.052231 -51.356720 5.011685 279.122830 0.757417 -65.143623 2.129573 343.541472 1.568042
20 -2.168095 0.784332 -67.076435 0.900098 322.674877 0.277693 43.686794 2.420676 156.055684 0.723528
20 -2.913422 0.670421 -52.432156 1.750764 326.298804 0.451456 77.931146 1.646887 161.953820 2.214182
20 -2.666263 0.593135 1.647327 0.417637 308.557840 0.270331 -37.604540 0.561132 168.402780 1.719864
20 -2.159693 0.655189 -71.794835 1.191986 336.648347 0.751332 -7.446528 2.587417 162.280253 0.706725
21 -2.373100 0.495926 -78.463960 1.158479 328.452119 0.036954 -83.253553 3.030489 169.227173 1.133539
21 -2.043882 0.587443 -78.025641 2.512083 343.484527 0.322940 -27.125443 3.557226 316.273622 0.475102
21 -5.485131 0.532132 88.744057 2.606577 290.476210 0.684969 70.310342 3.951751 338.775477 7.357600
21 -1.945468 0.492307 13.426947 2.115619 348.942821 0.537236 -75.240468 3.160602 296.848129 0.278274
21 -4.522483 0.544392 -14.742905 0.577769 317.089907 0.370319 -83.658247 2.058546 88.765245 5.432303
21 -3.791067 0.031350 -27.910645 4.782259 237.237151 0.633199 -55.604406 1.031842 312.899771 3.969472
21 -2.261385 0.651173 -68.091735 0.860566 316.094180 0.268897 51.552221 2.319800 115.490240 0.910107
21 -1.999135 0.739366 -70.984084 1.226170 331.412679 0.331193 74.845967 1.149460 115.333301 0.385608
21 -2.155450 0.531993 -14.480876 1.013804 296.184861 0.321518 -68.590063 0.294887 167.345231 0.698239
21 -4.835463 0.694988 -41.495871 1.481377 329.418467 0.763831 57.950359 0.205999 38.915881 6.058264
22 -2.500025 0.390520 -61.657662 1.040329 304.339135 0.719884 81.939942 4.331663 247.385334 1.387387
22 -2.021915 0.007545 -49.327638 2.619147 285.334557 0.417872 -48.756618 2.611104 349.954653 0.431169
22 -2.914153 0.327335 -75.829864 2.118292 332.140788 0.758723 -73.451175 5.278531 313.785700 2.215644
22 -4.861674 0.481753 5.746944 2.172249 331.160712 0.555407 -65.253068 3.315265 344.857348 6.110687
22 -2.815174 0.744654 -13.559199 0.497582 305.509473 0.454428 68.965385 1.735308 170.759106 2.017686
22 -3.438707 0.043529 -40.477627 0.819795 129.172095 0.743931 -68.640783 1.506826 345.224792 3.264752
22 -2.327213 0.203244 -87.647172 1.313831 313.908829 0.402295 87.287138 0.732092 193.527838 1.041765
22 -3.062205 0.782543 -85.299207 0.624053 334.482049 0.355198 85.566040 0.525626 110.662142 2.511747
22 -2.263153 0.493154 -25.224357 1.891493 312.088586 0.362482 -84.247377 1.559832 218.447394 0.913644
22 -3.714657 0.511502 -4.477546 1.590643 305.844879 0.201866 52.737113 3.182757 303.650280 3.816652
23 -2.331828 0.390023 -85.193744 1.085851 316.421429 0.725865 78.966095 4.813682 240.826329 1.050994
23 -2.246684 0.799040 -19.457271 3.077378 291.874509 0.461591 -47.313517 1.923021 314.320832 0.880706
23 -3.174782 0.646741 86.716327 1.178358 310.770757 0.546257 -64.079359 2.798147 261.731031 2.736903
23 -3.773365 0.481085 10.496563 1.518475 344.784088 0.510360 -25.715797 1.634980 300.798826 3.934069
23 -3.120405 0.755822 -18.623609 0.477172 295.296597 0.435512 82.906748 1.882539 122.885720 2.628148
23 -2.122886 0.050459 -44.806864 2.440670 346.258729 0.676841 -17.739953 1.499336 313.023994 0.633110
23 -3.307005 0.165061 87.993480 0.781122 309.295673 0.598035 89.298645 1.013904 168.257753 3.001349
23 -2.253594 0.781097 -74.082675 1.491302 346.259353 0.234571 57.017468 5.104128 182.233404 0.894527
23 -2.206742 0.617917 -69.558100 1.799382 317.125199 0.304783 -76.828848 0.605345 175.950028 0.800822
23 -3.500298 0.439412 -9.403134 1.347776 309.447662 0.200084 -85.872562 2.808436 272.828373 3.387934
24 -3.665623 0.402035 -88.263481 0.515054 313.012105 0.636317 33.316182 2.842484 183.282855 3.718585
24 -3.484355 0.197760 -34.879347 2.863478 283.574481 0.603967 -18.807187 0.969924 329.399342 3.356048
24 -1.876712 0.782339 -78.960981 1.191493 331.429734 0.491145 -86.222058 3.618673 269.497735 0.140762
24 -2.119440 0.372157 4.957086 1.652664 348.517048 0.616978 -62.532526 0.215594 173.003028 0.626219
24 -3.930853 0.220718 -27.158081 3.111756 315.121782 0.761591 -23.709452 0.677537 320.109674 4.249045
24 -1.971469 0.094158 -27.387524 2.793187 347.290112 0.541470 -2.353174 1.490718 310.638734 0.330276
24 -2.769230 0.748931 -72.915995 0.900409 323.290982 0.715123 85.844800 1.979004 216.802845 1.925799
24 -2.103981 0.630980 -74.747153 1.467739 348.324887 0.013461 44.380689 4.479068 153.629568 0.595301
24 -3.584960 0.720814 -14.386593 1.237533 331.293314 0.346291 -28.213598 3.416113 153.466760 3.557257
24 -2.092598 0.499736 -15.762310 2.102727 292.418665 0.139387 -3.432808 0.975518 272.291494 0.572535
25 -3.704758 0.223955 -79.830318 1.122132 315.884583 0.083141 -26.601056 2.422274 202.848385 3.796855
25 -3.756679 0.279696 -28.551730 2.453836 289.428203 0.540145 -26.303993 1.102588 290.048732 3.900697
25 -3.500158 0.575016 -62.287134 1.090670 337.097505 0.404655 1.012123 1.606015 72.893637 3.387655
25 -3.310386 0.717268 -1.232086 1.048597 345.929214 0.190785 -77.417475 0.258963 129.090192 3.008111
25 -2.714136 0.698495 -26.293061 4.437489 304.944504 0.778126 -44.979409 1.264516 318.281264 1.815610
25 -1.956154 0.123539 -14.895595 2.812692 345.730535 0.579142 -5.139790 1.542300 321.192921 0.299647
25 -1.985560 0.711279 -85.081292 0.807964 333.846849 0.617824 -83.594130 2.519937 187.925562 0.358459
25 -2.293669 0.506068 -73.659157 1.321797 346.095500 0.746036 34.869532 4.761970 149.616104 0.974676
25 -3.531359 0.770273 -68.053855 0.746247 339.022465 0.264401 -76.023349 3.317786 146.778353 3.450057
25 -2.804294 0.459297 -40.432521 1.843851 273.014053 0.120329 9.086327 1.479423 280.354156 1.995927
26 -3.311691 0.225051 87.902793 1.133334 325.194791 0.019041 -20.071910 2.717067 206.410997 3.010720
26 -2.569892 0.157550 -57.657248 2.165079 283.798833 0.684130 -59.373481 1.409736 286.353936 1.527123
26 -3.000896 0.567213 87.846042 0.640112 347.274185 0.232385 5.495326 1.973958 27.171815 2.389130
26 -3.151632 0.766141 -74.950997 1.370404 340.878332 0.062328 -27.240814 0.475825 55.922224 2.690602
26 -5.399999 0.392183 -68.247007 4.963147 118.860966 0.667609 -49.310909 0.209131 302.180178 7.187336
26 -3.456940 0.790758 -63.469204 0.934342 305.634829 0.242602 85.389051 3.825788 274.875060 3.301219
26 -3.406549 0.474849 21.458505 1.744397 259.126184 0.774697 -53.388518 0.321810 282.700178 3.200435
26 -4.361999 0.369684 -66.229850 0.630948 305.523014 0.147716 18.092662 5.095999 132.863273 5.111336
26 -1.882154 0.649817 86.655044 0.983203 320.395486 0.148038 -88.342283 1.672805 254.423214 0.151646
26 -2.250756 0.713923 -63.216405 0.909445 304.936253 0.374842 75.381822 4.282853 140.001627 0.888851
27 -3.279433 0.781422 -80.267557 1.496610 265.072846 0.686525 -86.968954 3.325842 343.592142 2.946204
27 -3.364878 0.166401 84.905471 2.287197 290.505007 0.609307 -45.522189 0.956353 275.518174 3.117094
27 -2.818375 0.696939 -83.294892 0.876526 284.345123 0.553621 26.736789 1.651770 290.069957 2.024088
27 -2.057655 0.749308 -62.724050 1.503533 349.047846 0.132680 -29.253412 5.169823 21.707426 0.502648
27 -6.575566 0.411650 -86.793970 0.235235 102.171376 0.665518 -43.933628 0.594148 309.848904 9.538469
27 -2.015302 0.775417 -67.180002 1.377767 271.378065 0.301476 -79.438306 2.234302 281.013828 0.417942
27 -2.127786 0.491976 2.540185 1.309529 298.652580 0.750338 -42.203083 0.362970 268.132835 0.642910
27 -2.368142 0.423532 -72.523835 0.596083 303.365071 0.181384 35.660081 0.302445 131.666820 1.123622
27 -3.868209 0.632046 -84.375404 1.464979 309.164002 0.262274 71.615531 1.287749 201.600503 4.123756
27 -2.898826 0.626792 -83.356288 0.248967 305.897017 0.642967 -60.804349 3.428158 130.195581 2.184990
28 -2.736103 0.681645 -80.050184 1.663326 268.936443 0.411532 -56.972075 2.710859 321.156539 1.859544
28 -2.819510 0.150210 87.066195 2.347946 294.654860 0.647545 -44.007692 1.000239 287.535606 2.026359
28 -2.052651 0.708769 -80.197334 0.849812 286.487285 0.553753 36.205581 1.550498 287.511313 0.492640
28 -2.190772 0.794545 -56.749980 1.591433 336.108473 0.123812 -24.044059 5.183093 35.983458 0.768883
28 -4.964371 0.386419 89.523981 4.954440 101.817951 0.653358 -47.124904 0.437345 327.824139 6.316081
28 -2.247695 0.682775 -68.012028 1.135312 343.312836 0.433789 -85.200748 4.307340 67.710735 0.882728
28 -2.376823 0.698840 -67.530183 0.754549 305.049427 0.716899 86.660813 3.498135 216.583810 1.140985
28 -5.112447 0.603796 77.178286 1.173703 301.854105 0.483402 23.277213 0.908643 265.382419 6.612233
28 -2.126797 0.538146 75.568350 0.966703 332.845674 0.219332 -89.862816 1.038014 204.778115 0.640933
28 -3.490242 0.262180 -13.344219 1.697213 323.166250 0.283055 15.722693 2.201943 278.329099 3.367823
29 -2.167845 0.372950 15.497269 0.250019 239.979524 0.447232 -63.016565 2.126967 285.465713 0.723028
29 -2.333840 0.092648 -38.364286 1.933444 311.714373 0.536532 -42.768579 2.710841 293.316708 1.055019
29 -1.956067 0.602516 -73.804801 1.282767 298.342267 0.533085 58.369227 1.388238 233.753257 0.299472
29 -2.831130 0.750335 -46.672126 1.783635 328.804507 0.143361 -29.682860 0.326369 109.252250 2.049599
29 -2.990239 0.570416 -22.608076 1.467726 301.276823 0.513408 -40.312852 2.210512 234.380933 2.367817
29 -2.408693 0.796039 -74.908781 1.221849 349.676202 0.445891 -78.031355 3.257904 65.475187 1.204724
29 -2.631547 0.482160 0.372882 2.939518 348.819592 0.176746 84.212415 3.486939 349.024905 1.650432
29 -2.076279 0.612423 -81.502020 1.266113 312.285200 0.374446 1.077840 0.703920 239.056614 0.539895
29 -1.873742 0.496132 74.631644 0.286518 270.279685 0.585733 84.357804 1.643699 253.376925 0.134822
29 -3.187516 0.369022 24.358741 0.784177 286.071599 0.307748 61.605099 1.754176 271.286761 2.762369
30 -2.941246 0.416548 9.257147 0.384550 245.001668 0.434040 -72.969711 1.990738 269.236695 2.269830
30 -2.525129 0.225111 -39.935611 1.226001 220.127123 0.585209 -36.105673 1.907164 338.264781 1.437597
30 -3.446585 0.709956 -14.146016 0.376828 315.292054 0.095523 4.925935 2.168526 79.299482 3.280508
30 -2.064540 0.750355 -60.496398 1.836316 341.382394 0.167661 -37.485910 0.529317 88.266991 0.516419
30 -4.011307 0.380268 -46.568763 4.158258 213.792854 0.604391 -45.626215 0.677372 315.272120 4.409953
30 -2.923173 0.592321 -82.646570 1.295355 345.902821 0.497122 -80.979657 3.727882 120.642394 2.233685
30 -4.409729 0.565812 -15.414225 3.234916 329.527094 0.182254 80.924320 2.402101 296.671299 5.206796
30 -3.981651 0.734469 -81.758609 2.003569 344.435604 0.095586 23.130501 0.104008 156.609068 4.350640
30 -2.490905 0.386723 58.546760 0.360164 254.656581 0.736879 70.113767 1.465171 267.056169 1.369148
30 -2.674951 0.344947 28.451688 0.677129 277.406051 0.308394 58.381968 1.741826 280.559130 1.737240
31 -3.707569 0.351007 15.339305 0.459568 265.032218 0.605980 -22.998182 2.045788 293.620897 3.802476
31 -2.104659 0.663227 78.984768 0.861491 295.833916 0.461467 -85.621988 3.975685 339.244195 0.596657
31 -3.285528 0.638867 -16.168149 1.044780 326.892455 0.051283 29.088215 1.108070 152.069897 2.958395
31 -2.626922 0.725218 -70.185145 3.140876 339.169069 0.186392 -54.285914 4.277830 349.184777 1.641182
31 -5.302564 0.403566 -76.524875 3.570564 333.830279 0.592293 28.650503 1.450920 316.963118 6.992466
31 -2.050829 0.664252 86.744899 0.195879 269.704877 0.546419 -54.538615 0.660196 250.021029 0.488996
31 -2.190196 0.622471 -22.285771 3.639647 336.997808 0.045306 47.436818 2.264491 313.858698 0.767730
31 -3.439754 0.632968 67.941151 1.213083 322.963765 0.093214 28.124146 2.103497 302.536473 3.266847
31 -2.680838 0.412180 85.122990 0.516488 256.096218 0.751950 56.933311 1.619154 287.374643 1.749013
31 -3.023176 0.389143 -23.096359 1.096225 263.239269 0.069474 39.107369 1.904798 267.256586 2.433691
32 -2.359699 0.390329 58.836347 1.044169 346.491007 0.748753 42.606078 2.861837 285.648374 1.106736
32 -3.487440 0.594171 -84.740204 1.199721 301.414970 0.581713 67.355031 2.656949 329.071069 3.362219
32 -2.688247 0.488272 -3.563533 0.618003 292.062717 0.206615 28.672564 0.642424 192.925557 1.763832
32 -2.915753 0.762868 -27.681516 2.496665 321.815838 0.322156 -35.072294 2.035754 232.576970 2.218845
32 -3.655650 0.772563 -9.134446 0.157159 285.060452 0.578328 -17.696584 2.875887 196.324395 3.698639
32 -2.308582 0.651807 86.499654 0.098370 267.459320 0.580697 -52.128331 0.590357 245.052873 1.004503
32 -2.672095 0.581875 -31.867893 3.319350 317.867006 0.038422 -82.931607 2.875708 339.753203 1.731529
32 -2.055429 0.328708 -76.403371 3.120092 305.321168 0.566487 -39.858891 2.105683 333.086528 0.498197
32 -3.789649 0.512763 74.958451 0.795078 277.408361 0.005936 75.159070 1.179720 277.436634 3.966636
32 -2.294172 0.364922 -45.580665 1.143018 271.771332 0.797670 74.215049 1.159183 221.711329 0.975683
33 -2.134785 0.372178 50.939231 0.939042 341.444320 0.777551 50.967608 2.886171 286.247513 0.656909
33 -2.569210 0.354839 -80.892882 1.388829 287.099161 0.752251 73.454058 3.991341 328.931679 1.525758
33 -2.556818 0.648547 68.822914 0.491871 328.005583 0.121616 87.996727 0.801244 209.340226 1.500975
33 -3.332475 0.688183 -15.399484 2.830352 344.921120 0.377009 -40.853832 2.317853 267.156643 3.052288
33 -2.497030 0.322575 9.545245 1.231325 305.660355 0.768892 80.550075 5.261743 337.135970 1.381398
33 -2.184024 0.745195 -78.835206 0.382247 297.484064 0.464700 -6.186280 1.310803 225.670662 0.755386
33 -5.487081 0.513800 61.171303 1.283289 328.670221 0.611487 67.638443 2.647497 349.252664 7.361500
33 -2.415861 0.731564 -1.555933 1.868528 284.913850 0.532229 -47.645166 1.733795 306.909892 1.219060
33 -4.294991 0.602914 34.056166 0.286753 298.982338 0.020832 -77.871022 1.153933 243.528442 4.977320
33 -1.917577 0.286695 -30.696676 1.007933 272.307234 0.642358 54.433882 1.264224 251.874462 0.222491
34 -2.163559 0.302553 41.210920 0.812025 316.090957 0.716471 64.027237 3.320734 304.449310 0.714456
34 -2.464942 0.261022 -73.937120 1.613194 301.763127 0.141951 -66.832461 4.593322 339.700945 1.317222
34 -2.052948 0.657687 74.656023 0.508975 329.937596 0.127545 -86.060570 1.156800 218.792668 0.493234
34 -2.649030 0.612733 -50.846533 3.728020 313.212115 0.352826 -89.160389 3.611079 343.575863 1.685398
34 -2.998744 0.327482 8.937589 1.233188 305.032231 0.769962 79.502506 5.225513 335.819106 2.384827
34 -2.222249 0.799989 -76.725872 0.515293 301.533612 0.494082 -4.237567 1.395603 224.886700 0.831837
34 -4.452833 0.009757 49.527812 1.660321 267.213675 0.376409 -41.296203 2.145789 338.812043 5.293005
34 -4.121148 0.680283 -36.291947 2.290249 307.829795 0.697861 -29.514273 2.402702 325.214565 4.629633
34 -2.434445 0.665143 14.460512 0.338977 286.745760 0.180775 -51.195926 1.171915 245.924608 1.256228
34 -2.580867 0.220208 -28.035816 0.799611 262.805406 0.623817 56.255078 0.446327 221.751728 1.549072
35 -2.308759 0.436109 -6.293916 1.382481 292.408063 0.186034 -17.688904 1.138324 273.615756 1.004856
35 -1.879575 0.323897 -76.175196 1.757131 310.195993 0.074146 -70.350672 3.933284 315.098530 0.146488
35 -8.189713 0.358130 -62.648827 0.118440 263.494582 0.683718 73.103131 1.575992 241.840907 12.766765
35 -2.747592 0.629778 -50.009977 3.772119 315.560074 0.362717 89.421657 3.808588 349.497547 1.882523
35 -3.111012 0.341434 6.759109 1.189641 295.172157 0.764259 80.656298 5.228836 345.080388 2.609363
35 -2.390811 0.774168 -82.367523 0.395815 301.826757 0.604023 61.932934 3.122922 341.804972 1.168961
35 -1.944940 0.021972 44.011007 1.037640 251.816447 0.342781 -40.651762 2.108602 319.789465 0.277219
35 -2.743562 0.261644 -23.744429 1.773105 267.733030 0.337137 -42.641520 3.591063 346.681542 1.874461
35 -2.508918 0.775068 -10.000246 1.653584 306.718436 0.142855 -67.350067 1.622825 258.366704 1.405175
35 -3.323650 0.168881 -25.279525 1.076676 266.346020 0.606230 63.385240 1.043796 236.470164 3.034638
36 -2.329424 0.491697 15.329244 1.768886 344.205297 0.017373 3.700372 1.890342 274.498868 1.046187
36 -1.839913 0.441693 -85.902076 1.423062 301.348233 0.069279 -80.232910 3.661214 319.246458 0.067165
36 -2.194954 0.689247 -67.419073 1.252627 286.748431 0.521097 77.422736 4.863274 284.294792 0.777246
36 -2.840204 0.580593 -39.446838 3.352802 294.312348 0.448051 -41.352856 3.057459 335.193811 2.067745
36 -2.062229 0.543705 2.606786 1.103348 285.431236 0.134520 -54.374588 2.211566 298.950242 0.511796
36 -1.941046 0.779211 -80.038611 0.405093 295.941958 0.665251 59.918519 3.442459 344.853626 0.269430
36 -2.102777 0.769304 -20.105520 1.817591 244.924524 0.216131 -33.763743 2.090248 333.317854 0.592892
36 -3.094876 0.289198 -21.466560 1.696348 277.734822 0.300062 -28.540565 3.344095 331.357258 2.577090
36 -4.677070 0.039242 5.764292 1.446141 295.155100 0.280181 59.246249 3.252879 311.606557 5.741478
36 -2.215959 0.049342 -68.120804 0.245141 250.015625 0.581158 80.917431 1.669715 239.668470 0.819256
37 -2.669356 0.470661 13.492252 1.555921 349.070013 0.052244 6.511469 2.017804 258.281707 1.726050
37 -2.026828 0.194270 -58.055745 1.843098 347.353882 0.763590 72.289064 4.317808 262.872864 0.440993
37 -2.363377 0.594644 -70.690597 1.372304 301.513729 0.621996 71.831342 4.878332 272.805046 1.114092
37 -2.231063 0.565407 -30.522693 3.629331 338.553400 0.249425 -61.709599 2.755207 297.918171 0.849464
37 -3.345644 0.436971 -15.610050 1.652274 317.244280 0.436804 4.469189 2.098218 297.887934 3.078625
37 -3.080719 0.746380 -88.699819 0.183838 347.899315 0.680458 -81.008470 4.484000 34.607136 2.548777
37 -2.215580 0.591208 -21.477706 0.858460 235.662584 0.297758 2.116415 2.013003 327.415085 0.818499
37 -3.251522 0.657270 -66.118490 2.021969 330.847879 0.663495 53.549477 4.642466 247.007534 2.890382
37 -2.078323 0.120321 -8.247255 1.402857 284.777814 0.324191 69.378759 3.669999 338.401264 0.543984
37 -2.057126 0.796390 -77.407516 0.167637 270.382677 0.537587 -61.884128 1.391768 233.771456 0.501590
38 -3.542121 0.212803 3.736888 1.045016 257.945094 0.034753 42.162561 2.573162 323.422198 3.471580
38 -2.305079 0.304105 -88.049844 1.474503 338.158836 0.067685 32.768391 3.978842 252.552446 0.997496
38 -1.961222 0.457809 -70.112811 1.879012 327.696775 0.603388 69.615274 3.496190 255.705285 0.309781
38 -3.245965 0.653333 -38.885119 2.779529 231.104219 0.724465 -81.639295 1.525160 290.096132 2.879268
38 -2.317935 0.604096 -89.366422 1.479430 314.392817 0.214299 42.203446 4.192200 342.369743 1.023209
38 -4.402251 0.705320 -22.281265 1.227131 338.849423 0.480477 3.897394 1.842825 163.789238 5.191841
38 -2.176140 0.452482 -14.486787 1.099476 246.242672 0.256672 27.008307 2.375259 345.566895 0.739617
38 -3.035946 0.281699 86.794581 1.282324 331.257553 0.559881 52.108890 3.854559 243.360540 2.459231
38 -2.657021 0.114192 -45.266506 1.232552 248.079710 0.476232 82.531480 3.339302 345.356869 1.701381
38 -2.437263 0.376358 -58.496753 1.944072 306.459395 0.693606 52.500457 3.009170 335.069038 1.261865
39 -3.098433 0.187152 45.210682 0.308307 251.703940 0.762198 51.615506 2.368820 326.066161 2.584205
39 -2.051476 0.387861 -12.462115 0.726580 235.750798 0.633053 -70.059003 0.907379 241.032565 0.490291
39 -2.155992 0.596057 -79.260917 1.465718 332.899760 0.207041 77.168033 0.637868 189.967202 0.699323
39 -3.896463 0.712034 -54.440104 2.409637 245.248860 0.682642 -69.390445 1.809809 305.660843 4.180265
39 -2.880978 0.373436 62.816517 1.273897 319.869523 0.201398 39.293449 1.079298 255.017706 2.149294
39 -2.855722 0.743395 -29.229245 1.827923 298.978388 0.436880 -18.297639 1.688780 240.659231 2.098781
39 -2.161365 0.361145 -28.378639 1.142125 241.759061 0.248917 29.212681 2.130585 331.059779 0.710069
39 -2.207568 0.643584 -54.005011 2.049900 286.430461 0.720931 69.656275 3.023666 288.665126 0.802474
39 -2.443876 0.613935 -52.541117 1.282487 218.422469 0.530296 77.648295 3.285810 341.664211 1.275090
39 -2.273643 0.452618 -58.910630 2.067694 313.623409 0.710005 51.853134 3.131516 328.538871 0.934625
40 -4.195936 0.790833 -70.792116 2.735776 277.396785 0.023502 53.555282 2.035102 334.669756 4.779210
40 -2.125421 0.694870 13.625511 1.830434 289.544806 0.580442 -70.524879 2.631785 340.959202 0.638179
40 -2.013757 0.615290 -68.507821 1.570180 317.907291 0.152574 -83.521182 0.816290 188.717794 0.414852
40 -3.287741 0.366462 76.207940 0.261061 289.554669 0.442242 82.410752 1.500873 175.023427 2.962820
40 -2.277022 0.347199 67.377311 1.251300 321.453904 0.184840 44.812402 1.092273 246.416672 0.941381
40 -2.120247 0.127992 27.691551 0.817309 275.470476 0.441562 -54.555522 0.479247 227.084407 0.627832
40 -1.995027 0.264269 -35.622932 1.261516 242.361983 0.170509 -2.119324 1.815171 320.395286 0.377393
40 -2.614962 0.740403 -19.458370 0.443695 272.586507 0.794996 -11.836493 0.408776 219.013752 1.617263
40 -5.146363 0.392834 -74.846518 1.989063 328.210317 0.717852 73.360084 2.745040 208.724106 6.680065
40 -2.257208 0.434084 -56.447026 2.166047 315.845535 0.700078 52.918155 3.345618 329.128367 0.901755
41 -3.131767 0.635560 -58.347912 2.365983 288.704425 0.768901 49.159379 2.075419 316.453704 2.650873
41 -4.179552 0.678913 -47.029648 2.558719 273.980396 0.567234 -75.231033 2.342461 295.712064 4.746443
41 -2.013741 0.613543 -67.961619 1.811699 319.718463 0.094698 -85.753043 1.102701 205.730026 0.414821
41 -5.390115 0.400096 -75.848281 0.856537 281.862316 0.428766 53.390158 1.854055 200.112281 7.167569
41 -1.966212 0.342750 69.683887 1.136792 322.208554 0.197797 42.411029 1.088716 237.323409 0.319762
41 -2.279270 0.132286 32.900953 0.788460 277.160064 0.439980 -53.499734 0.562681 224.258672 0.945879
41 -3.772617 0.730619 -11.147357 0.200820 286.643193 0.364513 20.074210 1.685537 139.905963 3.932573
41 -3.024439 0.751011 -14.268229 0.620232 297.914029 0.798324 9.938737 0.329342 178.372861 2.436217
41 -2.555795 0.422179 86.156399 0.637271 313.003872 0.373335 80.457109 4.602944 236.241919 1.498928
41 -2.214580 0.345419 -37.377731 2.045354 316.894079 0.774663 58.270974 2.958661 311.662708 0.816498
42 -2.958867 0.263713 82.867221 1.366131 339.958844 0.103220 -44.008898 4.898990 257.545945 2.305072
42 -2.512800 0.647275 -58.055420 2.824875 280.504695 0.700079 -60.522228 2.615693 316.315281 1.412938
42 -2.684351 0.539524 -69.263667 1.442400 349.899402 0.108928 78.824832 1.941138 143.243320 1.756040
42 -2.698303 0.657134 81.967373 1.503317 348.218116 0.374288 48.156289 0.717506 230.607118 1.783945
42 -3.475332 0.425251 79.754020 1.292091 329.989535 0.199262 36.306037 1.345835 206.208471 3.338003
42 -4.489079 0.748264 16.996406 0.204556 240.624189 0.439065 -56.868933 0.240017 241.676854 5.365497
42 -2.180674 0.481096 87.587274 0.855153 326.447786 0.793635 70.893383 2.820337 264.520740 0.748686
42 -2.464339 0.646867 -25.008558 0.798806 282.933646 0.210803 -45.143219 0.254139 171.024468 1.316016
42 -2.523817 0.515540 89.172128 0.512008 300.669244 0.337292 72.054049 3.324548 228.931563 1.434973
42 -2.196549 0.360101 -33.215968 2.173103 324.331574 0.765132 54.053584 2.958785 318.854834 0.780436
43 -4.260735 0.300789 61.111070 1.325601 349.177008 0.076169 -49.803073 4.772839 259.463677 4.908809
43 -3.588441 0.689898 -63.171566 2.793389 280.963058 0.697400 -45.349796 2.123410 309.668632 3.564221
43 -3.160990 0.657723 -2.996283 0.808417 332.662203 0.399664 -58.228114 1.626828 146.237555 2.709318
43 -2.382807 0.664334 85.709809 1.405452 347.824574 0.321621 47.801830 0.623837 220.865201 1.152953
43 -2.363451 0.384950 71.761681 1.284997 340.476343 0.107023 23.176401 0.534934 213.344184 1.114241
43 -2.323473 0.515905 -8.347807 0.873219 304.711035 0.581755 -28.529252 0.760333 213.193291 1.034284
43 -3.753057 0.603331 -79.652190 1.512691 289.653790 0.777058 68.782809 2.692706 255.569015 3.893452
43 -2.807967 0.626153 -24.356349 0.687678 284.570240 0.172538 -49.044043 0.181958 163.053600 2.003272
43 -2.474490 0.496874 60.788768 0.685072 304.808582 0.373832 84.277249 4.495195 328.001676 1.336317
43 -2.418164 0.361055 -30.727637 2.177629 322.199067 0.756470 55.194466 2.836628 315.533304 1.223666
44 -6.970055 0.226676 82.549120 0.308800 278.981277 0.123431 -72.545643 4.105971 233.398779 10.327449
44 -2.484632 0.747339 -72.427865 0.426546 317.216673 0.495049 -41.927128 2.649091 64.395433 1.356603
44 -4.744991 0.442809 -4.769788 1.149781 333.619681 0.340152 -61.055809 4.468268 181.070536 5.877320
44 -1.917210 0.535597 71.631429 0.948302 348.066829 0.294190 58.475920 0.738765 203.789983 0.221758
44 -4.446104 0.542336 -2.021450 0.617039 322.369383 0.723132 12.973744 1.640175 157.110067 5.279547
44 -2.120982 0.525466 -5.382017 0.723151 293.788512 0.568814 -23.830854 0.338430 217.726872 0.629303
44 -2.090195 0.678328 -64.661610 1.377475 334.938080 0.054574 -70.686999 2.064456 126.794879 0.567729
44 -3.471187 0.722460 -56.187851 0.836041 308.126143 0.127686 8.146418 1.391030 118.227251 3.329712
44 -6.843963 0.297276 12.279386 1.461987 275.572554 0.303090 61.311732 2.718401 336.238636 10.075264
44 -4.938069 0.167583 -22.342664 1.979885 302.707895 0.656381 44.698584 2.705730 338.388039 6.263477
45 -3.875332 0.682298 -16.135290 0.510455 300.217671 0.630853 16.725332 5.063920 289.117315 4.138003
45 -2.148864 0.791016 -74.603274 0.371001 321.658235 0.454808 -9.412059 0.206374 132.344521 0.685066
45 -4.776441 0.575510 -6.221314 1.426064 312.283958 0.490013 -39.307703 0.545505 179.836073 5.940220
45 -1.968610 0.639602 -86.632534 1.296299 333.257175 0.338853 49.967624 1.265161 232.934736 0.324558
45 -3.781441 0.655763 -8.872162 0.370255 312.310009 0.628573 0.304537 2.063903 112.564316 3.950221
45 -2.159136 0.552220 -24.003511 0.874755 273.581139 0.418702 3.120899 0.594223 222.826518 0.705610
45 -2.548202 0.794207 -62.760997 1.479264 316.441360 0.224137 -13.158377 0.775194 127.765070 1.483743
45 -2.025690 0.698113 -69.868933 2.076327 349.247608 0.746354 39.249335 0.394057 174.801096 0.438719
45 -3.420904 0.291024 27.122405 1.062006 288.339819 0.270391 -74.184066 2.796004 298.957263 3.229147
45 -4.382890 0.108758 -9.571229 1.896260 317.944571 0.687016 54.880111 2.037543 270.938566 5.153118
46 -3.545515 0.710617 -13.749589 1.135059 298.243904 0.384067 14.131266 3.783137 329.433561 3.478368
46 -4.410825 0.556011 4.771956 0.997522 340.083921 0.425760 -14.145382 2.566066 170.830858 5.208989
46 -1.836913 0.562689 -0.899667 1.260638 309.572970 0.604553 -53.188797 0.927000 243.334605 0.061164
46 -2.105512 0.564950 -70.181081 1.531259 280.121593 0.225625 7.496731 1.419676 281.428460 0.598362
46 -3.662465 0.650241 -9.087319 0.568397 323.368004 0.710896 27.491486 3.089752 152.891508 3.712268
46 -2.490572 0.578799 -27.931409 0.949464 278.701706 0.396262 9.374915 0.405597 208.658230 1.368482
46 -2.687119 0.722903 -26.048573 1.501670 308.130920 0.666898 -80.812961 0.533448 175.167756 1.761577
46 -2.185604 0.695701 -64.196625 2.262299 349.829949 0.777964 38.948932 0.116932 152.266521 0.758545
46 -1.853392 0.200548 66.319221 0.619948 273.511358 0.602285 -89.351072 3.880399 303.134349 0.094123
46 -2.067833 0.640508 -20.499771 2.328437 294.025538 0.269687 10.180760 1.773619 319.127754 0.523005
47 -2.131332 0.769015 -65.215201 1.037191 328.455596 0.796832 -78.816035 3.240470 27.031885 0.650002
47 -5.622471 0.625134 23.911479 1.289116 303.085040 0.137489 -58.152982 2.571170 310.852245 7.632280
47 -2.023468 0.406041 26.406362 1.185380 311.012341 0.632459 -40.499400 1.151481 274.367071 0.434275
47 -5.493071 0.396411 -11.538088 2.780230 303.877773 0.307988 -4.603038 1.961847 309.361853 7.373481
47 -4.302526 0.741880 -10.250653 0.756519 312.657285 0.695568 60.981097 4.461410 102.179337 4.992391
47 -1.820745 0.629912 -68.338601 1.116940 293.721058 0.468362 48.990079 1.537747 225.573551 0.028828
47 -4.071831 0.644543 -84.407391 0.578329 239.552037 0.348178 81.685234 2.496456 289.987898 4.530999
47 -1.837656 0.675893 -64.598183 1.892231 348.499090 0.679346 73.663903 1.353428 117.453056 0.062650
47 -5.828818 0.725462 -0.999443 1.617557 259.323701 0.065132 14.416773 1.983400 313.417223 8.044974
47 -2.301032 0.746649 -15.694191 1.193127 280.022392 0.167919 21.587015 1.640682 298.493989 0.989403
48 -3.594818 0.180644 -65.255465 3.926636 266.347315 0.761787 -54.777051 0.637483 302.078091 3.576975
48 -1.896943 0.545021 11.647530 1.576050 286.529355 0.160245 -59.807391 2.097484 322.713586 0.181224
48 -1.858649 0.410594 11.126193 1.270685 305.853246 0.549466 -45.110211 1.266548 264.943720 0.104637
48 -2.023353 0.384184 -20.346868 2.375743 297.555394 0.182958 -13.654932 2.230592 329.125419 0.434044
48 -2.818597 0.773537 -65.482659 0.836673 341.071539 0.687251 52.924665 3.755272 25.811753 2.024533
48 -2.111494 0.614403 -65.182000 1.174736 291.804163 0.419262 35.631452 1.360296 246.439358 0.610326
48 -2.726166 0.757468 -78.196809 0.286189 333.239395 0.714106 -17.437643 0.794098 37.036194 1.839671
48 -1.817902 0.637652 -66.123646 1.872735 342.921037 0.652301 66.223776 0.864472 143.400555 0.023141
48 -3.612491 0.608681 -4.427097 1.009659 337.659045 0.641220 -45.082886 3.367117 235.136445 3.612320
48 -2.552630 0.716347 -5.579907 1.449209 289.963536 0.261827 13.669148 1.303672 286.287307 1.492599
49 -3.307260 0.230516 -63.275207 3.781196 276.406087 0.794811 -54.560767 0.676397 292.515539 3.001858
49 -2.083334 0.550176 5.024896 1.357853 303.343316 0.267699 -38.565116 1.947940 292.899848 0.554006
49 -5.003726 0.112843 -15.867389 1.257427 266.739916 0.524119 -14.255797 2.685888 319.019662 6.394791
49 -2.234257 0.514178 12.976166 1.162735 307.750968 0.101882 -22.031334 1.224461 257.781655 0.855853
49 -3.344970 0.548155 60.062563 0.297605 321.583426 0.662284 69.717983 4.702706 258.988787 3.077278
49 -2.198050 0.600024 -56.776329 1.212064 294.784804 0.489794 24.343439 1.267130 218.347673 0.783439
49 -2.415672 0.423435 -88.003682 0.350798 253.017942 0.552332 86.457374 5.178554 336.930800 1.218683
49 -2.091993 0.718080 -58.292041 1.916015 331.117291 0.740062 -67.241785 5.054677 184.722120 0.571324
49 -3.754675 0.780785 -10.517322 0.894153 335.098504 0.522881 -39.514930 2.830351 58.390729 3.896689
49 -1.858831 0.755236 -14.058459 2.228641 343.766747 0.713888 -82.633156 0.281621 188.337639 0.104999
50 -4.113653 0.144059 -59.191379 3.136342 305.019310 0.783927 -33.882996 0.773619 313.239686 4.614643
50 -3.080762 0.715649 -5.684470 0.980616 346.102648 0.171337 86.143374 1.907619 158.846778 2.548863
50 -3.666952 0.356973 10.506006 0.760332 297.157773 0.476992 -23.607785 2.692060 279.857567 3.721242
50 -1.843743 0.643425 10.602401 0.435969 265.175635 0.201646 -54.070035 1.339392 281.463964 0.074824
50 -2.373468 0.306398 -88.432324 1.081398 305.051499 0.676125 88.376883 3.973215 247.795355 1.134274
50 -2.549737 0.657697 86.889399 0.900331 349.456383 0.488539 -49.397230 2.006730 168.334658 1.486812
50 -2.122580 0.431348 -84.972611 0.382127 257.277476 0.540440 -87.803152 5.238030 330.651986 0.632499
50 -2.474822 0.722811 -21.383456 3.076361 347.216929 0.366684 -7.606248 0.704663 285.823703 1.336983
50 -2.105631 0.535604 -79.519596 1.563943 336.952312 0.362265 79.925047 4.109128 281.640255 0.598600
50 -2.307740 0.741250 -20.289842 2.299462 331.913756 0.087144 -48.363450 1.056895 228.696332 1.002818
51 -3.109198 0.289032 -30.892167 2.831400 323.580897 0.705121 -37.904204 1.016640 319.853273 2.605734
51 -3.854998 0.593316 -12.655351 0.883747 306.283581 0.263491 78.008152 2.895831 160.446035 4.097334
51 -3.222642 0.352302 18.514379 0.657801 288.148952 0.368172 -17.657220 2.243283 301.878453 2.832623
51 -2.035991 0.037381 -11.866152 1.379945 293.717612 0.777408 -62.261276 1.667782 258.733050 0.459321
51 -3.366946 0.369083 -81.724754 1.787052 321.565671 0.329208 78.446994 2.304528 226.322736 3.121229
51 -2.006005 0.721541 -83.206856 0.907949 346.237541 0.422483 -55.105930 1.478625 168.957631 0.399348
51 -2.296478 0.271221 -63.765536 0.540416 265.291673 0.546015 -89.434906 5.261864 301.365840 0.980294
51 -2.227350 0.658454 -19.195417 2.965203 318.930592 0.522284 -44.600114 0.457119 250.331769 0.842039
51 -2.119306 0.648848 -73.912013 1.383840 272.717444 0.601441 -88.886493 3.648584 319.105145 0.625950
51 -3.313009 0.701734 -27.460731 2.162238 337.215528 0.103588 -5.379640 1.459125 192.266309 3.013356
52 -2.357212 0.303237 -21.379683 2.624183 335.023656 0.717941 -24.375867 0.988748 324.149216 1.101762
52 -3.886809 0.557242 -17.290813 1.032892 310.720951 0.232710 -88.649292 2.643757 155.754448 4.160956
52 -4.360083 0.356037 12.340392 1.071900 258.656145 0.389818 -15.514732 1.806747 309.199557 5.107504
52 -2.180030 0.078163 -13.200126 0.899361 286.520386 0.734482 -54.287097 1.534947 238.704660 0.747398
52 -2.115625 0.278488 -70.514632 2.171694 340.764228 0.306835 70.718786 1.801694 218.052398 0.618588
52 -1.832008 0.783840 -54.322062 1.561757 271.124581 0.440771 74.651098 2.227648 251.272248 0.051354
52 -2.302875 0.588747 -79.304158 0.737809 279.439041 0.517226 32.910972 3.640720 340.487800 0.993089
52 -3.264682 0.736381 -27.021780 2.692974 301.666965 0.519458 -34.064616 0.919458 248.738228 2.916702
52 -2.353465 0.679554 -80.283643 0.199956 298.470283 0.649902 79.103180 5.202514 253.354609 1.094268
52 -4.605175 0.667827 -25.313595 1.713968 337.585952 0.750325 17.693374 2.228424 265.460442 5.597687
53 -4.237915 0.284354 -20.996664 2.645597 332.072963 0.696050 -24.996641 0.987525 331.962202 4.863168
53 -3.477813 0.753120 -13.052579 0.954858 311.844394 0.478120 57.871809 0.182095 112.935665 3.342964
53 -3.956056 0.398072 26.573327 0.747838 276.667178 0.604462 -11.129877 2.144529 330.742582 4.299450
53 -2.318539 0.572140 -10.552299 2.163150 280.774224 0.643167 -50.793297 1.930851 343.881314 1.024415
53 -2.095255 0.279476 -65.985872 2.344380 347.801831 0.363811 59.134587 1.591409 217.304040 0.577848
53 -3.480251 0.700152 -48.623395 1.865384 273.222296 0.440118 61.736470 1.738389 268.438064 3.347841
53 -3.008455 0.659798 -44.281162 2.038494 326.143900 0.709532 75.197906 1.722869 181.438088 2.404248
53 -2.101638 0.531645 -42.563043 2.224502 253.492734 0.337865 -30.602120 2.354072 336.645083 0.590615
53 -2.479316 0.686557 -76.023106 0.437807 312.070083 0.685181 79.667598 4.605368 226.842415 1.345970
53 -1.821709 0.265763 -84.490793 1.468210 306.805759 0.367390 81.837896 3.977194 309.742570 0.030755
54 -3.293068 0.401726 -69.120776 3.508074 308.498918 0.609945 -41.687148 1.990791 347.271951 2.973475
54 -4.316409 0.699853 -32.811427 1.588414 308.326024 0.382579 -75.205471 5.175976 160.387686 5.020156
54 -2.469265 0.337186 34.593804 1.110249 285.570155 0.612580 -13.667658 1.777206 349.258991 1.325869
54 -2.441575 0.645504 -29.694318 2.624831 298.051883 0.615483 -26.259129 1.259236 292.072186 1.270488
54 -3.607900 0.490219 -65.006791 0.268562 276.371402 0.069674 87.010730 0.575564 164.103521 3.603139
54 -2.012645 0.784022 -80.302651 1.588058 307.007236 0.530953 -77.686411 4.262601 333.858862 0.412629
54 -3.080576 0.732323 -89.934977 0.217586 301.815894 0.692253 57.809271 1.418678 187.268843 2.548490
54 -2.600392 0.557284 -43.475857 2.307390 245.735749 0.399569 -41.220675 1.444342 323.659177 1.588123
54 -2.742719 0.647861 -68.051937 1.289328 323.735142 0.590683 38.288594 4.586286 307.697636 1.872776
54 -1.865331 0.276717 -78.525710 1.848033 321.686703 0.244171 86.973031 3.204045 283.258062 0.118001
55 -2.889973 0.357059 -24.946084 2.261947 299.217922 0.715951 -52.907585 1.661822 258.793933 2.167284
55 -2.152590 0.688882 -70.643865 2.042168 308.363168 0.168713 -61.916086 4.546630 314.043703 0.692518
55 -2.081006 0.399430 21.070342 0.652732 275.661740 0.564369 -54.536649 1.817001 269.854404 0.549350
55 -4.749844 0.690763 -35.891395 1.861749 340.954148 0.039650 55.597437 1.916023 10.445112 5.887027
55 -2.169214 0.479151 -71.533104 0.513980 289.016550 0.797177 55.283756 1.355917 187.799888 0.725766
55 -2.257955 0.762067 -64.459582 1.170511 326.312264 0.729769 15.646975 2.942771 193.816193 0.903249
55 -1.935967 0.341743 -21.874305 1.699647 284.689069 0.589731 -7.753486 1.090495 319.619372 0.259272
55 -2.506203 0.707816 -64.520792 1.395805 331.581998 0.140022 47.766900 0.809623 163.010884 1.399744
55 -2.374372 0.719970 -33.640331 2.405376 227.956931 0.125707 -36.936357 1.522656 325.743137 1.136082
55 -2.798194 0.425047 66.704328 1.396924 346.149617 0.192942 38.676445 4.610985 313.477470 1.983727
56 -2.514358 0.299272 -2.315629 2.335652 348.921885 0.532264 -15.035501 1.899502 312.264716 1.416054
56 -3.751125 0.701332 -73.225214 1.234538 298.188931 0.047315 -22.793400 5.262858 257.775814 3.889589
56 -3.450946 0.387716 50.426849 0.938851 294.623836 0.427428 -55.963154 2.615617 299.381549 3.289231
56 -5.242151 0.660804 -31.597950 1.830706 336.096504 0.100232 56.621617 1.574121 11.668149 6.871641
56 -2.577316 0.450793 -63.808286 0.876256 289.747014 0.607691 70.646674 1.373488 159.793717 1.541971
56 -3.714464 0.726327 -77.430355 1.364963 311.117361 0.772923 68.450017 3.811293 215.810189 3.816266
56 -2.175771 0.438301 -13.934060 1.249364 255.365788 0.715516 -33.447121 1.120397 314.547292 0.738880
56 -3.183437 0.412547 17.101280 0.810504 277.780658 0.457430 -53.358072 3.830058 321.712600 2.754213
56 -2.424867 0.742476 -25.194259 2.518936 224.638030 0.141419 -37.335467 1.644225 337.493614 1.237072
56 -2.483244 0.407589 59.092230 1.534817 343.772230 0.184876 35.790759 4.389311 342.317641 1.353827
57 -2.223488 0.564369 -77.416456 1.596473 304.330038 0.494632 8.775909 3.379222 344.947694 0.834315
57 -4.137454 0.671199 -82.976756 1.671936 314.697497 0.113595 -34.096958 0.458803 197.024249 4.662246
57 -3.394899 0.594860 89.481793 0.121134 318.177981 0.073365 -76.912496 0.978406 95.187645 3.177137
57 -4.055827 0.779755 -85.496523 3.417153 349.199742 0.205554 67.366601 1.307502 250.043860 4.498991
57 -2.518856 0.420781 -64.773064 1.008596 303.150606 0.588261 -86.743124 1.012977 163.524384 1.425050
57 -2.885112 0.619794 86.330053 1.078454 331.002503 0.009937 31.691669 4.197549 263.509819 2.157563
57 -2.537713 0.405765 36.762626 2.137633 293.166226 0.756997 -48.961229 1.184617 317.924202 1.462764
57 -3.255315 0.432745 -4.983124 1.194133 283.022588 0.414592 -79.953880 3.952113 303.903649 2.897969
57 -2.020652 0.415479 42.678508 0.675533 324.861986 0.759886 68.371379 4.482370 324.859962 0.428643
57 -1.825895 0.486047 63.856556 1.591883 349.247405 0.187071 37.597112 3.832855 346.737605 0.039128
58 -3.599393 0.511543 -80.021030 1.801669 349.159837 0.418719 26.194043 0.609317 226.163822 3.586123
58 -3.276319 0.498726 -71.276180 1.025767 291.730890 0.421034 -48.834167 0.766362 178.656188 2.939976
58 -2.131691 0.592427 11.919833 1.435821 245.041128 0.314069 -57.493511 2.126021 347.543152 0.650721
58 -2.349778 0.786186 -76.093279 2.250528 339.667053 0.019748 -85.876455 1.348503 230.693421 1.086894
58 -1.831674 0.507989 -78.325397 1.165512 311.599003 0.615380 -79.011129 0.997209 178.256720 0.050686
58 -3.085862 0.528297 77.698150 0.719868 343.457321 0.111349 -2.335370 2.073834 157.190746 2.559063
58 -2.858828 0.392364 38.275279 2.094704 289.565916 0.784890 -45.331728 1.147037 321.805362 2.104995
58 -2.039431 0.749700 -62.550020 2.379965 315.640454 0.009747 34.484972 3.510444 283.811782 0.466200
58 -2.031654 0.307098 18.638581 0.243394 261.387025 0.781182 63.406971 2.295296 293.328550 0.450647
58 -2.655632 0.499603 -81.103201 1.751028 335.378938 0.755788 26.412508 2.094649 274.790279 1.698602
59 -4.266840 0.608350 81.443382 1.458953 324.168172 0.424060 54.637045 0.581692 259.585044 4.921018
59 -2.002531 0.583816 -34.670807 2.799190 306.452859 0.498439 -53.298176 0.687784 240.256610 0.392400
59 -2.010025 0.686992 -19.875750 1.677677 263.171404 0.288398 -40.753807 1.843557 303.656475 0.407388
59 -1.924859 0.002321 82.865635 2.116577 335.413275 0.778890 -70.198101 2.074720 237.224475 0.237056
59 -2.620238 0.234424 -89.510785 0.519388 290.954488 0.027330 -88.381802 0.515705 183.679186 1.627815
59 -2.594108 0.644439 -66.732029 0.889128 310.342252 0.129392 -62.265723 1.540683 77.069535 1.575555
59 -3.346057 0.317474 39.459162 1.359883 319.959762 0.651027 -9.958231 2.063305 335.716678 3.079452
59 -2.630776 0.766039 -52.171683 2.126629 297.265704 0.089404 25.329166 3.573852 306.780573 1.648890
59 -2.598342 0.367300 26.390977 0.245701 240.404113 0.771022 57.356996 1.732152 337.619203 1.584021
59 -2.657807 0.490071 -72.431819 1.853060 343.474428 0.797752 39.297051 2.106234 316.191881 1.702951
60 -2.388336 0.742934 50.970979 0.306424 343.911552 0.580934 -70.203916 1.210323 225.801746 1.164010
60 -1.873809 0.413915 -23.029926 3.077160 341.208397 0.453985 -70.213589 1.301714 241.836693 0.134956
60 -1.979086 0.686553 -21.022377 1.675046 269.345701 0.253965 -53.869884 1.734778 282.269374 0.345510
60 -4.206266 0.084968 -40.101586 2.358140 329.817388 0.770378 50.204362 2.484338 325.926784 4.799871
60 -2.337409 0.345030 75.538777 0.632959 296.092275 0.100866 -74.788722 0.766296 204.682249 1.062156
60 -1.961981 0.793954 -76.565040 0.827174 316.910038 0.455668 -54.660913 1.918777 213.954633 0.311301
60 -2.394419 0.291195 25.884679 1.827167 330.438071 0.657742 -33.690860 1.911843 328.462847 1.176176
60 -1.966676 0.790304 -70.014763 1.769770 327.238953 0.400708 -13.639010 3.463289 258.654302 0.320690
60 -3.116935 0.356011 24.009177 0.314312 224.843999 0.740730 70.545788 2.312786 333.355202 2.621208
60 -3.543884 0.475775 -86.319228 2.223494 337.412540 0.725185 38.518803 2.151470 303.346732 3.475106
61 -2.680733 0.785600 25.803321 0.832500 342.497372 0.538739 -67.583015 1.377314 271.967260 1.748805
61 -3.433195 0.543025 -48.292185 0.256143 97.303767 0.613303 -73.371448 1.833443 349.651222 3.253727
61 -1.905468 0.698021 -18.875406 2.021932 275.451232 0.119509 -78.897680 1.368721 286.894119 0.198273
61 -3.546933 0.179678 35.409353 2.063477 311.866614 0.710676 83.330713 3.319720 308.297605 3.481203
61 -2.309140 0.333161 68.892327 0.733272 302.995155 0.706597 83.730636 1.276415 192.970585 1.005619
61 -3.112844 0.762338 89.134699 0.661139 322.448967 0.368903 -29.857681 3.009718 250.892348 2.613025
61 -2.177735 0.291144 22.838592 1.918071 337.168540 0.664418 -31.306859 1.944437 325.641520 0.742809
61 -1.843529 0.782172 -68.778080 1.965490 344.572550 0.384443 -40.182383 3.710896 220.374787 0.074396
61 -2.093323 0.471942 -2.330142 0.350462 212.430791 0.478035 -25.182431 1.465168 332.252626 0.573984
61 -2.627995 0.662476 -72.678715 2.428585 331.090983 0.579296 -14.327343 1.499552 273.462802 1.643329
62 -1.819567 0.778524 26.582956 0.808104 346.084795 0.549346 -64.483920 1.515087 262.707619 0.026473
62 -4.955196 0.555209 1.667539 0.603222 346.853393 0.595784 27.508377 4.756092 23.414338 6.297731
62 -6.085049 0.682479 -13.084647 1.453041 229.870032 0.085507 -65.295110 1.736090 300.218863 8.557436
62 -4.205743 0.141235 33.888673 1.046693 295.096403 0.596643 84.658701 3.974617 288.155716 4.798824
62 -2.042605 0.417501 -79.157472 0.589863 285.083103 0.334900 48.152764 1.104159 216.274733 0.472548
62 -1.909746 0.712674 83.547354 1.463628 336.734833 0.354062 -33.790052 3.138314 327.236225 0.206831
62 -4.557708 0.781969 -55.126335 1.006543 335.101175 0.017889 -8.168939 2.569316 55.621721 5.502754
62 -2.374011 0.777089 -71.350087 2.260955 345.123873 0.404696 -39.478638 3.517309 225.759629 1.135361
62 -2.747646 0.651441 -61.943838 0.158603 158.729868 0.765228 -47.002937 1.169242 341.888534 1.882630
62 -4.563074 0.747375 -81.957409 2.558164 333.124865 0.535478 -31.437160 1.238339 292.969196 5.513487
63 -2.075194 0.760677 16.716534 0.964244 345.295446 0.541398 -68.370213 1.676166 265.011553 0.537727
63 -3.475338 0.708679 -12.313265 1.260748 343.028030 0.609926 61.298666 4.711974 290.965330 3.338015
63 -2.828718 0.610312 39.958693 1.163840 322.497556 0.672653 -69.952771 2.744418 305.596261 2.044775
63 -3.479737 0.028742 30.137723 1.022021 301.914543 0.643075 69.440603 3.960417 270.863398 3.346812
63 -1.927147 0.462379 -71.275223 1.219335 301.389375 0.232434 34.016311 1.514177 233.263746 0.241633
63 -2.020672 0.638874 -85.671502 1.485691 347.181229 0.188305 -0.514904 3.200327 244.026238 0.428683
63 -2.838035 0.799539 -56.308419 1.371209 340.417831 0.030092 -4.906908 2.532974 57.480886 2.063408
63 -2.952914 0.716232 -55.659884 1.738209 327.098601 0.420222 -36.367792 4.183852 210.244581 2.293166
63 -4.732089 0.305603 -28.127658 0.744161 232.732739 0.650633 -20.797272 3.187691 328.465351 5.851517
63 -4.329628 0.273235 -73.796505 2.732080 291.660992 0.591457 81.090544 3.026347 323.712847 5.046595
64 -1.968771 0.726945 15.226699 1.106554 347.626638 0.485199 -57.655866 1.769229 270.534478 0.324880
64 -2.944648 0.618858 -17.846540 1.231422 284.862593 0.485074 60.479683 3.993846 334.835451 2.276634
64 -1.889251 0.660936 54.012035 0.966653 294.893611 0.610667 -43.695784 2.008047 337.936293 0.165841
64 -2.550803 0.703188 -75.922155 0.759670 274.631251 0.678765 -87.666459 3.855705 329.501303 1.488945
64 -2.661999 0.522391 -64.729609 1.200713 301.372959 0.201562 34.982611 1.423220 222.925566 1.711337
64 -3.332420 0.588303 -75.279579 1.444065 342.208134 0.249772 -0.305565 3.543695 254.259800 3.052178
64 -2.486310 0.775588 -55.630116 1.232538 325.083920 0.184581 -28.177685 2.654758 52.146020 1.359958
64 -3.606758 0.731146 -75.253976 1.769028 332.354430 0.421732 -30.127985 4.141731 211.586317 3.600855
64 -2.755404 0.379381 -18.021708 0.783026 257.242105 0.748985 -45.621678 2.553680 314.059603 1.898146
64 -5.644775 0.525124 78.238979 2.598233 309.200410 0.636799 75.500044 3.525200 311.763126 7.676889
65 -3.072109 0.717817 22.156452 0.738732 345.779865 0.587919 -70.988201 1.909694 256.515217 2.531557
65 -3.511874 0.351991 -77.060599 1.335829 333.435774 0.700221 20.889724 3.985914 252.687984 3.411086
65 -3.696525 0.661012 -68.861382 1.997888 346.565976 0.517470 -20.350078 2.174837 246.848811 3.780389
65 -1.816309 0.563204 -68.995845 1.459561 277.043176 0.091528 75.042253 3.477794 325.920685 0.019956
65 -2.026320 0.706181 -55.601750 2.962456 349.012757 0.774195 31.151616 2.176942 313.093477 0.439979
65 -2.062285 0.521955 -87.030583 0.999553 328.573963 0.661977 -89.437344 4.935690 271.795590 0.511908
65 -2.001544 0.792598 -66.205816 1.309000 348.177543 0.123271 -35.602527 3.147731 43.154262 0.390425
65 -2.753778 0.361083 -83.598049 1.177311 304.751557 0.272152 55.144340 4.874807 301.388760 1.894894
65 -3.542115 0.416423 -16.335804 0.707901 261.498094 0.728291 -56.803737 2.433168 292.837420 3.471568
65 -4.054553 0.392259 65.514830 2.309726 317.639370 0.738161 -89.564210 3.503473 315.937881 4.496444
66 -1.867141 0.510468 41.695029 0.840984 320.147526 0.522074 -59.997643 1.545347 250.894855 0.121621
66 -2.789307 0.366666 -72.129646 0.929252 317.242611 0.676786 47.438188 4.273212 210.181333 1.965952
66 -3.323751 0.653648 65.988227 0.376416 321.450227 0.595933 18.644037 1.088641 263.141696 3.034840
66 -2.331657 0.425431 82.999642 0.767589 246.364768 0.309564 76.256011 3.119738 347.317286 1.050652
66 -4.607741 0.422640 -10.653123 3.287480 128.369597 0.490803 -50.364394 1.081683 335.418648 5.602821
66 -3.157642 0.601370 -89.201206 1.398765 300.589416 0.773482 74.446664 4.340547 318.220064 2.702622
66 -2.323930 0.761975 -75.206511 1.143136 348.470353 0.177741 -35.859958 3.421712 52.779111 1.035198
66 -2.725241 0.285647 -87.724007 0.564236 274.240532 0.329819 62.093040 4.737544 338.831857 1.837821
66 -4.161585 0.663157 -20.137948 2.487017 292.799928 0.009728 34.171451 3.399449 325.384735 4.710509
66 -2.700159 0.789405 64.369484 0.529438 340.848943 0.687252 72.813565 0.185239 221.906661 1.787657
67 -2.015037 0.400416 60.113928 0.569463 287.173476 0.463994 82.718878 1.876751 251.667855 0.417413
67 -4.590666 0.392910 -61.443485 1.090770 316.582125 0.647985 44.664730 4.119281 249.723953 5.568671
67 -2.067274 0.599247 64.392906 0.531654 329.812481 0.602993 12.336313 0.772341 265.251953 0.521887
67 -3.805708 0.514140 69.591398 1.296163 295.776055 0.767283 39.193412 0.468715 318.732670 3.998755
67 -4.225028 0.391387 -0.698650 3.226511 123.324176 0.510227 -46.192763 1.029700 349.092620 4.837394
67 -2.364434 0.428885 66.853226 1.392519 306.316829 0.013737 38.495971 2.410726 317.753142 1.116206
67 -2.967363 0.791836 -56.379367 1.278644 337.607980 0.161461 -40.742741 2.973035 55.046451 2.322065
67 -2.092427 0.298605 -82.742564 0.755466 271.910892 0.336593 75.141645 5.098406 345.141668 0.572193
67 -4.360774 0.725836 -26.489637 1.999976 302.542153 0.764914 23.768711 3.345517 313.234520 5.108886
67 -2.674980 0.757924 46.183041 0.446894 341.673656 0.694373 71.305163 0.524407 217.194041 1.737298
68 -2.015456 0.382873 59.691618 0.594836 285.798469 0.482443 83.082505 1.865274 261.792673 0.418251
68 -3.350257 0.452524 -60.905608 0.446778 263.087205 0.484546 35.456688 0.161390 219.105995 3.087852
68 -2.073886 0.665373 -88.269686 1.231015 340.135065 0.629078 18.333971 0.545317 240.207900 0.535110
68 -2.557964 0.656294 -78.159240 1.288240 308.100001 0.035199 52.206428 4.848904 286.167489 1.503267
68 -4.200847 0.383317 -8.820449 3.280115 123.505760 0.520108 -51.899058 1.064408 349.602185 4.789032
68 -2.220700 0.434375 81.713579 1.183922 312.661727 0.777062 43.049519 1.791784 345.848353 0.828737
68 -3.820600 0.776108 -46.031167 1.262207 320.514205 0.143959 -44.169357 2.775718 25.892421 4.028538
68 -2.437936 0.570643 -79.137774 1.144238 300.229902 0.037286 -19.210704 2.168270 231.272700 1.263210
68 -4.376923 0.734509 -10.126223 1.515136 338.809626 0.756095 20.720759 3.704931 305.880180 5.141184
68 -2.082352 0.285043 -67.594228 2.095583 298.365810 0.699507 -29.247838 2.524226 344.698920 0.552042
69 -2.925851 0.331898 61.007824 0.769078 271.939569 0.458059 70.424269 1.254280 269.304074 2.239040
69 -1.835839 0.472979 -69.231495 0.258905 253.034889 0.256522 17.374387 0.194410 214.171582 0.059016
69 -2.882215 0.300256 83.013980 0.930565 310.660090 0.031266 1.702500 1.358761 198.804898 2.151769
69 -2.519502 0.686317 -78.034135 1.578291 340.456511 0.680835 45.456675 2.867987 211.779089 1.426343
69 -5.052873 0.371577 -16.925836 3.308748 135.633376 0.517880 -59.641233 1.041814 341.333869 6.493084
69 -2.117788 0.448263 81.028012 1.221055 318.795363 0.758953 43.281538 1.902824 325.931788 0.622915
69 -3.728634 0.797414 -21.040443 1.136958 346.189777 0.151495 -25.494433 3.028496 50.581778 3.844607
69 -2.571424 0.551363 75.241403 0.723003 287.567456 0.069656 -60.430286 2.126064 289.940286 1.530187
69 -2.803744 0.598656 42.356394 1.407528 344.844069 0.124139 2.582633 2.885099 335.423154 1.994826
69 -1.848558 0.768280 -69.787220 1.696276 271.801972 0.685992 -56.429458 3.753152 332.931513 0.084455
70 -2.277455 0.727495 -71.767649 0.149883 255.828328 0.445845 -82.658409 2.829074 229.419095 0.942248
70 -2.618456 0.539533 -64.472786 0.314256 265.107065 0.158034 18.979561 0.803942 201.975510 1.624250
70 -2.059266 0.316582 86.906327 1.057134 303.244104 0.070907 9.513558 1.107436 226.273146 0.505870
70 -1.933399 0.668065 -65.024220 1.539700 329.621773 0.716891 57.965333 2.430349 213.816861 0.254136
70 -3.886323 0.300898 -6.335578 2.270400 136.171002 0.459456 -52.551645 1.358299 346.381373 4.159985
70 -3.179130 0.528104 -87.737918 1.434490 311.666975 0.721287 47.401204 1.967997 348.589476 2.745598
70 -2.186521 0.737387 -68.310517 1.043103 330.799473 0.108719 -20.532549 2.395932 34.954875 0.760380
70 -2.116551 0.587663 84.558526 0.866982 308.076843 0.198843 -42.756996 2.595441 278.447114 0.620440
70 -3.452833 0.580410 44.968149 1.173971 332.124531 0.135900 18.783750 2.848083 327.314284 3.293004
70 -4.195913 0.693975 -43.939107 1.951491 268.757233 0.655857 -32.743937 2.990400 349.418411 4.779165
71 -2.295420 0.792836 -69.106315 0.144814 270.353340 0.403116 78.499429 2.584484 187.150385 0.978178
71 -2.421821 0.553783 -60.022337 0.725010 275.458437 0.126422 26.741067 1.032508 204.380335 1.230981
71 -2.455253 0.446267 -73.587872 0.687230 304.098201 0.028840 26.203383 1.030280 153.667440 1.297844
71 -1.824060 0.712154 -68.372306 1.494648 291.209804 0.017267 79.096125 2.452134 272.889463 0.035458
71 -3.985315 0.270244 -14.006294 2.461957 132.008227 0.455453 -59.611147 1.394791 345.952524 4.357968
71 -1.913094 0.058924 -63.903218 0.941509 261.837950 0.758384 -86.633635 4.787928 337.258520 0.213527
71 -3.382958 0.677122 -77.408428 0.922317 323.229951 0.093509 -27.373041 2.097494 65.314732 3.153255
71 -2.171349 0.006320 -6.169355 1.601247 324.264542 0.748103 85.789364 2.620667 238.425910 0.730036
71 -2.870976 0.465540 83.645199 2.437988 345.400562 0.082636 24.680690 3.245062 345.451102 2.129291
71 -1.858130 0.721094 -56.627279 2.393618 347.760730 0.482430 82.075901 4.729597 213.008832 0.103599
72 -3.402589 0.167561 -25.740443 1.464259 282.891563 0.564477 73.412961 2.483923 299.902664 3.192517
72 -3.103870 0.782648 -87.822508 2.174116 337.823178 0.380435 -80.226687 2.711529 271.764509 2.595078
72 -2.452267 0.372807 -85.566530 1.026683 343.793659 0.017694 32.193326 0.970307 111.937490 1.291872
72 -1.842484 0.728618 -62.263815 1.368804 289.911259 0.070834 61.143933 2.402228 240.662538 0.072307
72 -2.846395 0.607943 -28.565364 2.485565 306.861857 0.438584 21.559781 0.387406 261.158092 2.080127
72 -2.189771 0.609311 -58.349058 1.032774 256.095143 0.250487 56.199474 0.339946 205.959004 0.766880
72 -3.097290 0.584712 -74.884717 1.207987 336.959268 0.777826 -68.022022 2.116582 27.634735 2.581918
72 -3.481450 0.313075 -53.426347 1.424399 310.492123 0.797477 -84.425642 1.840020 191.377768 3.350238
72 -2.389331 0.356539 85.814675 2.386531 348.492512 0.213191 30.131625 3.378440 341.662313 1.166001
72 -1.935452 0.707115 -53.506869 2.428820 346.380839 0.503043 79.087752 4.858066 223.559146 0.258242
73 -2.277614 0.757797 -20.851875 1.157345 273.124497 0.707859 88.731167 3.399152 265.558965 0.942566
73 -3.026540 0.771644 -79.759311 1.741625 312.789851 0.430562 -85.086857 1.337517 249.432252 2.440419
73 -2.511417 0.339723 -67.784881 1.632275 349.840374 0.017512 41.092292 0.822780 115.263842 1.410173
73 -3.182796 0.772289 -73.859476 1.060885 232.123091 0.096751 40.716182 2.133743 324.683387 2.752931
73 -1.935019 0.721143 -80.008004 1.164512 327.032166 0.005292 -79.672475 3.719366 278.190483 0.257376
73 -3.051216 0.061135 42.181516 2.290167 257.826379 0.534674 -52.074651 1.859818 317.206811 2.489770
73 -2.577412 0.696640 -70.336279 1.063769 323.817964 0.778196 88.007823 2.399948 57.421544 1.542162
73 -2.893552 0.228435 -52.481658 0.742918 286.571478 0.634070 88.489873 2.740616 207.299775 2.174443
73 -4.024485 0.779120 -69.260393 0.444005 315.614512 0.666717 70.078605 0.426070 181.042887 4.436307
73 -2.613024 0.647618 -39.091631 2.838016 339.114388 0.546261 84.733288 0.564688 181.805243 1.613386
74 -2.376561 0.761560 -11.859684 1.250858 313.661724 0.629844 80.531867 3.213155 266.593909 1.140460
74 -2.974878 0.733064 -70.764040 0.642021 304.674700 0.468570 -84.625314 4.833714 280.506493 2.337095
74 -2.019294 0.394773 -83.704371 1.260361 342.862046 0.283715 58.944327 0.606419 129.141736 0.425927
74 -1.997338 0.623414 -87.214636 0.901216 280.606329 0.310445 72.049080 2.635397 302.339005 0.382015
74 -2.487231 0.777963 -86.042203 1.033649 322.592871 0.049930 -77.361918 3.855664 287.489161 1.361801
74 -2.067707 0.034640 40.652841 1.930975 267.318058 0.549380 -48.826125 1.678671 311.720605 0.522752
74 -2.948160 0.692205 -68.878585 0.866069 293.676785 0.130476 32.452849 0.272024 207.042291 2.283658
74 -3.275632 0.189838 -59.365511 1.098735 301.144054 0.597298 44.175967 2.755997 261.452095 2.938602
74 -2.327798 0.766893 -54.018652 0.524611 280.330752 0.780986 29.905745 0.221726 154.273981 1.042935
74 -2.598428 0.548573 -23.292258 2.455187 347.075640 0.735516 81.603060 1.101298 191.484724 1.584194
75 -3.788866 0.386688 -39.931371 2.097228 315.008350 0.672689 -58.922536 4.375366 279.162935 3.965071
75 -4.645187 0.786304 -58.629370 0.635784 316.753984 0.473013 83.658472 4.747027 180.456685 5.677712
75 -2.263749 0.664681 60.837178 0.567716 224.444186 0.660187 -48.391332 1.200123 342.677814 0.914837
75 -3.228773 0.438522 -65.161681 0.884477 274.401580 0.322162 58.608973 2.497114 286.485125 2.844884
75 -1.898504 0.389409 -74.339920 1.929497 314.651017 0.000619 -51.811214 4.568347 342.359224 0.184347
75 -2.123943 0.040154 79.101777 1.472502 235.242665 0.660928 -41.942061 1.704473 340.329089 0.635225
75 -2.228762 0.259724 86.281794 0.909844 300.268757 0.735103 44.832617 0.325828 216.728472 0.844863
75 -2.779023 0.367002 -77.353804 1.239859 338.086036 0.585535 8.712548 1.018848 129.869716 1.945385
75 -1.934504 0.259121 -77.248032 1.588677 324.343402 0.639110 60.643449 4.207330 302.071315 0.256347
75 -2.757486 0.649541 -17.657761 2.219023 348.198882 0.017408 -86.995055 0.656432 172.228640 1.902309
76 -2.236263 0.297151 6.367298 2.418006 340.793099 0.617093 -69.815824 4.658438 328.148090 0.859864
76 -1.888341 0.482937 -72.856074 0.754325 262.666240 0.727505 43.488655 1.274352 300.324488 0.164021
76 -3.226022 0.697574 60.713580 0.213884 228.357259 0.647718 -55.857592 1.647452 346.424754 2.839383
76 -2.198329 0.664241 -66.041092 0.834146 237.644128 0.171681 28.195553 3.334733 345.974168 0.783996
76 -1.839753 0.398584 -77.826997 1.907225 314.322537 0.001828 -50.990026 4.568670 342.667156 0.066844
76 -2.360885 0.010920 76.641338 1.597042 244.825265 0.617653 -51.001374 1.977750 342.441860 1.109108
76 -3.591872 0.132791 77.120121 1.259164 307.037658 0.667788 44.182885 0.689984 222.652017 3.571082
76 -2.681300 0.626330 -71.142687 0.927099 312.884268 0.697590 87.970049 5.176998 126.700766 1.749938
76 -2.750476 0.742568 -77.124075 2.090829 344.808071 0.768717 53.294564 2.497575 270.567834 1.888290
76 -3.109177 0.229638 -56.134826 1.752833 298.605840 0.672984 -63.397106 2.668386 266.011865 2.605692
77 -2.375146 0.340365 -2.613495 2.447801 318.236826 0.669525 -62.035190 3.764687 340.214847 1.137631
77 -2.228185 0.490166 -88.043228 1.580817 333.654503 0.583293 81.064215 1.277050 188.654898 0.843708
77 -1.923480 0.624143 -65.482920 1.732526 323.185044 0.731243 73.340507 2.367851 188.506682 0.234298
77 -2.026892 0.651633 -64.737307 1.005833 224.832863 0.183379 42.949921 2.251485 338.320662 0.441122
77 -2.051525 0.332464 -69.208508 2.341648 339.452582 0.136755 -20.146808 3.639955 296.275496 0.490387
77 -1.850096 0.052214 59.710904 0.743494 226.259935 0.577527 -62.814745 2.449448 319.409265 0.087530
77 -2.574073 0.124979 -81.348949 1.555737 332.141175 0.581045 29.930461 0.432502 224.712272 1.535484
77 -2.418647 0.411295 86.114020 0.723979 337.970264 0.107652 69.708288 0.124028 101.425855 1.224632
77 -2.449852 0.684623 -66.556686 1.524540 339.281330 0.744842 33.354417 2.730702 259.745155 1.287043
77 -2.074688 0.376154 -51.784135 1.585156 319.918573 0.648015 60.615204 1.672873 203.724393 0.536714
78 -2.956105 0.426648 -35.452488 2.119658 307.001724 0.670108 -40.215631 3.410233 294.278637 2.299549
78 -2.911549 0.547541 -85.096926 1.389306 325.408229 0.518974 72.052737 0.705961 159.559068 2.210437
78 -2.779858 0.787301 -67.260759 1.474945 335.175057 0.232540 -13.510782 2.381317 234.499810 1.947053
78 -2.597094 0.558263 -70.121557 0.124365 212.685403 0.060182 32.718176 2.572011 320.839529 1.581527
78 -2.400775 0.343010 -76.540328 2.497460 349.898229 0.134559 -9.675406 3.626721 291.041758 1.188888
78 -1.986580 0.041171 79.916089 0.928939 236.743387 0.463900 -63.060735 1.968071 301.080688 0.360498
78 -1.895494 0.729585 -65.850978 1.650278 334.113793 0.288802 -61.601935 1.545876 138.435702 0.178327
78 -3.018430 0.402384 -85.364634 0.664518 329.892810 0.089003 62.014179 0.196741 110.765480 2.424198
78 -2.383871 0.745202 -61.858675 1.528135 326.802021 0.770960 36.194828 2.998135 281.849588 1.155080
78 -3.067751 0.590995 -7.542885 1.565771 317.305966 0.068697 -64.509381 2.877836 273.018314 2.522840
79 -2.816430 0.384915 -13.635317 2.178476 304.763019 0.606943 -68.621181 4.029248 335.852325 2.020198
79 -2.497280 0.626057 -83.097555 1.530344 321.893085 0.473312 -77.971131 0.501938 193.931153 1.381898
79 -2.585343 0.150217 -31.026224 3.012699 334.427132 0.369706 -51.523233 1.944976 295.269917 1.558023
79 -2.143192 0.233590 -10.218783 0.117304 193.113033 0.645035 -64.765913 0.913501 268.875484 0.673722
79 -2.922237 0.393253 -73.873677 2.616858 347.795821 0.148814 -13.947622 3.081480 301.923159 2.231812
79 -2.133091 0.565005 17.858885 0.407579 248.154807 0.237702 -20.310165 2.170706 339.351405 0.653521
79 -1.827418 0.795083 -60.815849 2.055420 338.392193 0.200717 -43.899118 1.692246 162.312016 0.042174
79 -3.026878 0.091355 60.536962 0.948737 305.106665 0.691595 57.119192 5.239216 324.437033 2.441095
79 -1.882077 0.796808 -69.839769 1.361839 323.720338 0.719597 37.336452 2.643787 260.340046 0.151491
79 -2.904252 0.722186 -49.405939 2.403312 338.868268 0.028300 -7.209007 1.414568 183.402059 2.195843
80 -3.810907 0.386205 -18.879501 2.530350 328.403233 0.517929 -41.124551 4.450383 301.678783 4.009152
80 -2.800829 0.557264 -63.151519 0.761883 229.956213 0.416204 45.372206 0.316148 245.472785 1.988996
80 -4.538048 0.390563 -19.101236 0.581141 238.242901 0.713411 -20.835293 3.400280 312.392415 5.463434
80 -3.388635 0.123266 -24.751217 0.997670 251.116917 0.604649 -33.197359 1.361068 289.461302 3.164608
80 -2.811179 0.470444 -76.713805 2.912251 339.994465 0.118422 -25.557497 2.309928 290.537204 2.009697
80 -2.945229 0.635098 32.824164 1.050922 271.175379 0.209693 -14.408182 1.594551 333.963403 2.277797
80 -3.228952 0.666983 -83.915212 1.602605 322.446529 0.131690 -41.835723 1.263223 212.737409 2.845243
80 -4.413642 0.682319 88.075072 0.154786 169.116470 0.698523 80.117161 1.532297 302.068287 5.214622
80 -2.172394 0.762839 -83.680100 0.580176 333.322050 0.670019 49.166730 3.094039 238.005080 0.732127
80 -4.559538 0.106945 50.559825 1.716536 316.699843 0.622402 55.624257 3.012451 297.249217 5.506414
81 -3.351315 0.607522 -23.013840 1.841349 319.427166 0.209159 -27.452669 0.558052 234.858480 3.089969
81 -2.214288 0.505050 -66.159317 1.497249 320.156274 0.541013 38.309201 3.807528 251.406577 0.815914
81 -3.644641 0.529633 -20.192080 2.024571 337.036351 0.629847 -61.360433 4.031292 198.218631 3.676620
81 -4.369167 0.193800 -36.014052 1.002261 231.222630 0.607242 -28.315771 1.150002 301.545685 5.125672
81 -3.527922 0.453439 88.583094 2.693568 331.144724 0.124586 -47.513530 2.546283 309.918462 3.443182
81 -5.406482 0.748306 -28.672884 1.015574 295.999961 0.637907 11.360072 2.887783 318.978034 7.200303
81 -2.220332 0.653038 -56.800682 1.566124 295.654870 0.137327 -35.157573 2.556088 243.503424 0.828003
81 -3.817882 0.683097 -85.375139 0.309723 185.493114 0.651309 69.223339 1.103063 294.574007 4.023102
81 -2.424451 0.745184 -20.801454 0.543320 215.218905 0.526380 -62.072424 0.228512 230.958649 1.236240
81 -3.010925 0.329332 7.985538 1.574247 243.821015 0.571714 -56.972917 0.859483 274.486605 2.409188
82 -2.417292 0.348720 5.643808 1.654773 331.274398 0.253538 -76.539680 1.222751 214.057499 1.221923
82 -1.951867 0.763002 -76.354523 1.329936 341.402368 0.729697 30.119310 4.692898 325.675983 0.291072
82 -3.598903 0.543896 -20.242017 2.051208 337.759211 0.600960 -60.599170 3.834757 197.361858 3.585145
82 -2.411449 0.114664 -31.693393 1.014194 237.939128 0.588650 -49.036540 1.353159 285.093349 1.210236
82 -2.284359 0.410685 86.234451 2.447240 341.888865 0.148838 -55.548769 3.309932 313.773070 0.956056
82 -3.879106 0.762135 -2.505757 0.804694 240.988194 0.639723 -7.621658 1.095449 338.050943 4.145551
82 -3.780459 0.384881 2.872214 1.391851 303.649352 0.714814 -54.475241 2.883325 250.525734 3.948257
82 -3.183364 0.672901 -78.919572 0.493024 200.561855 0.658797 73.019144 1.587467 300.645303 2.754067
82 -2.928531 0.788813 -25.323762 0.465049 196.529959 0.622442 -46.585688 0.223476 256.324750 2.244400
82 -3.092836 0.454232 1.673751 1.853667 260.099741 0.423414 -46.365673 0.744542 287.792619 2.573011
83 -2.106473 0.417260 17.435748 1.083850 337.182473 0.337155 -65.112243 0.895406 199.695827 0.600284
83 -2.828450 0.735996 -83.452143 1.172438 329.613879 0.760150 32.408756 4.062544 310.240665 2.044239
83 -2.296750 0.391098 5.359842 2.436785 339.648990 0.746615 -63.194802 4.904868 346.472976 0.980838
83 -2.017810 0.564799 -73.807378 1.547345 292.791080 0.012365 -73.793974 2.677663 281.533050 0.422958
83 -2.829062 0.311103 19.777140 1.659664 315.528556 0.188294 -5.909990 2.382975 310.196368 2.045462
83 -2.276343 0.785406 -68.220863 0.696044 291.780020 0.022311 -11.124566 4.709983 279.449681 0.940023
83 -3.579508 0.504515 -19.778495 1.466737 313.756067 0.732208 -44.349912 3.343252 202.192055 3.546355
83 -2.166998 0.719969 -12.952418 2.283050 317.615720 0.120433 53.060083 1.357396 289.122728 0.721334
83 -2.088949 0.783966 -50.679062 0.325597 185.854539 0.723755 -62.298304 0.761561 270.764554 0.565236
83 -2.108080 0.555896 -4.040052 1.483033 237.338670 0.258367 -20.270411 1.546331 339.080406 0.603499
84 -2.547174 0.707856 82.739355 1.312848 339.459717 0.278105 -79.638012 1.336257 236.104069 1.481686
84 -3.258837 0.717739 -66.689304 1.361479 236.918266 0.781109 55.736149 0.748987 309.453002 2.905012
84 -3.770451 0.360352 17.883525 2.079814 339.514251 0.733755 -72.322234 4.567055 337.027547 3.928240
84 -2.757287 0.394298 -78.120699 0.822511 258.611727 0.244976 -15.867862 2.320939 302.475607 1.901912
84 -3.028468 0.247914 8.206259 2.256059 313.999855 0.227016 -4.540878 2.164708 317.081213 2.444274
84 -2.181653 0.712851 -78.219459 1.183959 323.090032 0.011976 18.178735 4.894344 260.117990 0.750644
84 -2.058708 0.308867 -15.061399 4.661303 334.427997 0.691707 -53.702337 1.625436 320.804885 0.504753
84 -1.888658 0.739267 -14.616350 2.055480 313.065654 0.131161 73.172282 0.466688 227.498344 0.164655
84 -2.495755 0.796659 -35.606548 0.564702 204.239040 0.650031 -67.487942 0.437849 248.770429 1.378849
84 -2.722140 0.499234 -26.802819 1.573308 208.522800 0.309665 -30.093382 1.610178 333.766963 1.831618
85 -2.008199 0.699498 -86.543640 1.164141 330.085929 0.227871 -74.761160 1.290694 229.748539 0.403736
85 -2.921408 0.608978 -13.059357 0.777845 247.004719 0.694674 -59.672974 1.063822 291.193340 2.230154
85 -3.527155 0.399481 -2.455197 1.964049 333.151887 0.190221 -76.400483 4.763876 339.079385 3.441648
85 -2.289417 0.307924 -87.334791 0.977718 254.348735 0.313048 39.090300 1.865973 328.636605 0.966173
85 -2.831186 0.116019 -14.516532 2.360426 319.724201 0.369332 -7.571575 2.963252 347.855739 2.049710
85 -2.944229 0.344088 -4.814483 0.492657 270.808739 0.665444 -69.964312 1.472949 227.194216 2.275797
85 -2.053497 0.583879 -29.074140 3.911635 341.783867 0.777874 -66.862644 4.971427 345.053902 0.494332
85 -4.727844 0.646934 20.082299 0.694964 322.654374 0.473971 -43.424573 2.420286 232.438267 5.843026
85 -2.537628 0.789908 -39.278190 0.384893 215.944777 0.556819 -66.318240 0.424249 227.083071 1.462595
85 -2.426232 0.496838 -20.136317 1.528776 240.721250 0.134998 -6.892032 2.268946 337.210231 1.239802
86 -1.911586 0.503211 -76.861600 1.502592 340.828004 0.061505 59.594844 2.540360 197.764040 0.210510
86 -2.551456 0.595712 -34.319761 3.656353 284.874676 0.506051 -62.522767 1.082649 287.065247 1.490251
86 -2.296066 0.362314 -57.672564 1.796720 306.039738 0.251009 -83.751180 5.034543 318.401225 0.979470
86 -2.350938 0.284681 81.748309 0.982868 255.244869 0.081540 77.104259 2.407899 333.097198 1.089215
86 -2.990451 0.158790 -31.505194 2.719229 332.841310 0.420485 -24.057524 3.303166 346.708535 2.368240
86 -4.880535 0.278950 -33.750818 2.834910 257.247767 0.630078 -40.400058 0.981599 291.398792 6.148409
86 -2.904230 0.666874 -69.257692 3.820005 326.494689 0.733837 89.655434 4.874919 346.672025 2.195797
86 -2.997141 0.704340 -0.303692 1.241075 339.122797 0.321492 -33.647231 2.491035 253.664600 2.381621
86 -2.225375 0.705297 -15.871970 0.737516 230.240255 0.537196 -77.101695 0.644463 241.184520 0.838088
86 -2.056851 0.497610 -10.625680 1.211459 227.700719 0.139532 -15.654626 1.851718 336.155860 0.501040
87 -5.603777 0.259039 -81.185663 1.217013 301.378041 0.040263 14.643554 2.673947 241.556867 7.594893
87 -2.641590 0.598543 -20.609783 2.435558 316.441969 0.004620 -22.538014 2.434825 297.894578 1.670519
87 -2.199456 0.349269 -53.608529 1.805225 305.903121 0.266649 -86.303874 5.030179 322.013000 0.786250
87 -3.403984 0.424540 84.338546 1.543704 300.206919 0.763789 78.836125 4.092026 347.238476 3.195306
87 -3.557905 0.187783 -45.974818 2.310465 314.479999 0.442215 -16.269889 2.676011 343.634661 3.503148
87 -4.089594 0.211685 -53.031555 1.990604 217.297342 0.706279 -45.603698 0.370527 307.211787 4.566527
87 -1.985923 0.625315 -69.713431 0.905488 297.911525 0.650007 46.713612 3.263036 266.106169 0.359185
87 -3.996483 0.482044 -9.284382 1.109822 316.716896 0.326898 -17.566805 2.824868 198.176949 4.380305
87 -2.361658 0.656820 -28.754018 2.477473 317.680534 0.796792 -46.775195 1.715039 286.999877 1.110655
87 -4.244922 0.597461 17.448371 1.234371 246.131168 0.258682 -3.227284 1.565207 339.340954 4.877182
88 -2.151742 0.504763 15.745721 2.303810 333.700714 0.539937 -59.596184 1.710417 278.864949 0.690823
88 -2.391123 0.101509 -3.107613 2.110597 338.082835 0.596817 70.594070 3.549612 307.908517 1.169585
88 -2.223485 0.455291 -87.277454 1.132490 305.031497 0.419512 48.999071 3.627850 299.865786 0.834309
88 -3.129098 0.265658 57.782918 1.664099 305.407875 0.691621 82.608955 4.201952 349.261327 2.645534
88 -2.593541 0.414356 16.761655 1.769905 247.226402 0.657697 -65.844705 1.408676 299.612119 1.574421
88 -3.762077 0.301021 -56.788180 1.190128 236.109061 0.783172 75.083106 0.836478 252.447630 3.911491
88 -2.435721 0.567029 -69.309343 1.369842 306.214536 0.660064 30.515954 2.452102 256.576810 1.258780
88 -3.041901 0.018809 28.463677 1.196230 265.256784 0.595283 64.939702 1.999394 289.837309 2.471141
88 -3.758016 0.448573 -2.282596 2.525447 339.989823 0.368662 -24.150987 1.432908 259.828123 3.903369
88 -4.678840 0.744944 -6.172331 0.754129 268.115501 0.315759 -1.096161 2.773597 273.196423 5.745019
89 -1.996775 0.455551 -19.431364 1.901637 290.314990 0.423711 -58.886335 2.005301 279.691668 0.380889
89 -2.955645 0.013739 -2.769675 2.081564 347.299028 0.614307 58.168090 4.125372 309.037551 2.298628
89 -1.976681 0.516918 -89.973045 0.633395 290.930732 0.624836 62.701908 2.917594 279.847854 0.340701
89 -2.230773 0.536142 -85.771201 0.928523 303.062228 0.259718 9.987919 2.083424 249.050016 0.848884
89 -2.572588 0.261182 -71.521447 1.938495 318.629378 0.634163 62.468364 1.003213 219.269162 1.532514
89 -1.924733 0.768623 1.630894 2.999627 343.210701 0.371031 87.725940 2.770911 347.411312 0.236805
89 -1.838946 0.540825 -64.946068 1.270273 291.204407 0.478912 48.820375 2.821425 280.774638 0.065230
89 -3.566765 0.772597 -7.923729 1.966056 309.629442 0.267923 16.398469 2.405569 335.441720 3.520868
89 -2.006961 0.610564 -16.666661 1.746452 302.664635 0.669157 -11.918792 1.141232 320.340024 0.401261
89 -3.266876 0.135424 17.837440 1.794511 346.477601 0.433739 -38.641823 1.822287 226.822186 2.921091
90 -3.095490 0.625933 -14.728512 1.460904 248.010344 0.268068 -38.381544 1.855362 296.260408 2.578318
90 -2.228134 0.003027 -4.281287 2.028107 349.779565 0.611869 59.216607 4.245160 310.530356 0.843606
90 -3.034607 0.593445 -46.558128 0.910842 238.149358 0.575815 50.963933 2.145435 295.491014 2.456553
90 -3.734728 0.668875 -13.704637 1.442867 326.923793 0.205928 -60.220125 1.902389 253.018304 3.856795
90 -2.339725 0.340187 -77.335927 1.765105 321.391308 0.558027 48.471294 0.705669 217.213489 1.066789
90 -3.323274 0.571348 -26.524636 2.607139 346.112280 0.222302 37.135982 2.307611 232.808016 3.033887
90 -1.845307 0.500835 -80.848629 1.372823 338.452216 0.670122 39.647497 1.519952 212.187726 0.077952
90 -2.004103 0.740419 -18.778900 1.408121 277.677847 0.636895 -9.860339 1.207181 329.582690 0.395544
90 -3.015988 0.764823 -6.869148 1.176981 174.251561 0.781727 -53.559598 1.413996 332.320101 2.419315
90 -4.477192 0.091295 30.807323 2.611772 309.922929 0.308367 -37.263365 1.606705 307.507455 5.341722
91 -3.122526 0.706196 -33.040376 2.297299 256.399737 0.701106 -64.681707 2.616286 338.156717 2.632389
91 -3.618323 0.025812 -15.713250 1.743273 332.061190 0.667919 58.045498 4.124321 299.164011 3.623984
91 -4.158924 0.670141 -58.382411 1.095019 251.255719 0.600726 76.255908 1.081496 255.892452 4.705187
91 -2.435503 0.678877 5.752914 1.365277 330.032810 0.243171 -62.951333 2.024949 263.009537 1.258345
91 -2.345578 0.333420 -73.902551 2.031788 340.810711 0.414909 42.577436 0.589348 204.054658 1.078494
91 -3.710598 0.675129 -56.459399 2.913305 338.884214 0.172066 -8.597935 2.291768 268.205117 3.808535
91 -2.503071 0.357414 74.928258 0.749714 301.695120 0.224044 67.247449 3.090274 265.974963 1.393481
91 -2.291539 0.766212 -17.388069 1.649067 272.836385 0.598206 6.935551 1.416611 342.796969 0.970417
91 -2.040407 0.684300 -3.165301 1.310911 294.289140 0.724795 -73.737549 3.120698 303.749693 0.468152
91 -2.725658 0.440873 -34.255477 2.412260 291.330391 0.065370 -10.304019 3.524513 346.787208 1.838654
92 -2.726231 0.787184 -28.280610 1.720704 273.054851 0.112489 -87.239076 2.909375 288.018350 1.839799
92 -3.849782 0.007964 -18.553362 1.757355 333.726330 0.687164 56.334907 4.129727 299.357877 4.086903
92 -1.852261 0.604673 88.210427 0.538116 290.346520 0.748884 -88.853422 1.327522 212.448513 0.091861
92 -2.619744 0.705698 17.463105 0.654766 323.154595 0.281696 -78.159164 2.768667 281.422085 1.626826
92 -2.225010 0.428258 -68.353619 1.886923 324.264599 0.066183 14.685876 0.723908 205.319974 0.837358
92 -2.268763 0.746870 -84.147014 1.090865 307.040490 0.196933 6.267496 1.704546 269.981137 0.924865
92 -2.120763 0.329762 82.152693 1.024520 294.682422 0.233614 85.020068 3.232110 306.075903 0.628864
92 -2.177358 0.789988 -21.603680 1.674786 271.111040 0.621826 -1.985349 1.457512 349.061108 0.742054
92 -3.737580 0.614222 -11.549308 2.810689 142.250618 0.754094 -49.665794 0.726419 339.384045 3.862499
92 -1.981174 0.421208 -71.544994 2.320206 320.799294 0.255224 37.017386 3.194582 326.325678 0.349687
93 -2.266873 0.121953 -50.437826 1.625091 274.358778 0.710887 -61.950635 1.764966 266.253349 0.921085
93 -3.777521 0.774116 -59.645924 1.045084 343.559621 0.221243 28.001722 2.361195 59.831276 3.942381
93 -2.096149 0.329141 -82.216850 0.190806 248.192609 0.758681 -81.773640 2.275106 247.077446 0.579636
93 -2.135592 0.674081 21.163068 0.921569 336.676579 0.240612 89.859723 2.333228 279.257350 0.658522
93 -2.489763 0.410949 -74.110643 1.790666 335.320138 0.029433 19.291930 0.853193 203.359943 1.366865
93 -3.825036 0.607255 67.736615 1.382489 330.668643 0.434229 27.464881 1.428623 293.488085 4.037410
93 -2.685691 0.336264 -88.587627 0.879488 270.663122 0.188824 63.023853 2.544118 316.287204 1.758720
93 -2.945873 0.697868 -69.156382 1.277686 248.616511 0.045666 -66.611145 0.884313 268.277943 2.279083
93 -2.438270 0.575173 -62.639019 3.721172 247.838647 0.733385 -54.012878 1.667418 349.060096 1.263878
93 -2.261884 0.572707 -86.610872 1.110841 326.853474 0.209748 25.429450 3.884752 258.643074 0.911107
94 -2.132086 0.102433 -11.397600 0.888912 250.688769 0.737845 -49.365192 2.267445 305.318633 0.651510
94 -2.431647 0.789648 -71.080877 0.325840 305.138727 0.022613 -0.964756 1.667342 83.363067 1.250632
94 -2.679461 0.709010 -27.127274 2.803476 309.291654 0.651149 -35.982997 1.745896 282.261833 1.746261
94 -2.071641 0.705268 -38.037164 5.284103 336.782053 0.716615 -54.982624 2.241789 310.075486 0.530621
94 -2.813417 0.544060 -75.529371 1.567560 336.069414 0.714448 44.595660 0.964931 151.505151 2.014172
94 -2.873607 0.753612 -51.960377 2.156040 336.128571 0.409472 33.960744 2.514862 212.750963 2.134552
94 -2.118011 0.471785 69.263025 0.430665 245.348548 0.241640 60.998506 2.313642 337.875598 0.623360
94 -2.043554 0.374018 78.064285 1.138863 318.637802 0.141086 -63.431113 2.246453 245.614015 0.474446
94 -3.166150 0.326949 -48.749046 5.183823 292.192450 0.450474 -54.760413 2.269735 342.738571 2.719638
94 -2.233013 0.785556 -73.611342 0.662398 312.954826 0.096760 -11.946324 3.790887 213.844475 0.853364
95 -3.521270 0.074527 -14.256656 0.977825 236.787987 0.627308 -28.954187 2.179504 335.110117 3.429877
95 -2.038749 0.554132 -83.273863 0.909905 281.605643 0.331386 -72.473661 1.489069 250.931879 0.464835
95 -4.497706 0.697135 -23.597873 0.838708 328.817146 0.384775 -78.726156 2.268285 46.221774 5.382751
95 -1.947308 0.666804 -35.495636 4.102734 320.113366 0.039613 -72.296380 2.423218 333.347003 0.281955
95 -2.298003 0.697659 -81.158641 1.052637 322.634159 0.479242 -26.174366 4.594734 271.399056 0.983345
95 -2.293435 0.110388 74.367267 1.347622 334.230813 0.254574 20.717164 0.710036 189.092695 0.974208
95 -3.029841 0.481226 -79.213889 0.313457 196.380479 0.195548 47.099215 2.181971 349.576239 2.447020
95 -2.487237 0.530371 -85.910491 2.052566 339.633515 0.108248 85.497194 3.176862 266.423908 1.361813
95 -1.947678 0.703909 -9.231474 3.213866 336.655328 0.239807 -60.195552 0.957438 270.991106 0.282695
95 -3.846887 0.787175 -36.436587 0.673073 220.210773 0.178733 -14.330943 3.865778 314.163026 4.081112
96 -3.452200 0.114255 -13.949151 0.449309 243.841929 0.581253 -34.216512 2.706779 326.141197 3.291739
96 -2.235564 0.769227 -72.254265 1.988044 321.056716 0.149500 -84.747611 1.189271 226.163131 0.858466
96 -4.719886 0.755230 -22.958546 1.021329 349.193466 0.421810 86.091029 2.575113 33.429593 5.827110
96 -5.695127 0.718184 -52.351107 3.749789 308.771824 0.081235 -85.008831 1.933031 308.722382 7.777592
96 -2.616020 0.659705 -73.578687 1.095605 296.623921 0.555503 -19.509368 3.679882 271.429940 1.619379
96 -2.477974 0.154208 81.765568 1.645846 348.209745 0.273523 2.850752 0.462448 187.864803 1.343287
96 -2.765264 0.462296 -78.762817 0.417922 196.160786 0.131773 66.200208 2.000057 349.955148 1.917865
96 -2.354504 0.513232 -86.885722 2.039616 334.120865 0.096016 89.937954 3.140856 280.496472 1.096347
96 -3.034073 0.692131 -1.001913 3.269387 339.352558 0.244308 -73.808511 1.019446 278.902406 2.455484
96 -3.117243 0.796219 -27.430501 0.757468 228.797338 0.185649 -27.494836 3.873667 319.207553 2.621824
97 -3.014562 0.159296 -13.734777 0.574799 247.938067 0.691556 -33.050004 2.660838 324.909216 2.416463
97 -4.449871 0.168674 -64.557054 1.536499 276.695185 0.748552 86.986779 2.994527 308.608288 5.287080
97 -3.778010 0.702511 -9.657908 1.100369 344.041352 0.502002 89.948805 2.342945 61.185791 3.943359
97 -1.856625 0.730827 -29.201309 3.850416 299.533496 0.029111 -80.848045 2.004723 329.233723 0.100588
97 -2.252009 0.644113 74.393097 0.424158 329.026161 0.450000 87.502646 0.683407 175.304907 0.891357
97 -2.485819 0.126727 75.960208 1.276486 348.179919 0.251395 18.979260 0.314330 152.558276 1.358977
97 -2.544088 0.551424 -81.082034 0.126989 188.454634 0.177850 86.431357 2.123736 342.763389 1.475515
97 -2.692433 0.545027 -78.058422 0.649662 322.312500 0.084053 -18.576113 3.072852 84.054624 1.772204
97 -2.379266 0.630689 1.007278 1.754762 296.499484 0.335927 -53.276969 2.428710 311.634070 1.145870
97 -2.820167 0.790675 -25.327495 0.738635 235.011782 0.183113 -39.168679 3.447987 336.042521 2.027673
98 -1.939487 0.254895 25.480387 0.216048 248.362353 0.593093 62.601147 2.607521 325.582002 0.266313
98 -3.577258 0.402813 -63.858853 2.874474 335.080118 0.772683 63.118733 3.588670 317.094602 3.541855
98 -3.492424 0.765704 -3.270133 2.141779 336.501120 0.492405 -39.837672 3.014298 348.585089 3.372186
98 -1.961036 0.766337 -13.504654 4.631575 344.966571 0.006410 78.501904 1.385468 314.616938 0.309410
98 -2.065252 0.594777 78.564527 0.588520 339.512755 0.480951 85.737089 0.341995 146.786058 0.517841
98 -1.904183 0.193338 75.229948 1.269524 349.033780 0.220744 11.319483 0.236212 154.490293 0.195705
98 -3.459834 0.541169 -17.482840 2.726347 337.112459 0.622209 -39.003940 4.423525 306.923314 3.307007
98 -2.562068 0.328768 -70.265091 1.415068 333.832825 0.762212 -60.026313 2.730873 175.125327 1.511475
98 -2.251782 0.745834 -4.180644 1.316339 304.379103 0.375265 -68.845343 1.556392 247.412358 0.890903
98 -2.677017 0.690737 -21.506391 0.905626 241.051487 0.225724 -55.882991 3.582937 341.446749 1.741372
99 -2.448117 0.783625 -69.026167 0.516594 237.138030 0.751917 51.801462 1.187822 331.011268 1.283573
99 -3.184836 0.721135 -11.599122 0.790803 326.892188 0.164932 6.700751 2.532076 179.496942 2.757010
99 -2.642863 0.764003 6.855648 1.888287 327.997761 0.503647 -40.408310 2.630839 349.152678 1.673064
99 -2.172643 0.600910 -38.431496 4.326749 316.722479 0.026221 53.934553 2.123455 330.740292 0.732624
99 -3.197031 0.432880 85.871063 0.605612 330.823220 0.479174 52.670672 4.046396 138.384837 2.781400
99 -3.585088 0.100592 -66.655838 1.998563 334.113881 0.435862 78.976523 4.319257 327.998128 3.557514
99 -3.167799 0.635971 -31.549052 2.354440 308.356403 0.672369 -49.458116 4.613224 298.844634 2.722937
99 -2.069008 0.381375 -79.375260 1.441516 339.134075 0.739294 -88.776998 2.639704 160.536532 0.525354
99 -1.973808 0.021848 13.192190 1.720946 291.517252 0.342058 -41.791970 2.442087 309.464374 0.334955
99 -3.643258 0.696388 -15.038037 0.727185 245.644893 0.162026 -84.177427 3.313053 292.367019 3.673854
100 -2.948087 0.667985 -58.121107 2.435583 288.127019 0.764489 33.722686 0.673787 298.546638 2.283512
100 -3.602621 0.729587 -19.379281 0.641309 314.207535 0.042525 6.139430 2.114055 148.967024 3.592580
100 -3.380562 0.724456 38.356158 0.988563 327.773603 0.674476 86.136642 3.389087 338.777015 3.148462
100 -2.071126 0.564360 -30.718696 4.233001 324.193892 0.034881 42.527004 1.977123 328.112889 0.529590
100 -4.616196 0.536398 88.060488 0.379325 337.365604 0.527342 74.516628 4.348545 144.223142 5.619730
100 -1.905876 0.171728 -49.171727 2.217415 332.741139 0.463008 -84.641609 5.105071 319.216469 0.199091
100 -2.609012 0.642416 -41.698731 2.170478 296.719104 0.709544 -58.367879 5.089006 296.588984 1.605363
100 -2.417411 0.383574 -81.091011 1.421780 333.762929 0.020030 80.657257 3.012918 202.229358 1.222161
100 -2.240535 0.046727 33.552713 1.960685 277.484448 0.527803 -35.950798 1.762610 338.256275 0.868409
100 -2.635388 0.711592 -80.439704 2.082978 338.613792 0.325868 88.839801 4.940080 288.343892 1.658114
101 -3.249923 0.782987 -63.060166 2.122169 283.122230 0.086163 7.893165 0.437568 222.036961 2.887183
101 -2.702822 0.648921 -68.075892 0.780653 301.399442 0.501066 -14.369929 2.294171 135.562789 1.792981
101 -2.335349 0.787507 86.455512 1.222651 293.461856 0.665362 -72.056310 3.877455 347.344939 1.058036
101 -2.698447 0.611524 -30.930856 4.848078 285.505691 0.177586 -58.416889 1.772954 340.716701 1.784232
101 -2.130543 0.443554 86.230115 1.147159 347.916571 0.534531 -76.354165 3.743075 187.124758 0.648424
101 -1.925593 0.161956 -48.252326 2.154503 335.102419 0.482556 -88.200668 5.273193 317.618031 0.238524
101 -2.390515 0.621255 0.081763 1.474503 313.127542 0.678106 -43.550604 0.557185 246.363524 1.168368
101 -1.897173 0.544719 -73.784882 1.614164 317.185565 0.715956 -69.538933 3.007594 223.854128 0.181685
101 -2.093193 0.003257 33.890971 1.942673 265.364327 0.475863 -47.285847 1.791140 320.688343 0.573724
101 -1.870484 0.618680 -72.648274 1.524413 327.902925 0.324077 -73.549642 5.059164 257.166104 0.128305
102 -4.978683 0.759472 -57.960614 2.049101 269.392427 0.061120 2.411825 0.212633 220.339827 6.344704
102 -2.239675 0.665439 -70.823317 0.816481 318.366335 0.601074 -35.508989 1.265970 111.249386 0.866688
102 -2.721433 0.719798 -85.844368 1.543290 306.161170 0.633417 85.321446 4.611363 325.551707 1.830205
102 -4.227514 0.587867 -69.160094 1.985617 331.273820 0.181878 23.992968 4.469593 247.374956 4.842367
102 -2.590273 0.434091 87.894943 1.026531 338.386801 0.733966 61.007999 2.902656 171.593730 1.567885
102 -2.216927 0.199594 -72.721348 2.032722 325.279357 0.420162 76.089279 4.096896 323.582531 0.821192
102 -2.222702 0.592474 12.037090 2.082518 342.646463 0.618540 -72.204831 2.490649 279.427481 0.832742
102 -2.702810 0.669903 -25.274680 1.908404 315.402923 0.005581 89.377722 1.272152 228.574101 1.792959
102 -3.986245 0.738353 13.097707 2.060546 219.536709 0.474710 -53.842954 1.201891 320.132693 4.359828
102 -2.194621 0.637772 -3.269549 1.391594 338.675873 0.415725 -14.422766 0.966468 251.255018 0.776581
103 -3.163614 0.628137 -25.492985 2.954720 265.735212 0.126463 0.891274 1.041582 302.903252 2.714566
103 -2.177394 0.715049 -87.061511 0.415389 322.621843 0.484232 14.583556 0.751608 190.381062 0.742125
103 -2.391854 0.735547 -78.419860 0.611252 323.709335 0.767541 -81.496959 4.820028 251.325757 1.171047
103 -2.521869 0.549848 -80.201704 0.887152 324.564510 0.019674 38.044529 4.240699 166.663301 1.431076
103 -2.604092 0.403402 -70.563639 1.492835 346.273487 0.414300 45.720470 4.386464 216.573042 1.595523
103 -3.387046 0.045337 2.389100 2.818879 346.769677 0.616782 -45.277479 0.341018 233.906968 3.161430
103 -2.570901 0.508603 9.471041 2.434078 326.205995 0.655299 -56.396765 2.712321 308.048360 1.529141
103 -3.686063 0.599387 -13.080267 1.759880 332.315826 0.676043 78.418869 5.004861 326.532667 3.759464
103 -3.560782 0.712302 -17.923113 0.573699 263.666596 0.102099 -84.178529 2.658946 206.204828 3.508902
103 -3.970339 0.691318 -22.297059 1.295250 339.132754 0.345338 16.839284 1.473127 94.171518 4.328016
104 -3.250898 0.624278 -25.891088 2.977578 265.562342 0.139052 -1.368835 1.010202 301.873334 2.889135
104 -1.980644 0.798705 -84.331544 0.715686 339.835873 0.641620 20.200346 0.462902 224.015898 0.348627
104 -2.560694 0.692326 88.528748 0.976171 313.786894 0.718041 84.023262 0.265036 198.585393 1.508727
104 -3.161495 0.398467 -67.189933 1.156854 326.989750 0.695106 38.531985 3.916224 161.687195 2.710328
104 -2.783717 0.493503 -48.597151 2.241067 300.410285 0.692082 -42.840112 0.418937 235.815941 1.954773
104 -2.735159 0.682840 -12.855284 2.560987 330.226735 0.522408 -4.896475 0.157674 252.519037 1.857657
104 -2.467395 0.762850 -10.471011 1.955940 329.796349 0.547529 66.881552 1.735998 278.774338 1.322128
104 -3.892602 0.629538 -2.789831 1.442335 338.984067 0.699473 63.441890 3.519128 280.933310 4.172542
104 -4.189920 0.609484 -14.879631 0.325259 262.559813 0.128349 76.585599 2.975585 206.364262 4.767178
104 -2.858402 0.360625 -13.404325 2.914066 346.183647 0.397930 -85.504917 3.512958 320.644256 2.104142
105 -2.661065 0.331847 -22.537937 1.228922 281.670807 0.649415 -8.512861 1.228876 288.343083 1.709468
105 -2.329301 0.782471 -75.883337 0.933067 344.325446 0.487683 24.373462 4.786677 247.937126 1.045940
105 -5.378929 0.778605 -54.747908 0.575448 310.106488 0.665369 87.874593 4.508290 162.073902 7.145197
105 -2.573255 0.425022 -71.206585 1.290491 334.440220 0.647345 53.666744 3.370896 146.727108 1.533849
105 -2.311454 0.515436 -42.905530 2.268001 262.264343 0.704784 -60.973813 1.514058 295.775281 1.010246
105 -3.523349 0.634460 8.362319 1.010724 333.186971 0.742683 -49.696157 4.668268 328.635945 3.434036
105 -2.437610 0.750628 -82.969819 1.438167 334.411185 0.018927 -50.809186 4.231955 272.504821 1.262558
105 -3.887102 0.536512 82.709504 1.243081 332.313371 0.136839 -68.409899 4.104459 246.071771 4.161542
105 -3.385526 0.068731 -88.953082 5.182214 335.700243 0.754278 -66.463875 1.602226 287.431772 3.158390
105 -1.946265 0.423572 -2.862560 2.877787 346.743829 0.415745 -84.873937 3.473533 323.458450 0.279869
106 -5.039980 0.344050 -13.061636 0.936595 292.874977 0.586640 -2.148165 1.606411 216.602029 6.467298
106 -2.171233 0.785820 -78.774580 0.970593 346.024298 0.441107 20.862357 4.801603 246.131171 0.729804
106 -3.079558 0.721838 -71.768702 0.294704 279.054322 0.608681 51.512558 4.243758 186.004876 2.546455
106 -2.465297 0.572973 -69.364717 1.494760 342.358941 0.498708 -10.766142 5.004737 129.991530 1.317933
106 -5.222443 0.642645 0.066208 0.321103 311.361128 0.759776 38.739819 4.304048 118.889154 6.832224
106 -2.887860 0.601981 -7.380766 2.890914 343.757997 0.659071 -56.346875 3.616265 312.219454 2.163059
106 -2.370712 0.781542 -65.358084 1.675819 338.931022 0.712525 -43.223217 3.716094 222.560230 1.128762
106 -4.902624 0.501418 -76.397065 1.112788 333.255581 0.099017 -26.655497 3.968456 240.058048 6.192587
106 -3.174431 0.290047 -82.279904 0.933706 267.877232 0.557973 -77.250322 3.219193 277.253753 2.736201
106 -2.266952 0.743426 -9.261509 2.946826 342.424447 0.245239 -1.214989 0.422694 270.586571 0.921243
107 -5.291525 0.658011 -28.376424 1.082147 306.281540 0.549338 -30.231127 2.447942 229.475046 6.970388
107 -2.295865 0.764995 -78.644482 0.944448 349.861340 0.414296 21.482162 4.941796 239.622210 0.979069
107 -1.989169 0.680570 -69.546559 1.561671 345.836898 0.283186 -69.816304 4.918582 200.650736 0.365675
107 -2.018074 0.601148 -77.146411 1.116741 341.809657 0.452503 5.247589 0.504351 114.845010 0.423486
107 -3.851899 0.652716 -13.355558 0.377702 312.608620 0.791117 40.493432 4.487935 110.746358 4.091136
107 -4.362995 0.691335 3.470133 2.861684 332.438477 0.656385 -52.065132 3.098576 316.806434 5.113329
107 -2.223188 0.791290 -17.323707 0.729411 228.760082 0.674455 -46.463066 2.765576 347.647672 0.833715
107 -2.427773 0.507967 87.457878 0.959683 338.593955 0.125190 -2.857871 2.698144 190.509546 1.242884
107 -3.276729 0.330767 63.475376 0.799384 285.016086 0.309386 74.923177 0.918792 232.221700 2.940797
107 -2.578450 0.666080 -10.148491 2.956483 338.107981 0.224539 -3.843036 0.235848 252.661156 1.544238
108 -3.286017 0.649962 -19.264329 1.405485 307.605581 0.430204 -76.506535 3.114519 249.492773 2.959372
108 -2.206224 0.717313 -75.128933 1.080729 335.036401 0.427258 -3.849546 5.063240 220.492805 0.799787
108 -4.157396 0.563321 88.635040 1.129500 339.253594 0.310198 -75.005197 0.896376 114.794566 4.702130
108 -2.082518 0.640181 -73.284263 1.062867 328.557980 0.439560 20.723996 0.442738 113.815274 0.552375
108 -2.530940 0.641755 -79.821351 1.314873 343.251733 0.002476 31.614687 0.089078 104.379076 1.449219
108 -2.148087 0.518566 -4.920753 3.033810 331.680561 0.589530 -67.728922 3.047702 331.504950 0.683513
108 -2.577603 0.181350 -6.599574 1.229797 179.062310 0.738532 -46.919166 1.156981 349.802293 1.542544
108 -2.737017 0.498670 85.491760 0.862359 338.260646 0.313895 10.793052 2.546019 179.331737 1.861373
108 -4.240497 0.304651 69.057158 1.045853 278.195833 0.330852 72.286660 1.002499 260.095341 4.868333
108 -2.316775 0.672241 1.127410 2.141413 341.475664 0.119011 -9.217058 1.541989 285.773801 1.020887
109 -2.529538 0.423385 -56.235841 2.912902 336.677205 0.044403 -47.677545 2.213937 268.395654 1.446414
109 -4.423589 0.696816 -86.706081 1.357142 316.103275 0.326456 24.114124 4.887070 304.092600 5.234516
109 -2.311370 0.461279 -2.753446 1.458946 301.248844 0.125416 -21.647095 1.343363 254.178431 1.010079
109 -3.041297 0.627917 -78.996480 1.183176 329.282930 0.458839 23.242550 0.540230 120.777461 2.469933
109 -2.005725 0.457488 -83.165452 1.552706 346.040869 0.492648 56.563548 0.347939 152.435393 0.398789
109 -5.639369 0.552737 -66.820011 1.200467 336.995528 0.122070 37.375257 1.212789 171.811150 7.666077
109 -4.835123 0.321157 -11.966690 1.011928 290.510918 0.724257 -6.249279 4.223100 326.662090 6.057584
109 -2.956222 0.277476 -73.842343 2.226074 315.594029 0.524635 77.147801 3.690696 327.369829 2.299783
109 -3.516807 0.410346 87.645684 0.932503 348.408372 0.359477 -24.227430 3.210632 14.763304 3.420953
109 -2.998319 0.732546 -15.223786 1.974738 293.100177 0.073511 -15.502775 2.055466 284.751648 2.383976
110 -2.255312 0.552907 -71.776437 2.608192 348.167021 0.648014 -89.499122 5.224806 277.074022 0.897961
110 -2.383932 0.698538 -27.844992 0.832479 223.653894 0.545097 -28.456942 1.954606 312.318851 1.155203
110 -2.457119 0.455288 1.854330 1.661393 306.491002 0.753764 -40.874732 1.693471 297.297643 1.301576
110 -2.362743 0.401394 -58.933753 2.302986 345.918691 0.533456 66.085937 1.835704 219.273742 1.112825
110 -2.089765 0.571538 -25.243601 2.975676 341.996510 0.191823 29.885899 1.544862 265.094221 0.566868
110 -2.121068 0.443184 -64.041961 1.485228 298.723866 0.690389 78.551210 4.385162 272.113763 0.629475
110 -4.421488 0.203505 -9.797739 1.688155 280.177143 0.658426 -23.647974 3.563884 337.616931 5.230315
110 -2.840933 0.095752 -32.975804 2.691124 349.053948 0.409743 73.174984 4.239540 343.083031 2.069205
110 -2.176317 0.592804 89.177376 0.732066 294.599347 0.138604 -79.846843 4.883446 340.810721 0.739973
110 -3.196590 0.391996 -52.288981 0.993741 222.078489 0.676021 -35.319866 2.654172 343.414826 2.780519
111 -2.485363 0.280151 -51.459479 2.022825 322.794841 0.442562 -40.449154 1.494409 230.235367 1.358064
111 -1.927082 0.720849 -22.661250 0.632824 210.037821 0.594658 -48.137929 1.821150 312.004544 0.241503
111 -2.187377 0.452241 6.307898 1.557991 298.344532 0.766230 -57.430550 1.788912 308.971193 0.762092
111 -2.792645 0.304569 -86.709287 1.258990 311.302320 0.632330 -81.311599 2.089564 230.682242 1.972629
111 -1.986698 0.681173 -57.500993 2.785880 348.731995 0.364694 39.316664 1.877413 230.268303 0.360734
111 -2.449983 0.373180 81.112666 1.419712 311.468726 0.684273 -89.605001 4.057307 318.432858 1.287305
111 -1.860537 0.347296 -5.164835 1.759609 282.396025 0.752411 -68.517219 3.085414 309.112426 0.108413
111 -4.583200 0.177274 -25.852169 2.565039 345.624544 0.382540 82.725471 4.499703 335.408399 5.553739
111 -2.188048 0.608236 -87.457476 0.750922 296.388112 0.122880 -83.849239 5.177042 341.860457 0.763435
111 -1.939139 0.406933 -35.796164 1.093182 222.072929 0.613211 -45.840859 2.218430 335.067190 0.265616
112 -2.285281 0.227411 -77.377952 2.009558 346.880366 0.459542 -54.948935 3.091032 238.799456 0.957900
112 -2.007190 0.699592 -43.845245 0.783544 215.127743 0.544263 -37.115726 1.435055 297.482086 0.401718
112 -3.066757 0.493040 -23.551720 1.438169 264.556699 0.589690 -26.847853 3.264752 337.122275 2.520853
112 -1.880155 0.344030 -88.000928 1.130267 295.998371 0.581998 -77.266077 2.069530 232.599214 0.147649
112 -3.232272 0.661296 -82.569222 1.483852 339.226627 0.443723 80.188617 1.604653 142.889361 2.851882
112 -2.592222 0.675136 -84.859743 1.071753 303.950613 0.138013 8.532188 0.297688 220.631681 1.571782
112 -3.083836 0.303755 25.963799 0.942922 265.669432 0.757708 -36.286215 2.188566 328.568878 2.555010
112 -2.480160 0.154016 -26.467043 2.326736 330.283317 0.400738 76.246185 4.379958 343.439574 1.347658
112 -2.021922 0.682415 -69.648629 0.760525 287.020321 0.775402 55.593833 5.120654 309.902116 0.431182
112 -2.259706 0.292326 -49.547333 0.840849 209.157576 0.677981 -43.388571 2.382246 344.120612 0.906751
113 -2.572403 0.267798 -79.105171 1.877345 343.883866 0.393067 -41.297007 2.850320 232.101481 1.532144
113 -2.363824 0.677717 8.046086 0.256403 184.730162 0.654073 -64.497869 1.258200 309.369946 1.114986
113 -3.531357 0.352858 -23.738249 1.662249 279.278299 0.662958 -58.515727 3.093550 323.788707 3.450053
113 -4.003015 0.611767 -40.626230 1.611474 267.598134 0.415594 -18.408344 2.358980 314.512512 4.393369
113 -2.112400 0.728092 -71.527111 0.645575 258.739505 0.681800 -72.699672 4.864518 342.549434 0.612138
113 -2.275333 0.642258 -70.226266 0.582033 267.287582 0.183156 36.346683 0.706003 236.410836 0.938005
113 -1.861336 0.283142 24.034638 0.862872 240.285112 0.761151 -56.819009 1.710088 321.053807 0.110011
113 -2.700165 0.161035 -9.986616 2.381918 325.842840 0.406401 73.338061 3.934908 345.621378 1.787669
113 -2.238096 0.697234 -68.530074 1.162962 286.570550 0.099776 81.356540 4.725312 344.190976 0.863530
113 -2.422289 0.626726 -76.095146 1.038724 339.269155 0.106395 7.903846 3.188771 50.588465 1.231916
114 -2.042770 0.173231 -63.104029 2.154242 338.786830 0.543241 -85.740767 2.075728 218.543543 0.472878
114 -2.075638 0.533413 0.429406 0.974191 208.539366 0.600064 -59.974236 1.834968 323.621102 0.538614
114 -2.127316 0.368133 -19.051402 1.733910 281.350988 0.583278 -58.644035 3.015861 302.616735 0.641970
114 -3.770469 0.459433 -9.610742 1.701147 263.473681 0.438354 -12.570829 1.337938 305.236872 3.928277
114 -1.954109 0.754794 -22.192655 1.462427 258.734889 0.308116 32.768028 0.985920 284.646828 0.295556
114 -2.112224 0.716554 -70.659682 0.645615 293.232287 0.185927 15.884112 1.593453 211.941547 0.611787
114 -1.815051 0.307477 7.732793 0.572529 246.803528 0.763071 -60.459620 1.407994 278.474635 0.017441
114 -2.918901 0.003165 14.215251 2.486815 330.023197 0.394978 72.782175 3.983358 342.483130 2.225139
114 -2.057955 0.749110 -69.487718 0.698626 273.803090 0.140600 66.492620 4.681801 327.509137 0.503248
114 -3.020122 0.752850 -80.411680 0.334228 318.884992 0.205401 -18.476842 2.688195 47.444579 2.427583
115 -2.255665 0.144055 -65.622175 2.236490 349.183125 0.535648 -74.864602 2.166444 217.817267 0.898669
115 -1.825893 0.560448 -67.356129 0.498587 225.400306 0.592853 -82.876051 2.907054 298.053174 0.039125
115 -2.630527 0.798738 -67.735499 2.822343 339.253098 0.015941 74.648527 1.420809 244.841883 1.648392
115 -2.368184 0.618814 -10.135781 1.243146 234.035711 0.480860 -50.212476 0.733437 284.690621 1.123706
115 -3.636554 0.671201 -9.829128 1.627733 254.037261 0.308424 7.703614 0.652571 288.043072 3.660447
115 -2.502789 0.664843 -66.397814 0.989133 316.630257 0.473375 40.595360 2.099717 191.337558 1.392916
115 -2.033383 0.238988 -14.482515 0.289310 240.413113 0.754942 -63.965697 1.402056 251.325842 0.454105
115 -1.845318 0.045265 13.727494 1.989868 345.465542 0.440536 71.791447 4.601329 314.208691 0.077974
115 -3.393580 0.707026 -74.347264 0.609550 263.276660 0.423719 43.035854 4.427333 309.935434 3.174499
115 -2.988782 0.537329 -88.793634 0.771806 343.377665 0.407445 -58.607886 3.730152 39.184601 2.364902
116 -2.369472 0.375831 -66.939381 1.334764 290.045296 0.078939 9.949822 2.763500 283.439880 1.126282
116 -2.043167 0.728517 -65.955501 0.209017 250.787621 0.604550 71.061208 2.656661 284.450655 0.473673
116 -2.468491 0.790858 -66.610063 2.713711 343.227123 0.797696 72.092330 1.642658 215.429829 1.324319
116 -3.677282 0.646315 -16.812630 1.695564 306.891721 0.137920 71.976957 3.713206 335.496064 3.741903
116 -1.994936 0.678502 -16.608336 1.550890 262.474887 0.174224 -51.005548 1.536906 283.471099 0.377210
116 -2.606877 0.569102 -72.836967 1.706156 280.490595 0.333571 24.977464 1.471697 287.364982 1.601093
116 -5.200425 0.156770 -3.706747 0.637997 263.552343 0.786150 -19.156674 1.688695 296.208816 6.788189
116 -1.940148 0.020420 0.335516 1.479681 317.600192 0.489297 67.377668 4.521889 324.498767 0.267634
116 -2.237042 0.784701 -75.337181 1.119584 313.748479 0.163451 -68.906353 5.193033 267.121104 0.861422
116 -4.914002 0.351163 -88.252172 0.267361 313.923804 0.475130 -55.195597 3.823008 19.471823 6.215342
117 -3.187632 0.719970 -16.074506 1.475413 337.095861 0.650583 -7.464887 1.252278 203.288611 2.762602
117 -3.848589 0.782011 -35.087862 0.611316 236.314752 0.583748 -77.804537 3.353620 218.946451 4.084516
117 -2.269326 0.653839 87.009001 0.911210 322.638127 0.198956 -78.465788 4.685721 295.929922 0.925990
117 -3.691959 0.651183 -2.531213 1.572258 314.729496 0.195622 78.662369 3.485805 298.650646 3.771256
117 -2.989311 0.559670 -6.747097 2.002138 318.061544 0.183917 -60.358419 1.315820 235.759634 2.365960
117 -3.411010 0.606698 -77.020366 1.373156 297.328619 0.299009 5.281729 2.463894 259.965758 3.209359
117 -2.010245 0.110781 -8.476773 0.697812 252.062252 0.757765 -34.395062 1.268770 320.219543 0.407828
117 -3.148650 0.784913 -28.034955 1.854554 327.143509 0.678918 17.066167 0.727998 230.549342 2.684638
117 -3.880592 0.148105 -62.677933 1.459311 344.478279 0.708799 89.403443 5.280031 232.349592 4.148522
117 -3.014008 0.630289 -70.540283 0.620510 319.843661 0.423634 -54.798153 2.918651 109.648121 2.415355
118 -2.041533 0.113814 7.494225 1.563504 330.680800 0.452938 -14.618140 0.618095 227.690905 0.470405
118 -4.242080 0.697476 -6.430486 0.501121 279.174029 0.651265 -78.417903 5.130834 245.199719 4.871499
118 -1.939201 0.570625 73.437483 1.115120 314.767920 0.255326 79.311629 3.174917 330.286136 0.265739
118 -3.145162 0.712060 -8.664376 1.380243 338.610252 0.236980 78.013374 3.358397 262.396222 2.677662
118 -2.913931 0.479002 -7.389383 2.325856 308.847086 0.187036 -42.768141 0.675098 246.223085 2.215201
118 -3.762736 0.452058 -55.074128 1.749625 331.722104 0.278383 11.483477 2.832398 217.492186 3.912810
118 -1.915017 0.698406 -78.093679 0.848520 286.779753 0.546764 -59.122669 1.581096 240.552639 0.217371
118 -1.895843 0.629392 85.105388 1.215544 342.192379 0.054741 37.694697 2.345019 253.846478 0.179024
118 -3.202748 0.743760 -5.805274 0.556605 331.008360 0.670618 47.258643 3.580593 226.725382 2.792835
118 -2.384740 0.773649 -79.025319 0.957986 346.534476 0.343503 -13.584127 2.605196 120.444565 1.156817
119 -3.065784 0.085450 19.227495 1.320920 321.193140 0.452001 -18.820476 0.708983 225.261927 2.518907
119 -2.846676 0.146123 60.810123 1.104332 295.169825 0.685273 88.853834 3.284793 265.893237 2.080691
119 -1.947528 0.479849 85.051404 0.992560 291.566001 0.295012 89.906843 3.528551 310.034798 0.282395
119 -3.453734 0.751305 3.043222 1.650703 298.851641 0.168276 -57.037984 2.884691 330.733786 3.294806
119 -1.908743 0.742203 -80.989460 0.631146 283.315089 0.036044 67.163108 1.818202 268.344399 0.204824
119 -3.755458 0.462509 -55.481760 1.732006 331.181313 0.280907 10.627679 2.826659 217.027619 3.898254
119 -2.021642 0.587622 -78.374645 0.975840 307.800435 0.493421 -71.521608 1.258384 174.787076 0.430622
119 -2.113810 0.630290 83.489134 1.150001 338.797568 0.096912 34.110813 2.322117 252.585649 0.614958
119 -4.548824 0.761746 -70.170925 0.876414 248.352978 0.747914 44.169304 2.282263 291.895809 5.484986
119 -3.056136 0.776228 -83.329637 0.900268 344.916498 0.348568 7.104065 3.203052 134.969814 2.499609
120 -1.853724 0.067273 11.299964 1.326641 319.289352 0.472004 -28.923383 0.825742 229.163477 0.094786
120 -2.123469 0.101864 67.455117 1.073255 300.297218 0.648225 83.427884 3.228397 258.320966 0.634277
120 -2.773937 0.461933 -84.485334 1.122156 288.981171 0.272526 88.683585 4.514527 306.860345 1.935213
120 -2.396273 0.685895 12.586355 1.292148 327.702728 0.091915 -27.599294 2.869141 342.672525 1.179883
120 -2.342266 0.667089 -52.681154 1.352481 262.990253 0.756214 67.876665 2.664109 298.850909 1.071870
120 -2.885506 0.632229 -73.561635 1.487473 321.232178 0.519808 -13.797627 2.359431 208.314573 2.158350
120 -1.983237 0.792093 -74.830601 1.037658 287.903801 0.094925 87.030392 3.837144 314.075983 0.353812
120 -1.887291 0.744709 -89.068399 1.148652 330.615397 0.043916 16.468405 2.629114 300.962974 0.161921
120 -1.984810 0.014108 -86.405501 0.570599 253.748131 0.693438 53.902170 2.033187 320.100669 0.356957
120 -2.457466 0.779060 -79.818557 0.904627 345.368925 0.352716 8.520896 3.162749 137.645399 1.302271
121 -3.757737 0.208202 16.249620 1.472867 336.751186 0.399375 -39.754838 1.102246 199.583996 3.902812
121 -3.894587 0.776469 80.218043 0.600037 285.842243 0.561663 65.641382 2.666833 311.926792 4.176513
121 -1.918147 0.482336 -75.728821 1.129050 291.995009 0.218591 82.638535 4.522750 315.258553 0.223631
121 -2.449448 0.697837 8.884119 0.866260 265.640032 0.157375 -38.399553 2.165036 325.596425 1.286233
121 -2.345953 0.486628 -68.515003 1.496258 346.657423 0.712274 50.520973 5.174403 137.096914 1.079244
121 -2.996537 0.472803 -77.887617 1.581932 327.557506 0.272937 25.829167 3.888933 247.651138 2.380412
121 -2.127718 0.569186 84.952858 0.554011 293.294691 0.539940 55.524172 1.975038 299.628120 0.642775
121 -1.934141 0.616553 85.700667 1.475238 334.151400 0.016875 9.832643 3.089906 314.382911 0.255621
121 -3.281544 0.189005 -4.411918 0.983137 250.555728 0.655794 53.529617 1.469741 322.650659 2.950426
121 -4.873224 0.589836 -70.136380 1.008362 309.591945 0.260334 -2.852578 3.688877 268.468887 6.133787
122 -3.908625 0.287965 -0.264421 1.450818 329.380654 0.332701 -67.328153 1.253461 219.407830 4.204589
122 -4.289417 0.027028 78.263649 4.136574 213.466383 0.551039 -57.630446 1.070200 324.675732 4.966172
122 -4.835601 0.645511 -71.901624 0.937828 340.669092 0.258887 68.228179 3.038043 200.842149 6.058541
122 -2.746310 0.681232 21.200922 0.829760 254.292712 0.203155 -45.271019 1.973823 333.908188 1.879958
122 -3.381105 0.408920 -70.324399 1.241021 347.500928 0.794993 41.709961 5.187851 190.302797 3.149548
122 -2.267707 0.467521 -74.954224 1.568765 330.394668 0.271963 25.765400 3.780092 243.123101 0.922752
122 -2.136248 0.637837 55.465404 0.454975 270.850504 0.478643 -81.164638 3.152194 343.354191 0.659834
122 -2.888096 0.583778 -84.150575 1.883302 314.730573 0.010578 15.111744 2.826756 329.701776 2.163531
122 -4.218720 0.438618 22.813360 1.336157 290.522490 0.795027 59.445315 1.435112 301.065642 4.824779
122 -3.929314 0.250269 -6.229159 1.153098 266.543331 0.515294 -1.838453 2.604659 339.416421 4.245966
123 -2.586162 0.277162 -1.345183 1.499907 331.625045 0.326088 -66.337652 1.375202 211.347769 1.559663
123 -4.529314 0.019232 -89.569579 4.326669 201.445979 0.650708 -48.112889 0.813432 317.835606 5.445966
123 -3.061562 0.718329 -58.394435 0.628707 263.327799 0.339546 -69.550485 4.417880 291.908001 2.510463
123 -1.924329 0.311921 51.848377 0.947504 323.722517 0.769445 85.963104 0.912700 183.389331 0.235997
123 -1.954430 0.499850 -84.194135 0.865748 327.213615 0.653860 17.684599 0.458512 196.724306 0.296198
123 -2.823751 0.573999 81.981557 1.198193 347.464587 0.162795 41.469668 3.808524 243.021276 2.034839
123 -3.889231 0.732445 11.423604 1.068065 130.845614 0.621811 -58.840869 0.792118 318.786402 4.165800
123 -2.319232 0.418029 -80.049934 0.733579 292.142705 0.487984 32.788660 0.411872 187.775335 1.025802
123 -2.317239 0.384856 34.226410 0.120247 246.977718 0.798458 55.481080 1.746906 334.358942 1.021816
123 -3.242331 0.473508 -4.834718 0.438841 229.263029 0.300368 -15.891554 3.064527 346.355925 2.871999
124 -2.397214 0.365829 -59.780211 1.409906 303.872131 0.184352 80.486415 3.030884 252.116703 1.181767
124 -3.264740 0.748178 -14.258739 2.498688 341.073748 0.697359 -62.442491 4.490304 314.798803 2.916819
124 -2.073710 0.715366 -63.032716 0.611596 257.975347 0.254722 -81.913868 4.654142 297.896977 0.534759
124 -2.166288 0.297562 53.689993 0.786951 315.567588 0.784441 82.632201 1.083409 180.350713 0.719915
124 -3.435874 0.697950 -10.881809 4.067305 334.233434 0.004911 19.233243 0.600571 270.652669 3.259086
124 -2.388874 0.532856 81.120914 1.063133 341.931348 0.171387 39.024361 3.484551 244.875608 1.165087
124 -4.268172 0.578859 -11.957982 1.678055 294.282276 0.061655 -69.377127 2.220003 250.359019 4.923682
124 -4.136227 0.195088 47.549838 1.577649 300.383402 0.506050 -13.084374 2.745149 340.365600 4.659792
124 -2.343375 0.522568 30.331099 0.241929 247.980880 0.104907 47.063264 2.486354 346.667494 1.074088
124 -4.080117 0.588284 -4.753539 1.749709 311.600809 0.402617 4.481982 3.266263 336.107947 4.547572
125 -2.836508 0.531606 -73.964922 1.721174 320.242460 0.076880 89.860820 3.084350 231.982101 2.060354
125 -2.268361 0.679547 -29.000264 1.456234 278.435378 0.541839 26.144368 0.227644 234.339584 0.924060
125 -2.661842 0.408231 7.839249 0.832322 241.361713 0.017185 14.911853 1.341320 298.934846 1.711023
125 -2.233712 0.271817 48.123869 0.945788 331.429024 0.760637 89.431620 1.389560 179.108542 0.854763
125 -1.980923 0.707636 -19.328199 3.630290 341.066821 0.088967 19.547221 1.246020 296.450378 0.349184
125 -2.744897 0.536502 81.540026 1.212579 345.780544 0.191274 42.361043 3.563775 239.215329 1.877132
125 -2.335235 0.019260 -45.122159 1.631107 319.428930 0.773980 68.965123 2.869710 273.360808 1.057809
125 -1.886581 0.007359 67.918065 1.378990 275.534547 0.360678 -34.377757 1.932205 307.014364 0.160500
125 -2.157941 0.480784 22.395117 0.682682 252.704349 0.070019 41.320357 2.203661 336.887222 0.703221
125 -2.179236 0.572105 -1.028120 0.952424 280.762464 0.416474 0.000407 1.842794 328.063523 0.745811
126 -1.908703 0.577792 -80.642472 1.402243 335.871452 0.312680 72.720286 2.366275 226.629751 0.204744
126 -2.235958 0.798346 -26.719528 2.589151 297.723474 0.362441 28.704688 0.731126 263.713114 0.859254
126 -1.970768 0.384044 3.650617 0.791504 252.436481 0.009830 24.695230 1.656435 294.825163 0.328875
126 -2.102081 0.182215 54.850237 0.924845 322.683008 0.789155 80.100072 0.300243 162.623959 0.591500
126 -3.012237 0.527366 -34.634132 2.335182 348.713278 0.763183 -3.191876 0.854302 246.344020 2.411813
126 -2.483907 0.607560 84.104863 0.861242 329.148049 0.235347 25.391897 3.600244 272.243127 1.355153
126 -3.197879 0.208431 -74.275771 2.455552 339.812055 0.784704 69.685256 2.369997 258.472087 2.783097
126 -2.060902 0.015352 82.983615 1.375004 274.087024 0.335529 -29.977923 1.992432 307.942181 0.509143
126 -3.307685 0.406319 36.197362 0.367639 235.801729 0.044618 42.277881 2.191063 338.244401 3.002709
126 -2.890980 0.510853 11.149131 0.989111 306.149272 0.424554 -3.340407 2.504224 327.414844 2.169298
127 -2.276165 0.641378 77.668180 0.714231 345.898780 0.369298 35.473558 1.835290 223.413404 0.939668
127 -1.888153 0.786269 -21.258412 2.554413 322.744724 0.272936 2.889008 0.674966 267.147211 0.163645
127 -2.196610 0.353758 -18.824466 0.958140 260.328809 0.180172 -18.456335 1.566881 282.114530 0.780558
127 -2.019156 0.552239 -36.918139 2.748266 329.234438 0.632662 -74.975214 1.922169 226.361652 0.425650
127 -2.760521 0.507034 -26.116777 2.330964 346.873249 0.795104 -5.458671 0.782431 249.524720 1.908380
127 -2.281429 0.696582 -77.198919 1.099148 300.798584 0.188821 23.380793 3.759536 334.901467 0.950197
127 -2.501775 0.574242 89.004691 0.846177 335.481313 0.314112 23.517963 3.419484 222.076303 1.390888
127 -1.900367 0.071824 72.766523 1.494683 286.289503 0.235650 -22.133834 2.026284 307.237144 0.188073
127 -1.865554 0.456415 -29.407920 2.336622 260.403119 0.720504 -42.152181 1.839137 344.381064 0.118447
127 -2.544846 0.464911 -5.492494 1.395097 302.544513 0.380267 22.240053 1.808634 290.521347 1.477031
128 -2.491276 0.623649 -89.384653 1.025574 347.584524 0.406335 38.423342 2.143550 246.152584 1.369890
128 -2.258386 0.694347 -8.914347 2.861285 334.662709 0.352985 32.835559 0.715493 275.003387 0.904110
128 -2.160568 0.368207 -22.726257 1.066365 257.945415 0.203739 -23.543552 1.406922 282.890234 0.708474
128 -2.453362 0.625551 -14.622025 1.786916 313.298131 0.539196 20.884339 1.533994 314.951512 1.294062
128 -2.778382 0.732265 -19.187703 1.583057 336.737914 0.014680 6.313352 0.271878 189.110303 1.944102
128 -1.875740 0.577127 -67.448643 1.449111 325.413568 0.367972 -61.648489 1.156487 158.388435 0.138819
128 -4.451208 0.570797 87.901465 1.251762 334.052911 0.452199 16.102273 2.880068 213.917143 5.289755
128 -2.575900 0.048956 74.033318 1.565270 290.310400 0.246361 -26.547082 2.027408 298.111977 1.539137
128 -2.255338 0.474039 -20.232776 2.408723 266.360382 0.746385 -40.428830 1.872372 343.424101 0.898014
128 -2.613704 0.458793 -25.017963 1.642689 280.754085 0.320092 14.747211 2.173708 321.383404 1.614746
129 -1.973284 0.526698 81.067394 1.272247 335.060854 0.354861 50.142180 1.588867 256.006104 0.333907
129 -2.330243 0.639161 4.004738 2.441256 327.658037 0.358988 12.787665 1.273924 318.317338 1.047824
129 -2.731008 0.448647 -12.205733 2.162412 241.671177 0.324162 -20.657911 1.249181 332.429260 1.849354
129 -3.223752 0.579038 -49.402621 2.508782 297.736743 0.510588 -3.948460 0.890155 285.523879 2.834843
129 -1.856700 0.715485 -67.076281 1.598057 342.216706 0.673170 2.777214 0.708874 148.998591 0.100739
129 -1.832758 0.656575 -71.279555 1.727858 348.310132 0.410100 -76.856788 0.657065 134.876670 0.052854
129 -2.512407 0.376620 -34.966369 0.593169 244.182703 0.498224 65.708968 2.934108 299.064957 1.412152
129 -2.219807 0.050979 61.456681 1.308370 278.945893 0.205938 -31.319048 1.480928 279.918482 0.826952
129 -3.085409 0.532734 -21.343226 3.253060 339.813232 0.042067 68.972296 3.313006 320.264665 2.558157
129 -1.899277 0.465412 -57.879952 1.054718 295.121591 0.322256 -85.644532 0.333215 148.573137 0.185893
130 -1.984444 0.490995 78.192374 1.192532 325.545914 0.377589 58.683699 1.777371 263.994433 0.356227
130 -2.396023 0.141039 -19.872699 1.353082 264.025594 0.338052 -21.196073 2.525578 343.130750 1.179385
130 -2.781398 0.666057 -72.259656 0.832822 304.139419 0.769385 50.366373 2.729734 161.436383 1.950134
130 -1.943783 0.585169 -44.744340 3.405534 337.299863 0.541423 -34.008173 1.294354 279.278559 0.274904
130 -3.453334 0.791314 87.431793 0.634180 266.490470 0.798219 -65.004891 1.352829 279.796924 3.294006
130 -2.228487 0.710018 -73.205022 0.858281 338.032409 0.487246 -60.339949 1.077912 94.602730 0.844312
130 -2.793170 0.261493 -72.194967 0.608310 274.235795 0.278662 65.849443 1.435489 229.102055 1.973679
130 -3.138235 0.020788 72.031362 1.254230 261.029053 0.145796 -18.958931 2.075714 315.906492 2.663808
130 -3.501650 0.471169 -13.827439 2.990980 344.280346 0.014163 70.143606 3.443714 318.710675 3.390639
130 -2.073286 0.593489 -83.221543 0.651693 324.289819 0.191743 -80.771759 0.390490 145.300023 0.533910
131 -3.030678 0.604559 -85.119239 1.487998 312.906843 0.399154 45.387235 2.864832 275.907328 2.448695
131 -4.391116 0.101332 -70.290669 4.376173 313.484871 0.537626 -36.945886 1.306142 339.577009 5.169571
131 -2.535388 0.644795 -58.777935 0.991343 304.240055 0.034655 55.713725 2.620570 154.402236 1.458115
131 -1.971593 0.581624 -41.386382 3.671824 331.493538 0.567121 -44.060719 1.052252 277.859863 0.330524
131 -1.897287 0.767804 -80.062483 0.887243 326.679866 0.009834 -67.706847 1.660648 218.387092 0.181913
131 -2.932224 0.708162 -80.225877 0.120629 317.573322 0.740623 31.651465 2.271231 57.136586 2.251786
131 -1.893488 0.279866 85.219299 0.755198 274.053646 0.326731 64.702316 1.713355 269.190365 0.174315
131 -2.537780 0.795231 -76.907431 0.869118 266.265556 0.296409 41.948876 1.603970 284.055345 1.462898
131 -2.667910 0.569740 -4.292285 2.169289 311.576776 0.146540 -78.558291 3.165902 331.416988 1.723158
131 -1.997108 0.588544 -82.259222 0.760994 325.588764 0.183192 -84.284116 0.346375 150.547865 0.381554
132 -3.365724 0.523331 -18.558827 1.231235 306.206423 0.364278 -71.206140 0.147693 132.438653 3.118787
132 -2.682225 0.063314 73.857956 1.479965 287.424699 0.543574 -40.761921 1.496340 295.033878 1.751788
132 -2.983613 0.661675 -82.506794 0.569485 312.426348 0.653053 51.151707 2.512867 150.883194 2.354563
132 -3.320516 0.544651 -2.859485 3.435670 299.616126 0.532348 -29.503553 0.973216 340.595890 3.028370
132 -2.358629 0.681113 -75.728414 2.161166 341.012983 0.769993 -67.202407 4.462107 239.942695 1.104596
132 -2.745268 0.604921 -66.458927 0.495308 292.555539 0.092141 21.921816 2.765621 128.889470 1.877874
132 -2.180276 0.132494 83.390704 0.519375 260.395679 0.594564 57.510726 1.783369 268.843442 0.747890
132 -1.976638 0.678017 -73.751412 0.771204 253.910525 0.375248 76.487589 1.800217 270.055717 0.340614
132 -2.952728 0.579696 -5.454597 1.262847 311.463409 0.726186 -40.444565 2.981109 293.791668 2.292794
132 -1.852937 0.514306 -87.452270 1.089648 347.154270 0.193674 -10.455630 0.101681 149.726323 0.093212
133 -2.801247 0.764871 -6.225009 1.362585 294.344871 0.592102 -64.714297 0.236575 203.490487 1.989833
133 -5.272980 0.226071 84.400141 3.378111 299.194893 0.745210 -36.219210 2.433467 346.956514 6.933299
133 -2.796518 0.601468 -83.906804 0.492124 314.828748 0.698482 24.091304 1.940245 160.341394 1.980375
133 -1.897467 0.682521 -25.655027 3.488712 310.944865 0.468666 -32.000599 1.103568 314.092620 0.182272
133 -2.652203 0.000272 51.878667 0.733764 286.350553 0.675363 85.207205 3.832654 279.943585 1.691744
133 -3.406509 0.702798 -67.225137 0.230420 274.943080 0.288526 21.416291 2.350315 126.930169 3.200356
133 -2.489029 0.115348 69.658819 0.264423 266.953020 0.568952 58.243977 1.764715 250.085133 1.365397
133 -2.547662 0.599497 -64.144653 0.696060 227.597576 0.479796 57.805529 0.565227 255.415619 1.482663
133 -2.612279 0.015921 -83.563076 2.313549 333.992736 0.496062 -40.983907 2.541504 283.199630 1.611896
133 -2.133541 0.528178 84.523171 0.948537 348.196961 0.252548 8.780411 0.422003 149.957538 0.654421
134 -2.713325 0.736620 -15.449897 0.905973 300.889058 0.511754 -38.508051 0.914252 250.831981 1.813988
134 -2.190828 0.174881 65.252772 2.809992 334.001391 0.767727 -48.771324 2.268339 334.075730 0.768994
134 -2.221935 0.682288 -63.477057 1.176864 315.872835 0.738190 44.992227 1.576578 126.178442 0.831208
134 -2.659500 0.720565 -8.260941 2.789894 321.637825 0.329488 -15.361304 1.105054 291.533863 1.706338
134 -2.229363 0.062712 23.626163 1.422226 336.659369 0.773334 69.730924 4.007879 288.030821 0.846065
134 -2.283348 0.686769 -79.944678 0.918711 335.612583 0.341905 78.150996 2.712788 131.820264 0.954034
134 -2.130953 0.174307 64.556649 0.676766 269.773279 0.376229 83.651146 3.032599 294.088915 0.649244
134 -2.215701 0.429741 -54.980514 0.490373 230.426503 0.630647 69.036552 1.264143 257.903204 0.818739
134 -2.791792 0.627864 -77.625805 0.423005 272.289282 0.120353 15.872699 5.123640 327.979995 1.970922
134 -2.328264 0.430713 77.289858 0.851812 346.020122 0.168848 17.058252 0.417554 136.592546 1.043866
135 -3.740416 0.741865 0.489924 0.519583 306.778235 0.393819 -14.543902 4.327221 275.746441 3.868170
135 -2.085551 0.413021 7.662286 1.978938 301.892933 0.626740 -44.592465 1.247877 292.462734 0.558439
135 -2.249841 0.797397 -10.604440 1.446192 279.214470 0.663316 -3.549792 1.174407 349.351704 0.887020
135 -2.124530 0.586579 -25.538886 2.849686 282.253892 0.390455 -22.231517 1.218736 311.690311 0.636398
135 -3.059224 0.141934 12.822411 1.223111 325.610897 0.798916 53.534422 3.864457 295.664605 2.505787
135 -2.688531 0.579900 -67.700392 0.857921 285.653845 0.114286 -72.427230 1.044170 164.077364 1.764400
135 -3.338333 0.657712 -0.298563 0.615280 302.587356 0.062967 21.627750 3.785998 282.845757 3.064004
135 -2.325052 0.487656 -66.927314 0.504868 231.864132 0.638450 64.320501 0.728926 232.653433 1.037443
135 -2.447557 0.568699 -78.109880 0.846576 340.189953 0.407945 -7.383711 0.966282 36.940303 1.282452
135 -3.125056 0.416968 70.191587 0.742104 329.395569 0.157591 7.795571 0.715991 170.238777 2.637449
136 -2.447163 0.508421 10.502762 1.497925 332.068215 0.322731 -64.568618 2.544168 269.268929 1.281665
136 -1.861865 0.481855 -10.197458 2.606966 285.299754 0.682440 -56.044149 1.581232 311.234166 0.111068
136 -2.254340 0.768670 -9.163874 1.766035 302.516883 0.713663 -18.667021 1.113580 338.434207 0.896019
136 -3.788832 0.484454 -30.325608 2.109281 312.704937 0.513755 11.968950 2.529291 329.446538 3.965003
136 -1.896596 0.600416 -26.130320 3.059748 347.825046 0.285216 -50.416809 0.357431 219.652196 0.180531
136 -2.137387 0.527831 -76.429744 0.580920 286.930699 0.231821 -62.306243 1.050307 177.427623 0.662112
136 -2.528130 0.752937 -17.635561 0.588049 261.580804 0.153431 68.520580 2.763235 288.914700 1.443599
136 -2.493854 0.414548 -58.231505 0.129885 253.777156 0.531754 56.570248 0.989632 188.059476 1.375047
136 -2.445702 0.546190 -77.780747 1.110820 343.952055 0.413199 18.840090 1.129715 50.981567 1.278741
136 -2.785246 0.407543 72.108087 0.864291 340.549630 0.185144 18.966501 0.821166 158.255071 1.957830
137 -2.329882 0.446214 -13.154671 1.777990 308.038217 0.385775 86.785105 2.697820 276.295332 1.047103
137 -2.320522 0.441461 -6.923656 2.506139 282.636641 0.604927 -36.362603 1.546462 326.395657 1.028382
137 -2.330953 0.786454 -16.620564 2.194685 285.480194 0.075376 -12.720275 1.915634 311.971637 1.049244
137 -2.383604 0.407444 18.797334 1.247316 309.427888 0.453649 1.934340 2.048619 333.714211 1.154547
137 -4.241023 0.704365 -31.176118 3.177983 328.881482 0.175972 -45.893713 0.549396 261.190836 4.869385
137 -2.078203 0.626912 -89.848941 0.817363 326.880207 0.244897 -71.309275 1.211063 206.856920 0.543745
137 -3.153493 0.771505 -11.628397 0.256122 257.734978 0.331022 73.303739 3.122342 327.065611 2.694325
137 -2.399788 0.492405 -51.763506 0.501285 243.574644 0.565789 69.944499 1.601475 225.115343 1.186914
137 -3.106071 0.539869 88.340185 0.481300 336.807943 0.457663 24.376692 1.860016 66.344556 2.599481
137 -2.138559 0.496585 88.735806 0.687800 317.888217 0.183095 22.546832 1.051165 181.888938 0.664457
138 -2.331546 0.361159 -20.770924 2.230650 329.523746 0.358978 83.538107 2.359124 253.437093 1.050430
138 -1.885494 0.406405 -9.798148 2.597667 290.790850 0.674452 -58.563311 1.975624 317.605527 0.158327
138 -1.884357 0.759222 -23.912276 2.540626 267.881447 0.215776 -11.854983 1.673423 339.058913 0.156052
138 -2.772954 0.388604 16.875671 1.564926 327.708603 0.478107 -3.934237 2.127497 338.343099 1.933246
138 -2.569496 0.603561 -31.597587 1.631525 276.827355 0.316077 7.698226 0.815681 247.189458 1.526330
138 -3.128844 0.681689 81.871610 0.705369 330.862018 0.082527 -37.957107 1.246033 199.096521 2.645026
138 -3.691683 0.633554 -23.337033 0.752457 257.655635 0.354732 -71.259212 4.145483 310.145219 3.770705
138 -2.236089 0.443397 -76.580966 0.295827 230.041944 0.762152 69.226248 0.701935 248.238394 0.859516
138 -5.270118 0.724049 -60.075676 0.630739 293.770172 0.025630 2.722241 0.645407 185.523429 6.927573
138 -2.002245 0.611643 6.273094 1.529451 318.062489 0.462199 -12.626732 1.310886 306.154265 0.391828
139 -2.415132 0.319606 -56.339308 2.131443 310.095051 0.477176 66.909593 2.221614 259.853895 1.217602
139 -2.578490 0.788519 4.680481 3.261189 273.343586 0.668951 -63.794915 1.543950 326.722347 1.544317
139 -2.298988 0.437352 -25.054582 3.057579 312.713329 0.354160 22.962585 2.043134 337.328889 0.985314
139 -2.713796 0.420356 20.937139 1.673531 332.973149 0.502960 -1.391711 2.314761 346.519916 1.814931
139 -5.391504 0.148785 -8.143446 3.310367 275.571386 0.423879 -24.026496 1.358955 322.410447 7.170346
139 -2.378277 0.646247 89.821605 0.787777 332.150896 0.026435 -23.892704 2.512413 199.809695 1.143892
139 -2.393360 0.295894 -31.731584 1.586772 261.745438 0.163791 -63.666905 2.667149 323.491160 1.174058
139 -1.855917 0.510347 -62.999867 0.404800 242.449798 0.620059 -86.959926 1.858036 226.676498 0.099173
139 -2.020694 0.795938 -62.623049 0.759393 270.109849 0.051300 -13.739839 0.741187 185.458205 0.428726
139 -3.846183 0.583773 -15.443141 4.268633 236.239450 0.581224 -63.225203 1.166833 300.978565 4.079705
140 -3.646590 0.358693 79.676377 2.426790 319.993772 0.623304 85.304210 2.909018 292.957160 3.680519
140 -2.448613 0.704428 -3.967282 2.947259 280.725730 0.693770 -64.661092 1.647524 331.075879 1.284564
140 -1.949905 0.512975 -29.160030 3.279499 333.284019 0.718935 -25.050532 1.035895 337.399192 0.287148
140 -2.843590 0.476351 30.826100 1.471468 338.050211 0.554739 -9.484595 2.437263 346.865993 2.074518
140 -2.762728 0.181167 -24.574015 3.426136 272.218840 0.435109 -41.648682 1.456668 329.737910 1.912794
140 -3.205953 0.626412 -61.375563 0.312282 287.794104 0.090776 31.191090 3.128113 91.452681 2.799243
140 -2.475181 0.303713 -29.786187 1.843806 264.074129 0.171205 -66.165239 2.660629 334.044605 1.337700
140 -1.977432 0.534104 -72.578855 0.116843 240.305087 0.637343 -73.255208 1.553242 225.418431 0.342202
140 -3.428862 0.073254 3.745786 1.109829 232.483463 0.663901 -39.377458 0.650550 291.463172 3.245062
140 -5.253060 0.604886 -5.969078 3.719982 204.527779 0.691951 -79.581685 1.399162 321.626917 6.893459
141 -3.420133 0.377432 87.220605 2.411529 313.576538 0.613982 83.743409 3.049991 293.002330 3.227605
141 -3.040075 0.781722 82.267636 0.308212 343.806522 0.339923 -49.931279 0.332347 166.912270 2.467489
141 -4.888558 0.453917 -5.143855 3.579335 323.053376 0.769134 -62.445028 0.803431 306.354137 6.164454
141 -2.859970 0.481976 15.292230 1.401438 333.013645 0.532423 -9.184530 2.344544 331.605676 2.107277
141 -2.117514 0.195331 -11.667927 1.408368 295.491360 0.434942 -46.298232 1.808859 259.308096 0.622367
141 -3.234030 0.630080 -60.129957 0.400053 288.074383 0.080132 -33.086971 3.310981 93.568232 2.855399
141 -2.044013 0.396192 -32.406980 1.976960 254.526539 0.194905 -51.947733 2.633697 344.229964 0.475364
141 -3.011397 0.476470 -57.945019 0.348387 196.257484 0.624438 66.224952 1.064335 289.089894 2.410133
141 -2.576506 0.009281 -20.297107 0.414304 199.639662 0.629867 -60.192759 1.214548 283.771545 1.540350
141 -3.914618 0.613104 54.251993 0.313979 244.611709 0.555869 69.049246 2.033763 311.579118 4.216575
142 -2.979420 0.527157 -78.298403 2.732473 342.015567 0.336839 43.689151 3.993721 327.263174 2.346178
142 -4.125670 0.621074 82.762711 0.773523 319.896703 0.386126 80.173056 4.821557 243.164908 4.638679
142 -1.868700 0.495686 -35.765689 2.493688 299.390522 0.648292 -62.466818 1.099592 245.520487 0.124739
142 -2.504764 0.327130 11.535184 1.062057 280.730538 0.395294 -11.537519 1.830779 308.739731 1.396866
142 -1.890992 0.226351 -0.965589 1.731443 298.447125 0.410826 -43.814629 1.715130 280.734852 0.169322
142 -3.560496 0.693896 -77.507933 0.346607 298.550864 0.160589 -50.502165 5.070857 84.476748 3.508330
142 -2.114411 0.389637 -32.935556 1.699166 253.715516 0.143144 -48.484787 2.932272 340.652488 0.616160
142 -2.481306 0.474072 -47.041864 0.324215 202.514662 0.644907 66.489565 1.196607 275.158339 1.349951
142 -2.458380 0.060031 -13.257526 0.179772 209.334687 0.589655 -57.378703 0.734785 259.255395 1.304098
142 -2.715736 0.663982 89.160599 1.343976 322.744118 0.444762 -89.851808 3.025649 310.077233 1.818810
143 -3.255865 0.654532 -65.759650 2.663384 321.556926 0.273752 -47.680193 3.265935 312.452157 2.899068
143 -2.439342 0.660203 -76.301712 0.606804 255.637822 0.372792 79.492357 0.093558 215.658235 1.266022
143 -2.600093 0.560110 -47.261281 3.432272 319.117966 0.666765 -11.812085 0.824021 318.273051 1.587525
143 -2.149914 0.282049 15.381945 0.793111 262.077214 0.301029 -16.461112 1.931143 317.021568 0.687167
143 -1.975056 0.208178 -7.385879 1.146913 244.187168 0.587303 -30.191638 1.221648 324.533432 0.337451
143 -1.995939 0.430070 86.322838 0.371006 252.413109 0.630237 -72.948027 3.701747 309.332921 0.379217
143 -6.067972 0.778333 44.838699 5.016218 290.484974 0.497542 -46.162570 1.477238 348.982428 8.523282
143 -2.101385 0.557415 -89.404211 1.010534 308.237916 0.602899 -63.329454 1.658823 234.935291 0.590109
143 -3.443165 0.025889 -4.034442 0.382151 210.019949 0.708588 -52.653118 0.159315 250.506921 3.273668
143 -2.610176 0.553302 -23.850905 2.642862 330.928533 0.686066 -38.608060 2.075259 278.344474 1.607691
144 -2.321220 0.662677 -64.587892 1.713810 349.632498 0.273892 -25.465047 4.053081 51.001236 1.029778
144 -2.362036 0.690554 -71.212150 0.614654 257.109813 0.479152 -89.170770 0.113207 205.448445 1.111410
144 -2.227757 0.480255 -37.149392 2.323407 322.939589 0.758927 -78.487463 4.416458 265.160267 0.842852
144 -2.167496 0.251601 -30.975216 1.682080 280.933016 0.315649 -24.252657 1.917073 294.343121 0.722331
144 -2.573808 0.329197 -20.322435 1.308928 231.566926 0.590124 -21.181899 0.993251 330.771027 1.534955
144 -2.034587 0.767209 -76.725916 1.383180 331.881463 0.782045 78.873421 3.670517 235.925285 0.456513
144 -4.516819 0.764053 -8.177714 0.334182 303.019082 0.281408 -16.093259 1.602787 17.124317 5.420977
144 -2.083417 0.640370 -72.730699 2.126651 327.499267 0.390502 76.731067 3.465897 284.742502 0.554172
144 -2.959482 0.030437 5.570267 0.322692 197.577089 0.743398 -59.225551 0.098036 250.656030 2.306302
144 -2.571645 0.583958 -9.168809 2.646765 328.199398 0.729211 -59.228400 1.980763 265.707332 1.530629
145 -3.401114 0.664753 -75.074406 1.566423 348.745493 0.292981 -40.957729 4.163141 55.606909 3.189567
145 -2.750468 0.775707 -68.633114 0.815962 278.234101 0.391701 -81.776509 0.456410 211.191177 1.888275
145 -2.854890 0.158123 -62.881732 1.370555 234.390464 0.517218 -53.524242 1.486738 311.752546 2.097119
145 -4.097734 0.216184 -15.491086 1.116988 256.300930 0.361714 -49.379897 1.466985 296.128564 4.582807
145 -2.143574 0.266957 -31.275618 1.439808 240.037230 0.573581 -22.306647 1.527961 342.346534 0.674486
145 -3.147541 0.749343 -53.702512 1.890863 320.730080 0.737406 35.490730 3.326432 311.268717 2.682420
145 -4.151740 0.783752 -8.087652 0.514279 310.187110 0.341477 37.440145 1.846333 106.280487 4.690818
145 -2.059801 0.487059 -82.965031 1.820953 306.868588 0.353652 -88.723126 3.547513 311.638195 0.506941
145 -3.834067 0.046059 -29.191759 0.156936 163.160742 0.716779 -53.177201 0.121503 269.461110 4.055472
145 -3.217121 0.753917 -15.523441 2.627764 325.292055 0.242945 68.907872 2.365979 283.140266 2.821581
146 -2.083740 0.728675 -65.784033 1.552208 345.391902 0.201666 -63.332096 2.333424 49.471231 0.554819
146 -2.326019 0.715351 -75.862823 1.000342 277.294860 0.418304 86.054854 0.437817 210.809974 1.039376
146 -3.272640 0.656844 9.130197 1.479924 343.940395 0.299950 10.996803 2.450126 307.452758 2.932619
146 -5.175880 0.468753 -19.998247 2.111820 319.697870 0.579795 34.056275 4.344505 341.702827 6.739099
146 -1.890000 0.427788 -12.284703 2.295032 266.095546 0.579455 -50.848756 2.038843 339.642585 0.167337
146 -3.993598 0.635740 -81.926477 1.193768 336.944147 0.543854 -78.330871 2.551672 76.688691 4.374534
146 -3.420474 0.588785 -21.187342 1.776247 339.357848 0.355734 47.628532 1.299420 165.007897 3.228285
146 -2.308472 0.503690 -79.912765 1.816762 313.278022 0.379538 -69.154652 3.438596 302.762039 1.004282
146 -2.700940 0.059759 -45.753471 0.673049 183.076766 0.710946 -60.926133 0.841005 286.125732 1.789218
146 -2.165991 0.687700 -11.995000 2.447322 325.427583 0.334809 87.596439 2.298938 288.675931 0.719321
147 -2.152098 0.695491 -58.799834 1.596214 341.612582 0.192422 89.447670 2.151751 45.414062 0.691534
147 -1.946620 0.768335 -73.525802 0.833476 294.772670 0.352939 -76.394419 0.458670 194.357173 0.280579
147 -4.213334 0.580639 -9.853817 1.910183 343.643786 0.413165 -27.840914 2.607354 298.340572 4.814007
147 -4.976844 0.535578 -22.051204 1.785076 319.217944 0.432495 18.171851 4.092831 346.771081 6.341026
147 -5.088491 0.379655 -13.288893 2.870507 274.106804 0.574425 -32.787449 2.217015 329.705313 6.564320
147 -4.892959 0.694365 -8.789535 0.893877 304.062864 0.676077 -4.047493 1.595151 141.754170 6.173257
147 -3.870986 0.663625 -42.936030 1.826367 330.042106 0.311872 80.101744 1.085138 127.706579 4.129310
147 -4.184960 0.579529 -16.343140 1.386239 341.641602 0.732964 13.137406 3.412288 99.618471 4.757258
147 -2.192288 0.181405 4.451031 0.525966 233.591342 0.529578 -40.890601 1.757879 303.927898 0.771913
147 -2.419370 0.608934 -44.328514 2.311165 301.726865 0.272272 85.169154 1.845224 246.426927 1.226079
148 -2.631838 0.713807 -66.364520 0.371722 301.523512 0.173674 -88.880090 3.169463 52.140967 1.651014
148 -2.048670 0.600129 -6.667869 3.504977 336.798725 0.122369 -66.088414 2.412495 337.328280 0.484678
148 -5.377371 0.583440 68.444108 2.770289 341.264067 0.018504 48.940534 2.593524 327.631670 7.142081
148 -5.217021 0.569415 10.350379 1.446782 339.877018 0.362629 46.527328 4.182954 311.970971 6.821380
148 -2.972732 0.375796 -9.031198 2.836474 276.242009 0.601248 -42.171339 2.391293 340.628366 2.332803
148 -4.294242 0.723266 -26.018019 1.263906 293.610266 0.392382 31.132533 3.955402 326.520687 4.975823
148 -2.307826 0.791934 -19.078507 4.361310 328.427245 0.728532 -60.454560 0.508713 280.710402 1.002990
148 -3.363576 0.361838 11.735585 0.138774 195.202701 0.609205 -48.177281 0.568027 277.108745 3.114490
148 -1.823258 0.204463 5.957792 0.518605 212.564864 0.540551 -46.872027 1.704577 325.053252 0.033853
148 -2.089299 0.537999 -43.977658 2.432602 312.644931 0.232153 85.069267 1.979228 246.429286 0.565936
149 -2.445624 0.713474 -66.571080 0.748086 209.060685 0.104394 37.420161 1.798480 339.582117 1.278586
149 -2.911779 0.778877 -48.055406 3.939364 321.228626 0.617684 -76.749413 1.939148 267.900639 2.210896
149 -2.825750 0.477645 79.004133 1.772952 319.815325 0.099415 -85.722029 2.303364 307.242949 2.038838
149 -2.945678 0.732718 -1.537811 0.871884 346.921914 0.156916 77.499155 2.987482 224.067429 2.278694
149 -2.577493 0.473368 -49.522662 2.651828 302.898170 0.684418 -38.977769 3.467874 322.328191 1.542325
149 -3.286083 0.782891 -15.472421 0.773559 288.192329 0.369841 14.281741 3.614844 283.604129 2.959503
149 -2.326937 0.756797 -32.475815 4.261112 334.287620 0.689508 -43.057728 0.681726 272.164833 1.041212
149 -4.383653 0.325087 86.661632 1.715733 317.355773 0.692017 77.784497 4.425829 280.122959 5.154644
149 -3.213579 0.533028 -19.161359 1.071723 209.518004 0.303326 -22.846779 1.133474 307.594206 2.814497
149 -3.389331 0.094474 -0.248699 2.835643 327.221631 0.478097 -4.183803 2.296846 345.069518 3.165999
150 -3.053641 0.734868 -70.354975 1.217549 217.464962 0.137091 29.485937 1.642945 340.546484 2.494621
150 -2.069145 0.734518 -32.869531 5.030409 337.922369 0.618710 -69.954215 1.799102 294.743308 0.525628
150 -1.860946 0.681876 -67.379281 1.706056 306.118397 0.188790 -70.836036 3.566948 266.356600 0.109230
150 -3.211693 0.697925 -14.277173 1.288715 316.282612 0.085682 -85.243925 3.262757 244.904581 2.810724
150 -1.928965 0.717294 88.014371 1.422288 320.841206 0.145812 -22.751150 2.489319 318.227925 0.245268
150 -2.493270 0.785813 -68.179666 0.419160 297.892815 0.422377 43.908256 4.940173 116.063230 1.373877
150 -3.070332 0.697355 -23.604005 4.746795 339.147820 0.699873 -59.116743 0.343016 278.211902 2.528001
150 -1.969403 0.241780 -68.660018 1.729038 336.953016 0.794390 79.679841 4.989342 278.165618 0.326144
150 -2.559612 0.686559 -19.978147 0.577659 198.832936 0.264566 -24.294619 1.270466 307.614830 1.506563
150 -3.830687 0.083618 -12.007504 2.877070 332.786553 0.488923 -5.961526 2.501070 338.758557 4.048712
151 -2.056364 0.723869 -78.329676 0.377299 214.966872 0.089876 19.404766 1.894504 347.469411 0.500066
151 -3.946757 0.799900 -32.319540 3.345081 296.042626 0.044028 -89.077234 0.486265 267.754915 4.280852
151 -2.904874 0.698561 -74.456489 0.342579 286.722155 0.701623 -85.097624 4.027413 148.522143 2.197087
151 -2.575356 0.719102 -7.039572 1.460317 315.876515 0.745420 9.233460 0.261292 308.446983 1.538050
151 -5.868854 0.738226 -31.939653 2.628511 221.076708 0.344407 -59.082326 0.497118 292.379633 8.125046
151 -2.940192 0.799430 -73.683339 0.863696 318.956149 0.577374 63.221677 4.485935 107.633212 2.267723
151 -2.791489 0.688618 -21.668006 4.216818 322.326174 0.668343 -38.548512 0.321365 288.688158 1.970317
151 -4.042977 0.212776 -2.463332 1.684453 337.072437 0.060923 -42.042958 1.443166 200.121295 4.473291
151 -2.855786 0.658020 -16.777699 0.730943 186.156178 0.323956 -15.979838 0.985371 328.634231 2.098911
151 -3.774077 0.719988 -37.712686 3.626666 313.941063 0.771053 80.669493 3.595550 332.808198 3.935491
152 -2.008316 0.764176 7.214576 0.919983 294.274302 0.240262 1.112060 2.031911 338.597495 0.403971
152 -2.799921 0.797045 -20.850800 3.579914 295.999607 0.083826 84.642142 0.651351 272.005537 1.987181
152 -4.332338 0.609422 -13.732299 1.045841 347.223908 0.755345 -44.427276 3.877227 154.301818 5.052013
152 -2.224739 0.686636 -88.806171 0.832133 319.483795 0.278414 50.866289 5.195394 323.983830 0.836816
152 -6.751826 0.613781 2.928974 3.249031 211.991418 0.383934 -57.873143 0.422478 285.902467 9.890990
152 -1.820716 0.289615 -83.144624 0.938529 287.938842 0.759985 32.180997 1.426747 312.459419 0.028771
152 -2.196079 0.391934 -33.526907 3.726162 321.844943 0.334747 -24.536938 1.330267 307.459907 0.779497
152 -2.234348 0.795132 -26.787088 0.868290 268.117785 0.017853 -54.814173 0.108526 203.350037 0.856034
152 -3.770429 0.647209 -28.907965 1.136199 193.522358 0.369456 -4.232593 0.975344 326.290146 3.928196
152 -2.441702 0.580479 -34.422853 3.109537 344.192366 0.743285 -79.262834 4.440401 283.897898 1.270742
153 -2.394805 0.576225 -11.019605 0.894325 274.931737 0.088832 46.506093 1.616718 249.661662 1.176948
153 -5.255200 0.783149 1.412934 4.157030 278.789576 0.737050 -38.566614 1.747115 346.672297 6.897739
153 -1.990370 0.674138 -73.604426 1.687710 338.215643 0.703191 -68.656918 4.528993 204.782594 0.368079
153 -3.178679 0.693364 -70.032430 1.137595 314.407136 0.202380 3.844128 4.460453 146.071584 2.744697
153 -7.328268 0.159855 -83.955322 0.722458 331.480159 0.472495 57.934078 4.090014 17.749832 11.043875
153 -3.841121 0.769711 78.816111 0.708625 287.629797 0.420873 75.241078 2.331251 299.239435 4.069580
153 -2.980885 0.759149 -30.572413 4.685257 301.235673 0.392989 -48.565704 0.537592 285.682400 2.349109
153 -2.300752 0.789797 -26.574264 0.804569 268.757468 0.018719 -51.872422 0.162089 201.530076 0.988842
153 -2.290299 0.580132 -27.131979 1.847073 225.423457 0.300143 -39.162279 1.255584 311.676344 0.967937
153 -2.052107 0.719894 -65.928675 2.070751 322.611882 0.622489 64.212768 3.567213 282.064786 0.491553
154 -3.469533 0.791414 -87.979601 0.320784 316.732225 0.507438 8.600410 1.902620 202.590371 3.326405
154 -2.322793 0.796887 -12.406924 4.468951 281.198487 0.675378 -67.191087 1.687228 314.812934 1.032925
154 -1.873302 0.679863 -72.049695 1.536221 337.103720 0.688207 -63.689517 4.556338 203.431462 0.133943
154 -3.147427 0.589103 -21.901426 2.078537 322.925637 0.207019 -14.445942 0.145852 185.203739 2.682192
154 -2.048742 0.614279 -67.204695 1.799017 303.711269 0.784690 -83.893392 4.985205 302.447689 0.484823
154 -2.577342 0.776905 -2.212603 0.103056 290.251670 0.407894 33.125065 2.091835 288.478799 1.542023
154 -1.908711 0.604299 -84.015925 1.664968 341.593325 0.258579 83.490954 2.620125 246.660786 0.204761
154 -2.062028 0.733400 -58.680691 1.823668 328.269791 0.145675 -44.734419 5.105420 223.808753 0.511395
154 -2.270727 0.591090 -74.378391 1.277272 307.007067 0.251934 -12.884314 5.041344 310.460247 0.928793
154 -2.514674 0.710353 -66.497835 2.268962 321.330334 0.639792 56.221881 3.825258 291.782360 1.416687
155 -2.420288 0.441778 -48.727267 2.661022 335.541696 0.786918 79.914454 3.250552 263.594725 1.227915
155 -2.718780 0.158903 -42.205608 2.887845 292.877028 0.569995 -23.464437 1.921903 345.113117 1.824899
155 -1.896600 0.667364 -76.124532 1.475885 347.494433 0.274255 -66.450357 1.919366 151.465362 0.180539
155 -4.848223 0.704745 -84.578315 0.933255 318.848655 0.753177 -53.891429 1.889292 139.523747 6.083783
155 -2.561636 0.571369 -84.502329 1.523509 313.010239 0.766152 -69.659027 5.234120 336.799881 1.510610
155 -2.659578 0.775364 -9.665473 0.596526 287.069810 0.245317 24.322252 2.079012 307.223312 1.706494
155 -2.198670 0.509646 74.582661 1.172750 339.791463 0.109065 -57.763307 2.630209 249.299286 0.784679
155 -3.289693 0.732369 -75.541068 1.962514 347.150704 0.064231 -59.509225 5.041348 202.010583 2.966725
155 -3.380541 0.693785 -1.531801 2.090658 348.482999 0.307465 -18.941940 2.310765 313.972442 3.148421
155 -1.986252 0.706452 -68.708680 2.064076 337.334905 0.613032 88.388392 3.052944 227.239299 0.359842
156 -2.875850 0.371891 -58.916516 2.899264 329.196181 0.213504 70.317841 2.963318 309.692866 2.139037
156 -4.957404 0.203860 -61.997461 2.647921 310.443555 0.477382 -15.542122 1.044313 285.541744 6.302146
156 -2.458881 0.790451 -65.627215 0.729287 273.320228 0.238542 -42.614111 2.977623 279.962354 1.305101
156 -2.055452 0.587044 -89.739079 1.012129 317.849336 0.421707 -61.406791 4.661128 287.220412 0.498243
156 -4.162628 0.537956 79.942113 0.528157 329.969220 0.111011 -67.623487 4.597504 240.021659 4.712595
156 -2.119196 0.701973 -2.259033 0.748443 284.215224 0.291913 24.839057 1.817642 313.631689 0.625731
156 -2.349280 0.667172 -65.045473 0.939439 289.292523 0.074380 -26.662137 3.442434 215.188092 1.085898
156 -2.053399 0.179574 -35.488830 1.962201 294.062777 0.685797 -38.256680 1.084778 288.652319 0.494137
156 -4.514690 0.647605 -15.631009 2.362345 344.252599 0.355116 -15.658348 1.712705 318.620300 5.416719
156 -2.640665 0.570386 -81.003264 2.439008 332.305148 0.053720 -77.203189 2.697101 277.182013 1.668669
157 -4.443745 0.412084 -62.548709 2.908351 305.118241 0.281500 83.497675 3.096192 335.622606 5.274828
157 -3.178874 0.263537 -44.634144 2.272692 294.082783 0.354052 -27.857315 1.681719 287.614516 2.745087
157 -2.430065 0.705147 -87.272027 1.568441 308.191671 0.247138 -58.329500 3.158934 308.019672 1.247468
157 -4.263492 0.552947 -47.002926 0.457002 236.644436 0.640501 47.362691 2.929795 311.109257 4.914322
157 -2.228792 0.548230 -75.224398 1.875776 299.424050 0.742264 -58.839236 2.747735 283.996775 0.844922
157 -2.023313 0.682229 -0.612552 0.685639 292.672490 0.374162 33.254675 1.210387 265.418729 0.433963
157 -2.341366 0.728948 -67.731265 0.561505 289.843865 0.044064 -37.361476 3.862062 194.884843 1.070071
157 -2.329607 0.648812 -31.194061 3.783616 334.664280 0.028825 -59.584567 2.934400 322.041268 1.046552
157 -2.555240 0.596798 -7.541021 2.431256 349.475766 0.343422 -2.403254 1.547717 306.664400 1.497819
157 -2.899088 0.530341 -72.697536 2.833137 321.473774 0.121783 -69.801772 2.317069 289.780598 2.185515
158 -1.815943 0.193445 -47.216930 1.280619 284.210047 0.524141 76.442867 4.436790 326.856695 0.019225
158 -2.370628 0.291659 -82.906776 1.346991 320.338064 0.605417 -51.223039 0.348905 193.454744 1.128595
158 -2.691796 0.254976 -71.318797 1.236775 292.330522 0.150011 -70.400951 2.712113 270.528375 1.770931
158 -3.452633 0.434123 -33.790036 2.627129 337.503592 0.595450 7.928647 2.330744 299.683951 3.292605
158 -2.176309 0.416905 -67.766695 1.075633 310.102492 0.537024 66.163200 1.796327 163.172374 0.739956
158 -1.869345 0.721514 -1.559036 0.503933 288.071939 0.432523 38.428727 0.904377 255.270610 0.126028
158 -3.089131 0.746029 -60.203357 0.435428 280.680281 0.788560 -21.844343 4.290218 195.459090 2.565600
158 -2.664844 0.706808 -30.520011 3.676513 331.259712 0.024177 -64.386484 3.305521 324.882073 1.717027
158 -1.977840 0.690676 -9.283888 2.050377 299.301115 0.343429 -22.862486 0.834096 294.002581 0.343019
158 -3.273362 0.679165 -42.407753 2.272347 298.352864 0.795040 -37.858805 2.851980 317.010669 2.934062
159 -2.002880 0.652520 88.328840 0.656392 295.285815 0.668854 -87.027822 3.765325 314.743534 0.393099
159 -2.777093 0.267853 -85.454274 1.251799 322.242695 0.628176 -43.112403 0.236312 191.996086 1.941525
159 -5.266003 0.248116 -71.771178 1.228217 292.356039 0.174879 -66.738214 2.726087 277.965388 6.919343
159 -2.401020 0.391497 -37.715953 2.828738 349.456410 0.376517 -3.146922 1.744516 257.698519 1.189377
159 -2.609143 0.279536 -86.422960 0.367929 293.677266 0.609398 67.670768 0.636702 156.774265 1.605623
159 -2.415523 0.788961 -6.154902 0.409016 282.405728 0.500992 38.699633 0.948862 248.589663 1.218385
159 -3.017882 0.689399 -55.906745 1.308337 306.206789 0.201491 -18.317374 4.616548 234.967428 2.423102
159 -3.698078 0.685384 -49.993111 3.142325 347.117040 0.747331 58.028292 2.584159 305.765991 3.783494
159 -3.008073 0.673043 13.030883 1.673152 287.697394 0.281111 -35.263932 1.169373 314.317041 2.403485
159 -2.663494 0.764566 -29.782553 3.232460 346.857858 0.767262 -52.169756 2.461183 245.762085 1.714327
160 -2.068649 0.761287 -84.346535 1.012363 336.065094 0.783144 65.989589 3.010894 260.233779 0.524636
160 -2.149522 0.260762 -85.259967 1.226972 323.167340 0.638575 -48.541657 0.174333 187.015415 0.686382
160 -2.135465 0.230427 -67.080865 1.460080 290.119258 0.186286 -67.670447 2.773538 283.541182 0.658268
160 -2.960921 0.438638 -35.479280 2.815449 349.405680 0.344679 9.223342 2.121472 261.890197 2.309180
160 -3.454420 0.278846 85.146700 1.052115 345.853715 0.457030 29.939993 1.468357 109.880734 3.296179
160 -2.032547 0.598384 14.734643 1.051680 347.526859 0.454826 -27.106936 0.448624 234.209354 0.452432
160 -3.336423 0.616012 -77.485944 0.359244 295.348948 0.722414 5.711118 4.643352 201.565771 3.060184
160 -4.712065 0.459194 -43.320849 2.811533 342.846552 0.706925 71.443391 0.969922 216.555774 5.811469
160 -2.161232 0.776766 6.170061 2.326122 319.197386 0.270975 -28.796846 1.574634 328.283886 0.709801
160 -4.287162 0.058982 -31.761036 3.907237 294.933960 0.780096 -64.011156 0.722921 255.739302 4.961662
161 -4.089278 0.051942 -76.288333 1.739205 343.784014 0.324524 -84.922978 2.480576 221.833783 4.565895
161 -2.814037 0.576734 12.298126 0.578657 333.520205 0.507533 -75.874458 1.297037 173.334319 2.015413
161 -2.794733 0.268910 -57.901922 1.742398 279.000534 0.245708 89.524307 2.737901 308.784296 1.976805
161 -2.140413 0.416553 -7.202038 3.356212 348.489669 0.306408 -17.371470 2.072183 337.396030 0.668165
161 -2.533834 0.790129 -82.003492 0.407358 342.923223 0.205617 72.144796 1.938967 158.229952 1.455005
161 -4.509849 0.707702 -85.541309 1.671702 299.554410 0.204667 -33.194924 1.177768 252.614629 5.407036
161 -3.302383 0.656181 -81.133619 0.369215 302.005113 0.692422 16.288849 4.906415 206.548484 2.992104
161 -2.334884 0.393895 67.000157 0.188909 263.263474 0.586731 54.171104 2.370341 301.058608 1.057107
161 -1.937180 0.781122 -22.414865 2.745830 269.506676 0.335880 -21.572229 1.161664 327.538440 0.261699
161 -2.878079 0.509008 -0.371976 0.149445 241.753667 0.014223 -67.906295 0.727980 235.798713 2.143497
162 -2.192861 0.046240 -83.831866 1.693363 336.328087 0.403526 87.263451 1.957064 216.754718 0.773060
162 -2.538407 0.293527 8.002282 1.503785 338.946759 0.434895 -75.726798 1.450099 208.257149 1.464152
162 -2.973281 0.366843 -20.971786 1.340258 256.068449 0.307453 -51.386886 2.669710 332.159411 2.333901
162 -2.096537 0.410569 -0.834080 3.370937 348.033901 0.294427 -15.551630 2.187995 349.327598 0.580413
162 -3.434823 0.734101 -10.225547 0.128144 287.782541 0.233263 33.315757 0.974092 221.432953 3.256984
162 -2.331553 0.654161 -14.005392 0.942688 274.938471 0.744556 83.925964 1.351661 209.926621 1.050444
162 -2.129224 0.394151 89.150530 1.072257 314.999493 0.600327 78.374836 4.340960 311.154184 0.645786
162 -3.618680 0.473566 -80.894412 0.247622 308.626390 0.678936 41.849791 2.258380 51.462603 3.624699
162 -4.049580 0.213649 -78.441510 1.408193 344.006722 0.790358 -21.720969 0.936096 178.433472 4.486498
162 -3.157587 0.515647 -16.931625 1.711688 304.454629 0.427144 72.733691 3.736680 300.833571 2.702513
163 -3.929738 0.460127 -84.063206 2.448386 311.474971 0.392388 -80.631843 1.988788 262.865968 4.246814
163 -2.220762 0.243790 3.102006 1.363114 307.342948 0.046535 -50.936793 0.995933 227.205952 0.828862
163 -4.548721 0.783922 -25.608376 1.126299 286.713368 0.378460 -30.313675 5.100550 337.704186 5.484781
163 -3.104866 0.370126 -14.478152 3.781983 304.616761 0.345260 -21.042436 2.031099 344.982719 2.597071
163 -2.715223 0.763860 0.835028 0.108998 286.131582 0.204662 22.666934 1.167849 234.390804 1.817784
163 -2.027449 0.642019 -15.107602 0.893146 280.588143 0.784236 -81.364434 1.142164 186.709622 0.442237
163 -1.950643 0.396995 80.799258 0.990511 326.699462 0.610106 66.276430 3.733626 291.270060 0.288625
163 -2.523345 0.479466 -61.480738 1.207278 268.915238 0.537208 55.026984 3.088716 349.427254 1.434029
163 -2.402397 0.767819 82.994508 0.186028 338.529325 0.281868 15.512096 0.741001 202.786797 1.192133
163 -2.797023 0.493562 -7.236293 1.393027 315.150657 0.498385 71.013202 2.504233 263.000081 1.981384
164 -3.565296 0.513960 -46.326863 2.754396 310.086544 0.242844 -77.003316 2.466366 287.851868 3.517929
164 -2.699035 0.263665 1.849339 1.300002 314.913947 0.003861 -34.039925 1.348380 222.867754 1.785408
164 -2.438236 0.679913 -22.598881 1.921804 281.767045 0.242974 -67.754848 2.855579 304.410245 1.263810
164 -2.269834 0.301926 -20.594161 3.434599 334.865095 0.340256 -58.440970 2.263061 297.265202 0.927006
164 -1.846368 0.704657 -15.084671 1.430721 268.343886 0.124894 -17.673402 1.042484 280.129738 0.080074
164 -2.450012 0.585830 -15.990478 1.006760 281.640857 0.790484 -87.972089 1.071064 204.298652 1.287363
164 -2.061628 0.329033 76.535320 1.567626 322.405494 0.276958 86.364783 4.162049 336.165104 0.510595
164 -2.477593 0.476674 -61.504880 1.222693 269.173495 0.534115 54.407338 3.075714 349.260010 1.342524
164 -2.846379 0.787152 89.528774 0.175361 344.302151 0.488367 6.462962 1.143197 170.063143 2.080097
164 -2.398960 0.498851 -0.692978 1.320944 315.859303 0.463366 75.803171 2.430581 262.180867 1.185258
165 -3.628348 0.521250 0.694430 1.051561 329.669993 0.302819 9.431570 1.938015 207.418211 3.644035
165 -3.589263 0.227932 -19.739406 1.324269 309.961051 0.750237 -32.066417 1.490748 231.951995 3.565864
165 -2.009770 0.389622 -0.002338 2.178691 288.928794 0.082286 -47.944047 2.362004 333.539239 0.406879
165 -1.965354 0.387227 -36.374616 3.032725 347.626504 0.461486 -45.728751 1.858523 259.742546 0.318046
165 -2.050601 0.486731 -10.615167 1.968227 308.138441 0.493389 -45.246617 1.152855 280.089505 0.488541
165 -2.411674 0.621365 -17.584902 0.738377 278.387773 0.019884 -85.170348 1.124608 206.400531 1.210686
165 -2.442212 0.772547 -68.923605 0.939997 319.694206 0.787245 -2.668422 3.264592 233.936802 1.271762
165 -1.854779 0.613977 -66.117750 0.971169 264.748887 0.550737 38.779987 2.821197 339.106475 0.096897
165 -2.859381 0.757806 -83.944080 1.460085 337.748305 0.448401 -78.331113 0.351950 170.632151 2.106100
165 -2.665275 0.495211 -6.393177 1.396598 312.816383 0.453912 72.373370 2.502801 268.234103 1.717889
166 -1.909070 0.517390 -4.330989 1.076786 324.119665 0.752249 -29.542560 0.154400 238.100115 0.205478
166 -2.372544 0.175549 3.465090 1.756404 304.565045 0.535566 -20.945924 1.048971 284.781671 1.132426
166 -2.023221 0.416020 -7.353845 2.116932 294.384847 0.745098 -75.950895 3.144971 311.977597 0.433781
166 -2.655250 0.401557 -34.299419 2.939735 321.218916 0.469278 -47.524507 1.100237 277.125768 1.697839
166 -1.959869 0.653149 -8.289209 0.926175 274.811883 0.458227 -58.156773 1.475099 265.314520 0.307076
166 -1.871545 0.516867 -20.825416 0.326250 235.553826 0.794305 -75.971341 0.296319 198.452661 0.130428
166 -4.054673 0.763617 -79.114759 1.398613 299.040387 0.771393 -43.128757 5.020835 310.860147 4.496685
166 -3.059281 0.640006 -61.375544 0.594642 302.553942 0.348833 1.619101 1.788684 97.645687 2.505901
166 -1.884690 0.662698 -59.841221 0.717750 251.108082 0.467642 -55.316223 0.714772 219.314962 0.156719
166 -2.740302 0.542623 -19.247651 1.511951 297.079816 0.402998 67.908673 2.368038 268.306931 1.867943
167 -2.017033 0.494843 4.258069 1.391320 324.081412 0.758093 -33.827202 0.398172 266.433776 0.421404
167 -2.326035 0.215233 -8.247787 1.496607 293.106392 0.428073 0.818848 1.212201 285.142423 1.039409
167 -3.458917 0.510628 0.449504 1.498587 307.739006 0.119161 -70.869860 3.812612 312.492804 3.305172
167 -3.306118 0.382324 -33.856095 4.323607 324.057356 0.388851 -45.367580 1.231318 283.503528 2.999575
167 -2.518941 0.640275 20.838619 0.106417 289.719795 0.654271 -66.363990 2.202337 250.334224 1.425221
167 -1.922607 0.521468 -17.553324 0.255109 235.024397 0.784525 -75.348201 0.167966 195.777904 0.232553
167 -2.709485 0.354146 -58.621335 2.030682 321.510773 0.100852 77.866083 3.672763 295.788371 1.806308
167 -2.951544 0.587742 -77.750140 0.788829 314.492514 0.097075 73.070348 2.741655 119.945908 2.290427
167 -2.987162 0.669572 -77.151572 1.706238 283.562681 0.394218 -63.926167 1.496275 260.025979 2.361662
167 -2.298187 0.596085 85.596356 0.434716 317.019024 0.401369 8.072761 0.609240 187.017987 0.983713
168 -2.402733 0.502845 4.326485 0.814518 258.977255 0.654442 -74.263976 2.508227 301.453148 1.192804
168 -2.719297 0.480131 -23.552944 1.716653 321.673254 0.480651 -0.823619 0.377429 231.617230 1.825932
168 -2.456479 0.536013 -78.489288 0.909907 339.173437 0.774396 -59.744349 4.618869 65.835408 1.300296
168 -2.159636 0.493638 -32.406314 3.298099 341.329658 0.322473 -40.675027 1.969607 286.188033 0.706610
168 -2.776367 0.699823 33.885819 0.236824 260.593260 0.620268 -40.951289 2.030620 327.113724 1.940073
168 -3.270220 0.486675 -14.713114 0.277470 251.665448 0.007223 -75.934531 0.417700 191.834262 2.927779
168 -1.826187 0.418768 -61.079428 2.664022 347.170747 0.107332 73.478403 4.036149 292.844585 0.039712
168 -3.386429 0.482395 -31.453683 3.511729 342.245226 0.377566 -2.310259 0.843212 264.475619 3.160196
168 -2.323225 0.597147 -89.740011 1.374052 330.197782 0.019198 -51.899118 1.132970 215.066328 1.033788
168 -2.361840 0.625263 -84.142562 0.527705 319.982538 0.439034 -12.958336 0.545751 188.911317 1.111019
169 -1.922017 0.252982 70.259089 1.490592 319.970979 0.331796 -72.848251 4.145722 309.624435 0.231373
169 -2.453395 0.501333 -68.852051 0.409060 223.407183 0.598392 37.454873 1.927412 333.274840 1.294128
169 -3.226646 0.635059 89.181349 0.565935 341.847297 0.064473 -38.331574 4.163790 52.449566 2.840631
169 -2.420335 0.414533 -23.373840 3.201635 347.535039 0.273070 -43.879989 2.614975 289.213469 1.228009
169 -2.602135 0.734730 12.068129 0.447184 262.723618 0.551819 -38.115277 2.174942 323.367104 1.591609
169 -2.496403 0.612599 -27.509862 0.552460 263.180864 0.750286 -57.817868 0.538437 167.249814 1.380145
169 -3.987414 0.517368 -58.073634 1.954359 311.135672 0.187622 35.265560 3.594544 317.626814 4.362167
169 -2.273818 0.639176 -43.314230 3.561940 343.838602 0.414392 -17.146110 0.826822 266.986283 0.934974
169 -2.908644 0.469844 -14.392265 2.020832 288.259671 0.792141 -40.530843 0.835235 349.628480 2.204626
169 -3.163410 0.646069 -80.407985 0.295582 311.242893 0.513321 -22.477020 5.274987 169.218315 2.714158
170 -2.138146 0.255704 79.942505 1.711333 336.523565 0.194979 -60.567031 4.987162 315.796633 0.663631
170 -3.378638 0.453919 -60.343759 0.487647 193.361197 0.615046 47.958900 1.863128 342.401875 3.144615
170 -2.183003 0.786681 -87.536127 1.226075 316.711613 0.775563 -69.742621 4.690458 349.207005 0.753345
170 -2.909989 0.016389 15.378326 0.474344 208.399374 0.799950 -39.502623 0.205820 320.150076 2.207316
170 -2.450552 0.790095 12.929401 0.501206 224.141022 0.512702 -49.343580 2.052629 344.959808 1.288441
170 -2.098473 0.600712 -76.062645 0.960610 325.211508 0.146602 30.615387 1.721980 164.483586 0.584285
170 -3.302137 0.606646 88.690397 2.224987 335.195961 0.137274 39.693854 4.252808 339.666649 2.991612
170 -2.522094 0.625208 -34.296438 3.223959 323.004522 0.451594 -25.536276 0.143783 251.164923 1.431526
170 -2.123678 0.458883 -12.304432 1.748455 290.893378 0.793753 -35.424392 0.642570 326.050789 0.634695
170 -1.949624 0.732723 -66.674990 1.544341 349.773778 0.449175 -1.536470 1.044122 128.249686 0.286586
171 -2.636476 0.218155 68.244304 1.583461 338.829669 0.154449 -74.826963 5.284841 316.495514 1.660291
171 -2.491506 0.678521 -80.133451 0.973922 276.742773 0.608912 55.232827 1.631195 308.266873 1.370350
171 -1.906608 0.641187 84.507835 0.898546 314.325371 0.603000 -69.677145 4.882111 319.901880 0.200554
171 -3.313754 0.752485 24.818699 0.479317 215.423197 0.738162 -46.720523 0.461398 334.335930 3.014847
171 -2.459738 0.756023 15.484563 0.580732 230.874704 0.479930 -51.729604 2.320155 348.031699 1.306813
171 -2.319631 0.593636 -75.522164 0.663628 296.449924 0.189513 22.841574 1.927134 188.102726 1.026600
171 -2.222668 0.613951 -74.161764 1.744592 262.705978 0.038279 -85.243680 2.686208 342.094831 0.832674
171 -1.992352 0.760669 -23.009388 2.580910 325.219497 0.277153 -29.122978 0.201974 239.110550 0.372042
171 -3.464332 0.509400 -4.465038 0.857125 255.926775 0.789828 -30.711924 0.716989 299.413073 3.316003
171 -2.346128 0.692126 -67.043549 2.043354 318.842402 0.144341 16.637182 0.283070 187.781967 1.079595
172 -3.364959 0.179295 68.072747 1.590906 338.588905 0.144900 -67.900894 5.195779 303.044744 3.117257
172 -2.125982 0.750929 -74.152526 1.384618 304.905976 0.397421 47.474648 2.054039 291.796398 0.639303
172 -2.742303 0.667693 85.058123 0.748370 306.141234 0.636663 -46.298194 4.933629 325.075175 1.871945
172 -3.894039 0.609984 3.146152 1.478261 342.214107 0.638946 -64.881167 0.418384 157.971310 4.175416
172 -1.988868 0.024897 74.056549 1.784081 333.587292 0.688101 -58.495691 1.647941 230.791368 0.365075
172 -2.781142 0.675521 -68.099967 0.676507 285.668712 0.173479 2.773015 1.541294 155.942668 1.949622
172 -3.535282 0.611963 -68.099876 1.986545 262.922635 0.052139 78.608458 2.565309 345.728510 3.457903
172 -3.710854 0.557897 -89.901720 0.246670 314.863770 0.750461 55.965051 3.711608 233.159858 3.809047
172 -2.413040 0.562518 -19.708671 2.147342 320.847139 0.765488 -76.733518 2.871696 255.619605 1.213418
172 -2.672237 0.706967 -69.073605 2.068021 317.459886 0.149048 11.844184 0.188307 189.102175 1.731812
173 -2.007759 0.541934 56.183977 1.316555 303.659394 0.798965 -63.841555 1.894285 295.038693 0.402856
173 -2.623179 0.719938 -68.808004 1.265564 298.478264 0.419178 48.174866 2.362805 303.201784 1.633696
173 -2.311226 0.719967 -75.285031 1.298502 298.470952 0.507615 -39.160052 4.713568 337.811364 1.009790
173 -2.471309 0.755848 -76.074143 1.896144 320.086472 0.400667 45.294378 1.037552 241.400866 1.329956
173 -2.764565 0.020544 81.695176 1.826236 334.723622 0.745767 -54.195723 1.616889 223.892696 1.916468
173 -2.436166 0.670815 -60.996509 0.703594 289.226987 0.129238 10.441790 1.750997 165.257333 1.259670
173 -2.030675 0.549684 -63.590650 1.412089 284.543506 0.329931 -83.931910 2.494747 260.070773 0.448688
173 -3.352483 0.636551 82.006255 0.256941 300.209044 0.036549 65.619212 3.641046 280.147300 3.092305
173 -3.066944 0.637915 -17.980736 1.712459 314.412071 0.765041 -50.030319 3.310198 264.605058 2.521226
173 -2.707899 0.650730 -50.338042 0.377815 254.035430 0.255458 46.840522 0.819344 193.483047 1.803136
174 -3.421694 0.605623 44.787409 1.841375 305.945222 0.715067 -57.785189 0.756620 269.996674 3.230727
174 -2.269990 0.731760 -73.117221 1.364662 293.794795 0.373204 52.618524 2.604864 321.121269 0.927318
174 -2.011447 0.725579 -80.914317 1.830647 323.775856 0.417255 -33.061974 4.800358 338.367037 0.410233
174 -2.178084 0.762451 -70.597578 1.663935 325.016069 0.364991 50.360924 0.913069 216.478660 0.743506
174 -1.983290 0.761254 7.713662 0.172997 321.159811 0.422578 -36.412756 0.624214 215.665897 0.353919
174 -2.228479 0.738765 -63.283935 1.723240 302.112638 0.508103 87.144513 0.232179 173.902650 0.844296
174 -2.322769 0.480009 -80.488740 1.140227 278.268835 0.174543 72.013910 1.828561 258.752094 1.032877
174 -2.589316 0.707002 84.600338 0.089879 310.577574 0.792212 78.906150 2.075040 177.869517 1.565971
174 -3.857766 0.593376 -18.505650 0.962181 322.235407 0.781468 -22.505876 2.350194 153.388913 4.102870
174 -2.831615 0.369200 -71.818134 1.269610 334.745276 0.605085 30.485297 3.462662 179.662808 2.050569
175 -2.759429 0.458393 88.837664 0.466252 316.271838 0.486217 80.095537 2.189979 154.970483 1.906197
175 -2.785648 0.696678 -78.715427 0.405390 333.197351 0.283927 77.674244 0.886290 63.987315 1.958634
175 -2.686489 0.634770 -77.719169 2.116826 336.354806 0.451096 -0.718948 5.287391 334.012628 1.760316
175 -2.872467 0.660072 -81.285975 0.639319 329.861451 0.275505 44.622076 0.306729 176.097003 2.132272
175 -3.271636 0.773624 18.258533 0.283509 309.819097 0.368036 -34.782730 0.827622 239.516136 2.930611
175 -2.695006 0.538285 -6.510565 1.320038 324.430007 0.008450 87.298373 1.044907 189.866859 1.777350
175 -2.293752 0.436736 -82.971083 1.223819 273.449384 0.093178 59.688541 2.038645 305.923064 0.974843
175 -1.936491 0.737691 -66.136115 2.047424 315.405539 0.483167 41.091294 2.494843 286.182619 0.260320
175 -5.135590 0.697403 -20.605364 1.641059 320.711708 0.293641 -7.278000 5.283009 345.195351 6.658519
175 -3.509295 0.231311 85.705772 1.772340 347.400362 0.777059 68.160957 3.158575 304.612041 3.405928
176 -2.512771 0.385816 77.953728 0.702675 297.300389 0.574441 58.261445 5.272422 341.928887 1.412881
176 -2.844337 0.735019 -80.980017 0.373422 343.297622 0.265378 73.972534 0.625135 81.726910 2.076013
176 -2.168389 0.688884 -72.930633 2.344507 344.181908 0.442871 -2.406922 5.211113 320.905764 0.724117
176 -2.204560 0.786471 -31.324000 2.401532 303.236405 0.430264 21.988077 1.290598 274.245832 0.796459
176 -4.443391 0.464943 -8.040379 2.407040 343.518384 0.291460 16.081042 3.883206 335.361759 5.274120
176 -2.727295 0.464840 -8.706954 1.071429 323.043200 0.031994 -79.275015 0.413978 150.021001 1.841927
176 -2.386962 0.383444 89.081678 1.212001 278.940235 0.071542 83.173184 1.947149 285.437365 1.161262
176 -2.583019 0.742235 -72.296754 2.181603 319.111850 0.523811 41.788255 2.518834 286.060577 1.553376
176 -6.591567 0.593127 -87.784234 1.975825 300.386317 0.749428 73.646906 0.436259 180.816383 9.570473
176 -3.670184 0.254599 79.316442 2.614990 324.792616 0.153277 75.430196 3.608545 344.583304 3.727707
177 -2.771961 0.341712 72.549263 0.604915 315.639655 0.726407 53.532199 4.034930 286.148330 1.931260
177 -1.990967 0.030755 -54.058246 0.581797 244.742488 0.642660 43.656824 2.058028 347.884566 0.369272
177 -3.063790 0.729139 -68.111920 2.215713 324.037343 0.553039 11.432993 4.856309 338.704041 2.514918
177 -2.785304 0.758770 -47.717221 2.071034 318.928217 0.484051 18.751887 1.716082 222.078340 1.957946
177 -3.184714 0.798764 -26.773883 2.938642 327.245149 0.001240 -57.526664 2.622152 259.143603 2.756765
177 -2.093304 0.608469 -8.565117 2.145787 248.136859 0.620779 -48.954022 1.257256 327.618035 0.573946
177 -1.816933 0.429672 -81.804614 0.581553 273.661738 0.787601 88.179609 1.951609 223.527000 0.021204
177 -2.999600 0.744219 -14.020149 1.484125 294.143870 0.040544 17.343858 3.208672 320.179769 2.386539
177 -1.865843 0.636131 -81.356727 1.043161 324.795645 0.756620 85.200038 0.283110 153.285652 0.119025
177 -3.352712 0.109609 -73.826575 2.543273 322.621542 0.499863 89.965168 3.812862 329.636502 3.092762
178 -2.403566 0.462450 -69.998412 1.404514 303.722458 0.667504 44.924535 4.132107 312.805686 1.194471
178 -1.977340 0.009607 -57.296704 0.508861 244.554480 0.651217 47.226885 2.041519 342.815424 0.342018
178 -2.874220 0.708739 -59.767588 2.013943 322.051871 0.598691 17.389121 4.987449 344.030542 2.135777
178 -1.864759 0.797906 -66.995840 1.852533 333.583366 0.418713 24.876898 2.161637 218.286981 0.116856
178 -3.082212 0.686643 -27.435547 2.468811 330.255062 0.026959 -13.394618 2.207068 240.374561 2.551762
178 -2.361337 0.523365 -8.520346 2.780592 318.459106 0.578978 -54.811213 0.714252 252.237016 1.110012
178 -3.952356 0.456590 89.305657 0.621848 302.451625 0.691781 85.528111 1.983780 149.289995 4.292050
178 -3.501929 0.533683 -3.347555 3.519779 269.042427 0.682342 -68.966590 0.747761 275.225342 3.391196
178 -4.931670 0.739855 -57.298267 0.962241 332.743161 0.745520 70.725893 4.363860 161.538999 6.250678
178 -2.582362 0.588366 -57.849109 1.557127 276.361828 0.473079 -84.645527 1.393458 222.125077 1.552063
179 -3.206339 0.184746 82.448934 1.628545 316.455099 0.710334 72.374116 4.083003 344.880191 2.800016
179 -2.282166 0.081878 -50.484567 0.188028 236.782372 0.764091 48.013694 1.991860 321.064001 0.951670
179 -2.063918 0.461055 -17.139474 1.497493 286.298962 0.549394 2.488272 0.623539 277.148319 0.515174
179 -2.159135 0.508104 -34.929999 2.238569 342.226428 0.418982 -21.735975 0.502951 186.062738 0.705609
179 -2.431756 0.103699 58.303881 0.158299 241.849702 0.392441 46.507738 1.861435 287.634770 1.250851
179 -1.987243 0.503484 -26.171645 3.017607 344.841407 0.602241 -63.833106 0.326946 204.187614 0.361825
179 -1.907166 0.331025 -26.629097 0.547602 232.066752 0.780706 -63.892448 1.846076 264.893108 0.201670
179 -3.569552 0.725446 -83.659499 0.423660 333.761298 0.615631 -29.798427 2.811320 185.769542 3.526442
179 -2.798341 0.755138 -73.019342 0.910195 307.859288 0.774201 -82.651010 4.751578 155.606424 1.984020
179 -2.758555 0.094011 41.068212 1.288766 295.420534 0.492854 -30.105664 0.619302 250.643032 1.904449
180 -4.023880 0.205769 -20.833848 1.398046 271.217207 0.712334 62.788387 0.588688 240.391977 4.435098
180 -2.098367 0.108500 -57.575741 0.165773 232.617942 0.779292 62.780806 2.384986 332.396020 0.584072
180 -2.518437 0.618969 -22.027815 1.672937 297.921898 0.350876 0.004904 0.858588 271.222561 1.424212
180 -1.960477 0.450451 -34.841751 2.088121 335.755130 0.409950 -24.590054 0.371059 191.584049 0.308293
180 -2.714073 0.089546 69.265922 0.195035 237.345454 0.395678 46.712514 1.735045 287.017066 1.815485
180 -2.005650 0.516115 -30.774558 2.932611 344.608741 0.613132 -58.656745 0.385997 200.712271 0.398639
180 -1.902551 0.361365 -25.734315 0.569975 235.521235 0.767773 -66.856675 1.754980 253.179484 0.192440
180 -2.935364 0.649933 -78.054123 0.448567 322.206721 0.499200 71.894565 3.655637 165.727739 2.258067
180 -2.988156 0.603335 -53.699100 1.347558 303.966745 0.608205 70.711431 5.229002 298.009127 2.363650
180 -2.200368 0.164537 21.551365 1.394836 288.464537 0.290108 -43.160024 1.137365 262.828514 0.788075
181 -3.085980 0.089741 13.647357 1.382826 287.273969 0.767574 68.359624 1.066428 242.562169 2.559298
181 -1.941225 0.776341 -65.496599 0.854538 225.958650 0.587812 -79.195324 2.700697 305.309212 0.269788
181 -2.446188 0.605830 -9.468343 1.882289 310.823699 0.311004 4.061135 1.187844 269.504239 1.279715
181 -1.892155 0.493099 -41.038784 1.978647 316.873909 0.411930 -37.707931 0.512248 198.382893 0.171648
181 -4.086798 0.125838 54.079372 0.431302 229.886850 0.312196 35.589465 1.615097 316.493058 4.560934
181 -1.825225 0.615410 -24.953748 2.985574 348.334110 0.537206 -62.478775 0.522718 208.022041 0.037789
181 -2.678522 0.360772 -47.717194 0.678797 219.851850 0.773278 -89.773417 1.976824 263.601594 1.744383
181 -5.525918 0.452196 -79.933334 0.821300 341.491417 0.403380 74.940553 0.152339 125.453458 7.439173
181 -4.964398 0.787854 -55.957325 0.985789 203.888149 0.664697 63.648601 1.649671 347.093619 6.316134
181 -2.825284 0.142890 14.324088 0.628710 252.248881 0.379374 -33.756482 1.484818 278.837062 2.037906
182 -2.753957 0.314217 83.424842 0.883539 306.313192 0.346023 13.360230 0.280817 197.635922 1.895251
182 -2.271907 0.687728 -49.462000 1.075989 241.153993 0.556044 72.186455 2.559631 296.083745 0.931152
182 -2.737528 0.757642 -8.474990 0.934939 323.095423 0.278399 13.107841 1.027404 252.855514 1.862393
182 -2.671011 0.692694 -27.718223 1.351482 302.015682 0.639823 28.337692 0.309304 194.032028 1.729359
182 -3.049779 0.799724 -48.867453 3.385500 250.364557 0.332035 -27.590767 1.460332 345.291643 2.486895
182 -1.949235 0.475440 -24.128482 2.167333 345.444814 0.347868 -66.497779 0.227049 172.346719 0.285808
182 -2.147366 0.335509 -42.945978 0.634413 233.583729 0.799914 86.210695 1.836184 243.454061 0.682071
182 -1.922469 0.040666 47.763300 1.529148 285.318588 0.771157 -48.591832 2.398147 316.477844 0.232276
182 -3.270657 0.680449 -57.297482 0.789779 188.178648 0.637181 51.794435 1.535190 331.359627 2.928652
182 -2.010454 0.078400 56.486785 0.609289 244.919403 0.490659 -49.959586 1.790225 290.088553 0.408246
183 -2.106779 0.284022 88.892585 0.899822 305.904844 0.347768 7.149227 0.316191 201.120072 0.600897
183 -4.265626 0.712225 -37.848865 1.395707 285.274496 0.558797 76.125540 2.167073 221.398789 4.918591
183 -1.981414 0.765656 -24.438008 3.670187 298.341844 0.366745 -4.821757 1.510495 341.290357 0.350165
183 -2.038090 0.706212 -63.218935 1.045465 291.023222 0.713536 53.953539 0.682940 166.296932 0.463519
183 -3.158098 0.750203 -53.739368 2.948420 248.032775 0.292392 -49.274411 2.092091 343.316790 2.703535
183 -2.189751 0.484541 -27.309354 2.141628 344.430491 0.350129 -67.281966 0.206415 169.322109 0.766841
183 -3.795733 0.576844 -29.528978 4.709189 319.147962 0.749011 -57.138389 2.447167 306.951828 3.978804
183 -2.496668 0.024244 67.676696 1.410164 281.880901 0.770498 -41.786252 3.364345 338.112439 1.380673
183 -3.549140 0.700636 -55.063858 1.016830 186.216400 0.639086 58.733364 1.734645 330.075861 3.485619
183 -2.029669 0.069863 57.602019 0.840416 265.129256 0.497133 -48.672488 1.853965 284.330271 0.446676
184 -4.913107 0.303725 -89.563043 0.760801 308.555550 0.185711 -23.117131 0.767844 141.479284 6.213553
184 -2.482196 0.732100 -63.543618 2.402266 310.035566 0.718572 62.026543 1.924686 252.101579 1.351731
184 -2.189932 0.714193 0.332809 3.984020 328.675728 0.439473 -31.567402 1.295964 343.091937 0.767202
184 -2.154466 0.648076 -88.592552 0.970798 345.052813 0.234394 40.205355 3.964741 243.762423 0.696270
184 -2.056760 0.781762 -41.517086 2.794858 276.557334 0.111683 -21.411265 1.897533 306.282789 0.500858
184 -2.019648 0.344390 -1.032081 1.522416 327.039200 0.435521 -70.555368 0.427768 194.593193 0.426634
184 -3.121295 0.578543 -28.710194 4.717168 318.093953 0.720477 -61.172066 2.457916 309.218021 2.629928
184 -2.304461 0.728013 -75.318187 1.375839 249.262061 0.683808 -51.665829 2.873224 342.445409 0.996261
184 -2.985343 0.605788 -38.975625 1.048891 224.689382 0.605812 60.680564 2.347387 335.979203 2.358024
184 -2.237548 0.078852 37.394309 0.673301 262.179650 0.461931 -57.569744 1.775124 269.036618 0.862434
185 -2.293189 0.257452 -70.167228 1.426590 323.070911 0.319382 -36.745943 0.184921 171.420216 0.973717
185 -3.792451 0.023282 -76.755671 2.819179 250.528789 0.741704 -71.592767 2.433673 344.813011 3.972241
185 -2.816076 0.692833 -41.329767 3.397383 290.391214 0.189491 7.311050 1.736772 317.233870 2.019490
185 -3.592774 0.642149 88.227915 0.968221 339.255277 0.381058 74.424842 4.028236 173.983571 3.572887
185 -1.837134 0.734632 -28.952362 3.080196 280.019978 0.150680 -46.441067 1.775081 316.628712 0.061606
185 -3.539179 0.738212 -27.110042 1.811945 322.422274 0.349547 -39.066129 2.361344 176.758330 3.465696
185 -1.979795 0.448625 -13.974234 4.329536 332.271404 0.643845 -57.476653 1.700052 318.392035 0.346929
185 -3.208431 0.523474 -89.119760 1.017049 242.412731 0.351673 71.371871 2.360645 319.094010 2.804201
185 -3.399588 0.619210 -84.283168 1.059496 268.651349 0.283692 -5.806413 1.324496 290.458916 3.186515
185 -1.884359 0.187997 33.400018 0.885593 244.601422 0.452469 -59.845306 1.955719 306.415322 0.156056
186 -2.080236 0.282690 -73.421334 1.232942 327.122505 0.304365 -28.460272 0.106627 161.885413 0.547811
186 -2.126660 0.029843 -43.565192 2.690997 278.570333 0.715012 -61.236287 2.339835 330.314115 0.640658
186 -1.960918 0.755938 -29.952533 2.873476 294.524479 0.220225 4.518334 1.596038 303.889714 0.309173
186 -3.690682 0.545270 49.216892 1.228941 328.651728 0.279463 68.729966 3.394090 325.409510 3.768702
186 -2.986906 0.785749 -30.469433 3.144214 271.389342 0.184634 -42.228281 1.483471 331.555129 2.361151
186 -3.385465 0.759490 -44.679856 2.358404 336.018310 0.282682 -48.827181 3.403552 196.127349 3.158269
186 -3.175051 0.585875 -8.338364 1.093064 303.535462 0.618124 14.212208 1.913676 283.652300 2.737440
186 -2.041452 0.445967 -82.482188 0.551118 274.115830 0.381404 65.858153 2.808000 267.023073 0.470241
186 -2.865536 0.561380 -68.012645 0.458989 276.900013 0.357535 -4.740242 1.564693 210.767607 2.118411
186 -2.058015 0.387786 -68.011600 1.235104 218.806477 0.571071 -51.317156 1.709268 322.907360 0.503369
187 -1.876834 0.228674 -73.639448 1.519108 338.022921 0.308680 -39.350532 0.120965 159.380758 0.141007
187 -4.040800 0.799053 -17.558651 2.804409 331.350201 0.656657 -37.901379 1.848858 246.532501 4.468938
187 -2.507406 0.728950 -36.144043 2.782199 282.925492 0.227427 7.757443 2.075814 316.600324 1.402151
187 -2.283871 0.458358 71.615972 1.526452 320.444280 0.243569 58.944821 2.941452 334.922607 0.955080
187 -2.140015 0.759372 -14.495877 3.470336 324.830208 0.766140 -67.614178 0.523421 243.172310 0.667368
187 -4.230162 0.749853 -15.943883 2.395635 342.190814 0.349608 -35.244506 3.716776 225.517068 4.847661
187 -3.105723 0.594393 -15.820254 1.432764 284.784992 0.395797 12.879281 1.800447 333.365901 2.598784
187 -3.648513 0.519303 -74.894309 0.969414 296.832207 0.296526 82.418392 3.562397 200.620905 3.684363
187 -5.753942 0.238178 -75.278580 0.677163 309.907303 0.535411 80.364179 2.736105 188.969357 7.895222
187 -1.914824 0.790824 -79.658394 1.022667 337.064311 0.524625 42.941554 3.491890 309.836591 0.216986
188 -2.702483 0.252201 -73.893215 1.388834 345.117290 0.316220 -27.883027 0.160024 144.690117 1.792305
188 -2.554558 0.725322 -28.351360 2.393973 324.513734 0.777883 -46.585891 1.576167 248.671761 1.496455
188 -1.845112 0.306643 -39.657374 1.389277 253.333589 0.674898 -45.127640 1.306521 295.316960 0.077563
188 -3.429042 0.442008 58.279983 1.637912 313.671767 0.071771 68.120025 3.184042 345.906475 3.245422
188 -2.141801 0.758053 -26.229298 3.183139 312.254825 0.769408 -61.482127 0.151246 248.800128 0.670941
188 -3.249150 0.704140 -27.489783 3.195724 324.179061 0.576418 -42.791833 2.077943 262.209877 2.885638
188 -2.243756 0.634987 -10.259473 2.073808 312.840739 0.547193 -40.131371 1.327185 311.055540 0.874851
188 -2.899721 0.539673 -78.988760 0.709763 310.425140 0.026398 72.570105 3.367828 149.041704 2.186780
188 -2.214010 0.353158 -89.409418 0.603498 295.066558 0.502968 83.480585 3.960209 253.980787 0.815358
188 -1.918677 0.711600 -85.631995 1.432313 338.668466 0.524112 -20.239072 1.576176 273.584148 0.224692
189 -1.940257 0.505878 -63.910301 1.291404 315.316259 0.357265 -65.114182 0.511865 149.806303 0.267853
189 -4.233454 0.756420 -30.097221 2.899110 345.845340 0.680403 -84.330483 2.143518 241.574195 4.854246
189 -2.534661 0.185483 7.546623 1.499642 287.167636 0.510719 -19.463824 1.299085 298.697326 1.456661
189 -2.044152 0.448281 66.513996 1.546342 325.875656 0.055189 76.749175 3.827970 345.119914 0.475642
189 -2.083966 0.730628 -13.795408 3.369093 315.848569 0.740058 -76.936318 1.180117 258.132362 0.555270
189 -2.107427 0.454668 -16.615858 3.054958 342.672523 0.789845 -57.303133 0.613001 265.500784 0.602193
189 -2.547633 0.025696 -33.988632 1.548905 267.763266 0.576627 -41.898309 3.080838 335.781211 1.482603
189 -1.972798 0.639194 -60.199938 1.369899 306.900002 0.293571 32.762058 1.281273 192.423775 0.332935
189 -1.897576 0.691955 -55.572722 0.535449 222.095987 0.601555 77.267987 2.929179 305.769048 0.182490
189 -2.543677 0.632483 -85.252593 0.636941 296.188438 0.480324 37.999767 1.911959 237.690249 1.474692
190 -2.438638 0.523397 -69.589397 0.696010 300.893845 0.189078 -31.920388 1.183029 134.303070 1.264615
190 -2.837875 0.325756 -7.786632 3.538108 323.787874 0.746597 -72.809690 0.977326 252.507007 2.063089
190 -3.536989 0.156317 7.729062 1.252849 295.810603 0.499210 -21.515509 2.178026 284.030635 3.461317
190 -2.136795 0.566998 -69.183367 1.358147 329.235690 0.732132 50.473048 2.970971 175.493263 0.660928
190 -2.279624 0.702926 -26.176902 3.035637 335.859066 0.115887 82.552888 1.747710 260.306584 0.946585
190 -2.625964 0.389919 -3.036284 2.440692 307.844892 0.755184 -66.838529 0.534389 246.860359 1.639267
190 -2.922013 0.028715 -43.171302 1.328367 259.680673 0.564974 -38.459270 3.068056 335.849590 2.231365
190 -2.251976 0.643471 -74.460577 0.734310 297.904752 0.287883 82.619244 1.862269 220.855095 0.891289
190 -2.573264 0.686319 87.793362 1.007876 293.458302 0.398908 -71.925465 1.912642 269.040635 1.533866
190 -2.535213 0.684780 -80.299623 1.125535 315.587017 0.487915 15.431421 1.802406 229.126262 1.457764
191 -1.936010 0.206961 86.605364 1.773745 340.856449 0.209458 -39.603787 1.766105 227.675561 0.259357
191 -2.770418 0.323695 -11.226061 3.593741 310.109747 0.764507 -70.013551 0.981680 267.093389 1.928175
191 -2.069669 0.143027 14.477600 1.352823 295.679454 0.498110 -43.341624 2.026902 283.729939 0.526676
191 -2.198677 0.648720 -69.694466 1.041406 330.972134 0.686929 56.724297 3.044999 170.327976 0.784692
191 -2.130853 0.670131 -20.787400 3.113331 329.003362 0.045947 59.998713 1.315917 264.481775 0.649045
191 -1.854897 0.516512 -9.687512 2.020293 308.930756 0.605879 -63.782371 1.535840 259.901526 0.097133
191 -2.023557 0.338051 -58.267411 4.015053 307.442526 0.653932 -60.256336 3.039811 346.233564 0.434453
191 -2.556501 0.797785 -39.928485 3.351479 343.010212 0.579807 -31.976932 1.416673 231.249066 1.500340
191 -1.872325 0.683680 77.010381 0.442589 285.291366 0.272572 -87.863022 1.627308 280.638857 0.131988
191 -3.033253 0.625706 86.821245 0.171295 304.558502 0.377754 25.484512 1.893797 197.263005 2.453845
192 -2.792591 0.047406 7.614694 1.450395 256.097127 0.570437 -66.775038 1.911201 300.150415 1.972520
192 -2.094565 0.555880 -1.463158 2.010936 303.388454 0.661254 -74.216607 2.262379 278.506101 0.576469
192 -2.376911 0.277686 -35.121893 2.430256 292.567530 0.360836 -9.916709 1.563652 311.372276 1.141160
192 -3.103060 0.706709 87.857580 0.223859 344.039361 0.452737 33.781492 1.338123 75.437201 2.593459
192 -2.589262 0.598852 -12.633806 3.407977 326.894076 0.021518 37.407995 0.978748 282.143614 1.565863
192 -2.399515 0.629927 -17.991398 1.449826 316.147081 0.451755 -40.308319 0.817486 221.108373 1.186367
192 -1.919916 0.529642 -46.118320 3.357260 311.432582 0.558405 -49.592912 2.780254 319.086072 0.227170
192 -2.071886 0.467183 -23.205928 2.456772 286.547749 0.513057 -45.687260 0.913125 281.062964 0.531110
192 -2.802798 0.703697 75.649540 0.431764 270.816371 0.183672 -86.612986 1.478511 301.089819 1.992934
192 -2.435051 0.482038 -80.539562 1.227269 292.833714 0.159855 -30.134664 1.548016 243.316530 1.257441
193 -2.357986 0.066517 34.208444 1.267049 265.301929 0.400503 -47.241479 2.242558 305.598038 1.103311
193 -2.437341 0.576151 -0.423840 1.667269 305.468539 0.682915 -80.779981 3.465908 298.685246 1.262020
193 -2.512115 0.138958 -28.022491 2.207021 339.726475 0.315558 -15.954407 1.364379 256.937454 1.411568
193 -2.087920 0.608620 -70.065115 1.780803 302.042675 0.176108 -30.818538 1.199693 239.913766 0.563178
193 -2.156169 0.604209 -13.160333 1.866747 344.275746 0.042313 76.203335 0.486934 198.362727 0.699677
193 -2.149577 0.328180 -19.901284 2.764848 341.789558 0.617476 -68.337956 0.842972 227.286118 0.686493
193 -2.053591 0.552265 -22.667721 3.246168 329.466657 0.582220 -72.059267 3.257489 310.341832 0.494520
193 -2.661691 0.461483 -27.278505 1.833733 284.693607 0.394414 -31.694276 0.314446 250.588419 1.710720
193 -4.801393 0.681217 -88.567771 0.891190 316.499541 0.785281 -50.210613 0.555396 190.112631 5.990124
193 -2.118011 0.463089 -67.780215 1.049493 273.814936 0.133653 -11.264997 1.735021 250.806948 0.623360
194 -2.234889 0.160296 -1.085190 1.069930 228.227800 0.449787 -67.557520 2.042983 315.223124 0.857117
194 -2.774444 0.481973 26.172695 1.799492 300.931244 0.740947 -57.102379 2.508187 310.434973 1.936226
194 -2.849777 0.105390 4.636137 2.237954 346.195769 0.353578 -2.970298 1.289971 257.629029 2.086892
194 -3.899189 0.625201 -60.901240 1.856854 314.376428 0.089926 -11.755825 1.361608 234.748982 4.185717
194 -3.850619 0.395179 -34.725162 2.959131 340.163997 0.787984 78.881418 1.115298 217.370088 4.088575
194 -1.929871 0.339242 -29.945913 2.105578 337.943898 0.394869 -56.521100 0.859639 192.415625 0.247081
194 -2.763126 0.559882 -25.550152 3.552214 337.497261 0.538713 -81.443367 3.091683 315.700319 1.913591
194 -2.432174 0.398309 -18.936919 1.569588 284.908179 0.403643 0.106831 0.425239 257.807084 1.251686
194 -2.022161 0.417926 41.345937 0.088658 263.161692 0.711038 84.835106 2.282055 268.770093 0.431660
194 -3.394910 0.456137 -16.185409 0.473102 268.347237 0.735480 -47.014322 2.777411 236.152934 3.177159
195 -2.157228 0.002680 27.924412 1.797095 259.544514 0.459621 -57.508014 2.487463 326.559470 0.701795
195 -1.938149 0.464761 7.216182 1.700197 294.817355 0.609374 -69.269888 2.754307 312.301358 0.263636
195 -1.988145 0.098125 11.482322 1.830662 342.144635 0.333385 -26.641829 1.250490 237.106437 0.363629
195 -2.071118 0.777794 -69.788943 2.888989 329.107742 0.179123 -41.504920 2.553849 282.866766 0.529575
195 -3.938439 0.701192 17.516771 0.200288 264.905886 0.259505 28.383039 0.900084 276.990053 4.264216
195 -4.165536 0.371742 -86.149267 2.394594 308.626693 0.748467 -65.783079 2.099979 282.997489 4.718410
195 -2.256114 0.579791 -22.436423 3.522633 334.949796 0.545317 -83.416309 3.181508 320.044885 0.899567
195 -1.882266 0.126459 -71.316033 0.296769 247.321670 0.415623 66.855128 1.583678 250.536901 0.151870
195 -2.219057 0.465594 40.120277 0.240733 270.778427 0.695928 81.547702 2.305707 267.671558 0.825453
195 -2.297584 0.630391 -63.752751 0.876890 250.122426 0.038452 -1.668135 4.434056 347.032786 0.982506
196 -2.390297 0.778217 22.540002 1.690092 272.394344 0.531336 -59.740557 2.007267 348.405429 1.167932
196 -2.656110 0.459649 -80.138718 0.738220 299.627713 0.538621 -37.616424 1.769554 198.620055 1.699557
196 -1.970960 0.099021 13.607550 2.222633 336.147549 0.332952 -36.569477 1.313569 257.911656 0.329257
196 -1.872517 0.632887 -0.111698 0.390275 254.650079 0.186080 20.891953 1.421380 291.799692 0.132373
196 -2.230085 0.642167 -85.175839 1.283121 344.571699 0.061350 6.081831 2.367209 189.860306 0.847509
196 -2.214570 0.368173 -87.831182 2.592735 311.188806 0.775598 -59.417284 2.011394 290.799963 0.816478
196 -1.870421 0.611174 -7.663170 3.338189 345.592156 0.634659 -80.358244 3.076585 316.483683 0.128180
196 -1.982746 0.107683 -69.526378 0.367893 250.683343 0.443770 64.362737 1.678046 251.346881 0.352830
196 -3.026769 0.359509 32.381306 0.286693 258.509391 0.762387 72.802080 2.363960 276.136050 2.440875
196 -2.589412 0.554000 -75.045408 0.730592 277.388917 0.077451 33.306896 5.047829 308.366369 1.566163
197 -1.850399 0.652605 2.316479 1.604773 315.138467 0.490285 -19.031070 1.178125 317.622016 0.088137
197 -1.950988 0.555419 86.561953 1.237447 325.885166 0.561095 -59.048340 1.848039 239.763420 0.289315
197 -1.861829 0.151304 87.649543 0.845478 270.320688 0.456042 41.227770 2.311260 318.803247 0.110997
197 -2.059713 0.566464 4.262325 0.400468 243.114454 0.187732 12.034076 1.217853 301.277567 0.506764
197 -2.168387 0.432015 -79.674066 2.468531 347.253465 0.010982 -6.245011 2.500705 273.779383 0.724113
197 -2.262737 0.354398 -87.554379 2.583390 311.105365 0.799394 -57.770780 1.969682 289.798866 0.912813
197 -3.129900 0.507877 -33.723680 2.416578 311.090056 0.466244 -37.265077 3.808784 293.467025 2.647138
197 -2.466957 0.097040 -30.238255 0.221799 242.353603 0.472572 81.806227 1.979973 255.307158 1.321253
197 -1.899467 0.345050 18.084926 0.140262 251.572594 0.755712 81.392248 2.386155 270.026980 0.186272
197 -2.840000 0.581746 -71.511922 0.409842 266.965635 0.028938 40.459016 4.952325 306.415310 2.067339
198 -2.458377 0.497131 -74.914560 1.066154 346.511808 0.557398 29.181526 1.385466 27.961753 1.304093
198 -2.428155 0.674460 -61.976216 1.116539 275.065815 0.732526 -71.330360 1.971947 228.945172 1.243649
198 -1.881679 0.091262 75.049364 0.753967 282.031561 0.491718 45.268672 1.243774 255.332221 0.150695
198 -2.173231 0.569209 12.879926 0.707174 242.295573 0.273621 10.853711 1.686506 345.962657 0.733801
198 -2.625882 0.472803 -76.619886 2.257457 345.531701 0.762146 -10.493840 2.225521 304.873866 1.639103
198 -3.408075 0.377312 -85.855860 2.108723 299.666444 0.661319 -33.723783 2.046962 320.101528 3.203488
198 -3.459966 0.630449 -58.356541 2.266750 328.322447 0.451391 0.247287 4.675041 320.507178 3.307270
198 -2.612337 0.230991 -59.158546 0.296170 201.200592 0.365792 84.088559 2.383089 328.933448 1.612013
198 -2.731571 0.357335 -8.126994 0.825734 275.597016 0.063025 50.412387 1.813164 260.923303 1.850480
198 -3.272545 0.630753 -71.143947 0.294095 310.650121 0.090142 27.224643 4.945550 22.658505 2.932428
199 -4.890673 0.473862 -71.819861 0.445555 290.960102 0.656900 14.750838 4.513035 159.818816 6.168685
199 -5.118532 0.651335 -77.288311 1.053119 320.474396 0.172564 -64.843716 3.556243 43.875397 6.624402
199 -2.248815 0.126686 73.419293 0.696282 293.987738 0.520397 32.322794 1.013471 229.147256 0.884969
199 -4.275850 0.738942 7.052402 0.688494 324.126876 0.488259 -8.660950 3.357069 261.755572 4.939039
199 -3.105410 0.555103 2.642949 0.445559 302.705099 0.370728 -57.779765 2.108507 211.387486 2.598159
199 -8.609365 0.445027 -84.992456 2.807814 322.734713 0.728325 -58.244961 2.928386 323.866967 13.606069
199 -2.474386 0.598201 -77.624712 2.364218 343.402878 0.638398 -45.168932 5.114837 329.815363 1.336110
199 -3.132063 0.477764 -66.293171 0.284272 181.775179 0.320275 77.781294 2.182182 326.753552 2.651465
199 -3.818919 0.233972 3.130481 0.914957 253.371179 0.102079 68.434548 1.198553 270.976637 4.025176
199 -2.205454 0.784730 -72.343804 0.990143 338.456496 0.077863 43.874217 1.790412 58.775759 0.798246
200 -2.062371 0.710577 -75.264998 1.187636 345.021543 0.517312 -47.382876 3.499192 133.816648 0.512080
200 -2.484077 0.660604 -69.774570 0.969071 323.956537 0.106647 -53.359377 3.786740 36.734527 1.355493
200 -2.697752 0.215787 -87.017169 0.497681 296.911615 0.463206 61.620164 0.535992 144.798996 1.782843
200 -3.618985 0.342611 -44.522737 2.459328 291.935072 0.483533 -58.188530 3.067802 331.609163 3.625309
200 -3.095730 0.771662 -71.637801 1.663721 328.312697 0.318828 -48.654126 2.704667 164.750586 2.578799
200 -4.638639 0.517385 -87.849779 1.755622 308.182426 0.595135 -87.465960 3.428408 258.749883 5.664616
200 -2.057546 0.606082 -79.701546 2.097456 346.593951 0.627220 -53.205079 5.109428 304.454146 0.502431
200 -2.497433 0.524501 -61.703377 0.339750 183.379066 0.325483 85.105372 2.026150 321.620718 1.382204
200 -1.909791 0.297363 6.215250 0.099230 192.876242 0.797059 -58.070711 1.713315 338.345847 0.206921
200 -4.092574 0.760282 -32.562662 1.879512 327.414342 0.785778 -40.538591 4.814818 53.532661 4.572486
201 -2.330655 0.689714 21.175969 1.400215 318.110126 0.793508 -58.450878 3.148641 324.796875 1.048648
201 -2.263535 0.618866 -64.492807 1.229215 336.312019 0.127557 -65.486502 3.799635 36.058402 0.914409
201 -2.261594 0.316553 -3.279232 2.116273 336.565425 0.514438 52.050617 2.165819 293.636968 0.910527
201 -2.020402 0.281573 -22.898383 3.108760 303.078587 0.331639 -44.471336 1.774162 315.937562 0.428141
201 -2.677129 0.778454 -74.277564 1.538010 337.703863 0.316335 -40.787498 3.064838 160.576352 1.741596
201 -4.068042 0.398666 -54.660409 1.417072 287.511466 0.679867 80.527040 2.932204 292.281213 4.523422
201 -1.956688 0.615329 -82.143711 2.129803 332.215003 0.633807 -59.002178 4.869534 324.856255 0.300715
201 -2.973104 0.591226 -65.903223 0.145929 189.516847 0.313241 83.572902 2.147392 308.510507 2.333547
201 -2.146190 0.355190 3.463955 1.158565 218.172673 0.788556 -63.329236 2.287251 325.032288 0.679718
201 -4.044242 0.737866 -36.129112 1.749928 327.274174 0.213909 -29.878289 0.643442 24.455471 4.475823
202 -2.309324 0.567706 -27.502634 2.164606 313.961482 0.329290 77.277758 1.222165 227.512390 1.005986
202 -3.350173 0.737900 -80.156587 0.587535 273.816228 0.328677 -8.685045 3.662910 300.459630 3.087685
202 -1.995558 0.555562 -5.992284 2.957076 348.951326 0.557544 -56.999905 1.705793 279.994906 0.378455
202 -2.632439 0.519321 -12.713358 3.871692 342.693896 0.421939 -41.559353 2.744054 337.528199 1.652216
202 -2.149904 0.797745 -56.827033 1.456125 321.863198 0.060493 -23.903268 2.159548 136.035698 0.687146
202 -1.828835 0.569538 -75.850449 0.853152 266.009971 0.555660 -82.630780 2.802817 272.453665 0.045008
202 -1.887723 0.611743 -84.358658 2.108448 333.063431 0.640820 -62.948311 4.826165 316.993823 0.162784
202 -2.043473 0.614198 -58.873771 0.209440 200.824389 0.289619 -88.162416 1.957636 288.749761 0.474284
202 -3.687021 0.440447 1.438702 0.379484 205.938857 0.777656 -82.150345 1.663027 292.711287 3.761381
202 -2.289583 0.775840 -13.998609 0.603509 288.475787 0.258609 0.939213 0.269036 184.440102 0.966504
203 -1.987970 0.510349 1.934598 1.563008 344.715535 0.173634 -82.994865 0.335796 196.581842 0.363279
203 -2.628751 0.579108 -7.584024 1.708058 251.233645 0.787818 -46.550515 1.567589 321.170681 1.644841
203 -2.690420 0.531792 15.686692 2.008434 335.881794 0.679921 -26.027963 1.514683 323.806303 1.768178
203 -1.986526 0.605780 -18.292996 3.670712 334.323209 0.033855 -37.992778 1.499457 304.866018 0.360391
203 -3.471261 0.799429 -21.342889 1.472893 325.128789 0.029863 -31.252808 2.933699 186.272121 3.329860
203 -2.348138 0.634003 -48.918434 0.707910 226.284268 0.617631 81.696743 2.484771 286.196255 1.083613
203 -2.646777 0.546508 -76.700295 1.221054 304.627706 0.788135 79.378784 5.124183 347.636272 1.680892
203 -2.439772 0.138701 -75.777925 0.941862 313.364432 0.446620 12.506818 0.465518 184.163865 1.266881
203 -2.349107 0.677155 11.318073 0.147424 246.447451 0.398158 -71.282938 1.032995 269.623871 1.085552
203 -2.426632 0.768842 -16.268767 0.851284 315.811527 0.257714 13.670599 0.247345 185.856291 1.240602
204 -2.213920 0.613506 -12.708256 1.852684 332.817012 0.189024 -78.497858 0.954810 203.530304 0.815179
204 -3.187406 0.727237 -71.445278 0.291609 220.378402 0.224721 -12.964360 1.669324 297.443025 2.762149
204 -3.480984 0.059403 54.871246 2.270524 339.547067 0.237874 70.052920 3.111340 295.493991 3.349306
204 -2.845157 0.696689 -48.378118 2.941839 340.141956 0.223875 19.261852 2.586609 261.797952 2.077652
204 -3.060261 0.736593 -29.155494 2.702127 333.532233 0.797174 -47.869018 3.193658 262.700439 2.507861
204 -2.256384 0.620688 -74.266878 0.389187 241.816191 0.656121 42.903409 0.874308 272.509743 0.900107
204 -2.754574 0.558000 -76.707883 1.105238 304.779987 0.775239 82.482955 4.990799 338.622517 1.896487
204 -3.032285 0.175113 -87.118928 1.084278 317.562957 0.513488 14.026261 0.830799 197.097903 2.451909
204 -2.631827 0.564443 -64.909956 2.162993 249.573245 0.719581 -57.918372 1.727930 316.441186 1.650993
204 -2.876620 0.657401 -73.746147 2.326580 340.890476 0.513509 44.821028 0.537540 182.608335 2.140578
205 -2.638916 0.275029 -13.220985 1.453498 238.547127 0.364395 -33.652526 1.050515 299.526817 1.665169
205 -2.433864 0.471829 -64.260211 2.555495 342.767793 0.703161 58.183319 0.573665 194.389132 1.255066
205 -3.731767 0.071303 57.800651 2.119319 318.390916 0.227641 58.366103 3.357964 330.469284 3.850872
205 -2.021331 0.423068 -89.233251 1.156436 326.972357 0.699393 48.241423 2.415876 246.932409 0.430001
205 -3.732733 0.683759 -16.733662 2.469219 282.182613 0.771994 -37.450020 0.140384 272.539175 3.852803
205 -2.477389 0.260178 -29.295579 1.204959 238.838236 0.705413 -41.400344 0.546646 290.526850 1.342116
205 -2.820189 0.650972 -79.285423 0.771564 312.290595 0.615893 -89.142985 4.521201 300.593616 2.027717
205 -4.020398 0.699657 -81.958223 1.290030 313.158280 0.282755 -24.381893 2.140824 294.531288 4.428133
205 -2.986085 0.644313 -4.382646 0.934319 318.316156 0.669651 -45.524377 3.318320 252.176757 2.359508
205 -2.030687 0.785838 -67.647271 1.662079 282.025455 0.151894 -2.057217 2.917791 336.353038 0.448713
206 -2.980531 0.280238 -33.761382 1.448341 198.923286 0.484171 -46.858386 0.919981 309.172087 2.348400
206 -2.788858 0.528134 -70.494638 2.600135 346.582110 0.742794 69.820417 0.635401 191.578570 1.965053
206 -5.135298 0.770345 89.480875 3.217479 314.462183 0.714978 71.557591 2.453961 317.760252 6.657934
206 -2.232857 0.451172 -89.869334 0.982518 333.535605 0.625010 53.396300 2.884183 249.520222 0.853053
206 -3.535051 0.507955 -0.587055 2.521365 230.618199 0.770515 -49.269070 0.483802 319.011979 3.457441
206 -4.690795 0.179000 -44.060074 1.458133 236.179774 0.677088 -29.427651 0.160103 296.148412 5.768929
206 -2.829703 0.761706 24.815031 0.315759 287.110697 0.685336 -41.884012 0.105173 264.688199 2.046743
206 -1.924877 0.679866 -85.192773 1.279006 293.287092 0.248994 -42.040723 2.302812 308.490448 0.237093
206 -2.089747 0.467180 19.213632 0.818724 271.639984 0.722718 -44.979245 1.570912 306.066108 0.566831
206 -3.344104 0.769736 -78.655717 1.911768 281.659110 0.172648 -10.121540 2.880157 338.108143 3.075546
207 -2.983266 0.344053 -19.719800 1.494926 230.957595 0.450028 -30.670010 1.263928 311.484480 2.353870
207 -4.640031 0.458461 84.939718 2.958892 336.676248 0.721632 76.166580 0.915487 212.085207 5.667400
207 -5.718700 0.752376 79.965568 3.643248 283.152281 0.714266 69.295545 3.006274 341.102187 7.824739
207 -1.980969 0.441436 82.190939 1.050179 341.547545 0.660183 60.516397 2.429954 243.191613 0.349277
207 -5.357855 0.373460 -19.354585 1.674092 149.024399 0.680893 -41.783346 0.272188 301.736009 7.103048
207 -4.355698 0.637350 -5.709689 1.203247 244.773156 0.169129 -39.020074 1.805356 349.075434 5.098734
207 -3.642808 0.076965 11.460929 0.626114 275.798451 0.596082 -56.944164 1.010347 208.254375 3.672955
207 -3.131172 0.659558 81.269685 1.199234 283.153564 0.270306 -48.289685 2.281516 332.848207 2.649682
207 -2.729846 0.367655 12.014689 1.445998 315.701492 0.710789 -34.815452 1.923641 335.265404 1.847031
207 -1.965609 0.694346 -71.560433 0.800530 248.924204 0.201622 2.054248 2.515582 332.979522 0.318557
208 -4.110246 0.373141 -12.936294 1.488251 237.094900 0.489072 -17.681360 1.434160 322.126941 4.607830
208 -3.069679 0.282516 -24.176096 0.742083 263.016951 0.798482 -33.674675 1.018768 328.092858 2.526697
208 -5.412922 0.787838 72.140446 3.366706 296.856010 0.677633 82.531011 3.442622 344.810241 7.213182
208 -1.954584 0.473452 47.894000 0.471699 292.121312 0.684586 66.800760 3.628979 342.173683 0.296507
208 -6.171885 0.390427 -16.805314 1.027879 123.431482 0.602597 -65.640430 0.245644 291.530989 8.731108
208 -2.663017 0.606490 -18.379420 1.294009 252.544084 0.265730 -42.312470 3.104025 349.893016 1.713373
208 -3.396029 0.026065 -5.739375 0.427086 258.439198 0.579532 -55.249657 0.974879 222.117250 3.179397
208 -2.735014 0.718079 -86.977629 1.858667 300.169055 0.404732 -24.577712 2.577045 349.294995 1.857367
208 -2.134842 0.340677 9.704698 1.109168 302.143680 0.775605 -24.350385 1.495212 328.541908 0.657022
208 -2.747495 0.690551 -72.281752 0.930721 255.137658 0.266420 -0.384541 3.556308 341.128981 1.882328
209 -1.880602 0.521697 74.788930 0.270543 271.304604 0.339870 68.747242 1.551213 263.667120 0.148543
209 -2.896739 0.303533 -27.692345 1.040093 204.104011 0.676035 -46.292475 0.538026 307.617680 2.180815
209 -4.485509 0.136854 -74.597713 1.265300 254.100827 0.737018 65.920275 1.428987 252.681941 5.358356
209 -2.866897 0.477778 57.744063 0.100659 278.688568 0.739586 57.766453 3.404692 316.397306 2.121132
209 -2.092407 0.684918 -83.559560 2.097916 300.842065 0.711597 -66.416532 4.415033 347.455553 0.572153
209 -2.722968 0.178746 20.142871 0.131020 229.885526 0.266592 -49.431613 0.321505 238.416068 1.833274
209 -2.828394 0.681274 -11.564454 0.660230 258.999943 0.560490 -37.895446 0.710286 233.948579 2.044126
209 -2.316166 0.564050 -78.967174 1.868687 281.734286 0.376035 -34.957268 2.862995 336.746880 1.019670
209 -2.626413 0.344249 40.327742 0.941715 299.457777 0.688971 -34.279011 2.087396 331.400260 1.640164
209 -2.679337 0.692826 -59.355473 1.076809 308.194287 0.087461 50.793121 4.155485 201.040505 1.746012
210 -2.236956 0.371805 47.663880 0.264876 272.678782 0.451549 81.609615 1.931365 259.713215 0.861251
210 -1.913822 0.312727 -45.718992 1.495847 218.257757 0.743777 -50.733090 1.581812 336.752479 0.214982
210 -4.122454 0.137577 -74.444752 1.250001 253.391623 0.731386 68.325680 1.419000 250.985722 4.632246
210 -5.562278 0.723479 -81.778377 0.944175 206.046842 0.568458 54.131673 0.604916 267.759551 7.511895
210 -2.058510 0.691344 -79.026772 2.436429 328.382586 0.012486 -49.800718 4.272538 349.979696 0.504358
210 -3.201432 0.151863 14.222455 0.406680 228.280080 0.299098 -52.458210 0.151131 238.492766 2.790202
210 -2.093419 0.718561 -52.285479 1.453701 240.215870 0.619899 -58.060762 0.894142 252.279011 0.574176
210 -1.878130 0.562769 -79.341057 1.885490 282.439383 0.384221 -37.946665 2.858594 338.311125 0.143598
210 -2.637478 0.338705 40.513898 0.959677 304.214656 0.711887 -29.310387 2.349805 337.966185 1.662294
210 -2.765655 0.530766 -68.274871 0.918569 320.919990 0.065173 36.913116 2.521383 45.600196 1.918648
211 -4.623207 0.589899 50.050751 0.607185 260.577476 0.320688 65.125396 1.928764 317.819662 5.633752
211 -2.648910 0.302436 -23.752692 0.733829 198.178447 0.747021 -33.509953 0.676987 345.315628 1.685158
211 -4.863857 0.075935 -55.319688 0.280868 252.012421 0.721236 65.355748 1.264854 208.024242 6.115053
211 -3.120639 0.759689 -57.379199 0.769784 213.279469 0.651024 66.761614 0.468230 256.658491 2.628616
211 -1.933234 0.757841 -70.584687 2.091742 339.379524 0.321793 -75.829820 2.143884 217.953353 0.253806
211 -3.027511 0.147862 0.479793 0.371160 223.407051 0.331557 -61.005124 0.211208 236.773567 2.442360
211 -4.684773 0.765024 73.690613 0.617224 291.502150 0.615723 56.744919 1.842131 291.556181 5.756885
211 -1.952926 0.566251 -78.634277 1.869575 282.548365 0.380356 -36.382463 2.840422 335.757672 0.293190
211 -2.002420 0.325582 29.577589 0.896209 262.713542 0.707856 -42.437942 2.232757 349.022595 0.392178
211 -2.562214 0.657249 86.869209 1.552468 300.746529 0.183674 25.244713 2.110322 335.559964 1.511767
212 -2.030945 0.600939 46.886084 0.449106 292.151418 0.377374 62.884883 1.987251 306.189125 0.449229
212 -2.495318 0.369023 -11.850202 1.277960 240.058145 0.727731 -28.185874 0.757983 337.614722 1.377974
212 -2.047182 0.763008 -85.924133 1.061457 329.170035 0.650278 -56.647512 3.578013 288.544678 0.481703
212 -1.984780 0.218113 -71.382863 0.659552 263.997112 0.542904 -85.061724 0.919321 206.511208 0.356899
212 -2.141187 0.042442 -39.607949 2.264939 344.620545 0.283242 74.693558 2.549083 262.276562 0.669712
212 -2.701349 0.723320 -50.072029 0.579838 210.630895 0.634836 -42.803454 0.508778 268.985081 1.790036
212 -1.934512 0.694325 -87.335813 0.353789 280.352623 0.672444 60.506605 1.712386 295.037112 0.256363
212 -3.830722 0.521159 -16.313904 1.416975 290.857977 0.241331 4.620485 3.357839 346.107392 4.048783
212 -3.216147 0.313580 16.109540 0.766154 273.292240 0.782874 -43.303038 1.943532 349.511436 2.819633
212 -3.030718 0.732528 -81.445587 1.583405 290.665747 0.143201 57.248271 1.841512 313.630149 2.448774
213 -3.103912 0.446622 79.231814 1.403759 322.252697 0.551499 29.636030 0.267254 246.027357 2.595162
213 -2.323024 0.315875 17.969163 1.061243 240.784269 0.727247 -44.103285 0.872447 326.822044 1.033386
213 -4.884692 0.638506 -89.956518 0.876601 339.492138 0.012987 -39.694339 3.797765 13.165624 6.156722
213 -2.133029 0.237767 -72.709244 0.877327 278.394136 0.575944 -84.613742 0.773694 195.039584 0.653397
213 -3.349380 0.703270 -36.949556 3.444182 341.607044 0.729353 10.782183 2.424686 334.880990 3.086099
213 -2.471479 0.617956 8.421964 0.685451 216.099153 0.746139 -66.316746 1.289699 287.084606 1.330297
213 -3.036122 0.791689 -18.395026 0.687995 304.149266 0.731206 28.442305 1.943723 273.593736 2.459581
213 -2.636334 0.177067 40.219077 2.577143 307.958875 0.303092 -53.018969 3.073778 348.868274 1.660006
213 -3.731716 0.347040 5.559618 0.743674 283.493677 0.706936 -42.129252 2.250017 317.296128 3.850771
213 -2.709761 0.644800 -89.198687 1.707519 292.728269 0.138544 35.905905 2.375024 331.910691 1.806861
214 -2.305043 0.597174 -75.875380 1.027819 324.769793 0.598912 29.863595 4.295661 237.303037 0.997424
214 -2.294447 0.322757 34.522440 0.768712 228.855310 0.663691 -39.092567 0.963882 330.415124 0.976233
214 -5.178730 0.119189 -82.229806 5.235249 201.214709 0.612051 -68.377140 0.727790 296.444495 6.744799
214 -2.559842 0.223614 -73.281776 0.942754 277.793061 0.558251 -85.835111 0.806872 194.258751 1.507022
214 -2.097029 0.063397 -27.455918 2.871007 330.904344 0.572637 -49.614200 1.691227 291.941380 0.581397
214 -2.442994 0.426150 30.342663 0.684686 256.523280 0.573226 -50.410883 0.592123 275.862869 1.273327
214 -1.972676 0.593192 13.168052 2.121547 347.637318 0.745745 -50.863653 1.154624 301.893099 0.332690
214 -2.893418 0.179926 40.649041 2.551564 308.455297 0.301440 -52.426291 3.081887 347.562001 2.174174
214 -4.315822 0.414740 -33.765210 1.021506 293.639607 0.770254 -45.909711 1.223188 235.925271 5.018981
214 -2.796807 0.771558 -75.125795 0.103802 317.774408 0.292517 -9.157787 1.404747 22.510522 1.980952
215 -2.012409 0.640805 -80.895280 1.207624 347.066629 0.579250 65.660097 4.033175 184.474619 0.412157
215 -2.402527 0.570753 -73.010814 0.540679 293.194855 0.568781 -70.528078 4.076446 194.058739 1.192391
215 -4.079068 0.280364 82.061243 0.881156 346.548284 0.510215 7.434175 1.763641 62.689437 4.545474
215 -1.847781 0.257672 -65.171209 0.845890 275.886210 0.586014 -85.256901 1.104824 195.405718 0.082900
215 -2.980315 0.575721 8.453140 1.583172 345.880860 0.391552 -6.529725 2.267257 303.219077 2.347969
215 -3.477098 0.348753 29.486613 1.335023 335.832162 0.628119 -48.663671 3.303623 268.629120 3.341535
215 -3.185236 0.649825 25.340210 2.112934 342.395772 0.747325 -33.688918 1.344825 327.957942 2.757810
215 -4.078179 0.113563 33.326434 2.408830 301.509743 0.232676 -40.075714 2.662037 332.084332 4.543696
215 -2.164496 0.517365 -17.911008 0.662291 252.122798 0.017931 -31.756198 0.997539 234.484386 0.716330
215 -1.961040 0.604584 55.258771 1.353081 277.165159 0.669603 -52.920818 2.286208 343.370903 0.309419
216 -2.820659 0.567126 -89.272225 1.033394 347.331456 0.482381 55.902465 4.384778 153.790737 2.028657
216 -2.556165 0.679454 -68.356390 0.409919 286.823273 0.671189 -50.471486 3.521625 172.061339 1.499669
216 -1.928657 0.527033 -28.750702 1.445562 297.200026 0.420484 -5.202272 0.278568 209.913367 0.244652
216 -2.316978 0.257607 -74.477400 0.692388 269.709493 0.562902 -70.384770 1.065878 207.929951 1.021295
216 -2.626336 0.511082 16.538948 1.520746 342.057285 0.380571 -24.157947 2.355748 302.691103 1.640010
216 -2.545974 0.238147 -74.904684 1.232717 302.589451 0.762504 -83.016082 3.393057 230.492430 1.479286
216 -3.286789 0.724278 -11.344339 1.498744 285.658846 0.769002 17.387318 0.855499 324.829315 2.960916
216 -3.815140 0.687334 -10.626127 1.933668 313.676768 0.338173 -24.782087 3.521248 301.246372 4.017618
216 -2.432473 0.534884 -19.783966 0.499733 259.766900 0.001794 -24.277289 1.004764 220.150452 1.252285
216 -1.863584 0.659689 50.730987 0.799619 301.074389 0.036950 -45.364125 2.524791 343.037147 0.114506
217 -1.937061 0.713794 -77.731534 0.988833 297.064310 0.161759 16.223260 2.268668 286.593734 0.261460
217 -2.346714 0.767581 -63.056031 0.559666 286.904569 0.130576 -49.489230 4.137922 185.511298 1.080766
217 -3.121035 0.633168 8.552792 1.176588 316.331348 0.310953 -44.285643 0.584974 219.307574 2.629409
217 -3.252478 0.618987 -66.437856 1.134329 261.345862 0.503288 -77.020218 1.157427 238.618342 2.892294
217 -2.330295 0.482744 11.942928 1.402783 327.136500 0.518043 -64.103128 2.689966 275.118612 1.047929
217 -2.303531 0.280418 -70.026793 1.769362 320.670588 0.719788 69.554601 2.017113 244.926718 0.994400
217 -3.209648 0.693801 -24.655023 1.815396 293.690917 0.665700 21.090762 1.647010 286.559537 2.806634
217 -4.009491 0.757332 -7.850929 1.073343 289.399213 0.369089 14.082870 4.303307 348.418963 4.406320
217 -2.752415 0.484661 -14.158808 0.587060 255.528236 0.089655 25.743873 1.571707 274.081756 1.892167
217 -2.320903 0.780540 -58.859028 1.220275 236.133032 0.795476 81.641358 3.557112 308.306893 1.029145
218 -2.861586 0.562750 70.050466 0.483324 261.272152 0.787145 -35.327011 0.942508 343.757811 2.110511
218 -1.965090 0.384479 -73.861050 1.789274 339.364138 0.201715 -42.264869 2.448085 210.925019 0.317517
218 -2.198370 0.361890 24.057341 1.816716 335.651085 0.426715 -50.874638 2.291101 293.566974 0.784079
218 -3.101528 0.712019 -7.211194 0.478980 287.879455 0.198842 69.534599 2.371321 223.470200 2.590394
218 -5.513811 0.179522 -1.297066 3.237579 336.563814 0.520095 -28.063021 3.436401 334.258066 7.414961
218 -1.981136 0.239150 -55.700787 1.721925 322.510884 0.708030 58.724650 2.170521 258.751213 0.349611
218 -3.753447 0.685703 -43.442005 2.297350 296.891440 0.505216 27.546988 0.948564 269.566853 3.894231
218 -3.846968 0.789279 -7.279262 1.001163 283.899029 0.316293 -1.743238 4.306600 347.843693 4.081274
218 -2.236691 0.615971 1.194133 1.279080 312.520325 0.009640 50.406949 0.681605 243.551883 0.860719
218 -3.432127 0.685845 -79.763551 0.322244 247.651035 0.737396 -71.036204 4.410978 291.367900 3.251593
219 -2.192125 0.648427 89.490892 0.917302 295.613899 0.074989 -44.950133 1.416756 262.638697 0.771589
219 -3.742491 0.752122 -24.538064 1.819143 319.361340 0.066104 -62.040026 4.639104 255.624471 3.872320
219 -1.947293 0.479614 10.908222 1.638898 317.498479 0.417226 -54.176522 1.963439 289.410133 0.281923
219 -2.485975 0.759216 -23.965927 1.792044 262.860144 0.319296 -74.173045 3.445851 343.579249 1.359289
219 -2.205580 0.148641 -19.849026 3.353007 342.291367 0.433850 -40.397889 3.200732 348.188350 0.798499
219 -1.990907 0.343542 -58.967874 1.702458 320.004455 0.568478 30.193109 1.790878 252.642192 0.369152
219 -3.290444 0.506438 4.931914 0.429509 279.137124 0.288337 -7.168071 1.827035 257.824602 2.968227
219 -1.865831 0.208832 -75.460008 1.377045 308.899557 0.681424 46.010653 3.332735 327.514788 0.119001
219 -2.038654 0.585550 5.087097 1.344912 315.106050 0.040610 52.268831 0.706980 242.180331 0.464646
219 -2.017001 0.703564 -72.267277 0.289348 246.588634 0.727477 -78.228900 4.352027 293.128058 0.421340
220 -3.506079 0.585616 -84.887935 1.335259 309.138343 0.037562 -36.836785 0.737459 243.242142 3.399497
220 -3.577165 0.772359 -12.168936 1.353603 313.462493 0.214064 -38.873278 4.603373 347.524658 3.541669
220 -2.353596 0.593798 -15.959802 0.631761 274.386530 0.261942 -67.560291 0.880103 185.487319 1.094530
220 -3.396834 0.745392 -18.987133 1.872524 268.103238 0.297817 -57.477730 3.522603 317.962597 3.181006
220 -2.161171 0.268695 -13.191812 3.629986 334.046219 0.406554 -70.850370 3.534789 349.497644 0.709680
220 -1.971650 0.387606 -68.914793 1.503678 317.952498 0.558913 23.904757 1.409763 249.110847 0.330638
220 -3.511106 0.391845 -65.861333 3.301688 255.263003 0.545229 -56.196050 0.962359 290.747205 3.409550
220 -3.717250 0.489074 -22.432068 1.956598 331.175603 0.395426 10.104401 0.777651 186.984434 3.821838
220 -2.493161 0.574010 -24.262080 1.923850 286.822868 0.104712 41.871270 0.339346 228.300628 1.373661
220 -1.840628 0.661874 -67.721796 0.790556 255.632714 0.770853 -78.926502 4.894324 320.420110 0.068593
221 -1.920029 0.639235 -78.511232 1.172222 293.518854 0.357407 60.874393 3.149620 300.221942 0.227397
221 -4.089869 0.592352 28.327742 0.441630 247.558403 0.772296 51.171478 1.293541 339.793044 4.567076
221 -2.365558 0.518809 -66.335609 1.288981 332.066383 0.161854 29.069130 4.785225 165.187108 1.118454
221 -1.985515 0.700212 -50.862195 1.123336 245.305940 0.574083 61.468343 1.933007 278.675180 0.358369
221 -3.765104 0.246998 -13.150856 3.488780 335.985207 0.436439 -78.643832 3.481488 349.577124 3.917546
221 -1.874178 0.518175 -71.859614 1.247683 274.989066 0.452785 39.862695 3.096243 341.626515 0.135695
221 -3.604195 0.451930 -6.642546 1.490572 333.308321 0.786224 79.168658 1.357569 171.984895 3.595727
221 -2.215078 0.254137 74.058685 0.595996 282.463189 0.718237 57.595661 1.059735 264.965670 0.817494
221 -3.981881 0.666666 -22.737611 1.339380 329.629234 0.364182 38.005094 2.012814 37.107192 4.351100
221 -1.866351 0.744557 -68.979702 0.696087 281.676740 0.622323 85.378518 4.498747 272.957316 0.120039
222 -2.423217 0.237987 8.891233 0.931184 294.443335 0.622226 -61.786829 1.821348 241.763607 1.233772
222 -4.687271 0.634840 -4.607330 0.337176 245.053777 0.645401 30.195237 1.556256 310.404345 5.761881
222 -2.273178 0.581274 -89.056564 0.870637 333.300840 0.229595 48.299052 3.931539 234.270232 0.933693
222 -2.025836 0.489715 -64.807468 1.809524 338.275511 0.063476 69.843289 4.049040 222.748595 0.439011
222 -2.489741 0.302815 -24.314540 3.608779 338.019842 0.444186 -71.559094 3.499012 342.247960 1.366820
222 -3.370632 0.361687 -77.913887 1.282112 325.176624 0.118766 -32.113983 2.190153 171.350581 3.128602
222 -3.371708 0.483555 -9.215880 1.282411 326.529258 0.021453 -78.583908 1.242443 162.413496 3.130755
222 -1.922325 0.158383 75.057634 0.599743 275.449040 0.713113 50.866324 1.675476 281.401825 0.231988
222 -2.892873 0.695559 -89.568152 0.998381 332.331032 0.191451 50.769049 2.897413 308.417552 2.173084
222 -2.610283 0.719262 -81.363647 0.572060 275.533934 0.370482 -46.238062 2.654478 299.677315 1.607905
223 -2.310245 0.762048 -12.400265 1.480056 303.359025 0.710376 -71.925662 2.577909 275.188531 1.007828
223 -2.685219 0.738280 -10.658384 0.375609 261.653544 0.538600 27.597406 2.420982 337.212025 1.757776
223 -3.460024 0.584507 82.384484 0.523525 336.919189 0.356142 -30.917844 4.928194 158.166828 3.307386
223 -2.093683 0.754122 -61.933853 1.294675 297.756438 0.120878 -20.023181 4.444622 248.880614 0.574704
223 -1.915061 0.365351 -38.117963 3.852288 342.442311 0.412235 -62.678729 3.410956 327.263708 0.217460
223 -3.369256 0.608878 -21.339414 1.451440 318.504617 0.180122 -25.648942 1.387667 151.648706 3.125850
223 -4.363913 0.022069 43.958843 0.727274 235.533121 0.238214 60.017668 2.945184 343.756998 5.115164
223 -2.241936 0.169394 82.157402 0.268641 267.884326 0.702429 55.021312 2.655475 291.523999 0.871211
223 -2.889259 0.797010 -64.545979 2.117976 348.101966 0.030030 -76.115516 2.765676 247.558759 2.165856
223 -3.707211 0.357264 9.452573 1.050988 305.399148 0.401481 -30.429702 2.863491 268.887372 3.801760
224 -3.247037 0.774994 -16.239698 1.597165 344.673887 0.630466 83.417086 2.780506 227.902386 2.881412
224 -2.955169 0.787494 -17.487350 0.273856 264.677909 0.480320 26.961708 2.253612 320.456315 2.297676
224 -3.786636 0.577984 16.397799 0.262245 300.202601 0.642111 -54.217297 3.514776 270.375258 3.960611
224 -3.087293 0.572314 12.060313 1.083452 301.107250 0.085488 -42.217614 2.845644 307.791401 2.561925
224 -1.995949 0.342700 -35.219872 3.797361 339.746140 0.396176 -59.832542 3.347832 329.088349 0.379236
224 -2.063732 0.651475 -59.538001 1.626546 337.392390 0.265075 -17.007637 1.200701 108.477718 0.514802
224 -2.008350 0.148408 65.663999 0.910417 274.970157 0.336842 45.821556 1.824683 298.324227 0.404039
224 -2.323986 0.214440 77.007597 0.398811 243.008126 0.577694 53.725130 2.026689 339.887801 1.035311
224 -1.877492 0.799963 -67.807011 2.299851 343.293892 0.021453 -76.164856 2.768998 227.825318 0.142323
224 -3.136992 0.338164 -24.808449 2.713102 334.418561 0.266233 -46.000163 2.656171 272.963672 2.661322
225 -3.244075 0.769808 -28.448241 3.306107 338.920293 0.380299 88.087183 3.865373 318.935561 2.875489
225 -3.662014 0.448798 30.104616 0.971957 162.588324 0.512412 -56.341348 1.084876 320.028740 3.711367
225 -3.465534 0.509842 4.565984 0.734039 325.783977 0.658805 -50.176939 2.847969 222.995937 3.318407
225 -1.980631 0.683949 36.450680 1.089440 289.354312 0.328171 -56.082924 2.400632 342.026445 0.348601
225 -2.035049 0.338208 -19.482279 3.787412 332.172193 0.450625 -57.252418 3.396796 345.415009 0.457435
225 -2.208445 0.548219 -69.148715 1.340738 345.657709 0.341061 -14.974658 1.873358 96.080602 0.804228
225 -3.928867 0.228546 87.782998 1.640993 261.605203 0.320634 50.950022 1.965936 327.186668 4.245071
225 -2.189817 0.305611 75.207815 0.174172 240.712414 0.551419 62.972433 1.783399 306.738522 0.766973
225 -3.211696 0.762719 -4.982781 1.297203 348.460575 0.013704 -68.073299 2.743937 235.826764 2.810729
225 -2.612878 0.583377 -76.517832 3.265589 348.054518 0.206276 -73.850774 3.958819 334.062137 1.613094
226 -2.575388 0.716355 -34.481228 4.129233 333.826760 0.112797 -42.714748 2.736567 313.312429 1.538113
226 -3.381746 0.358075 55.827335 0.623767 142.533461 0.433350 -48.723420 1.266665 349.478721 3.150830
226 -2.642765 0.468111 -24.894072 1.803302 308.194964 0.765568 -56.260047 2.938655 255.562707 1.672867
226 -2.518581 0.685813 50.433196 0.493919 289.333280 0.365829 -50.789123 2.732854 338.879902 1.424501
226 -1.976643 0.365472 -18.652657 3.565054 344.925581 0.460216 -73.929693 3.939647 341.251251 0.340625
226 -2.899304 0.572931 -65.604192 1.308182 346.948339 0.302663 -14.970573 1.888919 100.953349 2.185946
226 -3.104420 0.359096 -80.752004 1.147759 348.673873 0.162055 52.879242 2.006014 13.617484 2.596178
226 -4.016459 0.424229 59.464131 1.255852 281.833141 0.615727 75.357291 1.593612 286.518644 4.420256
226 -3.618470 0.653558 -20.143195 0.334854 269.247004 0.183168 -82.930344 2.870396 203.526350 3.624279
226 -4.526897 0.176032 -73.771826 1.045199 140.716153 0.674220 -38.954551 0.992519 343.849490 5.441133
227 -2.961449 0.757951 -27.856700 4.355581 322.722942 0.049964 -34.660350 2.561109 330.391930 2.310236
227 -3.390732 0.341093 60.554445 0.613695 144.388032 0.433783 -44.416746 1.250896 347.718239 3.168803
227 -3.140898 0.598701 -14.525475 2.835806 319.056226 0.735695 -33.327216 2.099286 323.743617 2.669134
227 -3.045392 0.650082 -43.030573 0.767351 227.510807 0.532540 -46.705490 1.838658 271.638029 2.478122
227 -2.836858 0.359429 -19.377063 3.361651 349.971253 0.458535 -76.943946 4.044579 339.953292 2.061055
227 -2.098602 0.578853 -70.966378 1.405090 348.835369 0.289885 -27.301400 2.730568 114.175843 0.584543
227 -2.982227 0.409383 -63.296296 1.245670 341.144008 0.200316 47.954890 2.011889 31.619393 2.351792
227 -1.873599 0.266393 72.583460 1.108828 319.297989 0.643547 66.918192 1.594270 229.230022 0.134537
227 -3.542499 0.725429 -13.324753 0.500350 337.313093 0.685924 45.397844 2.055528 44.824777 3.472336
227 -3.908705 0.067630 -58.308635 1.251442 142.815739 0.710855 -41.055984 0.633100 347.792608 4.204748
228 -4.235554 0.513542 87.186722 0.545372 309.000812 0.678185 6.456203 2.808255 215.142418 4.858446
228 -2.419752 0.542146 -41.161518 4.011143 347.132777 0.411244 -34.752210 1.437708 298.506755 1.226842
228 -5.299031 0.568696 -20.753725 1.464585 264.093736 0.616997 14.918426 3.121669 328.700626 6.985400
228 -2.169865 0.608299 -26.616242 1.333824 234.630722 0.451993 -28.828286 2.154133 346.122326 0.727068
228 -3.444379 0.468056 0.840015 2.819547 349.809824 0.303111 -64.613325 4.070856 330.400551 3.276096
228 -1.976451 0.640219 -77.052563 1.197458 338.081742 0.216740 -60.789880 2.360382 174.757704 0.340241
228 -2.501361 0.378765 -63.795793 1.681463 329.830030 0.340368 34.743549 3.714345 247.386169 1.390059
228 -3.048683 0.680547 72.889351 0.953824 318.207503 0.507030 68.665938 1.014423 238.817194 2.484705
228 -3.518219 0.030021 -30.903494 1.569377 264.736655 0.457227 60.288285 2.400999 336.722362 3.423776
228 -6.827723 0.764178 85.700148 3.020035 229.496425 0.768142 -30.854425 0.664940 347.283431 10.042784
229 -1.924341 0.548752 -81.581229 1.479755 340.592028 0.172497 49.732945 1.148901 199.459740 0.236021
229 -3.032394 0.453670 -61.249646 3.421863 309.920274 0.662612 -54.002921 0.840838 273.947658 2.452126
229 -3.153372 0.788325 -21.923565 0.716967 269.382209 0.053568 -2.566204 2.295115 289.939986 2.694082
229 -2.778815 0.667520 -21.585293 0.451005 242.670998 0.754424 -49.712682 1.382435 306.174233 1.944968
229 -2.405643 0.429640 -18.946696 3.186892 345.591832 0.235801 -86.837701 3.799419 333.802039 1.198625
229 -2.091234 0.547847 -82.383147 1.139028 327.229221 0.052286 -81.657939 2.103372 218.888299 0.569805
229 -2.112304 0.305307 -85.908561 1.668366 346.873053 0.074401 50.970014 3.835777 243.105463 0.611946
229 -2.518015 0.775008 -75.496578 1.536861 309.839292 0.066527 -0.046677 0.723739 241.953361 1.423368
229 -4.235098 0.753560 -41.686639 1.523801 249.272837 0.771530 63.646953 1.915932 325.576169 4.857535
229 -7.634860 0.377190 -51.695149 3.217687 312.447766 0.655000 -44.631184 0.159414 273.663508 11.657059
230 -1.870154 0.627645 -72.991481 1.261178 320.474439 0.195890 82.487370 1.337756 187.104380 0.127647
230 -2.146142 0.418504 -43.990480 3.871658 313.465686 0.786190 -59.362846 1.238930 290.095863 0.679622
230 -3.203431 0.619902 -19.625761 1.496417 267.552757 0.182214 -21.144755 3.573813 327.978368 2.794200
230 -2.171252 0.667265 -15.681751 0.088644 224.147502 0.733236 -37.820399 1.348600 301.662358 0.729843
230 -2.845045 0.408109 1.630397 2.108694 322.772663 0.051468 89.956633 3.390465 333.937145 2.077427
230 -2.251664 0.613249 -77.111439 1.112839 345.434232 0.438389 49.639037 2.479383 75.748355 0.890666
230 -3.384487 0.668466 -21.195818 0.187303 247.787044 0.303283 8.832597 2.472179 268.917282 3.156312
230 -2.270609 0.754929 -78.077549 1.727184 335.243365 0.059325 6.346249 1.138610 207.728282 0.928556
230 -4.080846 0.044083 -87.836448 1.054981 21.152092 0.799128 -56.721559 1.035427 337.480304 4.549031
230 -2.651604 0.472366 -21.353716 3.689437 334.933804 0.532682 -60.687020 0.658178 238.883665 1.690547
231 -1.882422 0.620824 -68.709228 1.811470 348.521344 0.169274 81.695081 1.447481 158.577069 0.152182
231 -2.560224 0.306765 15.671160 2.371648 320.776733 0.545977 -32.199514 1.418973 300.836261 1.507786
231 -2.410556 0.480310 -30.869246 2.154925 279.683831 0.162864 -30.757769 2.339904 304.702550 1.208451
231 -2.463846 0.586268 -0.645141 0.245113 226.438357 0.691635 -52.203801 1.712485 334.639034 1.315031
231 -3.513032 0.383612 -10.306026 1.985513 331.123479 0.030658 -75.366195 3.449216 303.578096 3.413402
231 -2.465102 0.596868 -72.414258 0.644367 314.124924 0.374990 82.189868 2.536511 108.594348 1.317543
231 -3.973715 0.537121 -2.873020 0.703109 256.432709 0.298727 2.868273 2.275627 295.408264 4.334769
231 -1.925508 0.732094 -73.102738 1.938003 347.710850 0.010773 -10.891998 1.739317 211.607978 0.238354
231 -2.826407 0.007131 79.089465 0.663047 109.515772 0.788996 -61.259195 1.707269 349.384316 2.040152
231 -2.429077 0.471407 -31.749617 3.444312 343.707799 0.532952 -57.597695 0.239961 225.440036 1.245493
232 -2.233261 0.686839 -67.238278 1.491897 344.742388 0.100952 89.860977 1.588155 150.027797 0.853861
232 -3.831981 0.376909 -21.027165 3.057034 242.763351 0.631622 -42.905494 0.618382 321.164638 4.051301
232 -4.800977 0.613376 18.873836 1.183027 286.249929 0.286510 -24.595973 1.180315 279.558015 5.989293
232 -4.345022 0.465911 -0.392881 4.653223 159.379866 0.541814 -64.863701 1.195427 329.259394 5.077382
232 -1.947834 0.782957 -59.863450 1.290657 279.441665 0.124114 63.951338 4.671688 303.808012 0.283007
232 -4.121537 0.643272 -26.103302 1.356715 295.416524 0.613329 -37.373774 4.446871 283.854777 4.630413
232 -3.094670 0.708523 -21.235301 1.945053 317.300662 0.340969 -78.606825 2.765760 260.070158 2.576679
232 -2.170227 0.559933 -13.719538 2.103500 318.113710 0.192417 -23.255679 1.525652 269.715628 0.727793
232 -5.656233 0.055196 -89.361235 0.792272 137.373414 0.686863 -48.798219 1.583928 333.813859 7.699805
232 -2.163247 0.455386 -37.789922 0.286265 156.953801 0.575207 -61.943350 1.552554 322.892868 0.713831
233 -2.065803 0.544674 -65.330274 1.775212 322.232099 0.163466 83.011041 2.578408 208.501997 0.518945
233 -2.251892 0.558110 -18.149349 2.886823 231.853114 0.787602 -56.137452 1.431958 330.437698 0.891122
233 -3.033141 0.789484 2.945430 1.075219 331.748528 0.776913 -69.526600 2.018032 290.867922 2.453620
233 -2.219077 0.779635 -39.073769 5.271257 266.584480 0.495307 -58.238568 1.711962 336.296588 0.825491
233 -2.151329 0.767299 -67.770778 1.862590 282.380941 0.688164 -78.749847 4.063796 320.117580 0.689997
233 -3.903667 0.540807 -12.655691 2.003627 337.030801 0.413095 -33.097571 4.062925 249.287462 4.194672
233 -2.796572 0.678646 -77.093439 1.331446 312.760237 0.397110 41.803782 3.208835 348.309689 1.980483
233 -2.884878 0.529130 9.426211 2.890463 335.541255 0.194326 -27.062255 1.407110 297.233354 2.157094
233 -3.345196 0.769608 -83.960741 1.938765 120.529391 0.788550 -70.653107 1.759926 340.770790 3.077730
233 -2.694523 0.439660 -11.689438 0.262301 154.296899 0.729718 -71.457946 1.743181 330.490051 1.776385
234 -3.221409 0.360427 -71.666768 0.606040 272.281506 0.624931 82.231394 3.922220 315.618810 2.830155
234 -3.449262 0.638300 -6.491622 3.081069 269.986759 0.618128 -66.470064 1.378690 321.919028 3.285863
234 -2.565025 0.750281 -21.832305 2.438763 280.401463 0.124310 -38.726856 1.750883 291.225722 1.517388
234 -2.057016 0.734399 -25.405665 5.253095 283.052985 0.447741 -50.129282 1.689541 349.901008 0.501371
234 -2.044513 0.732890 -64.641616 2.396363 306.059499 0.643657 -89.288350 5.103489 321.873426 0.476364
234 -3.284098 0.559665 -8.282652 1.860437 323.076514 0.459432 -53.890600 4.783788 311.287419 2.955535
234 -1.945948 0.312690 -69.481237 0.799912 301.347162 0.609532 31.809515 0.174910 175.293236 0.279235
234 -2.438253 0.504717 -0.944622 2.666023 327.003875 0.206724 -6.286006 1.001576 287.637990 1.263844
234 -3.490531 0.012034 -79.597280 2.647528 144.109631 0.713089 -66.636783 1.662161 335.577094 3.368401
234 -1.889542 0.271377 36.586959 0.201378 208.201296 0.728147 -69.429837 2.629152 326.729213 0.166422
235 -2.558468 0.219650 -36.932036 1.115231 247.085413 0.711208 -71.449442 3.199717 307.786012 1.504274
235 -3.038185 0.789133 -14.988235 3.373491 276.018959 0.642909 -62.310503 1.657254 292.986604 2.463709
235 -2.111120 0.564638 -33.715269 1.928868 286.728432 0.248954 -68.661255 1.841361 250.795499 0.609579
235 -2.226018 0.378063 -81.135604 2.278952 332.601136 0.123068 0.730102 3.013982 297.563641 0.839374
235 -2.511072 0.584716 -50.330599 2.638553 338.732012 0.591053 89.848038 4.109104 264.020703 1.409481
235 -3.527389 0.622807 -0.998763 1.743084 342.243184 0.379251 -52.425456 4.653215 296.661458 3.442116
235 -5.401204 0.684304 4.189303 0.604989 329.149215 0.471327 -26.091473 4.509979 113.711670 7.189746
235 -2.744464 0.569367 -19.057234 2.731402 334.892529 0.222800 17.364619 0.781843 267.283458 1.876266
235 -4.205709 0.078217 88.278586 2.899164 118.827488 0.730337 -62.624321 1.692030 341.078002 4.798757
235 -2.540303 0.324734 58.899260 0.180613 163.468925 0.644302 -56.853252 2.040853 347.812142 1.467944
236 -2.242563 0.241301 -50.542937 0.557452 240.979674 0.712895 70.580234 3.505897 313.767141 0.872465
236 -1.888760 0.734350 -4.784178 3.701090 340.643644 0.534650 -60.137463 1.548903 312.935764 0.164858
236 -2.122515 0.563153 -33.588640 1.927713 286.395092 0.250945 -68.589984 1.841787 250.897946 0.632368
236 -1.816879 0.397001 -86.862860 2.030060 349.417749 0.144597 -9.776789 3.005911 272.919760 0.021096
236 -3.060007 0.667400 -24.987157 2.710796 305.046136 0.712388 -66.250505 4.272536 345.623512 2.507352
236 -2.114315 0.573739 -89.244182 0.736781 303.570563 0.383311 -69.448853 3.654391 268.702148 0.615969
236 -4.048545 0.639995 -20.923176 1.010107 301.309025 0.495879 -18.669199 3.498209 115.829898 4.484428
236 -1.869668 0.615284 -19.172305 2.852085 335.712115 0.229317 19.080172 1.046159 272.964261 0.126675
236 -3.747393 0.047355 -21.476165 2.529171 51.693248 0.717053 -60.183969 1.289993 341.247960 3.882125
236 -5.248308 0.728526 56.228402 3.968920 105.964212 0.639063 -62.424167 0.558367 313.891068 6.883953
237 -2.453654 0.100336 -82.940862 0.635251 258.959405 0.701050 70.293869 3.830073 317.152439 1.294647
237 -3.151830 0.694628 8.860239 3.196053 340.744449 0.533883 -69.069727 1.487314 281.387637 2.690998
237 -2.509328 0.554333 -66.427885 2.017174 305.811059 0.154625 -42.062356 1.585231 238.347209 1.405994
237 -2.088771 0.660888 66.120729 0.438546 300.503740 0.684926 -76.008902 5.262460 348.664191 0.564881
237 -2.700071 0.663892 -12.380116 3.216099 344.317620 0.657784 -72.241379 3.627977 333.778892 1.787480
237 -2.989483 0.568570 86.036237 1.075428 329.069021 0.484244 -48.946812 3.310308 228.586766 2.366303
237 -3.174611 0.796359 -15.147798 0.604832 336.217826 0.619296 -2.389640 1.496914 61.255682 2.736561
237 -1.923178 0.691377 -11.636290 2.890681 328.183968 0.280169 2.906007 0.969763 301.659720 0.233695
237 -3.388774 0.065106 -15.731637 2.307356 72.195212 0.774941 -64.928087 1.286807 336.548082 3.164887
237 -3.950948 0.628636 47.750825 3.401292 96.481828 0.657008 -67.478414 1.461081 341.791289 4.289235
238 -2.438236 0.092125 -40.082934 0.971200 286.177435 0.714956 65.890421 3.296082 277.772055 1.263810
238 -3.321433 0.700307 9.072495 3.271567 349.287317 0.573739 -73.391423 1.275074 279.188653 3.030204
238 -3.965843 0.542964 -87.224965 1.938714 337.459595 0.119057 -17.998099 2.004056 223.991223 4.319025
238 -3.955278 0.777657 -22.715679 1.752304 331.544062 0.560619 84.334585 2.796198 41.750475 4.297894
238 -3.027174 0.682297 -3.150076 2.930143 346.464607 0.646506 -57.614080 4.034177 339.129094 2.441686
238 -1.840084 0.796062 -64.899897 1.632605 300.725488 0.261743 -30.625462 2.421706 251.969597 0.067507
238 -3.292036 0.766593 -15.318074 0.799328 336.256086 0.673329 0.155750 1.573445 78.372603 2.971410
238 -2.751019 0.691141 -1.123778 3.090509 333.824841 0.311176 -5.839334 0.873008 308.221096 1.889377
238 -3.485961 0.062655 -17.194308 2.360044 72.789720 0.778350 -68.211138 1.214982 332.370697 3.359260
238 -4.071474 0.638687 46.686785 3.283557 99.721884 0.646682 -69.776851 1.495117 345.498845 4.530286
239 -2.995103 0.144649 -54.562615 0.346939 256.945498 0.618159 63.058412 3.975956 295.997801 2.377545
239 -4.783467 0.642801 4.570562 3.206925 340.592231 0.575988 -72.735224 1.345643 293.791483 5.954272
239 -2.000227 0.657556 -37.812333 2.614180 320.278887 0.202925 -25.256455 1.069506 234.110251 0.387793
239 -5.261792 0.637034 -0.094368 3.049503 272.253601 0.291808 -49.622143 0.891739 284.334490 6.910922
239 -4.205530 0.793314 -13.766733 1.269760 299.316268 0.062001 -38.429252 4.695976 246.414423 4.798398
239 -2.043534 0.726534 -34.407986 2.066077 270.534838 0.353665 -69.567261 1.729296 261.599174 0.474407
239 -3.337955 0.754527 -17.836828 0.547240 309.313041 0.708202 -2.376670 1.739698 78.576674 3.063248
239 -3.085511 0.793096 -11.306808 3.343226 300.163393 0.335176 -14.110545 0.502708 295.449094 2.558361
239 -3.866249 0.072035 -22.094706 2.363756 63.932660 0.797071 -63.747201 1.162646 326.587726 4.119837
239 -3.638214 0.540023 51.525065 2.999837 162.143941 0.769713 -63.209248 1.080469 321.068103 3.663765
240 -2.631405 0.253787 -67.156109 0.123714 244.741758 0.508060 67.159304 3.392139 280.286738 1.650149
240 -2.563762 0.615253 1.021620 2.891256 342.309820 0.537499 -68.473798 2.015979 277.097056 1.514863
240 -3.020397 0.551156 -35.411585 2.054685 317.835737 0.381790 -49.016660 1.484462 221.248656 2.428132
240 -2.035923 0.598533 -40.527918 2.537670 305.244900 0.625943 -71.200575 1.663062 238.810312 0.459184
240 -3.081660 0.695948 -11.885906 1.712903 302.795821 0.725283 -69.426922 1.031710 198.952009 2.550659
240 -2.769941 0.696683 -21.718420 1.993779 286.126768 0.345289 45.433229 1.944001 289.122325 1.927221
240 -1.822284 0.785683 -9.904320 1.333211 288.396271 0.727187 -34.933995 0.909018 329.550485 0.031906
240 -1.908979 0.687570 0.178227 1.682779 308.916778 0.504154 -81.483717 3.018448 318.826989 0.205297
240 -3.880427 0.078381 -14.118598 1.989717 47.744457 0.751124 -67.046277 1.141108 325.817551 4.148193
240 -3.917841 0.647974 46.513912 2.963260 248.436280 0.692795 -61.540563 1.391403 317.056570 4.223021
241 -2.381527 0.315673 -57.949877 0.543728 264.143530 0.479059 71.618748 3.342430 264.773022 1.150393
241 -2.515900 0.216799 42.014747 1.532102 336.061557 0.436189 57.537302 1.865753 248.142768 1.419139
241 -1.836344 0.459224 -22.944129 3.086375 318.563704 0.702651 -35.016796 1.247865 333.038651 0.060026
241 -4.857328 0.531115 -52.253522 1.361919 326.054983 0.381953 39.024477 1.818839 161.161061 6.101994
241 -3.162328 0.760904 -0.882888 0.313366 324.697456 0.047670 -85.644475 2.420155 185.633516 2.711995
241 -1.902322 0.796622 -63.517038 1.698590 262.847817 0.047995 -13.094994 2.503291 313.645642 0.191982
241 -2.923372 0.795277 -8.266122 0.884087 308.857850 0.249953 -19.982905 3.307156 316.277507 2.234083
241 -1.910835 0.760084 3.249368 1.860351 343.503120 0.480064 83.224131 2.927315 316.422422 0.209009
241 -4.950537 0.067077 -17.413961 2.266891 52.146102 0.701325 -54.362556 1.484742 347.588772 6.288412
241 -3.229497 0.709087 53.784007 2.749138 254.057338 0.772060 -57.720225 1.416673 332.558878 2.846333
242 -2.321261 0.516414 -64.122143 1.172834 277.872932 0.344078 -61.570402 2.940455 271.244805 1.029859
242 -3.180971 0.311187 4.197711 1.741755 325.300569 0.446596 -10.815425 2.075181 284.044275 2.749280
242 -2.122339 0.510222 -44.988117 2.815200 328.699601 0.716110 -52.380811 0.225325 223.557994 0.632016
242 -3.797510 0.478692 -80.044357 1.085653 315.048167 0.192403 41.272499 2.515848 169.442383 3.982359
242 -3.918483 0.741396 -6.134656 0.289177 330.248117 0.788567 -77.462182 2.069961 169.043416 4.224305
242 -2.017485 0.695158 -56.297259 1.310613 275.268731 0.094085 48.389939 1.283180 229.984689 0.422309
242 -3.014738 0.377601 6.009862 1.748039 341.302882 0.259964 -82.984562 2.944712 275.773374 2.416814
242 -2.102578 0.741889 1.974472 1.620236 345.280222 0.467912 81.284467 3.307575 319.865843 0.592495
242 -4.052163 0.358888 -79.335322 2.784382 282.303075 0.417140 -36.951318 1.494726 307.963677 4.491664
242 -3.685418 0.746164 63.116358 3.030818 235.027684 0.730141 -51.246850 1.262684 340.108122 3.758174
243 -2.205209 0.577953 -67.325402 0.871851 256.274777 0.495378 -83.839326 2.859571 290.939828 0.797755
243 -3.305435 0.514354 -6.370064 1.979122 288.945004 0.450885 -33.124631 2.141450 301.989861 2.998209
243 -3.503827 0.409544 -14.070645 3.043392 336.718530 0.624789 -20.896017 0.405451 270.115830 3.394992
243 -3.124120 0.474703 -60.273921 0.993259 316.192333 0.230181 27.766448 2.241532 125.652962 2.635579
243 -2.974092 0.692220 -6.358408 0.673817 329.429520 0.720919 74.286450 2.087298 164.992488 2.335522
243 -3.209834 0.712199 -58.675987 0.350866 278.976415 0.743170 -89.071392 0.997265 149.959437 2.807006
243 -3.026083 0.380710 -3.328736 1.539756 318.214886 0.396896 -87.958730 3.026356 260.800198 2.439504
243 -2.457533 0.486348 -16.611575 1.513574 238.926608 0.668246 -71.457575 2.538609 309.636737 1.302405
243 -5.176832 0.325231 81.578007 2.811308 241.372444 0.403485 -45.183367 1.374907 330.485814 6.741002
243 -5.241512 0.620148 -70.158950 2.645844 334.359994 0.030374 -27.147489 1.872397 278.767052 6.870363
244 -2.631611 0.591986 -44.365837 2.758160 306.566969 0.678188 -38.645125 2.783969 322.319314 1.650561
244 -3.934587 0.752981 -23.558146 2.308628 342.374107 0.041881 -57.424278 3.419156 246.837491 4.256512
244 -3.379373 0.468596 1.789553 3.324877 348.737955 0.712750 -46.104248 0.532709 259.139924 3.146085
244 -2.058592 0.634443 -69.901892 1.465435 319.591411 0.194587 54.771043 2.684730 246.847090 0.504523
244 -3.007112 0.577667 -3.369670 1.994200 334.175786 0.274745 -71.820315 3.508193 298.860388 2.401563
244 -3.711135 0.733419 -75.719239 0.445990 270.469002 0.622013 70.192527 1.624592 169.874848 3.809608
244 -2.335214 0.744403 -6.071950 2.328187 340.971864 0.383911 -89.603438 1.360016 241.308372 1.057765
244 -2.959613 0.407358 7.965149 1.624927 218.410150 0.774554 -52.770170 1.937084 334.968518 2.306564
244 -2.524033 0.322153 -68.013804 2.695739 240.438106 0.490941 -37.729595 1.684048 349.188870 1.435404
244 -2.206170 0.561072 -36.772920 3.045328 295.992117 0.742755 -73.008212 2.125067 273.956099 0.799678
245 -1.977832 0.650172 -57.460791 2.528506 332.031714 0.292435 17.234535 1.944763 250.046416 0.343003
245 -3.436859 0.789164 -9.360287 0.395100 286.219854 0.763870 -38.821853 1.958074 200.725739 3.261057
245 -2.586251 0.553209 -20.731280 4.360761 333.540004 0.682488 -60.521215 0.959765 293.349054 1.559840
245 -1.824737 0.418420 78.776891 1.304359 289.370933 0.507799 -68.561287 3.951715 337.106240 0.036812
245 -3.297912 0.525003 -4.903812 1.476325 320.043477 0.520138 -51.387990 3.692232 295.226588 2.983162
245 -1.951740 0.658321 -77.992951 0.315620 268.358876 0.482195 54.129500 1.154439 227.950538 0.290818
245 -1.875307 0.567587 86.220370 1.189952 328.968961 0.733067 -84.432793 4.361103 273.479538 0.137951
245 -3.683705 0.304318 -15.100115 2.115635 208.069547 0.793396 -66.770107 1.021423 318.440535 3.754748
245 -6.455367 0.131332 -52.968568 1.305587 231.970117 0.474577 -35.411250 2.598932 333.098547 9.298072
245 -2.653131 0.531151 -33.463600 2.918455 321.503236 0.793262 -30.559617 1.127856 302.306786 1.693600
246 -2.540605 0.641516 -63.387040 2.717184 344.214246 0.344852 12.710852 2.563321 258.891860 1.468548
246 -3.404247 0.586579 28.280497 0.153013 249.574297 0.200590 -20.161526 0.177772 253.339059 3.195833
246 -3.590751 0.676702 -82.873026 0.815942 332.647121 0.570843 -28.620857 4.360586 21.016181 3.568839
246 -2.525126 0.379165 82.961749 1.599633 296.584333 0.626837 -83.106220 4.159547 339.852632 1.437591
246 -3.989403 0.578201 29.999607 1.264057 326.437853 0.660224 -53.460978 2.787850 337.592898 4.366145
246 -4.677333 0.679741 -16.146396 0.510926 338.491983 0.598119 83.366076 4.289878 14.289879 5.742004
246 -1.935231 0.565691 73.419167 0.403941 303.591793 0.700486 82.828196 5.084065 320.480981 0.257801
246 -5.578686 0.075197 -19.179328 3.844541 103.264481 0.617108 -43.744950 0.301825 317.479800 7.544710
246 -1.904102 0.671721 -79.335184 0.714425 287.988435 0.329479 86.531472 2.362880 245.123551 0.195543
246 -1.809652 0.482470 -32.734418 2.951160 327.571156 0.775951 -32.741658 1.153403 321.627256 0.006642
247 -2.531338 0.553596 -75.437959 2.731522 333.498485 0.329483 9.428177 2.557225 331.167907 1.450014
247 -3.817776 0.599813 22.448687 0.119581 240.075056 0.226406 -26.799158 0.280945 255.760035 4.022890
247 -2.560550 0.642623 89.046056 1.663243 307.310000 0.025538 -65.666629 1.999141 297.066649 1.508438
247 -2.603302 0.442291 62.869015 0.860276 288.843691 0.635267 -76.473714 4.239324 323.227341 1.593942
247 -3.066675 0.549041 32.884495 1.606222 347.904246 0.004205 -29.048591 3.430038 343.096865 2.520688
247 -4.077942 0.657117 -7.939582 0.441666 316.539823 0.559485 70.907859 4.604234 17.763661 4.543222
247 -3.392755 0.563359 71.637070 0.189860 317.014996 0.785229 62.711075 5.046287 339.107918 3.172849
247 -5.400947 0.415133 -3.161543 0.857517 323.197782 0.391920 -40.825031 3.445027 162.379312 7.189231
247 -2.171312 0.591460 -75.416337 1.782184 284.051135 0.207653 79.221578 2.771450 311.429807 0.729963
247 -3.393611 0.402654 -19.112874 3.017770 321.311227 0.565481 -14.147072 0.810260 292.199469 3.174561
248 -2.263960 0.527442 -81.956299 2.681753 346.799821 0.422034 10.974379 2.671017 328.812894 0.915258
248 -2.577832 0.660460 10.175477 0.278560 261.251874 0.189693 -14.858636 0.423573 261.381822 1.543003
248 -2.234774 0.712369 -75.976305 1.904374 334.745063 0.066842 68.561920 2.320788 268.031921 0.856887
248 -2.254619 0.675656 -61.201630 1.196197 307.143898 0.538219 -46.594290 4.514524 192.177207 0.896577
248 -3.504571 0.725637 -13.534609 0.139340 292.907533 0.064726 -13.623252 4.704438 222.314883 3.396480
248 -3.284671 0.777955 -71.203667 0.448851 296.915611 0.620704 -6.333894 2.585729 33.725330 2.956681
248 -3.312590 0.563131 70.550717 0.167849 317.002227 0.791046 64.499897 5.075597 335.249748 3.012519
248 -4.518246 0.373307 5.718987 1.154962 323.229909 0.348008 -67.262787 2.491508 196.895418 5.423831
248 -3.023123 0.576747 74.687518 0.511892 284.533044 0.626836 59.847790 3.548454 331.327460 2.433585
248 -2.320522 0.484883 -8.365881 2.399723 339.656395 0.582710 -50.268055 1.893949 270.828389 1.028383
249 -4.095052 0.105428 -58.308706 3.169278 316.846909 0.416146 -29.253208 1.360157 312.537853 4.577442
249 -3.066266 0.723267 9.278300 1.347922 328.135345 0.199073 -36.893271 0.906293 243.260341 2.519869
249 -2.002683 0.636342 -69.945228 2.497534 342.128058 0.327303 -89.249810 2.733529 243.791444 0.392703
249 -2.353785 0.695844 -58.837087 1.192613 306.254849 0.531319 -45.556414 4.633769 191.532545 1.094909
249 -3.877450 0.579313 29.963433 0.710394 337.468261 0.071981 -38.480329 0.515672 198.014510 4.142239
249 -2.636530 0.679426 -83.581645 0.536102 340.189650 0.517082 -19.890475 2.315018 49.451246 1.660399
249 -2.803711 0.616567 -75.407489 0.159452 300.425488 0.781847 -54.125365 0.120881 76.712435 1.994760
249 -3.292056 0.580067 81.191559 0.339671 327.864604 0.069894 -53.520394 2.075831 141.050382 2.971451
249 -2.162032 0.582800 73.945252 0.585910 288.172949 0.562985 76.731667 3.255294 341.646281 0.711403
249 -3.600903 0.332594 -11.067753 2.471645 301.154333 0.410180 -50.375503 0.953485 251.691352 3.589144
250 -2.372472 0.087094 -76.966644 3.188616 330.950865 0.422061 -27.798222 1.758282 315.686242 1.132282
250 -1.922330 0.711206 26.513472 0.476002 310.659332 0.229534 -45.097396 1.599682 280.163300 0.231998
250 -2.742425 0.602930 -58.845098 1.027942 317.634867 0.179095 -31.266309 2.713882 59.980348 1.872189
250 -2.422640 0.657308 -66.482184 1.297908 309.868127 0.506328 -41.456173 4.744526 211.043499 1.232618
250 -3.785749 0.650921 -14.983246 0.642054 328.410467 0.671814 -29.717719 0.436706 11.094324 3.958836
250 -2.177754 0.647433 88.706590 0.798558 328.268859 0.648693 76.331028 0.270899 155.334601 0.742845
250 -4.159965 0.453459 -9.714942 0.779386 313.928210 0.633876 -17.702597 1.774156 172.672433 4.707269
250 -3.159508 0.507020 83.522461 0.572061 325.389502 0.109372 -41.193923 2.140300 150.290545 2.706355
250 -3.759226 0.560263 68.311281 0.624580 287.794629 0.588933 79.019432 3.232574 290.998535 3.905791
250 -2.717077 0.305931 -26.417178 2.627516 278.001548 0.489034 -49.771788 1.004080 277.200165 1.821493
251 -2.668813 0.716846 29.795897 1.699238 279.637223 0.660138 -58.736534 2.120809 332.077760 1.724965
251 -2.539451 0.629723 -72.124856 0.600957 316.229477 0.304695 64.082726 2.416359 101.470854 1.466240
251 -2.717077 0.404170 8.023157 1.415084 336.535155 0.422051 24.964164 0.787395 225.408786 1.821493
251 -2.379655 0.771379 -69.730276 1.330114 285.646634 0.383166 -42.966589 3.720618 281.444493 1.146648
251 -3.437826 0.596683 -55.807095 0.460595 274.445201 0.328989 61.909077 4.485750 228.358461 3.262991
251 -3.589615 0.718059 89.952048 0.325652 323.688597 0.701142 61.739167 0.688696 92.172822 3.566568
251 -4.864530 0.604285 -17.575676 0.728963 321.279054 0.578039 -63.309980 2.138564 155.856741 6.116398
251 -2.229364 0.336681 -83.049572 2.261381 347.402972 0.684880 -74.205460 4.758599 293.445681 0.846066
251 -1.830570 0.577771 65.501047 0.505466 298.211838 0.768199 -79.308750 2.877034 275.813879 0.048478
251 -2.189252 0.226938 -38.607796 2.644828 255.819765 0.483341 -42.537961 1.746993 333.333101 0.765843
252 -1.834041 0.620956 8.646521 1.336426 270.619407 0.757886 -56.784360 2.346862 334.438926 0.055421
252 -5.171277 0.389737 -15.009777 4.021583 195.956730 0.662035 -31.322357 0.730585 346.816163 6.729893
252 -3.189336 0.542266 2.863635 1.381011 344.305981 0.359425 24.200023 1.592250 229.643357 2.766009
252 -2.720326 0.691482 -67.155812 0.658471 275.642110 0.187317 -3.591561 3.729133 236.101260 1.827991
252 -2.043936 0.049366 -36.642638 1.196111 265.718775 0.728267 -58.544183 0.757863 250.226827 0.475211
252 -2.400174 0.569957 -59.469063 1.468773 337.813606 0.209628 15.616034 1.919385 101.511974 1.187686
252 -3.470093 0.686341 -70.498857 0.323422 264.258981 0.539583 62.272497 4.405614 226.356708 3.327525
252 -1.822807 0.312592 89.336870 1.644839 326.939597 0.613168 -79.807622 5.110880 299.904755 0.032951
252 -2.270713 0.530942 54.135284 0.527474 287.675928 0.743360 -88.063095 2.761102 290.506706 0.928765
252 -3.408559 0.745513 -71.499914 2.601005 294.060476 0.283778 -36.704476 1.931830 311.774263 3.204457
253 -2.135681 0.646692 -5.701329 1.247736 287.197615 0.653437 -60.243083 2.280430 292.183211 0.658700
253 -3.748983 0.296429 -32.681777 4.173557 210.590799 0.761755 -45.969466 1.391969 348.178580 3.885304
253 -3.113165 0.785460 6.540409 0.759491 340.634235 0.102398 63.517562 0.517278 188.408630 2.613669
253 -2.722939 0.766633 -73.284789 0.529060 314.994700 0.211961 -7.109920 3.830943 211.348824 1.833217
253 -2.156305 0.063760 -4.412975 1.514240 324.821805 0.661748 -46.339366 0.382554 217.019774 0.699948
253 -2.840132 0.619073 -67.270573 1.125555 344.000457 0.203426 8.037044 2.016869 87.360512 2.067602
253 -2.402805 0.792803 -72.241178 1.817390 327.778898 0.578772 -43.744933 0.594983 202.876452 1.192948
253 -1.834878 0.282033 -80.193831 1.812915 325.873677 0.567067 -83.410833 5.000212 297.577139 0.057095
253 -1.839362 0.525649 48.195783 0.238064 285.935547 0.708703 87.765178 2.776975 273.284534 0.066061
253 -2.429890 0.679637 -76.222283 1.488756 268.133704 0.266087 -31.669249 1.690061 305.488915 1.247118
254 -2.372500 0.691072 -6.711262 1.338710 299.386375 0.728372 -64.473149 1.499619 278.675292 1.132338
254 -3.053462 0.288884 -33.036360 5.121388 228.013661 0.636802 -60.483859 1.497856 330.405846 2.494262
254 -1.978920 0.006230 -37.235717 1.318208 318.094645 0.772396 67.891224 0.499218 188.282998 0.345178
254 -3.123795 0.724974 -68.737840 1.182172 337.797950 0.331297 -40.082560 3.556313 205.283667 2.634928
254 -1.855017 0.077844 4.634087 1.162761 286.299320 0.687508 -66.205073 0.923698 224.828496 0.097372
254 -2.489301 0.595584 -78.527809 0.895513 327.775505 0.192059 29.313550 2.001121 111.437267 1.365941
254 -5.792433 0.725958 -81.758928 1.928718 332.319254 0.659457 -16.461240 1.041970 213.914260 7.972205
254 -2.036164 0.269170 -83.476471 1.254242 306.816243 0.342155 86.921974 5.286043 310.618281 0.459667
254 -1.932322 0.459550 33.181108 1.080471 286.061292 0.662272 -66.945598 1.715067 276.948722 0.251983
254 -3.226333 0.758734 -18.239393 1.673349 209.271716 0.484801 -62.231908 0.690187 290.748638 2.840005
255 -2.103828 0.659938 -10.262748 4.094028 310.882631 0.504710 -67.544995 1.711890 310.167648 0.594994
255 -2.889815 0.530894 -51.503044 4.359584 256.606752 0.551618 -50.053741 1.654067 326.895431 2.166969
255 -2.618122 0.637126 -86.261503 0.491825 314.783821 0.138832 81.549332 0.539875 128.035904 1.623582
255 -1.974865 0.682598 -68.394354 1.517445 347.308012 0.298295 -30.074545 3.068075 125.409455 0.337068
255 -2.765137 0.252885 10.578230 2.106221 337.194013 0.527921 -65.226287 0.353251 209.835725 1.917612
255 -2.952628 0.632751 -67.452784 0.535124 290.688113 0.499742 33.115382 0.936118 102.136465 2.292594
255 -4.056465 0.563212 -17.078358 1.750172 347.344038 0.343899 -50.017254 4.620831 175.382745 4.500268
255 -2.814112 0.767910 -84.724027 1.218767 324.459752 0.387469 -55.736296 4.877182 279.779958 2.015562
255 -1.874431 0.332421 55.331100 1.548468 312.608773 0.660889 -37.357029 1.673454 314.694809 0.136200
255 -2.704815 0.682248 25.163888 1.299926 239.472040 0.770415 -68.064975 1.607714 326.010133 1.796969
256 -2.431408 0.697987 -29.688737 3.881891 318.590569 0.421534 -54.194531 1.838268 283.682006 1.250154
256 -2.646513 0.489757 -46.690757 4.601223 267.026150 0.525942 -56.116320 1.580590 320.031197 1.680365
256 -1.984476 0.651888 -83.350327 1.029406 329.936900 0.112081 56.942886 0.916309 173.583469 0.356290
256 -3.105311 0.613625 -72.646779 0.880920 308.289226 0.365287 -7.267199 3.269856 144.452140 2.597960
256 -4.753710 0.352356 31.105771 0.363064 268.941406 0.311114 -14.472150 0.929171 253.474573 5.894758
256 -2.606259 0.596754 -70.365928 0.473787 294.319831 0.436740 53.317882 0.770251 98.403294 1.599856
256 -1.939030 0.782213 -4.407591 0.232921 259.448612 0.760366 -46.271779 0.441767 276.756264 0.265398
256 -1.819736 0.504865 -86.633148 1.451408 324.908515 0.507665 -73.388265 3.103635 250.833169 0.026811
256 -2.052625 0.343824 55.317551 1.205019 306.978476 0.696473 -32.855354 1.438160 310.782149 0.492589
256 -3.124799 0.757433 -14.613781 0.910203 315.124287 0.106812 -81.599498 3.721488 236.002792 2.636936
257 -3.493596 0.662421 -23.971518 3.925728 327.249605 0.388390 -36.661563 2.799808 317.549513 3.374529
257 -2.223852 0.431238 -24.403675 5.048485 293.708687 0.703549 -64.835190 2.405702 337.238684 0.835043
257 -2.226846 0.574898 88.240355 0.706986 332.279144 0.240570 57.299415 1.042744 152.498879 0.841030
257 -2.655415 0.619892 -66.690279 0.738685 306.233209 0.351700 -10.194081 3.421027 151.633343 1.698168
257 -2.334374 0.417569 -59.496810 1.059929 287.485722 0.712501 51.678885 0.246098 213.621177 1.056086
257 -4.019011 0.583578 -88.595527 0.696018 326.375930 0.431407 28.439886 0.968466 78.846512 4.425360
257 -2.254440 0.781876 1.685617 0.117416 250.209509 0.055966 -54.965868 0.576187 259.011399 0.896217
257 -2.051182 0.623523 -65.653083 1.416610 322.551326 0.347374 84.040608 4.317219 228.998481 0.489703
257 -3.436294 0.328116 55.944264 1.040875 303.432661 0.735842 -15.785010 1.358013 329.402710 3.259927
257 -5.089611 0.768446 -5.158078 1.009201 303.900123 0.125411 -51.352423 3.968131 221.404237 6.566560
258 -3.067085 0.593028 -88.935923 1.831400 323.356554 0.103501 -4.377054 2.444742 276.709772 2.521508
258 -2.374755 0.666234 -57.892095 1.931510 275.262757 0.641406 70.697587 1.641912 249.719044 1.136849
258 -2.758780 0.599357 84.001560 0.665861 334.922710 0.223259 67.847708 0.986225 142.423157 1.904899
258 -3.414894 0.762620 -13.406993 0.319182 299.276586 0.050860 -22.403919 3.686186 132.615203 3.217125
258 -1.927957 0.462346 -72.986234 0.854433 285.783529 0.668387 43.859748 0.375417 208.700647 0.243252
258 -5.128887 0.672830 85.057010 0.297064 325.409890 0.600207 5.164102 1.270161 21.558963 6.645112
258 -2.968994 0.795986 10.480956 0.258783 324.359370 0.048488 -81.475434 0.289175 188.771186 2.325326
258 -2.008539 0.668529 -27.286555 1.463720 282.619955 0.316115 -85.085610 0.306887 198.321232 0.404417
258 -2.140579 0.288607 59.266395 1.017018 295.406974 0.705229 -17.741640 1.280429 331.375435 0.668496
258 -2.159926 0.702895 -68.759769 0.655688 271.749942 0.154489 -73.763246 3.475303 253.419785 0.707191
259 -3.177806 0.710124 -60.868576 1.668956 318.656588 0.043675 28.885610 2.667850 248.773508 2.742951
259 -3.220388 0.590901 -72.910357 2.134524 275.111075 0.603069 82.730089 1.879226 266.304019 2.828114
259 -2.768454 0.595113 83.460616 0.665226 335.675333 0.211823 64.421273 1.049553 143.756718 1.924247
259 -3.733854 0.781606 -21.630550 1.929719 320.672703 0.261816 -13.283749 3.057971 276.868890 3.855046
259 -1.919421 0.409667 -75.737671 1.318229 298.394793 0.304103 -79.766820 4.632923 311.779459 0.226180
259 -5.182514 0.762742 16.222945 0.161002 314.636817 0.516032 -61.428650 4.908417 291.680864 6.752367
259 -2.436322 0.791846 5.993679 0.272234 348.508024 0.063135 -77.474365 0.743114 169.264025 1.259982
259 -2.234285 0.685662 -33.990902 1.562778 288.678416 0.274827 -86.609012 0.206652 181.651650 0.855909
259 -3.340330 0.224473 47.396477 1.190087 302.033814 0.704400 0.383746 1.108018 326.439444 3.067999
259 -2.738891 0.127184 -89.732624 0.819726 257.396742 0.446020 85.465254 4.494796 343.487327 1.865120
260 -2.313532 0.651734 -58.315300 2.171331 313.882350 0.746688 60.036204 2.589978 250.410083 1.014402
260 -2.870307 0.484961 -52.936910 1.774272 263.305593 0.598115 -86.040021 3.189985 305.356882 2.127952
260 -3.131166 0.475682 82.387233 0.633522 320.096711 0.132431 18.009983 3.051515 205.953009 2.649670
260 -2.719623 0.184603 89.989876 0.721971 250.537643 0.711631 69.165807 1.008274 261.365768 1.826585
260 -2.349348 0.431732 -89.164237 2.117137 330.976944 0.208351 -32.130409 4.783932 343.859263 1.086035
260 -2.336076 0.429566 -75.946073 1.168962 339.636299 0.551542 -79.766884 5.127210 165.260389 1.059490
260 -2.494370 0.790079 -6.577979 0.718014 344.055990 0.674387 77.250481 0.852142 167.871305 1.376078
260 -1.918612 0.718185 -35.796304 2.730997 279.045760 0.277835 -43.542237 1.169678 277.466919 0.224563
260 -1.892502 0.344939 -12.159168 0.733266 281.069660 0.055524 66.030373 0.105952 188.527780 0.172342
260 -3.231040 0.580216 10.439926 0.617757 328.405495 0.144916 -76.881241 2.041635 216.308847 2.849418
261 -1.865608 0.612139 -77.336883 1.682228 330.431037 0.150145 53.041568 3.084687 272.625912 0.118555
261 -2.495594 0.629410 -50.848526 3.107164 328.513725 0.400107 84.766620 4.343175 324.568430 1.378526
261 -2.188113 0.786050 -80.063069 0.127154 304.864877 0.787517 23.422291 0.918491 237.871359 0.763564
261 -2.631429 0.169719 -83.829450 0.573357 253.653280 0.702852 70.993425 1.115677 256.494189 1.650196
261 -2.577577 0.469446 -56.347256 0.361116 246.590813 0.772713 -70.647029 5.066004 287.275155 1.542492
261 -1.994750 0.278480 -62.215598 0.770041 292.224339 0.575843 88.241068 0.115428 140.704915 0.376837
261 -2.342349 0.046593 -6.275305 1.468266 340.249041 0.674136 74.685085 1.342710 172.090530 1.072036
261 -2.539914 0.415657 -84.950991 1.941505 329.114884 0.612552 -61.506218 3.864035 295.532587 1.467166
261 -2.200405 0.370272 -15.502072 0.932705 281.243122 0.021324 74.327617 0.127826 192.185494 0.788149
261 -3.567669 0.573539 2.352959 0.716734 327.429576 0.192259 -79.637777 2.171879 217.289780 3.522677
262 -2.368618 0.519687 -84.547135 2.097229 346.825323 0.115633 2.532296 3.442012 271.886197 1.124574
262 -4.551513 0.663631 -60.347957 3.716165 349.004905 0.286807 42.481172 2.813040 330.056292 5.490363
262 -1.922915 0.708927 -74.514568 0.958525 320.434825 0.003246 -7.883833 0.860428 155.043681 0.233168
262 -2.796047 0.407197 73.805099 0.982188 280.715555 0.118639 -83.032722 1.634865 281.281049 1.979432
262 -2.794786 0.643149 -69.451590 0.573883 221.173274 0.763777 -78.834526 4.568647 333.500152 1.976910
262 -2.169825 0.277115 -63.076203 0.723808 288.076851 0.590276 -86.851580 0.203317 144.100372 0.726989
262 -2.088923 0.100664 -68.447091 2.053007 348.159442 0.504190 -86.703831 3.092110 233.295650 0.565184
262 -3.149471 0.400516 -83.299262 1.551481 307.686528 0.742087 -50.610313 4.018636 296.753586 2.686280
262 -2.114262 0.751802 -28.042136 1.175726 267.051065 0.205563 47.632650 0.825701 228.072914 0.615863
262 -3.053369 0.555524 -0.161037 0.889507 324.445599 0.061829 -72.064540 2.035720 222.918302 2.494076
263 -3.242014 0.790477 -85.588329 1.508699 339.587748 0.621604 26.016693 3.136219 302.580636 2.871367
263 -2.696330 0.795308 -62.111142 2.681417 287.073085 0.120168 88.641172 2.717073 326.598874 1.779999
263 -1.923712 0.762691 -71.228226 0.910383 309.495775 0.016533 -10.698200 1.514566 183.706293 0.234763
263 -4.139898 0.389015 75.726106 1.227581 278.148655 0.167919 -47.980762 2.240681 313.591445 4.667135
263 -1.884878 0.633897 -59.048883 0.537145 220.086116 0.679711 -86.164261 4.554608 336.170859 0.157094
263 -1.933266 0.253100 -70.881528 0.826734 296.520854 0.644544 -86.537713 0.409864 149.754065 0.253870
263 -1.964349 0.064771 -72.205758 1.879381 349.366913 0.588787 -85.154505 3.151887 223.712501 0.316036
263 -2.692414 0.293848 -75.280707 0.650656 287.278950 0.793326 89.927340 3.158571 243.572924 1.772167
263 -1.931739 0.690667 -66.012357 0.225177 261.428185 0.263761 33.775276 0.515507 200.206149 0.250815
263 -2.291983 0.563627 -1.095678 1.143843 318.662257 0.776663 89.361081 1.755308 212.857214 0.971305
264 -2.190322 0.747893 -80.611997 1.219337 318.606311 0.577273 35.756566 3.680789 323.583936 0.767982
264 -2.432794 0.765048 -68.401758 2.774132 298.006283 0.082611 74.646676 2.757445 314.446661 1.252927
264 -3.321348 0.666188 -81.824147 1.426429 321.033509 0.062772 -25.686027 1.194690 187.224897 3.030033
264 -3.442849 0.672102 -86.721917 4.554432 314.969695 0.677816 -39.246112 1.800515 343.463705 3.273035
264 -1.963525 0.746790 -60.346940 0.289562 241.716354 0.556813 63.271446 4.461736 319.647205 0.314388
264 -2.896660 0.333115 -60.746335 0.805520 305.323724 0.661168 66.619584 0.376872 137.942944 2.180658
264 -5.098194 0.296310 -43.203045 0.764106 241.271537 0.667957 -34.056695 1.471729 274.218922 6.583726
264 -3.999801 0.296045 -73.554774 0.594454 281.295074 0.019630 79.193987 3.000640 237.207283 4.386940
264 -2.160715 0.673147 -56.513990 0.572006 273.796181 0.187569 52.553533 0.622298 157.166328 0.708768
264 -2.206484 0.549344 4.930994 1.138169 310.534140 0.687253 -88.378109 1.572406 217.297552 0.800306
265 -2.577724 0.622654 -84.127202 0.820942 336.298305 0.279470 -19.597130 0.964055 184.527867 1.542787
265 -3.628686 0.732981 -23.051298 2.811167 304.921917 0.055268 86.063457 4.101321 339.747035 3.644710
265 -2.738438 0.769502 -43.099641 1.567066 299.580659 0.787648 -23.369631 0.869033 208.078909 1.864215
265 -2.738710 0.797274 -71.261640 0.986729 325.463570 0.014602 -22.589219 0.409762 16.538327 1.864759
265 -2.159293 0.605350 62.352011 0.166202 289.192439 0.686775 -79.552082 4.111321 308.172254 0.705925
265 -2.672166 0.780455 -78.649988 0.184157 279.125428 0.180563 -87.475724 4.941623 271.681981 1.731671
265 -2.206323 0.301949 -33.693986 0.710758 170.314831 0.778744 -62.952827 1.774319 321.544743 0.799985
265 -2.160065 0.722111 -1.608776 0.093016 242.366693 0.282902 -45.390567 1.782454 310.029141 0.707468
265 -2.193496 0.795177 -72.741076 0.473518 280.427451 0.727001 72.375094 0.977162 174.891734 0.774331
265 -4.456340 0.659458 -3.613986 1.847208 315.862113 0.554315 -41.265628 3.429195 270.966305 5.300018
266 -2.301703 0.645600 -88.864532 1.047036 330.821445 0.745301 54.094486 3.081513 264.564140 0.990744
266 -1.973323 0.721208 -10.766365 2.521022 292.739641 0.787337 -66.577796 3.525776 348.846652 0.333985
266 -2.826947 0.766835 -44.144697 1.469274 296.867525 0.782386 -21.317634 0.907577 209.434753 2.041233
266 -4.514730 0.794501 -35.655764 1.460695 317.886829 0.430356 77.259794 0.993056 21.924608 5.416799
266 -2.524918 0.584970 81.852417 0.492112 287.807589 0.754638 -62.327432 3.955508 303.737177 1.437175
266 -2.331316 0.796017 -63.755610 0.225832 253.733242 0.177091 -89.460614 4.913500 275.115474 1.049971
266 -2.282591 0.383139 -8.798690 1.868274 192.648955 0.706332 -55.944662 1.577967 343.342728 0.952520
266 -3.803061 0.552176 -13.974307 4.925475 247.858854 0.435724 -62.631990 1.944385 343.041903 3.993460
266 -2.405993 0.750625 -61.880609 0.923807 317.812540 0.604671 23.947018 4.948149 127.580468 1.199323
266 -3.275939 0.782558 -25.119267 1.917545 315.485652 0.433616 84.664429 4.126095 267.491856 2.939216
267 -2.086106 0.641710 -74.045208 1.443011 323.794346 0.025430 81.364057 2.943261 256.961648 0.559549
267 -2.009550 0.631296 -21.596031 2.967331 286.814655 0.799494 -65.348222 3.457204 334.457496 0.406439
267 -2.970384 0.795835 -50.513825 1.493290 307.759175 0.743242 -23.801315 0.977765 202.095500 2.328106
267 -4.400343 0.484041 14.229914 2.136842 242.581111 0.585586 -41.434678 0.437794 294.604695 5.188023
267 -1.869582 0.593191 83.803091 0.248887 262.451935 0.661398 78.932052 3.848048 340.911884 0.126502
267 -1.967488 0.771359 -76.691224 1.327261 326.320316 0.218684 -14.476504 4.849412 305.996594 0.322314
267 -2.233878 0.422429 -1.761280 1.785558 203.998572 0.681595 -52.494566 1.799723 347.435050 0.855095
267 -5.057636 0.503285 -31.807528 4.693197 230.902970 0.418002 -57.139293 1.549016 324.161453 6.502611
267 -3.134648 0.667277 -7.816215 0.283316 310.616906 0.471558 10.286315 0.550598 141.258833 2.656633
267 -4.027880 0.744973 -13.070750 1.300435 294.240590 0.390391 -26.014356 4.370105 263.222133 4.443098
268 -2.273339 0.595056 85.251397 0.887470 342.414823 0.711317 -87.203096 3.330022 243.175938 0.934016
268 -1.970786 0.731682 -22.715737 2.941260 279.073303 0.765216 -62.740578 3.401618 347.308121 0.328911
268 -2.444648 0.741046 -79.832000 0.950739 330.408120 0.743092 -51.642244 1.307255 159.121313 1.276634
268 -5.423507 0.476900 12.908245 2.294854 240.931936 0.585714 -44.876838 0.328858 295.204801 7.234352
268 -2.650692 0.611261 69.782194 0.230740 257.351573 0.617832 85.832938 4.003323 345.279632 1.688723
268 -2.302482 0.792652 -69.079021 0.713679 286.712687 0.242069 -9.271151 5.102756 286.633329 0.992302
268 -2.012606 0.324278 -37.262011 4.289943 311.880991 0.714034 -47.541227 1.816031 333.773969 0.412550
268 -2.236774 0.495611 -27.323657 0.428230 193.186923 0.373692 -49.201293 1.744544 308.289877 0.860887
268 -3.968459 0.478597 -58.078210 1.094751 333.396440 0.686865 69.040874 5.028859 89.196151 4.324256
268 -3.648419 0.455615 73.492560 0.628738 304.679042 0.446975 -72.645716 3.605333 285.225348 3.684176
269 -4.739020 0.539504 -82.359480 0.840108 341.388809 0.600342 55.163953 3.241197 233.954612 5.865379
269 -2.341716 0.744583 -27.437150 2.688696 283.054109 0.768572 -54.988134 3.748073 331.304333 1.070771
269 -1.926391 0.677088 -8.006307 2.801747 338.529919 0.579856 -80.595997 1.559172 253.223833 0.240121
269 -4.254865 0.491124 8.174326 1.995467 240.341972 0.490041 -40.491578 0.551962 290.054653 4.897068
269 -2.311636 0.739040 89.957267 1.709994 321.961566 0.406159 -71.495855 3.847987 322.730598 1.010609
269 -2.044763 0.704765 -78.613830 0.663138 288.494792 0.255835 -22.658593 0.407757 230.662602 0.476864
269 -2.178169 0.448357 -13.108140 4.625780 293.615489 0.749336 -52.799314 1.468726 341.876040 0.743676
269 -1.829832 0.751519 -29.535968 0.554436 202.183414 0.619020 -43.174684 1.216951 308.546498 0.047002
269 -2.345312 0.447874 -72.519639 1.434153 346.902295 0.666529 59.862528 0.421750 80.009519 1.077963
269 -2.176568 0.423062 85.864089 1.018685 297.931685 0.487549 -86.152737 3.485498 303.347640 0.740475
270 -2.133380 0.728342 -66.642682 0.989968 306.938921 0.469088 48.930895 3.196778 245.275257 0.654099
270 -2.431300 0.770730 -29.715465 2.829730 292.911315 0.776007 -63.324285 3.992353 336.419295 1.249939
270 -3.003091 0.706274 -20.975144 3.536999 315.604257 0.657934 -82.256672 1.469822 280.668827 2.393520
270 -4.214599 0.532885 23.167051 2.320597 243.914765 0.503095 -49.126144 0.879373 305.743159 4.816537
270 -2.596957 0.730944 -80.539923 2.056985 327.244781 0.448388 -79.578351 3.970710 329.175638 1.581252
270 -1.948958 0.676317 -69.188717 0.590463 285.777387 0.253862 -19.579738 0.709212 192.164072 0.285254
270 -3.689306 0.373128 -7.270274 1.282978 283.028637 0.589915 -30.393259 2.059357 346.636170 3.765950
270 -2.490414 0.751594 -12.659754 0.944032 270.089508 0.425493 -22.427621 1.626891 331.585284 1.368166
270 -2.491151 0.445857 -67.799276 1.211663 334.233528 0.638581 51.946678 0.098807 69.703634 1.369641
270 -3.001490 0.396110 -85.044759 1.500804 296.314717 0.732665 36.819947 1.006798 327.565599 2.390319
271 -2.322213 0.759189 -77.698967 0.464177 313.818638 0.389833 72.569937 3.461370 239.760816 1.031765
271 -2.904574 0.788749 -33.413723 2.486410 284.331902 0.762181 -76.713081 4.082174 321.382195 2.196487
271 -3.436618 0.644464 -55.961951 3.775760 346.306829 0.658519 -81.783150 1.882064 238.291147 3.260574
271 -3.216594 0.562448 -22.595762 2.050768 227.891999 0.491794 -67.894862 1.243264 282.696634 2.820527
271 -2.356212 0.743016 -85.894580 2.106052 325.889179 0.422325 -79.033809 4.103580 328.798802 1.099762
271 -2.916167 0.704772 -70.345669 0.966278 281.981004 0.324141 -19.701147 1.322511 208.214477 2.219673
271 -3.621163 0.344209 -0.356022 1.799010 237.573514 0.633722 -42.069125 0.839825 333.257030 3.629665
271 -1.910295 0.576854 10.602603 1.007980 287.988086 0.720393 -49.378792 0.837386 287.289900 0.207929
271 -2.573775 0.489272 -77.711233 1.029342 348.545993 0.665698 89.698191 1.051813 77.505929 1.534889
271 -5.364283 0.413175 79.758580 1.537581 263.814940 0.641264 43.226200 0.632209 273.898670 7.115904
272 -3.703075 0.143419 -29.317926 5.200033 305.851319 0.431194 -44.264805 2.223391 348.261811 3.793488
272 -3.762770 0.699935 -17.788561 1.016378 342.409870 0.341180 -76.467624 4.511257 54.021605 3.912878
272 -1.983345 0.148586 13.303128 2.303106 300.329289 0.629054 -59.139734 2.225811 300.100125 0.354028
272 -3.010142 0.537119 -11.639596 1.901698 222.373175 0.506413 -53.984671 0.780129 288.954252 2.407622
272 -2.390577 0.089693 67.810614 2.083171 323.699680 0.459976 -78.197432 5.032568 342.235031 1.168493
272 -1.886508 0.753950 -69.534109 1.429672 319.426239 0.428673 -27.728725 0.744234 204.774379 0.160354
272 -2.024195 0.632603 -4.464400 0.337171 247.404455 0.443212 -46.992274 1.511122 272.077469 0.435728
272 -2.839652 0.676082 18.066680 1.365393 280.469933 0.640905 -35.826112 0.993471 345.847229 2.066643
272 -2.545879 0.527773 -57.441670 1.259815 326.507703 0.505563 78.003407 1.191761 90.184094 1.479096
272 -3.296415 0.334917 87.689091 1.517563 274.893402 0.524971 42.158966 1.542025 320.460907 2.980168
273 -2.535061 0.218159 -24.936505 5.197973 297.002632 0.442489 -48.914227 1.876997 349.821301 1.457461
273 -3.748092 0.644190 -13.096224 1.047673 345.721473 0.253517 -88.835640 3.765114 19.155115 3.883523
273 -1.877256 0.064635 17.246596 2.487611 325.328454 0.673370 -51.129309 2.311398 297.927222 0.141851
273 -3.531660 0.641021 -10.493890 1.633676 237.156023 0.492387 -69.003850 0.200262 247.111950 3.450659
273 -2.639662 0.115623 44.250680 1.683153 331.413726 0.450973 -85.180778 4.791417 320.104230 1.666663
273 -1.917506 0.667489 -79.207569 0.967603 310.862774 0.478881 21.108759 0.895818 247.288255 0.222351
273 -2.566548 0.774627 -0.598330 0.593975 316.329750 0.615518 81.574931 1.659843 204.093716 1.520434
273 -2.186605 0.673550 -8.329834 0.282708 259.798503 0.631744 -5.144195 1.433285 327.262659 0.760548
273 -2.580201 0.591375 -57.071907 1.134679 314.041501 0.401110 86.527037 1.475674 98.731860 1.547740
273 -2.150694 0.378755 -71.044334 1.507750 279.879654 0.519210 33.481746 2.783335 349.392199 0.688727
274 -2.087088 0.195835 -8.690690 4.952233 349.715407 0.484163 -46.903399 2.499406 345.352802 0.561515
274 -3.735714 0.663089 -6.576180 0.871714 348.431744 0.203754 86.026981 4.277714 18.235242 3.858767
274 -2.772985 0.058238 4.050400 1.500733 302.064745 0.721323 -48.122311 2.682437 305.176131 1.933308
274 -2.679592 0.601155 31.578915 0.957341 323.680661 0.766773 -55.399488 4.873691 347.381678 1.746522
274 -3.582860 0.096928 58.867296 1.616859 322.041060 0.429812 -75.280900 5.197592 335.551415 3.553058
274 -3.768669 0.662827 -89.759268 0.800409 318.101341 0.437272 49.820737 4.899438 245.465619 3.924675
274 -2.651447 0.794733 9.134180 0.240105 314.457260 0.600022 76.168294 1.259455 218.869090 1.690233
274 -2.119262 0.581289 1.310059 0.297523 261.094488 0.674555 -22.081296 1.448866 336.281504 0.625863
274 -2.412477 0.522108 -52.704948 1.266052 302.342194 0.514246 -88.583325 2.131102 176.693749 1.212292
274 -4.866444 0.606564 -59.500337 1.826601 289.608267 0.516368 63.937788 2.631906 328.680618 6.120227
275 -1.924570 0.166255 -11.096357 4.871160 349.917783 0.497795 -50.476539 2.512541 344.158002 0.236478
275 -2.520827 0.712392 -66.020907 1.636300 302.244606 0.388996 -7.922113 3.828058 283.239702 1.428992
275 -2.601402 0.049005 -24.046373 1.478816 302.075245 0.697930 -39.673030 2.640544 296.783411 1.590143
275 -3.901205 0.659306 7.275791 1.364592 297.577734 0.759661 -38.371750 3.835635 330.814355 4.189749
275 -3.163398 0.039372 56.362466 1.712735 322.129580 0.423230 -76.455160 5.093136 331.113115 2.714134
275 -2.763245 0.687232 -83.612836 0.694249 260.462729 0.379037 58.353740 0.736889 247.217533 1.913829
275 -4.234034 0.227065 18.081589 2.015015 342.850653 0.031189 -83.677507 2.960276 287.388474 4.855406
275 -2.177570 0.611335 14.062241 0.305373 279.637455 0.688035 -31.614288 1.633070 311.411912 0.742479
275 -1.846686 0.702897 -4.689025 3.684608 330.492888 0.597395 -68.386538 2.608206 333.002376 0.080710
275 -4.493723 0.696943 84.217797 2.332395 287.040800 0.414228 75.257385 2.103543 307.723732 5.374784
276 -2.396817 0.056791 -1.022275 4.812230 341.255108 0.432507 -46.426774 2.535706 348.299236 1.180973
276 -4.139121 0.588415 -19.199383 1.070877 252.894585 0.369360 6.770017 2.911626 304.386588 4.665580
276 -2.013881 0.064138 -3.678355 1.349966 250.193574 0.542200 -36.073264 1.937548 347.547904 0.415099
276 -2.238087 0.555956 -2.010797 2.056152 328.895569 0.741768 -69.105443 3.621329 303.062212 0.863511
276 -2.604583 0.048283 59.434034 1.738612 316.380100 0.447059 -72.063632 5.047111 333.399630 1.596504
276 -2.036266 0.323058 -3.785471 1.733450 296.309387 0.188600 -1.854424 1.208635 277.542331 0.459870
276 -3.751282 0.214353 10.715755 1.956563 343.150104 0.014046 -79.964841 3.042455 288.055757 3.889902
276 -3.782805 0.569333 19.019536 0.160150 262.701684 0.672979 0.685422 1.610901 343.058233 3.952948
276 -3.094774 0.756674 2.527807 0.740549 348.993639 0.275677 -44.590489 3.599652 230.383327 2.576885
276 -2.103524 0.774199 -71.705277 1.364576 304.345691 0.415346 59.185890 2.477605 290.360457 0.594387
277 -2.939692 0.010576 3.827183 4.980054 344.268488 0.404283 -54.322723 2.724462 347.553929 2.266722
277 -2.249903 0.725898 -58.663714 0.448891 203.630210 0.352295 -77.416097 2.032572 302.850564 0.887145
277 -2.323549 0.016277 21.004095 1.393285 281.288873 0.598181 -54.128632 3.203867 309.618457 1.034437
277 -1.973408 0.523652 6.219163 2.035429 329.629620 0.799136 -68.883747 3.552796 312.150051 0.334155
277 -3.958521 0.031765 68.176206 1.579548 318.089270 0.555869 -87.547646 5.137313 341.264069 4.304381
277 -2.057627 0.531266 -40.811967 1.891227 257.622463 0.170745 -19.607017 2.257946 319.615316 0.502592
277 -5.017659 0.320603 -14.819375 1.716284 327.981896 0.729491 -54.072345 2.585782 281.008908 6.422657
277 -2.400471 0.514129 10.937720 0.388508 259.451633 0.663351 18.394816 1.202540 342.294445 1.188280
277 -4.350621 0.585178 -10.931588 0.846524 313.407114 0.176269 -70.346569 2.998851 243.841733 5.088580
277 -3.648777 0.732029 -15.973949 0.644008 258.365069 0.512290 1.607959 2.384711 267.908527 3.684893
278 -3.781507 0.696394 -2.459366 0.413509 342.187188 0.589895 -30.999746 3.673825 21.865583 3.950353
278 -2.586793 0.444105 -8.759631 0.862915 288.155101 0.690260 -29.586461 1.757999 282.141555 1.560924
278 -3.262775 0.018954 10.638263 1.239071 271.596576 0.418894 -27.737022 2.828921 327.732924 2.912888
278 -3.011451 0.554672 19.252083 1.181580 329.358562 0.799570 -66.194854 3.787691 272.564270 2.410240
278 -2.155722 0.118756 37.570455 1.141096 292.739364 0.566319 74.531679 4.049099 323.888872 0.698782
278 -3.092016 0.750192 -23.309601 1.876275 276.440367 0.080190 -53.124048 2.429165 334.727138 2.571369
278 -4.012813 0.738288 -17.207291 2.120427 335.998340 0.490361 -0.995802 1.393524 192.638873 4.412964
278 -4.400915 0.699981 -17.933521 0.918512 236.263813 0.689499 9.759662 1.998470 339.929006 5.189168
278 -2.414039 0.613619 -20.503992 0.164091 223.747893 0.054689 52.883842 1.898563 281.751874 1.215416
278 -2.613061 0.789955 -39.196819 0.625786 214.158208 0.352298 22.462039 1.595304 306.652511 1.613460
279 -2.611253 0.457666 -89.448554 0.923823 288.020893 0.635685 -78.690909 2.732358 276.954278 1.609844
279 -2.164297 0.756169 -2.032086 1.571452 342.385774 0.763650 -20.780052 1.005456 323.503554 0.715933
279 -3.614971 0.033937 36.533262 0.784891 211.589622 0.627442 -74.287435 2.002752 313.591503 3.617281
279 -3.265923 0.404026 8.189669 0.512172 281.705918 0.781658 -53.706153 3.871259 275.968556 2.919184
279 -2.791418 0.463011 -31.922661 1.170603 263.915982 0.562878 -18.623366 1.688777 278.967422 1.970175
279 -1.981245 0.714971 -23.088285 1.995130 253.197921 0.003167 -51.216872 2.463498 346.464648 0.349828
279 -2.096785 0.773189 -81.205909 0.439559 260.564128 0.155731 75.696541 2.114049 294.648058 0.580909
279 -2.427359 0.759893 -4.844237 1.190631 325.216634 0.426577 32.426185 1.500251 268.580545 1.242056
279 -3.830695 0.421841 -18.933327 1.210694 287.480356 0.491103 86.915208 0.515460 203.196026 4.048728
279 -2.630192 0.751152 -74.020444 1.168968 313.513868 0.442532 9.914578 2.716438 213.109307 1.647723
280 -2.105675 0.456214 79.928977 0.698758 289.971456 0.660413 -78.440571 3.100077 262.558833 0.598688
280 -2.225107 0.773954 11.505094 2.355031 299.358910 0.538731 -53.948636 1.631271 328.907681 0.837552
280 -2.287599 0.148520 61.130137 0.675868 256.212268 0.668099 -59.669218 2.245622 293.453968 0.962536
280 -3.303970 0.384987 8.113930 0.629764 273.485669 0.778835 -45.061832 3.711660 292.357684 2.995277
280 -2.318173 0.332263 -47.183753 1.322075 213.076105 0.611912 -48.113412 1.606398 317.056537 1.023684
280 -2.065444 0.054694 9.489375 2.076549 291.194196 0.777009 -50.080395 2.753664 328.065573 0.518227
280 -2.219701 0.671165 -78.841358 0.192975 241.469048 0.315624 89.661968 1.985288 264.519608 0.826740
280 -2.578977 0.397898 0.063860 1.928706 342.386832 0.374072 68.321189 1.083781 213.596859 1.545293
280 -2.509882 0.127102 -39.804741 1.380665 287.068813 0.632027 -72.744269 0.662257 212.423520 1.407102
280 -3.411337 0.527169 88.338881 0.781396 349.809896 0.425496 20.519586 2.490046 161.857227 3.210013
281 -4.103360 0.722441 -16.902892 0.090691 311.625473 0.697641 -53.918491 1.169063 68.262796 4.594058
281 -2.650650 0.039171 -70.777280 1.084567 280.712516 0.502930 61.534999 2.773519 290.706059 1.688639
281 -2.845333 0.721844 84.675254 0.957605 306.989204 0.623376 37.753642 0.594082 304.626698 2.078005
281 -3.973499 0.466786 10.085516 0.291894 267.852116 0.705077 -50.542662 3.944428 331.383676 4.334336
281 -2.288566 0.302040 -50.095463 2.117919 227.322563 0.651911 -56.683516 1.522314 320.295311 0.964470
281 -1.904681 0.222754 4.035099 2.795592 301.299577 0.702365 -53.981295 1.887845 318.391411 0.196700
281 -2.520501 0.776784 -58.707930 0.509274 263.063433 0.422202 -68.435925 3.603260 250.688787 1.428340
281 -2.032289 0.509545 -23.269768 1.973128 296.906088 0.130607 -73.548566 0.566663 226.124139 0.451916
281 -1.896291 0.295721 -15.655203 1.057541 299.779023 0.665170 -60.874089 0.509609 188.746820 0.179921
281 -4.841503 0.534344 71.330236 0.435067 347.681980 0.406953 16.745857 2.180314 126.936842 6.070345
282 -2.554190 0.569445 -18.155619 1.596849 307.115552 0.710032 -55.484463 1.745885 217.461095 1.495719
282 -2.665746 0.081131 -66.849458 1.193077 276.221344 0.442648 75.369092 1.365459 239.794390 1.718830
282 -5.167604 0.617041 39.527015 0.288799 241.666942 0.586382 -20.592139 0.845085 316.004315 6.722547
282 -3.489854 0.559926 16.197889 0.433215 255.601143 0.617314 -54.032225 4.330399 339.611773 3.367046
282 -4.707838 0.326103 -58.187643 1.436254 230.464228 0.612034 -63.623975 0.842010 279.786229 5.803015
282 -1.916836 0.213435 16.299013 2.963931 333.777513 0.710170 -48.595420 2.055888 315.811757 0.221010
282 -2.685001 0.298861 -18.899924 2.947878 293.734803 0.505944 -21.127690 1.926993 343.435564 1.757341
282 -3.295842 0.446871 -10.347372 1.974501 281.621213 0.057485 72.019893 0.849813 263.695255 2.979022
282 -2.851442 0.283269 -1.980604 1.260702 324.189638 0.679601 -34.729548 0.596313 204.135669 2.090223
282 -2.504395 0.627063 -73.842253 0.388591 297.724878 0.774827 -84.012190 3.762239 195.025298 1.396129
283 -1.950364 0.551934 -9.022100 3.236347 345.897441 0.692621 -61.448521 1.362550 262.335272 0.288067
283 -1.961276 0.738661 -63.104476 1.955331 322.702875 0.503995 81.505902 2.348783 188.898256 0.309890
283 -3.220428 0.707164 -19.465020 4.468629 178.468369 0.656204 -64.566664 1.232567 330.990898 2.828194
283 -2.294474 0.518145 13.090590 0.729670 269.652069 0.737823 -55.959927 4.170792 341.017662 0.976286
283 -2.131082 0.460050 -60.779884 2.217592 317.310367 0.580483 65.311778 4.190859 314.109950 0.649503
283 -2.423253 0.113869 27.589299 2.549506 340.499979 0.704725 -58.486405 1.644099 276.554845 1.233843
283 -4.208141 0.390260 -44.599140 2.587744 272.705357 0.452662 -16.548020 1.799125 325.612893 4.803621
283 -3.659481 0.520968 -39.044162 2.489772 310.655265 0.144860 55.547994 2.372397 285.955789 3.706300
283 -3.291507 0.285534 -7.556930 1.029902 324.785017 0.679764 -44.372768 1.053032 185.688027 2.970353
283 -2.000359 0.691022 -65.551196 1.521543 332.153404 0.123786 -71.535984 3.952931 161.402183 0.388057
284 -4.241817 0.710037 -38.074844 1.021601 262.777615 0.190984 -42.619499 3.650051 238.883304 4.870972
284 -1.842889 0.480543 -77.970745 1.343979 317.557852 0.624481 -84.402936 1.310795 178.956110 0.073117
284 -1.920869 0.566601 2.357750 0.587819 256.914956 0.698578 -43.069972 1.679069 320.532366 0.229077
284 -3.720289 0.401317 7.954151 0.961217 285.844959 0.059352 -7.517622 3.899116 345.594318 3.827917
284 -1.993140 0.138518 -63.204238 1.093907 308.610753 0.374142 38.081145 0.544230 191.832959 0.373618
284 -3.046072 0.087651 13.180140 2.670021 332.850023 0.698427 -58.319836 1.820438 260.859936 2.479482
284 -2.334633 0.260273 -35.777892 2.713658 301.310278 0.489684 -46.970178 1.583481 283.520711 1.056603
284 -2.308607 0.645182 -84.243830 1.574853 346.064852 0.138916 13.116566 3.345645 233.152777 1.004551
284 -2.936759 0.254586 -22.064233 1.619481 340.696314 0.525183 -37.195323 0.870823 182.821923 2.260857
284 -3.972315 0.725415 -20.425143 1.793619 337.003620 0.178204 -74.880068 4.388738 112.400809 4.331968
285 -4.073848 0.546475 0.955345 0.874731 261.786267 0.775053 -23.035355 3.763596 348.854525 4.535034
285 -3.057999 0.492708 -69.941530 1.320471 335.729682 0.774372 -84.344354 1.995346 168.262585 2.503336
285 -2.806703 0.638682 -21.131509 0.655835 232.991013 0.520062 -18.403636 2.291722 315.042214 2.000744
285 -2.612202 0.470832 -87.200728 0.407907 271.542237 0.799367 19.299216 1.036794 301.565482 1.611742
285 -2.624357 0.442494 -76.388888 1.337998 330.774397 0.383175 31.597334 5.273221 288.150381 1.636051
285 -3.002838 0.212091 14.868638 1.603041 328.632267 0.029347 -50.526205 1.263282 227.719113 2.393014
285 -4.630899 0.302632 7.900693 1.272325 292.288284 0.444763 -40.054594 4.006261 299.458449 5.649137
285 -2.558767 0.719922 -60.354748 2.497364 291.870411 0.066836 35.362827 2.434704 313.087601 1.504872
285 -2.650811 0.274319 -23.046255 1.709757 340.968221 0.578403 -27.125416 0.832062 206.921873 1.688961
285 -2.382781 0.785613 -65.272275 1.118548 344.611786 0.122239 -67.453750 3.379189 95.540065 1.152901
286 -3.231580 0.515677 14.611463 0.371316 274.564863 0.621453 -62.087195 3.788510 310.904887 2.850497
286 -2.589133 0.734171 -14.831616 1.650425 318.418388 0.365924 52.445909 1.771267 253.795656 1.565605
286 -2.738332 0.187637 53.457874 2.671286 316.343597 0.549485 -59.370503 1.987443 299.465112 1.864002
286 -2.013141 0.485522 -74.705271 0.595401 255.453181 0.733867 7.051397 0.756093 323.990642 0.413620
286 -2.389722 0.461287 -72.124685 1.581571 330.108018 0.551896 49.879214 3.601265 302.339067 1.166782
286 -2.375764 0.304483 -9.236391 1.067932 319.799473 0.795907 -17.004465 0.321682 244.799061 1.138866
286 -3.971045 0.241445 -10.261394 1.277288 306.203178 0.585114 -36.178164 3.473756 285.211750 4.329429
286 -2.654244 0.665164 -52.714107 2.431547 286.227549 0.102153 34.253878 2.476799 313.644345 1.695826
286 -2.593697 0.561516 -81.696587 0.955027 294.551643 0.779503 -46.047248 4.407728 291.294543 1.574733
286 -2.731460 0.689129 -56.369082 1.084482 317.503983 0.235401 -62.038563 2.657598 88.985216 1.850258
287 -4.539429 0.590471 7.761522 0.256551 244.049205 0.356267 -50.696740 2.652177 286.954893 5.466197
287 -2.613284 0.783337 -71.167293 0.926347 296.949918 0.430585 59.687027 1.611356 269.520065 1.613906
287 -2.452657 0.179063 32.948186 2.848343 306.902963 0.760941 -48.033874 1.274070 320.165431 1.292652
287 -2.678052 0.645934 -89.812540 1.573669 348.180795 0.448361 25.525712 0.573220 205.641702 1.743443
287 -1.858285 0.621765 -78.990921 1.459298 348.114537 0.578978 41.172436 3.908638 256.144268 0.103909
287 -3.165465 0.322051 -0.267702 1.240643 285.762177 0.775890 -17.429869 1.582234 330.882129 2.718268
287 -3.817674 0.565371 -89.670095 0.114255 290.725170 0.263774 37.373772 3.986586 245.343517 4.022686
287 -2.757814 0.553674 -86.244994 0.223683 273.741770 0.769658 48.527452 1.555208 322.466542 1.902967
287 -1.904781 0.615836 -72.235852 0.904996 291.409854 0.007293 -32.448819 1.074875 214.739615 0.196900
287 -2.711455 0.426288 -49.771890 2.852615 321.051953 0.177265 -22.738402 1.421528 272.165346 1.810248
288 -4.162862 0.578463 -41.130768 0.442203 238.701395 0.604696 67.174636 0.997032 234.920997 4.713062
288 -3.401832 0.759874 -87.214415 1.074897 331.903999 0.448862 77.674416 1.950929 285.107527 3.191002
288 -2.669205 0.229753 25.053719 2.693222 304.548343 0.772390 -45.898919 1.282617 314.775938 1.725749
288 -2.236581 0.578691 -59.876860 0.098813 230.080689 0.334776 -88.632113 1.856174 234.605211 0.860500
288 -1.934700 0.602340 -79.915172 0.979896 314.036769 0.515286 59.794661 3.908998 298.266036 0.256738
288 -3.543255 0.243405 -17.705922 1.302876 296.580842 0.677078 -18.520792 2.442839 293.330564 3.473848
288 -4.482246 0.577728 84.667653 0.268488 309.129065 0.243005 36.159369 4.087849 252.112858 5.351831
288 -2.104106 0.714736 -72.318232 0.716245 279.378130 0.797357 -31.874894 1.218092 282.341005 0.595551
288 -2.843051 0.542027 -71.896203 1.950263 283.497276 0.557467 10.106346 1.445905 339.094875 2.073441
288 -2.043669 0.422220 -22.021923 3.149751 343.927478 0.272255 -17.161918 1.733311 288.719256 0.474677
289 -2.368416 0.540243 -86.082196 1.168967 336.681150 0.026337 -79.910916 4.972466 226.611004 1.124171
289 -2.354200 0.178619 -60.113423 1.797351 322.691552 0.260354 88.205272 4.700372 301.934722 1.095738
289 -3.557578 0.201516 44.363844 3.232148 319.180879 0.751583 -49.885477 1.212287 323.606839 3.502494
289 -2.301422 0.369377 -87.196568 0.798764 270.711261 0.498270 59.015453 2.226689 278.741415 0.990183
289 -2.370840 0.606188 -84.273984 1.339293 332.129681 0.577820 76.194780 4.115966 314.632345 1.129018
289 -3.750695 0.236600 -14.717571 1.451809 291.117306 0.580551 -5.410349 1.789558 295.325001 3.888729
289 -3.401073 0.544507 89.782074 0.105389 267.140451 0.126470 27.182213 3.554100 283.955326 3.189484
289 -2.325521 0.755224 -74.282207 0.883255 258.694872 0.010017 16.849571 0.845315 267.831005 1.038380
289 -2.120654 0.524226 -64.956146 2.613548 347.184148 0.716283 14.801069 2.971135 334.404973 0.628646
289 -2.271556 0.468026 -32.653483 2.977412 349.743302 0.234389 -22.298466 1.864844 252.628927 0.930449
290 -1.982725 0.593267 85.724121 1.098191 324.021639 0.240869 -84.843724 1.233955 220.977525 0.352788
290 -2.246831 0.254401 -77.802465 1.858956 346.180710 0.320999 80.303143 4.521628 283.566506 0.881000
290 -2.666189 0.150134 67.097676 3.735975 347.026655 0.660748 -41.931464 1.855953 315.231710 1.719716
290 -2.053303 0.458245 -84.381628 1.468268 299.319231 0.318337 80.161737 2.371875 278.656102 0.493945
290 -2.329327 0.619581 88.464190 1.253980 332.211162 0.592382 89.773613 4.198137 316.731170 1.045993
290 -4.578689 0.114337 57.491693 0.194724 242.933625 0.742908 66.444647 0.526322 264.045970 5.544716
290 -4.048361 0.648915 -87.342974 0.209783 286.020212 0.010593 14.056594 3.673406 291.879732 4.484059
290 -2.855513 0.789070 -23.040535 2.568100 314.951831 0.733966 -13.859378 1.313803 312.151751 2.098365
290 -1.988347 0.748186 -77.259265 1.121085 320.699375 0.559851 -16.728035 0.613140 242.550321 0.364032
290 -2.484195 0.406262 -39.602083 2.713252 341.139030 0.222195 0.150812 1.901553 261.499680 1.355728
291 -1.847328 0.577071 68.096025 0.916686 334.188635 0.299695 -74.025871 1.694523 241.145952 0.081994
291 -1.834839 0.204689 89.383223 2.072434 348.706124 0.213142 74.845832 3.418080 276.841673 0.057016
291 -2.779066 0.241376 29.341824 2.856382 339.304551 0.514632 -20.026600 1.950273 331.713167 1.945471
291 -2.720851 0.531346 -34.288423 2.946795 314.472372 0.622072 -43.959334 2.400690 324.230814 1.829041
291 -2.261333 0.742398 -86.100108 0.649301 318.897638 0.643151 -65.645738 2.908954 254.316667 0.910004
291 -2.333890 0.664486 79.199968 0.683883 300.417669 0.739404 71.727763 3.090800 312.493415 1.055118
291 -4.456753 0.681089 -72.291874 1.344368 257.414053 0.611513 -73.429822 2.993702 326.720440 5.300844
291 -3.152870 0.775961 -51.424773 1.748553 348.993002 0.713837 50.160393 1.283444 10.625515 2.693078
291 -3.174277 0.774896 87.462106 0.291273 327.292733 0.554998 -26.756598 1.602326 201.524606 2.735893
291 -1.976135 0.404675 -46.927250 3.074816 345.235452 0.204548 -1.127220 1.815753 270.731198 0.339609
292 -2.347538 0.056924 3.050926 3.478396 311.697321 0.628528 -52.728544 2.039419 316.490420 1.082415
292 -2.315159 0.200692 82.984806 2.120750 349.013894 0.202938 81.688134 3.309196 271.756601 1.017656
292 -2.074473 0.470174 55.089308 0.636567 275.265806 0.171062 -26.670869 1.698668 305.278193 0.536284
292 -1.959312 0.471016 9.865630 2.036924 322.879520 0.572789 -45.201072 1.652386 311.572212 0.305962
292 -1.895183 0.730524 88.831057 0.818547 327.792826 0.628409 -74.257365 3.176626 258.727326 0.177704
292 -1.859422 0.707043 83.165872 0.714493 347.388439 0.697913 64.845890 3.001392 285.145194 0.106182
292 -3.191246 0.307011 63.998928 0.643084 163.098362 0.632365 -49.274811 1.411840 338.008926 2.769830
292 -2.452905 0.777077 -52.383276 1.681412 339.951129 0.722437 47.856187 1.246771 17.836643 1.293149
292 -2.046768 0.613638 -65.281169 2.095917 343.252580 0.383696 86.550260 0.666473 136.623263 0.480875
292 -2.197592 0.432655 8.625377 1.854955 329.191305 0.399683 -29.569382 1.614820 281.369184 0.782523
293 -3.028937 0.036208 -9.391880 3.888743 340.883139 0.546002 -61.404614 1.726365 295.748303 2.445212
293 -2.621248 0.177651 -81.057095 2.094460 338.691636 0.147055 78.899940 3.262284 293.663115 1.629834
293 -1.895265 0.519602 33.042864 0.554067 276.336528 0.125421 -23.343825 1.723615 304.646081 0.177869
293 -4.473591 0.580543 -12.480311 0.644293 309.566278 0.047153 -65.721873 4.361204 50.455903 5.334520
293 -2.025319 0.037907 2.912353 1.410444 327.774517 0.392400 -66.205321 0.218286 170.816073 0.437977
293 -4.582895 0.741976 -65.904552 0.629327 298.192094 0.740318 72.130076 2.631688 293.435992 5.553128
293 -4.196414 0.245712 47.154987 0.716393 165.994056 0.556438 -50.484219 1.708988 337.070532 4.780166
293 -2.133456 0.791243 -58.437243 1.571242 337.005263 0.720591 54.282795 1.415011 17.548140 0.654251
293 -4.729695 0.601840 -84.044181 0.665298 308.044600 0.360725 87.123626 0.888895 87.025534 5.846728
293 -2.134056 0.511782 -26.289170 2.339437 300.727878 0.424114 -33.823877 0.463364 250.430689 0.655449
294 -1.906424 0.000198 10.846734 2.143546 329.254839 0.522423 -41.331726 1.798803 270.709703 0.200187
294 -3.005109 0.209817 -88.912363 3.024747 349.752041 0.108721 59.247697 3.430968 334.141508 2.397556
294 -1.830774 0.520325 32.616380 0.563097 276.199122 0.127039 -22.618120 1.659346 303.698229 0.048886
294 -3.607340 0.752947 -17.288217 0.966029 299.387204 0.132798 -60.958376 0.245527 103.293783 3.602018
294 -4.220807 0.036473 6.396235 1.534902 328.632392 0.387070 -65.546997 0.122965 170.004657 4.828951
294 -4.095411 0.714880 -77.936671 1.448170 286.892854 0.072002 -86.666448 2.819807 348.657907 4.578160
294 -2.959490 0.248934 66.491819 1.231442 176.939055 0.640891 -49.074802 1.334716 339.292264 2.306318
294 -2.130720 0.762829 -59.499595 1.276860 327.972266 0.766299 60.120289 1.534090 55.288177 0.648779
294 -3.419735 0.762764 -82.664994 0.698947 304.581106 0.594456 -78.700783 4.075111 337.655566 3.226809
294 -2.316351 0.370054 -7.250881 0.375036 277.225342 0.337500 -29.252959 0.228976 200.767592 1.020041
295 -2.390284 0.064866 6.778140 2.044490 316.455541 0.756123 -34.598831 2.849099 345.829565 1.167907
295 -3.331729 0.527255 -71.746066 0.661562 324.102433 0.624515 -11.786537 2.887443 78.265498 3.050797
295 -2.305790 0.758080 -7.977490 0.697861 237.143142 0.302802 -76.068039 2.642116 319.823864 0.998919
295 -3.606734 0.770341 -20.668876 0.760529 325.031527 0.749410 -68.700155 0.857341 129.596438 3.600806
295 -2.084314 0.074276 2.971053 1.505665 332.956955 0.353237 -67.816099 0.209468 169.936101 0.555967
295 -2.840184 0.476323 84.032140 1.901630 339.961029 0.161061 -27.132094 2.652676 272.736617 2.067706
295 -3.244614 0.233331 81.427694 1.148447 154.493363 0.764138 -53.732622 1.177881 332.102308 2.876565
295 -2.110104 0.599726 -69.793409 2.193414 334.591420 0.750608 84.231611 2.339599 211.790452 0.607547
295 -2.244925 0.740912 -20.729139 2.423340 338.824190 0.206652 18.074441 0.747230 220.767803 0.877188
295 -1.866604 0.389971 -12.851273 0.489179 270.043601 0.300540 -11.882475 0.136583 206.748682 0.120546
296 -1.873349 0.053757 -5.259027 1.992378 288.908045 0.758324 -49.748915 2.256709 319.463976 0.134037
296 -3.718153 0.675860 -87.264827 0.680728 335.396477 0.743274 -19.191240 3.739629 64.795880 3.823645
296 -1.956858 0.783952 -13.745691 0.864609 228.674324 0.304883 -84.402444 2.559542 328.895616 0.301055
296 -1.983314 0.327141 -78.204473 0.199738 242.036148 0.477575 58.696296 3.048788 316.730502 0.353966
296 -2.864193 0.151686 3.559822 1.434191 321.801105 0.294904 -78.110910 0.179119 176.636487 2.115723
296 -1.947271 0.304876 71.093840 0.742448 294.214355 0.504395 -66.824344 1.135639 219.020613 0.281881
296 -3.248348 0.178343 -87.200802 1.564098 151.482489 0.753682 -59.867718 1.004293 333.026103 2.884034
296 -2.846600 0.667293 -63.822106 2.448085 337.718847 0.487679 -60.657272 2.722052 244.349121 2.080538
296 -6.963473 0.790913 0.880151 2.551679 348.332852 0.222496 10.817576 2.330540 277.447864 10.314285
296 -3.654623 0.699777 -80.100000 0.275129 290.696472 0.609629 30.537666 3.134405 173.407795 3.696585
297 -1.928673 0.036424 -11.175350 2.920740 332.298341 0.654585 -55.372585 2.011373 294.294280 0.244685
297 -2.763456 0.658556 -85.972902 0.480827 342.491344 0.697244 -25.480538 3.352406 34.464645 1.914250
297 -3.085015 0.751814 -13.750742 2.776038 320.080760 0.302406 -71.455999 1.575996 254.612813 2.557369
297 -2.766809 0.092347 -33.209906 1.490820 256.526827 0.578382 -52.862062 1.933606 321.323767 1.920956
297 -2.396259 0.410890 89.738871 1.483854 330.405223 0.230484 -11.561506 4.227007 291.051338 1.179856
297 -2.264673 0.323134 66.027797 0.892954 299.102628 0.482692 -67.578961 1.024556 223.666274 0.916684
297 -3.188611 0.265756 87.721858 1.560753 152.249949 0.739518 -49.910562 1.137523 347.317175 2.764561
297 -2.143951 0.632852 -64.502061 2.404586 342.105466 0.497064 -54.124972 2.867553 234.653688 0.675239
297 -4.391988 0.023174 30.111193 2.562471 347.570368 0.268762 -9.544543 2.118294 283.096071 5.171314
297 -3.232794 0.698669 -82.642633 0.336425 317.605083 0.605466 47.267466 3.084235 245.204325 2.852926
298 -2.089707 0.619416 6.384512 2.636241 293.785898 0.679205 -43.725099 1.355550 340.391727 0.566753
298 -3.296577 0.340236 66.651960 0.100511 232.245826 0.269468 -75.379201 3.305310 334.145051 2.980493
298 -2.690614 0.676113 -14.931774 3.352191 321.236203 0.312290 -84.711861 2.080254 293.918043 1.768567
298 -1.841733 0.164380 -28.916805 0.980362 248.189691 0.686595 -50.138281 1.510302 289.609648 0.070805
298 -6.506328 0.432848 -77.617764 1.308884 294.591102 0.494087 -74.617584 3.827931 330.450828 9.399995
298 -3.613317 0.522265 57.907912 0.808094 323.785858 0.481630 -46.405111 1.165759 238.484633 3.613973
298 -3.114151 0.259233 88.856434 1.716762 150.089644 0.733962 -58.740586 1.210052 344.405008 2.615640
298 -1.967470 0.683940 -79.464358 1.884078 341.443579 0.505818 -57.723009 3.100553 237.811800 0.322278
298 -2.134744 0.005262 32.239492 2.722985 342.130743 0.253594 -26.615739 1.848895 287.682487 0.656827
298 -3.772000 0.406394 -2.411236 0.755190 223.047747 0.770786 71.785801 2.711399 339.228151 3.931338
299 -3.281919 0.333807 41.832232 2.567661 258.636561 0.574516 -67.306030 2.515333 346.939820 2.951176
299 -2.995707 0.283557 76.563953 0.652240 258.719846 0.151900 -64.139472 3.440990 331.493667 2.378752
299 -3.258523 0.724714 -10.969665 2.304577 325.536229 0.115019 62.065518 3.092925 332.412045 2.904383
299 -2.135995 0.706909 -65.043397 1.720141 314.800518 0.524740 -32.362074 2.975047 255.755662 0.659328
299 -3.135199 0.549132 -86.674696 1.475893 313.166697 0.476259 -83.911810 3.900675 330.814592 2.657737
299 -1.916218 0.518827 62.705466 0.808945 316.721920 0.370123 -46.361611 1.074038 248.929872 0.219775
299 -2.635432 0.390227 69.791053 0.964721 240.233907 0.791627 -68.573830 0.834046 261.123435 1.658203
299 -1.982655 0.696148 -60.130049 1.797746 269.350488 0.012539 -85.619128 2.327637 300.457576 0.352649
299 -1.960934 0.040023 33.358884 2.588893 348.830931 0.278603 -21.891011 1.870765 282.363412 0.309207
299 -2.416685 0.373404 0.387369 0.334442 242.444440 0.792746 69.416485 2.808665 324.697861 1.220708
300 -4.200736 0.143552 37.296676 3.317736 302.141374 0.570978 -54.903372 1.799929 334.378161 4.788810
300 -3.775027 0.278040 7.127675 0.261401 116.964918 0.607597 -63.028424 0.778200 315.289811 3.937393
300 -3.377907 0.682130 -12.942404 1.515526 316.661117 0.032058 28.807320 2.812843 301.041507 3.143152
300 -2.352376 0.738262 -84.391819 1.474844 312.648997 0.604817 -83.903304 3.742765 286.511796 1.092090
300 -1.902641 0.680066 -56.276397 2.129320 293.627897 0.310738 -78.771894 5.262835 336.292503 0.192621
300 -2.251365 0.524536 60.619059 0.705154 311.256523 0.352210 -45.855596 0.989611 246.237365 0.890067
300 -1.919026 0.301445 -57.055867 0.452734 256.779291 0.721462 68.988410 1.849516 228.778242 0.225391
300 -2.534777 0.621595 -38.869203 1.098420 249.075747 0.710024 -32.111797 1.745888 307.438222 1.456892
300 -2.994193 0.041397 28.338701 2.320345 337.435200 0.261823 -12.620036 1.928249 282.807411 2.375725
300 -3.966431 0.380145 -1.813752 0.123573 228.653943 0.000612 70.915996 2.724689 322.887350 4.320200
301 -3.196087 0.267967 32.408111 3.191976 285.073498 0.529130 -46.237226 1.680761 345.570558 2.779513
301 -5.282528 0.149403 -15.017123 0.708538 69.780784 0.599237 -48.372814 0.644136 319.054231 6.952395
301 -2.471236 0.739230 -56.848119 1.141739 316.223868 0.534442 -60.080986 3.515559 111.081506 1.329811
301 -4.377779 0.725214 -20.126735 1.355111 322.260405 0.709848 16.177809 4.343682 315.045678 5.142897
301 -3.913490 0.615201 -19.830928 0.507021 285.326307 0.723176 19.440811 2.454012 262.598266 4.214318
301 -1.860713 0.386129 88.991518 1.555349 347.465431 0.415219 -73.699352 3.168290 224.573445 0.108765
301 -2.744127 0.399198 -50.979316 0.138077 247.356699 0.783789 58.228250 1.590602 219.247650 1.875593
301 -3.179740 0.689100 -71.641203 1.859068 287.514218 0.701692 50.729079 2.340123 319.468800 2.746819
301 -1.986530 0.722196 -25.577287 3.538333 317.855232 0.015498 -14.090015 1.924466 308.363949 0.360397
301 -3.162399 0.467683 -12.531752 1.894533 285.108698 0.389452 -23.336382 2.713386 320.882406 2.712136
302 -1.937525 0.297758 24.974800 2.258767 303.482219 0.699556 -60.269634 2.250426 309.524971 0.262388
302 -4.214836 0.682703 1.747982 1.255257 132.926282 0.647142 -67.632404 0.709449 301.253985 4.817011
302 -3.729048 0.674055 -20.270350 1.081876 317.188310 0.516932 -86.050493 3.476829 87.623439 3.845434
302 -1.917784 0.471069 10.601503 0.439619 275.130241 0.763146 -73.233628 0.342616 197.485096 0.222907
302 -1.860316 0.746825 -14.267634 2.577304 345.887268 0.620061 -28.896767 0.649693 290.281352 0.107971
302 -2.296686 0.413691 -89.003695 1.215286 341.025639 0.351789 -86.674999 3.221813 218.322703 0.980710
302 -2.083314 0.493448 -49.174635 0.544481 236.142427 0.639962 63.739910 1.670070 270.780207 0.553966
302 -2.000527 0.674368 -72.811527 2.091399 315.362523 0.099490 40.264618 3.037176 293.578985 0.388392
302 -2.391880 0.701776 7.638980 3.789456 309.850049 0.697149 -51.193728 1.994878 346.165985 1.171099
302 -5.496098 0.534561 1.847082 0.640367 252.439825 0.225691 -73.621352 2.103772 264.987616 7.379534
303 -5.637784 0.627334 -8.684942 2.571550 335.184420 0.569829 -55.997757 1.600357 329.803473 7.662907
303 -2.524046 0.678888 14.148096 1.149390 206.808094 0.619262 -58.665778 1.633586 348.398124 1.435431
303 -3.379930 0.740035 -12.803995 0.338547 326.600305 0.540851 56.432485 3.821080 73.261496 3.147198
303 -1.862635 0.547592 -2.313364 0.201428 277.176635 0.700995 -62.800082 0.112778 185.704324 0.112609
303 -3.093627 0.738482 -15.031081 0.201290 288.294864 0.793621 -11.320082 1.263745 292.522392 2.574592
303 -2.314024 0.453493 -87.454561 1.410310 306.834877 0.552728 -62.565088 3.250860 289.219718 1.015387
303 -3.703811 0.607569 -49.912532 0.117074 245.201631 0.447794 56.040185 1.650363 225.026582 3.794960
303 -1.884532 0.716340 -86.079326 1.508105 346.052434 0.185864 -17.819735 4.072930 301.227448 0.156403
303 -3.180833 0.777377 10.979975 3.393115 272.478282 0.692363 -59.808850 2.021617 338.746370 2.749004
303 -2.975120 0.624962 -3.239798 0.745875 324.254001 0.150320 -51.316420 1.895260 204.201843 2.337578
304 -2.977516 0.459929 -70.226543 1.912390 302.823391 0.556397 29.750354 0.942707 285.209277 2.342371
304 -3.223333 0.357507 -0.112674 1.296525 280.807203 0.403760 -55.673829 0.465075 221.145379 2.834004
304 -3.501134 0.734936 -11.861094 0.213001 324.679089 0.510715 76.997319 3.070685 58.634260 3.389606
304 -2.356106 0.592537 -10.442239 0.343604 269.247279 0.669217 -56.756379 0.939613 233.972700 1.099550
304 -3.543254 0.753125 -4.784438 0.089640 302.376412 0.739417 -17.951225 1.323496 301.525175 3.473847
304 -1.925265 0.463149 -80.628574 1.852311 309.123122 0.624328 -60.853564 3.529509 289.497148 0.237868
304 -3.136914 0.634320 61.224522 0.858645 348.343210 0.241381 -85.464885 3.177292 264.807936 2.661166
304 -5.819030 0.537645 79.452145 0.161327 309.893145 0.339373 -85.680706 0.582533 58.822555 8.025399
304 -2.089419 0.021225 11.439399 2.956936 302.449081 0.691388 -57.132392 2.311738 329.784483 0.566176
304 -2.371798 0.566862 -18.350558 0.972896 287.559457 0.733245 -58.654514 1.319495 199.986613 1.130935
305 -2.389753 0.421259 -72.851158 2.200006 335.850001 0.301588 -78.740283 1.805574 228.353931 1.166845
305 -3.001444 0.187778 -22.546059 2.168111 331.761135 0.382375 -38.475454 0.362340 208.756705 2.390227
305 -2.377137 0.702480 -59.837982 1.039960 317.682557 0.004435 80.205191 2.627937 36.278771 1.141612
305 -2.083935 0.599760 -1.931387 0.325019 273.024507 0.637105 -55.273582 1.005799 221.490835 0.555209
305 -4.087807 0.395419 79.673188 1.524971 267.781871 0.550779 40.607442 1.405044 349.721391 4.562953
305 -3.409361 0.466244 -80.401163 0.158981 295.507527 0.654707 78.190970 3.942768 102.688310 3.206061
305 -2.184017 0.644365 65.768769 0.985547 345.874655 0.377347 88.248268 2.436768 280.307617 0.755372
305 -3.499330 0.480817 -86.569211 0.403356 311.817848 0.389843 82.787045 0.550673 58.771615 3.385997
305 -2.479643 0.349321 -31.224587 2.755264 300.323368 0.651618 -60.370928 0.530771 242.787677 1.346625
305 -2.698148 0.438554 -39.833183 1.335074 278.657302 0.745929 86.811549 0.786938 190.323033 1.783634
306 -1.959035 0.463472 -75.754584 1.860679 323.358346 0.297128 -86.347355 1.849671 222.843534 0.305409
306 -2.182912 0.201901 -24.848313 2.065697 329.420258 0.382307 -47.248021 0.348056 205.663114 0.753162
306 -4.181214 0.093913 -16.924659 1.621122 280.652558 0.725414 86.778042 2.096951 257.978232 4.749766
306 -2.298245 0.509071 -9.355645 0.184238 221.426836 0.651800 -58.119403 1.169778 254.557723 0.983829
306 -2.684360 0.436618 66.060466 1.532743 346.938637 0.680717 78.529496 1.920079 245.542831 1.756059
306 -2.249132 0.515605 55.937670 0.120802 254.166674 0.609677 -83.445598 3.381451 317.317268 0.885603
306 -2.174688 0.668458 69.070932 1.145253 345.114522 0.426915 78.932324 2.418630 292.798997 0.736714
306 -3.072073 0.507485 -23.111318 2.810404 244.335994 0.277498 -53.781179 1.160466 307.895910 2.531484
306 -3.195110 0.360728 3.687116 2.390496 312.603959 0.651497 -57.898949 0.669549 267.434066 2.777559
306 -2.382953 0.445617 -30.767538 1.294431 227.359526 0.750144 -76.824181 1.338597 263.672875 1.153244
307 -2.795885 0.456726 -80.820263 2.307342 345.425285 0.265945 -63.163734 1.414662 209.876375 1.979109
307 -1.858671 0.209911 66.572765 0.217040 213.847548 0.706484 -55.928971 1.453330 304.340120 0.104681
307 -3.916241 0.062348 -29.887900 1.380323 307.526012 0.691861 67.598350 2.189486 230.404867 4.219821
307 -2.452110 0.584213 -11.592214 0.805372 251.970977 0.615520 -32.502016 0.663396 268.967079 1.291558
307 -2.021394 0.552494 68.737600 1.242748 312.384062 0.649508 -76.646924 4.330241 332.958647 0.430127
307 -1.924748 0.572486 58.728805 0.130451 266.903373 0.574339 -82.883508 3.532958 322.623981 0.236835
307 -2.200606 0.770096 78.419918 1.168916 347.623493 0.346543 70.130750 2.593789 306.427484 0.788550
307 -3.504091 0.611898 -16.159484 2.739374 234.043374 0.222722 -59.989700 1.168244 311.447017 3.395521
307 -2.669756 0.345901 -12.487144 2.576553 327.500488 0.494134 -51.494276 0.191469 226.933409 1.726851
307 -2.065445 0.458343 -21.203570 0.996868 234.611807 0.780949 -75.486661 1.974542 277.278127 0.518228
308 -3.221821 0.451959 -79.882695 2.542263 347.045149 0.227815 -68.794142 1.522263 216.870716 2.830980
308 -3.487764 0.344490 61.950346 4.378208 208.590028 0.773108 -61.796740 1.215847 322.228596 3.362867
308 -4.294021 0.683843 -16.978920 0.490973 312.116268 0.137409 10.115037 3.595937 196.368277 4.975381
308 -2.976007 0.510022 -64.487490 0.341842 277.822883 0.523237 22.315228 0.732684 191.207025 2.339353
308 -1.998519 0.666524 -77.674864 1.218380 313.210202 0.450957 -82.182888 4.315813 254.209711 0.384376
308 -2.051046 0.546070 50.033500 0.152381 263.440539 0.594725 -82.522754 3.117090 313.737030 0.489431
308 -1.888076 0.744365 78.956251 1.009795 343.446986 0.327747 77.276125 2.685303 301.582590 0.163491
308 -2.807384 0.746771 -21.315522 2.590291 219.945456 0.380554 -62.071223 1.447450 312.996204 2.002105
308 -3.283076 0.047784 14.543081 0.645757 232.422204 0.447411 -68.101162 1.644776 288.499803 2.953490
308 -2.669204 0.426763 -32.947894 1.089358 213.852221 0.749620 -66.079602 0.595913 269.009456 1.725747
309 -3.660162 0.474541 -81.710512 2.126619 333.302381 0.238153 -41.075426 0.973424 213.011202 3.707663
309 -3.977678 0.406460 77.175544 4.217419 211.482822 0.768583 -74.152877 1.714312 327.701388 4.342695
309 -2.728143 0.276269 -17.309831 2.244650 312.141878 0.674010 16.172654 1.099983 326.289001 1.843625
309 -3.548445 0.413927 -76.876176 0.151867 240.279942 0.465240 72.940888 0.338773 187.999224 3.484228
309 -2.062080 0.595597 -72.489099 1.181623 313.492990 0.408071 -80.039049 4.364144 255.928974 0.511499
309 -2.504575 0.539392 63.497143 0.448590 278.359743 0.579226 -73.072083 3.547245 324.080437 1.396488
309 -2.319268 0.737227 88.475821 1.086403 335.102151 0.343051 72.540253 2.862275 314.991275 1.025874
309 -2.958269 0.759014 -40.929486 2.964437 236.080329 0.331628 -64.788705 1.143474 299.200212 2.303877
309 -3.747542 0.150067 -15.614840 0.621101 237.253640 0.375836 -19.207140 2.223320 313.604614 3.882422
309 -2.774881 0.369122 -1.649340 1.305988 272.050919 0.713435 -66.240722 1.155393 236.268738 1.937100
310 -2.474303 0.443926 -81.865027 1.262789 336.123352 0.791716 -23.957804 1.449716 198.013484 1.335944
310 -4.272966 0.332125 -57.880017 2.186663 191.546442 0.635203 -36.588971 0.649414 323.877255 4.933271
310 -3.908550 0.736680 -44.474521 2.746478 297.995378 0.579734 -56.573097 2.346605 296.328432 4.204439
310 -1.962775 0.385069 -70.781348 0.229115 260.950089 0.534372 66.235221 0.783419 192.839339 0.312889
310 -3.321796 0.578230 -23.697213 1.239991 232.653692 0.563616 -15.032557 0.119784 284.328693 3.030930
310 -2.661647 0.791466 77.443626 0.236222 322.581083 0.566834 -82.857679 3.751200 319.861635 1.710632
310 -1.921022 0.736235 79.605358 0.970617 338.607171 0.343189 78.784726 2.696919 303.879859 0.229382
310 -2.638793 0.730842 -4.996469 0.796826 316.471720 0.277151 -43.950126 2.323287 244.773238 1.664925
310 -2.709459 0.604893 -63.146025 0.819569 317.931930 0.233667 3.354929 1.158577 39.654100 1.806256
310 -2.082633 0.385734 1.350443 1.352978 255.768325 0.579627 -69.333452 1.885728 297.027370 0.552604
311 -2.144881 0.584667 -73.322903 0.811397 301.274387 0.118262 -21.622635 1.614318 195.747252 0.677101
311 -4.512577 0.468830 -67.492493 3.052285 146.276128 0.511868 -53.732341 1.224394 330.780142 5.412492
311 -2.434320 0.722739 -26.777150 2.350628 287.400371 0.618223 -31.334114 1.909079 311.762364 1.255979
311 -1.923964 0.799591 -68.167745 1.391043 337.058158 0.465860 26.582176 2.137765 205.882993 0.235267
311 -2.609501 0.610664 -13.719637 1.150487 246.942197 0.713407 -25.596146 0.275459 310.565864 1.606340
311 -2.076653 0.747933 78.037333 0.548054 316.869112 0.649479 83.815163 4.203697 326.202508 0.540644
311 -2.263334 0.778822 88.059866 0.844306 293.168437 0.561865 -87.168215 2.626448 315.363800 0.914006
311 -3.000884 0.667847 12.738770 0.296921 300.775032 0.321162 -30.095256 2.429708 294.293107 2.389106
311 -3.107822 0.560941 -75.026988 1.355272 343.587528 0.294434 2.067550 0.511599 38.714437 2.602982
311 -2.020694 0.248155 13.487543 1.544188 279.764450 0.611404 -41.696610 1.188725 297.440311 0.428726
312 -2.241359 0.337093 -43.763913 1.568468 324.191978 0.778748 71.214993 3.009639 219.061877 0.870055
312 -4.210279 0.396530 -76.539814 3.276993 160.490500 0.547333 -53.883739 1.075754 325.577638 4.807896
312 -2.371523 0.021351 -69.377919 3.109574 334.618616 0.611697 -52.517912 2.022381 307.212349 1.130385
312 -4.575441 0.634053 -74.827966 0.896547 331.275453 0.481557 31.440177 0.863706 210.352173 5.538221
312 -2.545443 0.504427 -18.062952 1.412027 244.676225 0.777483 -32.911241 0.507516 337.226494 1.478225
312 -2.776819 0.693844 70.633939 0.736056 307.829764 0.793130 77.979996 4.288920 340.433429 1.940976
312 -2.547443 0.246356 -5.545871 1.668310 289.325978 0.606110 -52.822455 3.608390 312.865125 1.482224
312 -1.889798 0.613692 18.410443 0.347435 268.326844 0.444508 -30.661092 1.461894 306.322972 0.166935
312 -2.781634 0.586406 -69.401758 1.465050 343.888829 0.277875 -3.321363 5.259723 41.816882 1.950607
312 -3.131080 0.715140 8.054415 2.151738 345.637476 0.267321 -77.383331 2.239169 291.001733 2.649498
313 -1.924215 0.442290 -63.005466 1.539394 324.582142 0.784428 62.069477 1.950652 214.916078 0.235768
313 -6.996900 0.437682 85.737727 1.640002 165.313739 0.613726 -45.582099 1.120710 315.374604 10.381139
313 -5.104948 0.106242 -79.710844 3.905114 295.030595 0.498338 -60.194973 2.086274 344.188088 6.597235
313 -2.050015 0.777089 -81.577832 0.578444 325.887942 0.445002 -62.450361 1.240837 188.989545 0.487369
313 -2.199786 0.624001 2.716491 1.839324 329.662275 0.119560 -47.948175 1.890418 302.556489 0.786910
313 -2.155559 0.758043 87.746263 1.073062 342.591754 0.694722 76.480434 4.764050 347.779335 0.698457
313 -3.913290 0.227387 -0.201091 1.778386 328.036305 0.680939 -36.784972 4.411167 287.510536 4.213919
313 -2.160111 0.723819 -5.839018 0.843287 258.601899 0.450814 -10.034107 1.646062 331.140695 0.707560
313 -2.494070 0.717400 -73.753361 0.589693 319.615925 0.065490 -55.351818 4.963623 47.030743 1.375479
313 -1.847509 0.647840 2.325797 2.241353 345.493950 0.232033 88.612830 1.586690 274.904407 0.082355
314 -3.625155 0.476404 -71.354299 1.279054 347.269806 0.705717 51.405207 1.647136 183.352105 3.637648
314 -3.532948 0.431801 80.123165 1.747126 160.899759 0.648102 -62.487713 1.230119 321.251503 3.453235
314 -1.951488 0.255079 -35.292734 2.141853 278.363521 0.528379 -27.069056 2.206481 345.428297 0.290314
314 -2.501596 0.435036 -76.085616 0.355792 271.550263 0.528761 -10.556721 0.176577 199.019736 1.390531
314 -3.232594 0.797939 -10.966860 1.958073 344.694414 0.028760 -28.431776 2.235628 277.169443 2.852527
314 -2.058023 0.742472 -63.188787 0.952124 312.512316 0.180319 65.111653 0.188270 79.908027 0.503385
314 -4.166155 0.180879 -4.648952 2.151765 345.448484 0.581539 -37.517474 4.443430 281.467267 4.719648
314 -2.104080 0.130910 73.724135 1.700172 335.234388 0.647610 78.257215 2.040514 223.366788 0.595499
314 -2.356978 0.785738 -57.396965 1.055678 314.832489 0.767499 -21.849226 5.200005 40.182725 1.101293
314 -2.811592 0.676503 -16.417309 2.389926 344.939111 0.103252 -87.422785 1.351901 254.549733 2.010522
315 -4.385680 0.569014 87.732205 1.017873 318.142873 0.651299 -82.368871 1.649985 162.754483 5.158697
315 -3.884276 0.429239 82.869142 1.721219 159.224075 0.657818 -65.739931 1.147562 321.068078 4.155890
315 -4.601910 0.273609 -11.053565 2.059694 273.360007 0.574927 -10.885504 2.263945 346.860452 5.591158
315 -4.845525 0.232395 -80.156931 0.259128 288.873119 0.716572 -71.544910 5.029163 180.566410 6.078388
315 -2.455433 0.794202 -74.022294 1.296789 325.639048 0.020971 44.634029 0.111336 141.132314 1.298205
315 -2.493138 0.718144 -74.735604 1.002801 332.770131 0.294229 65.364324 4.931556 89.934469 1.373614
315 -2.171647 0.380485 -17.259704 3.232872 349.429917 0.721177 -57.066110 1.902019 264.103576 0.730632
315 -2.139499 0.701522 73.839410 1.026097 320.457334 0.579121 -75.185257 2.658110 300.031785 0.666336
315 -2.360679 0.725351 -69.340645 1.209101 332.236527 0.046321 -28.734212 0.392970 43.557248 1.108697
315 -1.854332 0.672966 -4.124664 2.499525 342.145003 0.151389 84.420692 1.446530 275.339915 0.096002
316 -2.605568 0.588241 -87.012322 0.257526 286.056810 0.519616 -63.683183 2.141020 200.246154 1.598474
316 -4.324900 0.554571 52.664391 1.983142 143.587834 0.705654 -66.428250 0.793887 310.653880 5.037138
316 -2.091983 0.383803 -35.173931 2.298279 272.270399 0.605544 -28.772498 1.834113 335.793851 0.571305
316 -4.057693 0.650335 12.640879 0.264994 326.150029 0.697760 -61.664401 1.899428 158.579408 4.502725
316 -2.436889 0.752790 -54.652403 1.599826 325.738294 0.122018 45.296129 5.021709 186.274417 1.261117
316 -2.111102 0.799001 -68.084179 1.259131 338.604731 0.079482 -84.150828 4.172711 73.601700 0.609542
316 -1.887210 0.376151 -10.417715 3.454522 335.198081 0.676817 -61.303303 2.038613 304.468831 0.161759
316 -3.034571 0.771727 39.948874 0.952969 290.013687 0.631190 -61.417709 2.074988 315.333025 2.456481
316 -2.302348 0.666841 -64.646868 1.520216 334.125807 0.024640 -24.131545 4.201340 122.543112 0.992035
316 -1.864536 0.660569 -1.262202 2.393469 344.878882 0.231948 -89.767412 1.643543 276.711750 0.116409
317 -3.464701 0.554883 -86.561583 0.129036 304.945435 0.289496 -29.185290 2.755267 99.267824 3.316741
317 -4.901758 0.330864 60.126235 2.808469 70.964383 0.774715 -46.320703 0.712389 344.809087 6.190855
317 -1.936153 0.389510 -59.874123 2.781159 288.917816 0.515070 -24.230757 1.860676 341.336753 0.259644
317 -4.007059 0.620846 1.824751 0.242979 317.843913 0.750256 -67.955468 2.269043 128.630275 4.401457
317 -3.114492 0.779856 89.819361 1.069515 340.382535 0.025342 64.253485 0.204936 189.017748 2.616322
317 -2.569291 0.760464 -77.479136 0.799475 337.593546 0.761059 -69.603102 4.989180 45.236882 1.525921
317 -2.295924 0.637561 8.629472 4.493716 347.415430 0.612654 -58.491381 1.936366 324.786662 0.979186
317 -2.830547 0.673040 -51.844112 1.614078 278.501453 0.773437 82.820364 1.916208 234.849606 2.048433
317 -2.483459 0.540380 -84.976699 1.436400 346.826924 0.054940 -11.545140 4.145538 203.310899 1.354256
317 -1.897463 0.638059 0.758100 2.331201 338.442752 0.126182 -78.705167 1.363046 278.704588 0.182264
318 -1.838983 0.128287 -46.026452 0.578456 265.733772 0.724665 74.352410 2.702526 262.112418 0.065304
318 -6.388764 0.361430 52.457876 2.746561 73.826197 0.739246 -41.122807 0.647966 336.460129 9.164867
318 -2.360618 0.353167 -2.454000 1.702854 319.122503 0.402621 -39.108384 1.465141 245.579806 1.108573
318 -3.366646 0.379580 23.897390 0.419320 279.704203 0.770028 -65.513752 0.099216 186.325255 3.120630
318 -3.003563 0.039271 67.746160 1.173831 305.822041 0.096199 63.861987 0.673174 208.730191 2.394463
318 -2.546507 0.736472 -78.544711 0.548472 346.039554 0.574943 -64.319444 4.969725 30.070814 1.480353
318 -3.811352 0.571535 -23.171209 4.733293 328.150619 0.706520 -38.982758 1.691420 314.082677 4.010043
318 -2.900439 0.446289 -88.487698 1.037971 347.050547 0.201616 -48.873726 2.720585 167.810296 2.188216
318 -3.383903 0.496195 -31.836786 2.576073 318.383184 0.739068 -26.923369 4.237542 323.632127 3.155145
318 -2.348626 0.751184 -2.259726 2.414672 304.285817 0.116495 77.618694 1.519488 304.318039 1.084591
319 -2.520310 0.155204 -54.404770 0.446777 267.018277 0.638278 70.977143 2.991679 246.441974 1.427959
319 -3.611241 0.513351 48.034587 5.017561 30.427622 0.666395 -64.554177 1.426009 349.210101 3.609820
319 -3.108863 0.571761 81.032799 1.589656 309.365188 0.417786 61.562493 2.008746 302.861141 2.605064
319 -3.830139 0.488144 31.426205 1.174677 349.456653 0.748277 -69.395197 0.523541 172.997611 4.047617
319 -3.189780 0.043441 65.611248 1.177734 305.722723 0.102907 64.163639 0.723959 207.844823 2.766899
319 -2.190424 0.701156 -66.508700 1.101014 330.461429 0.558074 -27.277747 4.983854 49.455133 0.768186
319 -2.631770 0.529743 -25.503852 4.145194 337.696073 0.687207 -44.332452 0.416169 283.720903 1.650878
319 -3.044753 0.434916 87.022829 1.105751 339.912637 0.207912 -52.745263 2.848427 163.247087 2.476844
319 -6.545153 0.442898 -88.093880 0.888066 282.782625 0.153241 -7.146381 4.661121 301.319438 9.477645
319 -2.250175 0.744625 -6.149204 2.144237 318.078629 0.059985 86.025882 1.766466 293.474683 0.887688
320 -3.925259 0.092536 -76.042568 1.131903 286.188221 0.763081 -89.671609 2.365843 259.855914 4.237856
320 -4.190777 0.640670 68.563485 0.121796 52.648540 0.730622 -53.616054 0.666437 329.126329 4.768892
320 -2.320619 0.572418 -64.599877 1.551531 324.400633 0.375427 27.057871 1.950879 221.876626 1.028577
320 -2.181315 0.794775 -81.570005 0.953043 332.015256 0.031605 57.675089 3.478022 244.096172 0.749968
320 -2.480262 0.076833 46.767366 1.148256 314.882173 0.096503 53.078164 0.709483 199.698874 1.347863
320 -2.290870 0.769941 -78.011863 0.627574 343.027190 0.564410 -25.035322 1.145512 124.642457 0.969079
320 -3.871212 0.605361 -51.017993 3.835104 348.373760 0.614008 -43.965625 0.726988 273.868098 4.129762
320 -5.676952 0.769497 -4.955684 1.969773 339.278312 0.146142 -84.993642 2.824682 213.119038 7.741242
320 -3.598624 0.694967 -16.191797 0.916843 331.278698 0.375928 -7.881359 4.853461 117.217082 3.584586
320 -2.453573 0.767769 -10.025600 1.219871 307.755547 0.491079 -86.469022 1.335453 202.372875 1.294484
321 -2.317476 0.653300 -82.058758 1.779171 327.494558 0.016196 -71.059326 2.744354 260.570371 1.022289
321 -2.635606 0.024134 61.593810 4.797426 344.663747 0.647930 -39.872533 1.536075 333.754876 1.658550
321 -2.468964 0.483626 -61.730659 2.189806 338.646853 0.287074 44.856273 2.414665 220.208585 1.325266
321 -1.881857 0.713831 -75.358479 1.169886 296.212425 0.189366 85.508552 3.653605 292.338624 0.151052
321 -2.197288 0.701943 -19.743171 1.507147 299.466324 0.708967 17.769270 0.428205 287.353741 0.781915
321 -1.969099 0.718963 -73.849751 1.012752 326.449638 0.577807 -32.712768 0.765246 156.023598 0.325536
321 -2.884363 0.634507 -72.104163 3.253591 348.601186 0.787855 -37.438789 1.451201 297.950491 2.156065
321 -3.253951 0.684425 -59.538556 1.332954 319.969491 0.176644 -77.040271 0.504644 155.063655 2.895241
321 -2.184071 0.597045 -60.066883 1.651146 290.708576 0.043519 65.450053 3.163623 293.892768 0.755480
321 -1.905436 0.701714 -1.274576 1.454750 335.138786 0.540397 -72.345134 1.000476 215.716103 0.198211
322 -2.260723 0.687547 -74.882591 1.095074 327.271154 0.020413 -50.019399 3.629475 239.809390 0.908785
322 -3.932313 0.022975 64.237900 4.741822 329.838175 0.517821 -24.003976 1.319745 337.317255 4.251964
322 -3.057438 0.514161 -83.037504 1.439694 344.318458 0.344374 32.180758 0.787765 127.289152 2.502214
322 -4.858137 0.321058 -38.021268 5.122675 98.865218 0.735073 -70.580259 1.254615 349.292319 6.103613
322 -3.828211 0.789600 -21.434394 1.115330 290.317144 0.467906 2.345381 5.094835 212.890791 4.043761
322 -2.066603 0.753583 -60.795354 1.483309 325.518944 0.483157 67.590849 1.059315 148.629821 0.520544
322 -2.320532 0.660238 -51.199827 3.461525 316.430253 0.657158 -74.540656 1.152250 235.362625 1.028402
322 -3.849575 0.738632 -70.337893 1.278859 292.418429 0.335380 -28.417974 0.118919 169.902353 4.086489
322 -2.276128 0.632804 -80.548649 2.282859 338.610801 0.054043 33.128639 3.453510 292.559279 0.939594
322 -3.955741 0.543855 4.586321 1.674699 300.639913 0.595252 -67.572132 1.665782 299.521089 4.298821
323 -2.334645 0.790473 -72.876692 0.131484 292.820142 0.716588 -81.974054 3.092635 202.696804 1.056628
323 -4.058351 0.015257 62.367501 4.827564 331.306766 0.475115 -17.479821 1.578407 348.152387 4.504041
323 -2.112062 0.769943 -7.446173 0.969863 270.541978 0.789502 -49.256675 2.183180 341.005551 0.611462
323 -4.352669 0.354041 -27.252328 4.495016 117.116653 0.697345 -52.388071 1.367034 344.723153 5.092676
323 -3.679597 0.769804 -24.395832 1.102254 291.914271 0.460382 1.848350 5.109201 211.246751 3.746533
323 -3.160311 0.774146 -57.359461 1.116264 329.636329 0.548601 57.894720 1.447916 98.928597 2.707960
323 -2.765243 0.523904 -31.250190 4.310454 291.650358 0.789084 -72.915159 0.806671 261.556288 1.917825
323 -2.660500 0.725757 -88.818572 1.405273 342.376227 0.115980 -44.243067 0.203742 210.920831 1.708339
323 -3.977927 0.752595 84.312736 0.826512 328.020040 0.142345 85.974456 3.660167 256.622242 4.343193
323 -3.481326 0.650417 2.513432 0.719604 270.068552 0.190450 24.194279 1.109834 291.005343 3.349990
324 -2.366110 0.492200 -84.146063 0.303617 285.703523 0.432622 84.606992 1.518600 195.831938 1.119559
324 -6.599167 0.033160 70.585636 4.849120 329.681864 0.468998 -10.656626 1.813529 349.249361 9.585673
324 -3.269435 0.255302 10.074719 0.867359 228.518669 0.273694 -14.170602 1.551465 323.232386 2.926208
324 -4.054278 0.359006 -38.118853 3.836405 121.550340 0.671075 -68.168845 1.293871 325.295338 4.495894
324 -1.922040 0.788023 -59.710636 0.186715 225.364516 0.243334 66.770618 2.961829 304.778266 0.231419
324 -3.901118 0.776019 -60.938418 1.104308 344.216135 0.538135 52.168148 1.680805 127.955969 4.189574
324 -2.598984 0.541038 -44.301207 4.154857 304.497703 0.787407 -73.185733 0.848583 249.900122 1.585306
324 -2.627971 0.748405 -89.994854 1.265181 343.368904 0.104992 -48.176668 0.225606 206.258929 1.643280
324 -2.882892 0.676312 77.369490 0.502055 336.765747 0.094043 -80.191847 3.378925 248.669961 2.153122
324 -2.694354 0.706991 -71.774286 0.960553 261.379288 0.515337 -80.900745 0.363276 204.985109 1.776046
325 -3.123936 0.518811 80.696066 0.752884 317.212188 0.283249 -37.917600 3.000097 234.982801 2.635211
325 -3.708466 0.631579 -26.874021 2.452280 322.446155 0.736220 -4.261645 2.617392 304.498135 3.804271
325 -4.291195 0.405163 14.132222 0.318661 198.939765 0.007307 -22.916583 1.544351 324.457267 4.969728
325 -5.365317 0.426648 -86.742415 4.438578 192.270105 0.670183 -54.557525 0.317060 283.934474 7.117973
325 -2.968032 0.342728 -8.194756 1.356657 270.183932 0.088384 -33.350174 1.370476 289.442872 2.323402
325 -2.246078 0.780123 -65.387185 1.234055 346.294445 0.591050 34.484502 1.360321 113.712138 0.879495
325 -3.032247 0.529701 -14.837011 0.582666 261.139191 0.186838 89.356728 1.574192 252.198772 2.451832
325 -2.859596 0.021668 -86.361203 0.707844 286.188621 0.698419 -50.008026 0.359810 209.387525 2.106530
325 -3.487837 0.754319 -86.641206 0.786773 305.922043 0.227335 57.194553 2.838202 240.677292 3.363013
325 -2.257452 0.785607 -69.347787 0.927733 281.817236 0.509418 -83.741188 0.427446 170.604032 0.902243
326 -2.574072 0.596250 85.135643 0.733000 317.390097 0.299388 -30.892089 2.551155 241.733519 1.535483
326 -3.068331 0.618020 -45.812452 2.186342 280.718079 0.553460 -11.889930 2.263569 341.659349 2.524000
326 -2.607208 0.530607 -0.202142 0.577867 230.263834 0.127279 -6.269269 1.472206 322.013156 1.601755
326 -6.184982 0.437638 -76.730536 4.245434 181.087979 0.604912 -68.036193 0.383744 285.842493 8.757302
326 -2.474256 0.399410 -29.008581 1.797220 283.225657 0.500150 -36.338999 0.762644 275.564674 1.335850
326 -2.324455 0.760529 -69.712587 1.368320 337.175643 0.601004 36.723697 1.601092 87.676340 1.036248
326 -2.983949 0.638288 -12.147797 1.374648 322.891037 0.155024 -82.586351 2.302823 225.534162 2.355237
326 -2.524755 0.024483 88.688399 0.967313 262.385021 0.746508 -57.059552 0.196437 230.645653 1.436849
326 -2.127136 0.715761 -63.379074 1.374945 313.904214 0.716362 23.762843 2.756211 225.953173 0.641610
326 -3.574577 0.745778 -71.816279 0.205303 320.298294 0.351981 83.588785 3.970161 96.266982 3.536492
327 -2.000212 0.627709 -70.243505 2.187134 344.884044 0.302869 -32.266007 3.050263 251.335633 0.387762
327 -2.679261 0.590388 -66.989378 1.088579 342.836917 0.059303 2.413708 1.243629 11.321631 1.745861
327 -2.503673 0.524753 43.242510 1.167265 321.351901 0.627002 22.354893 1.503507 346.560647 1.394684
327 -4.350946 0.625099 83.003463 1.896559 285.336923 0.410431 52.435642 2.412363 339.241621 5.089231
327 -2.522272 0.535106 -18.137599 2.176023 264.825638 0.688359 -50.032422 0.617852 296.071483 1.431882
327 -3.043308 0.525279 -69.473338 0.427496 300.462669 0.041453 14.529858 1.623862 73.449720 2.473955
327 -2.025520 0.730281 -72.944663 1.068670 346.246018 0.790220 49.836063 2.061573 121.918894 0.438378
327 -3.377280 0.012999 -82.855547 0.890779 248.645233 0.756834 -54.647640 0.426656 241.313186 3.141899
327 -2.243092 0.740814 -60.997752 1.091293 305.609448 0.621374 30.368708 2.818384 218.457231 0.873523
327 -3.033392 0.762118 -76.902094 0.392139 346.387991 0.757464 -38.525685 2.665014 14.935083 2.454123
328 -3.200453 0.533930 -77.272054 1.621063 338.506369 0.258939 -27.252638 1.800446 158.096383 2.788245
328 -3.615730 0.552137 1.309682 1.169638 298.370409 0.072030 1.979865 2.042065 311.568045 3.618799
328 -1.843488 0.034237 51.415603 0.481956 255.483366 0.430689 -42.895567 1.007709 256.440434 0.074314
328 -4.830747 0.658989 87.400978 1.957071 284.445762 0.434410 51.492041 2.444642 324.872080 6.048832
328 -3.278177 0.494001 -9.838145 2.247012 253.323351 0.748842 -49.584192 0.547025 317.601513 2.943692
328 -3.259880 0.572924 -77.080993 0.539403 306.758368 0.027878 15.708295 1.684665 67.842507 2.907099
328 -2.155783 0.730732 -64.016581 1.160653 320.014497 0.129596 43.305671 1.605488 90.174411 0.698905
328 -4.012538 0.012596 -80.252584 0.830323 245.962117 0.779980 -50.211323 0.423590 248.917081 4.412415
328 -3.233445 0.743711 -9.022687 0.489231 320.049174 0.598809 28.808352 3.003596 204.012556 2.854229
328 -4.761122 0.716558 -83.130726 1.271264 343.328293 0.002690 -47.442471 2.627223 43.004076 5.909582
329 -2.796221 0.552340 -72.459369 0.794726 293.966665 0.332152 -60.105200 2.984634 236.768221 1.979781
329 -5.205739 0.386285 7.062643 0.470703 207.753688 0.121612 -1.181023 0.642337 283.526131 6.798816
329 -1.824111 0.020762 51.035593 0.485269 253.650364 0.429205 -43.859361 1.048187 258.413571 0.035561
329 -2.433864 0.755051 -77.435741 1.689731 341.660717 0.241946 72.099672 3.530105 307.874019 1.255067
329 -3.029616 0.530214 -6.372308 1.658126 225.923327 0.663999 -27.966356 0.750018 349.510791 2.446571
329 -2.266215 0.756725 -74.745507 0.880875 341.982828 0.449421 16.770381 2.677040 27.853428 0.919768
329 -2.353937 0.711256 -63.958658 0.656045 304.075519 0.004417 47.179539 1.099614 102.272345 1.095213
329 -3.151160 0.779668 -72.268939 0.630891 268.227878 0.729089 -31.290634 0.160276 251.748176 2.689658
329 -3.025663 0.706105 -12.684630 0.805893 305.295555 0.644764 -66.731902 2.256977 158.347735 2.438664
329 -3.452239 0.668660 -81.891658 1.607852 278.124086 0.292620 -10.748809 2.257000 324.999062 3.291817
330 -3.825935 0.452097 87.630833 1.484415 345.380747 0.533902 -16.887842 1.644490 195.715452 4.039208
330 -2.837993 0.230554 26.190959 1.013685 215.288027 0.155945 -30.152093 1.918346 348.864197 2.063324
330 -1.877720 0.021190 46.443583 0.596515 254.454742 0.442457 -45.259386 1.279229 266.939530 0.142778
330 -2.718217 0.568435 -74.904407 1.301297 297.006095 0.568547 34.804022 4.079858 322.561636 1.823773
330 -1.925590 0.454208 1.146017 1.231917 266.050925 0.660095 -38.051213 1.254791 313.819929 0.238519
330 -4.012318 0.741196 -32.326204 2.418010 341.463517 0.773399 0.114358 1.945284 267.084745 4.411975
330 -2.408092 0.759458 -56.808751 0.932912 293.100289 0.070991 59.062752 0.921778 162.796289 1.203522
330 -2.636034 0.775379 -70.582674 0.624040 266.967902 0.712696 -30.418722 0.119697 255.704773 1.659406
330 -4.474475 0.547784 -3.931375 0.945713 341.654732 0.112265 -65.714787 2.105918 52.027508 5.336288
330 -2.193941 0.649972 -80.003546 1.645674 279.679032 0.279498 -9.275828 2.506442 341.411589 0.775219
331 -3.557522 0.710702 -30.174413 2.340397 320.485144 0.630783 -86.416293 2.631501 232.297881 3.502382
331 -2.812280 0.188336 56.490481 1.055563 212.666287 0.216266 -35.793366 1.883222 349.264975 2.011899
331 -1.947929 0.034398 50.944009 0.612884 252.329019 0.459931 -44.556773 1.509566 278.813669 0.283196
331 -2.636125 0.634442 -74.157855 1.313787 301.316791 0.521031 38.906959 4.302341 303.728889 1.659589
331 -3.087149 0.663786 -15.207186 3.521461 349.824661 0.654058 6.635730 0.584110 302.360444 2.561636
331 -3.783785 0.765648 -10.972382 1.816343 334.336733 0.594391 -16.587173 2.316997 265.446117 3.954908
331 -2.309043 0.678746 -63.241519 0.717273 290.533153 0.052519 35.743854 2.037923 153.214262 1.005423
331 -3.452234 0.753474 -22.008959 1.078480 288.254560 0.087300 -11.339739 3.312023 199.237802 3.291807
331 -2.327005 0.117804 0.517102 2.296422 336.486046 0.143338 -9.695512 1.739692 270.671689 1.041349
331 -3.273795 0.746748 -75.928603 1.915020 292.208548 0.254248 18.739803 2.973107 321.971260 2.934929
332 -4.316734 0.661648 -23.171738 3.838845 336.905479 0.683326 -50.733671 2.096535 266.124637 5.020806
332 -2.898361 0.178156 55.849690 1.068721 212.593754 0.218345 -39.841629 1.831999 345.278550 2.184061
332 -1.915581 0.728432 -65.879931 1.045319 314.473698 0.261375 -13.136773 0.529100 132.854803 0.218501
332 -2.268395 0.665291 -62.641453 1.148016 297.561907 0.574066 38.336781 4.672215 308.196353 0.924129
332 -3.543478 0.681735 -10.097452 3.384418 338.334747 0.652669 10.206424 0.804726 324.012591 3.474295
332 -3.369885 0.513546 32.086540 1.710612 287.334040 0.692192 -60.992881 1.963964 334.633311 3.127109
332 -2.678918 0.722167 -51.927794 0.497913 272.284861 0.675048 -87.136276 2.283874 151.654707 1.745174
332 -5.181632 0.773089 -7.517672 0.356038 276.131355 0.759632 -18.851903 3.028455 187.674683 6.750603
332 -4.903031 0.103505 10.124780 1.779279 323.339093 0.095053 2.451682 2.513831 280.872912 6.193400
332 -3.605599 0.709214 67.130901 0.216255 291.658854 0.061253 86.443881 3.571456 338.630269 3.598537
333 -1.947097 0.416695 -11.182505 3.175367 306.359190 0.515737 -58.646954 1.999956 307.919148 0.281533
333 -3.894505 0.167558 53.495826 1.102228 216.414894 0.252568 -50.007522 2.041208 339.819431 4.176348
333 -2.391893 0.767100 -61.434455 1.639437 340.082895 0.249462 -9.932682 4.912454 204.942218 1.171125
333 -2.234472 0.611338 80.809084 0.781102 278.083656 0.267102 68.034351 2.013627 316.868230 0.856282
333 -2.452170 0.729546 -28.252240 3.043501 325.769848 0.639949 3.427887 0.805761 329.490722 1.291677
333 -1.935372 0.616517 -25.792165 2.051622 263.341853 0.720518 -29.991526 1.462401 349.264308 0.258083
333 -3.436009 0.720265 -21.506946 0.312091 263.264874 0.630260 82.483302 3.131073 186.242488 3.259357
333 -4.326018 0.549540 -57.006307 0.717705 267.436008 0.033752 55.194461 3.563936 281.494033 5.039375
333 -5.502519 0.163654 13.144243 2.278124 347.002272 0.164076 -20.080515 2.430772 262.804454 7.392377
333 -2.587648 0.781274 58.959234 0.330626 277.447856 0.796587 86.464384 3.592270 347.525315 1.562635
334 -2.455010 0.397747 -70.834368 1.462952 319.464817 0.662190 47.588269 2.344803 288.578576 1.297358
334 -2.221346 0.097932 44.201643 1.795642 275.934023 0.291955 -49.734764 2.128939 316.818344 0.830031
334 -3.223975 0.799658 -77.113530 0.746387 291.824768 0.312089 61.060984 2.318134 204.650575 2.835289
334 -1.901695 0.652896 -74.683919 0.449355 239.572655 0.231532 58.279123 1.644488 294.307674 0.190728
334 -3.105520 0.791358 -21.538227 2.054928 314.441285 0.570199 27.844175 1.941890 340.204387 2.598379
334 -2.417525 0.767034 -26.550349 0.388032 216.961296 0.394310 -1.750809 1.823622 311.816111 1.222389
334 -3.727519 0.715812 -14.328693 0.162488 273.688842 0.614360 70.794391 2.722233 176.856446 3.842376
334 -2.538640 0.624443 -59.035450 0.698289 257.348805 0.048768 48.464015 3.636854 290.759496 1.464618
334 -1.834933 0.137023 0.356448 2.648659 349.080514 0.794699 -55.272776 1.925354 281.145785 0.057205
334 -2.260801 0.776920 -65.708164 0.433629 288.864353 0.522489 66.801000 1.992682 125.472908 0.908941
335 -3.160039 0.270491 -42.208131 2.126419 306.275937 0.634657 51.482342 1.594004 273.286737 2.707416
335 -2.878098 0.154113 25.054946 1.699497 256.796120 0.366932 -66.487969 2.452863 336.058881 2.143534
335 -2.383620 0.769248 -59.774580 0.641706 279.891397 0.290887 -13.255239 2.327732 183.068976 1.154578
335 -3.293206 0.603448 -69.740497 0.621309 240.302336 0.242041 71.232620 1.370945 284.897649 2.973750
335 -2.448952 0.075303 45.458150 1.562048 308.216959 0.439589 42.569653 2.175138 304.011315 1.285242
335 -2.704210 0.648005 -24.289492 0.820315 271.998401 0.070900 7.873558 0.350189 211.812344 1.795757
335 -5.756117 0.784375 8.710860 0.754960 325.833451 0.625302 -3.480816 3.037907 251.693086 7.899573
335 -2.477428 0.212499 83.803059 0.342917 286.549306 0.717494 73.804792 4.706039 274.949546 1.342195
335 -3.726633 0.676622 4.490545 3.521273 339.721399 0.710413 -56.210670 1.168644 269.080531 3.840604
335 -2.057345 0.611677 -73.839687 0.910434 309.095010 0.535337 66.025145 1.925316 167.180375 0.502029
336 -5.881167 0.485104 -6.997655 2.670732 301.894018 0.010847 -16.802250 3.486494 348.056106 8.149673
336 -1.880418 0.233906 -14.896535 1.788554 285.734301 0.412742 -60.638731 2.091262 288.240694 0.148175
336 -5.732993 0.602866 -77.558790 0.954675 280.169845 0.777448 -76.522826 0.440655 197.664831 7.853325
336 -3.331924 0.686161 7.008559 1.108966 344.072255 0.530325 -48.020499 5.217322 292.486681 3.051185
336 -2.038544 0.055802 43.541477 1.198388 284.771260 0.418385 44.959294 2.181815 312.161073 0.464427
336 -2.105636 0.669840 -5.685392 0.429429 279.835728 0.232721 -36.514492 0.388484 202.453260 0.598609
336 -5.175595 0.607635 8.454180 0.242138 294.455114 0.683104 2.681299 4.455002 306.655021 6.738528
336 -2.535386 0.175706 -87.337456 0.274163 270.637724 0.733803 73.915914 4.852259 277.500641 1.458109
336 -3.608202 0.557355 -25.513592 3.218816 331.043484 0.729845 -35.995571 0.356381 251.241920 3.603742
336 -3.796617 0.486784 -82.562056 0.843370 309.782519 0.644394 48.031838 2.066945 157.680176 3.980572
337 -3.893899 0.643816 -7.200225 2.348774 283.882495 0.726731 -44.928185 2.996641 326.401559 4.175137
337 -2.353467 0.203038 -0.269047 1.641483 298.828622 0.358874 -58.482050 2.712442 299.250626 1.094273
337 -2.856806 0.640202 -84.143158 1.178612 292.667708 0.686874 84.739973 5.256693 312.899163 2.100950
337 -5.860785 0.057626 6.076177 2.250042 250.866343 0.605494 -17.479455 0.778820 323.249013 8.108908
337 -3.055170 0.227359 21.872221 1.117643 297.644694 0.418823 54.745360 2.062391 279.482935 2.497678
337 -1.886041 0.671410 -12.501279 0.828862 276.728335 0.252913 -54.092176 0.124677 203.150560 0.159421
337 -3.250811 0.062211 0.639580 3.621943 257.232478 0.695693 -55.849036 1.084058 318.707764 2.888960
337 -2.289320 0.187641 -69.066815 0.297529 231.832312 0.755852 60.886798 0.662082 267.405796 0.965978
337 -2.658159 0.108037 7.490826 0.379702 240.290642 0.779446 86.747782 3.667637 327.488032 1.703657
337 -2.486037 0.601869 -68.303885 0.951158 298.861738 0.461633 6.317956 1.701918 184.701755 1.359412
338 -2.731803 0.594353 -8.256390 1.777060 262.192609 0.091227 -49.971845 1.815121 334.392416 1.850945
338 -2.460203 0.731985 -57.586788 1.707575 342.315625 0.078346 27.235297 4.496799 154.425713 1.307743
338 -4.957287 0.694889 -29.856398 1.420414 299.241936 0.716590 5.229172 4.895565 332.620985 6.301912
338 -4.140189 0.795664 3.679246 1.813875 218.159384 0.631497 -46.366548 0.623909 332.768007 4.667717
338 -2.251520 0.269846 18.035024 0.751685 262.990748 0.186041 -68.674326 1.885089 288.410644 0.890379
338 -1.827035 0.787286 -20.573328 1.018061 268.682789 0.304574 -47.904546 0.430947 227.044535 0.041409
338 -3.762859 0.265947 8.848368 4.191428 315.241607 0.328956 -38.087893 1.670361 326.252028 3.913057
338 -2.456095 0.191394 -63.843556 0.308325 237.345569 0.644311 44.730782 0.241504 243.528549 1.299529
338 -4.265644 0.791567 -36.926071 0.608332 254.583381 0.533331 -19.885238 2.921900 178.777197 4.918627
338 -2.041458 0.699142 -62.986552 1.685256 343.061928 0.383186 15.428188 4.554234 169.493107 0.470254
339 -1.969788 0.425606 -21.209754 1.741555 276.249960 0.015721 -16.489471 2.037536 298.476223 0.326914
339 -2.411888 0.768304 -64.398371 1.842193 343.481007 0.192780 26.199426 4.355185 126.952392 1.211115
339 -2.971309 0.019691 8.684378 1.796057 332.515021 0.698264 72.871878 3.140214 294.084529 2.329956
339 -3.848555 0.757420 -1.002057 1.683698 213.380541 0.688742 -39.343582 0.416849 330.595960 4.084448
339 -2.132731 0.447756 2.595628 0.549746 234.387779 0.279708 -46.766632 2.720567 339.217739 0.652800
339 -2.156630 0.752637 -25.922113 0.996088 269.944299 0.285203 -41.546968 0.352941 221.245815 0.700597
339 -3.930977 0.343213 5.772498 3.801810 330.063163 0.267353 -42.451737 1.417971 298.840396 4.249292
339 -4.349609 0.106509 -79.551305 0.941005 231.164692 0.669542 59.571926 0.698951 254.968858 5.086557
339 -2.173334 0.157283 88.669807 1.008894 300.333640 0.246225 -87.330561 1.773847 223.040200 0.734007
339 -4.043439 0.774593 -48.035551 1.831547 342.253266 0.515418 29.942329 4.177317 137.865237 4.474217
340 -2.576048 0.414369 -38.974815 2.084734 267.995635 0.227957 24.465709 2.267256 336.783815 1.539435
340 -1.997121 0.662582 -69.011553 1.420508 346.282862 0.300131 59.467151 4.581167 128.060529 0.381581
340 -2.233251 0.122686 12.385638 1.194549 294.769850 0.686270 71.297011 2.663622 277.115291 0.853840
340 -7.195111 0.691792 39.164293 1.824741 226.514765 0.746911 -28.416669 0.473969 333.865738 10.777559
340 -3.026556 0.571144 -13.604542 0.149019 221.645162 0.274966 -45.953594 3.117516 311.207452 2.440449
340 -3.919656 0.720362 -41.039245 1.081990 285.217123 0.425532 -19.500342 0.194834 169.279672 4.226650
340 -3.921499 0.248369 -10.014274 3.098874 305.589078 0.442934 -15.597741 1.146023 309.361263 4.230337
340 -4.428670 0.070839 -77.782327 1.315854 245.632442 0.697461 68.107242 0.621622 251.151551 5.244679
340 -3.353498 0.256179 86.924917 1.058194 312.722549 0.288945 -87.450329 2.151670 198.117964 3.094335
340 -2.463797 0.790989 -54.838229 1.420617 327.888085 0.507193 32.782426 4.117842 123.466941 1.314931
341 -2.229285 0.381630 -26.183513 2.493662 284.247295 0.292564 26.269550 2.154974 345.333038 0.845908
341 -2.188332 0.569779 -70.704589 1.440432 342.238827 0.217588 69.023977 4.846101 138.276023 0.764002
341 -3.114260 0.086419 -3.365953 1.657068 292.031774 0.759238 77.031938 2.748582 293.955540 2.615858
341 -3.275591 0.605037 -29.972902 2.055688 321.878122 0.768984 77.688446 2.539918 208.411652 2.938520
341 -2.784541 0.389913 -12.774155 0.097712 212.654377 0.211369 -52.903424 2.641710 320.478266 1.956421
341 -2.497100 0.690882 -82.912736 0.493097 335.222044 0.228705 3.021821 0.994622 91.493457 1.381538
341 -3.577423 0.244403 13.129567 2.852658 305.807285 0.447853 -19.853831 1.818402 333.135209 3.542184
341 -5.779430 0.333045 -83.882972 2.992798 217.512653 0.729805 63.150882 0.909796 299.005979 7.946198
341 -2.050135 0.215336 -79.980992 1.443228 332.762949 0.317945 84.031001 1.443076 174.583846 0.487608
341 -2.561753 0.589769 -23.804335 2.547350 307.542345 0.033021 -26.735002 0.876607 266.387772 1.510844
342 -1.870665 0.230086 -35.704833 2.389850 348.802453 0.595775 -41.535641 1.176819 234.187550 0.128668
342 -2.569851 0.624198 -68.224385 0.729239 321.492679 0.696497 -79.919079 0.805732 41.428790 1.527040
342 -2.133517 0.320175 6.748147 0.531282 258.235601 0.785333 -60.929187 2.389647 285.780258 0.654372
342 -2.002101 0.189548 52.233130 1.406844 329.119581 0.630822 47.638355 1.571067 272.207424 0.391541
342 -3.638250 0.405213 -6.657455 0.091306 224.633568 0.164732 -64.225145 2.600579 320.522374 3.663839
342 -2.834366 0.740405 -58.161916 0.431422 291.241425 0.127478 -15.889045 1.254013 83.630812 2.056071
342 -2.182080 0.257703 20.984342 1.905818 329.389733 0.361247 -7.536837 2.077589 320.382300 0.751499
342 -5.881744 0.417009 -81.613445 3.282616 208.697388 0.750999 67.824608 0.633367 294.837417 8.150827
342 -3.561627 0.328049 -69.165658 0.729743 308.994039 0.226459 75.722086 2.616635 134.196739 3.510592
342 -4.238124 0.614217 -31.247736 2.756259 317.835701 0.181830 -15.663688 0.491407 259.430371 4.863586
343 -3.712292 0.085796 -18.780459 1.176410 238.104921 0.609264 -50.029338 1.327376 279.063135 3.811923
343 -2.194075 0.662577 -67.800397 0.541701 299.461602 0.062660 -78.042815 0.456169 115.762590 0.775489
343 -3.387105 0.330847 -18.248778 0.605368 247.543321 0.018372 -66.973491 2.191475 284.520948 3.161549
343 -2.003168 0.169803 55.755613 1.392170 332.809248 0.594492 57.266081 1.520794 242.502384 0.393673
343 -3.189755 0.419385 -0.168594 0.396901 249.255626 0.240687 -56.354739 2.400317 305.647635 2.766848
343 -3.226054 0.753796 -22.287482 1.216076 285.390550 0.170318 36.084367 3.274780 299.395234 2.839447
343 -2.643912 0.520392 15.356681 1.562570 281.497870 0.686784 -54.121128 0.690591 285.251567 1.675163
343 -6.209864 0.374996 88.353983 3.180323 233.301393 0.765595 62.004373 0.428707 280.249275 8.807067
343 -2.818560 0.397742 -76.820507 0.935024 324.257766 0.394931 76.777604 2.129762 106.737028 2.024458
343 -3.010390 0.648258 -53.028761 2.846987 324.930131 0.274277 -35.981395 0.460645 218.601005 2.408118
344 -3.142592 0.112208 -49.223193 1.127486 275.786014 0.687766 -58.090771 1.194995 229.254179 2.672522
344 -2.466233 0.786467 -71.149344 0.800425 294.518132 0.758239 81.116957 0.551968 129.458731 1.319804
344 -2.374451 0.257505 16.018533 0.300877 148.620778 0.722809 -63.135497 2.071717 345.991406 1.136241
344 -2.150828 0.239244 55.333217 1.514827 339.168116 0.530808 64.242126 1.558890 237.650994 0.688994
344 -3.751375 0.576040 -33.950060 2.446257 304.539167 0.162156 -50.881916 2.190946 298.585087 3.890088
344 -3.180997 0.744343 -16.400885 1.471168 305.054579 0.223749 65.317269 3.519767 280.413557 2.749331
344 -5.510008 0.712832 -35.421716 1.711022 318.153711 0.540643 -2.628349 4.802801 174.161476 7.407354
344 -5.496635 0.460527 89.966121 3.419497 258.819175 0.769204 69.618554 1.311570 269.072511 7.380608
344 -2.636414 0.372019 -72.583078 1.040496 321.251412 0.467533 70.798570 1.711339 125.684910 1.660167
344 -2.185239 0.685641 -32.673943 2.533668 313.773713 0.355684 -37.117158 0.888285 225.624157 0.757816
345 -1.999939 0.483539 -3.155274 1.652202 345.538216 0.674339 0.414197 0.151361 230.779354 0.387217
345 -4.857615 0.530455 -77.804936 1.263755 294.046282 0.652895 59.414990 0.206160 160.276212 6.102569
345 -2.232914 0.225375 -49.227436 0.613640 239.807299 0.645965 59.310904 1.477337 270.190329 0.853166
345 -2.555895 0.212621 57.672885 1.488984 321.161415 0.328334 58.536316 2.042214 264.309134 1.499128
345 -2.095121 0.588321 -21.089745 2.770173 303.555615 0.189110 -39.197129 2.179599 315.123339 0.577580
345 -2.239212 0.660953 10.251799 1.241165 325.859032 0.171477 53.034323 2.324813 313.310223 0.865763
345 -2.131081 0.594697 -58.754209 1.874930 316.624362 0.510763 25.930599 1.718261 254.115595 0.649500
345 -3.131736 0.539264 85.986522 0.181840 284.538163 0.133591 49.611954 3.061292 245.983461 2.650811
345 -2.465532 0.598517 -69.359330 0.865329 315.857514 0.252288 41.633361 1.694458 84.527266 1.318403
345 -3.281542 0.142291 -42.873172 2.219931 313.026229 0.564692 48.930179 1.963735 300.882057 2.950423
346 -2.029046 0.508946 1.729064 2.711920 349.656031 0.426553 -40.552376 0.859372 269.332606 0.445430
346 -4.087875 0.532526 -83.655949 1.208431 307.977320 0.616979 69.114874 0.410287 148.999957 4.563088
346 -2.278114 0.405365 -60.566658 0.219962 236.802274 0.749760 -6.097370 0.667651 305.804244 0.943567
346 -3.190016 0.061158 -83.984415 0.535013 278.220181 0.783289 -47.354752 1.165152 244.112928 2.767370
346 -1.973027 0.410018 39.963343 0.469154 277.004010 0.667429 -32.515899 1.512693 320.348037 0.333392
346 -2.104711 0.629618 3.904713 0.935738 309.198706 0.744275 -80.937677 2.302871 248.039290 0.596761
346 -2.099702 0.588924 -66.180012 2.041727 329.760879 0.536353 25.773081 1.427371 223.749434 0.586743
346 -2.406724 0.723304 -64.209682 1.747348 348.104856 0.755974 72.981081 2.833523 201.046003 1.200785
346 -2.636051 0.565535 -59.255127 1.092900 319.519778 0.218561 39.235718 1.827789 89.614964 1.659441
346 -3.172303 0.152644 -42.175633 2.275692 316.709692 0.545412 50.850858 1.996941 296.787429 2.731944
347 -3.442706 0.332615 -22.440668 1.394758 275.048259 0.531577 -1.562377 2.765420 346.812602 3.272751
347 -1.844583 0.664002 89.814590 1.641884 333.633782 0.186365 10.828687 3.873209 347.231038 0.076504
347 -3.166500 0.352035 -66.164105 0.373664 236.779618 0.729375 1.250628 0.381236 303.798095 2.720338
347 -4.868508 0.325494 46.775720 0.717372 269.708866 0.627734 -31.086939 3.040014 321.828272 6.124354
347 -1.828226 0.467082 50.715556 0.110352 256.881341 0.616621 -55.428783 1.262315 274.843451 0.043789
347 -2.603880 0.202330 -50.350709 1.944220 323.485080 0.672444 41.506281 3.235004 325.382693 1.595097
347 -3.736492 0.499146 -14.142158 0.657504 261.107952 0.379775 -63.501863 4.843068 316.660961 3.860322
347 -2.006400 0.246353 -74.820261 0.558217 240.471791 0.602591 88.255135 4.042061 344.100909 0.400138
347 -2.577191 0.550754 -61.228612 0.970295 313.164681 0.242511 36.222538 1.562622 111.393870 1.541721
347 -3.660244 0.216026 -56.171830 2.039723 282.522351 0.537297 44.208457 1.726777 328.607274 3.707827
348 -2.024191 0.298194 4.909722 3.463311 349.439488 0.620854 -43.008918 2.153119 323.647352 0.435721
348 -3.663039 0.046213 88.612766 0.334621 242.666175 0.281889 -25.319559 0.619062 251.964433 3.713417
348 -2.178552 0.369165 -67.542434 0.395046 217.861284 0.060112 15.392546 2.402010 328.130243 0.744443
348 -3.568363 0.427354 -87.030471 0.606500 261.678104 0.283754 -47.644522 3.712732 308.271093 3.524064
348 -5.276348 0.299119 50.646820 0.160292 177.640259 0.430018 -53.813169 0.258900 264.343769 6.940034
348 -2.407141 0.200175 -53.206819 1.911522 319.037355 0.679744 46.617265 3.229567 326.124197 1.201619
348 -3.317306 0.212302 70.736275 1.941488 338.783233 0.545734 87.319420 4.670071 343.322446 3.021950
348 -2.827058 0.201555 -74.555475 0.822184 236.676540 0.677818 80.445580 4.050335 341.476950 2.041455
348 -1.914797 0.297473 29.326245 1.279002 247.413865 0.443637 -52.613701 2.188314 339.005103 0.216932
348 -6.479488 0.651246 74.890974 4.828570 228.070891 0.799575 55.213014 0.675690 312.300774 9.346314
349 -1.821279 0.234894 -3.377715 3.398184 348.974187 0.772310 -53.311946 2.126399 316.700428 0.029896
349 -2.544505 0.763672 -64.637612 0.226295 284.652786 0.440575 -85.333833 4.908678 181.605905 1.476349
349 -2.614339 0.083688 65.446404 1.852828 313.891915 0.399656 -14.942305 1.552921 289.908754 1.616016
349 -2.313037 0.511975 -81.224219 1.089449 324.384363 0.602581 -48.076760 3.932396 208.951011 1.013412
349 -2.457509 0.279503 44.615236 0.350089 210.395267 0.573484 -52.107163 0.625683 287.077801 1.302357
349 -2.476369 0.280794 -73.254000 1.318561 320.188693 0.690457 42.921928 2.093281 269.917805 1.340076
349 -3.518740 0.172378 -86.489651 1.629389 326.108557 0.716721 55.258557 4.191585 296.565905 3.424817
349 -2.300881 0.504261 -88.529712 1.340221 332.042756 0.642884 66.893590 5.190709 284.350630 0.989100
349 -2.379800 0.318134 43.604018 1.281642 222.173607 0.538549 -57.595998 1.744429 328.820987 1.146939
349 -3.397524 0.693588 -75.403248 0.160670 248.870127 0.099584 61.736632 5.237395 312.879245 3.182387
350 -2.024437 0.509216 -13.827517 1.837509 326.222083 0.610117 -43.650063 0.241609 233.044598 0.436213
350 -4.966746 0.787613 -77.970330 0.170210 269.272485 0.223786 -36.707406 0.730175 144.730179 6.320830
350 -2.269964 0.043433 80.368528 1.404411 298.884606 0.394540 0.098918 1.579442 289.673959 0.927266
350 -3.008332 0.585572 -87.045976 1.165699 334.674394 0.652769 -55.875666 3.604824 183.374175 2.404003
350 -3.026584 0.253764 24.923082 0.493737 228.201341 0.664702 -49.281530 0.807046 274.438770 2.440506
350 -1.934959 0.622326 -87.208026 1.186132 330.590431 0.482066 32.687104 3.145526 309.624602 0.257256
350 -3.202615 0.690536 87.915329 1.109381 334.609803 0.030699 43.800680 3.840880 250.863857 2.792569
350 -2.949629 0.340801 66.669963 1.013861 324.220527 0.492682 69.135073 3.894124 263.399502 2.286597
350 -2.527265 0.351971 62.663540 1.035170 199.583453 0.467678 -47.254088 1.646545 345.171101 1.441867
350 -2.177817 0.210912 88.077135 0.584136 243.356155 0.323461 64.575382 2.229128 303.742178 0.742972
351 -2.208193 0.470411 1.410507 2.238467 330.126783 0.590755 -38.059761 0.578026 265.745097 0.803724
351 -2.842718 0.660913 -71.843078 0.314236 274.903034 0.157089 -28.044877 0.370856 138.900079 2.072775
351 -3.322926 0.062616 70.130511 1.423244 307.943707 0.398928 2.015497 1.736712 282.457050 3.033190
351 -3.117985 0.548451 -88.005822 1.008616 330.789372 0.637904 -46.254553 3.893503 182.132720 2.623308
351 -2.059008 0.615068 -2.198789 0.167536 233.736967 0.794714 -64.676102 0.627670 263.908036 0.505354
351 -1.932958 0.615470 -87.588948 1.174119 328.579964 0.491130 31.138749 3.099646 309.913031 0.253255
351 -3.048829 0.070201 82.174265 0.646634 170.994457 0.735534 -58.809793 1.034969 300.018035 2.484996
351 -3.436248 0.263968 -87.894772 0.130026 275.723643 0.514063 77.274755 3.476737 218.562574 3.259835
351 -2.758147 0.463448 47.539592 1.206516 181.842858 0.675196 -64.168612 1.717306 335.635185 1.903632
351 -5.319342 0.260361 73.352014 1.309903 276.401126 0.329559 67.125000 3.160478 316.552359 7.026023
352 -2.779926 0.264193 51.088420 1.697215 343.182964 0.621438 -6.113430 0.918803 282.411037 1.947191
352 -2.348897 0.520702 -66.316129 1.038583 322.879008 0.418533 84.399548 0.111963 65.736321 1.085132
352 -2.337009 0.046947 86.050091 1.612509 307.689777 0.406807 0.124734 1.379605 282.173937 1.061356
352 -2.246839 0.518517 -74.080291 1.294983 339.017344 0.642805 -69.287922 5.135269 198.983416 0.881016
352 -2.128479 0.516322 -7.766464 0.446320 256.440365 0.036702 -77.320280 0.561542 219.705213 0.644295
352 -1.872039 0.542074 68.944044 0.958552 327.073789 0.331392 68.657891 3.261681 302.524589 0.131417
352 -3.470637 0.794909 -3.346285 0.884556 339.903037 0.755765 55.928273 2.079418 230.516128 3.328612
352 -4.423997 0.389614 -22.403699 2.201058 328.911682 0.271073 -53.563996 5.031431 325.855757 5.235332
352 -3.656072 0.397692 -11.041102 1.189943 168.955359 0.701754 -73.650423 1.444392 320.612752 3.699483
352 -2.351918 0.331805 73.741619 1.295959 316.134399 0.369867 64.188837 3.980737 314.004404 1.091175
353 -2.719797 0.413160 88.880613 1.545194 345.234729 0.696188 -41.215041 0.275711 208.642050 1.826933
353 -4.619145 0.333694 -79.859630 2.958682 285.615745 0.646911 -36.115043 1.228168 306.165878 5.625628
353 -2.170005 0.606816 -60.717360 1.141732 277.399726 0.063539 64.988520 1.176630 227.618085 0.727348
353 -2.313006 0.497895 -70.804482 1.212953 329.554420 0.543403 -75.800328 5.230611 203.436114 1.013351
353 -2.191014 0.342617 -18.614002 0.340207 234.190908 0.740973 -49.587623 0.716651 255.231319 0.769366
353 -2.624592 0.121674 5.273045 1.139015 167.806343 0.594458 -53.100234 1.633526 342.915491 1.636522
353 -3.803479 0.782945 -2.862125 1.107730 345.127965 0.765252 58.564683 2.450477 243.852461 3.994297
353 -2.566346 0.451091 -9.396497 1.889128 278.046641 0.187160 -86.185364 3.273323 343.244597 1.520031
353 -2.881211 0.320388 -31.197188 1.517732 173.656785 0.740557 -71.885104 1.824581 331.018742 2.149761
353 -1.966672 0.299154 -59.277156 1.485480 286.205126 0.452204 40.967409 3.028975 325.363563 0.320683
354 -2.323860 0.453664 -72.541099 1.285620 331.331277 0.054785 -54.958806 4.307885 201.252596 1.035058
354 -4.483954 0.299323 87.203067 2.846811 240.643425 0.721316 -32.987360 1.009913 346.688661 5.355246
354 -2.476980 0.630946 -58.156576 1.111064 284.758201 0.080435 76.711175 1.340838 212.059025 1.341298
354 -4.413771 0.578327 83.773970 1.236350 342.204853 0.552206 -59.402601 4.761500 207.945965 5.214881
354 -4.145340 0.413595 3.536660 0.526894 249.645736 0.125240 -25.868059 1.409242 260.801806 4.678019
354 -2.287068 0.349662 -8.053032 1.498151 199.734698 0.670709 -68.412537 2.101316 333.139577 0.961475
354 -3.026326 0.794964 -2.934856 1.091179 347.046704 0.726102 64.717537 2.441434 250.343295 2.439990
354 -6.507006 0.325017 -20.216172 1.944480 70.394588 0.568487 -43.953434 0.974005 333.097951 9.401350
354 -3.387761 0.348939 -44.353753 1.747387 172.377147 0.665545 -46.236325 1.635764 344.585521 3.162860
354 -1.836991 0.352877 86.849173 1.566454 348.219140 0.513043 53.407709 2.877877 251.232181 0.061319
355 -2.708009 0.480111 -74.790256 0.965043 325.984970 0.137382 85.580409 5.125533 201.140058 1.803356
355 -2.349979 0.246106 -45.825905 2.287675 230.222775 0.617981 -45.774179 1.392214 333.071480 1.087297
355 -2.095865 0.661156 -61.925283 1.077331 270.656197 0.168769 72.033690 1.037139 227.532125 0.579069
355 -2.420063 0.565049 -85.612259 1.148903 319.462407 0.602309 -73.189121 4.633760 239.837669 1.227465
355 -3.923825 0.385499 21.918131 0.752158 227.529684 0.239154 -29.406289 0.929585 293.958475 4.234988
355 -2.051338 0.244233 8.477242 1.861281 297.802344 0.680377 -46.420381 2.496378 331.290619 0.490015
355 -1.859336 0.432247 -67.320558 1.085347 310.130675 0.118823 55.083126 0.143608 152.073771 0.106011
355 -5.379137 0.398879 70.758049 1.372102 68.977898 0.460465 -64.821048 1.117182 336.014874 7.145612
355 -2.360397 0.253427 -71.440908 1.516877 227.127497 0.690746 -57.631738 2.144171 340.641963 1.108133
355 -1.963003 0.401571 75.396803 1.466589 344.296864 0.375699 78.739610 2.147128 229.878870 0.313345
356 -2.904483 0.324176 17.296421 2.345367 346.028886 0.770280 -49.442886 2.985704 294.190715 2.196304
356 -2.487990 0.234220 -45.947491 2.279713 233.439046 0.586955 -44.550126 1.307994 325.982137 1.363318
356 -3.363475 0.767198 -58.810609 0.874395 303.917176 0.793866 40.979973 2.067369 251.938741 3.114288
356 -2.189196 0.524156 -76.415770 0.520231 278.424770 0.517887 82.518494 4.641657 263.941642 0.765730
356 -3.137188 0.325665 30.320845 0.442158 224.758360 0.177098 -37.630234 0.919658 287.458717 2.661715
356 -2.348380 0.214404 20.200308 0.983309 219.583924 0.707449 -66.551793 2.129712 329.572597 1.084099
356 -2.153716 0.522099 -73.950851 1.317656 326.036599 0.141717 89.268815 4.535551 213.343105 0.694771
356 -2.135242 0.679070 -59.256161 1.331724 260.620714 0.597094 41.472222 0.984630 260.592268 0.657823
356 -2.929503 0.195235 86.346886 1.650772 231.734673 0.706231 -59.635011 2.235358 322.963650 2.246345
356 -2.461864 0.244474 -48.281519 0.909977 250.388195 0.328590 53.175795 1.178827 263.100701 1.311067
357 -3.773936 0.173945 67.006965 2.365656 307.512844 0.710802 -52.480466 1.987502 327.523116 3.935210
357 -2.338390 0.258238 -38.947015 1.391033 231.718557 0.702003 -69.564617 1.936830 300.111064 1.064118
357 -2.471122 0.751124 -11.384472 0.671316 324.327881 0.366328 38.704952 0.157965 143.969442 1.329582
357 -2.728360 0.539950 -85.812860 0.681085 313.220158 0.436943 -58.382619 3.986660 233.131123 1.844058
357 -2.582543 0.143512 -13.260522 2.395477 344.230602 0.024942 25.818343 2.455113 278.069238 1.552424
357 -2.136292 0.466598 31.315543 0.264596 244.637223 0.666646 -48.852176 1.504070 323.565568 0.659922
357 -2.366862 0.437887 -87.306461 1.059338 319.460622 0.049446 -45.160565 3.276212 230.276947 1.121062
357 -2.847129 0.752198 -49.816690 1.295038 272.918521 0.622923 57.296434 0.991784 233.381914 2.081596
357 -3.771665 0.302146 75.664728 2.378714 253.789816 0.739682 -43.970764 1.920190 340.406221 3.930667
357 -2.147945 0.230186 -75.780894 0.786795 250.228772 0.254162 58.690817 1.439191 273.170499 0.683229
358 -1.867626 0.331710 30.861579 2.027220 300.945068 0.755748 -56.872396 2.148583 316.074957 0.122591
358 -3.315818 0.339700 -11.809260 1.026170 181.246505 0.745756 -62.214863 0.242994 265.484748 3.018974
358 -2.180197 0.696168 0.172235 0.427426 322.309867 0.439246 12.544930 0.319882 197.240113 0.747733
358 -2.090468 0.438361 -60.854625 1.240938 293.858453 0.494146 -84.925907 3.808062 242.490224 0.568275
358 -3.185092 0.147712 -18.512351 2.445803 345.681352 0.049687 21.132563 2.528219 275.990860 2.757522
358 -1.900815 0.456878 26.015885 0.328859 225.519114 0.653307 -43.587869 1.193427 331.731358 0.188969
358 -2.904407 0.483218 86.703612 0.759563 310.479223 0.052659 -47.896760 3.221420 229.462172 2.196151
358 -2.844782 0.685534 -72.513229 0.790445 237.405115 0.610282 33.640637 0.264788 283.516239 2.076902
358 -2.557332 0.289456 72.755511 2.588887 251.668244 0.642291 -56.576594 2.215762 341.150672 1.502002
358 -2.696333 0.202542 75.711341 0.753069 286.074221 0.162290 37.614769 1.112429 229.434376 1.780004
359 -2.132150 0.540488 -81.739013 1.079122 331.561986 0.563802 40.931750 3.709748 252.734480 0.651638
359 -4.040590 0.673383 -14.360139 1.292307 310.879107 0.039532 -78.833213 3.947142 321.644210 4.468518
359 -2.127747 0.754392 9.005636 0.550278 333.454127 0.383981 -15.464878 0.492478 223.103016 0.642832
359 -2.148894 0.435400 -59.680493 1.189960 292.411613 0.502580 -82.000757 3.741562 238.336467 0.685127
359 -4.418641 0.037974 27.617065 2.757393 339.305226 0.778865 48.318516 0.842007 293.414856 5.224620
359 -2.132133 0.505828 31.675736 0.459389 257.020141 0.591310 -42.790639 2.351963 332.973965 0.651604
359 -2.324787 0.477082 -88.293888 0.927120 311.781710 0.108882 -53.857363 3.133676 238.834953 1.036913
359 -2.561211 0.796187 -18.764966 0.879799 280.282737 0.495057 27.451407 1.784756 280.178896 1.509761
359 -1.831745 0.061823 55.350944 1.957172 276.527820 0.406961 -39.667175 2.607533 348.954498 0.050828
359 -3.150437 0.139472 60.603787 0.687782 290.344260 0.029664 40.848303 0.742041 206.749664 2.688213
360 -2.496109 0.639896 -74.444551 0.763323 312.187818 0.614587 21.340452 3.569651 206.265334 1.379556
360 -3.883310 0.584503 -22.244360 1.653341 291.783866 0.276513 -32.714925 3.858080 332.452302 4.153959
360 -2.168932 0.768971 -3.620514 0.100118 303.292106 0.396504 -17.861280 0.334063 213.464788 0.725203
360 -2.107655 0.727175 -75.253812 1.625729 338.005078 0.488371 71.403766 5.087172 246.747886 0.602648
360 -2.190037 0.757710 -4.755596 2.556597 294.751121 0.019889 75.014058 2.148205 344.316311 0.767413
360 -1.839431 0.372134 26.217596 0.916475 267.817914 0.694987 -67.545361 2.407370 296.279173 0.066200
360 -2.239552 0.601963 -20.574175 1.657811 285.620604 0.629574 -79.294466 1.669267 248.027510 0.866443
360 -2.161911 0.586098 81.624799 0.406490 314.990958 0.346591 69.654226 1.396961 197.140431 0.711160
360 -2.683160 0.088340 28.779968 0.719712 269.270641 0.319654 -52.377059 1.798808 266.222897 1.753658
360 -2.550899 0.281588 -2.310185 0.586902 284.566963 0.105338 63.256634 0.088447 178.088386 1.489136
361 -2.340247 0.774109 -70.068115 0.662181 236.861981 0.254371 74.451401 1.372145 288.053539 1.067833
361 -2.981238 0.643115 -3.693411 1.360937 243.017612 0.534295 -71.436712 0.640728 254.006819 2.349815
361 -2.436056 0.608652 -19.973610 0.959859 296.776711 0.366778 -6.896085 0.509368 188.873352 1.259450
361 -2.894060 0.667975 -86.985388 1.679009 281.642335 0.493305 -76.773059 4.258615 346.747631 2.175458
361 -1.965595 0.727735 -27.367114 2.308622 261.237669 0.060161 28.760761 2.161107 338.568673 0.318529
361 -2.443936 0.621891 36.314585 0.826757 347.264706 0.698465 -40.309007 2.174476 292.605177 1.275211
361 -3.301324 0.485655 -7.711254 1.365837 347.285427 0.409325 -26.211348 1.273018 167.495328 2.989986
361 -2.180499 0.769064 89.727623 0.198034 302.531069 0.287349 27.287855 1.336835 246.366118 0.748337
361 -1.942817 0.085000 30.080865 0.678802 263.517274 0.290257 -52.728820 1.408243 260.899489 0.272972
361 -3.688035 0.285891 -62.865178 1.290291 335.952414 0.117734 85.534704 3.380358 149.088610 3.763408
362 -2.210777 0.763300 -69.086953 0.705938 251.516729 0.342611 59.670670 1.421780 284.048824 0.808892
362 -2.499487 0.700359 -83.474117 0.635370 344.812602 0.001782 83.526113 4.330011 103.083950 1.386311
362 -2.385643 0.559417 -66.770410 0.719997 273.534079 0.681292 -7.169209 0.422323 228.543760 1.158624
362 -1.873651 0.573904 -71.717177 0.794615 271.633146 0.675907 72.474233 4.647407 341.077015 0.134641
362 -2.087866 0.784141 -15.356817 0.724453 215.154980 0.380668 -52.740437 2.046628 343.867017 0.563070
362 -2.466627 0.710509 24.968381 1.060951 332.728315 0.754073 -33.079853 2.159208 342.893975 1.320593
362 -2.413593 0.760893 -14.157872 1.324608 249.967573 0.286935 -1.203081 1.830856 329.641759 1.214525
362 -1.953419 0.738070 79.393433 0.662376 332.017491 0.260546 22.983081 0.814536 257.476050 0.294177
362 -4.011647 0.534151 -59.325343 2.699729 291.797783 0.751684 42.594749 0.784997 285.715179 4.410633
362 -3.017944 0.420674 -65.497678 1.172043 332.880934 0.134657 -82.449095 3.101539 132.534826 2.423227
363 -1.896180 0.707942 -67.954816 0.964408 271.447017 0.208938 37.118016 1.742869 253.141465 0.179698
363 -2.475325 0.676218 -85.504366 0.682435 346.729999 0.781608 85.851489 4.571893 96.301291 1.337988
363 -2.130486 0.514338 -61.465918 0.483852 275.655769 0.736992 12.790540 0.501503 217.895366 0.648311
363 -2.060329 0.535781 -79.635243 0.514313 284.823443 0.762412 71.406151 5.266607 290.206949 0.507995
363 -2.043142 0.638887 -27.225594 0.273832 194.374968 0.455981 -52.945574 1.908711 317.528179 0.473623
363 -1.882451 0.693630 -13.928199 2.883567 346.402675 0.613663 -53.987216 0.433204 249.518841 0.152241
363 -2.270029 0.746928 -22.397170 0.967847 242.781942 0.337856 -10.691097 1.939349 321.034139 0.927395
363 -2.659119 0.769408 67.940474 0.253975 331.627134 0.213639 31.127452 1.001425 244.639751 1.705576
363 -3.040829 0.470990 87.216434 1.212542 318.633525 0.106159 -20.050683 4.997487 340.734688 2.468997
363 -2.650270 0.546607 -57.448305 1.580572 348.831129 0.080415 -65.474023 5.235537 73.263191 1.687878
364 -2.068225 0.755298 -80.228550 1.006679 332.766042 0.207953 38.906264 3.878678 247.111934 0.523787
364 -2.902349 0.712738 89.516174 0.352014 344.969058 0.714713 -74.537314 4.035540 86.451262 2.192036
364 -2.281745 0.433245 -63.635023 0.357607 262.440798 0.651548 -11.853491 0.194081 214.314016 0.950828
364 -2.423765 0.364453 -74.695832 0.979040 271.156935 0.442309 72.992762 0.419859 209.731919 1.234869
364 -1.920080 0.040963 -3.845298 0.972065 248.610789 0.620169 -51.326672 1.515565 298.845668 0.227498
364 -2.014788 0.789735 -10.619387 2.705567 332.895615 0.656051 -44.952501 0.367006 276.375719 0.416915
364 -2.492355 0.765059 -1.110066 1.931651 268.037090 0.380670 -23.598934 1.109663 327.565504 1.372049
364 -1.915394 0.780735 71.914778 0.333181 331.895147 0.248387 31.943341 0.719189 257.678727 0.218126
364 -2.401005 0.583984 79.941420 1.130789 332.853848 0.121632 -30.292711 5.067263 324.395485 1.189349
364 -2.508881 0.560862 -66.429366 1.195812 341.693574 0.083610 -54.574911 4.370590 71.984158 1.405100
365 -2.373644 0.793554 -61.625873 0.650546 294.211086 0.699437 -36.267808 2.875941 156.893276 1.134625
365 -2.872433 0.660818 -89.807286 0.392668 340.305687 0.691316 -72.425610 3.810713 80.552059 2.132204
365 -1.864990 0.455827 -29.909244 0.771383 260.289749 0.635999 -36.977201 0.569374 240.294284 0.117319
365 -2.860812 0.166724 -71.520940 0.462443 239.786926 0.666607 66.784772 1.224512 239.377396 2.108963
365 -4.324356 0.005440 -7.311417 0.449447 242.631671 0.597069 -28.412399 2.684129 326.060946 5.036050
365 -2.201889 0.715977 -9.720151 2.715910 340.733228 0.739404 -42.211774 0.743181 281.083336 0.791117
365 -4.896452 0.305884 -17.280449 1.174148 224.221101 0.189177 -11.731983 1.595169 314.073905 6.180243
365 -3.023921 0.730427 63.767138 0.384619 329.771033 0.331495 27.748102 0.275196 249.588853 2.435180
365 -2.652693 0.674144 -70.665043 1.242482 333.011342 0.432842 -42.020270 4.985253 59.913527 1.692723
365 -3.834868 0.666651 -7.650203 0.739232 329.697774 0.335713 16.586611 3.166150 250.834439 4.057074
366 -2.306419 0.547574 -69.857814 1.660029 310.469175 0.631402 -68.101808 0.728076 187.060044 1.000177
366 -3.416601 0.631838 -83.672610 0.404435 338.427925 0.677707 -71.096795 3.531842 88.457809 3.220540
366 -2.813262 0.453749 -2.760516 0.861436 279.532027 0.580476 -57.521027 0.621179 246.333568 2.013862
366 -4.682598 0.200660 -70.872228 0.681396 232.243493 0.784806 65.776548 1.520181 252.439212 5.752534
366 -4.428139 0.783542 0.530529 0.462182 239.230364 0.575451 -16.182459 2.511780 341.040357 5.243617
366 -3.044701 0.523100 12.650215 3.105579 317.853749 0.653641 -62.132902 1.498457 312.935354 2.476741
366 -3.662550 0.228749 -10.048147 1.175785 227.837349 0.221998 -16.168237 1.342017 311.375476 3.712438
366 -3.129485 0.746142 67.325074 0.606024 337.100503 0.325646 28.538308 0.418168 252.485838 2.646308
366 -2.328305 0.631998 -59.903682 1.328602 331.822404 0.109424 -74.515816 1.614116 81.152737 1.043949
366 -3.362621 0.798265 -2.677387 0.491446 338.385446 0.447548 57.882067 3.589037 198.469274 3.112580
367 -3.896157 0.637527 -59.721789 1.661915 337.905561 0.668895 -89.652659 5.248618 256.905657 4.179652
367 -3.187329 0.790679 -51.738683 0.954084 307.112853 0.010904 2.851657 5.062729 118.571008 2.761997
367 -4.052596 0.427119 -8.516235 1.562691 346.780761 0.623249 -65.768629 4.467139 220.328736 4.492531
367 -2.881174 0.194612 -70.042482 0.675092 229.327249 0.736936 79.547858 1.448585 261.707274 2.149686
367 -2.614659 0.722320 -3.225392 0.393083 237.762437 0.580085 -44.894540 3.072679 329.135154 1.616657
367 -1.851574 0.487721 13.012856 3.046269 346.810590 0.737191 -63.663435 2.303758 309.377157 0.090487
367 -1.895231 0.311795 1.175397 1.136577 249.488709 0.149451 0.190683 1.940026 331.146118 0.177800
367 -1.883949 0.769423 -7.153008 0.645979 243.937063 0.060685 78.699777 2.566975 347.506827 0.155237
367 -4.593105 0.450997 -26.946660 2.018222 326.840611 0.127148 -78.222198 1.850125 247.261045 5.573549
367 -3.023434 0.747717 -45.568367 1.435634 305.820198 0.466675 72.349631 3.548135 182.052228 2.434207
368 -3.575199 0.198479 -25.309817 3.507604 315.941324 0.496484 -35.495250 0.812566 281.103427 3.537736
368 -2.553931 0.799878 -67.374624 1.224722 336.881793 0.014100 1.368426 4.135251 234.582502 1.495200
368 -4.529030 0.449502 -4.447860 1.410054 339.303518 0.613379 -30.023550 4.317774 186.218630 5.445398
368 -3.477949 0.775099 -22.845133 0.679895 308.967729 0.656380 34.819959 2.233245 99.538939 3.343237
368 -2.372005 0.745321 -63.511340 0.903740 326.272986 0.668967 23.134545 1.351316 18.567791 1.131349
368 -2.368007 0.516036 5.744075 3.509599 347.329863 0.625141 -62.795901 2.289968 332.628915 1.123352
368 -4.011231 0.361277 -5.381121 0.745030 262.737118 0.072220 3.478769 2.403976 276.988417 4.409800
368 -2.420434 0.768153 -27.321563 0.914670 225.392331 0.072899 67.352342 2.497389 334.871687 1.228206
368 -2.728562 0.590051 -9.383682 2.120356 347.266446 0.744583 83.179638 2.209617 244.068135 1.844463
368 -3.749538 0.740916 -15.153853 1.367737 308.513450 0.580767 -83.770846 3.963397 200.734285 3.886415
369 -2.224140 0.335621 -27.177468 5.049259 332.522272 0.525414 -51.417740 1.914982 339.758171 0.835617
369 -1.928726 0.667476 -71.932442 1.213160 321.824678 0.270421 47.075474 0.274782 140.767121 0.244791
369 -5.086847 0.632185 49.478573 1.283637 327.266318 0.626911 -60.356720 0.092780 215.931219 6.561033
369 -2.859543 0.473645 -12.782889 1.128260 291.375337 0.396589 -7.296088 1.760229 258.203822 2.106425
369 -3.693469 0.764306 -79.122530 0.487251 306.752294 0.348174 11.890136 1.018513 89.819467 3.774276
369 -1.960952 0.514283 -0.497891 3.504845 348.721996 0.631568 -60.457950 2.129724 318.419626 0.309243
369 -1.839487 0.178388 -6.906754 3.832944 341.949952 0.370782 -31.304777 2.186308 342.037261 0.066312
369 -1.925526 0.774354 -51.404504 0.398747 225.643627 0.020871 85.201404 1.280158 247.520090 0.238391
369 -4.223267 0.654438 -0.157873 1.260362 316.440310 0.019142 57.250662 2.101978 225.399072 4.833873
369 -3.239697 0.631631 7.485707 1.273534 313.682975 0.567309 -57.770065 4.007948 298.531186 2.866732
370 -5.266394 0.604843 -78.540930 3.948276 322.916464 0.552576 -37.942267 0.964164 292.409045 6.920127
370 -2.188895 0.632071 -83.673138 0.824799 349.030921 0.425271 28.713657 0.742220 128.029283 0.765129
370 -3.088132 0.665410 85.445066 0.161219 249.772948 0.038595 -11.897124 3.436296 346.993139 2.563602
370 -3.298412 0.618073 -9.269529 0.719986 273.504304 0.500665 2.752693 2.182408 283.347247 2.984162
370 -4.155292 0.743735 -17.184168 0.673135 347.515378 0.474716 8.106580 0.232539 32.806258 4.697922
370 -2.080214 0.647291 -0.355374 3.011674 345.199941 0.741109 -74.388790 2.308086 283.908643 0.547767
370 -2.153532 0.135611 -5.354147 2.974618 322.033547 0.392994 -20.063266 1.604731 321.765387 0.694402
370 -2.861572 0.545868 60.266784 1.120182 309.954297 0.238366 -73.976116 2.648727 308.747599 2.110481
370 -2.293322 0.740709 -21.743107 2.942203 321.662727 0.202092 39.070994 0.809697 250.084321 0.973982
370 -3.063601 0.393007 14.313570 1.169506 294.808877 0.526409 -52.316353 4.651838 344.956715 2.514539
371 -3.056371 0.575493 -75.428730 3.939339 339.258285 0.636300 -49.151299 1.239477 276.371221 2.500080
371 -2.003975 0.759300 -69.506722 1.177629 344.399730 0.420248 21.909266 1.076802 121.202336 0.395289
371 -3.930544 0.636706 76.450198 0.097121 255.076438 0.076321 -17.243359 3.572421 348.897943 4.248427
371 -2.624353 0.655863 -10.831884 1.769435 302.214296 0.465302 -14.796263 1.654219 300.474881 1.636044
371 -3.265616 0.745646 -9.886311 0.427644 340.285652 0.420845 12.608716 0.320051 36.117758 2.918570
371 -3.583439 0.683023 -13.951883 3.031895 280.440483 0.589048 -47.015803 3.013609 340.442623 3.554216
371 -2.529127 0.161460 0.576718 3.074146 244.879557 0.641837 -50.759830 2.006991 347.231171 1.445592
371 -2.802439 0.659510 -67.119145 2.941932 335.925099 0.570750 53.499559 2.008833 278.399814 1.992217
371 -1.886470 0.646766 -7.715123 1.872070 317.507791 0.295630 55.717268 0.809040 243.656254 0.160278
371 -3.706766 0.382846 3.185047 1.320659 306.539845 0.544003 -25.817169 4.211531 324.364758 3.800870
372 -3.538698 0.717600 -15.241130 1.105518 317.548306 0.448188 50.651342 3.082342 179.334861 3.464735
372 -1.985091 0.664415 -61.787960 1.725998 348.896159 0.472934 48.766619 1.031833 98.139301 0.357520
372 -2.003898 0.765226 -54.752144 2.189639 222.126550 0.794984 -66.453203 2.556752 327.796992 0.395134
372 -2.201245 0.711355 -41.571450 1.846982 227.753442 0.466250 -51.288871 1.431777 308.902742 0.789828
372 -1.860613 0.592082 -85.360542 1.485084 322.711373 0.040359 -34.496383 3.020674 281.844142 0.108565
372 -2.309795 0.705647 7.270039 0.593457 263.122077 0.258509 -76.244241 1.171538 276.630177 1.006928
372 -1.846005 0.587066 -33.253198 3.201628 287.624308 0.628611 -44.642582 1.766042 321.274304 0.079348
372 -4.514649 0.639947 -89.732940 2.499380 293.364597 0.435454 56.874732 1.420659 281.933806 5.416636
372 -2.306981 0.786282 -71.712720 1.378397 250.126852 0.111705 -17.707711 1.736956 321.435561 1.001301
372 -2.688889 0.590753 5.409128 0.161237 264.554426 0.662432 -55.410190 2.650036 263.156847 1.765115
373 -3.513055 0.767613 -24.504976 1.122775 310.695890 0.580768 53.546367 2.488849 138.126034 3.413448
373 -1.832905 0.596553 -71.421441 1.490771 333.931756 0.596690 -4.160815 0.894147 192.451031 0.053149
373 -2.047517 0.060494 -83.123404 1.616789 232.551693 0.790860 -63.597598 1.967991 321.173057 0.482372
373 -2.328103 0.757831 -47.238581 2.173369 234.914307 0.497966 -39.638344 1.278949 321.507166 1.043545
373 -6.140457 0.218441 -62.654599 1.138134 346.690975 0.416216 8.383486 1.684610 39.995792 8.668253
373 -2.437131 0.589337 11.022608 0.294360 253.672525 0.119745 79.991067 0.876157 255.262451 1.261600
373 -2.275625 0.095569 -8.593692 1.229883 256.679096 0.534828 -60.064786 2.913523 324.467468 0.938588
373 -1.982433 0.731641 -39.591992 3.504269 348.751385 0.540924 -47.886548 1.276081 226.382327 0.352205
373 -3.953144 0.758669 -66.593487 1.705383 269.400298 0.054222 -18.311877 1.697939 307.147699 4.293626
373 -3.057910 0.442716 -6.161538 0.443969 253.238596 0.450765 -16.450751 2.265619 298.756976 2.503158
374 -2.692270 0.638424 -72.649731 0.534114 310.457757 0.497012 -67.692670 1.717777 133.055154 1.771878
374 -1.852323 0.578867 -71.924137 1.398996 337.195627 0.582845 -0.890348 0.723912 168.974385 0.091985
374 -1.898650 0.703948 -21.865581 1.172926 212.216081 0.385739 -72.295636 2.764962 346.185261 0.184638
374 -2.246288 0.417451 -11.867514 1.158625 247.056849 0.100366 -49.661205 2.463273 321.869565 0.879915
374 -2.276235 0.558977 3.258028 1.497477 325.677920 0.296755 30.942899 0.186108 222.491468 0.939808
374 -2.179994 0.723038 0.980965 0.144354 271.606654 0.146352 52.362990 1.412356 255.852440 0.747326
374 -3.550484 0.109793 -6.823409 0.767275 246.172850 0.533729 -46.711636 3.139498 310.726045 3.488306
374 -1.947162 0.737157 -40.476447 3.500641 349.509754 0.544156 -48.774478 1.288450 225.054552 0.281663
374 -4.384942 0.538438 -8.256470 0.766836 344.932075 0.663261 77.105009 3.027157 36.164958 5.157222
374 -3.931080 0.650749 6.398463 0.181765 299.566584 0.736309 -15.069988 3.100963 275.563069 4.249499
375 -1.879699 0.668150 -66.597206 1.125145 303.852655 0.591228 -79.611222 0.405859 153.275499 0.146737
375 -2.630019 0.479260 -75.317193 0.548370 309.718234 0.557427 2.613229 0.594392 126.094938 1.647377
375 -2.821625 0.735156 8.187539 0.517329 237.709473 0.362008 -55.160185 2.650856 338.335416 2.030588
375 -3.179838 0.382006 4.729220 1.016632 241.551368 0.782912 -64.881966 1.913043 330.054199 2.747015
375 -3.124837 0.548402 2.239255 0.436252 299.137068 0.199178 10.886530 0.461996 176.284140 2.637012
375 -1.871018 0.638445 -72.679472 1.193661 305.385410 0.172089 80.706161 1.410830 213.249072 0.129374
375 -2.634334 0.574983 -14.368111 0.284224 170.660755 0.681347 -71.482345 0.973433 287.206578 1.656007
375 -3.322239 0.660273 -36.304814 1.823030 315.845879 0.541472 -13.286674 0.557355 197.830248 3.031816
375 -4.223167 0.584419 -6.957985 0.510099 331.064349 0.631401 -88.846855 2.608108 32.425761 4.833673
375 -3.480089 0.786893 -15.353038 0.895809 310.987030 0.749661 -21.951461 3.383096 307.095913 3.347516
376 -2.252891 0.765131 -68.565455 1.459438 311.992710 0.543802 -51.014071 4.970159 234.533015 0.893120
376 -2.701538 0.594767 -81.164749 0.751816 273.648586 0.386440 53.920585 0.253101 205.517592 1.790414
376 -3.095402 0.752638 14.160938 0.602884 264.764417 0.597712 -45.796911 0.820254 278.480624 2.578143
376 -2.294746 0.322506 1.025457 0.907762 245.886632 0.015032 -80.199380 1.453684 294.499518 0.976830
376 -2.488920 0.236705 -75.363180 1.969200 315.735434 0.573905 38.779360 1.684282 295.128013 1.365179
376 -1.952297 0.450710 -74.030774 0.482901 272.186968 0.151001 -35.003898 0.504731 193.802287 0.291932
376 -2.433979 0.578744 -19.015805 0.297338 169.964214 0.681423 -63.330625 0.946545 283.763514 1.255296
376 -2.301407 0.650915 -25.433983 1.720567 314.615196 0.546380 -22.935132 0.449038 196.725789 0.990151
376 -2.977834 0.454190 89.927734 1.256224 292.336600 0.183503 -87.601323 4.870074 337.007496 2.343007
376 -4.254050 0.698905 -12.968639 2.346195 323.153407 0.411378 -19.503475 1.936193 253.293535 4.895438
377 -2.834345 0.719143 -67.692047 0.109774 275.198023 0.661624 -86.082247 3.309352 113.643265 2.056029
377 -3.042641 0.466119 -75.650456 1.334964 330.661225 0.374459 -17.965999 3.927306 182.763400 2.472620
377 -2.034849 0.788527 13.850937 0.802707 334.354614 0.525595 -16.406066 1.437360 311.462472 0.457036
377 -2.432427 0.250926 -15.573347 0.708133 222.529729 0.013930 61.557978 1.711802 310.069362 1.252193
377 -3.933000 0.500976 -9.538021 1.006057 279.119480 0.132624 74.427192 3.778940 290.752952 4.253339
377 -2.197471 0.743241 -71.161773 0.776011 293.422656 0.198015 -73.474194 1.625498 174.076464 0.782280
377 -2.511096 0.578932 -16.284298 0.277345 168.105319 0.676919 -61.165908 0.879205 286.681667 1.409531
377 -2.320297 0.577860 -15.241451 1.860418 315.024948 0.463060 -22.052850 0.157004 220.794940 1.027932
377 -1.986351 0.452792 -86.509393 1.321547 296.152052 0.208513 -79.730807 4.890172 342.631897 0.360040
377 -2.172641 0.583118 9.306669 1.523008 322.683984 0.419665 -18.256294 1.693974 326.100639 0.732620
378 -4.144297 0.609169 -83.193088 0.216230 282.516145 0.781643 82.623075 3.971531 342.875967 4.675932
378 -2.402362 0.559743 -72.409210 1.078055 306.672862 0.089543 2.639690 1.841876 178.545859 1.192062
378 -2.025368 0.740635 7.847164 1.188958 342.718440 0.763035 -39.086827 1.191735 296.755111 0.438074
378 -3.808941 0.298652 -33.736200 0.567053 243.478935 0.797267 73.599883 1.379489 269.738866 4.005221
378 -3.660283 0.504379 -21.146923 0.904090 252.076943 0.017577 -87.071903 3.382834 341.150786 3.707904
378 -2.663101 0.747666 -80.100151 0.707266 300.301135 0.302733 -57.485218 2.366586 208.490848 1.713541
378 -3.393699 0.509486 -11.902927 0.128627 133.361753 0.669084 -64.631700 0.394871 284.629587 3.174735
378 -3.744792 0.693983 -12.226321 1.859678 349.309440 0.556071 -51.643816 4.664754 217.866820 3.876923
378 -3.498944 0.521307 58.193685 1.129154 303.103508 0.428066 -83.377124 4.279997 345.361982 3.385227
378 -2.769772 0.665035 -0.608937 1.463048 315.036598 0.390547 -3.810668 1.616546 335.071791 1.926882
379 -4.007274 0.627176 -78.809072 0.208816 287.212201 0.796149 75.165312 3.853239 342.647688 4.401887
379 -3.145517 0.682821 -78.958588 1.228817 311.684355 0.062949 -22.820166 2.379916 203.934716 2.678372
379 -3.046345 0.758119 23.110643 0.960308 334.598996 0.770222 -39.427987 1.255062 296.471906 2.480028
379 -2.435871 0.285841 -27.732089 0.625318 250.469278 0.774913 52.336521 0.834871 257.417095 1.259080
379 -4.125020 0.404239 -1.798583 1.146682 240.494981 0.774404 71.687426 2.615776 322.855310 4.637379
379 -2.963097 0.714172 -86.353869 0.140476 288.272868 0.222814 -56.181969 1.155203 228.416015 2.313532
379 -3.773298 0.251628 72.182556 1.615998 320.494308 0.281508 -36.396028 1.346074 251.247997 3.933935
379 -3.805465 0.735413 -7.387843 1.403117 328.444141 0.574523 -44.179433 4.899870 241.355344 3.998268
379 -2.561670 0.401563 -67.284050 0.870234 292.792624 0.544594 -81.288153 3.537088 234.319772 1.510679
379 -2.336659 0.541684 -17.357792 3.007658 335.719999 0.477921 -68.346393 1.639380 276.145288 1.060656
380 -2.073749 0.479710 -75.597670 1.349661 323.563615 0.711477 -81.894083 2.891190 214.689272 0.534836
380 -2.013317 0.676024 -71.677865 1.069321 314.462866 0.104332 -22.738375 2.362166 201.005704 0.413973
380 -3.154674 0.081236 42.893170 2.437514 326.078375 0.767817 -66.306009 1.264098 260.758076 2.696686
380 -2.522110 0.461338 54.375058 0.655428 286.855203 0.254528 30.955613 1.969398 310.770403 1.431557
380 -2.532944 0.598609 -9.162331 0.944760 220.892826 0.098210 -23.150977 1.581250 333.528569 1.453226
380 -2.034641 0.590532 87.453066 0.407387 291.414725 0.245514 -65.189766 0.813983 210.927206 0.456620
380 -3.152965 0.291391 70.768002 1.323310 330.922537 0.417176 -13.524486 1.706772 248.862234 2.693267
380 -2.384246 0.604781 -1.033333 2.330850 325.536934 0.505853 -73.721570 0.665334 229.100650 1.155830
380 -2.053954 0.397656 -66.505045 1.167707 304.281555 0.565584 -84.247106 3.484844 226.134477 0.495246
380 -2.638342 0.567301 -23.003964 2.676749 333.489647 0.395765 -39.882269 2.096371 273.348421 1.664022
381 -2.653836 0.440880 -85.666158 1.625722 328.923528 0.611258 -81.728107 1.744765 220.897414 1.695011
381 -4.897539 0.728248 -32.375718 1.991014 340.573262 0.704196 -42.148320 1.780185 37.742118 6.182416
381 -2.032035 0.017240 51.432730 2.486099 333.313984 0.796032 -59.901554 1.589226 257.757956 0.451408
381 -3.838316 0.663537 -5.298112 0.362316 273.593754 0.649451 -4.008938 3.499481 298.437545 4.063971
381 -3.823728 0.600730 4.829489 0.893626 224.840963 0.111372 -25.269667 0.918375 296.569188 4.034794
381 -2.551586 0.208180 75.937181 1.121546 310.921371 0.479209 48.591369 4.959852 338.253937 1.490510
381 -3.211590 0.446673 -83.284124 0.793380 346.554902 0.125138 16.844638 4.622674 30.134362 2.810519
381 -1.941382 0.642247 -7.528811 2.246524 319.485811 0.479476 -70.419721 0.724263 237.207070 0.270102
381 -1.834089 0.431998 -77.356317 1.830044 348.326384 0.458638 84.218017 4.114534 243.001047 0.055516
381 -2.784519 0.587278 9.787562 2.594298 328.812309 0.429042 -69.820934 1.325627 271.477467 1.956376
382 -2.439396 0.449396 -63.072963 1.792602 306.457092 0.622928 83.055742 1.237706 204.899647 1.266130
382 -3.358818 0.722793 -59.222864 0.750052 310.749644 0.501908 -39.501252 1.652685 109.060537 3.104975
382 -2.855114 0.049181 67.818186 2.035664 315.391721 0.727722 -66.925058 1.069015 241.673190 2.097567
382 -2.055718 0.799848 -73.549101 0.520805 270.316299 0.400917 26.246304 2.240941 323.421300 0.498774
382 -4.167174 0.566792 18.926348 0.127151 287.524553 0.627161 -20.920685 3.415692 331.577720 4.721686
382 -2.795133 0.261101 79.667591 1.108720 307.964498 0.431026 50.876876 5.136605 336.465486 1.977605
382 -4.548001 0.264286 72.519552 0.941218 312.513305 0.021192 30.764470 4.895874 292.730540 5.483341
382 -2.670126 0.639975 -37.298409 2.493373 338.369024 0.537521 -51.306867 1.382336 189.891088 1.727591
382 -2.005927 0.375940 -81.679721 1.976010 340.624409 0.435518 74.721870 3.923628 289.972247 0.399192
382 -2.236813 0.293140 -1.668229 3.193662 322.552056 0.374754 -34.496717 1.628226 311.695277 0.860964
383 -2.479124 0.537394 -46.475324 1.719269 315.721256 0.620330 84.232295 1.201212 163.225000 1.345586
383 -2.887876 0.766894 -77.192123 0.255812 324.087213 0.276325 3.541188 2.651270 131.635588 2.163090
383 -2.357345 0.085712 89.221906 2.068480 307.288802 0.620616 -31.665123 1.745658 325.558484 1.102029
383 -2.006554 0.752733 -75.300274 0.625450 274.995351 0.372971 27.508543 2.572370 316.490847 0.400446
383 -4.698821 0.586161 19.287278 0.098427 282.085869 0.624683 -10.082438 3.211755 333.379616 5.784981
383 -1.997262 0.266297 -80.013631 1.666916 341.217922 0.396142 57.083240 5.188033 303.759908 0.381862
383 -2.688355 0.473170 -45.720459 2.998006 341.835268 0.181983 -49.510785 0.377314 210.722273 1.764049
383 -2.375200 0.579429 -58.306801 1.628830 323.831532 0.688266 -38.257929 1.285143 183.017922 1.137737
383 -3.249132 0.313669 88.110368 2.813681 347.958210 0.430371 77.962792 3.878885 313.274206 2.885602
383 -3.126793 0.539598 40.278280 0.303773 219.070248 0.142784 -19.441627 1.873418 348.277480 2.640924
384 -2.140288 0.570720 -72.206091 1.088402 320.271688 0.608152 -50.431886 1.744163 149.794778 0.667915
384 -2.865452 0.770207 -80.167718 1.564665 332.758782 0.230960 -6.513620 0.214343 227.801810 2.118242
384 -2.780623 0.142370 78.496095 2.225618 324.787462 0.579745 -32.422167 2.639412 313.795725 1.948585
384 -1.863115 0.695817 -71.766911 0.911779 268.949463 0.356573 44.323847 2.271093 295.580418 0.113569
384 -2.979593 0.528404 23.061892 0.344281 310.173819 0.775469 -59.607806 2.352830 238.517952 2.346523
384 -3.161807 0.333009 86.578104 1.132331 310.617819 0.297654 37.682627 4.664066 307.148291 2.710952
384 -2.593924 0.408685 -33.684866 3.090445 336.813985 0.161645 -52.120527 0.447219 225.450161 1.575187
384 -2.480902 0.587615 -10.961898 1.721267 296.940904 0.070358 -20.841904 1.742377 270.844854 1.349142
384 -2.521838 0.418052 -64.443132 2.654887 321.722119 0.471437 73.462364 3.874195 327.541955 1.431013
384 -2.580270 0.481877 -7.381960 0.321699 202.540333 0.231098 -32.638678 1.645004 315.362480 1.547879
385 -4.520894 0.608994 82.047562 0.230032 316.361820 0.591051 -37.059214 1.276208 117.704899 5.429127
385 -2.835269 0.699350 -83.637573 0.231752 294.378033 0.209350 -38.619875 1.750930 175.375133 2.057876
385 -3.046166 0.167627 83.701708 1.597909 294.076889 0.573126 -25.794721 2.807352 339.608763 2.479671
385 -4.544662 0.534407 -67.358196 0.211248 299.889319 0.225712 24.589112 1.958574 57.091441 5.476662
385 -1.840889 0.753688 -34.784568 4.836661 349.581746 0.599904 -45.565202 1.186867 296.643841 0.069117
385 -3.508201 0.328598 78.271441 1.781893 314.926115 0.115578 71.918858 4.306220 340.134425 3.403741
385 -3.242480 0.385404 -31.807425 3.144059 333.265958 0.156139 -38.651928 0.845186 240.621926 2.872299
385 -3.617355 0.659268 -23.662641 1.963583 336.182514 0.771482 16.324301 1.446530 302.397518 3.622049
385 -2.174608 0.374817 -87.933338 1.826801 349.831988 0.268657 67.629898 1.437936 191.847166 0.736555
385 -2.617203 0.397058 -29.443555 0.288483 215.503549 0.178883 -3.983207 1.591832 293.790411 1.621745
386 -2.584419 0.490936 -0.628627 0.332723 263.209115 0.170216 -28.609471 1.835746 266.943277 1.556177
386 -2.384306 0.262007 -79.334807 1.857850 326.907788 0.593358 55.274451 4.934257 345.900141 1.155950
386 -2.453992 0.196939 -84.438391 1.831256 303.744576 0.617894 -24.276194 2.419407 332.881573 1.295321
386 -3.234661 0.477399 -70.531735 0.462301 305.097316 0.201742 49.155027 1.834339 62.907404 2.856660
386 -2.056616 0.756602 -43.914499 4.220858 344.927671 0.708586 -45.547144 1.526497 271.134064 0.500571
386 -2.426115 0.238431 -89.895280 2.222070 327.225385 0.139884 87.105313 4.411023 340.130777 1.239569
386 -2.765390 0.649325 -14.649556 1.311494 279.527679 0.231251 -53.950733 1.667374 240.357897 1.918118
386 -2.217959 0.726005 -3.426323 1.267213 315.830993 0.042292 39.435778 1.685862 266.928345 0.823257
386 -2.016615 0.319868 -87.211910 1.769346 349.420210 0.084282 32.981464 1.782624 204.248826 0.420569
386 -2.803163 0.546148 -10.707315 0.410107 218.693922 0.254158 19.197832 0.801661 286.465319 1.993665
387 -2.498709 0.354181 -1.938300 0.213075 234.708566 0.135220 0.580870 1.375454 277.731950 1.384757
387 -5.047048 0.215063 77.949962 1.057016 331.212036 0.081287 73.352887 3.789317 191.701770 6.481435
387 -2.931846 0.302289 -68.105153 1.523249 311.977535 0.384926 -70.916010 3.935991 279.161625 2.251031
387 -4.157711 0.477936 -69.274247 0.120555 291.375634 0.422488 -8.092633 1.053822 55.524105 4.702759
387 -1.857965 0.757025 -12.414306 3.836726 340.807896 0.684144 -60.932415 1.500333 303.620595 0.103269
387 -1.983413 0.201144 -78.580809 2.130186 326.782818 0.161319 72.130077 4.261285 341.024321 0.354165
387 -2.618058 0.657563 -78.672668 0.958641 329.491231 0.119051 -42.594141 0.899927 96.364356 1.623454
387 -4.431254 0.036000 67.757803 2.187496 299.352895 0.786655 53.125137 0.733696 279.097950 5.249847
387 -1.886425 0.224074 85.868073 1.742224 349.955249 0.119182 37.453736 2.000767 220.059579 0.160188
387 -2.020788 0.548288 -17.614666 0.280782 219.681496 0.239037 29.384782 1.190884 285.857362 0.428914
388 -1.918582 0.267035 5.386418 0.308066 239.629584 0.112093 -1.697683 1.326076 282.534037 0.224503
388 -4.412504 0.340579 85.178780 0.509680 322.593199 0.091182 34.363681 3.340272 126.146873 5.212346
388 -2.169483 0.253011 -81.211053 1.623267 327.323886 0.340538 -64.644938 4.135313 273.281986 0.726305
388 -3.068947 0.730802 -46.918227 1.859648 343.206245 0.603973 -85.450684 1.885334 52.139834 2.525233
388 -1.834884 0.549213 -29.515269 3.204562 348.565410 0.781965 -67.677660 0.558707 211.610567 0.057106
388 -2.832462 0.143182 -71.592384 1.486836 312.092178 0.239906 48.096746 2.874329 280.385462 2.052261
388 -3.696259 0.736205 -16.261758 0.710278 297.990865 0.702731 -78.227146 1.842565 77.142994 3.779856
388 -6.725095 0.775518 55.958184 2.471387 268.535427 0.757319 63.524010 0.320525 274.657780 9.837528
388 -2.152580 0.234430 -85.590443 1.915711 347.820389 0.266856 44.364770 1.681140 216.235584 0.692498
388 -3.495327 0.594461 -20.041108 0.624631 245.050406 0.261852 20.078229 0.430850 228.489292 3.377993
389 -3.569028 0.305346 8.149065 0.466118 225.540568 0.156614 -8.378756 0.830028 280.290765 3.525395
389 -3.712883 0.494843 -87.029593 0.406487 314.873594 0.218000 12.139119 3.128781 52.128419 3.813104
389 -2.937510 0.207361 -80.424630 1.951410 320.191408 0.237616 -68.978235 3.867768 318.796513 2.262357
389 -3.481379 0.794081 -17.477985 1.572726 327.081609 0.643725 -87.899911 2.269028 250.181607 3.350096
389 -5.618793 0.427885 -34.888953 3.388861 349.634380 0.649153 -83.421034 0.232057 213.299219 7.624924
389 -3.111371 0.417848 69.849696 1.623591 311.050617 0.192253 86.373482 2.471336 317.094560 2.610079
389 -3.296041 0.702582 -21.588935 0.623733 290.035217 0.724838 -86.586267 1.590849 109.017482 2.979420
389 -4.847049 0.733228 77.462290 0.605598 181.433518 0.713817 61.502894 1.336841 348.509791 6.081436
389 -3.249232 0.295619 -81.165487 0.881034 315.173569 0.306923 68.745712 4.045352 187.982002 2.885802
389 -2.069805 0.470173 -81.997398 1.039229 318.211895 0.771754 85.383714 0.808926 141.045619 0.526948
390 -5.232456 0.236767 -1.832342 1.654116 338.561944 0.345141 8.506159 3.881712 295.328670 6.852251
390 -3.368463 0.589983 -73.975557 0.299590 312.792825 0.245123 -1.034398 2.692154 26.755581 3.124265
390 -1.944182 0.167564 -48.187376 1.860515 269.085757 0.734441 -48.187196 1.479064 317.374640 0.275702
390 -1.927233 0.625945 76.353786 0.747214 319.103008 0.386086 -82.871518 3.066844 285.922367 0.241805
390 -3.979301 0.410522 -36.817721 3.362731 349.677120 0.642636 -77.641480 0.277568 211.342705 4.345940
390 -4.312559 0.511758 70.760552 2.348687 318.421974 0.152736 63.950408 2.649531 349.100022 5.012457
390 -2.468398 0.792836 -69.802692 0.318316 289.745536 0.751404 -45.936091 2.413204 150.493461 1.324135
390 -2.224639 0.025414 47.788325 1.634939 307.034498 0.631679 -36.361263 0.712804 261.643064 0.836617
390 -2.427586 0.515626 -64.240456 1.040770 320.087245 0.649411 73.869418 1.465057 127.361034 1.242510
390 -2.344750 0.450440 -63.032744 1.058633 315.592793 0.498250 -55.982358 0.475113 114.560893 1.076838
391 -3.773170 0.187863 -7.946668 2.145369 342.747883 0.354394 -15.771697 3.236079 293.764329 3.933678
391 -5.113251 0.701123 6.358679 0.207883 287.504573 0.290381 -22.723244 1.869188 204.143123 6.613841
391 -1.939430 0.112491 -48.111657 1.395868 275.213208 0.752529 -39.467877 1.298366 319.108415 0.266198
391 -2.178028 0.658279 85.544211 0.705884 314.663196 0.381708 87.186689 3.274463 300.403425 0.743394
391 -3.035774 0.746952 -22.179270 2.004132 287.557460 0.548591 -88.268560 0.569960 233.958052 2.458887
391 -3.450957 0.571101 67.954625 1.648600 316.697194 0.188508 -80.330156 2.534678 315.548679 3.289252
391 -3.693728 0.738684 -79.680265 0.391396 294.055758 0.773655 -58.520852 2.486623 146.612544 3.774793
391 -2.790224 0.020719 44.430663 1.610861 307.093903 0.637276 -33.611980 0.665915 256.537814 1.967785
391 -2.574888 0.447048 -79.908422 0.697154 323.111484 0.529781 67.438609 1.144028 102.662769 1.537114
391 -2.189997 0.625924 -30.165855 2.737630 305.599865 0.093552 -82.083176 2.257200 286.470414 0.767332
392 -2.553690 0.381005 -0.276284 0.602635 234.784371 0.668708 -67.688411 3.979936 349.853389 1.494719
392 -3.273078 0.725693 -19.530815 0.906814 295.456462 0.375648 -24.278077 2.094764 253.454161 2.933495
392 -2.180885 0.409192 -64.328283 2.337974 345.160103 0.072573 62.865363 1.561999 204.003765 0.749108
392 -1.902042 0.559531 69.126302 0.488821 261.063103 0.377079 84.895634 3.066156 343.368522 0.191422
392 -3.589255 0.751111 -32.649481 1.704613 300.469764 0.599853 -79.259427 4.801030 222.039497 3.565847
392 -2.285920 0.670367 87.700950 1.704079 331.909471 0.233301 -70.084955 2.450969 294.484123 0.959178
392 -2.236647 0.788228 -71.734906 0.580198 317.950370 0.103486 -89.395081 2.202398 150.401252 0.860633
392 -2.780397 0.016006 41.435277 1.012178 290.389503 0.624736 -31.451789 0.957103 257.866548 1.948132
392 -2.510934 0.541611 -81.353675 0.266106 285.880307 0.411944 69.087456 3.009826 222.235301 1.409207
392 -2.255640 0.498736 -20.280723 2.548274 293.386061 0.119328 -76.178929 2.770908 326.505506 0.898619
393 -4.342122 0.193398 5.773959 0.803773 252.042301 0.436031 -33.839932 2.365628 347.988306 5.071582
393 -3.191849 0.782763 -16.239249 1.124092 327.333069 0.333461 -89.520609 3.466420 225.955371 2.771037
393 -3.120974 0.477394 -28.770557 3.410670 289.474536 0.226725 -32.288667 1.765293 315.352705 2.629287
393 -2.062240 0.511832 74.159399 0.304740 238.908530 0.377339 -82.190598 3.089578 349.494413 0.511818
393 -2.597628 0.784432 2.949694 0.777571 315.144448 0.364817 -54.323369 2.409419 265.082230 1.582595
393 -2.128643 0.750168 -64.836527 1.544934 331.716082 0.673115 -18.766948 4.756622 218.299808 0.644624
393 -2.688272 0.756206 -81.929937 0.159886 315.145118 0.121965 -82.291185 2.411981 163.696711 1.763882
393 -2.229256 0.050711 36.099088 1.937678 289.586729 0.511870 -25.909219 1.342621 312.331731 0.845851
393 -2.284265 0.393605 -63.372977 0.626881 273.840130 0.065143 43.601879 1.183775 200.308165 0.955869
393 -2.364680 0.597460 -28.404983 2.833708 314.111378 0.114710 -57.113925 2.629421 303.680466 1.116698
394 -2.684616 0.167627 -2.516174 1.838065 249.124292 0.395290 -33.106475 1.978125 336.889691 1.756570
394 -2.952484 0.493845 75.825941 0.535440 274.790213 0.676550 77.869775 2.059632 250.109345 2.292305
394 -2.796685 0.449841 -14.702804 3.334698 279.346759 0.118316 -41.745048 1.864884 335.063381 1.980709
394 -2.438057 0.479431 -87.496739 0.540603 241.011252 0.435999 -88.365616 3.145918 344.249466 1.263453
394 -1.901327 0.550009 -1.190864 1.929823 319.614163 0.532826 -81.373224 1.531801 245.521320 0.189993
394 -2.206895 0.708798 -62.233352 1.771144 338.576550 0.707691 -13.497500 4.447033 211.957975 0.801128
394 -2.877251 0.693533 -74.156528 0.142787 266.508654 0.067417 85.792247 1.714240 177.797073 2.141840
394 -2.288622 0.034060 48.900771 1.720284 310.609675 0.550918 -24.091260 1.621380 292.599829 0.964583
394 -3.472911 0.428370 -80.417276 0.090075 274.867587 0.796389 22.151552 1.430502 228.013345 3.333161
394 -1.977732 0.495927 -23.793564 2.559161 295.946458 0.270432 -65.788321 2.105219 291.752451 0.342802
395 -2.185554 0.259581 -34.827870 1.955087 254.400005 0.446112 -41.658923 1.377404 312.067649 0.758446
395 -1.858087 0.447930 -64.360181 1.456593 288.749110 0.402622 74.807247 3.070060 283.600014 0.103512
395 -3.432640 0.695033 -7.013643 0.546866 295.761051 0.583702 -26.808428 2.849483 214.060714 3.252619
395 -4.145775 0.679501 -2.766586 0.249452 323.230230 0.087013 61.159851 1.605341 65.532503 4.678889
395 -2.747627 0.462650 -3.753379 1.561407 329.099727 0.514601 -69.706976 2.742310 243.782127 1.882592
395 -2.101761 0.573257 -57.621621 2.338448 344.475648 0.044248 -29.679369 3.859081 241.262529 0.590861
395 -2.227011 0.608028 -59.811014 0.471432 260.128855 0.724285 -77.724918 1.426844 189.148646 0.841359
395 -2.248708 0.060145 2.794709 1.026854 258.183428 0.668918 -34.158988 0.776763 296.711338 0.884754
395 -2.573983 0.569049 -85.792648 0.655053 283.492966 0.051238 25.727457 1.420496 229.187253 1.535305
395 -2.104069 0.550582 -30.395921 2.684186 285.040853 0.325817 -57.328503 2.243260 317.587183 0.595476
396 -2.589848 0.243131 -1.449176 1.664462 271.834676 0.382905 -40.190847 1.342009 285.683647 1.567035
396 -2.146056 0.298873 -52.003290 1.317324 291.423241 0.328134 81.729231 2.573481 249.469689 0.679450
396 -2.056595 0.754677 -27.346499 3.529502 313.296944 0.571995 -76.468120 3.301534 324.798375 0.500527
396 -4.515046 0.754025 -51.425814 4.256553 298.271205 0.390586 -13.893925 1.207729 309.420133 5.417431
396 -3.387504 0.455083 -26.087853 1.704463 312.144395 0.404357 -64.758112 2.604888 227.603208 3.162346
396 -2.314796 0.619015 -66.648201 2.409483 348.302481 0.024513 -15.603116 3.635454 230.119121 1.016930
396 -2.637316 0.519029 -75.538675 0.409388 266.886981 0.095568 -66.773534 1.089283 228.982068 1.661971
396 -2.287978 0.711645 0.276028 1.664664 259.248694 0.697501 -47.875790 0.941207 323.354377 0.963295
396 -2.030167 0.618205 -82.084882 0.610657 292.973827 0.041317 8.488569 1.513577 220.215926 0.447672
396 -2.208647 0.397643 -40.589368 2.925234 276.697792 0.290306 -20.389092 1.959669 337.485232 0.804632
397 -2.726644 0.652180 -53.385796 2.122634 331.269828 0.136800 29.579648 2.384998 216.695527 1.840627
397 -2.372644 0.286645 72.285090 0.510455 278.289208 0.472949 78.408261 1.933432 235.677870 1.132627
397 -2.516654 0.735701 -65.057944 2.324454 308.093310 0.601931 24.820880 1.810089 334.626965 1.420647
397 -5.137579 0.157098 -76.500227 1.468278 306.525121 0.429325 87.385724 4.495469 345.417800 6.662497
397 -2.428212 0.606121 31.675150 1.107343 272.431686 0.654979 -32.482158 1.009813 343.227961 1.243763
397 -1.923752 0.609140 -65.338761 1.996386 333.098398 0.084009 -17.393423 4.051650 246.682824 0.234842
397 -2.315685 0.455303 -64.640809 1.143214 316.098788 0.739331 -75.993312 2.390357 157.643280 1.018708
397 -2.789677 0.525355 11.397539 0.185314 293.553139 0.638831 -56.906450 0.706018 181.855683 1.966692
397 -1.919084 0.376737 79.815701 0.975203 341.885050 0.693066 43.923739 0.329865 183.735630 0.225507
397 -2.154488 0.352568 -45.296322 2.889225 310.330765 0.189980 -12.377519 2.504968 323.658863 0.696313
398 -2.086497 0.718752 -11.500619 1.128717 292.239154 0.522452 -61.170976 0.758790 241.599137 0.560333
398 -2.506255 0.297226 88.880024 0.622233 275.506093 0.499258 56.174047 1.877649 247.330128 1.399848
398 -2.834419 0.074462 -61.779842 2.229467 307.086435 0.693425 -33.628776 0.743772 293.217012 2.056177
398 -3.729121 0.734925 -38.847668 1.759370 327.198363 0.624410 86.441217 3.932537 108.803736 3.845581
398 -2.878650 0.529969 33.920290 1.008345 280.808773 0.697554 -23.168703 1.051869 341.858832 2.144638
398 -2.279868 0.788953 -68.406422 1.889156 336.043390 0.133072 -8.486480 4.465382 216.832288 0.947074
398 -2.209673 0.632896 -61.457275 1.447812 330.588803 0.622490 -59.254318 3.310794 140.364473 0.806685
398 -5.607705 0.102858 26.908548 1.209268 172.563051 0.440334 -40.207325 0.333423 290.969783 7.602749
398 -3.625288 0.747540 -18.420637 1.469459 326.137178 0.174588 -15.017189 0.283535 93.147021 3.637914
398 -2.406930 0.403910 -0.142179 1.671746 307.720886 0.573373 -57.918751 2.697311 298.044628 1.201199
399 -2.888252 0.644700 -13.696297 0.747020 264.500924 0.440718 -31.134248 1.143130 230.533271 2.163843
399 -2.502097 0.141503 76.794672 1.022813 264.108352 0.591276 41.801855 1.721119 337.376522 1.391532
399 -2.392262 0.430146 -48.066314 1.970138 297.902088 0.782748 -31.141593 1.726391 329.302353 1.171862
399 -4.294315 0.757059 -15.261377 1.613821 337.513452 0.584762 87.618288 3.946132 95.343326 4.975969
399 -2.013163 0.473328 28.543061 0.868329 270.545644 0.664783 -30.494462 1.374755 338.975582 0.413664
399 -3.179727 0.707562 -75.198572 0.948099 314.568946 0.110473 30.803133 2.524383 122.404450 2.746793
399 -3.774849 0.040338 18.461650 2.006487 317.462888 0.328780 6.076803 1.675241 292.906856 3.937035
399 -4.186457 0.111903 28.974633 1.123304 144.549301 0.624437 -43.067628 0.548895 326.036167 4.760253
399 -3.294549 0.781109 -20.467570 1.474647 327.029045 0.179069 -24.398976 0.216321 99.007863 2.976437
399 -1.987053 0.413845 14.719769 1.281031 279.224644 0.611795 -59.152781 2.645769 308.470235 0.361444
400 -3.210893 0.782126 -29.600845 4.708112 260.973174 0.682187 -56.699924 2.114930 326.759142 2.809124
400 -2.356056 0.193580 73.634139 1.189268 300.455093 0.764886 62.326731 1.605462 273.870062 1.099450
400 -2.100700 0.369008 -43.265207 1.923091 292.680937 0.766599 -30.535456 1.958419 325.687720 0.588739
400 -3.731350 0.749623 -19.863646 1.528522 348.854370 0.610277 -74.458217 4.153758 94.942508 3.850038
400 -2.003618 0.468662 84.351255 0.699802 273.439348 0.472780 18.075699 1.777910 324.237902 0.394574
400 -1.989794 0.400066 -75.892544 0.905287 292.627000 0.773988 43.299545 3.073495 319.143344 0.366926
400 -4.235279 0.044209 10.037275 2.183470 300.033353 0.288482 -30.959693 0.905936 264.379693 4.857897
400 -2.723652 0.678376 11.064030 0.491056 140.064989 0.737595 -57.579223 1.559707 346.707320 1.834643
400 -4.180479 0.580477 -5.564965 1.155465 349.494923 0.159454 86.707627 4.375904 94.393665 4.748297
400 -2.336291 0.718691 -18.567292 1.937282 274.680005 0.235507 -45.185350 1.624246 280.423591 1.059921
401 -2.120665 0.731691 -48.442856 4.861785 261.015223 0.668376 -57.521006 1.877309 333.523410 0.628668
401 -1.986225 0.389737 -2.266439 1.036353 293.572052 0.627821 -46.115197 0.469468 226.177932 0.359789
401 -2.445142 0.237198 25.799135 1.084136 283.473837 0.700040 -39.845935 2.766376 325.130617 1.277622
401 -3.597640 0.739149 -18.398760 1.200217 342.504232 0.605107 -78.875301 4.123770 86.142121 3.582619
401 -4.834614 0.197707 80.087763 1.405828 261.526919 0.411468 21.579953 1.926028 349.875282 6.056566
401 -2.586241 0.371481 -77.223638 1.541105 309.970175 0.104957 25.905253 4.372386 306.438630 1.559820
401 -3.961217 0.290097 34.758604 1.537772 279.428360 0.137521 -20.200848 1.712246 308.932932 4.309773
401 -3.531722 0.714360 33.393665 4.280905 143.674334 0.732792 -58.063744 1.136309 349.009243 3.450782
401 -4.215898 0.524448 -12.604149 1.249137 339.486657 0.177853 -88.192413 3.992605 135.475535 4.819134
401 -1.880637 0.651017 -13.845094 1.742871 295.733871 0.086552 -40.732392 0.757092 252.284822 0.148613
