#REFERENCE 3 88.3306920 -33.7075420
1	-84.047939	-133.300781	-71.006247	-91.444378	
1	-83.984375	-133.352554	-71.241377	-91.270529	
2	-84.082031	-133.244584	-70.879677	-91.659262	
2	-84.047939	-133.300781	-71.006247	-91.444378	
3	-84.122593	-133.203125	-70.842201	-91.832704	
3	-84.082031	-133.244584	-70.879677	-91.659262	
4	-83.789062	-133.345000	-71.882832	-91.325450	
4	-83.733349	-133.300781	-72.045643	-91.490231	
5	-83.733349	-133.300781	-72.045643	-91.490231	
5	-83.697166	-133.203125	-72.155569	-91.822628	
6	-83.984375	-133.352554	-71.241377	-91.270529	
6	-83.886719	-133.377430	-71.569696	-91.215125	
7	-83.886719	-133.377430	-71.569696	-91.215125	
7	-83.789062	-133.345000	-71.882832	-91.325450	
8	-83.886719	-133.014758	-71.568200	-92.533745	
8	-83.789062	-133.054818	-71.908186	-92.383683	
9	-83.984375	-133.018446	-71.240862	-92.494093	
9	-83.886719	-133.014758	-71.568200	-92.533745	
10	-83.697166	-133.203125	-72.155569	-91.822628	
10	-83.730041	-133.105469	-72.078449	-92.170937	
11	-83.789062	-133.054818	-71.908186	-92.383683	
11	-83.730041	-133.105469	-72.078449	-92.170937	
12	-84.122593	-133.203125	-70.842201	-91.832704	
12	-84.094673	-133.105469	-70.898256	-92.170970	
13	-84.082031	-133.094032	-70.923503	-92.220104	
13	-83.984375	-133.018446	-71.240862	-92.494093	
14	-84.094673	-133.105469	-70.898256	-92.170970	
14	-84.082031	-133.094032	-70.923503	-92.220104	
15	-94.531250	-83.580078	-73.890150	-43.675128	
15	-94.441397	-83.496094	-73.973772	-43.795262	
16	-94.531250	-83.435977	-73.852538	-43.900709	
16	-94.441397	-83.496094	-73.973772	-43.795262	
17	-62.396265	-96.679688	-52.593785	-52.684682	
17	-62.304688	-96.759329	-52.846107	-52.419164	
18	-62.207031	-96.776151	-53.128411	-52.328066	
18	-62.109375	-96.775924	-53.447222	-52.375314	
19	-62.304688	-96.759329	-52.846107	-52.419164	
19	-62.207031	-96.776151	-53.128411	-52.328066	
20	-62.462569	-96.582031	-52.504162	-53.048782	
20	-62.402344	-96.665041	-52.570730	-52.731842	
21	-62.402344	-96.665041	-52.570730	-52.731842	
21	-62.396265	-96.679688	-52.593785	-52.684682	
22	-62.462569	-96.582031	-52.504162	-53.048782	
22	-62.440486	-96.484375	-52.574708	-53.424685	
23	-62.011719	-96.746948	-53.746860	-52.576278	
23	-61.942550	-96.679688	-53.951944	-52.891507	
24	-62.109375	-96.775924	-53.447222	-52.375314	
24	-62.011719	-96.746948	-53.746860	-52.576278	
25	-61.942550	-96.679688	-53.951944	-52.891507	
25	-61.926926	-96.582031	-54.025633	-53.266037	
26	-61.926926	-96.582031	-54.025633	-53.266037	
26	-61.977765	-96.484375	-53.944571	-53.618596	
27	-62.109375	-96.394572	-53.602857	-53.943606	
27	-62.011719	-96.454315	-53.872637	-53.734583	
28	-62.011719	-96.454315	-53.872637	-53.734583	
28	-61.977765	-96.484375	-53.944571	-53.618596	
29	-62.440486	-96.484375	-52.574708	-53.424685	
29	-62.402344	-96.445934	-52.673555	-53.612176	
30	-62.402344	-96.445934	-52.673555	-53.612176	
30	-62.304688	-96.390190	-52.987623	-53.902767	
31	-62.304688	-96.390190	-52.987623	-53.902767	
31	-62.217579	-96.386719	-53.267029	-53.992029	
32	-62.109375	-96.394572	-53.602857	-53.943606	
32	-62.201721	-96.386719	-53.319998	-53.995829	
33	-62.207031	-96.384572	-53.302731	-53.995029	
33	-62.201721	-96.386719	-53.319998	-53.995829	
34	-62.217579	-96.386719	-53.267029	-53.992029	
34	-62.207031	-96.384572	-53.302731	-53.995029	
35	-34.432697	-84.960938	-35.509235	-41.106461	
35	-34.375000	-84.973616	-35.762431	-41.007319	
36	-34.432697	-84.960938	-35.509235	-41.106461	
36	-34.375000	-84.944906	-35.736333	-41.092511	
37	-34.375000	-84.973616	-35.762431	-41.007319	
37	-34.347644	-84.960938	-35.755057	-41.033576	
38	-34.375000	-84.944906	-35.736333	-41.092511	
38	-34.347644	-84.960938	-35.755057	-41.033576	
39	-4.882812	-84.005197	-17.026651	-41.107469	
39	-4.858740	-83.984375	-17.136785	-41.148852	
40	-4.919994	-83.984375	-16.881059	-41.109403	
40	-4.882812	-84.005197	-17.026651	-41.107469	
41	-2.441248	-60.839844	-17.561284	-21.284713	
41	-2.343750	-60.937264	-17.600902	-21.259568	
42	-2.441248	-60.839844	-17.561284	-21.284713	
42	-2.343750	-60.742427	-17.622581	-21.331449	
43	-2.343750	-60.937264	-17.600902	-21.259568	
43	-2.246267	-60.839844	-17.665772	-21.306665	
44	-2.343750	-60.742427	-17.622581	-21.331449	
44	-2.246267	-60.839844	-17.665772	-21.306665	
45	-35.351562	-36.703320	-36.963460	-3.367167	
45	-35.264882	-36.621094	-37.020635	-3.478851	
46	-35.351562	-36.531606	-36.970655	-3.534599	
46	-35.264882	-36.621094	-37.020635	-3.478851	
47	-40.320116	-32.519531	-38.673617	-1.296987	
47	-40.234375	-32.607680	-38.934433	-1.155123	
48	-40.332031	-32.462458	-38.593576	-1.447674	
48	-40.320116	-32.519531	-38.673617	-1.296987	
49	-40.357598	-32.421875	-38.578805	-1.576504	
49	-40.332031	-32.462458	-38.593576	-1.447674	
50	-40.234375	-32.607680	-38.934433	-1.155123	
50	-40.136719	-32.590658	-39.150236	-1.192600	
51	-40.136719	-32.590658	-39.150236	-1.192600	
51	-40.074989	-32.519531	-39.303176	-1.336764	
52	-40.074989	-32.519531	-39.303176	-1.336764	
52	-40.054209	-32.421875	-39.355791	-1.564761	
53	-40.054209	-32.421875	-39.355791	-1.564761	
53	-40.131427	-32.324219	-39.216267	-1.857361	
54	-40.136719	-32.315743	-39.194769	-1.874977	
54	-40.131427	-32.324219	-39.216267	-1.857361	
55	-40.234375	-32.235262	-38.925589	-1.957620	
55	-40.136719	-32.315743	-39.194769	-1.874977	
56	-40.357598	-32.421875	-38.578805	-1.576504	
56	-40.332031	-32.354879	-38.633498	-1.770529	
57	-40.332031	-32.354879	-38.633498	-1.770529	
57	-40.325771	-32.324219	-38.679269	-1.833835	
58	-40.325771	-32.324219	-38.679269	-1.833835	
58	-40.234375	-32.235262	-38.925589	-1.957620	
59	-38.678312	-30.859375	-38.658498	-1.266609	
59	-38.671875	-30.868160	-38.682498	-1.257163	
60	-38.574219	-30.927523	-38.969932	-1.220034	
60	-38.489264	-30.859375	-39.245922	-1.305054	
61	-38.671875	-30.868160	-38.682498	-1.257163	
61	-38.574219	-30.927523	-38.969932	-1.220034	
62	-38.489264	-30.859375	-39.245922	-1.305054	
62	-38.476562	-30.850690	-39.283690	-1.328300	
63	-38.476562	-30.850690	-39.283690	-1.328300	
63	-38.417724	-30.761719	-39.472840	-1.531318	
64	-38.417724	-30.761719	-39.472840	-1.531318	
64	-38.401897	-30.664062	-39.537268	-1.752932	
65	-38.401897	-30.664062	-39.537268	-1.752932	
65	-38.421864	-30.566406	-39.497665	-1.976293	
66	-38.476562	-30.487989	-39.358499	-2.161694	
66	-38.421864	-30.566406	-39.497665	-1.976293	
67	-38.476562	-30.487989	-39.358499	-2.161694	
67	-38.493258	-30.468750	-39.305560	-2.200528	
68	-38.678312	-30.859375	-38.658498	-1.266609	
68	-38.758937	-30.761719	-38.408240	-1.470523	
69	-38.769531	-30.678855	-38.333536	-1.657307	
69	-38.758937	-30.761719	-38.408240	-1.470523	
70	-38.777513	-30.664062	-38.328554	-1.696646	
70	-38.769531	-30.678855	-38.333536	-1.657307	
71	-38.777513	-30.664062	-38.328554	-1.696646	
71	-38.770879	-30.566406	-38.370019	-1.939015	
72	-38.769531	-30.563961	-38.373061	-1.945710	
72	-38.738353	-30.468750	-38.531339	-2.145714	
73	-38.770879	-30.566406	-38.370019	-1.939015	
73	-38.769531	-30.563961	-38.373061	-1.945710	
74	-19.919302	-25.683594	-28.184042	-0.452636	
74	-19.824219	-25.780521	-28.248874	-0.348417	
75	-19.824219	-25.780521	-28.248874	-0.348417	
75	-19.728912	-25.683594	-28.310300	-0.458107	
76	-19.824219	-25.586499	-28.253924	-0.538999	
76	-19.728912	-25.683594	-28.310300	-0.458107	
77	-19.919302	-25.683594	-28.184042	-0.452636	
77	-19.824219	-25.586499	-28.253924	-0.538999	
78	-9.082031	-13.880500	-22.724804	2.053766	
78	-8.984375	-13.916759	-22.728655	2.056257	
79	-9.091964	-13.867188	-22.723923	2.053375	
79	-9.082031	-13.880500	-22.724804	2.053766	
80	-9.179688	-13.814299	-22.714991	2.050371	
80	-9.091964	-13.867188	-22.723923	2.053375	
81	-9.210864	-13.769531	-22.709515	2.048887	
81	-9.179688	-13.814299	-22.714991	2.050371	
82	-9.277344	-13.719244	-22.695829	2.045754	
82	-9.210864	-13.769531	-22.709515	2.048887	
83	-9.301760	-13.671875	-22.687895	2.044083	
83	-9.277344	-13.719244	-22.695829	2.045754	
84	-8.984375	-13.916759	-22.728655	2.056257	
84	-8.943116	-13.867188	-22.728526	2.055031	
85	-8.943116	-13.867188	-22.728526	2.055031	
85	-8.938044	-13.769531	-22.729240	2.047911	
86	-8.938044	-13.769531	-22.729240	2.047911	
86	-8.962534	-13.671875	-22.731821	2.035769	
87	-8.984375	-13.639813	-22.732973	2.031057	
87	-8.962534	-13.671875	-22.731821	2.035769	
88	-9.375000	-13.579822	-22.658258	2.038350	
88	-9.301760	-13.671875	-22.687895	2.044083	
89	-8.984375	-13.639813	-22.732973	2.031057	
89	-9.006993	-13.574219	-22.736524	2.017951	
90	-9.006993	-13.574219	-22.736524	2.017951	
90	-9.067868	-13.476562	-22.744005	1.992911	
91	-9.082031	-13.467325	-22.744580	1.991046	
91	-9.140292	-13.378906	-22.755786	1.956718	
92	-9.082031	-13.467325	-22.744580	1.991046	
92	-9.067868	-13.476562	-22.744005	1.992911	
93	-9.179688	-13.356512	-22.757607	1.950982	
93	-9.140292	-13.378906	-22.755786	1.956718	
94	-9.179688	-13.356512	-22.757607	1.950982	
94	-9.221844	-13.281250	-22.774930	1.898046	
95	-9.277344	-13.253564	-22.778714	1.885070	
95	-9.292517	-13.183594	-22.801411	1.765026	
96	-9.277344	-13.253564	-22.778714	1.885070	
96	-9.221844	-13.281250	-22.774930	1.898046	
97	-9.375000	-13.101605	-22.742461	1.490167	
97	-9.292517	-13.183594	-22.801411	1.765026	
98	-9.376701	-13.574219	-22.657103	2.038130	
98	-9.375000	-13.579822	-22.658258	2.038350	
99	-9.376701	-13.574219	-22.657103	2.038130	
99	-9.419806	-13.476562	-22.625432	2.031830	
100	-9.419806	-13.476562	-22.625432	2.031830	
100	-9.469544	-13.378906	-22.566116	2.018013	
101	-9.472656	-13.377557	-22.562396	2.016974	
101	-9.469544	-13.378906	-22.566116	2.018013	
102	-9.514963	-13.281250	-22.450910	1.970431	
102	-9.472656	-13.377557	-22.562396	2.016974	
103	-9.636820	-13.085938	-22.260911	1.476172	
103	-9.570312	-13.141375	-22.244555	1.590027	
104	-9.514963	-13.281250	-22.450910	1.970431	
104	-9.568360	-13.183594	-22.264199	1.730251	
105	-9.375000	-13.101605	-22.742461	1.490167	
105	-9.382176	-13.085938	-22.709403	1.442734	
106	-9.570312	-13.141375	-22.244555	1.590027	
106	-9.568360	-13.183594	-22.264199	1.730251	
107	-9.382176	-13.085938	-22.709403	1.442734	
107	-9.423759	-12.988281	-22.536764	1.314117	
108	-9.423759	-12.988281	-22.536764	1.314117	
108	-9.448758	-12.890625	-22.467381	1.286776	
109	-9.689747	-12.988281	-22.294301	1.371166	
109	-9.667969	-13.001613	-22.292521	1.375971	
110	-9.667969	-13.001613	-22.292521	1.375971	
110	-9.636820	-13.085938	-22.260911	1.476172	
111	-9.689747	-12.988281	-22.294301	1.371166	
111	-9.745369	-12.890625	-22.315023	1.315097	
112	-9.765625	-12.827541	-22.324327	1.286077	
112	-9.745369	-12.890625	-22.315023	1.315097	
113	-9.448758	-12.890625	-22.467381	1.286776	
113	-9.471274	-12.792969	-22.425810	1.269910	
114	-9.472656	-12.785377	-22.423273	1.268773	
114	-9.471274	-12.792969	-22.425810	1.269910	
115	-9.472656	-12.785377	-22.423273	1.268773	
115	-9.515358	-12.695312	-22.386778	1.249928	
116	-9.515358	-12.695312	-22.386778	1.249928	
116	-9.565811	-12.597656	-22.357482	1.228988	
117	-9.570312	-12.588412	-22.355219	1.227013	
117	-9.565811	-12.597656	-22.357482	1.228988	
118	-9.667969	-12.523195	-22.335162	1.204346	
118	-9.570312	-12.588412	-22.355219	1.227013	
119	-9.765625	-12.558125	-22.333872	1.203687	
119	-9.667969	-12.523195	-22.335162	1.204346	
120	-8.249650	-11.718750	-21.973843	1.368561	
120	-8.298789	-11.621094	-21.965509	1.291896	
121	-8.300781	-11.609453	-21.964550	1.284254	
121	-8.298789	-11.621094	-21.965509	1.291896	
122	-8.333158	-11.523438	-21.957170	1.231432	
122	-8.300781	-11.609453	-21.964550	1.284254	
123	-8.333158	-11.523438	-21.957170	1.231432	
123	-8.342240	-11.425781	-21.949133	1.181454	
124	-8.342240	-11.425781	-21.949133	1.181454	
124	-8.337378	-11.328125	-21.941727	1.137820	
125	-7.933139	-11.718750	-22.217666	1.369448	
125	-7.943376	-11.621094	-22.142183	1.332298	
126	-7.943376	-11.621094	-22.142183	1.332298	
126	-7.948992	-11.523438	-22.087101	1.296360	
127	-7.948992	-11.523438	-22.087101	1.296360	
127	-7.944419	-11.425781	-22.043037	1.256242	
128	-7.910156	-11.344747	-22.019306	1.226897	
128	-7.902693	-11.328125	-22.014351	1.219558	
129	-7.944419	-11.425781	-22.043037	1.256242	
129	-7.910156	-11.344747	-22.019306	1.226897	
130	-7.902693	-11.328125	-22.014351	1.219558	
130	-7.812500	-11.262192	-22.007127	1.206960	
131	-8.337378	-11.328125	-21.941727	1.137820	
131	-8.328450	-11.230469	-21.935394	1.098008	
132	-8.328450	-11.230469	-21.935394	1.098008	
132	-8.327350	-11.132812	-21.930712	1.060832	
133	-8.327350	-11.132812	-21.930712	1.060832	
133	-8.340457	-11.035156	-21.928050	1.026884	
134	-8.340457	-11.035156	-21.928050	1.026884	
134	-8.364741	-10.937500	-21.927097	0.997278	
135	-7.812500	-12.438521	-22.485512	1.959802	
135	-7.770281	-12.500000	-22.505100	1.970559	
136	-7.247073	-12.500000	-22.567114	1.982464	
136	-7.226562	-12.402815	-22.571569	1.965412	
137	-7.226562	-12.402815	-22.571569	1.965412	
137	-7.226482	-12.402344	-22.571593	1.965322	
138	-7.226482	-12.402344	-22.571593	1.965322	
138	-7.207338	-12.304688	-22.576856	1.944867	
139	-7.207338	-12.304688	-22.576856	1.944867	
139	-7.186302	-12.207031	-22.582517	1.920617	
140	-7.186302	-12.207031	-22.582517	1.920617	
140	-7.161265	-12.109375	-22.588145	1.892384	
141	-7.161265	-12.109375	-22.588145	1.892384	
141	-7.132923	-12.011719	-22.593445	1.860392	
142	-7.128906	-12.000489	-22.594035	1.856455	
142	-7.104067	-11.914062	-22.598433	1.824943	
143	-7.132923	-12.011719	-22.593445	1.860392	
143	-7.128906	-12.000489	-22.594035	1.856455	
144	-7.104067	-11.914062	-22.598433	1.824943	
144	-7.082454	-11.816406	-22.603338	1.786189	
145	-7.082454	-11.816406	-22.603338	1.786189	
145	-7.072543	-11.718750	-22.608454	1.743644	
146	-7.617188	-11.781851	-22.492499	1.703837	
146	-7.565589	-11.718750	-22.480874	1.687491	
147	-7.812500	-11.838507	-22.478414	1.665778	
147	-7.714844	-11.832109	-22.492588	1.703761	
148	-7.714844	-11.832109	-22.492588	1.703761	
148	-7.669979	-11.816406	-22.494731	1.707998	
149	-7.669979	-11.816406	-22.494731	1.707998	
149	-7.617188	-11.781851	-22.492499	1.703837	
150	-7.565589	-11.718750	-22.480874	1.687491	
150	-7.537344	-11.621094	-22.446680	1.653586	
151	-7.537344	-11.621094	-22.446680	1.653586	
151	-7.525922	-11.523438	-22.403123	1.623604	
152	-7.525922	-11.523438	-22.403123	1.623604	
152	-7.523857	-11.425781	-22.346393	1.594795	
153	-7.523857	-11.425781	-22.346393	1.594795	
153	-7.559604	-11.328125	-22.191392	1.506536	
154	-7.072543	-11.718750	-22.608454	1.743644	
154	-7.076578	-11.621094	-22.614017	1.696199	
155	-7.076578	-11.621094	-22.614017	1.696199	
155	-7.098364	-11.523438	-22.620189	1.641996	
156	-7.128906	-11.471712	-22.623646	1.610193	
156	-7.142050	-11.425781	-22.627019	1.577325	
157	-7.128906	-11.471712	-22.623646	1.610193	
157	-7.098364	-11.523438	-22.620189	1.641996	
158	-7.142050	-11.425781	-22.627019	1.577325	
158	-7.212138	-11.328125	-22.634005	1.492667	
159	-7.324219	-11.232738	-22.633538	1.352056	
159	-7.324482	-11.230469	-22.633080	1.347429	
160	-7.324219	-11.232738	-22.633538	1.352056	
160	-7.226562	-11.320016	-22.634514	1.484485	
161	-7.324482	-11.230469	-22.633080	1.347429	
161	-7.418864	-11.132812	-22.479545	1.050456	
162	-7.226562	-11.320016	-22.634514	1.484485	
162	-7.212138	-11.328125	-22.634005	1.492667	
163	-7.421875	-11.126223	-22.464271	1.038574	
163	-7.418864	-11.132812	-22.479545	1.050456	
164	-7.812500	-11.262192	-22.007127	1.206960	
164	-7.714844	-11.246447	-22.016762	1.232313	
165	-7.714844	-11.246447	-22.016762	1.232313	
165	-7.617188	-11.268053	-22.054629	1.333348	
166	-7.617188	-11.268053	-22.054629	1.333348	
166	-7.559604	-11.328125	-22.191392	1.506536	
167	-7.421875	-11.126223	-22.464271	1.038574	
167	-7.465121	-11.035156	-22.302843	0.961751	
168	-7.465121	-11.035156	-22.302843	0.961751	
168	-7.506061	-10.937500	-22.219233	0.943176	
169	-7.519531	-10.894244	-22.197996	0.939696	
169	-7.561959	-10.839844	-22.155063	0.933499	
170	-7.519531	-10.894244	-22.197996	0.939696	
170	-7.506061	-10.937500	-22.219233	0.943176	
171	-7.561959	-10.839844	-22.155063	0.933499	
171	-7.617025	-10.742188	-22.110754	0.927986	
172	-7.617188	-10.741773	-22.110632	0.927972	
172	-7.617025	-10.742188	-22.110754	0.927986	
173	-7.617188	-10.741773	-22.110632	0.927972	
173	-7.694336	-10.644531	-22.066612	0.922967	
174	-7.714844	-10.607956	-22.056333	0.921798	
174	-7.694336	-10.644531	-22.066612	0.922967	
175	-7.714844	-10.607956	-22.056333	0.921798	
175	-7.779109	-10.546875	-22.030298	0.918726	
176	-7.812500	-10.498912	-22.017919	0.917147	
176	-7.779109	-10.546875	-22.030298	0.918726	
177	-8.428606	-10.742188	-21.927368	0.951426	
177	-8.398438	-10.824492	-21.927144	0.968730	
178	-8.364741	-10.937500	-21.927097	0.997278	
178	-8.394297	-10.839844	-21.927104	0.972269	
179	-8.398438	-10.824492	-21.927144	0.968730	
179	-8.394297	-10.839844	-21.927104	0.972269	
180	-8.428606	-10.742188	-21.927368	0.951426	
180	-8.460360	-10.644531	-21.927393	0.934076	
181	-8.460360	-10.644531	-21.927393	0.934076	
181	-8.487087	-10.546875	-21.926871	0.919638	
182	-7.812500	-10.498912	-22.017919	0.917147	
182	-7.872185	-10.449219	-21.999637	0.914586	
183	-7.910156	-10.401973	-21.988779	0.912859	
183	-7.872185	-10.449219	-21.999637	0.914586	
184	-7.910156	-10.401973	-21.988779	0.912859	
184	-7.975631	-10.351562	-21.973288	0.910012	
185	-8.007812	-10.315882	-21.966085	0.908467	
185	-7.975631	-10.351562	-21.973288	0.910012	
186	-8.007812	-10.315882	-21.966085	0.908467	
186	-8.094874	-10.253906	-21.950244	0.904353	
187	-8.105469	-10.243556	-21.948409	0.903790	
187	-8.094874	-10.253906	-21.950244	0.904353	
188	-8.203125	-10.187100	-21.934932	0.898826	
188	-8.105469	-10.243556	-21.948409	0.903790	
189	-8.505504	-10.449219	-21.925630	0.907721	
189	-8.496094	-10.494216	-21.926302	0.912942	
190	-8.496094	-10.494216	-21.926302	0.912942	
190	-8.487087	-10.546875	-21.926871	0.919638	
191	-8.505504	-10.449219	-21.925630	0.907721	
191	-8.509263	-10.351562	-21.923623	0.898227	
192	-8.300781	-10.156755	-21.925559	0.893948	
192	-8.203125	-10.187100	-21.934932	0.898826	
193	-8.398438	-10.164552	-21.920485	0.890115	
193	-8.300781	-10.156755	-21.925559	0.893948	
194	-8.509263	-10.351562	-21.923623	0.898227	
194	-8.496094	-10.280078	-21.921797	0.893020	
195	-8.496094	-10.280078	-21.921797	0.893020	
195	-8.487561	-10.253906	-21.921099	0.891524	
196	-8.487561	-10.253906	-21.921099	0.891524	
196	-8.398438	-10.164552	-21.920485	0.890115	
197	-7.519531	-7.471408	-21.651261	0.973054	
197	-7.421875	-7.482738	-21.660949	0.983445	
198	-7.617188	-7.445494	-21.638981	0.960988	
198	-7.519531	-7.471408	-21.651261	0.973054	
199	-7.672218	-7.421875	-21.630579	0.953229	
199	-7.617188	-7.445494	-21.638981	0.960988	
200	-7.226562	-7.452960	-21.672295	0.997516	
200	-7.166167	-7.421875	-21.673078	0.998664	
201	-7.324219	-7.478010	-21.668049	0.991865	
201	-7.226562	-7.452960	-21.672295	0.997516	
202	-7.421875	-7.482738	-21.660949	0.983445	
202	-7.324219	-7.478010	-21.668049	0.991865	
203	-7.166167	-7.421875	-21.673078	0.998664	
203	-7.128906	-7.398011	-21.672987	0.998497	
204	-7.128906	-7.398011	-21.672987	0.998497	
204	-7.058688	-7.324219	-21.670132	0.993108	
205	-7.058688	-7.324219	-21.670132	0.993108	
205	-7.031250	-7.278845	-21.667633	0.987793	
206	-7.812500	-7.354873	-21.606260	0.932336	
206	-7.714844	-7.406349	-21.624040	0.947409	
207	-7.714844	-7.406349	-21.624040	0.947409	
207	-7.672218	-7.421875	-21.630579	0.953229	
208	-7.031250	-7.278845	-21.667633	0.987793	
208	-7.008002	-7.226562	-21.664472	0.980384	
209	-7.008002	-7.226562	-21.664472	0.980384	
209	-6.986084	-7.128906	-21.658128	0.963216	
210	-6.986084	-7.128906	-21.658128	0.963216	
210	-6.983401	-7.031250	-21.651746	0.942498	
211	-6.983401	-7.031250	-21.651746	0.942498	
211	-6.995911	-6.933594	-21.645638	0.918577	
212	-6.995911	-6.933594	-21.645638	0.918577	
212	-7.021541	-6.835938	-21.640007	0.891594	
213	-7.031250	-6.813350	-21.638772	0.884820	
213	-7.021541	-6.835938	-21.640007	0.891594	
214	-7.031250	-6.813350	-21.638772	0.884820	
214	-7.057882	-6.738281	-21.635031	0.861640	
215	-7.057882	-6.738281	-21.635031	0.861640	
215	-7.104662	-6.640625	-21.630861	0.828648	
216	-7.226562	-6.446398	-21.625641	0.753636	
216	-7.227152	-6.445312	-21.625625	0.753183	
217	-7.128906	-6.603375	-21.629505	0.815126	
217	-7.160735	-6.542969	-21.627666	0.792552	
218	-7.128906	-6.603375	-21.629505	0.815126	
218	-7.104662	-6.640625	-21.630861	0.828648	
219	-7.226562	-6.446398	-21.625641	0.753636	
219	-7.160735	-6.542969	-21.627666	0.792552	
220	-7.227152	-6.445312	-21.625625	0.753183	
220	-7.299551	-6.347656	-21.624950	0.710405	
221	-7.324219	-6.322705	-21.625022	0.698912	
221	-7.299551	-6.347656	-21.624950	0.710405	
222	-7.324219	-6.322705	-21.625022	0.698912	
222	-7.380654	-6.250000	-21.625877	0.663874	
223	-7.854598	-7.324219	-21.597107	0.924926	
223	-7.812500	-7.354873	-21.606260	0.932336	
224	-7.910156	-7.289430	-21.585070	0.915474	
224	-7.854598	-7.324219	-21.597107	0.924926	
225	-7.983292	-7.226562	-21.566054	0.901106	
225	-7.910156	-7.289430	-21.585070	0.915474	
226	-8.007812	-7.208304	-21.559679	0.896422	
226	-7.983292	-7.226562	-21.566054	0.901106	
227	-8.085371	-7.128906	-21.535445	0.879126	
227	-8.007812	-7.208304	-21.559679	0.896422	
228	-8.105469	-7.110793	-21.529114	0.874726	
228	-8.085371	-7.128906	-21.535445	0.879126	
229	-8.169588	-7.031250	-21.504662	0.858124	
229	-8.105469	-7.110793	-21.529114	0.874726	
230	-8.241849	-6.933594	-21.473004	0.837424	
230	-8.203125	-6.993506	-21.491549	0.849450	
231	-8.300781	-6.846216	-21.443010	0.818494	
231	-8.241849	-6.933594	-21.473004	0.837424	
232	-8.305857	-6.835938	-21.439798	0.816501	
232	-8.300781	-6.846216	-21.443010	0.818494	
233	-8.305857	-6.835938	-21.439798	0.816501	
233	-8.357887	-6.738281	-21.406309	0.796069	
234	-8.398438	-6.660038	-21.377010	0.778653	
234	-8.357887	-6.738281	-21.406309	0.796069	
235	-8.405715	-6.640625	-21.370309	0.774723	
235	-8.398438	-6.660038	-21.377010	0.778653	
236	-8.203125	-6.993506	-21.491549	0.849450	
236	-8.169588	-7.031250	-21.504662	0.858124	
237	-8.405715	-6.640625	-21.370309	0.774723	
237	-8.444105	-6.542969	-21.333602	0.753491	
238	-8.444105	-6.542969	-21.333602	0.753491	
238	-8.478334	-6.445312	-21.294144	0.731142	
239	-8.506987	-6.347656	-21.252224	0.707790	
239	-8.496094	-6.392992	-21.271137	0.718286	
240	-8.496094	-6.392992	-21.271137	0.718286	
240	-8.478334	-6.445312	-21.294144	0.731142	
241	-8.506987	-6.347656	-21.252224	0.707790	
241	-8.529490	-6.250000	-21.207893	0.683353	
242	-4.189020	-4.199219	-21.008045	0.520226	
242	-4.101562	-4.234572	-21.025333	0.552033	
243	-4.199219	-4.195978	-21.006143	0.516790	
243	-4.189020	-4.199219	-21.008045	0.520226	
244	-4.296875	-4.153520	-20.984586	0.478695	
244	-4.199219	-4.195978	-21.006143	0.516790	
245	-4.101562	-4.234572	-21.025333	0.552033	
245	-4.003906	-4.266271	-21.041840	0.583467	
246	-4.003906	-4.266271	-21.041840	0.583467	
246	-3.906250	-4.293646	-21.056458	0.612242	
247	-4.388339	-4.101562	-20.959894	0.436764	
247	-4.296875	-4.153520	-20.984586	0.478695	
248	-4.492188	-4.037134	-20.927993	0.384914	
248	-4.394531	-4.098763	-20.958324	0.434155	
249	-4.394531	-4.098763	-20.958324	0.434155	
249	-4.388339	-4.101562	-20.959894	0.436764	
250	-4.530439	-4.003906	-20.912959	0.361276	
250	-4.492188	-4.037134	-20.927993	0.384914	
251	-4.589844	-3.961102	-20.890869	0.327376	
251	-4.530439	-4.003906	-20.912959	0.361276	
252	-4.643765	-3.906250	-20.865056	0.288898	
252	-4.589844	-3.961102	-20.890869	0.327376	
253	-3.582153	-4.394531	-21.100661	0.704734	
253	-3.515625	-4.423331	-21.110015	0.725279	
254	-3.613281	-4.382938	-21.096462	0.695614	
254	-3.582153	-4.394531	-21.100661	0.704734	
255	-3.710938	-4.350416	-21.083433	0.667739	
255	-3.613281	-4.382938	-21.096462	0.695614	
256	-3.808594	-4.321615	-21.070280	0.640292	
256	-3.710938	-4.350416	-21.083433	0.667739	
257	-3.892577	-4.296875	-21.058319	0.615970	
257	-3.808594	-4.321615	-21.070280	0.640292	
258	-3.381821	-4.492188	-21.129345	0.768701	
258	-3.320312	-4.529869	-21.138545	0.789838	
259	-3.228904	-4.589844	-21.152034	0.821446	
259	-3.222656	-4.594262	-21.152965	0.823657	
260	-3.222656	-4.594262	-21.152965	0.823657	
260	-3.125000	-4.664031	-21.167013	0.857577	
261	-3.320312	-4.529869	-21.138545	0.789838	
261	-3.228904	-4.589844	-21.152034	0.821446	
262	-3.515625	-4.423331	-21.110015	0.725279	
262	-3.417969	-4.472027	-21.124050	0.756677	
263	-3.417969	-4.472027	-21.124050	0.756677	
263	-3.381821	-4.492188	-21.129345	0.768701	
264	-3.906250	-4.293646	-21.056458	0.612242	
264	-3.892577	-4.296875	-21.058319	0.615970	
265	-4.687500	-3.868168	-20.844890	0.259613	
265	-4.643765	-3.906250	-20.865056	0.288898	
266	-4.735371	-3.808594	-20.816065	0.218825	
266	-4.687500	-3.868168	-20.844890	0.259613	
267	-4.785156	-3.752696	-20.786198	0.177774	
267	-4.735371	-3.808594	-20.816065	0.218825	
268	-4.811229	-3.710938	-20.765523	0.150019	
268	-4.785156	-3.752696	-20.786198	0.177774	
269	-4.811229	-3.710938	-20.765523	0.150019	
269	-4.874171	-3.613281	-20.713270	0.082049	
270	-4.882812	-3.600840	-20.706052	0.072887	
270	-4.874171	-3.613281	-20.713270	0.082049	
271	-4.923599	-3.515625	-20.659981	0.015606	
271	-4.882812	-3.600840	-20.706052	0.072887	
272	-4.923599	-3.515625	-20.659981	0.015606	
272	-4.965426	-3.417969	-20.604089	-0.051323	
273	-4.980469	-3.381309	-20.581910	-0.077166	
273	-4.965426	-3.417969	-20.604089	-0.051323	
274	-4.998016	-3.320312	-20.546222	-0.117955	
274	-4.980469	-3.381309	-20.581910	-0.077166	
275	-4.998016	-3.320312	-20.546222	-0.117955	
275	-5.022147	-3.222656	-20.486180	-0.184504	
276	-5.022147	-3.222656	-20.486180	-0.184504	
276	-5.039502	-3.125000	-20.423087	-0.251866	
277	-2.065906	-5.175781	-21.238248	1.076185	
277	-2.050781	-5.177506	-21.238389	1.077118	
278	-2.050781	-5.177506	-21.238389	1.077118	
278	-1.953125	-5.179735	-21.238870	1.080668	
279	-2.148438	-5.167033	-21.237375	1.070946	
279	-2.065906	-5.175781	-21.238248	1.076185	
280	-2.246094	-5.148353	-21.235673	1.062110	
280	-2.148438	-5.167033	-21.237375	1.070946	
281	-2.343750	-5.121121	-21.233101	1.050455	
281	-2.246094	-5.148353	-21.235673	1.062110	
282	-1.660156	-5.133421	-21.238625	1.074908	
282	-1.562500	-5.098628	-21.238526	1.067045	
283	-1.757812	-5.157915	-21.238827	1.079624	
283	-1.660156	-5.133421	-21.238625	1.074908	
284	-1.953125	-5.179735	-21.238870	1.080668	
284	-1.897541	-5.175781	-21.238928	1.081172	
285	-1.855469	-5.173040	-21.238958	1.081465	
285	-1.757812	-5.157915	-21.238827	1.079624	
286	-1.897541	-5.175781	-21.238928	1.081172	
286	-1.855469	-5.173040	-21.238958	1.081465	
287	-2.441406	-5.085040	-21.229465	1.035806	
287	-2.343750	-5.121121	-21.233101	1.050455	
288	-2.456667	-5.078125	-21.228758	1.033121	
288	-2.441406	-5.085040	-21.229465	1.035806	
289	-2.655901	-4.980469	-21.217272	0.993887	
289	-2.636719	-4.991934	-21.218685	0.998388	
290	-2.636719	-4.991934	-21.218685	0.998388	
290	-2.539062	-5.042672	-21.224761	1.018669	
291	-2.734375	-4.935597	-21.211289	0.975510	
291	-2.655901	-4.980469	-21.217272	0.993887	
292	-2.539062	-5.042672	-21.224761	1.018669	
292	-2.456667	-5.078125	-21.228758	1.033121	
293	-2.815409	-4.882812	-21.203887	0.953960	
293	-2.734375	-4.935597	-21.211289	0.975510	
294	-2.929688	-4.805391	-21.191931	0.921117	
294	-2.832031	-4.872415	-21.202322	0.949541	
295	-2.832031	-4.872415	-21.202322	0.949541	
295	-2.815409	-4.882812	-21.203887	0.953960	
296	-2.957052	-4.785156	-21.188669	0.912475	
296	-2.929688	-4.805391	-21.191931	0.921117	
297	-3.027344	-4.735389	-21.180120	0.890343	
297	-2.957052	-4.785156	-21.188669	0.912475	
298	-3.091866	-4.687500	-21.171500	0.868656	
298	-3.027344	-4.735389	-21.180120	0.890343	
299	-1.562500	-5.098628	-21.238526	1.067045	
299	-1.518767	-5.078125	-21.238573	1.062106	
300	-1.171875	-4.857376	-21.243077	1.001978	
300	-1.093487	-4.785156	-21.245845	0.980663	
301	-1.074219	-4.767945	-21.246595	0.975413	
301	-0.997746	-4.687500	-21.250445	0.950698	
302	-1.093487	-4.785156	-21.245845	0.980663	
302	-1.074219	-4.767945	-21.246595	0.975413	
303	-1.518767	-5.078125	-21.238573	1.062106	
303	-1.464844	-5.054415	-21.238718	1.056155	
304	-1.464844	-5.054415	-21.238718	1.056155	
304	-1.367188	-4.999643	-21.239397	1.041845	
305	-1.367188	-4.999643	-21.239397	1.041845	
305	-1.339393	-4.980469	-21.239736	1.036720	
306	-1.269531	-4.934577	-21.240763	1.024013	
306	-1.204927	-4.882812	-21.242229	1.009405	
307	-1.339393	-4.980469	-21.239736	1.036720	
307	-1.269531	-4.934577	-21.240763	1.024013	
308	-1.204927	-4.882812	-21.242229	1.009405	
308	-1.171875	-4.857376	-21.243077	1.001978	
309	-0.997746	-4.687500	-21.250445	0.950698	
309	-0.976562	-4.665680	-21.251608	0.943777	
310	-0.976562	-4.665680	-21.251608	0.943777	
310	-0.913101	-4.589844	-21.255928	0.919574	
311	-0.878906	-4.549427	-21.258456	0.906263	
311	-0.836571	-4.492188	-21.262220	0.887293	
312	-0.913101	-4.589844	-21.255928	0.919574	
312	-0.878906	-4.549427	-21.258456	0.906263	
313	-0.836571	-4.492188	-21.262220	0.887293	
313	-0.781250	-4.417490	-21.267553	0.861743	
314	-0.781250	-4.417490	-21.267553	0.861743	
314	-0.766184	-4.394531	-21.269257	0.853834	
315	-0.766184	-4.394531	-21.269257	0.853834	
315	-0.701415	-4.296875	-21.276970	0.819226	
316	-0.701415	-4.296875	-21.276970	0.819226	
316	-0.683594	-4.270211	-21.279203	0.809504	
317	-0.683594	-4.270211	-21.279203	0.809504	
317	-0.640895	-4.199219	-21.285309	0.783423	
318	-0.640895	-4.199219	-21.285309	0.783423	
318	-0.585938	-4.106848	-21.293742	0.748354	
319	-0.585938	-4.106848	-21.293742	0.748354	
319	-0.583071	-4.101562	-21.294235	0.746330	
320	-0.583071	-4.101562	-21.294235	0.746330	
320	-0.528426	-4.003906	-21.303673	0.708008	
321	-0.488281	-3.931929	-21.310959	0.678821	
321	-0.475017	-3.906250	-21.313597	0.668309	
322	-0.528426	-4.003906	-21.303673	0.708008	
322	-0.488281	-3.931929	-21.310959	0.678821	
323	-0.475017	-3.906250	-21.313597	0.668309	
323	-0.422877	-3.808594	-21.323943	0.627253	
324	-0.422877	-3.808594	-21.323943	0.627253	
324	-0.390625	-3.749520	-21.330410	0.601641	
325	-0.390625	-3.749520	-21.330410	0.601641	
325	-0.370832	-3.710938	-21.334671	0.584752	
326	-0.370832	-3.710938	-21.334671	0.584752	
326	-0.318362	-3.613281	-21.345728	0.540787	
327	-0.292969	-3.568414	-21.350929	0.519993	
327	-0.264602	-3.515625	-21.357071	0.495318	
328	-0.318362	-3.613281	-21.345728	0.540787	
328	-0.292969	-3.568414	-21.350929	0.519993	
329	-0.264602	-3.515625	-21.357071	0.495318	
329	-0.208706	-3.417969	-21.368665	0.448316	
330	-0.208706	-3.417969	-21.368665	0.448316	
330	-0.195312	-3.396434	-21.371270	0.437671	
331	-0.195312	-3.396434	-21.371270	0.437671	
331	-0.150246	-3.320312	-21.380475	0.399815	
332	-0.150246	-3.320312	-21.380475	0.399815	
332	-0.097656	-3.238243	-21.390588	0.357804	
333	-0.097656	-3.238243	-21.390588	0.357804	
333	-0.088209	-3.222656	-21.392504	0.349797	
334	-0.088209	-3.222656	-21.392504	0.349797	
334	-0.023000	-3.125000	-21.404748	0.298396	
335	-3.125000	-4.664031	-21.167013	0.857577	
335	-3.091866	-4.687500	-21.171500	0.868656	
336	-3.125000	-2.994091	-20.867185	0.104103	
336	-3.098859	-2.929688	-20.850855	0.069261	
337	-3.098859	-2.929688	-20.850855	0.069261	
337	-3.064140	-2.832031	-20.823765	0.014184	
338	-3.064140	-2.832031	-20.823765	0.014184	
338	-3.036501	-2.734375	-20.793317	-0.044263	
339	-3.036501	-2.734375	-20.793317	-0.044263	
339	-3.027344	-2.699608	-20.781782	-0.065562	
340	-3.027344	-2.699608	-20.781782	-0.065562	
340	-3.014756	-2.636719	-20.759207	-0.106037	
341	-3.014756	-2.636719	-20.759207	-0.106037	
341	-2.997332	-2.539062	-20.721226	-0.170883	
342	-2.997332	-2.539062	-20.721226	-0.170883	
342	-2.982832	-2.441406	-20.679167	-0.238534	
343	-2.982832	-2.441406	-20.679167	-0.238534	
343	-2.970211	-2.343750	-20.632755	-0.308845	
344	-1.855469	-1.771274	-21.175750	-0.826548	
344	-1.757812	-1.800383	-21.184181	-0.765995	
345	-1.855469	-1.771274	-21.175750	-0.826548	
345	-1.886448	-1.757812	-21.172562	-0.852443	
346	-1.660156	-1.821171	-21.192137	-0.717500	
346	-1.562500	-1.832587	-21.199163	-0.680503	
347	-1.757812	-1.800383	-21.184181	-0.765995	
347	-1.660156	-1.821171	-21.192137	-0.717500	
348	-1.953125	-1.736926	-21.167618	-0.896814	
348	-1.886448	-1.757812	-21.172562	-0.852443	
349	-2.050781	-1.698966	-21.160113	-0.976340	
349	-2.137077	-1.660156	-21.153612	-1.061074	
350	-2.050781	-1.698966	-21.160113	-0.976340	
350	-1.953125	-1.736926	-21.167618	-0.896814	
351	-2.148438	-1.656354	-21.152986	-1.070153	
351	-2.137077	-1.660156	-21.153612	-1.061074	
352	-2.246094	-1.611367	-21.146004	-1.179267	
352	-2.148438	-1.656354	-21.152986	-1.070153	
353	-2.343750	-1.565093	-21.137238	-1.309883	
353	-2.246094	-1.611367	-21.146004	-1.179267	
354	-2.970211	-2.343750	-20.632755	-0.308845	
354	-2.958430	-2.246094	-20.581710	-0.381710	
355	-2.958430	-2.246094	-20.581710	-0.381710	
355	-2.946394	-2.148438	-20.525755	-0.457093	
356	-2.929688	-2.035973	-20.455463	-0.546508	
356	-2.919537	-1.953125	-20.395933	-0.618886	
357	-2.946394	-2.148438	-20.525755	-0.457093	
357	-2.932798	-2.050781	-20.464679	-0.535063	
358	-2.932798	-2.050781	-20.464679	-0.535063	
358	-2.929688	-2.035973	-20.455463	-0.546508	
359	-2.343750	-1.565093	-21.137238	-1.309883	
359	-2.346571	-1.562500	-21.136644	-1.317444	
360	-2.919537	-1.953125	-20.395933	-0.618886	
360	-2.906886	-1.855469	-20.316363	-0.713237	
361	-2.906886	-1.855469	-20.316363	-0.713237	
361	-2.896527	-1.757812	-20.219590	-0.830229	
362	-2.896527	-1.757812	-20.219590	-0.830229	
362	-2.896816	-1.660156	-20.093820	-1.007483	
363	-2.896816	-1.660156	-20.093820	-1.007483	
363	-2.924296	-1.562500	-19.961384	-1.310229	
364	-0.023000	-3.125000	-21.404748	0.298396	
364	0.000000	-3.093683	-21.408763	0.281478	
365	-1.171875	-1.735240	-21.199510	-0.668961	
365	-1.080910	-1.660156	-21.184647	-0.709025	
366	-1.074219	-1.654190	-21.183399	-0.712165	
366	-0.993723	-1.562500	-21.160463	-0.765878	
367	-1.080910	-1.660156	-21.184647	-0.709025	
367	-1.074219	-1.654190	-21.183399	-0.712165	
368	-1.464844	-1.832927	-21.204631	-0.655370	
368	-1.367188	-1.819625	-21.207620	-0.643347	
369	-1.562500	-1.832587	-21.199163	-0.680503	
369	-1.464844	-1.832927	-21.204631	-0.655370	
370	-1.269531	-1.788437	-21.206552	-0.647166	
370	-1.211776	-1.757812	-21.202570	-0.659853	
371	-1.367188	-1.819625	-21.207620	-0.643347	
371	-1.269531	-1.788437	-21.206552	-0.647166	
372	-1.211776	-1.757812	-21.202570	-0.659853	
372	-1.171875	-1.735240	-21.199510	-0.668961	
373	-0.993723	-1.562500	-21.160463	-0.765878	
373	-0.976562	-1.541274	-21.154811	-0.778182	
374	-0.976562	-1.541274	-21.154811	-0.778182	
374	-0.925420	-1.464844	-21.131870	-0.825365	
375	-0.878906	-1.388666	-21.107172	-0.872280	
375	-0.867796	-1.367188	-21.099510	-0.886181	
376	-0.925420	-1.464844	-21.131870	-0.825365	
376	-0.878906	-1.388666	-21.107172	-0.872280	
377	-0.867796	-1.367188	-21.099510	-0.886181	
377	-0.817238	-1.269531	-21.063549	-0.948156	
378	-0.817238	-1.269531	-21.063549	-0.948156	
378	-0.781250	-1.196764	-21.034998	-0.994269	
379	-0.781250	-1.196764	-21.034998	-0.994269	
379	-0.770812	-1.171875	-21.024267	-1.011029	
380	-0.770812	-1.171875	-21.024267	-1.011029	
380	-0.728261	-1.074219	-20.981119	-1.075916	
381	-0.728261	-1.074219	-20.981119	-1.075916	
381	-0.686881	-0.976562	-20.934578	-1.142448	
382	-0.686881	-0.976562	-20.934578	-1.142448	
382	-0.683594	-0.969665	-20.931355	-1.146954	
383	-0.683594	-0.969665	-20.931355	-1.146954	
383	-0.648995	-0.878906	-20.882654	-1.213875	
384	-0.648995	-0.878906	-20.882654	-1.213875	
384	-0.611939	-0.781250	-20.825601	-1.290447	
385	-0.611939	-0.781250	-20.825601	-1.290447	
385	-0.585938	-0.717524	-20.786571	-1.342404	
386	-0.585938	-0.717524	-20.786571	-1.342404	
386	-0.575765	-0.683594	-20.762109	-1.375012	
387	-0.575765	-0.683594	-20.762109	-1.375012	
387	-0.544753	-0.585938	-20.687174	-1.476252	
388	-0.544753	-0.585938	-20.687174	-1.476252	
388	-0.514789	-0.488281	-20.601461	-1.597260	
389	-0.488281	-0.401273	-20.515149	-1.728940	
389	-0.486442	-0.390625	-20.502793	-1.748899	
390	-0.514789	-0.488281	-20.601461	-1.597260	
390	-0.488281	-0.401273	-20.515149	-1.728940	
391	-0.486442	-0.390625	-20.502793	-1.748899	
391	-0.472266	-0.292969	-20.382749	-1.963658	
392	-0.472266	-0.292969	-20.382749	-1.963658	
392	-0.466962	-0.195312	-20.259136	-2.250667	
393	-0.466962	-0.195312	-20.259136	-2.250667	
393	-0.472288	-0.097656	-20.160968	-2.606406	
394	-0.472288	-0.097656	-20.160968	-2.606406	
394	-0.487072	0.000000	-20.118763	-2.984706	
395	-3.053680	-1.464844	-19.905173	-1.676883	
395	-3.027344	-1.478677	-19.908516	-1.631117	
396	-3.027344	-1.478677	-19.908516	-1.631117	
396	-2.929688	-1.552342	-19.951253	-1.348612	
397	-3.125000	-1.421150	-19.897896	-1.803575	
397	-3.053680	-1.464844	-19.905173	-1.676883	
398	-2.929688	-1.552342	-19.951253	-1.348612	
398	-2.924296	-1.562500	-19.961384	-1.310229	
399	-2.441406	-1.498497	-21.109278	-1.539617	
399	-2.469494	-1.464844	-21.080347	-1.665058	
400	-2.441406	-1.498497	-21.109278	-1.539617	
400	-2.346571	-1.562500	-21.136644	-1.317444	
401	-2.469494	-1.464844	-21.080347	-1.665058	
401	-2.513675	-1.367188	-20.943997	-1.976479	
402	-2.513675	-1.367188	-20.943997	-1.976479	
402	-2.505062	-1.269531	-20.827602	-2.142185	
403	-2.505062	-1.269531	-20.827602	-2.142185	
403	-2.485997	-1.171875	-20.737752	-2.254445	
404	-2.485997	-1.171875	-20.737752	-2.254445	
404	-2.465269	-1.074219	-20.661882	-2.348487	
405	-2.465269	-1.074219	-20.661882	-2.348487	
405	-2.442913	-0.976562	-20.595535	-2.433891	
406	-2.442913	-0.976562	-20.595535	-2.433891	
406	-2.441406	-0.969033	-20.590563	-2.440482	
407	-2.441406	-0.969033	-20.590563	-2.440482	
407	-2.412902	-0.878906	-20.539100	-2.510792	
408	-2.412902	-0.878906	-20.539100	-2.510792	
408	-2.380978	-0.781250	-20.487309	-2.586312	
409	-2.343750	-0.683671	-20.440808	-2.659619	
409	-2.343710	-0.683594	-20.440776	-2.659671	
410	-2.343710	-0.683594	-20.440776	-2.659671	
410	-2.294289	-0.585938	-20.400800	-2.728468	
411	-2.294289	-0.585938	-20.400800	-2.728468	
411	-2.246094	-0.504846	-20.370982	-2.784717	
412	-2.246094	-0.504846	-20.370982	-2.784717	
412	-2.233935	-0.488281	-20.365613	-2.795433	
413	-2.233935	-0.488281	-20.365613	-2.795433	
413	-2.158721	-0.390625	-20.335200	-2.860686	
414	-1.953125	-0.177591	-20.279762	-3.014217	
414	-1.869217	-0.097656	-20.261929	-3.082660	
415	-1.855469	-0.083942	-20.259027	-3.095405	
415	-1.770128	0.000000	-20.243090	-3.178333	
416	-1.869217	-0.097656	-20.261929	-3.082660	
416	-1.855469	-0.083942	-20.259027	-3.095405	
417	-2.158721	-0.390625	-20.335200	-2.860686	
417	-2.148438	-0.378034	-20.331472	-2.869336	
418	-2.148438	-0.378034	-20.331472	-2.869336	
418	-2.069731	-0.292969	-20.308341	-2.927385	
419	-2.050781	-0.273068	-20.303121	-2.941758	
419	-1.971091	-0.195312	-20.283994	-2.999909	
420	-2.069731	-0.292969	-20.308341	-2.927385	
420	-2.050781	-0.273068	-20.303121	-2.941758	
421	-1.971091	-0.195312	-20.283994	-2.999909	
421	-1.953125	-0.177591	-20.279762	-3.014217	
422	-2.380978	-0.781250	-20.487309	-2.586312	
422	-2.343750	-0.683671	-20.440808	-2.659619	
423	-5.039502	-3.125000	-20.423087	-0.251866	
423	-5.050192	-3.027344	-20.356509	-0.320410	
424	-5.050192	-3.027344	-20.356509	-0.320410	
424	-5.054575	-2.929688	-20.285566	-0.391005	
425	-5.054575	-2.929688	-20.285566	-0.391005	
425	-5.053387	-2.832031	-20.208433	-0.465627	
426	-5.053387	-2.832031	-20.208433	-0.465627	
426	-5.048027	-2.734375	-20.121093	-0.548959	
427	-5.048027	-2.734375	-20.121093	-0.548959	
427	-5.041322	-2.636719	-20.014242	-0.653483	
428	-5.041322	-2.636719	-20.014242	-0.653483	
428	-5.040202	-2.539062	-19.868340	-0.817998	
429	-4.687500	-2.361541	-20.738867	-1.255812	
429	-4.691364	-2.343750	-20.724090	-1.327258	
430	-5.040202	-2.539062	-19.868340	-0.817998	
430	-5.059345	-2.441406	-19.694079	-1.129186	
431	-5.078125	-2.374494	-19.632108	-1.394427	
431	-5.059345	-2.441406	-19.694079	-1.129186	
432	-5.113656	-2.343750	-19.625083	-1.510183	
432	-5.078125	-2.374494	-19.632108	-1.394427	
433	-5.289174	-2.148438	-19.649491	-1.948863	
433	-5.273438	-2.160357	-19.647961	-1.929813	
434	-5.203493	-2.246094	-19.634701	-1.767920	
434	-5.175781	-2.264108	-19.631815	-1.730199	
435	-5.175781	-2.264108	-19.631815	-1.730199	
435	-5.113656	-2.343750	-19.625083	-1.510183	
436	-5.273438	-2.160357	-19.647961	-1.929813	
436	-5.203493	-2.246094	-19.634701	-1.767920	
437	-5.289174	-2.148438	-19.649491	-1.948863	
437	-5.362247	-2.050781	-19.659744	-2.097954	
438	-5.371094	-2.030657	-19.661272	-2.126604	
438	-5.362247	-2.050781	-19.659744	-2.097954	
439	-5.424200	-1.953125	-19.665277	-2.229684	
439	-5.371094	-2.030657	-19.661272	-2.126604	
440	-4.691364	-2.343750	-20.724090	-1.327258	
440	-4.712446	-2.246094	-20.569214	-1.684760	
441	-4.712446	-2.246094	-20.569214	-1.684760	
441	-4.712830	-2.148438	-20.409135	-1.889713	
442	-4.712830	-2.148438	-20.409135	-1.889713	
442	-4.700435	-2.050781	-20.296672	-2.010368	
443	-4.700435	-2.050781	-20.296672	-2.010368	
443	-4.687500	-1.965290	-20.218648	-2.093703	
444	-5.424200	-1.953125	-19.665277	-2.229684	
444	-5.467893	-1.855469	-19.666682	-2.349896	
445	-5.468750	-1.852351	-19.666666	-2.353570	
445	-5.467893	-1.855469	-19.666682	-2.349896	
446	-5.505730	-1.757812	-19.664608	-2.461092	
446	-5.468750	-1.852351	-19.666666	-2.353570	
447	-5.505730	-1.757812	-19.664608	-2.461092	
447	-5.530660	-1.660156	-19.659619	-2.564780	
448	-5.530660	-1.660156	-19.659619	-2.564780	
448	-5.545608	-1.562500	-19.652232	-2.661937	
449	-4.003906	-2.940993	-20.803615	-0.183569	
449	-3.906250	-3.027064	-20.824231	-0.086948	
450	-4.003906	-2.940993	-20.803615	-0.183569	
450	-4.012503	-2.929688	-20.801258	-0.195942	
451	-4.101562	-2.853160	-20.785679	-0.288281	
451	-4.012503	-2.929688	-20.801258	-0.195942	
452	-4.101562	-2.853160	-20.785679	-0.288281	
452	-4.118203	-2.832031	-20.782037	-0.313538	
453	-4.199219	-2.766931	-20.771652	-0.398897	
453	-4.118203	-2.832031	-20.782037	-0.313538	
454	-4.199219	-2.766931	-20.771652	-0.398897	
454	-4.226643	-2.734375	-20.767530	-0.441970	
455	-4.296875	-2.683947	-20.762186	-0.514734	
455	-4.226643	-2.734375	-20.767530	-0.441970	
456	-4.296875	-2.683947	-20.762186	-0.514734	
456	-4.341216	-2.636719	-20.758867	-0.585329	
457	-4.394531	-2.604172	-20.757477	-0.638073	
457	-4.341216	-2.636719	-20.758867	-0.585329	
458	-4.394531	-2.604172	-20.757477	-0.638073	
458	-4.466868	-2.539062	-20.757085	-0.752500	
459	-4.492188	-2.526474	-20.757366	-0.776569	
459	-4.466868	-2.539062	-20.757085	-0.752500	
460	-4.589844	-2.453737	-20.759726	-0.938711	
460	-4.596353	-2.441406	-20.759799	-0.971782	
461	-4.589844	-2.453737	-20.759726	-0.938711	
461	-4.492188	-2.526474	-20.757366	-0.776569	
462	-4.687500	-2.361541	-20.738867	-1.255812	
462	-4.596353	-2.441406	-20.759799	-0.971782	
463	-3.808594	-3.112281	-20.847026	0.003372	
463	-3.905773	-3.027344	-20.824310	-0.086611	
464	-3.808594	-3.112281	-20.847026	0.003372	
464	-3.785511	-3.125000	-20.851100	0.018228	
465	-3.906250	-3.027064	-20.824231	-0.086948	
465	-3.905773	-3.027344	-20.824310	-0.086611	
466	-3.207271	-3.125000	-20.894486	0.165766	
466	-3.144546	-3.027344	-20.874497	0.120162	
467	-3.144546	-3.027344	-20.874497	0.120162	
467	-3.125000	-2.994091	-20.867185	0.104103	
468	-4.687500	-1.965290	-20.218648	-2.093703	
468	-4.683858	-1.953125	-20.210081	-2.103050	
469	-4.683858	-1.953125	-20.210081	-2.103050	
469	-4.667154	-1.855469	-20.136002	-2.186556	
470	-4.667154	-1.855469	-20.136002	-2.186556	
470	-4.654185	-1.757812	-20.067922	-2.268997	
471	-4.654185	-1.757812	-20.067922	-2.268997	
471	-4.643425	-1.660156	-20.005504	-2.350956	
472	-4.643425	-1.660156	-20.005504	-2.350956	
472	-4.633716	-1.562500	-19.948333	-2.432696	
473	-4.633716	-1.562500	-19.948333	-2.432696	
473	-4.623656	-1.464844	-19.896176	-2.514036	
474	-4.623656	-1.464844	-19.896176	-2.514036	
474	-4.611153	-1.367188	-19.848981	-2.594354	
475	-4.611153	-1.367188	-19.848981	-2.594354	
475	-4.592714	-1.269531	-19.806905	-2.672474	
476	-4.589844	-1.257076	-19.801883	-2.682273	
476	-4.563226	-1.171875	-19.770183	-2.746856	
477	-4.592714	-1.269531	-19.806905	-2.672474	
477	-4.589844	-1.257076	-19.801883	-2.682273	
478	-4.003906	-0.992779	-19.771289	-2.706396	
478	-3.906250	-1.022726	-19.789206	-2.640493	
479	-4.083363	-0.976562	-19.758235	-2.750621	
479	-4.003906	-0.992779	-19.771289	-2.706396	
480	-4.101562	-0.971330	-19.754607	-2.762398	
480	-4.083363	-0.976562	-19.758235	-2.750621	
481	-4.296875	-0.962872	-19.729148	-2.838961	
481	-4.199219	-0.959145	-19.739713	-2.808527	
482	-4.199219	-0.959145	-19.739713	-2.808527	
482	-4.101562	-0.971330	-19.754607	-2.762398	
483	-4.563226	-1.171875	-19.770183	-2.746856	
483	-4.507598	-1.074219	-19.740497	-2.812570	
484	-4.507598	-1.074219	-19.740497	-2.812570	
484	-4.492188	-1.055356	-19.735707	-2.823822	
485	-4.394531	-0.988536	-19.725309	-2.849353	
485	-4.351710	-0.976562	-19.726862	-2.845235	
486	-4.492188	-1.055356	-19.735707	-2.823822	
486	-4.394531	-0.988536	-19.725309	-2.849353	
487	-4.351710	-0.976562	-19.726862	-2.845235	
487	-4.296875	-0.962872	-19.729148	-2.838961	
488	-3.585497	-1.171875	-19.848817	-2.351377	
488	-3.515625	-1.204894	-19.858591	-2.284918	
489	-3.222249	-1.367188	-19.890667	-1.939821	
489	-3.125000	-1.421150	-19.897896	-1.803575	
490	-3.320312	-1.312208	-19.882188	-2.064095	
490	-3.222656	-1.366848	-19.890622	-1.940601	
491	-3.222656	-1.366848	-19.890622	-1.940601	
491	-3.222249	-1.367188	-19.890667	-1.939821	
492	-3.403280	-1.269531	-19.873941	-2.155546	
492	-3.320312	-1.312208	-19.882188	-2.064095	
493	-3.417969	-1.258803	-19.871728	-2.176817	
493	-3.403280	-1.269531	-19.873941	-2.155546	
494	-3.515625	-1.204894	-19.858591	-2.284918	
494	-3.417969	-1.258803	-19.871728	-2.176817	
495	-3.786989	-1.074219	-19.813142	-2.540593	
495	-3.710938	-1.105166	-19.826228	-2.478312	
496	-3.808594	-1.062253	-19.808270	-2.562234	
496	-3.786989	-1.074219	-19.813142	-2.540593	
497	-3.906250	-1.022726	-19.789206	-2.640493	
497	-3.808594	-1.062253	-19.808270	-2.562234	
498	-3.710938	-1.105166	-19.826228	-2.478312	
498	-3.613281	-1.153899	-19.843412	-2.384606	
499	-3.613281	-1.153899	-19.843412	-2.384606	
499	-3.585497	-1.171875	-19.848817	-2.351377	
500	-5.545608	-1.562500	-19.652232	-2.661937	
500	-5.551457	-1.464844	-19.642896	-2.753307	
501	-5.551457	-1.464844	-19.642896	-2.753307	
501	-5.548182	-1.367188	-19.632003	-2.839421	
502	-5.548182	-1.367188	-19.632003	-2.839421	
502	-5.535538	-1.269531	-19.619897	-2.920687	
503	-5.535538	-1.269531	-19.619897	-2.920687	
503	-5.513510	-1.171875	-19.606875	-2.997485	
504	-5.513510	-1.171875	-19.606875	-2.997485	
504	-5.482649	-1.074219	-19.593175	-3.070252	
505	-5.482649	-1.074219	-19.593175	-3.070252	
505	-5.468750	-1.035002	-19.587501	-3.098574	
506	-5.468750	-1.035002	-19.587501	-3.098574	
506	-5.442180	-0.976562	-19.579043	-3.139216	
507	-5.442180	-0.976562	-19.579043	-3.139216	
507	-5.394949	-0.878906	-19.564588	-3.205185	
508	-5.371094	-0.828523	-19.556941	-3.238714	
508	-5.342643	-0.781250	-19.549931	-3.268827	
509	-5.394949	-0.878906	-19.564588	-3.205185	
509	-5.371094	-0.828523	-19.556941	-3.238714	
510	-5.342643	-0.781250	-19.549931	-3.268827	
510	-5.291162	-0.683594	-19.535021	-3.331549	
511	-5.291162	-0.683594	-19.535021	-3.331549	
511	-5.273438	-0.643055	-19.528661	-3.357994	
512	-5.273438	-0.643055	-19.528661	-3.357994	
512	-5.244342	-0.585938	-19.519895	-3.394350	
513	-5.244342	-0.585938	-19.519895	-3.394350	
513	-5.207215	-0.488281	-19.504556	-3.458272	
514	-5.207215	-0.488281	-19.504556	-3.458272	
514	-5.180279	-0.390625	-19.489189	-3.523364	
515	-5.180279	-0.390625	-19.489189	-3.523364	
515	-5.175781	-0.367787	-19.485598	-3.538793	
516	-5.175781	-0.367787	-19.485598	-3.538793	
516	-5.160768	-0.292969	-19.474062	-3.589014	
517	-5.160768	-0.292969	-19.474062	-3.589014	
517	-5.147148	-0.195312	-19.459320	-3.654812	
518	-5.147148	-0.195312	-19.459320	-3.654812	
518	-5.137190	-0.097656	-19.445070	-3.720279	
519	-5.137190	-0.097656	-19.445070	-3.720279	
519	-5.129197	0.000000	-19.431360	-3.785079	
520	-11.523438	-3.271093	-21.280963	-1.836418	
520	-11.425781	-3.227457	-21.281319	-1.857312	
521	-11.425781	-3.227457	-21.281319	-1.857312	
521	-11.421590	-3.222656	-21.281503	-1.859810	
522	-11.421590	-3.222656	-21.281503	-1.859810	
522	-11.353172	-3.125000	-21.289602	-1.914001	
523	-11.656261	-3.222656	-21.274569	-1.868854	
523	-11.621094	-3.252731	-21.278736	-1.851122	
524	-11.621094	-3.252731	-21.278736	-1.851122	
524	-11.523438	-3.271093	-21.280963	-1.836418	
525	-11.718750	-3.167921	-21.263542	-1.903633	
525	-11.656261	-3.222656	-21.274569	-1.868854	
526	-11.741230	-3.125000	-21.253936	-1.928370	
526	-11.718750	-3.167921	-21.263542	-1.903633	
527	-8.604941	-5.664062	-20.729931	0.346461	
527	-8.593750	-5.731549	-20.831513	0.444717	
528	-8.604941	-5.664062	-20.729931	0.346461	
528	-8.646864	-5.566406	-20.562386	0.076218	
529	-8.646864	-5.566406	-20.562386	0.076218	
529	-8.684751	-5.468750	-20.497131	-0.242752	
530	-8.529490	-6.250000	-21.207893	0.683353	
530	-8.547699	-6.152344	-21.159517	0.656744	
531	-8.547699	-6.152344	-21.159517	0.656744	
531	-8.561879	-6.054688	-21.105708	0.626834	
532	-8.561879	-6.054688	-21.105708	0.626834	
532	-8.572609	-5.957031	-21.043873	0.591365	
533	-8.572609	-5.957031	-21.043873	0.591365	
533	-8.581014	-5.859375	-20.968928	0.545364	
534	-8.007812	-5.672788	-21.684694	0.255138	
534	-8.013277	-5.664062	-21.686936	0.243039	
535	-7.812500	-5.838587	-21.654901	0.412740	
535	-7.896608	-5.761719	-21.667170	0.346548	
536	-7.910156	-5.754203	-21.668304	0.340646	
536	-7.896608	-5.761719	-21.667170	0.346548	
537	-8.007812	-5.672788	-21.684694	0.255138	
537	-7.910156	-5.754203	-21.668304	0.340646	
538	-8.105469	-5.588804	-21.704878	0.132577	
538	-8.116400	-5.566406	-21.710393	0.086198	
539	-8.105469	-5.588804	-21.704878	0.132577	
539	-8.013277	-5.664062	-21.686936	0.243039	
540	-8.203125	-5.480015	-21.712653	-0.143755	
540	-8.116400	-5.566406	-21.710393	0.086198	
541	-8.581014	-5.859375	-20.968928	0.545364	
541	-8.588985	-5.761719	-20.871222	0.476745	
542	-8.593750	-5.731549	-20.831513	0.444717	
542	-8.588985	-5.761719	-20.871222	0.476745	
543	-8.203125	-5.480015	-21.712653	-0.143755	
543	-8.205732	-5.468750	-21.708488	-0.179783	
544	-8.205732	-5.468750	-21.708488	-0.179783	
544	-8.241440	-5.371094	-21.606898	-0.495730	
545	-8.241440	-5.371094	-21.606898	-0.495730	
545	-8.274256	-5.273438	-21.436651	-0.724091	
546	-8.274256	-5.273438	-21.436651	-0.724091	
546	-8.284776	-5.175781	-21.309770	-0.834516	
547	-8.284776	-5.175781	-21.309770	-0.834516	
547	-8.286035	-5.078125	-21.222988	-0.898199	
548	-8.286035	-5.078125	-21.222988	-0.898199	
548	-8.285679	-4.980469	-21.155254	-0.945887	
549	-8.285679	-4.980469	-21.155254	-0.945887	
549	-8.286905	-4.882812	-21.096898	-0.987759	
550	-8.286905	-4.882812	-21.096898	-0.987759	
550	-8.291480	-4.785156	-21.043639	-1.027930	
551	-8.291480	-4.785156	-21.043639	-1.027930	
551	-8.300709	-4.687500	-20.993440	-1.068447	
552	-8.831902	-5.273438	-20.552372	-0.635903	
552	-8.789062	-5.311323	-20.540357	-0.590102	
553	-8.758161	-5.371094	-20.517132	-0.483369	
553	-8.691406	-5.441224	-20.497958	-0.324815	
554	-8.691406	-5.441224	-20.497958	-0.324815	
554	-8.684751	-5.468750	-20.497131	-0.242752	
555	-8.789062	-5.311323	-20.540357	-0.590102	
555	-8.758161	-5.371094	-20.517132	-0.483369	
556	-8.902123	-5.175781	-20.583839	-0.745925	
556	-8.886719	-5.189792	-20.580280	-0.733897	
557	-8.886719	-5.189792	-20.580280	-0.733897	
557	-8.831902	-5.273438	-20.552372	-0.635903	
558	-8.902123	-5.175781	-20.583839	-0.745925	
558	-8.968786	-5.078125	-20.610037	-0.834370	
559	-8.984375	-5.043919	-20.618702	-0.864156	
559	-8.968786	-5.078125	-20.610037	-0.834370	
560	-9.026728	-4.980469	-20.632252	-0.912105	
560	-8.984375	-5.043919	-20.618702	-0.864156	
561	-9.026728	-4.980469	-20.632252	-0.912105	
561	-9.071442	-4.882812	-20.651320	-0.984115	
562	-9.108269	-4.785156	-20.667256	-1.051181	
562	-9.082031	-4.848817	-20.657348	-1.008516	
563	-9.082031	-4.848817	-20.657348	-1.008516	
563	-9.071442	-4.882812	-20.651320	-0.984115	
564	-9.108269	-4.785156	-20.667256	-1.051181	
564	-9.133518	-4.687500	-20.680426	-1.115167	
565	-7.421875	-6.211052	-21.626745	0.644374	
565	-7.469792	-6.152344	-21.628694	0.613196	
566	-7.519531	-6.108849	-21.630604	0.589556	
566	-7.469792	-6.152344	-21.628694	0.613196	
567	-7.519531	-6.108849	-21.630604	0.589556	
567	-7.566333	-6.054688	-21.633743	0.557734	
568	-7.617188	-6.014019	-21.636505	0.533748	
568	-7.566333	-6.054688	-21.633743	0.557734	
569	-7.617188	-6.014019	-21.636505	0.533748	
569	-7.669795	-5.957031	-21.641449	0.496417	
570	-7.714844	-5.924575	-21.644507	0.475614	
570	-7.669795	-5.957031	-21.641449	0.496417	
571	-7.714844	-5.924575	-21.644507	0.475614	
571	-7.779897	-5.859375	-21.652360	0.427310	
572	-7.421875	-6.211052	-21.626745	0.644374	
572	-7.380654	-6.250000	-21.625877	0.663874	
573	-7.812500	-5.838587	-21.654901	0.412740	
573	-7.779897	-5.859375	-21.652360	0.427310	
574	-9.133518	-4.687500	-20.680426	-1.115167	
574	-9.147055	-4.589844	-20.690865	-1.176613	
575	-9.147055	-4.589844	-20.690865	-1.176613	
575	-9.148373	-4.492188	-20.698537	-1.235807	
576	-9.148373	-4.492188	-20.698537	-1.235807	
576	-9.135381	-4.394531	-20.703329	-1.292842	
577	-9.135381	-4.394531	-20.703329	-1.292842	
577	-9.104751	-4.296875	-20.705021	-1.347400	
578	-8.984375	-4.133511	-20.700118	-1.428699	
578	-8.931126	-4.101562	-20.698239	-1.440305	
579	-8.593750	-4.113731	-20.726241	-1.379999	
579	-8.622075	-4.101562	-20.720079	-1.391848	
580	-8.789062	-4.059947	-20.698237	-1.442587	
580	-8.691406	-4.071371	-20.706913	-1.419996	
581	-8.691406	-4.071371	-20.706913	-1.419996	
581	-8.622075	-4.101562	-20.720079	-1.391848	
582	-8.931126	-4.101562	-20.698239	-1.440305	
582	-8.886719	-4.078621	-20.696857	-1.446935	
583	-8.886719	-4.078621	-20.696857	-1.446935	
583	-8.789062	-4.059947	-20.698237	-1.442587	
584	-9.104751	-4.296875	-20.705021	-1.347400	
584	-9.082031	-4.250798	-20.704655	-1.372014	
585	-9.082031	-4.250798	-20.704655	-1.372014	
585	-9.046637	-4.199219	-20.703306	-1.398270	
586	-9.046637	-4.199219	-20.703306	-1.398270	
586	-8.984375	-4.133511	-20.700118	-1.428699	
587	-8.300781	-4.686926	-20.993150	-1.068690	
587	-8.316846	-4.589844	-20.944831	-1.110949	
588	-8.300781	-4.686926	-20.993150	-1.068690	
588	-8.300709	-4.687500	-20.993440	-1.068447	
589	-8.316846	-4.589844	-20.944831	-1.110949	
589	-8.340909	-4.492188	-20.897669	-1.156101	
590	-8.340909	-4.492188	-20.897669	-1.156101	
590	-8.374346	-4.394531	-20.851979	-1.204531	
591	-8.398438	-4.337670	-20.826264	-1.234341	
591	-8.374346	-4.394531	-20.851979	-1.204531	
592	-8.398438	-4.337670	-20.826264	-1.234341	
592	-8.423252	-4.296875	-20.807010	-1.258142	
593	-8.423252	-4.296875	-20.807010	-1.258142	
593	-8.492608	-4.199219	-20.763665	-1.317833	
594	-8.496094	-4.194763	-20.761802	-1.320640	
594	-8.492608	-4.199219	-20.763665	-1.317833	
595	-8.593750	-4.113731	-20.726241	-1.379999	
595	-8.496094	-4.194763	-20.761802	-1.320640	
596	-7.442034	-3.027344	-20.351199	-1.471516	
596	-7.421875	-3.060668	-20.370266	-1.443073	
597	-7.442034	-3.027344	-20.351199	-1.471516	
597	-7.490431	-2.929688	-20.292022	-1.553569	
598	-7.490431	-2.929688	-20.292022	-1.553569	
598	-7.514955	-2.832031	-20.230544	-1.631156	
599	-7.519531	-2.748206	-20.174879	-1.696535	
599	-7.514955	-2.832031	-20.230544	-1.631156	
600	-7.520073	-2.734375	-20.164577	-1.708274	
600	-7.519531	-2.748206	-20.174879	-1.696535	
601	-7.421875	-3.060668	-20.370266	-1.443073	
601	-7.342547	-3.125000	-20.413058	-1.374171	
602	-7.099741	-3.125000	-20.451537	-1.303366	
602	-7.038034	-3.027344	-20.434597	-1.367405	
603	-7.038034	-3.027344	-20.434597	-1.367405	
603	-7.032925	-2.929688	-20.419929	-1.454504	
604	-7.032925	-2.929688	-20.419929	-1.454504	
604	-7.056915	-2.832031	-20.411711	-1.555881	
605	-7.056915	-2.832031	-20.411711	-1.555881	
605	-7.106701	-2.734375	-20.412196	-1.670738	
606	-7.226562	-2.605995	-20.429891	-1.847009	
606	-7.259627	-2.539062	-20.448313	-1.988976	
607	-7.128906	-2.715830	-20.413402	-1.693427	
607	-7.177024	-2.636719	-20.423980	-1.804221	
608	-7.128906	-2.715830	-20.413402	-1.693427	
608	-7.106701	-2.734375	-20.412196	-1.670738	
609	-7.226562	-2.605995	-20.429891	-1.847009	
609	-7.177024	-2.636719	-20.423980	-1.804221	
610	-7.324219	-2.472744	-20.440205	-2.213794	
610	-7.329272	-2.441406	-20.401873	-2.319754	
611	-7.324219	-2.472744	-20.440205	-2.213794	
611	-7.259627	-2.539062	-20.448313	-1.988976	
612	-7.329272	-2.441406	-20.401873	-2.319754	
612	-7.325213	-2.343750	-20.285080	-2.491996	
613	-7.520073	-2.734375	-20.164577	-1.708274	
613	-7.519531	-2.732436	-20.163501	-1.709496	
614	-7.519531	-2.732436	-20.163501	-1.709496	
614	-7.512611	-2.636719	-20.084965	-1.798355	
615	-7.512611	-2.636719	-20.084965	-1.798355	
615	-7.515852	-2.539062	-19.959509	-1.990900	
616	-7.587264	-2.441406	-19.931465	-2.308127	
616	-7.519531	-2.506976	-19.927273	-2.103060	
617	-7.519531	-2.506976	-19.927273	-2.103060	
617	-7.515852	-2.539062	-19.959509	-1.990900	
618	-7.617188	-2.369189	-19.956875	-2.448887	
618	-7.587264	-2.441406	-19.931465	-2.308127	
619	-7.655282	-2.343750	-19.963073	-2.478094	
619	-7.617188	-2.369189	-19.956875	-2.448887	
620	-7.655282	-2.343750	-19.963073	-2.478094	
620	-7.707460	-2.246094	-19.986237	-2.597854	
621	-7.714844	-2.214799	-19.992153	-2.632558	
621	-7.707460	-2.246094	-19.986237	-2.597854	
622	-7.746162	-2.148438	-20.001765	-2.697572	
622	-7.714844	-2.214799	-19.992153	-2.632558	
623	-7.746162	-2.148438	-20.001765	-2.697572	
623	-7.759043	-2.050781	-20.011502	-2.787255	
624	-7.759043	-2.050781	-20.011502	-2.787255	
624	-7.746889	-1.953125	-20.015914	-2.868529	
625	-7.325213	-2.343750	-20.285080	-2.491996	
625	-7.324219	-2.329770	-20.272424	-2.507574	
626	-7.324219	-2.329770	-20.272424	-2.507574	
626	-7.305798	-2.246094	-20.217271	-2.577186	
627	-7.305798	-2.246094	-20.217271	-2.577186	
627	-7.303363	-2.148438	-20.159552	-2.657984	
628	-7.303363	-2.148438	-20.159552	-2.657984	
628	-7.315410	-2.050781	-20.110614	-2.737552	
629	-7.324219	-2.011803	-20.093296	-2.769232	
629	-7.315410	-2.050781	-20.110614	-2.737552	
630	-7.324219	-2.011803	-20.093296	-2.769232	
630	-7.349567	-1.953125	-20.068337	-2.819418	
631	-7.349567	-1.953125	-20.068337	-2.819418	
631	-7.413016	-1.855469	-20.033443	-2.903636	
632	-7.421875	-1.843038	-20.029776	-2.914067	
632	-7.413016	-1.855469	-20.033443	-2.903636	
633	-7.746889	-1.953125	-20.015914	-2.868529	
633	-7.714844	-1.876253	-20.015637	-2.926592	
634	-7.714844	-1.876253	-20.015637	-2.926592	
634	-7.695950	-1.855469	-20.014977	-2.941000	
635	-7.695950	-1.855469	-20.014977	-2.941000	
635	-7.617188	-1.793030	-20.011399	-2.978888	
636	-7.519531	-1.787581	-20.013269	-2.969937	
636	-7.421875	-1.843038	-20.029776	-2.914067	
637	-7.617188	-1.793030	-20.011399	-2.978888	
637	-7.519531	-1.787581	-20.013269	-2.969937	
638	-11.741230	-3.125000	-21.253936	-1.928370	
638	-11.780344	-3.027344	-21.226910	-1.985910	
639	-11.780344	-3.027344	-21.226910	-1.985910	
639	-11.800916	-2.929688	-21.193834	-2.044178	
640	-11.800916	-2.929688	-21.193834	-2.044178	
640	-11.806040	-2.832031	-21.155183	-2.103467	
641	-11.806040	-2.832031	-21.155183	-2.103467	
641	-11.799421	-2.734375	-21.110281	-2.165539	
642	-11.799421	-2.734375	-21.110281	-2.165539	
642	-11.785123	-2.636719	-21.056283	-2.235088	
643	-11.785123	-2.636719	-21.056283	-2.235088	
643	-11.766786	-2.539062	-20.986577	-2.323588	
644	-11.766786	-2.539062	-20.986577	-2.323588	
644	-11.744540	-2.441406	-20.892591	-2.458688	
645	-11.744540	-2.441406	-20.892591	-2.458688	
645	-11.718750	-2.356277	-20.798873	-2.670972	
646	-11.353172	-3.125000	-21.289602	-1.914001	
646	-11.328125	-3.060581	-21.298726	-1.951687	
647	-11.328125	-2.768640	-21.370327	-2.132203	
647	-11.332481	-2.734375	-21.382772	-2.156337	
648	-11.332481	-2.734375	-21.382772	-2.156337	
648	-11.355990	-2.636719	-21.422706	-2.228239	
649	-11.355990	-2.636719	-21.422706	-2.228239	
649	-11.385556	-2.539062	-21.473971	-2.315057	
650	-11.425781	-2.461743	-21.520056	-2.395246	
650	-11.428188	-2.441406	-21.538707	-2.430762	
651	-11.425781	-2.461743	-21.520056	-2.395246	
651	-11.385556	-2.539062	-21.473971	-2.315057	
652	-11.428188	-2.441406	-21.538707	-2.430762	
652	-11.433888	-2.343750	-21.620974	-2.684746	
653	-11.718750	-2.356277	-20.798873	-2.670972	
653	-11.718618	-2.343750	-20.787342	-2.719098	
654	-11.718750	-2.328877	-20.777717	-2.778975	
654	-11.718618	-2.343750	-20.787342	-2.719098	
655	-11.433888	-2.343750	-21.620974	-2.684746	
655	-11.436491	-2.246094	-21.590604	-3.023173	
656	-11.436491	-2.246094	-21.590604	-3.023173	
656	-11.431089	-2.148438	-21.475905	-3.251346	
657	-11.431089	-2.148438	-21.475905	-3.251346	
657	-11.425781	-2.109012	-21.436171	-3.307428	
658	-11.425781	-2.109012	-21.436171	-3.307428	
658	-11.398413	-2.050781	-21.400474	-3.354995	
659	-11.398413	-2.050781	-21.400474	-3.354995	
659	-11.373825	-1.953125	-21.341594	-3.432432	
660	-11.373825	-1.953125	-21.341594	-3.432432	
660	-11.356018	-1.855469	-21.293964	-3.497828	
661	-11.356018	-1.855469	-21.293964	-3.497828	
661	-11.345435	-1.757812	-21.254338	-3.556986	
662	-11.345435	-1.757812	-21.254338	-3.556986	
662	-11.345204	-1.660156	-21.220678	-3.613177	
663	-11.345204	-1.660156	-21.220678	-3.613177	
663	-11.359542	-1.562500	-21.192290	-3.667888	
664	-11.738136	-2.246094	-20.805907	-3.074446	
664	-11.718750	-2.328877	-20.777717	-2.778975	
665	-11.738136	-2.246094	-20.805907	-3.074446	
665	-11.768260	-2.148438	-20.889145	-3.261748	
666	-11.768260	-2.148438	-20.889145	-3.261748	
666	-11.791285	-2.050781	-20.956630	-3.372415	
667	-11.791285	-2.050781	-20.956630	-3.372415	
667	-11.812307	-1.953125	-21.006565	-3.450719	
668	-11.829143	-1.855469	-21.045455	-3.515088	
668	-11.816406	-1.918071	-21.022269	-3.476093	
669	-11.816406	-1.918071	-21.022269	-3.476093	
669	-11.812307	-1.953125	-21.006565	-3.450719	
670	-11.829143	-1.855469	-21.045455	-3.515088	
670	-11.834274	-1.757812	-21.077805	-3.574200	
671	-11.834274	-1.757812	-21.077805	-3.574200	
671	-11.827377	-1.660156	-21.104217	-3.629553	
672	-11.816406	-1.599922	-21.117697	-3.662218	
672	-11.805114	-1.562500	-21.125090	-3.682266	
673	-11.827377	-1.660156	-21.104217	-3.629553	
673	-11.816406	-1.599922	-21.117697	-3.662218	
674	-11.805114	-1.562500	-21.125090	-3.682266	
674	-11.760000	-1.464844	-21.140290	-3.732839	
675	-11.760000	-1.464844	-21.140290	-3.732839	
675	-11.718750	-1.400042	-21.146684	-3.764357	
676	-11.718750	-1.400042	-21.146684	-3.764357	
676	-11.668308	-1.367188	-21.148763	-3.780657	
677	-11.359542	-1.562500	-21.192290	-3.667888	
677	-11.393475	-1.464844	-21.169490	-3.721379	
678	-11.425781	-1.404091	-21.158682	-3.753560	
678	-11.393475	-1.464844	-21.169490	-3.721379	
679	-11.425781	-1.404091	-21.158682	-3.753560	
679	-11.475632	-1.367188	-21.153032	-3.775054	
680	-11.523438	-1.333901	-21.149836	-3.792589	
680	-11.475632	-1.367188	-21.153032	-3.775054	
681	-11.668308	-1.367188	-21.148763	-3.780657	
681	-11.621094	-1.335113	-21.149469	-3.794739	
682	-11.621094	-1.335113	-21.149469	-3.794739	
682	-11.523438	-1.333901	-21.149836	-3.792589	
683	-26.227515	-10.937500	-31.297545	-0.434924	
683	-26.247334	-10.839844	-31.265254	-0.472565	
684	-26.247334	-10.839844	-31.265254	-0.472565	
684	-26.249734	-10.742188	-31.218424	-0.518562	
685	-26.249734	-10.742188	-31.218424	-0.518562	
685	-26.249754	-10.644531	-31.136425	-0.602050	
686	-26.249754	-10.644531	-31.136425	-0.602050	
686	-26.267385	-10.546875	-31.017603	-0.853331	
687	-26.040078	-10.937500	-31.337134	-0.435779	
687	-26.032589	-10.839844	-31.365930	-0.476830	
688	-26.032589	-10.839844	-31.365930	-0.476830	
688	-26.038466	-10.742188	-31.410979	-0.530731	
689	-26.038466	-10.742188	-31.410979	-0.530731	
689	-26.051531	-10.644531	-31.485570	-0.623189	
690	-26.074219	-10.600626	-31.522702	-0.679249	
690	-26.051531	-10.644531	-31.485570	-0.623189	
691	-26.074219	-10.600626	-31.522702	-0.679249	
691	-26.074785	-10.546875	-31.588082	-0.855253	
692	-26.074785	-10.546875	-31.588082	-0.855253	
692	-26.079510	-10.449219	-31.513381	-1.205641	
693	-26.079510	-10.449219	-31.513381	-1.205641	
693	-26.075138	-10.351562	-31.410527	-1.326255	
694	-26.075138	-10.351562	-31.410527	-1.326255	
694	-26.074219	-10.314052	-31.384665	-1.351382	
695	-26.074219	-10.314052	-31.384665	-1.351382	
695	-26.071306	-10.253906	-31.353752	-1.381872	
696	-26.074219	-10.210303	-31.334430	-1.402223	
696	-26.071306	-10.253906	-31.353752	-1.381872	
697	-26.074219	-10.210303	-31.334430	-1.402223	
697	-26.085270	-10.156250	-31.313855	-1.426406	
698	-26.267385	-10.546875	-31.017603	-0.853331	
698	-26.260767	-10.449219	-31.074336	-1.181927	
699	-26.269531	-10.360235	-31.165214	-1.310237	
699	-26.260767	-10.449219	-31.074336	-1.181927	
700	-26.276262	-10.351562	-31.167685	-1.313227	
700	-26.269531	-10.360235	-31.165214	-1.310237	
701	-26.276262	-10.351562	-31.167685	-1.313227	
701	-26.290815	-10.253906	-31.220530	-1.376558	
702	-26.290815	-10.253906	-31.220530	-1.376558	
702	-26.289656	-10.156250	-31.255882	-1.425213	
703	-49.121094	-9.407003	-45.972616	0.086769	
703	-49.105022	-9.375000	-45.973468	0.084663	
704	-49.218750	-9.460286	-45.971970	0.090019	
704	-49.121094	-9.407003	-45.972616	0.086769	
705	-49.316406	-9.404231	-45.969688	0.085212	
705	-49.218750	-9.460286	-45.971970	0.090019	
706	-49.332528	-9.375000	-45.968222	0.083141	
706	-49.316406	-9.404231	-45.969688	0.085212	
707	-49.428127	-9.179688	-45.951659	0.066817	
707	-49.414062	-9.228118	-45.956276	0.070779	
708	-49.332528	-9.375000	-45.968222	0.083141	
708	-49.387055	-9.277344	-45.961158	0.075309	
709	-49.414062	-9.228118	-45.956276	0.070779	
709	-49.387055	-9.277344	-45.961158	0.075309	
710	-49.428127	-9.179688	-45.951659	0.066817	
710	-49.455713	-9.082031	-45.940555	0.058055	
711	-49.455713	-9.082031	-45.940555	0.058055	
711	-49.480195	-8.984375	-45.927123	0.048301	
712	-49.480195	-8.984375	-45.927123	0.048301	
712	-49.501706	-8.886719	-45.911221	0.037405	
713	-49.511719	-8.839162	-45.902401	0.031546	
713	-49.501706	-8.886719	-45.911221	0.037405	
714	-49.518202	-8.789062	-45.893198	0.025526	
714	-49.511719	-8.839162	-45.902401	0.031546	
715	-49.518202	-8.789062	-45.893198	0.025526	
715	-49.530321	-8.691406	-45.872980	0.012508	
716	-49.530321	-8.691406	-45.872980	0.012508	
716	-49.540987	-8.593750	-45.849577	-0.002402	
717	-49.105022	-9.375000	-45.973468	0.084663	
717	-49.057808	-9.277344	-45.977940	0.077341	
718	-49.057808	-9.277344	-45.977940	0.077341	
718	-49.023438	-9.196171	-45.983750	0.070319	
719	-49.023438	-9.196171	-45.983750	0.070319	
719	-49.019870	-9.179688	-45.984985	0.068979	
720	-49.019870	-9.179688	-45.984985	0.068979	
720	-48.998905	-9.082031	-45.993587	0.060481	
721	-48.998905	-9.082031	-45.993587	0.060481	
721	-48.981053	-8.984375	-46.004250	0.051179	
722	-48.981053	-8.984375	-46.004250	0.051179	
722	-48.966083	-8.886719	-46.017045	0.041008	
723	-48.966083	-8.886719	-46.017045	0.041008	
723	-48.953788	-8.789062	-46.032076	0.029880	
724	-48.953788	-8.789062	-46.032076	0.029880	
724	-48.943988	-8.691406	-46.049492	0.017668	
725	-48.943988	-8.691406	-46.049492	0.017668	
725	-48.936519	-8.593750	-46.069501	0.004204	
726	-48.936519	-8.593750	-46.069501	0.004204	
726	-48.931231	-8.496094	-46.092391	-0.010744	
727	-48.931231	-8.496094	-46.092391	-0.010744	
727	-48.927982	-8.398438	-46.118559	-0.027501	
728	-48.927982	-8.398438	-46.118559	-0.027501	
728	-48.926625	-8.300781	-46.148569	-0.046530	
729	-48.926625	-8.300781	-46.148569	-0.046530	
729	-48.927000	-8.203125	-46.183240	-0.068523	
730	-48.927000	-8.203125	-46.183240	-0.068523	
730	-48.928894	-8.105469	-46.223823	-0.094575	
731	-48.928894	-8.105469	-46.223823	-0.094575	
731	-48.931957	-8.007812	-46.272367	-0.126572	
732	-48.931957	-8.007812	-46.272367	-0.126572	
732	-48.935436	-7.910156	-46.332600	-0.168225	
733	-48.935436	-7.910156	-46.332600	-0.168225	
733	-48.937350	-7.812500	-46.412306	-0.228334	
734	-49.540987	-8.593750	-45.849577	-0.002402	
734	-49.550697	-8.496094	-45.822287	-0.019830	
735	-49.550697	-8.496094	-45.822287	-0.019830	
735	-49.560172	-8.398438	-45.790036	-0.040768	
736	-49.560172	-8.398438	-45.790036	-0.040768	
736	-49.570485	-8.300781	-45.751160	-0.066865	
737	-49.570485	-8.300781	-45.751160	-0.066865	
737	-49.583271	-8.203125	-45.703078	-0.100961	
738	-49.583271	-8.203125	-45.703078	-0.100961	
738	-49.601025	-8.105469	-45.641917	-0.148056	
739	-49.609375	-8.080321	-45.621638	-0.164745	
739	-49.601025	-8.105469	-45.641917	-0.148056	
740	-49.626075	-8.007812	-45.563510	-0.215901	
740	-49.609375	-8.080321	-45.621638	-0.164745	
741	-49.626075	-8.007812	-45.563510	-0.215901	
741	-49.662925	-7.910156	-45.463342	-0.317144	
742	-49.707031	-7.822815	-45.357033	-0.445442	
742	-49.662925	-7.910156	-45.463342	-0.317144	
743	-49.710892	-7.812500	-45.345094	-0.461316	
743	-49.707031	-7.822815	-45.357033	-0.445442	
744	-49.710892	-7.812500	-45.345094	-0.461316	
744	-49.763064	-7.714844	-45.221122	-0.644854	
745	-49.763064	-7.714844	-45.221122	-0.644854	
745	-49.800447	-7.617188	-45.107044	-0.844093	
746	-49.804688	-7.599335	-45.087605	-0.880810	
746	-49.800447	-7.617188	-45.107044	-0.844093	
747	-49.822834	-7.519531	-45.000365	-1.054630	
747	-49.804688	-7.599335	-45.087605	-0.880810	
748	-49.822834	-7.519531	-45.000365	-1.054630	
748	-49.824048	-7.421875	-44.899353	-1.272973	
749	-49.824048	-7.421875	-44.899353	-1.272973	
749	-49.804688	-7.333958	-44.810443	-1.481244	
750	-49.804688	-7.333958	-44.810443	-1.481244	
750	-49.803505	-7.324219	-44.799541	-1.508067	
751	-49.803505	-7.324219	-44.799541	-1.508067	
751	-49.775189	-7.226562	-44.690679	-1.799885	
752	-49.775189	-7.226562	-44.690679	-1.799885	
752	-49.732026	-7.128906	-44.578613	-2.194294	
753	-49.707031	-7.090260	-44.539378	-2.396920	
753	-49.693830	-7.031250	-44.500991	-2.804637	
754	-49.732026	-7.128906	-44.578613	-2.194294	
754	-49.707031	-7.090260	-44.539378	-2.396920	
755	-48.937350	-7.812500	-46.412306	-0.228334	
755	-48.931638	-7.714844	-46.529238	-0.333298	
756	-48.925781	-7.704964	-46.549681	-0.354663	
756	-48.875254	-7.617188	-46.725557	-0.601490	
757	-48.931638	-7.714844	-46.529238	-0.333298	
757	-48.925781	-7.704964	-46.549681	-0.354663	
758	-48.875254	-7.617188	-46.725557	-0.601490	
758	-48.828125	-7.583170	-46.797403	-0.757579	
759	-48.828125	-7.583170	-46.797403	-0.757579	
759	-48.766174	-7.519531	-46.880147	-1.018571	
760	-48.730469	-7.469717	-46.921178	-1.207850	
760	-48.693922	-7.421875	-46.950134	-1.385768	
761	-48.766174	-7.519531	-46.880147	-1.018571	
761	-48.730469	-7.469717	-46.921178	-1.207850	
762	-48.693922	-7.421875	-46.950134	-1.385768	
762	-48.663912	-7.324219	-46.988401	-1.720846	
763	-48.663912	-7.324219	-46.988401	-1.720846	
763	-48.671592	-7.226562	-47.012306	-2.052416	
764	-48.671592	-7.226562	-47.012306	-2.052416	
764	-48.718966	-7.128906	-47.025245	-2.407118	
765	-48.730469	-7.114840	-47.025929	-2.462236	
765	-48.718966	-7.128906	-47.025245	-2.407118	
766	-48.730469	-7.114840	-47.025929	-2.462236	
766	-48.797496	-7.031250	-47.018508	-2.826120	
767	-48.828125	-7.000470	-47.007538	-2.980752	
767	-48.893527	-6.933594	-46.954541	-3.356988	
768	-48.925781	-6.890894	-46.894644	-3.603756	
768	-48.893527	-6.933594	-46.954541	-3.356988	
769	-48.925781	-6.890894	-46.894644	-3.603756	
769	-48.961714	-6.835938	-46.789457	-3.899796	
770	-48.961714	-6.835938	-46.789457	-3.899796	
770	-49.003901	-6.738281	-46.577245	-4.287568	
771	-49.023438	-6.657188	-46.423004	-4.483833	
771	-49.003901	-6.738281	-46.577245	-4.287568	
772	-49.023438	-6.657188	-46.423004	-4.483833	
772	-49.028240	-6.640625	-46.392895	-4.516717	
773	-48.828125	-7.000470	-47.007538	-2.980752	
773	-48.797496	-7.031250	-47.018508	-2.826120	
774	-49.028240	-6.640625	-46.392895	-4.516717	
774	-49.042050	-6.542969	-46.253191	-4.651417	
775	-49.042050	-6.542969	-46.253191	-4.651417	
775	-49.051977	-6.445312	-46.146651	-4.738106	
776	-49.051977	-6.445312	-46.146651	-4.738106	
776	-49.059499	-6.347656	-46.064282	-4.797963	
777	-49.059499	-6.347656	-46.064282	-4.797963	
777	-49.065931	-6.250000	-45.998690	-4.842363	
778	-49.693830	-7.031250	-44.500991	-2.804637	
778	-49.670631	-6.933594	-44.576043	-3.539413	
779	-49.670631	-6.933594	-44.576043	-3.539413	
779	-49.653235	-6.835938	-44.780730	-4.085775	
780	-49.653235	-6.835938	-44.780730	-4.085775	
780	-49.648472	-6.738281	-44.977233	-4.390384	
781	-49.648472	-6.738281	-44.977233	-4.390384	
781	-49.651998	-6.640625	-45.123932	-4.559569	
782	-49.651998	-6.640625	-45.123932	-4.559569	
782	-49.660263	-6.542969	-45.230438	-4.663231	
783	-49.660263	-6.542969	-45.230438	-4.663231	
783	-49.671472	-6.445312	-45.309878	-4.733437	
784	-49.671472	-6.445312	-45.309878	-4.733437	
784	-49.684598	-6.347656	-45.371387	-4.785152	
785	-49.684598	-6.347656	-45.371387	-4.785152	
785	-49.698863	-6.250000	-45.420821	-4.825966	
786	-43.554688	-0.510158	-42.563589	-4.754368	
786	-43.536974	-0.488281	-42.563337	-4.759719	
787	-43.536974	-0.488281	-42.563337	-4.759719	
787	-43.471652	-0.390625	-42.566209	-4.787237	
788	-43.726900	-0.488281	-42.554134	-4.772583	
788	-43.652344	-0.537679	-42.563454	-4.752591	
789	-43.652344	-0.537679	-42.563454	-4.752591	
789	-43.554688	-0.510158	-42.563589	-4.754368	
790	-43.750000	-0.473512	-42.550052	-4.779466	
790	-43.726900	-0.488281	-42.554134	-4.772583	
791	-43.471652	-0.390625	-42.566209	-4.787237	
791	-43.457031	-0.361025	-42.568265	-4.796467	
792	-43.457031	-0.361025	-42.568265	-4.796467	
792	-43.439131	-0.292969	-42.574651	-4.817900	
793	-43.439131	-0.292969	-42.574651	-4.817900	
793	-43.423552	-0.195312	-42.587988	-4.850393	
794	-43.423552	-0.195312	-42.587988	-4.850393	
794	-43.418085	-0.097656	-42.606110	-4.884800	
795	-43.418085	-0.097656	-42.606110	-4.884800	
795	-43.420850	0.000000	-42.629124	-4.921389	
796	-49.712571	-6.152344	-45.462475	-4.860507	
796	-49.707031	-6.188046	-45.448382	-4.848762	
797	-49.707031	-6.188046	-45.448382	-4.848762	
797	-49.698863	-6.250000	-45.420821	-4.825966	
798	-49.712571	-6.152344	-45.462475	-4.860507	
798	-49.724098	-6.054688	-45.498872	-4.891365	
799	-49.724098	-6.054688	-45.498872	-4.891365	
799	-49.733846	-5.957031	-45.530669	-4.919352	
800	-49.733846	-5.957031	-45.530669	-4.919352	
800	-49.741145	-5.859375	-45.558730	-4.945347	
801	-49.741145	-5.859375	-45.558730	-4.945347	
801	-49.745151	-5.761719	-45.583608	-4.969940	
802	-49.745151	-5.761719	-45.583608	-4.969940	
802	-49.744850	-5.664062	-45.605614	-4.993508	
803	-49.744850	-5.664062	-45.605614	-4.993508	
803	-49.739048	-5.566406	-45.624853	-5.016267	
804	-49.739048	-5.566406	-45.624853	-5.016267	
804	-49.726357	-5.468750	-45.641260	-5.038284	
805	-49.065931	-6.250000	-45.998690	-4.842363	
805	-49.072325	-6.152344	-45.944775	-4.877468	
806	-49.072325	-6.152344	-45.944775	-4.877468	
806	-49.079525	-6.054688	-45.899201	-4.906751	
807	-49.079525	-6.054688	-45.899201	-4.906751	
807	-49.088233	-5.957031	-45.859813	-4.932258	
808	-49.088233	-5.957031	-45.859813	-4.932258	
808	-49.099054	-5.859375	-45.825231	-4.955250	
809	-49.099054	-5.859375	-45.825231	-4.955250	
809	-49.112522	-5.761719	-45.794582	-4.976529	
810	-49.121094	-5.707128	-45.779043	-4.987816	
810	-49.112522	-5.761719	-45.794582	-4.976529	
811	-49.121094	-5.707128	-45.779043	-4.987816	
811	-49.131543	-5.664062	-45.766665	-4.997132	
812	-49.131543	-5.664062	-45.766665	-4.997132	
812	-49.157684	-5.566406	-45.741368	-5.017401	
813	-49.157684	-5.566406	-45.741368	-5.017401	
813	-49.188791	-5.468750	-45.719489	-5.036924	
814	-49.218750	-5.386727	-45.703801	-5.052810	
814	-49.188791	-5.468750	-45.719489	-5.036924	
815	-49.726357	-5.468750	-45.641260	-5.038284	
815	-49.707031	-5.378249	-45.653750	-5.057969	
816	-49.707031	-5.378249	-45.653750	-5.057969	
816	-49.704374	-5.371094	-45.654664	-5.059572	
817	-49.704374	-5.371094	-45.654664	-5.059572	
817	-49.658182	-5.273438	-45.664980	-5.080736	
818	-49.658182	-5.273438	-45.664980	-5.080736	
818	-49.609375	-5.198499	-45.669720	-5.095538	
819	-49.218750	-5.386727	-45.703801	-5.052810	
819	-49.228356	-5.371094	-45.700701	-5.056227	
820	-49.228356	-5.371094	-45.700701	-5.056227	
820	-49.289484	-5.273438	-45.684677	-5.076399	
821	-49.316406	-5.232481	-45.679554	-5.084397	
821	-49.392193	-5.175781	-45.673154	-5.097280	
822	-49.316406	-5.232481	-45.679554	-5.084397	
822	-49.289484	-5.273438	-45.684677	-5.076399	
823	-49.414062	-5.158617	-45.671955	-5.100728	
823	-49.392193	-5.175781	-45.673154	-5.097280	
824	-49.609375	-5.198499	-45.669720	-5.095538	
824	-49.569729	-5.175781	-45.670603	-5.100175	
825	-49.511719	-5.144840	-45.670931	-5.105159	
825	-49.414062	-5.158617	-45.671955	-5.100728	
826	-49.569729	-5.175781	-45.670603	-5.100175	
826	-49.511719	-5.144840	-45.670931	-5.105159	
827	-43.792260	-0.390625	-42.530572	-4.807278	
827	-43.750000	-0.473512	-42.550052	-4.779466	
828	-43.792260	-0.390625	-42.530572	-4.807278	
828	-43.828445	-0.292969	-42.502010	-4.840624	
829	-43.847656	-0.213633	-42.475290	-4.867903	
829	-43.828445	-0.292969	-42.502010	-4.840624	
830	-43.850073	-0.195312	-42.469005	-4.873960	
830	-43.847656	-0.213633	-42.475290	-4.867903	
831	-43.850073	-0.195312	-42.469005	-4.873960	
831	-43.858446	-0.097656	-42.432930	-4.906877	
832	-43.858446	-0.097656	-42.432930	-4.906877	
832	-43.860292	0.000000	-42.392068	-4.941539	
833	-81.140405	-30.371094	-60.839577	0.886462	
833	-81.054688	-30.459063	-60.991858	1.021575	
834	-81.140405	-30.371094	-60.839577	0.886462	
834	-81.080940	-30.273438	-60.914926	0.630826	
835	-81.054688	-30.459063	-60.991858	1.021575	
835	-80.966176	-30.371094	-61.224842	0.906717	
836	-80.966176	-30.371094	-61.224842	0.906717	
836	-81.022689	-30.273438	-61.078819	0.587460	
837	-81.054688	-30.238876	-61.001592	0.593166	
837	-81.022689	-30.273438	-61.078819	0.587460	
838	-81.080940	-30.273438	-60.914926	0.630826	
838	-81.054688	-30.238876	-61.001592	0.593166	
839	-90.313593	-27.246094	-64.288500	2.152339	
839	-90.234375	-27.314807	-64.598762	2.259541	
840	-90.332031	-27.232280	-64.224147	2.107812	
840	-90.313593	-27.246094	-64.288500	2.152339	
841	-90.405627	-27.148438	-64.025233	1.851790	
841	-90.332031	-27.232280	-64.224147	2.107812	
842	-90.405627	-27.148438	-64.025233	1.851790	
842	-90.422323	-27.050781	-63.981778	1.617530	
843	-90.422323	-27.050781	-63.981778	1.617530	
843	-90.414735	-26.953125	-64.035721	1.413910	
844	-90.234375	-27.314807	-64.598762	2.259541	
844	-90.136719	-27.315085	-64.887256	2.240074	
845	-90.136719	-27.315085	-64.887256	2.240074	
845	-90.052069	-27.246094	-65.125937	2.111693	
846	-90.052069	-27.246094	-65.125937	2.111693	
846	-90.039062	-27.222055	-65.169119	2.067578	
847	-90.039062	-27.222055	-65.169119	2.067578	
847	-89.994331	-27.148438	-65.263361	1.901779	
848	-89.994331	-27.148438	-65.263361	1.901779	
848	-89.994051	-27.050781	-65.286221	1.688678	
849	-90.039062	-26.984659	-65.231605	1.499263	
849	-89.994051	-27.050781	-65.286221	1.688678	
850	-90.039062	-26.984659	-65.231605	1.499263	
850	-90.045246	-26.953125	-65.185973	1.422831	
851	-90.136719	-26.859467	-64.849956	1.168595	
851	-90.164439	-26.855469	-64.755666	1.139936	
852	-90.136719	-26.859467	-64.849956	1.168595	
852	-90.045246	-26.953125	-65.185973	1.422831	
853	-90.234375	-26.812106	-64.515732	1.121421	
853	-90.164439	-26.855469	-64.755666	1.139936	
854	-90.414735	-26.953125	-64.035721	1.413910	
854	-90.332031	-26.855895	-64.237030	1.204723	
855	-90.332031	-26.855895	-64.237030	1.204723	
855	-90.330574	-26.855469	-64.240252	1.202866	
856	-90.330574	-26.855469	-64.240252	1.202866	
856	-90.234375	-26.812106	-64.515732	1.121421	
857	-74.141166	-13.281250	-58.383085	2.838151	
857	-74.121094	-13.261943	-58.375327	2.822886	
858	-74.121094	-13.261943	-58.375327	2.822886	
858	-74.118933	-13.183594	-58.322347	2.638011	
859	-74.118933	-13.183594	-58.322347	2.638011	
859	-74.110028	-13.085938	-58.386036	2.330607	
860	-73.871057	-13.281250	-58.867394	2.809542	
860	-73.848910	-13.183594	-58.980689	2.544239	
861	-73.848910	-13.183594	-58.980689	2.544239	
861	-73.846383	-13.085938	-58.958452	2.288317	
862	-73.846383	-13.085938	-58.958452	2.288317	
862	-73.830375	-12.988281	-58.894350	2.153071	
863	-73.830375	-12.988281	-58.894350	2.153071	
863	-73.828125	-12.973178	-58.885990	2.138772	
864	-74.110028	-13.085938	-58.386036	2.330607	
864	-74.105834	-12.988281	-58.518056	2.159156	
865	-74.105834	-12.988281	-58.518056	2.159156	
865	-74.120053	-12.890625	-58.590000	2.092213	
866	-73.828125	-12.973178	-58.885990	2.138772	
866	-73.791450	-12.890625	-58.855692	2.086962	
867	-73.791450	-12.890625	-58.855692	2.086962	
867	-73.769362	-12.792969	-58.826016	2.031935	
868	-73.769362	-12.792969	-58.826016	2.031935	
868	-73.759159	-12.695312	-58.804222	1.983731	
869	-73.759159	-12.695312	-58.804222	1.983731	
869	-73.764616	-12.597656	-58.788947	1.939390	
870	-73.764616	-12.597656	-58.788947	1.939390	
870	-73.792678	-12.500000	-58.779953	1.898217	
871	-74.132138	-12.792969	-58.640214	2.045674	
871	-74.121094	-12.877209	-58.598395	2.084580	
872	-74.121094	-12.877209	-58.598395	2.084580	
872	-74.120053	-12.890625	-58.590000	2.092213	
873	-74.132138	-12.792969	-58.640214	2.045674	
873	-74.134017	-12.695312	-58.682168	2.003301	
874	-74.134017	-12.695312	-58.682168	2.003301	
874	-74.124436	-12.597656	-58.717640	1.962311	
875	-74.121094	-12.579296	-58.723661	1.954617	
875	-74.088870	-12.500000	-58.748843	1.918754	
876	-74.124436	-12.597656	-58.717640	1.962311	
876	-74.121094	-12.579296	-58.723661	1.954617	
877	-50.781250	-14.653456	-46.056486	1.923070	
877	-50.778817	-14.648438	-46.058824	1.923024	
878	-50.778817	-14.648438	-46.058824	1.923024	
878	-50.701091	-14.550781	-46.152701	1.912083	
879	-50.683594	-14.538087	-46.177151	1.906721	
879	-50.647787	-14.453125	-46.258391	1.882458	
880	-50.701091	-14.550781	-46.152701	1.912083	
880	-50.683594	-14.538087	-46.177151	1.906721	
881	-50.647787	-14.453125	-46.258391	1.882458	
881	-50.605601	-14.355469	-46.391408	1.822464	
882	-50.605601	-14.355469	-46.391408	1.822464	
882	-50.585938	-14.314507	-46.464457	1.778328	
883	-50.585938	-14.314507	-46.464457	1.778328	
883	-50.570000	-14.257812	-46.559708	1.707104	
884	-50.570000	-14.257812	-46.559708	1.707104	
884	-50.536980	-14.160156	-46.750218	1.498355	
885	-50.536980	-14.160156	-46.750218	1.498355	
885	-50.514832	-14.062500	-46.893801	1.203724	
886	-50.878906	-14.649881	-45.970507	1.914901	
886	-50.781250	-14.653456	-46.056486	1.923070	
887	-50.879527	-14.648438	-45.969739	1.914736	
887	-50.878906	-14.649881	-45.970507	1.914901	
888	-50.879527	-14.648438	-45.969739	1.914736	
888	-50.929688	-14.550781	-45.900671	1.893452	
889	-50.929688	-14.550781	-45.900671	1.893452	
889	-50.962584	-14.453125	-45.826269	1.857734	
890	-50.982933	-14.355469	-45.742402	1.802254	
890	-50.976562	-14.400050	-45.780550	1.829547	
891	-50.982933	-14.355469	-45.742402	1.802254	
891	-50.998561	-14.257812	-45.641185	1.710470	
892	-50.976562	-14.400050	-45.780550	1.829547	
892	-50.962584	-14.453125	-45.826269	1.857734	
893	-50.998561	-14.257812	-45.641185	1.710470	
893	-51.010933	-14.160156	-45.528021	1.559173	
894	-51.010933	-14.160156	-45.528021	1.559173	
894	-51.018938	-14.062500	-45.431094	1.326814	
895	-51.018938	-14.062500	-45.431094	1.326814	
895	-51.018277	-13.964844	-45.401399	1.021055	
896	-51.018277	-13.964844	-45.401399	1.021055	
896	-51.004437	-13.867188	-45.477479	0.692600	
897	-50.976562	-13.739636	-45.691661	0.362410	
897	-50.963848	-13.671875	-45.802117	0.260565	
898	-51.004437	-13.867188	-45.477479	0.692600	
898	-50.981513	-13.769531	-45.640111	0.420960	
899	-50.981513	-13.769531	-45.640111	0.420960	
899	-50.976562	-13.739636	-45.691661	0.362410	
900	-50.963848	-13.671875	-45.802117	0.260565	
900	-50.941375	-13.574219	-45.936826	0.168404	
901	-50.941375	-13.574219	-45.936826	0.168404	
901	-50.916354	-13.476562	-46.038866	0.117063	
902	-50.916354	-13.476562	-46.038866	0.117063	
902	-50.891836	-13.378906	-46.111713	0.089172	
903	-50.878906	-13.313025	-46.145528	0.078724	
903	-50.860849	-13.281250	-46.170044	0.072200	
904	-50.891836	-13.378906	-46.111713	0.089172	
904	-50.878906	-13.313025	-46.145528	0.078724	
905	-50.514832	-14.062500	-46.893801	1.203724	
905	-50.506931	-13.964844	-46.937811	0.878900	
906	-50.506931	-13.964844	-46.937811	0.878900	
906	-50.508889	-13.867188	-46.884316	0.593018	
907	-50.508889	-13.867188	-46.884316	0.593018	
907	-50.516430	-13.769531	-46.780458	0.387875	
908	-50.516430	-13.769531	-46.780458	0.387875	
908	-50.527974	-13.671875	-46.671397	0.257109	
909	-50.527974	-13.671875	-46.671397	0.257109	
909	-50.542916	-13.574219	-46.576601	0.176876	
910	-50.542916	-13.574219	-46.576601	0.176876	
910	-50.560584	-13.476562	-46.499920	0.127890	
911	-50.560584	-13.476562	-46.499920	0.127890	
911	-50.580058	-13.378906	-46.439940	0.098049	
912	-50.585938	-13.341206	-46.422216	0.090604	
912	-50.580058	-13.378906	-46.439940	0.098049	
913	-50.585938	-13.341206	-46.422216	0.090604	
913	-50.607884	-13.281250	-46.388460	0.078189	
914	-50.607884	-13.281250	-46.388460	0.078189	
914	-50.641358	-13.183594	-46.346156	0.066122	
915	-50.641358	-13.183594	-46.346156	0.066122	
915	-50.674478	-13.085938	-46.315029	0.060081	
916	-50.781250	-13.044485	-46.254351	0.057829	
916	-50.683594	-13.048563	-46.307350	0.059040	
917	-50.683594	-13.048563	-46.307350	0.059040	
917	-50.674478	-13.085938	-46.315029	0.060081	
918	-50.860849	-13.281250	-46.170044	0.072200	
918	-50.823082	-13.183594	-46.216947	0.062456	
919	-50.823082	-13.183594	-46.216947	0.062456	
919	-50.790570	-13.085938	-46.246946	0.058458	
920	-50.790570	-13.085938	-46.246946	0.058458	
920	-50.781250	-13.044485	-46.254351	0.057829	
921	-55.487446	-7.617188	-48.012685	-1.616652	
921	-55.468750	-7.672905	-48.027254	-1.569022	
922	-55.487446	-7.617188	-48.012685	-1.616652	
922	-55.499089	-7.519531	-47.972893	-1.710565	
923	-55.499089	-7.519531	-47.972893	-1.710565	
923	-55.487718	-7.421875	-47.911401	-1.829429	
924	-55.487718	-7.421875	-47.911401	-1.829429	
924	-55.468750	-7.395694	-47.896450	-1.858144	
925	-55.474023	-7.128906	-47.952770	-2.792591	
925	-55.468750	-7.135596	-47.949226	-2.787038	
926	-55.474023	-7.128906	-47.952770	-2.792591	
926	-55.484041	-7.031250	-48.027024	-2.909277	
927	-55.417652	-7.714844	-48.034787	-1.532437	
927	-55.371094	-7.749663	-48.036474	-1.507311	
928	-55.371094	-7.749663	-48.036474	-1.507311	
928	-55.294257	-7.714844	-48.040758	-1.536611	
929	-55.294257	-7.714844	-48.040758	-1.536611	
929	-55.273438	-7.706704	-48.043062	-1.545798	
930	-55.468750	-7.672905	-48.027254	-1.569022	
930	-55.417652	-7.714844	-48.034787	-1.532437	
931	-55.273438	-7.706704	-48.043062	-1.545798	
931	-55.235556	-7.617188	-48.070997	-1.623873	
932	-55.235556	-7.617188	-48.070997	-1.623873	
932	-55.225492	-7.519531	-48.119899	-1.718991	
933	-55.225492	-7.519531	-48.119899	-1.718991	
933	-55.233053	-7.421875	-48.195521	-1.842950	
934	-55.468750	-7.395694	-47.896450	-1.858144	
934	-55.464895	-7.324219	-47.814313	-2.051931	
935	-55.464895	-7.324219	-47.814313	-2.051931	
935	-55.463021	-7.226562	-47.826251	-2.546673	
936	-55.233053	-7.421875	-48.195521	-1.842950	
936	-55.242830	-7.324219	-48.318634	-2.098073	
937	-55.242830	-7.324219	-48.318634	-2.098073	
937	-55.236883	-7.226562	-48.326471	-2.563341	
938	-55.236883	-7.226562	-48.326471	-2.563341	
938	-55.223201	-7.128906	-48.230244	-2.796202	
939	-55.223201	-7.128906	-48.230244	-2.796202	
939	-55.213868	-7.031250	-48.169675	-2.919213	
940	-55.468750	-7.135596	-47.949226	-2.787038	
940	-55.463021	-7.226562	-47.826251	-2.546673	
941	-55.273438	-6.840716	-48.115187	-3.094438	
941	-55.296076	-6.835938	-48.114652	-3.099094	
942	-55.468750	-6.926945	-48.080910	-3.009536	
942	-55.392142	-6.835938	-48.111135	-3.094230	
943	-55.213868	-7.031250	-48.169675	-2.919213	
943	-55.225086	-6.933594	-48.132591	-3.015137	
944	-55.273438	-6.840716	-48.115187	-3.094438	
944	-55.225086	-6.933594	-48.132591	-3.015137	
945	-55.484041	-7.031250	-48.027024	-2.909277	
945	-55.470498	-6.933594	-48.078158	-3.003580	
946	-55.470498	-6.933594	-48.078158	-3.003580	
946	-55.468750	-6.926945	-48.080910	-3.009536	
947	-98.795209	-23.730469	-66.515514	1.726178	
947	-98.730469	-23.780065	-66.543667	1.830008	
948	-98.730469	-23.780065	-66.543667	1.830008	
948	-98.688008	-23.730469	-66.644671	1.701282	
949	-98.730469	-23.648770	-66.546509	1.677344	
949	-98.688008	-23.730469	-66.644671	1.701282	
950	-98.795209	-23.730469	-66.515514	1.726178	
950	-98.730469	-23.648770	-66.546509	1.677344	
951	-82.860156	-12.304688	-61.365389	3.315450	
951	-82.812500	-12.313688	-61.365791	3.319178	
952	-83.007812	-12.256108	-61.362097	3.295856	
952	-82.910156	-12.295957	-61.364829	3.311332	
953	-82.910156	-12.295957	-61.364829	3.311332	
953	-82.860156	-12.304688	-61.365389	3.315450	
954	-83.078042	-12.207031	-61.358056	3.277837	
954	-83.007812	-12.256108	-61.362097	3.295856	
955	-83.105469	-12.187915	-61.356201	3.270469	
955	-83.078042	-12.207031	-61.358056	3.277837	
956	-83.181086	-12.109375	-61.348002	3.241476	
956	-83.105469	-12.187915	-61.356201	3.270469	
957	-83.203125	-12.085116	-61.345120	3.232202	
957	-83.181086	-12.109375	-61.348002	3.241476	
958	-83.251934	-12.011719	-61.336002	3.204816	
958	-83.203125	-12.085116	-61.345120	3.232202	
959	-83.300781	-11.926304	-61.324048	3.171993	
959	-83.251934	-12.011719	-61.336002	3.204816	
960	-83.306228	-11.914062	-61.322268	3.167322	
960	-83.300781	-11.926304	-61.324048	3.171993	
961	-83.306228	-11.914062	-61.322268	3.167322	
961	-83.345518	-11.816406	-61.307141	3.129319	
962	-83.345518	-11.816406	-61.307141	3.129319	
962	-83.375863	-11.718750	-61.290566	3.090308	
963	-83.411899	-11.523438	-61.253520	3.009498	
963	-83.398438	-11.618045	-61.272078	3.049082	
964	-83.375863	-11.718750	-61.290566	3.090308	
964	-83.397919	-11.621094	-61.272655	3.050337	
965	-83.398438	-11.618045	-61.272078	3.049082	
965	-83.397919	-11.621094	-61.272655	3.050337	
966	-83.411899	-11.523438	-61.253520	3.009498	
966	-83.419351	-11.425781	-61.233123	2.967585	
967	-83.419351	-11.425781	-61.233123	2.967585	
967	-83.420654	-11.328125	-61.211477	2.924545	
968	-83.420654	-11.328125	-61.211477	2.924545	
968	-83.416064	-11.230469	-61.188583	2.880314	
969	-83.416064	-11.230469	-61.188583	2.880314	
969	-83.405681	-11.132812	-61.164436	2.834834	
970	-83.398438	-11.092561	-61.154314	2.816072	
970	-83.389915	-11.035156	-61.138961	2.787915	
971	-83.389915	-11.035156	-61.138961	2.787915	
971	-83.369367	-10.937500	-61.111997	2.739224	
972	-83.405681	-11.132812	-61.164436	2.834834	
972	-83.398438	-11.092561	-61.154314	2.816072	
973	-82.714844	-12.310078	-61.365861	3.319854	
973	-82.694245	-12.304688	-61.365826	3.318583	
974	-82.812500	-12.313688	-61.365791	3.319178	
974	-82.714844	-12.310078	-61.365861	3.319854	
975	-82.617188	-12.286513	-61.365846	3.313759	
975	-82.519531	-12.241196	-61.366556	3.300242	
976	-82.519531	-12.241196	-61.366556	3.300242	
976	-82.472603	-12.207031	-61.367560	3.289724	
977	-82.472603	-12.207031	-61.367560	3.289724	
977	-82.421875	-12.171689	-61.369001	3.278226	
978	-82.694245	-12.304688	-61.365826	3.318583	
978	-82.617188	-12.286513	-61.365846	3.313759	
979	-82.421875	-12.171689	-61.369001	3.278226	
979	-82.359872	-12.109375	-61.372263	3.257914	
980	-82.359872	-12.109375	-61.372263	3.257914	
980	-82.324219	-12.073602	-61.374601	3.245705	
981	-82.324219	-12.073602	-61.374601	3.245705	
981	-82.278635	-12.011719	-61.379186	3.224711	
982	-82.278635	-12.011719	-61.379186	3.224711	
982	-82.226562	-11.936872	-61.385851	3.198283	
983	-82.226562	-11.936872	-61.385851	3.198283	
983	-82.214262	-11.914062	-61.388053	3.190253	
984	-82.214262	-11.914062	-61.388053	3.190253	
984	-82.164223	-11.816406	-61.398632	3.154861	
985	-82.128906	-11.736880	-61.408535	3.125064	
985	-82.122412	-11.718750	-61.410913	3.118259	
986	-82.164223	-11.816406	-61.398632	3.154861	
986	-82.128906	-11.736880	-61.408535	3.125064	
987	-82.122412	-11.718750	-61.410913	3.118259	
987	-82.090239	-11.621094	-61.424719	3.080786	
988	-82.090239	-11.621094	-61.424719	3.080786	
988	-82.064470	-11.523438	-61.440097	3.042176	
989	-82.064470	-11.523438	-61.440097	3.042176	
989	-82.044938	-11.425781	-61.457009	3.002458	
990	-82.044938	-11.425781	-61.457009	3.002458	
990	-82.031430	-11.328125	-61.475429	2.961636	
991	-82.031430	-11.328125	-61.475429	2.961636	
991	-82.031250	-11.326162	-61.475812	2.960809	
992	-82.031250	-10.953526	-61.560247	2.793734	
992	-82.032387	-10.937500	-61.564488	2.785926	
993	-82.032387	-10.937500	-61.564488	2.785926	
993	-82.045122	-10.839844	-61.590935	2.738087	
994	-82.045122	-10.839844	-61.590935	2.738087	
994	-82.062659	-10.742188	-61.619302	2.688150	
995	-82.062659	-10.742188	-61.619302	2.688150	
995	-82.085382	-10.644531	-61.649715	2.635791	
996	-82.085382	-10.644531	-61.649715	2.635791	
996	-82.114441	-10.546875	-61.682165	2.580833	
997	-82.128906	-10.512511	-61.693392	2.561946	
997	-82.147161	-10.449219	-61.717718	2.521107	
998	-82.128906	-10.512511	-61.693392	2.561946	
998	-82.114441	-10.546875	-61.682165	2.580833	
999	-82.147161	-10.449219	-61.717718	2.521107	
999	-82.183045	-10.351562	-61.757333	2.454256	
1000	-82.226562	-10.260411	-61.796484	2.386652	
1000	-82.183045	-10.351562	-61.757333	2.454256	
1001	-82.226562	-10.260411	-61.796484	2.386652	
1001	-82.228351	-10.253906	-61.799983	2.380475	
1002	-82.228351	-10.253906	-61.799983	2.380475	
1002	-82.264805	-10.156250	-61.853608	2.281024	
1003	-82.264805	-10.156250	-61.853608	2.281024	
1003	-82.308152	-10.058594	-61.913458	2.151034	
1004	-82.324219	-10.027260	-61.933356	2.099188	
1004	-82.308152	-10.058594	-61.913458	2.151034	
1005	-82.324219	-10.027260	-61.933356	2.099188	
1005	-82.333932	-9.960938	-61.977992	1.944694	
1006	-82.333932	-9.960938	-61.977992	1.944694	
1006	-82.335111	-9.863281	-62.003948	1.655384	
1007	-82.324219	-9.786516	-61.973596	1.425640	
1007	-82.313520	-9.765625	-61.960855	1.374416	
1008	-82.335111	-9.863281	-62.003948	1.655384	
1008	-82.324219	-9.786516	-61.973596	1.425640	
1009	-82.313520	-9.765625	-61.960855	1.374416	
1009	-82.255120	-9.667969	-61.898328	1.190108	
1010	-82.255120	-9.667969	-61.898328	1.190108	
1010	-82.226562	-9.607211	-61.859033	1.098515	
1011	-82.226562	-9.607211	-61.859033	1.098515	
1011	-82.192377	-9.570312	-61.842723	1.063121	
1012	-82.192377	-9.570312	-61.842723	1.063121	
1012	-82.128906	-9.473141	-61.796308	0.966071	
1013	-82.128906	-9.473141	-61.796308	0.966071	
1013	-82.128400	-9.472656	-61.796155	0.965756	
1014	-82.128400	-9.472656	-61.796155	0.965756	
1014	-82.055632	-9.375000	-61.758936	0.889189	
1015	-83.369367	-10.937500	-61.111997	2.739224	
1015	-83.343437	-10.839844	-61.083544	2.688720	
1016	-83.343437	-10.839844	-61.083544	2.688720	
1016	-83.311082	-10.742188	-61.053706	2.636511	
1017	-83.311082	-10.742188	-61.053706	2.636511	
1017	-83.300781	-10.719608	-61.047045	2.624938	
1018	-83.300781	-10.719608	-61.047045	2.624938	
1018	-83.275138	-10.644531	-61.021651	2.581035	
1019	-83.275138	-10.644531	-61.021651	2.581035	
1019	-83.233832	-10.546875	-60.987439	2.522213	
1020	-83.203125	-10.492144	-60.968752	2.490117	
1020	-83.186514	-10.449219	-60.950823	2.459260	
1021	-83.186514	-10.449219	-60.950823	2.459260	
1021	-83.136941	-10.351562	-60.909854	2.388031	
1022	-83.136941	-10.351562	-60.909854	2.388031	
1022	-83.105469	-10.307289	-60.892586	2.357497	
1023	-83.105469	-10.307289	-60.892586	2.357497	
1023	-83.082702	-10.253906	-60.864073	2.305942	
1024	-83.082702	-10.253906	-60.864073	2.305942	
1024	-83.026583	-10.156250	-60.810784	2.203458	
1025	-83.233832	-10.546875	-60.987439	2.522213	
1025	-83.203125	-10.492144	-60.968752	2.490117	
1026	-83.026583	-10.156250	-60.810784	2.203458	
1026	-83.007812	-10.133576	-60.799362	2.179950	
1027	-83.007812	-10.133576	-60.799362	2.179950	
1027	-82.979960	-10.058594	-60.745121	2.054809	
1028	-82.979960	-10.058594	-60.745121	2.054809	
1028	-82.940807	-9.960938	-60.679755	1.836416	
1029	-82.940807	-9.960938	-60.679755	1.836416	
1029	-82.920913	-9.863281	-60.654759	1.544458	
1030	-82.920913	-9.863281	-60.654759	1.544458	
1030	-82.948431	-9.765625	-60.693919	1.286239	
1031	-83.048224	-9.570312	-60.801225	0.999353	
1031	-83.007812	-9.620227	-60.780180	1.045889	
1032	-82.948431	-9.765625	-60.693919	1.286239	
1032	-82.989560	-9.667969	-60.752079	1.112508	
1033	-83.007812	-9.620227	-60.780180	1.045889	
1033	-82.989560	-9.667969	-60.752079	1.112508	
1034	-83.105573	-9.472656	-60.843172	0.910291	
1034	-83.105469	-9.472762	-60.843141	0.910356	
1035	-83.105469	-9.472762	-60.843141	0.910356	
1035	-83.048224	-9.570312	-60.801225	0.999353	
1036	-83.105573	-9.472656	-60.843172	0.910291	
1036	-83.173843	-9.375000	-60.876536	0.840126	
1037	-83.594076	-8.593750	-61.064178	0.360285	
1037	-83.593750	-8.594403	-61.064063	0.360663	
1038	-83.236471	-9.277344	-60.907066	0.774322	
1038	-83.203125	-9.320190	-60.895313	0.799927	
1039	-83.236471	-9.277344	-60.907066	0.774322	
1039	-83.294939	-9.179688	-60.935038	0.711487	
1040	-83.354665	-9.082031	-60.960159	0.652167	
1040	-83.300781	-9.167286	-60.938632	0.703186	
1041	-83.300781	-9.167286	-60.938632	0.703186	
1041	-83.294939	-9.179688	-60.935038	0.711487	
1042	-83.398438	-8.998224	-60.980915	0.600553	
1042	-83.354665	-9.082031	-60.960159	0.652167	
1043	-83.407776	-8.984375	-60.983950	0.592782	
1043	-83.398438	-8.998224	-60.980915	0.600553	
1044	-83.203125	-9.320190	-60.895313	0.799927	
1044	-83.173843	-9.375000	-60.876536	0.840126	
1045	-83.407776	-8.984375	-60.983950	0.592782	
1045	-83.460377	-8.886719	-61.005857	0.534792	
1046	-83.496094	-8.809345	-61.022561	0.488085	
1046	-83.460377	-8.886719	-61.005857	0.534792	
1047	-83.507697	-8.789062	-61.026577	0.476499	
1047	-83.496094	-8.809345	-61.022561	0.488085	
1048	-83.507697	-8.789062	-61.026577	0.476499	
1048	-83.553520	-8.691406	-61.045885	0.418674	
1049	-83.593750	-8.594403	-61.064063	0.360663	
1049	-83.553520	-8.691406	-61.045885	0.418674	
1050	-83.594076	-8.593750	-61.064178	0.360285	
1050	-83.633880	-8.496094	-61.081240	0.302189	
1051	-83.633880	-8.496094	-61.081240	0.302189	
1051	-83.669082	-8.398438	-61.097380	0.243517	
1052	-83.701208	-8.300781	-61.112568	0.184520	
1052	-83.691406	-8.327524	-61.108556	0.200493	
1053	-83.691406	-8.327524	-61.108556	0.200493	
1053	-83.669082	-8.398438	-61.097380	0.243517	
1054	-83.701208	-8.300781	-61.112568	0.184520	
1054	-83.731024	-8.203125	-61.126832	0.125268	
1055	-83.731024	-8.203125	-61.126832	0.125268	
1055	-83.757162	-8.105469	-61.140272	0.065506	
1056	-83.757162	-8.105469	-61.140272	0.065506	
1056	-83.779970	-8.007812	-61.152914	0.005275	
1057	-83.789062	-7.960688	-61.158758	-0.024053	
1057	-83.779970	-8.007812	-61.152914	0.005275	
1058	-83.800073	-7.910156	-61.164780	-0.055361	
1058	-83.789062	-7.960688	-61.158758	-0.024053	
1059	-83.800073	-7.910156	-61.164780	-0.055361	
1059	-83.817135	-7.812500	-61.175916	-0.116464	
1060	-82.055632	-9.375000	-61.758936	0.889189	
1060	-82.031250	-9.331517	-61.741903	0.853788	
1061	-82.031250	-9.331517	-61.741903	0.853788	
1061	-81.988050	-9.277344	-61.725043	0.818281	
1062	-81.933594	-9.188718	-61.696118	0.755820	
1062	-81.926171	-9.179688	-61.693694	0.750479	
1063	-81.988050	-9.277344	-61.725043	0.818281	
1063	-81.933594	-9.188718	-61.696118	0.755820	
1064	-81.835938	-9.026530	-61.649451	0.649341	
1064	-81.808379	-8.984375	-61.638745	0.623652	
1065	-81.926171	-9.179688	-61.693694	0.750479	
1065	-81.864594	-9.082031	-61.665378	0.686621	
1066	-81.864594	-9.082031	-61.665378	0.686621	
1066	-81.835938	-9.026530	-61.649451	0.649341	
1067	-81.640625	-8.630891	-61.555139	0.400802	
1067	-81.623802	-8.593750	-61.547551	0.378154	
1068	-81.808379	-8.984375	-61.638745	0.623652	
1068	-81.756470	-8.886719	-61.613771	0.561527	
1069	-81.738281	-8.845607	-61.603441	0.534837	
1069	-81.707890	-8.789062	-61.590392	0.500200	
1070	-81.756470	-8.886719	-61.613771	0.561527	
1070	-81.738281	-8.845607	-61.603441	0.534837	
1071	-81.707890	-8.789062	-61.590392	0.500200	
1071	-81.663905	-8.691406	-61.568329	0.439060	
1072	-81.663905	-8.691406	-61.568329	0.439060	
1072	-81.640625	-8.630891	-61.555139	0.400802	
1073	-81.623802	-8.593750	-61.547551	0.378154	
1073	-81.587225	-8.496094	-61.527989	0.317439	
1074	-81.587225	-8.496094	-61.527989	0.317439	
1074	-81.555197	-8.398438	-61.509495	0.256603	
1075	-81.555197	-8.398438	-61.509495	0.256603	
1075	-81.542969	-8.353750	-61.501323	0.228537	
1076	-81.542969	-8.353750	-61.501323	0.228537	
1076	-81.526474	-8.300781	-61.492083	0.195846	
1077	-81.526474	-8.300781	-61.492083	0.195846	
1077	-81.501479	-8.203125	-61.475660	0.135022	
1078	-81.501479	-8.203125	-61.475660	0.135022	
1078	-81.480409	-8.105469	-61.460163	0.074058	
1079	-81.480409	-8.105469	-61.460163	0.074058	
1079	-81.463018	-8.007812	-61.445551	0.012966	
1080	-81.445312	-7.871473	-61.426531	-0.072648	
1080	-81.438864	-7.812500	-61.418807	-0.109652	
1081	-81.463018	-8.007812	-61.445551	0.012966	
1081	-81.449185	-7.910156	-61.431781	-0.048265	
1082	-81.449185	-7.910156	-61.431781	-0.048265	
1082	-81.445312	-7.871473	-61.426531	-0.072648	
1083	-81.438864	-7.812500	-61.418807	-0.109652	
1083	-81.432150	-7.714844	-61.406580	-0.171233	
1084	-81.432150	-7.714844	-61.406580	-0.171233	
1084	-81.429020	-7.617188	-61.395060	-0.233021	
1085	-81.429020	-7.617188	-61.395060	-0.233021	
1085	-81.429452	-7.519531	-61.384207	-0.295032	
1086	-81.429452	-7.519531	-61.384207	-0.295032	
1086	-81.433443	-7.421875	-61.373981	-0.357284	
1087	-81.445312	-7.284727	-61.360603	-0.445170	
1087	-81.452382	-7.226562	-61.355257	-0.482599	
1088	-81.433443	-7.421875	-61.373981	-0.357284	
1088	-81.441008	-7.324219	-61.364345	-0.419793	
1089	-81.445312	-7.284727	-61.360603	-0.445170	
1089	-81.441008	-7.324219	-61.364345	-0.419793	
1090	-81.452382	-7.226562	-61.355257	-0.482599	
1090	-81.467710	-7.128906	-61.346682	-0.545729	
1091	-81.467710	-7.128906	-61.346682	-0.545729	
1091	-81.486945	-7.031250	-61.338585	-0.609193	
1092	-81.486945	-7.031250	-61.338585	-0.609193	
1092	-81.510175	-6.933594	-61.330932	-0.673017	
1093	-81.510175	-6.933594	-61.330932	-0.673017	
1093	-81.537518	-6.835938	-61.323689	-0.737228	
1094	-81.542969	-6.817973	-61.322399	-0.749082	
1094	-81.570640	-6.738281	-61.316813	-0.801959	
1095	-81.542969	-6.817973	-61.322399	-0.749082	
1095	-81.537518	-6.835938	-61.323689	-0.737228	
1096	-81.570640	-6.738281	-61.316813	-0.801959	
1096	-81.608985	-6.640625	-61.310283	-0.867185	
1097	-81.640625	-6.568262	-61.305651	-0.915840	
1097	-81.608985	-6.640625	-61.310283	-0.867185	
1098	-81.640625	-6.568262	-61.305651	-0.915840	
1098	-81.653534	-6.542969	-61.304065	-0.932986	
1099	-81.653534	-6.542969	-61.304065	-0.932986	
1099	-81.706882	-6.445312	-61.298126	-0.999529	
1100	-81.738281	-6.392698	-61.295042	-1.035636	
1100	-81.770436	-6.347656	-61.292447	-1.066897	
1101	-81.738281	-6.392698	-61.295042	-1.035636	
1101	-81.706882	-6.445312	-61.298126	-0.999529	
1102	-81.835938	-6.262849	-61.287717	-1.126182	
1102	-81.770436	-6.347656	-61.292447	-1.066897	
1103	-81.835938	-6.262849	-61.287717	-1.126182	
1103	-81.848123	-6.250000	-61.287012	-1.135299	
1104	-83.817135	-7.812500	-61.175916	-0.116464	
1104	-83.830791	-7.714844	-61.186358	-0.178085	
1105	-83.830791	-7.714844	-61.186358	-0.178085	
1105	-83.841042	-7.617188	-61.196135	-0.240221	
1106	-83.841042	-7.617188	-61.196135	-0.240221	
1106	-83.847806	-7.519531	-61.205271	-0.302878	
1107	-83.847806	-7.519531	-61.205271	-0.302878	
1107	-83.850925	-7.421875	-61.213790	-0.366065	
1108	-83.850925	-7.421875	-61.213790	-0.366065	
1108	-83.850173	-7.324219	-61.221714	-0.429790	
1109	-83.850173	-7.324219	-61.221714	-0.429790	
1109	-83.845250	-7.226562	-61.229062	-0.494062	
1110	-83.845250	-7.226562	-61.229062	-0.494062	
1110	-83.835780	-7.128906	-61.235849	-0.558888	
1111	-83.835780	-7.128906	-61.235849	-0.558888	
1111	-83.821296	-7.031250	-61.242090	-0.624271	
1112	-83.593750	-6.465286	-61.267633	-1.013849	
1112	-83.578821	-6.445312	-61.268190	-1.027895	
1113	-83.398438	-6.255541	-61.272102	-1.161747	
1113	-83.391508	-6.250000	-61.272176	-1.165661	
1114	-83.578821	-6.445312	-61.268190	-1.027895	
1114	-83.496507	-6.347656	-61.270525	-1.096708	
1115	-83.496094	-6.347211	-61.270534	-1.097022	
1115	-83.398438	-6.255541	-61.272102	-1.161747	
1116	-83.496507	-6.347656	-61.270525	-1.096708	
1116	-83.496094	-6.347211	-61.270534	-1.097022	
1117	-83.821296	-7.031250	-61.242090	-0.624271	
1117	-83.801231	-6.933594	-61.247792	-0.690210	
1118	-83.801231	-6.933594	-61.247792	-0.690210	
1118	-83.789062	-6.886521	-61.250351	-0.722207	
1119	-83.789062	-6.886521	-61.250351	-0.722207	
1119	-83.774693	-6.835938	-61.252961	-0.756710	
1120	-83.774693	-6.835938	-61.252961	-0.756710	
1120	-83.740664	-6.738281	-61.257597	-0.823760	
1121	-83.740664	-6.738281	-61.257597	-0.823760	
1121	-83.698246	-6.640625	-61.261691	-0.891325	
1122	-83.698246	-6.640625	-61.261691	-0.891325	
1122	-83.691406	-6.626838	-61.262225	-0.900907	
1123	-83.691406	-6.626838	-61.262225	-0.900907	
1123	-83.644763	-6.542969	-61.265232	-0.959403	
1124	-83.644763	-6.542969	-61.265232	-0.959403	
1124	-83.593750	-6.465286	-61.267633	-1.013849	
1125	-79.492188	-3.920704	-61.138907	-2.670156	
1125	-79.475132	-3.906250	-61.139036	-2.680935	
1126	-79.687500	-4.051565	-61.139057	-2.574605	
1126	-79.611953	-4.003906	-61.138723	-2.608901	
1127	-79.589844	-3.990729	-61.138687	-2.618487	
1127	-79.492188	-3.920704	-61.138907	-2.670156	
1128	-79.611953	-4.003906	-61.138723	-2.608901	
1128	-79.589844	-3.990729	-61.138687	-2.618487	
1129	-78.906250	-3.142245	-61.183513	-3.288117	
1129	-78.899568	-3.125000	-61.185330	-3.302430	
1130	-79.475132	-3.906250	-61.139036	-2.680935	
1130	-79.394531	-3.840052	-61.139988	-2.730862	
1131	-79.394531	-3.840052	-61.139988	-2.730862	
1131	-79.362074	-3.808594	-61.140643	-2.754783	
1132	-79.362074	-3.808594	-61.140643	-2.754783	
1132	-79.296875	-3.746362	-61.142322	-2.802652	
1133	-79.296875	-3.746362	-61.142322	-2.802652	
1133	-79.265203	-3.710938	-61.143497	-2.830044	
1134	-79.265203	-3.710938	-61.143497	-2.830044	
1134	-79.199219	-3.636830	-61.146477	-2.888006	
1135	-79.199219	-3.636830	-61.146477	-2.888006	
1135	-79.181175	-3.613281	-61.147564	-2.906489	
1136	-79.181175	-3.613281	-61.147564	-2.906489	
1136	-79.108009	-3.515625	-61.152816	-2.983959	
1137	-79.108009	-3.515625	-61.152816	-2.983959	
1137	-79.101562	-3.506851	-61.153347	-2.990986	
1138	-79.101562	-3.506851	-61.153347	-2.990986	
1138	-79.045080	-3.417969	-61.159227	-3.062292	
1139	-79.003906	-3.348543	-61.164493	-3.118604	
1139	-78.989248	-3.320312	-61.166792	-3.141549	
1140	-79.045080	-3.417969	-61.159227	-3.062292	
1140	-79.003906	-3.348543	-61.164493	-3.118604	
1141	-78.989248	-3.320312	-61.166792	-3.141549	
1141	-78.941416	-3.222656	-61.175491	-3.221565	
1142	-78.941416	-3.222656	-61.175491	-3.221565	
1142	-78.906250	-3.142245	-61.183513	-3.288117	
1143	-80.761719	-4.115723	-61.130243	-2.583783	
1143	-80.664062	-4.174510	-61.136094	-2.531545	
1144	-80.778872	-4.101562	-61.128813	-2.595969	
1144	-80.761719	-4.115723	-61.130243	-2.583783	
1145	-80.600328	-4.199219	-61.138539	-2.508196	
1145	-80.566406	-4.211698	-61.139722	-2.496416	
1146	-80.566406	-4.211698	-61.139722	-2.496416	
1146	-80.468750	-4.233590	-61.141907	-2.473402	
1147	-80.664062	-4.174510	-61.136094	-2.531545	
1147	-80.600328	-4.199219	-61.138539	-2.508196	
1148	-80.859375	-4.026747	-61.120934	-2.660163	
1148	-80.778872	-4.101562	-61.128813	-2.595969	
1149	-80.877871	-4.003906	-61.118468	-2.679401	
1149	-80.859375	-4.026747	-61.120934	-2.660163	
1150	-80.877871	-4.003906	-61.118468	-2.679401	
1150	-80.945816	-3.906250	-61.107442	-2.761483	
1151	-80.078125	-4.209380	-61.142499	-2.469887	
1151	-80.044256	-4.199219	-61.142169	-2.475942	
1152	-79.980469	-4.181884	-61.141658	-2.486249	
1152	-79.882812	-4.146671	-61.140712	-2.508927	
1153	-80.044256	-4.199219	-61.142169	-2.475942	
1153	-79.980469	-4.181884	-61.141658	-2.486249	
1154	-79.785156	-4.102444	-61.139776	-2.538926	
1154	-79.783573	-4.101562	-61.139760	-2.539539	
1155	-79.882812	-4.146671	-61.140712	-2.508927	
1155	-79.785156	-4.102444	-61.139776	-2.538926	
1156	-79.783573	-4.101562	-61.139760	-2.539539	
1156	-79.687500	-4.051565	-61.139057	-2.574605	
1157	-80.468750	-4.233590	-61.141907	-2.473402	
1157	-80.371094	-4.242488	-61.143014	-2.460641	
1158	-80.371094	-4.242488	-61.143014	-2.460641	
1158	-80.273438	-4.240667	-61.143349	-2.456372	
1159	-80.273438	-4.240667	-61.143349	-2.456372	
1159	-80.175781	-4.229420	-61.143123	-2.459610	
1160	-80.175781	-4.229420	-61.143123	-2.459610	
1160	-80.078125	-4.209380	-61.142499	-2.469887	
1161	-80.995068	-3.808594	-61.095734	-2.842961	
1161	-80.957031	-3.887385	-61.105226	-2.777308	
1162	-80.957031	-3.887385	-61.105226	-2.777308	
1162	-80.945816	-3.906250	-61.107442	-2.761483	
1163	-80.995068	-3.808594	-61.095734	-2.842961	
1163	-81.032448	-3.710938	-61.083311	-2.924313	
1164	-81.054688	-3.636884	-61.073402	-2.986030	
1164	-81.032448	-3.710938	-61.083311	-2.924313	
1165	-81.060719	-3.613281	-61.070157	-3.005700	
1165	-81.054688	-3.636884	-61.073402	-2.986030	
1166	-81.060719	-3.613281	-61.070157	-3.005700	
1166	-81.081329	-3.515625	-61.056255	-3.087175	
1167	-81.081329	-3.515625	-61.056255	-3.087175	
1167	-81.096115	-3.417969	-61.041566	-3.168893	
1168	-81.096115	-3.417969	-61.041566	-3.168893	
1168	-81.105839	-3.320312	-61.026057	-3.250890	
1169	-81.105839	-3.320312	-61.026057	-3.250890	
1169	-81.111084	-3.222656	-61.009696	-3.333196	
1170	-81.111084	-3.222656	-61.009696	-3.333196	
1170	-81.112296	-3.125000	-60.992447	-3.415836	
1171	-81.112296	-3.125000	-60.992447	-3.415836	
1171	-81.109816	-3.027344	-60.974272	-3.498825	
1172	-81.109816	-3.027344	-60.974272	-3.498825	
1172	-81.103901	-2.929688	-60.955131	-3.582178	
1173	-81.103901	-2.929688	-60.955131	-3.582178	
1173	-81.094731	-2.832031	-60.934982	-3.665901	
1174	-81.094731	-2.832031	-60.934982	-3.665901	
1174	-81.082421	-2.734375	-60.913785	-3.749997	
1175	-81.082421	-2.734375	-60.913785	-3.749997	
1175	-81.067012	-2.636719	-60.891497	-3.834455	
1176	-81.067012	-2.636719	-60.891497	-3.834455	
1176	-81.054688	-2.573926	-60.876626	-3.888749	
1177	-81.054688	-2.573926	-60.876626	-3.888749	
1177	-81.048667	-2.539062	-60.868066	-3.919306	
1178	-81.048667	-2.539062	-60.868066	-3.919306	
1178	-81.027800	-2.441406	-60.843411	-4.004661	
1179	-81.027800	-2.441406	-60.843411	-4.004661	
1179	-81.004007	-2.343750	-60.817506	-4.090431	
1180	-81.004007	-2.343750	-60.817506	-4.090431	
1180	-80.977074	-2.246094	-60.790318	-4.176567	
1181	-80.957031	-2.183832	-60.772422	-4.231279	
1181	-80.947252	-2.148438	-60.761761	-4.263171	
1182	-80.977074	-2.246094	-60.790318	-4.176567	
1182	-80.957031	-2.183832	-60.772422	-4.231279	
1183	-80.947252	-2.148438	-60.761761	-4.263171	
1183	-80.915354	-2.050781	-60.731662	-4.350591	
1184	-80.915354	-2.050781	-60.731662	-4.350591	
1184	-80.879860	-1.953125	-60.700117	-4.438384	
1185	-80.859375	-1.905165	-60.684334	-4.480964	
1185	-80.841653	-1.855469	-60.666920	-4.526978	
1186	-80.841653	-1.855469	-60.666920	-4.526978	
1186	-80.801162	-1.757812	-60.631868	-4.616748	
1187	-80.801162	-1.757812	-60.631868	-4.616748	
1187	-80.761719	-1.674441	-60.600936	-4.693091	
1188	-80.761719	-1.674441	-60.600936	-4.693091	
1188	-80.756225	-1.660156	-60.595204	-4.706965	
1189	-80.756225	-1.660156	-60.595204	-4.706965	
1189	-80.710755	-1.562500	-60.555982	-4.799832	
1190	-80.879860	-1.953125	-60.700117	-4.438384	
1190	-80.859375	-1.905165	-60.684334	-4.480964	
1191	-78.899568	-3.125000	-61.185330	-3.302430	
1191	-78.864628	-3.027344	-61.196290	-3.383991	
1192	-78.864628	-3.027344	-61.196290	-3.383991	
1192	-78.835062	-2.929688	-61.208390	-3.466361	
1193	-78.835062	-2.929688	-61.208390	-3.466361	
1193	-78.810852	-2.832031	-61.221634	-3.549522	
1194	-78.808594	-2.821245	-61.223165	-3.558743	
1194	-78.792145	-2.734375	-61.236024	-3.633433	
1195	-78.810852	-2.832031	-61.221634	-3.549522	
1195	-78.808594	-2.821245	-61.223165	-3.558743	
1196	-78.792145	-2.734375	-61.236024	-3.633433	
1196	-78.778404	-2.636719	-61.251581	-3.718162	
1197	-78.778404	-2.636719	-61.251581	-3.718162	
1197	-78.769509	-2.539062	-61.268325	-3.803737	
1198	-78.769509	-2.539062	-61.268325	-3.803737	
1198	-78.765376	-2.441406	-61.286281	-3.890198	
1199	-78.765376	-2.441406	-61.286281	-3.890198	
1199	-78.765936	-2.343750	-61.305477	-3.977593	
1200	-78.765936	-2.343750	-61.305477	-3.977593	
1200	-78.771148	-2.246094	-61.325949	-4.065986	
1201	-78.771148	-2.246094	-61.325949	-4.065986	
1201	-78.781035	-2.148438	-61.347737	-4.155446	
1202	-78.781035	-2.148438	-61.347737	-4.155446	
1202	-78.795720	-2.050781	-61.370882	-4.246038	
1203	-78.808594	-1.989013	-61.386168	-4.303678	
1203	-78.795720	-2.050781	-61.370882	-4.246038	
1204	-78.808594	-1.989013	-61.386168	-4.303678	
1204	-78.815052	-1.953125	-61.395453	-4.337923	
1205	-78.815052	-1.953125	-61.395453	-4.337923	
1205	-78.838336	-1.855469	-61.421584	-4.431478	
1206	-78.838336	-1.855469	-61.421584	-4.431478	
1206	-78.866674	-1.757812	-61.449284	-4.526622	
1207	-78.866674	-1.757812	-61.449284	-4.526622	
1207	-78.900955	-1.660156	-61.478563	-4.623319	
1208	-78.906250	-1.648475	-61.482088	-4.634722	
1208	-78.900955	-1.660156	-61.478563	-4.623319	
1209	-78.906250	-1.648475	-61.482088	-4.634722	
1209	-78.938202	-1.562500	-61.509878	-4.722993	
1210	-78.938202	-1.562500	-61.509878	-4.722993	
1210	-78.981630	-1.464844	-61.543053	-4.825041	
1211	-79.003906	-1.425147	-61.556696	-4.866107	
1211	-78.981630	-1.464844	-61.543053	-4.825041	
1212	-79.003906	-1.425147	-61.556696	-4.866107	
1212	-79.029568	-1.367188	-61.578515	-4.930852	
1213	-79.029568	-1.367188	-61.578515	-4.930852	
1213	-79.083117	-1.269531	-61.616400	-5.041058	
1214	-79.101562	-1.243609	-61.626313	-5.069540	
1214	-79.083117	-1.269531	-61.616400	-5.041058	
1215	-79.101562	-1.243609	-61.626313	-5.069540	
1215	-79.139872	-1.171875	-61.657528	-5.158602	
1216	-79.199219	-1.085525	-61.695718	-5.267095	
1216	-79.204728	-1.074219	-61.701482	-5.283514	
1217	-79.199219	-1.085525	-61.695718	-5.267095	
1217	-79.139872	-1.171875	-61.657528	-5.158602	
1218	-79.204728	-1.074219	-61.701482	-5.283514	
1218	-79.267835	-0.976562	-61.750984	-5.426541	
1219	-79.296875	-0.943417	-61.767321	-5.475073	
1219	-79.267835	-0.976562	-61.750984	-5.426541	
1220	-79.296875	-0.943417	-61.767321	-5.475073	
1220	-79.332902	-0.878906	-61.805823	-5.594524	
1221	-79.394531	-0.796590	-61.854444	-5.762954	
1221	-79.332902	-0.878906	-61.805823	-5.594524	
1222	-79.394531	-0.796590	-61.854444	-5.762954	
1222	-79.400677	-0.781250	-61.864698	-5.802816	
1223	-79.400677	-0.781250	-61.864698	-5.802816	
1223	-79.445269	-0.683594	-61.921756	-6.094041	
1224	-79.445269	-0.683594	-61.921756	-6.094041	
1224	-79.483040	-0.585938	-61.942689	-6.467625	
1225	-79.483040	-0.585938	-61.942689	-6.467625	
1225	-79.484732	-0.488281	-61.894960	-6.862541	
1226	-79.484732	-0.488281	-61.894960	-6.862541	
1226	-79.455571	-0.390625	-61.806698	-7.169525	
1227	-79.455571	-0.390625	-61.806698	-7.169525	
1227	-79.420355	-0.292969	-61.713960	-7.396634	
1228	-79.394531	-0.217732	-61.646415	-7.537710	
1228	-79.380749	-0.195312	-61.630527	-7.569132	
1229	-79.420355	-0.292969	-61.713960	-7.396634	
1229	-79.394531	-0.217732	-61.646415	-7.537710	
1230	-79.380749	-0.195312	-61.630527	-7.569132	
1230	-79.335316	-0.097656	-61.559313	-7.704809	
1231	-79.335316	-0.097656	-61.559313	-7.704809	
1231	-79.297214	0.000000	-61.492657	-7.827123	
1232	-80.710755	-1.562500	-60.555982	-4.799832	
1232	-80.664062	-1.475400	-60.519909	-4.882362	
1233	-80.664062	-1.475400	-60.519909	-4.882362	
1233	-80.659630	-1.464844	-60.515061	-4.893265	
1234	-80.659630	-1.464844	-60.515061	-4.893265	
1234	-80.609132	-1.367188	-60.470595	-4.991494	
1235	-80.609132	-1.367188	-60.470595	-4.991494	
1235	-80.566406	-1.298316	-60.439007	-5.059597	
1236	-80.566406	-1.298316	-60.439007	-5.059597	
1236	-80.553157	-1.269531	-60.423743	-5.092110	
1237	-80.553157	-1.269531	-60.423743	-5.092110	
1237	-80.497523	-1.171875	-60.372102	-5.200823	
1238	-80.497523	-1.171875	-60.372102	-5.200823	
1238	-80.468750	-1.132196	-60.351866	-5.243115	
1239	-80.468750	-1.132196	-60.351866	-5.243115	
1239	-80.440083	-1.074219	-60.315299	-5.319622	
1240	-80.440083	-1.074219	-60.315299	-5.319622	
1240	-80.380122	-0.976562	-60.252383	-5.453466	
1241	-80.380122	-0.976562	-60.252383	-5.453466	
1241	-80.371094	-0.965239	-60.245477	-5.468495	
1242	-80.371094	-0.965239	-60.245477	-5.468495	
1242	-80.330853	-0.878906	-60.176267	-5.626154	
1243	-80.330853	-0.878906	-60.176267	-5.626154	
1243	-80.279614	-0.781250	-60.093557	-5.844939	
1244	-80.279614	-0.781250	-60.093557	-5.844939	
1244	-80.273438	-0.767873	-60.081748	-5.881051	
1245	-80.273438	-0.767873	-60.081748	-5.881051	
1245	-80.257930	-0.683594	-60.009237	-6.164826	
1246	-80.257930	-0.683594	-60.009237	-6.164826	
1246	-80.258815	-0.585938	-59.969811	-6.555179	
1247	-80.273438	-0.514742	-59.983585	-6.833123	
1247	-80.258815	-0.585938	-59.969811	-6.555179	
1248	-80.287062	-0.488281	-59.995347	-6.924065	
1248	-80.273438	-0.514742	-59.983585	-6.833123	
1249	-80.287062	-0.488281	-59.995347	-6.924065	
1249	-80.346518	-0.390625	-60.050797	-7.200050	
1250	-80.414258	-0.292969	-60.107965	-7.405843	
1250	-80.371094	-0.342027	-60.081480	-7.315386	
1251	-80.371094	-0.342027	-60.081480	-7.315386	
1251	-80.346518	-0.390625	-60.050797	-7.200050	
1252	-80.468750	-0.209735	-60.153603	-7.551460	
1252	-80.414258	-0.292969	-60.107965	-7.405843	
1253	-80.482938	-0.195312	-60.160067	-7.571433	
1253	-80.468750	-0.209735	-60.153603	-7.551460	
1254	-80.482938	-0.195312	-60.160067	-7.571433	
1254	-80.554222	-0.097656	-60.205874	-7.711136	
1255	-80.566406	-0.075590	-60.216228	-7.742571	
1255	-80.554222	-0.097656	-60.205874	-7.711136	
1256	-80.624172	0.000000	-60.246895	-7.836150	
1256	-80.566406	-0.075590	-60.216228	-7.742571	
1257	-85.937500	-4.373142	-61.367156	-2.606739	
1257	-85.881863	-4.296875	-61.367965	-2.672761	
1258	-85.881863	-4.296875	-61.367965	-2.672761	
1258	-85.839844	-4.226557	-61.368975	-2.734131	
1259	-85.839844	-4.226557	-61.368975	-2.734131	
1259	-85.826357	-4.199219	-61.369432	-2.758099	
1260	-85.826357	-4.199219	-61.369432	-2.758099	
1260	-85.785464	-4.101562	-61.371345	-2.844238	
1261	-85.742188	-3.955167	-61.375028	-2.974850	
1261	-85.731448	-3.906250	-61.376478	-3.018890	
1262	-85.785464	-4.101562	-61.371345	-2.844238	
1262	-85.754383	-4.003906	-61.373693	-2.931174	
1263	-85.754383	-4.003906	-61.373693	-2.931174	
1263	-85.742188	-3.955167	-61.375028	-2.974850	
1264	-85.731448	-3.906250	-61.376478	-3.018890	
1264	-85.715090	-3.808594	-61.379716	-3.107389	
1265	-85.715090	-3.808594	-61.379716	-3.107389	
1265	-85.704178	-3.710938	-61.383427	-3.196679	
1266	-85.704178	-3.710938	-61.383427	-3.196679	
1266	-85.698004	-3.613281	-61.387640	-3.286766	
1267	-85.698004	-3.613281	-61.387640	-3.286766	
1267	-85.696027	-3.515625	-61.392387	-3.377656	
1268	-85.696027	-3.515625	-61.392387	-3.377656	
1268	-85.697838	-3.417969	-61.397706	-3.469356	
1269	-85.697838	-3.417969	-61.397706	-3.469356	
1269	-85.703142	-3.320312	-61.403636	-3.561871	
1270	-85.703142	-3.320312	-61.403636	-3.561871	
1270	-85.711743	-3.222656	-61.410220	-3.655206	
1271	-85.711743	-3.222656	-61.410220	-3.655206	
1271	-85.723546	-3.125000	-61.417503	-3.749359	
1272	-87.138766	-4.296875	-61.348853	-2.704693	
1272	-87.109375	-4.325151	-61.351051	-2.678597	
1273	-86.816406	-4.517084	-61.363496	-2.500000	
1273	-86.718750	-4.556396	-61.365381	-2.462958	
1274	-86.862631	-4.492188	-61.362178	-2.523075	
1274	-86.816406	-4.517084	-61.363496	-2.500000	
1275	-86.914062	-4.466100	-61.360670	-2.547622	
1275	-86.862631	-4.492188	-61.362178	-2.523075	
1276	-87.021032	-4.394531	-61.356099	-2.614069	
1276	-87.011719	-4.402082	-61.356608	-2.607122	
1277	-87.011719	-4.402082	-61.356608	-2.607122	
1277	-86.914062	-4.466100	-61.360670	-2.547622	
1278	-87.109375	-4.325151	-61.351051	-2.678597	
1278	-87.021032	-4.394531	-61.356099	-2.614069	
1279	-87.318421	-4.101562	-61.331310	-2.886429	
1279	-87.304688	-4.120221	-61.333139	-2.869128	
1280	-87.235892	-4.199219	-61.340563	-2.795457	
1280	-87.207031	-4.232155	-61.343455	-2.764987	
1281	-87.207031	-4.232155	-61.343455	-2.764987	
1281	-87.138766	-4.296875	-61.348853	-2.704693	
1282	-87.304688	-4.120221	-61.333139	-2.869128	
1282	-87.235892	-4.199219	-61.340563	-2.795457	
1283	-87.318421	-4.101562	-61.331310	-2.886429	
1283	-87.389001	-4.003906	-61.321155	-2.977571	
1284	-87.402344	-3.985004	-61.319079	-2.995321	
1284	-87.389001	-4.003906	-61.321155	-2.977571	
1285	-87.449960	-3.906250	-61.310136	-3.068910	
1285	-87.402344	-3.985004	-61.319079	-2.995321	
1286	-86.580985	-4.589844	-61.366751	-2.430288	
1286	-86.523438	-4.599768	-61.367087	-2.420395	
1287	-86.621094	-4.583555	-61.366506	-2.436786	
1287	-86.580985	-4.589844	-61.366751	-2.430288	
1288	-86.718750	-4.556396	-61.365381	-2.462958	
1288	-86.621094	-4.583555	-61.366506	-2.436786	
1289	-86.523438	-4.599768	-61.367087	-2.420395	
1289	-86.425781	-4.603991	-61.367253	-2.414604	
1290	-86.425781	-4.603991	-61.367253	-2.414604	
1290	-86.328125	-4.594970	-61.367137	-2.420445	
1291	-86.328125	-4.594970	-61.367137	-2.420445	
1291	-86.306082	-4.589844	-61.367072	-2.424425	
1292	-86.230469	-4.571798	-61.366889	-2.438698	
1292	-86.132812	-4.531102	-61.366652	-2.472280	
1293	-86.306082	-4.589844	-61.367072	-2.424425	
1293	-86.230469	-4.571798	-61.366889	-2.438698	
1294	-86.132812	-4.531102	-61.366652	-2.472280	
1294	-86.070886	-4.492188	-61.366596	-2.504999	
1295	-86.070886	-4.492188	-61.366596	-2.504999	
1295	-86.035156	-4.467797	-61.366629	-2.525676	
1296	-86.035156	-4.467797	-61.366629	-2.525676	
1296	-85.957434	-4.394531	-61.366987	-2.588318	
1297	-85.957434	-4.394531	-61.366987	-2.588318	
1297	-85.937500	-4.373142	-61.367156	-2.606739	
1298	-87.500000	-3.817221	-61.299333	-3.152543	
1298	-87.449960	-3.906250	-61.310136	-3.068910	
1299	-83.391508	-6.250000	-61.272176	-1.165661	
1299	-83.300781	-6.181980	-61.272874	-1.213571	
1300	-83.300781	-6.181980	-61.272874	-1.213571	
1300	-83.253611	-6.152344	-61.273051	-1.234364	
1301	-83.253611	-6.152344	-61.273051	-1.234364	
1301	-83.203125	-6.122039	-61.273144	-1.255517	
1302	-83.105469	-6.073024	-61.273094	-1.289412	
1302	-83.060857	-6.054688	-61.273007	-1.301922	
1303	-83.203125	-6.122039	-61.273144	-1.255517	
1303	-83.105469	-6.073024	-61.273094	-1.289412	
1304	-83.007812	-6.033259	-61.272854	-1.316406	
1304	-82.910156	-6.001610	-61.272522	-1.337287	
1305	-82.910156	-6.001610	-61.272522	-1.337287	
1305	-82.812500	-5.977610	-61.272180	-1.352394	
1306	-83.060857	-6.054688	-61.273007	-1.301922	
1306	-83.007812	-6.033259	-61.272854	-1.316406	
1307	-82.519531	-5.949736	-61.271825	-1.364581	
1307	-82.421875	-5.956259	-61.272181	-1.356983	
1308	-82.617188	-5.951544	-61.271761	-1.366091	
1308	-82.519531	-5.949736	-61.271825	-1.364581	
1309	-82.812500	-5.977610	-61.272180	-1.352394	
1309	-82.714844	-5.960966	-61.271904	-1.361953	
1310	-82.714844	-5.960966	-61.271904	-1.361953	
1310	-82.673362	-5.957031	-61.271846	-1.363714	
1311	-82.673362	-5.957031	-61.271846	-1.363714	
1311	-82.617188	-5.951544	-61.271761	-1.366091	
1312	-82.031250	-6.091191	-61.278681	-1.249949	
1312	-82.096314	-6.054688	-61.276855	-1.277429	
1313	-82.226562	-5.997920	-61.274129	-1.321332	
1313	-82.128906	-6.037034	-61.276000	-1.290764	
1314	-82.128906	-6.037034	-61.276000	-1.290764	
1314	-82.096314	-6.054688	-61.276855	-1.277429	
1315	-82.324219	-5.971775	-61.272909	-1.342910	
1315	-82.416953	-5.957031	-61.272215	-1.356287	
1316	-82.324219	-5.971775	-61.272909	-1.342910	
1316	-82.226562	-5.997920	-61.274129	-1.321332	
1317	-82.421875	-5.956259	-61.272181	-1.356983	
1317	-82.416953	-5.957031	-61.272215	-1.356287	
1318	-81.933594	-6.164924	-61.282469	-1.196029	
1318	-81.949659	-6.152344	-61.281808	-1.205193	
1319	-81.933594	-6.164924	-61.282469	-1.196029	
1319	-81.848123	-6.250000	-61.287012	-1.135299	
1320	-82.031250	-6.091191	-61.278681	-1.249949	
1320	-81.949659	-6.152344	-61.281808	-1.205193	
1321	-85.937500	-2.312318	-61.512229	-4.566286	
1321	-85.962027	-2.246094	-61.523298	-4.636234	
1322	-85.962027	-2.246094	-61.523298	-4.636234	
1322	-86.004582	-2.148438	-61.540619	-4.739822	
1323	-86.035156	-2.090170	-61.551472	-4.801557	
1323	-86.051881	-2.050781	-61.559269	-4.844581	
1324	-86.035156	-2.090170	-61.551472	-4.801557	
1324	-86.004582	-2.148438	-61.540619	-4.739822	
1325	-86.051881	-2.050781	-61.559269	-4.844581	
1325	-86.102290	-1.953125	-61.579407	-4.951167	
1326	-86.132812	-1.905568	-61.589553	-5.002678	
1326	-86.158204	-1.855469	-61.601044	-5.059494	
1327	-86.158204	-1.855469	-61.601044	-5.059494	
1327	-86.221209	-1.757812	-61.624208	-5.169749	
1328	-86.132812	-1.905568	-61.589553	-5.002678	
1328	-86.102290	-1.953125	-61.579407	-4.951167	
1329	-86.230469	-1.746594	-61.626874	-5.182118	
1329	-86.285853	-1.660156	-61.649402	-5.284583	
1330	-86.230469	-1.746594	-61.626874	-5.182118	
1330	-86.221209	-1.757812	-61.624208	-5.169749	
1331	-86.328125	-1.611488	-61.662123	-5.341028	
1331	-86.285853	-1.660156	-61.649402	-5.284583	
1332	-86.328125	-1.611488	-61.662123	-5.341028	
1332	-86.359863	-1.562500	-61.676368	-5.403520	
1333	-87.500000	-1.735314	-60.828840	-5.187951	
1333	-87.466225	-1.660156	-60.799740	-5.271728	
1334	-87.466225	-1.660156	-60.799740	-5.271728	
1334	-87.405466	-1.562500	-60.761473	-5.379105	
1335	-85.742188	-3.009144	-61.427113	-3.862070	
1335	-85.755917	-2.929688	-61.434368	-3.940182	
1336	-85.723546	-3.125000	-61.417503	-3.749359	
1336	-85.738553	-3.027344	-61.425534	-3.844325	
1337	-85.742188	-3.009144	-61.427113	-3.862070	
1337	-85.738553	-3.027344	-61.425534	-3.844325	
1338	-85.755917	-2.929688	-61.434368	-3.940182	
1338	-85.775998	-2.832031	-61.444056	-4.036912	
1339	-85.775998	-2.832031	-61.444056	-4.036912	
1339	-85.799234	-2.734375	-61.454651	-4.134484	
1340	-85.799234	-2.734375	-61.454651	-4.134484	
1340	-85.826033	-2.636719	-61.466200	-4.232863	
1341	-85.839844	-2.594648	-61.471464	-4.275340	
1341	-85.826033	-2.636719	-61.466200	-4.232863	
1342	-85.839844	-2.594648	-61.471464	-4.275340	
1342	-85.855279	-2.539062	-61.478781	-4.332216	
1343	-85.855279	-2.539062	-61.478781	-4.332216	
1343	-85.887001	-2.441406	-61.492460	-4.432613	
1344	-85.887001	-2.441406	-61.492460	-4.432613	
1344	-85.923425	-2.343750	-61.507257	-4.533784	
1345	-85.937500	-2.312318	-61.512229	-4.566286	
1345	-85.923425	-2.343750	-61.507257	-4.533784	
1346	-85.937500	-0.382521	-61.562692	-7.110862	
1346	-85.856950	-0.292969	-61.549402	-7.201481	
1347	-85.839844	-0.271181	-61.546464	-7.224028	
1347	-85.784134	-0.195312	-61.537220	-7.303348	
1348	-85.856950	-0.292969	-61.549402	-7.201481	
1348	-85.839844	-0.271181	-61.546464	-7.224028	
1349	-85.742188	-0.125707	-61.530036	-7.377575	
1349	-85.726397	-0.097656	-61.527506	-7.407694	
1350	-85.726397	-0.097656	-61.527506	-7.407694	
1350	-85.682432	0.000000	-61.520285	-7.513895	
1351	-85.784134	-0.195312	-61.537220	-7.303348	
1351	-85.742188	-0.125707	-61.530036	-7.377575	
1352	-87.405466	-1.562500	-60.761473	-5.379105	
1352	-87.402344	-1.558925	-60.760169	-5.382726	
1353	-87.402344	-1.558925	-60.760169	-5.382726	
1353	-87.349688	-1.464844	-60.717831	-5.500223	
1354	-87.349688	-1.464844	-60.717831	-5.500223	
1354	-87.304688	-1.411596	-60.694844	-5.564716	
1355	-87.304688	-1.411596	-60.694844	-5.564716	
1355	-87.284641	-1.367188	-60.670678	-5.635354	
1356	-87.284641	-1.367188	-60.670678	-5.635354	
1356	-87.224587	-1.269531	-60.619145	-5.811523	
1357	-87.207031	-1.201653	-60.589270	-5.983248	
1357	-87.205217	-1.171875	-60.583436	-6.067846	
1358	-87.224587	-1.269531	-60.619145	-5.811523	
1358	-87.207031	-1.201653	-60.589270	-5.983248	
1359	-87.361770	-0.976562	-60.629268	-6.498860	
1359	-87.304688	-1.028528	-60.613103	-6.411653	
1360	-87.274437	-1.074219	-60.598298	-6.316748	
1360	-87.207031	-1.164288	-60.582903	-6.089823	
1361	-87.207031	-1.164288	-60.582903	-6.089823	
1361	-87.205217	-1.171875	-60.583436	-6.067846	
1362	-87.304688	-1.028528	-60.613103	-6.411653	
1362	-87.274437	-1.074219	-60.598298	-6.316748	
1363	-87.447764	-0.878906	-60.659111	-6.648540	
1363	-87.402344	-0.922177	-60.646774	-6.587631	
1364	-87.402344	-0.922177	-60.646774	-6.587631	
1364	-87.361770	-0.976562	-60.629268	-6.498860	
1365	-87.500000	-0.804917	-60.680475	-6.754402	
1365	-87.447764	-0.878906	-60.659111	-6.648540	
1366	-86.523438	-1.382006	-61.731309	-5.645823	
1366	-86.532671	-1.367188	-61.736597	-5.670575	
1367	-86.425781	-1.491023	-61.696856	-5.492632	
1367	-86.442787	-1.464844	-61.705347	-5.529743	
1368	-86.425781	-1.491023	-61.696856	-5.492632	
1368	-86.359863	-1.562500	-61.676368	-5.403520	
1369	-86.523438	-1.382006	-61.731309	-5.645823	
1369	-86.442787	-1.464844	-61.705347	-5.529743	
1370	-86.621094	-1.274408	-61.767145	-5.833553	
1370	-86.623466	-1.269531	-61.768771	-5.844245	
1371	-86.621094	-1.274408	-61.767145	-5.833553	
1371	-86.532671	-1.367188	-61.736597	-5.670575	
1372	-86.623466	-1.269531	-61.768771	-5.844245	
1372	-86.663545	-1.171875	-61.785952	-6.085589	
1373	-86.663545	-1.171875	-61.785952	-6.085589	
1373	-86.643899	-1.074219	-61.758147	-6.327880	
1374	-86.621094	-1.026397	-61.735772	-6.423443	
1374	-86.569810	-0.976562	-61.715827	-6.495893	
1375	-86.643899	-1.074219	-61.758147	-6.327880	
1375	-86.621094	-1.026397	-61.735772	-6.423443	
1376	-86.523438	-0.916285	-61.691086	-6.580634	
1376	-86.477426	-0.878906	-61.679237	-6.620449	
1377	-86.425781	-0.820864	-61.659491	-6.687921	
1377	-86.375775	-0.781250	-61.648716	-6.725678	
1378	-86.477426	-0.878906	-61.679237	-6.620449	
1378	-86.425781	-0.820864	-61.659491	-6.687921	
1379	-86.569810	-0.976562	-61.715827	-6.495893	
1379	-86.523438	-0.916285	-61.691086	-6.580634	
1380	-86.375775	-0.781250	-61.648716	-6.725678	
1380	-86.328125	-0.731578	-61.634375	-6.777833	
1381	-86.328125	-0.731578	-61.634375	-6.777833	
1381	-86.268006	-0.683594	-61.622783	-6.821994	
1382	-86.230469	-0.646452	-61.613546	-6.858926	
1382	-86.156636	-0.585938	-61.600437	-6.914677	
1383	-86.268006	-0.683594	-61.622783	-6.821994	
1383	-86.230469	-0.646452	-61.613546	-6.858926	
1384	-86.132812	-0.562952	-61.595473	-6.937051	
1384	-86.046693	-0.488281	-61.580979	-7.007431	
1385	-86.035156	-0.476914	-61.578843	-7.018559	
1385	-85.945035	-0.390625	-61.564004	-7.102735	
1386	-86.046693	-0.488281	-61.580979	-7.007431	
1386	-86.035156	-0.476914	-61.578843	-7.018559	
1387	-86.156636	-0.585938	-61.600437	-6.914677	
1387	-86.132812	-0.562952	-61.595473	-6.937051	
1388	-85.945035	-0.390625	-61.564004	-7.102735	
1388	-85.937500	-0.382521	-61.562692	-7.110862	
1389	-94.980360	-7.617188	-63.135741	-0.725328	
1389	-94.921875	-7.670740	-63.143979	-0.685462	
1390	-95.031338	-7.519531	-63.112218	-0.798488	
1390	-95.019531	-7.566935	-63.124342	-0.764134	
1391	-95.019531	-7.566935	-63.124342	-0.764134	
1391	-94.980360	-7.617188	-63.135741	-0.725328	
1392	-95.031338	-7.519531	-63.112218	-0.798488	
1392	-95.026927	-7.421875	-63.081031	-0.869906	
1393	-94.824219	-7.627205	-63.142735	-0.707391	
1393	-94.818616	-7.617188	-63.142668	-0.713830	
1394	-94.921875	-7.670740	-63.143979	-0.685462	
1394	-94.824219	-7.627205	-63.142735	-0.707391	
1395	-94.818616	-7.617188	-63.142668	-0.713830	
1395	-94.787031	-7.519531	-63.146511	-0.781994	
1396	-94.787031	-7.519531	-63.146511	-0.781994	
1396	-94.799411	-7.421875	-63.158968	-0.859162	
1397	-94.824219	-7.405027	-63.161184	-0.869517	
1397	-94.836651	-7.324219	-63.183806	-0.959942	
1398	-94.824219	-7.405027	-63.161184	-0.869517	
1398	-94.799411	-7.421875	-63.158968	-0.859162	
1399	-94.836651	-7.324219	-63.183806	-0.959942	
1399	-94.845508	-7.226562	-63.171235	-1.125318	
1400	-94.845508	-7.226562	-63.171235	-1.125318	
1400	-94.839855	-7.128906	-63.122973	-1.227786	
1401	-94.839855	-7.128906	-63.122973	-1.227786	
1401	-94.839092	-7.031250	-63.092640	-1.302437	
1402	-95.026927	-7.421875	-63.081031	-0.869906	
1402	-95.019531	-7.416903	-63.080494	-0.871005	
1403	-95.019531	-7.416903	-63.080494	-0.871005	
1403	-95.003540	-7.324219	-63.032239	-0.964411	
1404	-95.003540	-7.324219	-63.032239	-0.964411	
1404	-95.012261	-7.226562	-63.025373	-1.147651	
1405	-95.070643	-7.128906	-63.049808	-1.238272	
1405	-95.019531	-7.184679	-63.040465	-1.196645	
1406	-95.019531	-7.184679	-63.040465	-1.196645	
1406	-95.012261	-7.226562	-63.025373	-1.147651	
1407	-95.070643	-7.128906	-63.049808	-1.238272	
1407	-95.072780	-7.031250	-63.062341	-1.317886	
1408	-93.434419	-4.687500	-62.466088	-2.921698	
1408	-93.424770	-4.589844	-62.429536	-3.019986	
1409	-93.424770	-4.589844	-62.429536	-3.019986	
1409	-93.387466	-4.492188	-62.376439	-3.143690	
1410	-93.387466	-4.492188	-62.376439	-3.143690	
1410	-93.410185	-4.394531	-62.366147	-3.377099	
1411	-93.410185	-4.394531	-62.366147	-3.377099	
1411	-93.445748	-4.296875	-62.401358	-3.513172	
1412	-93.164062	-4.577786	-62.548207	-3.015506	
1412	-93.183719	-4.492188	-62.579547	-3.139599	
1413	-93.120684	-4.687500	-62.526422	-2.904526	
1413	-93.145554	-4.589844	-62.545992	-3.006092	
1414	-93.164062	-4.577786	-62.548207	-3.015506	
1414	-93.145554	-4.589844	-62.545992	-3.006092	
1415	-93.183719	-4.492188	-62.579547	-3.139599	
1415	-93.194041	-4.394531	-62.572943	-3.360373	
1416	-93.194041	-4.394531	-62.572943	-3.360373	
1416	-93.178488	-4.296875	-62.517589	-3.501153	
1417	-93.178488	-4.296875	-62.517589	-3.501153	
1417	-93.164062	-4.202061	-62.482516	-3.596737	
1418	-93.164062	-4.187244	-62.477937	-3.611184	
1418	-93.183014	-4.101562	-62.455087	-3.695041	
1419	-93.359375	-4.004930	-62.436777	-3.797393	
1419	-93.261719	-4.009147	-62.438077	-3.787163	
1420	-93.261719	-4.009147	-62.438077	-3.787163	
1420	-93.183014	-4.101562	-62.455087	-3.695041	
1421	-93.468514	-4.199219	-62.422192	-3.615672	
1421	-93.457031	-4.224364	-62.418151	-3.591873	
1422	-93.457031	-4.224364	-62.418151	-3.591873	
1422	-93.445748	-4.296875	-62.401358	-3.513172	
1423	-93.457031	-4.118124	-62.432500	-3.695266	
1423	-93.452215	-4.101562	-62.433884	-3.710883	
1424	-93.468514	-4.199219	-62.422192	-3.615672	
1424	-93.457031	-4.118124	-62.432500	-3.695266	
1425	-93.452215	-4.101562	-62.433884	-3.710883	
1425	-93.359375	-4.004930	-62.436777	-3.797393	
1426	-87.504233	-3.808594	-61.298254	-3.160624	
1426	-87.500000	-3.817221	-61.299333	-3.152543	
1427	-87.504233	-3.808594	-61.298254	-3.160624	
1427	-87.550536	-3.710938	-61.285560	-3.252460	
1428	-87.550536	-3.710938	-61.285560	-3.252460	
1428	-87.591704	-3.613281	-61.272029	-3.344675	
1429	-87.597656	-3.598268	-61.269874	-3.358892	
1429	-87.591704	-3.613281	-61.272029	-3.344675	
1430	-87.626812	-3.515625	-61.257692	-3.437084	
1430	-87.597656	-3.598268	-61.269874	-3.358892	
1431	-87.626812	-3.515625	-61.257692	-3.437084	
1431	-87.657000	-3.417969	-61.242534	-3.529786	
1432	-87.657000	-3.417969	-61.242534	-3.529786	
1432	-87.682520	-3.320312	-61.226551	-3.622776	
1433	-87.695312	-3.262745	-61.216745	-3.677704	
1433	-87.682520	-3.320312	-61.226551	-3.622776	
1434	-87.703475	-3.222656	-61.209740	-3.716038	
1434	-87.695312	-3.262745	-61.216745	-3.677704	
1435	-87.703475	-3.222656	-61.209740	-3.716038	
1435	-87.720141	-3.125000	-61.192085	-3.809591	
1436	-87.720141	-3.125000	-61.192085	-3.809591	
1436	-87.732631	-3.027344	-61.173570	-3.903438	
1437	-87.732631	-3.027344	-61.173570	-3.903438	
1437	-87.741023	-2.929688	-61.154175	-3.997586	
1438	-87.741023	-2.929688	-61.154175	-3.997586	
1438	-87.745387	-2.832031	-61.133876	-4.092049	
1439	-87.745387	-2.832031	-61.133876	-4.092049	
1439	-87.745769	-2.734375	-61.112641	-4.186847	
1440	-87.745769	-2.734375	-61.112641	-4.186847	
1440	-87.742176	-2.636719	-61.090435	-4.282006	
1441	-87.742176	-2.636719	-61.090435	-4.282006	
1441	-87.734543	-2.539062	-61.067217	-4.377547	
1442	-87.734543	-2.539062	-61.067217	-4.377547	
1442	-87.722692	-2.441406	-61.042946	-4.473477	
1443	-87.722692	-2.441406	-61.042946	-4.473477	
1443	-87.706255	-2.343750	-61.017587	-4.569762	
1444	-87.706255	-2.343750	-61.017587	-4.569762	
1444	-87.695312	-2.296204	-61.004929	-4.616425	
1445	-87.695312	-2.296204	-61.004929	-4.616425	
1445	-87.685977	-2.246094	-60.991011	-4.666710	
1446	-87.685977	-2.246094	-60.991011	-4.666710	
1446	-87.662453	-2.148438	-60.963055	-4.764677	
1447	-87.662453	-2.148438	-60.963055	-4.764677	
1447	-87.633439	-2.050781	-60.933792	-4.863184	
1448	-87.597656	-1.955073	-60.903954	-4.959738	
1448	-87.597103	-1.953125	-60.903305	-4.961795	
1449	-87.633439	-2.050781	-60.933792	-4.863184	
1449	-87.597656	-1.955073	-60.903954	-4.959738	
1450	-87.597103	-1.953125	-60.903305	-4.961795	
1450	-87.560689	-1.855469	-60.870574	-5.063580	
1451	-87.560689	-1.855469	-60.870574	-5.063580	
1451	-87.514456	-1.757812	-60.836517	-5.165479	
1452	-87.514456	-1.757812	-60.836517	-5.165479	
1452	-87.500000	-1.735314	-60.828840	-5.187951	
1453	-87.522052	-0.781250	-60.686612	-6.785041	
1453	-87.500000	-0.804917	-60.680475	-6.754402	
1454	-87.522052	-0.781250	-60.686612	-6.785041	
1454	-87.585969	-0.683594	-60.711971	-6.914186	
1455	-87.597656	-0.658318	-60.718405	-6.947688	
1455	-87.585969	-0.683594	-60.711971	-6.914186	
1456	-87.641513	-0.585938	-60.735513	-7.038402	
1456	-87.597656	-0.658318	-60.718405	-6.947688	
1457	-87.641513	-0.585938	-60.735513	-7.038402	
1457	-87.683206	-0.488281	-60.757809	-7.160637	
1458	-87.695312	-0.448814	-60.766546	-7.209829	
1458	-87.683206	-0.488281	-60.757809	-7.160637	
1459	-87.718136	-0.390625	-60.778782	-7.280001	
1459	-87.695312	-0.448814	-60.766546	-7.209829	
1460	-87.718136	-0.390625	-60.778782	-7.280001	
1460	-87.744463	-0.292969	-60.798696	-7.397568	
1461	-87.744463	-0.292969	-60.798696	-7.397568	
1461	-87.761686	-0.195312	-60.817694	-7.513823	
1462	-87.761686	-0.195312	-60.817694	-7.513823	
1462	-87.771153	-0.097656	-60.835825	-7.628767	
1463	-87.771153	-0.097656	-60.835825	-7.628767	
1463	-87.773331	0.000000	-60.853147	-7.742531	
1464	-99.163763	-4.589844	-63.930842	-3.132093	
1464	-99.121094	-4.665906	-63.943623	-3.070153	
1465	-99.121094	-4.665906	-63.943623	-3.070153	
1465	-99.097020	-4.687500	-63.946819	-3.051796	
1466	-99.163763	-4.589844	-63.930842	-3.132093	
1466	-99.192987	-4.492188	-63.910223	-3.212849	
1467	-99.192987	-4.492188	-63.910223	-3.212849	
1467	-99.198716	-4.394531	-63.885224	-3.295016	
1468	-99.198716	-4.394531	-63.885224	-3.295016	
1468	-99.186550	-4.296875	-63.855466	-3.379963	
1469	-98.731301	-4.687500	-63.957454	-3.040949	
1469	-98.730469	-4.686924	-63.957490	-3.041405	
1470	-98.730469	-4.686924	-63.957490	-3.041405	
1470	-98.664689	-4.589844	-63.966189	-3.117243	
1471	-98.664689	-4.589844	-63.966189	-3.117243	
1471	-98.632812	-4.502948	-63.978407	-3.187619	
1472	-98.632812	-4.502948	-63.978407	-3.187619	
1472	-98.630271	-4.492188	-63.980196	-3.196468	
1473	-98.630271	-4.492188	-63.980196	-3.196468	
1473	-98.620295	-4.394531	-63.999150	-3.277831	
1474	-98.620295	-4.394531	-63.999150	-3.277831	
1474	-98.629285	-4.296875	-64.023264	-3.361737	
1475	-98.632812	-4.288390	-64.025435	-3.368601	
1475	-98.652366	-4.199219	-64.053605	-3.450531	
1476	-98.652366	-4.199219	-64.053605	-3.450531	
1476	-98.687996	-4.101562	-64.092491	-3.549722	
1477	-98.632812	-4.288390	-64.025435	-3.368601	
1477	-98.629285	-4.296875	-64.023264	-3.361737	
1478	-98.730469	-4.054335	-64.110086	-3.592053	
1478	-98.740706	-4.003906	-64.143805	-3.674767	
1479	-98.730469	-4.054335	-64.110086	-3.592053	
1479	-98.687996	-4.101562	-64.092491	-3.549722	
1480	-98.740706	-4.003906	-64.143805	-3.674767	
1480	-98.747159	-3.906250	-64.196153	-3.943997	
1481	-99.186550	-4.296875	-63.855466	-3.379963	
1481	-99.158385	-4.199219	-63.819982	-3.469894	
1482	-99.121094	-4.142006	-63.799071	-3.519171	
1482	-99.110286	-4.101562	-63.777761	-3.567373	
1483	-99.158385	-4.199219	-63.819982	-3.469894	
1483	-99.121094	-4.142006	-63.799071	-3.519171	
1484	-99.023438	-3.958790	-63.687027	-3.793237	
1484	-99.022366	-3.906250	-63.658527	-3.986252	
1485	-99.110286	-4.101562	-63.777761	-3.567373	
1485	-99.064004	-4.003906	-63.717509	-3.707880	
1486	-99.064004	-4.003906	-63.717509	-3.707880	
1486	-99.023438	-3.958790	-63.687027	-3.793237	
1487	-99.053881	-3.808594	-63.713278	-4.253446	
1487	-99.023438	-3.842756	-63.692992	-4.198417	
1488	-99.053881	-3.808594	-63.713278	-4.253446	
1488	-99.098359	-3.710938	-63.767587	-4.382904	
1489	-99.023438	-3.842756	-63.692992	-4.198417	
1489	-99.022366	-3.906250	-63.658527	-3.986252	
1490	-99.131393	-3.613281	-63.808528	-4.481618	
1490	-99.121094	-3.628436	-63.803841	-4.469810	
1491	-99.121094	-3.628436	-63.803841	-4.469810	
1491	-99.098359	-3.710938	-63.767587	-4.382904	
1492	-99.131393	-3.613281	-63.808528	-4.481618	
1492	-99.152998	-3.515625	-63.841368	-4.569778	
1493	-98.747159	-3.906250	-64.196153	-3.943997	
1493	-98.738143	-3.808594	-64.137448	-4.233209	
1494	-98.730469	-3.771015	-64.107396	-4.304410	
1494	-98.676829	-3.710938	-64.081259	-4.364554	
1495	-98.738143	-3.808594	-64.137448	-4.233209	
1495	-98.730469	-3.771015	-64.107396	-4.304410	
1496	-98.632812	-3.590986	-64.028572	-4.493786	
1496	-98.605327	-3.515625	-64.003856	-4.562914	
1497	-98.676829	-3.710938	-64.081259	-4.364554	
1497	-98.637243	-3.613281	-64.037566	-4.470384	
1498	-98.637243	-3.613281	-64.037566	-4.470384	
1498	-98.632812	-3.590986	-64.028572	-4.493786	
1499	-98.605327	-3.515625	-64.003856	-4.562914	
1499	-98.594192	-3.417969	-63.975989	-4.652849	
1500	-98.594192	-3.417969	-63.975989	-4.652849	
1500	-98.603592	-3.320312	-63.953799	-4.740479	
1501	-98.632812	-3.234090	-63.938923	-4.816209	
1501	-98.603592	-3.320312	-63.953799	-4.740479	
1502	-98.632812	-3.234090	-63.938923	-4.816209	
1502	-98.639778	-3.222656	-63.937275	-4.826289	
1503	-98.639778	-3.222656	-63.937275	-4.826289	
1503	-98.730302	-3.125000	-63.927241	-4.910282	
1504	-99.152998	-3.515625	-63.841368	-4.569778	
1504	-99.154613	-3.417969	-63.869147	-4.655385	
1505	-99.154613	-3.417969	-63.869147	-4.655385	
1505	-99.136084	-3.320312	-63.892195	-4.739379	
1506	-99.023438	-3.146093	-63.921180	-4.888522	
1506	-98.982452	-3.125000	-63.923466	-4.907729	
1507	-99.136084	-3.320312	-63.892195	-4.739379	
1507	-99.121094	-3.278846	-63.900575	-4.774782	
1508	-99.121094	-3.278846	-63.900575	-4.774782	
1508	-99.088446	-3.222656	-63.910626	-4.823194	
1509	-99.088446	-3.222656	-63.910626	-4.823194	
1509	-99.023438	-3.146093	-63.921180	-4.888522	
1510	-100.000000	-0.349559	-64.094695	-7.422443	
1510	-99.956263	-0.292969	-64.076469	-7.463056	
1511	-99.902344	-0.209612	-64.048377	-7.526684	
1511	-99.891180	-0.195312	-64.044061	-7.536571	
1512	-99.956263	-0.292969	-64.076469	-7.463056	
1512	-99.902344	-0.209612	-64.048377	-7.526684	
1513	-99.804688	-0.061092	-64.001503	-7.635808	
1513	-99.762769	0.000000	-63.983461	-7.678892	
1514	-99.891180	-0.195312	-64.044061	-7.536571	
1514	-99.825937	-0.097656	-64.013241	-7.608108	
1515	-99.825937	-0.097656	-64.013241	-7.608108	
1515	-99.804688	-0.061092	-64.001503	-7.635808	
1516	-135.928487	-74.023438	-103.158055	-41.754758	
1516	-135.888227	-73.925781	-103.221189	-42.078178	
1517	-135.745954	-74.023438	-103.642303	-41.698552	
1517	-135.814749	-73.925781	-103.448784	-42.101755	
1518	-135.839844	-73.886113	-103.355068	-42.111261	
1518	-135.814749	-73.925781	-103.448784	-42.101755	
1519	-135.888227	-73.925781	-103.221189	-42.078178	
1519	-135.839844	-73.886113	-103.355068	-42.111261	
1520	-137.290917	-50.488281	-99.122489	-22.732152	
1520	-137.207031	-50.570551	-99.340394	-22.492474	
1521	-137.207031	-50.570551	-99.340394	-22.492474	
1521	-137.109375	-50.580829	-99.690909	-22.480178	
1522	-137.290917	-50.488281	-99.122489	-22.732152	
1522	-137.292913	-50.390625	-99.126941	-22.939292	
1523	-137.109375	-50.580829	-99.690909	-22.480178	
1523	-137.020323	-50.488281	-99.902709	-22.719987	
1524	-137.020323	-50.488281	-99.902709	-22.719987	
1524	-137.060835	-50.390625	-99.853825	-22.957239	
1525	-137.109375	-50.344987	-99.699379	-23.094743	
1525	-137.060835	-50.390625	-99.853825	-22.957239	
1526	-137.292913	-50.390625	-99.126941	-22.939292	
1526	-137.207031	-50.307716	-99.356806	-23.127228	
1527	-137.207031	-50.307716	-99.356806	-23.127228	
1527	-137.109375	-50.344987	-99.699379	-23.094743	
1528	-142.558214	-50.097656	-102.815939	-23.704891	
1528	-142.480469	-50.187595	-102.916443	-23.519734	
1529	-142.480469	-50.187595	-102.916443	-23.519734	
1529	-142.382852	-50.097656	-103.083811	-23.726587	
1530	-142.480469	-50.002442	-102.907212	-23.996358	
1530	-142.382852	-50.097656	-103.083811	-23.726587	
1531	-142.558214	-50.097656	-102.815939	-23.704891	
1531	-142.480469	-50.002442	-102.907212	-23.996358	
1532	-141.222424	-48.339844	-101.676254	-22.458965	
1532	-141.210938	-48.367789	-101.713598	-22.460040	
1533	-141.222424	-48.339844	-101.676254	-22.458965	
1533	-141.304717	-48.242188	-101.446603	-22.811661	
1534	-141.210938	-48.367789	-101.713598	-22.460040	
1534	-141.180682	-48.339844	-101.795783	-22.475247	
1535	-141.180682	-48.339844	-101.795783	-22.475247	
1535	-141.121138	-48.242188	-101.878207	-22.753408	
1536	-141.210938	-48.148721	-101.650121	-22.951507	
1536	-141.121138	-48.242188	-101.878207	-22.753408	
1537	-141.304717	-48.242188	-101.446603	-22.811661	
1537	-141.210938	-48.148721	-101.650121	-22.951507	
1538	-135.546875	-39.144678	-95.327207	-15.429153	
1538	-135.468702	-39.062500	-95.446276	-15.546981	
1539	-135.614072	-39.062500	-95.089624	-15.477699	
1539	-135.546875	-39.144678	-95.327207	-15.429153	
1540	-135.684330	-38.964844	-94.986933	-15.823877	
1540	-135.644531	-38.988496	-94.979979	-15.811275	
1541	-135.644531	-38.988496	-94.979979	-15.811275	
1541	-135.614072	-39.062500	-95.089624	-15.477699	
1542	-135.546875	-38.983078	-95.379898	-15.827381	
1542	-135.606750	-38.964844	-95.097130	-15.911823	
1543	-135.644531	-38.915627	-95.058702	-15.901161	
1543	-135.606750	-38.964844	-95.097130	-15.911823	
1544	-135.684330	-38.964844	-94.986933	-15.823877	
1544	-135.644531	-38.915627	-95.058702	-15.901161	
1545	-135.546875	-38.983078	-95.379898	-15.827381	
1545	-135.468702	-39.062500	-95.446276	-15.546981	
1546	-108.464260	-43.945312	-76.378582	-11.530114	
1546	-108.398438	-44.015090	-76.580656	-11.440833	
1547	-108.398438	-44.015090	-76.580656	-11.440833	
1547	-108.333944	-43.945312	-76.653954	-11.582722	
1548	-108.398438	-43.888687	-76.609450	-11.728146	
1548	-108.333944	-43.945312	-76.653954	-11.582722	
1549	-108.464260	-43.945312	-76.378582	-11.530114	
1549	-108.398438	-43.888687	-76.609450	-11.728146	
1550	-121.386719	-21.929142	-79.469906	-3.851762	
1550	-121.382926	-21.875000	-79.496503	-3.875174	
1551	-121.484375	-21.953771	-79.403021	-3.828321	
1551	-121.386719	-21.929142	-79.469906	-3.851762	
1552	-121.528147	-21.875000	-79.359404	-3.829633	
1552	-121.484375	-21.953771	-79.403021	-3.828321	
1553	-103.906250	-4.992451	-64.792608	-3.437000	
1553	-103.808594	-5.023214	-64.802072	-3.398558	
1554	-103.808594	-5.023214	-64.802072	-3.398558	
1554	-103.710938	-5.026406	-64.805703	-3.381392	
1555	-103.710938	-5.026406	-64.805703	-3.381392	
1555	-103.613281	-4.992375	-64.803557	-3.394660	
1556	-103.613281	-4.992375	-64.803557	-3.394660	
1556	-103.598276	-4.980469	-64.802447	-3.402322	
1557	-103.598276	-4.980469	-64.802447	-3.402322	
1557	-103.537041	-4.882812	-64.794014	-3.477693	
1558	-103.537041	-4.882812	-64.794014	-3.477693	
1558	-103.539712	-4.785156	-64.787972	-3.566904	
1559	-103.539712	-4.785156	-64.787972	-3.566904	
1559	-103.580614	-4.687500	-64.785561	-3.665585	
1560	-103.924526	-4.980469	-64.789483	-3.448659	
1560	-103.906250	-4.992451	-64.792608	-3.437000	
1561	-104.003906	-4.940945	-64.777177	-3.491283	
1561	-103.924526	-4.980469	-64.789483	-3.448659	
1562	-104.066798	-4.882812	-64.760096	-3.544152	
1562	-104.003906	-4.940945	-64.777177	-3.491283	
1563	-104.101562	-4.856425	-64.750999	-3.570037	
1563	-104.066798	-4.882812	-64.760096	-3.544152	
1564	-104.151771	-4.785156	-64.727705	-3.630770	
1564	-104.101562	-4.856425	-64.750999	-3.570037	
1565	-104.199219	-4.709531	-64.699398	-3.696097	
1565	-104.151771	-4.785156	-64.727705	-3.630770	
1566	-104.207294	-4.687500	-64.691042	-3.713953	
1566	-104.199219	-4.709531	-64.699398	-3.696097	
1567	-104.207294	-4.687500	-64.691042	-3.713953	
1567	-104.236832	-4.589844	-64.649771	-3.794670	
1568	-104.236832	-4.589844	-64.649771	-3.794670	
1568	-104.248428	-4.492188	-64.601487	-3.877325	
1569	-103.906250	-4.361323	-64.828073	-4.048534	
1569	-103.944028	-4.296875	-64.859420	-4.186028	
1570	-104.248428	-4.492188	-64.601487	-3.877325	
1570	-104.246003	-4.394531	-64.541110	-3.971140	
1571	-104.246003	-4.394531	-64.541110	-3.971140	
1571	-104.241339	-4.296875	-64.453902	-4.123870	
1572	-104.241339	-4.296875	-64.453902	-4.123870	
1572	-104.278336	-4.199219	-64.411092	-4.461510	
1573	-104.296875	-4.119156	-64.465685	-4.687192	
1573	-104.278336	-4.199219	-64.411092	-4.461510	
1574	-104.003906	-4.247076	-64.882582	-4.334723	
1574	-104.009947	-4.199219	-64.866296	-4.522824	
1575	-104.003906	-4.247076	-64.882582	-4.334723	
1575	-103.944028	-4.296875	-64.859420	-4.186028	
1576	-104.009947	-4.199219	-64.866296	-4.522824	
1576	-104.017586	-4.101562	-64.768396	-4.744271	
1577	-104.017586	-4.101562	-64.768396	-4.744271	
1577	-104.007015	-4.003906	-64.703465	-4.847682	
1578	-104.007015	-4.003906	-64.703465	-4.847682	
1578	-104.009207	-3.906250	-64.654794	-4.934091	
1579	-104.324607	-4.101562	-64.471729	-4.704999	
1579	-104.296875	-4.119156	-64.465685	-4.687192	
1580	-104.324607	-4.101562	-64.471729	-4.704999	
1580	-104.372411	-4.003906	-64.516534	-4.839364	
1581	-104.394531	-3.909518	-64.546582	-4.942864	
1581	-104.372411	-4.003906	-64.516534	-4.839364	
1582	-104.396076	-3.906250	-64.547349	-4.945856	
1582	-104.394531	-3.909518	-64.546582	-4.942864	
1583	-103.710938	-4.539436	-64.792502	-3.827763	
1583	-103.741045	-4.492188	-64.798910	-3.885646	
1584	-103.613281	-4.653972	-64.785828	-3.701076	
1584	-103.650450	-4.589844	-64.788445	-3.771974	
1585	-103.613281	-4.653972	-64.785828	-3.701076	
1585	-103.580614	-4.687500	-64.785561	-3.665585	
1586	-103.710938	-4.539436	-64.792502	-3.827763	
1586	-103.650450	-4.589844	-64.788445	-3.771974	
1587	-103.808594	-4.446777	-64.806181	-3.936550	
1587	-103.843651	-4.394531	-64.820283	-4.011720	
1588	-103.808594	-4.446777	-64.806181	-3.936550	
1588	-103.741045	-4.492188	-64.798910	-3.885646	
1589	-103.906250	-4.361323	-64.828073	-4.048534	
1589	-103.843651	-4.394531	-64.820283	-4.011720	
1590	-101.464844	-3.128267	-64.249474	-4.660472	
1590	-101.457562	-3.125000	-64.249195	-4.661881	
1591	-101.562500	-3.162115	-64.251560	-4.650972	
1591	-101.464844	-3.128267	-64.249474	-4.660472	
1592	-101.660156	-3.184250	-64.250726	-4.654048	
1592	-101.562500	-3.162115	-64.251560	-4.650972	
1593	-101.757812	-3.192430	-64.245019	-4.672250	
1593	-101.660156	-3.184250	-64.250726	-4.654048	
1594	-101.855469	-3.179146	-64.230205	-4.713182	
1594	-101.757812	-3.192430	-64.245019	-4.672250	
1595	-101.944687	-3.125000	-64.196891	-4.793492	
1595	-101.855469	-3.179146	-64.230205	-4.713182	
1596	-101.992318	-3.027344	-64.145146	-4.904914	
1596	-101.953125	-3.117331	-64.192306	-4.803853	
1597	-101.992318	-3.027344	-64.145146	-4.904914	
1597	-102.002541	-2.929688	-64.094912	-5.005475	
1598	-102.002541	-2.929688	-64.094912	-5.005475	
1598	-101.993651	-2.832031	-64.045370	-5.100457	
1599	-101.993651	-2.832031	-64.045370	-5.100457	
1599	-101.972905	-2.734375	-63.996052	-5.192336	
1600	-101.953125	-3.117331	-64.192306	-4.803853	
1600	-101.944687	-3.125000	-64.196891	-4.793492	
1601	-101.953125	-2.675340	-63.967244	-5.245131	
1601	-101.941677	-2.636719	-63.947410	-5.281175	
1602	-101.941677	-2.636719	-63.947410	-5.281175	
1602	-101.904592	-2.539062	-63.898394	-5.369441	
1603	-101.904592	-2.539062	-63.898394	-5.369441	
1603	-101.860208	-2.441406	-63.849774	-5.456109	
1604	-101.855469	-2.433424	-63.846131	-5.462577	
1604	-101.813267	-2.343750	-63.799860	-5.544468	
1605	-101.860208	-2.441406	-63.849774	-5.456109	
1605	-101.855469	-2.433424	-63.846131	-5.462577	
1606	-101.972905	-2.734375	-63.996052	-5.192336	
1606	-101.953125	-2.675340	-63.967244	-5.245131	
1607	-101.813267	-2.343750	-63.799860	-5.544468	
1607	-101.757812	-2.247914	-63.752412	-5.628077	
1608	-101.757812	-2.247914	-63.752412	-5.628077	
1608	-101.756993	-2.246094	-63.751389	-5.629878	
1609	-101.756993	-2.246094	-63.751389	-5.629878	
1609	-101.703905	-2.148438	-63.698988	-5.722113	
1610	-101.703905	-2.148438	-63.698988	-5.722113	
1610	-101.660156	-2.087455	-63.669590	-5.773840	
1611	-101.660156	-2.087455	-63.669590	-5.773840	
1611	-101.641144	-2.050781	-63.647974	-5.812021	
1612	-101.641144	-2.050781	-63.647974	-5.812021	
1612	-101.574714	-1.953125	-63.595475	-5.905224	
1613	-101.574714	-1.953125	-63.595475	-5.905224	
1613	-101.562500	-1.939116	-63.588984	-5.916812	
1614	-101.457562	-3.125000	-64.249195	-4.661881	
1614	-101.367188	-3.086304	-64.246142	-4.679329	
1615	-101.367188	-3.086304	-64.246142	-4.679329	
1615	-101.269531	-3.032487	-64.242058	-4.710144	
1616	-101.269531	-3.032487	-64.242058	-4.710144	
1616	-101.261679	-3.027344	-64.241709	-4.713360	
1617	-101.261679	-3.027344	-64.241709	-4.713360	
1617	-101.171875	-2.969018	-64.238504	-4.751072	
1618	-101.171875	-2.969018	-64.238504	-4.751072	
1618	-101.122229	-2.929688	-64.237098	-4.778216	
1619	-100.976562	-2.794526	-64.237137	-4.876703	
1619	-100.926510	-2.734375	-64.239478	-4.922084	
1620	-101.122229	-2.929688	-64.237098	-4.778216	
1620	-101.074219	-2.890974	-64.236345	-4.805677	
1621	-101.074219	-2.890974	-64.236345	-4.805677	
1621	-101.013256	-2.832031	-64.236384	-4.848739	
1622	-101.013256	-2.832031	-64.236384	-4.848739	
1622	-100.976562	-2.794526	-64.237137	-4.876703	
1623	-100.926510	-2.734375	-64.239478	-4.922084	
1623	-100.878906	-2.670237	-64.243443	-4.971066	
1624	-100.878906	-2.670237	-64.243443	-4.971066	
1624	-100.857199	-2.636719	-64.246083	-4.996769	
1625	-100.857199	-2.636719	-64.246083	-4.996769	
1625	-100.802454	-2.539062	-64.255874	-5.071974	
1626	-100.802454	-2.539062	-64.255874	-5.071974	
1626	-100.781250	-2.492910	-64.261523	-5.107540	
1627	-100.781250	-2.492910	-64.261523	-5.107540	
1627	-100.759874	-2.441406	-64.268578	-5.147326	
1628	-100.759874	-2.441406	-64.268578	-5.147326	
1628	-100.727932	-2.343750	-64.283994	-5.222702	
1629	-100.727932	-2.343750	-64.283994	-5.222702	
1629	-100.706510	-2.246094	-64.301959	-5.297990	
1630	-100.706510	-2.246094	-64.301959	-5.297990	
1630	-100.694326	-2.148438	-64.322428	-5.373456	
1631	-100.694326	-2.148438	-64.322428	-5.373456	
1631	-100.690207	-2.050781	-64.345470	-5.449634	
1632	-100.690207	-2.050781	-64.345470	-5.449634	
1632	-100.693063	-1.953125	-64.371286	-5.527432	
1633	-100.693063	-1.953125	-64.371286	-5.527432	
1633	-100.701870	-1.855469	-64.400222	-5.608370	
1634	-100.701870	-1.855469	-64.400222	-5.608370	
1634	-100.715673	-1.757812	-64.432747	-5.695068	
1635	-100.715673	-1.757812	-64.432747	-5.695068	
1635	-100.733564	-1.660156	-64.469210	-5.792317	
1636	-100.733564	-1.660156	-64.469210	-5.792317	
1636	-100.753665	-1.562500	-64.508816	-5.909833	
1637	-101.562500	-1.939116	-63.588984	-5.916812	
1637	-101.512608	-1.855469	-63.537074	-6.010987	
1638	-101.464844	-1.799841	-63.507977	-6.064659	
1638	-101.442612	-1.757812	-63.478178	-6.121611	
1639	-101.512608	-1.855469	-63.537074	-6.010987	
1639	-101.464844	-1.799841	-63.507977	-6.064659	
1640	-101.367188	-1.665425	-63.422628	-6.233368	
1640	-101.364993	-1.660156	-63.418367	-6.242484	
1641	-101.364993	-1.660156	-63.418367	-6.242484	
1641	-101.314033	-1.562500	-63.347739	-6.414884	
1642	-101.442612	-1.757812	-63.478178	-6.121611	
1642	-101.367188	-1.665425	-63.422628	-6.233368	
1643	-101.314033	-1.562500	-63.347739	-6.414884	
1643	-101.269531	-1.498947	-63.311238	-6.536160	
1644	-101.269531	-1.498947	-63.311238	-6.536160	
1644	-101.260977	-1.464844	-63.295216	-6.615374	
1645	-101.260977	-1.464844	-63.295216	-6.615374	
1645	-101.244771	-1.367188	-63.285187	-6.833767	
1646	-101.244771	-1.367188	-63.285187	-6.833767	
1646	-101.243141	-1.269531	-63.315466	-7.010293	
1647	-101.243141	-1.269531	-63.315466	-7.010293	
1647	-101.252447	-1.171875	-63.357161	-7.139890	
1648	-101.252447	-1.171875	-63.357161	-7.139890	
1648	-101.264653	-1.074219	-63.396687	-7.240490	
1649	-101.269531	-1.022654	-63.415961	-7.287167	
1649	-101.264653	-1.074219	-63.396687	-7.240490	
1650	-101.278403	-0.976562	-63.431394	-7.324346	
1650	-101.269531	-1.022654	-63.415961	-7.287167	
1651	-101.278403	-0.976562	-63.431394	-7.324346	
1651	-101.287370	-0.878906	-63.462423	-7.400015	
1652	-101.287370	-0.878906	-63.462423	-7.400015	
1652	-101.289257	-0.781250	-63.490473	-7.471110	
1653	-100.753665	-1.562500	-64.508816	-5.909833	
1653	-100.765715	-1.464844	-64.544921	-6.068323	
1654	-100.765715	-1.464844	-64.544921	-6.068323	
1654	-100.742810	-1.367188	-64.551578	-6.277271	
1655	-100.742810	-1.367188	-64.551578	-6.277271	
1655	-100.699165	-1.269531	-64.513132	-6.485936	
1656	-100.683594	-1.230836	-64.488946	-6.563938	
1656	-100.631586	-1.171875	-64.456073	-6.651304	
1657	-100.699165	-1.269531	-64.513132	-6.485936	
1657	-100.683594	-1.230836	-64.488946	-6.563938	
1658	-100.390625	-0.859221	-64.290446	-7.009901	
1658	-100.321408	-0.781250	-64.258773	-7.074625	
1659	-100.631586	-1.171875	-64.456073	-6.651304	
1659	-100.585938	-1.098339	-64.409434	-6.760949	
1660	-100.585938	-1.098339	-64.409434	-6.760949	
1660	-100.561136	-1.074219	-64.398088	-6.785682	
1661	-100.488281	-0.976883	-64.344966	-6.898081	
1661	-100.487935	-0.976562	-64.344841	-6.898339	
1662	-100.561136	-1.074219	-64.398088	-6.785682	
1662	-100.488281	-0.976883	-64.344966	-6.898081	
1663	-100.487935	-0.976562	-64.344841	-6.898339	
1663	-100.402938	-0.878906	-64.300613	-6.989088	
1664	-100.402938	-0.878906	-64.300613	-6.989088	
1664	-100.390625	-0.859221	-64.290446	-7.009901	
1665	-100.321408	-0.781250	-64.258773	-7.074625	
1665	-100.292969	-0.738601	-64.239231	-7.114857	
1666	-100.292969	-0.738601	-64.239231	-7.114857	
1666	-100.243738	-0.683594	-64.218809	-7.157013	
1667	-100.243738	-0.683594	-64.218809	-7.157013	
1667	-100.195312	-0.614022	-64.190041	-7.217097	
1668	-100.195312	-0.614022	-64.190041	-7.217097	
1668	-100.170104	-0.585938	-64.180396	-7.237372	
1669	-100.170104	-0.585938	-64.180396	-7.237372	
1669	-100.099757	-0.488281	-64.143521	-7.315905	
1670	-100.097656	-0.484811	-64.142150	-7.318854	
1670	-100.025785	-0.390625	-64.109624	-7.389515	
1671	-100.099757	-0.488281	-64.143521	-7.315905	
1671	-100.097656	-0.484811	-64.142150	-7.318854	
1672	-100.025785	-0.390625	-64.109624	-7.389515	
1672	-100.000000	-0.349559	-64.094695	-7.422443	
1673	-101.289257	-0.781250	-63.490473	-7.471110	
1673	-101.284420	-0.683594	-63.515815	-7.539010	
1674	-101.284420	-0.683594	-63.515815	-7.539010	
1674	-101.272900	-0.585938	-63.538704	-7.604590	
1675	-101.272900	-0.585938	-63.538704	-7.604590	
1675	-101.269531	-0.565212	-63.543271	-7.618280	
1676	-101.269531	-0.565212	-63.543271	-7.618280	
1676	-101.256235	-0.488281	-63.559251	-7.668115	
1677	-101.256235	-0.488281	-63.559251	-7.668115	
1677	-101.233170	-0.390625	-63.577719	-7.730246	
1678	-101.171875	-0.208469	-63.607057	-7.843345	
1678	-101.166456	-0.195312	-63.608932	-7.851399	
1679	-101.166456	-0.195312	-63.608932	-7.851399	
1679	-101.124323	-0.097656	-63.621802	-7.910479	
1680	-101.124323	-0.097656	-63.621802	-7.910479	
1680	-101.075107	0.000000	-63.632982	-7.968828	
1681	-101.233170	-0.390625	-63.577719	-7.730246	
1681	-101.203166	-0.292969	-63.594253	-7.791306	
1682	-101.203166	-0.292969	-63.594253	-7.791306	
1682	-101.171875	-0.208469	-63.607057	-7.843345	
1683	-116.894531	-0.455345	-72.183988	-6.157467	
1683	-116.796875	-0.454170	-72.184863	-6.154838	
1684	-116.966717	-0.390625	-72.174438	-6.185386	
1684	-116.894531	-0.455345	-72.183988	-6.157467	
1685	-116.796875	-0.454170	-72.184863	-6.154838	
1685	-116.738489	-0.390625	-72.188637	-6.179798	
1686	-116.738489	-0.390625	-72.188637	-6.179798	
1686	-116.699219	-0.325336	-72.198011	-6.208861	
1687	-116.699219	-0.325336	-72.198011	-6.208861	
1687	-116.691360	-0.292969	-72.203923	-6.222923	
1688	-116.691360	-0.292969	-72.203923	-6.222923	
1688	-116.679275	-0.195312	-72.226945	-6.266232	
1689	-116.679275	-0.195312	-72.226945	-6.266232	
1689	-116.679645	-0.097656	-72.257378	-6.310860	
1690	-116.679645	-0.097656	-72.257378	-6.310860	
1690	-116.688675	0.000000	-72.295483	-6.357637	
1691	-117.024413	-0.292969	-72.152358	-6.226227	
1691	-116.992188	-0.366042	-72.169002	-6.196909	
1692	-117.024413	-0.292969	-72.152358	-6.226227	
1692	-117.053440	-0.195312	-72.124347	-6.266116	
1693	-116.992188	-0.366042	-72.169002	-6.196909	
1693	-116.966717	-0.390625	-72.174438	-6.185386	
1694	-117.053440	-0.195312	-72.124347	-6.266116	
1694	-117.068304	-0.097656	-72.090415	-6.307369	
1695	-117.068304	-0.097656	-72.090415	-6.307369	
1695	-117.072110	0.000000	-72.050104	-6.351716	
1696	-137.109375	-23.623503	-92.341676	-8.497399	
1696	-137.011719	-23.632746	-92.555460	-8.512448	
1697	-137.011719	-23.632746	-92.555460	-8.512448	
1697	-136.946225	-23.535156	-92.777696	-8.759813	
1698	-136.946225	-23.535156	-92.777696	-8.759813	
1698	-136.979527	-23.437500	-92.794339	-9.024002	
1699	-137.178901	-23.535156	-92.162214	-8.646345	
1699	-137.109375	-23.623503	-92.341676	-8.497399	
1700	-137.178901	-23.535156	-92.162214	-8.646345	
1700	-137.203016	-23.437500	-92.124603	-8.905064	
1701	-137.203016	-23.437500	-92.124603	-8.905064	
1701	-137.160038	-23.339844	-92.309936	-9.184950	
1702	-137.160038	-23.339844	-92.309936	-9.184950	
1702	-137.109375	-23.268148	-92.468262	-9.245870	
1703	-137.011719	-23.388121	-92.715624	-9.157417	
1703	-137.064907	-23.339844	-92.566520	-9.241409	
1704	-137.011719	-23.388121	-92.715624	-9.157417	
1704	-136.979527	-23.437500	-92.794339	-9.024002	
1705	-137.109375	-23.268148	-92.468262	-9.245870	
1705	-137.064907	-23.339844	-92.566520	-9.241409	
1706	0.867250	-85.644531	-13.496514	-43.603287	
1706	0.878906	-85.654347	-13.542362	-43.565503	
1707	0.878906	-85.654347	-13.542362	-43.565503	
1707	0.903467	-85.644531	-13.555026	-43.548370	
1708	0.878906	-85.632602	-13.506974	-43.596559	
1708	0.903467	-85.644531	-13.555026	-43.548370	
1709	0.867250	-85.644531	-13.496514	-43.603287	
1709	0.878906	-85.632602	-13.506974	-43.596559	
1710	25.586745	-79.980469	3.023767	-41.432573	
1710	25.683594	-80.076429	2.864197	-41.321687	
1711	25.683594	-80.076429	2.864197	-41.321687	
1711	25.780191	-79.980469	2.627361	-41.493821	
1712	25.683594	-79.884718	2.800072	-41.650715	
1712	25.780191	-79.980469	2.627361	-41.493821	
1713	25.586745	-79.980469	3.023767	-41.432573	
1713	25.683594	-79.884718	2.800072	-41.650715	
1714	30.030351	-56.250000	1.370935	-23.921285	
1714	30.078125	-56.221481	1.277453	-23.909050	
1715	30.078125	-56.221481	1.277453	-23.909050	
1715	30.129492	-56.250000	1.159796	-23.858576	
1716	64.160156	-71.176317	31.176219	-41.445338	
1716	64.231047	-71.093750	31.034743	-41.503180	
1717	64.075862	-71.093750	31.226654	-41.517452	
1717	64.160156	-71.176317	31.176219	-41.445338	
1718	64.075862	-71.093750	31.226654	-41.517452	
1718	64.160156	-71.020238	31.188234	-41.629006	
1719	64.160156	-71.020238	31.188234	-41.629006	
1719	64.231047	-71.093750	31.034743	-41.503180	
1720	52.734375	-32.211079	12.700225	-12.594874	
1720	52.790069	-32.128906	12.640333	-12.971622	
1721	52.790069	-32.128906	12.640333	-12.971622	
1721	52.753504	-32.031250	12.762545	-13.288675	
1722	52.535190	-32.324219	13.330041	-12.306832	
1722	52.539062	-32.329990	13.317804	-12.300769	
1723	52.535190	-32.324219	13.330041	-12.306832	
1723	52.460340	-32.226562	13.543137	-12.570134	
1724	52.539062	-32.329990	13.317804	-12.300769	
1724	52.553799	-32.324219	13.294037	-12.290695	
1725	52.636719	-32.323075	13.094424	-12.273710	
1725	52.731106	-32.226562	12.733037	-12.535065	
1726	52.553799	-32.324219	13.294037	-12.290695	
1726	52.636719	-32.323075	13.094424	-12.273710	
1727	52.731106	-32.226562	12.733037	-12.535065	
1727	52.734375	-32.211079	12.700225	-12.594874	
1728	52.539062	-32.037173	13.345957	-13.323134	
1728	52.557794	-32.031250	13.292222	-13.361321	
1729	52.460340	-32.226562	13.543137	-12.570134	
1729	52.460349	-32.128906	13.569195	-12.928667	
1730	52.460349	-32.128906	13.569195	-12.928667	
1730	52.539062	-32.037173	13.345957	-13.323134	
1731	52.557794	-32.031250	13.292222	-13.361321	
1731	52.636719	-31.950845	13.044970	-13.431118	
1732	52.636719	-31.950845	13.044970	-13.431118	
1732	52.734375	-31.993172	12.835770	-13.359669	
1733	52.734375	-31.993172	12.835770	-13.359669	
1733	52.753504	-32.031250	12.762545	-13.288675	
1734	10.353845	-43.554688	-12.741696	-10.343625	
1734	10.436243	-43.457031	-13.028822	-10.763531	
1735	10.543842	-43.554688	-13.246949	-10.558590	
1735	10.521650	-43.457031	-13.226667	-10.767995	
1736	10.449219	-43.429665	-13.094738	-10.781882	
1736	10.521650	-43.457031	-13.226667	-10.767995	
1737	10.436243	-43.457031	-13.028822	-10.763531	
1737	10.449219	-43.429665	-13.094738	-10.781882	
1738	46.877221	-32.519531	9.198356	-11.689543	
1738	46.972656	-32.615913	9.063498	-11.577185	
1739	46.972656	-32.615913	9.063498	-11.577185	
1739	47.067223	-32.519531	8.841954	-11.810138	
1740	46.972656	-32.422264	8.934017	-11.989569	
1740	47.067223	-32.519531	8.841954	-11.810138	
1741	46.877221	-32.519531	9.198356	-11.689543	
1741	46.972656	-32.422264	8.934017	-11.989569	
1742	39.517589	-25.683594	1.703709	-6.687353	
1742	39.550781	-25.732831	1.599098	-6.643899	
1743	39.550781	-25.732831	1.599098	-6.643899	
1743	39.584138	-25.683594	1.545712	-6.635867	
1744	39.584138	-25.683594	1.545712	-6.635867	
1744	39.648438	-25.669220	1.426659	-6.674564	
1745	39.517589	-25.683594	1.703709	-6.687353	
1745	39.457657	-25.585938	1.924813	-7.052235	
1746	39.648438	-25.669220	1.426659	-6.674564	
1746	39.722343	-25.585938	1.314118	-6.859010	
1747	39.722343	-25.585938	1.314118	-6.859010	
1747	39.723255	-25.488281	1.359513	-7.140253	
1748	39.648438	-25.398342	1.614222	-7.374661	
1748	39.723255	-25.488281	1.359513	-7.140253	
1749	39.457657	-25.585938	1.924813	-7.052235	
1749	39.533978	-25.488281	1.844274	-7.322851	
1750	39.550781	-25.460599	1.793520	-7.357977	
1750	39.648438	-25.398342	1.614222	-7.374661	
1751	39.533978	-25.488281	1.844274	-7.322851	
1751	39.550781	-25.460599	1.793520	-7.357977	
1752	27.968836	-19.433594	-7.406230	-2.588729	
1752	28.027344	-19.512332	-7.497748	-2.547601	
1753	28.027344	-19.512332	-7.497748	-2.547601	
1753	28.073892	-19.433594	-7.606233	-2.604672	
1754	28.073892	-19.433594	-7.606233	-2.604672	
1754	28.048683	-19.335938	-7.576316	-2.838158	
1755	27.968836	-19.433594	-7.406230	-2.588729	
1755	28.015782	-19.335938	-7.507958	-2.845528	
1756	28.015782	-19.335938	-7.507958	-2.845528	
1756	28.027344	-19.290809	-7.535981	-2.843095	
1757	28.027344	-19.290809	-7.535981	-2.843095	
1757	28.048683	-19.335938	-7.576316	-2.838158	
1758	45.150097	-2.246094	2.576517	-0.454386	
1758	45.214844	-2.337991	2.475001	-0.322548	
1759	45.214844	-2.337991	2.475001	-0.322548	
1759	45.287521	-2.246094	2.422782	-0.459975	
1760	45.214844	-2.150321	2.462687	-0.574564	
1760	45.287521	-2.246094	2.422782	-0.459975	
1761	45.150097	-2.246094	2.576517	-0.454386	
1761	45.214844	-2.150321	2.462687	-0.574564	
1762	36.865325	-8.007812	-3.001419	-0.947138	
1762	36.914062	-8.088808	-3.094893	-0.924601	
1763	36.914062	-8.088808	-3.094893	-0.924601	
1763	36.958485	-8.007812	-3.196609	-0.991413	
1764	36.958485	-8.007812	-3.196609	-0.991413	
1764	36.966226	-7.910156	-3.198567	-1.259903	
1765	36.914062	-7.823085	-3.092150	-1.335270	
1765	36.966226	-7.910156	-3.198567	-1.259903	
1766	36.865325	-8.007812	-3.001419	-0.947138	
1766	36.863178	-7.910156	-2.993661	-1.309416	
1767	36.863178	-7.910156	-2.993661	-1.309416	
1767	36.914062	-7.823085	-3.092150	-1.335270	
1768	25.047897	-1.562500	-10.304442	-0.681881	
1768	25.027499	-1.464844	-10.274294	-0.699232	
1769	25.027499	-1.464844	-10.274294	-0.699232	
1769	25.013783	-1.367188	-10.234679	-0.721327	
1770	25.314033	-1.562500	-10.371994	-0.680114	
1770	25.310659	-1.464844	-10.388388	-0.699217	
1771	25.310659	-1.464844	-10.388388	-0.699217	
1771	25.301796	-1.367188	-10.410851	-0.721715	
1772	25.292969	-1.311521	-10.426255	-0.736150	
1772	25.288751	-1.269531	-10.441197	-0.749885	
1773	25.292969	-1.311521	-10.426255	-0.736150	
1773	25.301796	-1.367188	-10.410851	-0.721715	
1774	25.288751	-1.269531	-10.441197	-0.749885	
1774	25.277471	-1.171875	-10.486672	-0.792811	
1775	25.013783	-1.367188	-10.234679	-0.721327	
1775	25.005646	-1.269531	-10.180762	-0.752573	
1776	25.005646	-1.269531	-10.180762	-0.752573	
1776	25.001276	-1.171875	-10.101299	-0.805003	
1777	25.000000	-1.144838	-10.071450	-0.827532	
1777	25.001276	-1.171875	-10.101299	-0.805003	
1778	25.277471	-1.171875	-10.486672	-0.792811	
1778	25.274526	-1.074219	-10.561611	-0.878253	
1779	25.274526	-1.074219	-10.561611	-0.878253	
1779	25.282086	-0.976562	-10.656019	-1.068719	
1780	25.282086	-0.976562	-10.656019	-1.068719	
1780	25.285507	-0.878906	-10.664147	-1.376483	
1781	25.285507	-0.878906	-10.664147	-1.376483	
1781	25.273375	-0.781250	-10.528193	-1.665865	
1782	25.273375	-0.781250	-10.528193	-1.665865	
1782	25.266144	-0.683594	-10.387894	-1.809023	
1783	25.266144	-0.683594	-10.387894	-1.809023	
1783	25.264983	-0.585938	-10.304327	-1.869808	
1784	25.264983	-0.585938	-10.304327	-1.869808	
1784	25.263753	-0.488281	-10.251840	-1.902440	
1785	25.263753	-0.488281	-10.251840	-1.902440	
1785	25.258718	-0.390625	-10.214995	-1.923645	
1786	25.000000	-0.501096	-10.058949	-1.907328	
1786	25.001003	-0.488281	-10.063548	-1.910377	
1787	25.001003	-0.488281	-10.063548	-1.910377	
1787	25.010169	-0.390625	-10.092529	-1.929012	
1788	25.010169	-0.390625	-10.092529	-1.929012	
1788	25.024775	-0.292969	-10.113795	-1.942420	
1789	25.024775	-0.292969	-10.113795	-1.942420	
1789	25.044483	-0.195312	-10.128797	-1.952217	
1790	25.258718	-0.390625	-10.214995	-1.923645	
1790	25.248065	-0.292969	-10.187810	-1.938777	
1791	25.248065	-0.292969	-10.187810	-1.938777	
1791	25.231724	-0.195312	-10.168089	-1.949803	
1792	25.231724	-0.195312	-10.168089	-1.949803	
1792	25.211285	-0.097656	-10.154821	-1.957659	
1793	25.195312	-0.019741	-10.148299	-1.962043	
1793	25.211285	-0.097656	-10.154821	-1.957659	
1794	25.044483	-0.195312	-10.128797	-1.952217	
1794	25.068057	-0.097656	-10.138378	-1.959237	
1795	25.195312	-0.019741	-10.148299	-1.962043	
1795	25.134224	0.000000	-10.144525	-1.964427	
1796	25.068057	-0.097656	-10.138378	-1.959237	
1796	25.093194	0.000000	-10.143289	-1.964042	
1797	24.525434	-5.468750	-10.413827	0.026728	
1797	24.516962	-5.371094	-10.318122	-0.208993	
1798	24.516962	-5.371094	-10.318122	-0.208993	
1798	24.526123	-5.273438	-10.361501	-0.521218	
1799	24.526123	-5.273438	-10.361501	-0.521218	
1799	24.550174	-5.175781	-10.502058	-0.703831	
1800	24.550174	-5.175781	-10.502058	-0.703831	
1800	24.574228	-5.078125	-10.598952	-0.768016	
1801	24.779634	-5.468750	-10.846820	0.006605	
1801	24.793470	-5.371094	-10.964394	-0.260015	
1802	24.793470	-5.371094	-10.964394	-0.260015	
1802	24.804688	-5.303063	-10.977352	-0.469815	
1803	24.953073	-5.371094	-10.957986	-0.359656	
1803	25.000000	-5.419304	-10.939259	-0.315343	
1804	24.902344	-5.299404	-10.978038	-0.469539	
1804	24.953073	-5.371094	-10.957986	-0.359656	
1805	24.804688	-5.303063	-10.977352	-0.469815	
1805	24.902344	-5.299404	-10.978038	-0.469539	
1806	25.000000	-5.108254	-10.948055	-0.653672	
1806	24.935350	-5.078125	-10.914512	-0.698744	
1807	24.707031	-4.902431	-10.734518	-0.802721	
1807	24.804688	-4.963307	-10.803448	-0.784652	
1808	24.609375	-4.974592	-10.664067	-0.794367	
1808	24.707031	-4.902431	-10.734518	-0.802721	
1809	24.902344	-5.046232	-10.886664	-0.728160	
1809	24.816518	-4.980469	-10.815473	-0.778955	
1810	24.902344	-5.046232	-10.886664	-0.728160	
1810	24.935350	-5.078125	-10.914512	-0.698744	
1811	24.804688	-4.963307	-10.803448	-0.784652	
1811	24.816518	-4.980469	-10.815473	-0.778955	
1812	24.574228	-5.078125	-10.598952	-0.768016	
1812	24.608074	-4.980469	-10.661824	-0.793708	
1813	24.608074	-4.980469	-10.661824	-0.793708	
1813	24.609375	-4.974592	-10.664067	-0.794367	
1814	24.998141	-1.074219	-9.974472	-0.915963	
1814	25.000000	-1.144838	-10.071450	-0.827532	
1815	24.998141	-1.074219	-9.974472	-0.915963	
1815	24.992477	-0.976562	-9.812058	-1.175274	
1816	24.992477	-0.976562	-9.812058	-1.175274	
1816	24.991294	-0.878906	-9.784180	-1.523852	
1817	24.991294	-0.878906	-9.784180	-1.523852	
1817	24.993642	-0.781250	-9.879923	-1.740074	
1818	24.993642	-0.781250	-9.879923	-1.740074	
1818	24.995075	-0.683594	-9.966080	-1.835916	
1819	24.995075	-0.683594	-9.966080	-1.835916	
1819	24.997039	-0.585938	-10.023986	-1.882943	
1820	24.997039	-0.585938	-10.023986	-1.882943	
1820	25.000000	-0.501096	-10.058949	-1.907328	
1821	5.156291	-10.937500	-19.448181	1.487170	
1821	5.175781	-10.841402	-19.437968	1.478356	
1822	5.175781	-10.841402	-19.437968	1.478356	
1822	5.176096	-10.839844	-19.437749	1.478168	
1823	5.176096	-10.839844	-19.437749	1.478168	
1823	5.205853	-10.742188	-19.421966	1.464247	
1824	5.284311	-10.937500	-19.478039	1.493374	
1824	5.303118	-10.839844	-19.489416	1.491426	
1825	5.303118	-10.839844	-19.489416	1.491426	
1825	5.322424	-10.742188	-19.509449	1.487648	
1826	5.322424	-10.742188	-19.509449	1.487648	
1826	5.355045	-10.644531	-19.590264	1.463807	
1827	5.371094	-10.640278	-19.622090	1.447033	
1827	5.445146	-10.546875	-19.715938	1.266526	
1828	5.355045	-10.644531	-19.590264	1.463807	
1828	5.371094	-10.640278	-19.622090	1.447033	
1829	5.205853	-10.742188	-19.421966	1.464247	
1829	5.210969	-10.644531	-19.381576	1.416070	
1830	5.210969	-10.644531	-19.381576	1.416070	
1830	5.215098	-10.546875	-19.353393	1.295294	
1831	5.215098	-10.546875	-19.353393	1.295294	
1831	5.273438	-10.464184	-19.440399	1.136669	
1832	5.273438	-10.464184	-19.440399	1.136669	
1832	5.299926	-10.449219	-19.497456	1.107136	
1833	5.445146	-10.546875	-19.715938	1.266526	
1833	5.437961	-10.449219	-19.683826	1.153144	
1834	5.437961	-10.449219	-19.683826	1.153144	
1834	5.451491	-10.351562	-19.648290	1.111940	
1835	5.299926	-10.449219	-19.497456	1.107136	
1835	5.319834	-10.351562	-19.554815	1.089786	
1836	5.319834	-10.351562	-19.554815	1.089786	
1836	5.331967	-10.253906	-19.573916	1.084862	
1837	5.451491	-10.351562	-19.648290	1.111940	
1837	5.468750	-10.287880	-19.636870	1.100818	
1838	5.331967	-10.253906	-19.573916	1.084862	
1838	5.345166	-10.156250	-19.586945	1.081185	
1839	5.468750	-10.287880	-19.636870	1.100818	
1839	5.487620	-10.253906	-19.634195	1.098025	
1840	5.487620	-10.253906	-19.634195	1.098025	
1840	5.509871	-10.156250	-19.623897	1.086842	
1841	5.509871	-10.156250	-19.623897	1.086842	
1841	5.521778	-10.058594	-19.617440	1.077912	
1842	5.521778	-10.058594	-19.617440	1.077912	
1842	5.510759	-9.960938	-19.614261	1.070582	
1843	5.468750	-9.893438	-19.614151	1.067487	
1843	5.510759	-9.960938	-19.614261	1.070582	
1844	5.345166	-10.156250	-19.586945	1.081185	
1844	5.362402	-10.058594	-19.597796	1.077481	
1845	5.371094	-10.013441	-19.602094	1.075705	
1845	5.421616	-9.960938	-19.610032	1.071600	
1846	5.362402	-10.058594	-19.597796	1.077481	
1846	5.371094	-10.013441	-19.602094	1.075705	
1847	5.421616	-9.960938	-19.610032	1.071600	
1847	5.468750	-9.893438	-19.614151	1.067487	
1848	6.347656	-3.388994	-19.923216	-0.070974	
1848	6.445312	-3.323082	-19.930112	-0.100449	
1849	6.250000	-3.400020	-19.922288	-0.063682	
1849	6.347656	-3.388994	-19.923216	-0.070974	
1850	6.445312	-3.323082	-19.930112	-0.100449	
1850	6.447350	-3.320312	-19.930443	-0.101590	
1851	6.447350	-3.320312	-19.930443	-0.101590	
1851	6.515758	-3.222656	-19.945099	-0.143778	
1852	6.542969	-3.173796	-19.954321	-0.165772	
1852	6.558855	-3.125000	-19.964081	-0.186991	
1853	6.515758	-3.222656	-19.945099	-0.143778	
1853	6.542969	-3.173796	-19.954321	-0.165772	
1854	10.544346	-1.269531	-18.516866	-1.148454	
1854	10.546875	-1.278325	-18.518902	-1.144830	
1855	10.544346	-1.269531	-18.516866	-1.148454	
1855	10.526402	-1.171875	-18.490735	-1.189105	
1856	10.742188	-1.365556	-18.540069	-1.097716	
1856	10.830325	-1.269531	-18.542857	-1.129201	
1857	10.839844	-1.257607	-18.543717	-1.133572	
1857	10.872682	-1.171875	-18.552194	-1.164556	
1858	10.830325	-1.269531	-18.542857	-1.129201	
1858	10.839844	-1.257607	-18.543717	-1.133572	
1859	10.546875	-1.278325	-18.518902	-1.144830	
1859	10.626150	-1.367188	-18.537685	-1.103677	
1860	10.730755	-1.367188	-18.540068	-1.097412	
1860	10.742188	-1.365556	-18.540069	-1.097716	
1861	10.872682	-1.171875	-18.552194	-1.164556	
1861	10.894061	-1.074219	-18.567207	-1.202213	
1862	10.894061	-1.074219	-18.567207	-1.202213	
1862	10.900630	-0.976562	-18.587934	-1.242687	
1863	10.900630	-0.976562	-18.587934	-1.242687	
1863	10.895584	-0.878906	-18.615227	-1.287735	
1864	10.895584	-0.878906	-18.615227	-1.287735	
1864	10.881605	-0.781250	-18.651488	-1.342171	
1865	10.546875	-0.918291	-18.397420	-1.297870	
1865	10.553040	-0.878906	-18.377221	-1.318210	
1866	10.553040	-0.878906	-18.377221	-1.318210	
1866	10.575099	-0.781250	-18.318704	-1.375770	
1867	10.526402	-1.171875	-18.490735	-1.189105	
1867	10.523976	-1.074219	-18.458797	-1.230423	
1868	10.523976	-1.074219	-18.458797	-1.230423	
1868	10.532929	-0.976562	-18.420924	-1.273261	
1869	10.532929	-0.976562	-18.420924	-1.273261	
1869	10.546875	-0.918291	-18.397420	-1.297870	
1870	6.558855	-3.125000	-19.964081	-0.186991	
1870	6.581908	-3.027344	-19.986617	-0.230810	
1871	6.581908	-3.027344	-19.986617	-0.230810	
1871	6.592879	-2.929688	-20.012998	-0.276300	
1872	6.592879	-2.929688	-20.012998	-0.276300	
1872	6.593395	-2.832031	-20.043448	-0.323964	
1873	6.593395	-2.832031	-20.043448	-0.323964	
1873	6.584913	-2.734375	-20.078596	-0.374831	
1874	6.584913	-2.734375	-20.078596	-0.374831	
1874	6.568008	-2.636719	-20.119471	-0.430586	
1875	6.542969	-2.553168	-20.158298	-0.481951	
1875	6.568008	-2.636719	-20.119471	-0.430586	
1876	6.542969	-2.553168	-20.158298	-0.481951	
1876	6.540868	-2.539062	-20.166882	-0.493268	
1877	6.540868	-2.539062	-20.166882	-0.493268	
1877	6.518140	-2.441406	-20.233308	-0.583983	
1878	6.518140	-2.441406	-20.233308	-0.583983	
1878	6.502467	-2.343750	-20.326454	-0.744529	
1879	6.502467	-2.343750	-20.326454	-0.744529	
1879	6.497555	-2.246094	-20.396652	-1.033208	
1880	6.497555	-2.246094	-20.396652	-1.033208	
1880	6.503772	-2.148438	-20.345741	-1.331150	
1881	6.503772	-2.148438	-20.345741	-1.331150	
1881	6.519887	-2.050781	-20.257723	-1.503793	
1882	6.542969	-1.953862	-20.192880	-1.601816	
1882	6.543469	-1.953125	-20.192612	-1.602210	
1883	6.519887	-2.050781	-20.257723	-1.503793	
1883	6.542969	-1.953862	-20.192880	-1.601816	
1884	6.543469	-1.953125	-20.192612	-1.602210	
1884	6.571615	-1.855469	-20.145875	-1.671187	
1885	6.571615	-1.855469	-20.145875	-1.671187	
1885	6.587156	-1.757812	-20.105473	-1.733995	
1886	6.587156	-1.757812	-20.105473	-1.733995	
1886	6.592421	-1.660156	-20.071061	-1.792486	
1887	6.592421	-1.660156	-20.071061	-1.792486	
1887	6.586012	-1.562500	-20.041817	-1.848530	
1888	6.586012	-1.562500	-20.041817	-1.848530	
1888	6.565477	-1.464844	-20.017464	-1.903122	
1889	6.542969	-1.399917	-20.004107	-1.938710	
1889	6.565477	-1.464844	-20.017464	-1.903122	
1890	6.542969	-1.399917	-20.004107	-1.938710	
1890	6.523118	-1.367188	-19.998041	-1.957231	
1891	6.523118	-1.367188	-19.998041	-1.957231	
1891	6.445330	-1.269531	-19.984679	-2.010663	
1892	6.445312	-1.269511	-19.984677	-2.010673	
1892	6.445330	-1.269531	-19.984679	-2.010663	
1893	6.347656	-1.220286	-19.981255	-2.037854	
1893	6.445312	-1.269511	-19.984677	-2.010673	
1894	6.250000	-1.227059	-19.981041	-2.034407	
1894	6.347656	-1.220286	-19.981255	-2.037854	
1895	6.152344	-3.360598	-19.922098	-0.077243	
1895	6.250000	-3.400020	-19.922288	-0.063682	
1896	6.116252	-3.320312	-19.920701	-0.092650	
1896	6.152344	-3.360598	-19.922098	-0.077243	
1897	6.054688	-3.233695	-19.914569	-0.128741	
1897	6.116252	-3.320312	-19.920701	-0.092650	
1898	6.050413	-3.222656	-19.913548	-0.133400	
1898	6.054688	-3.233695	-19.914569	-0.128741	
1899	6.050413	-3.222656	-19.913548	-0.133400	
1899	6.021008	-3.125000	-19.902154	-0.176194	
1900	6.021008	-3.125000	-19.902154	-0.176194	
1900	6.007212	-3.027344	-19.886724	-0.221312	
1901	6.007212	-3.027344	-19.886724	-0.221312	
1901	6.006004	-2.929688	-19.867279	-0.268687	
1902	6.006004	-2.929688	-19.867279	-0.268687	
1902	6.015158	-2.832031	-19.843595	-0.318628	
1903	6.015158	-2.832031	-19.843595	-0.318628	
1903	6.033754	-2.734375	-19.815279	-0.371682	
1904	6.033754	-2.734375	-19.815279	-0.371682	
1904	6.054688	-2.672617	-19.795843	-0.405390	
1905	6.054688	-2.672617	-19.795843	-0.405390	
1905	6.061867	-2.636719	-19.781814	-0.428729	
1906	6.061867	-2.636719	-19.781814	-0.428729	
1906	6.091767	-2.539062	-19.739263	-0.496735	
1907	6.091767	-2.539062	-19.739263	-0.496735	
1907	6.128641	-2.441406	-19.685127	-0.582764	
1908	6.152344	-2.410455	-19.670286	-0.607411	
1908	6.161875	-2.343750	-19.608935	-0.726017	
1909	6.128641	-2.441406	-19.685127	-0.582764	
1909	6.152344	-2.410455	-19.670286	-0.607411	
1910	6.161875	-2.343750	-19.608935	-0.726017	
1910	6.163885	-2.246094	-19.544191	-1.013668	
1911	6.163885	-2.246094	-19.544191	-1.013668	
1911	6.166988	-2.148438	-19.602866	-1.325178	
1912	6.166988	-2.148438	-19.602866	-1.325178	
1912	6.154357	-2.050781	-19.702004	-1.505488	
1913	6.152344	-2.036794	-19.714297	-1.523559	
1913	6.154357	-2.050781	-19.702004	-1.505488	
1914	6.117540	-1.953125	-19.763805	-1.593624	
1914	6.152344	-2.036794	-19.714297	-1.523559	
1915	6.117540	-1.953125	-19.763805	-1.593624	
1915	6.091880	-1.855469	-19.814688	-1.665833	
1916	6.091880	-1.855469	-19.814688	-1.665833	
1916	6.072797	-1.757812	-19.856358	-1.728943	
1917	6.072797	-1.757812	-19.856358	-1.728943	
1917	6.061378	-1.660156	-19.891348	-1.787677	
1918	6.061378	-1.660156	-19.891348	-1.787677	
1918	6.060984	-1.562500	-19.921074	-1.844659	
1919	6.060984	-1.562500	-19.921074	-1.844659	
1919	6.076008	-1.464844	-19.945869	-1.901005	
1920	6.076008	-1.464844	-19.945869	-1.901005	
1920	6.111565	-1.367188	-19.965269	-1.956668	
1921	6.111565	-1.367188	-19.965269	-1.956668	
1921	6.152344	-1.296741	-19.975260	-1.995693	
1922	6.152344	-1.296741	-19.975260	-1.995693	
1922	6.188619	-1.269531	-19.978284	-2.011645	
1923	6.188619	-1.269531	-19.978284	-2.011645	
1923	6.250000	-1.227059	-19.981041	-2.034407	
1924	0.000000	-3.093683	-21.408763	0.281478	
1924	0.045340	-3.027344	-21.417251	0.245698	
1925	0.097656	-2.957076	-21.426488	0.206873	
1925	0.116334	-2.929688	-21.430089	0.191810	
1926	0.045340	-3.027344	-21.417251	0.245698	
1926	0.097656	-2.957076	-21.426488	0.206873	
1927	0.195312	-2.823288	-21.444572	0.131912	
1927	0.258873	-2.734375	-21.457105	0.081333	
1928	0.116334	-2.929688	-21.430089	0.191810	
1928	0.188307	-2.832031	-21.443345	0.136935	
1929	0.188307	-2.832031	-21.443345	0.136935	
1929	0.195312	-2.823288	-21.444572	0.131912	
1930	0.390625	-2.543440	-21.486030	-0.029402	
1930	0.393214	-2.539062	-21.486720	-0.031930	
1931	0.393214	-2.539062	-21.486720	-0.031930	
1931	0.452964	-2.441406	-21.502745	-0.089187	
1932	0.488281	-2.382298	-21.512984	-0.124307	
1932	0.508248	-2.343750	-21.519777	-0.146999	
1933	0.452964	-2.441406	-21.502745	-0.089187	
1933	0.488281	-2.382298	-21.512984	-0.124307	
1934	0.258873	-2.734375	-21.457105	0.081333	
1934	0.292969	-2.688993	-21.463775	0.055014	
1935	0.292969	-2.688993	-21.463775	0.055014	
1935	0.327582	-2.636719	-21.471521	0.025017	
1936	0.327582	-2.636719	-21.471521	0.025017	
1936	0.390625	-2.543440	-21.486030	-0.029402	
1937	0.508248	-2.343750	-21.519777	-0.146999	
1937	0.557519	-2.246094	-21.537859	-0.205180	
1938	0.557519	-2.246094	-21.537859	-0.205180	
1938	0.585938	-2.186001	-21.549607	-0.241366	
1939	0.585938	-2.186001	-21.549607	-0.241366	
1939	0.601349	-2.148438	-21.557110	-0.263858	
1940	0.601349	-2.148438	-21.557110	-0.263858	
1940	0.638960	-2.050781	-21.577560	-0.322926	
1941	0.638960	-2.050781	-21.577560	-0.322926	
1941	0.671274	-1.953125	-21.599334	-0.382584	
1942	0.671274	-1.953125	-21.599334	-0.382584	
1942	0.683594	-1.911012	-21.609150	-0.408510	
1943	0.683594	-1.911012	-21.609150	-0.408510	
1943	0.697835	-1.855469	-21.622458	-0.442781	
1944	0.697835	-1.855469	-21.622458	-0.442781	
1944	0.718860	-1.757812	-21.646999	-0.503601	
1945	0.718860	-1.757812	-21.646999	-0.503601	
1945	0.734654	-1.660156	-21.673037	-0.565174	
1946	0.734654	-1.660156	-21.673037	-0.565174	
1946	0.745293	-1.562500	-21.700637	-0.627598	
1947	0.745293	-1.562500	-21.700637	-0.627598	
1947	0.750894	-1.464844	-21.729871	-0.691017	
1948	0.750894	-1.464844	-21.729871	-0.691017	
1948	0.751604	-1.367188	-21.760830	-0.755619	
1949	0.751604	-1.367188	-21.760830	-0.755619	
1949	0.747571	-1.269531	-21.793625	-0.821657	
1950	0.747571	-1.269531	-21.793625	-0.821657	
1950	0.738920	-1.171875	-21.828388	-0.889457	
1951	0.738920	-1.171875	-21.828388	-0.889457	
1951	0.725705	-1.074219	-21.865274	-0.959423	
1952	0.725705	-1.074219	-21.865274	-0.959423	
1952	0.707832	-0.976562	-21.904441	-1.032039	
1953	0.707832	-0.976562	-21.904441	-1.032039	
1953	0.684935	-0.878906	-21.946013	-1.107834	
1954	0.683594	-0.874822	-21.947729	-1.110945	
1954	0.684935	-0.878906	-21.946013	-1.107834	
1955	0.683594	-0.874822	-21.947729	-1.110945	
1955	0.660116	-0.781250	-21.991224	-1.189527	
1956	0.660116	-0.781250	-21.991224	-1.189527	
1956	0.631451	-0.683594	-22.040067	-1.277909	
1957	0.631451	-0.683594	-22.040067	-1.277909	
1957	0.597759	-0.585938	-22.092702	-1.374677	
1958	0.585938	-0.559838	-22.106735	-1.400965	
1958	0.597759	-0.585938	-22.092702	-1.374677	
1959	0.585938	-0.559838	-22.106735	-1.400965	
1959	0.564375	-0.488281	-22.151863	-1.487607	
1960	0.564375	-0.488281	-22.151863	-1.487607	
1960	0.530761	-0.390625	-22.218145	-1.623537	
1961	0.530761	-0.390625	-22.218145	-1.623537	
1961	0.492634	-0.292969	-22.289694	-1.789787	
1962	0.488281	-0.284052	-22.296204	-1.806422	
1962	0.492634	-0.292969	-22.289694	-1.789787	
1963	0.488281	-0.284052	-22.296204	-1.806422	
1963	0.467168	-0.195312	-22.368137	-2.018512	
1964	0.467168	-0.195312	-22.368137	-2.018512	
1964	0.447259	-0.097656	-22.434671	-2.320897	
1965	0.447259	-0.097656	-22.434671	-2.320897	
1965	0.433441	0.000000	-22.459459	-2.697377	
1966	0.433441	0.000000	-22.459459	-2.697377	
1966	0.429285	0.097656	-22.415399	-3.103590	
1967	0.429285	0.097656	-22.415399	-3.103590	
1967	0.435448	0.195312	-22.313107	-3.463733	
1968	0.435448	0.195312	-22.313107	-3.463733	
1968	0.448928	0.292969	-22.190422	-3.741568	
1969	0.448928	0.292969	-22.190422	-3.741568	
1969	0.467022	0.390625	-22.073639	-3.946538	
1970	0.467022	0.390625	-22.073639	-3.946538	
1970	0.488268	0.488281	-21.971617	-4.099668	
1971	0.488281	0.488354	-21.971544	-4.099771	
1971	0.516520	0.585938	-21.888249	-4.213397	
1972	0.488268	0.488281	-21.971617	-4.099668	
1972	0.488281	0.488354	-21.971544	-4.099771	
1973	0.516520	0.585938	-21.888249	-4.213397	
1973	0.542264	0.683594	-21.813950	-4.309004	
1974	0.542264	0.683594	-21.813950	-4.309004	
1974	0.566147	0.781250	-21.747459	-4.391517	
1975	0.566147	0.781250	-21.747459	-4.391517	
1975	0.585938	0.870324	-21.692144	-4.458792	
1976	0.585938	0.870324	-21.692144	-4.458792	
1976	0.588455	0.878906	-21.687471	-4.464440	
1977	0.588455	0.878906	-21.687471	-4.464440	
1977	0.609433	0.976562	-21.632912	-4.530128	
1978	0.609433	0.976562	-21.632912	-4.530128	
1978	0.626915	1.074219	-21.581752	-4.591618	
1979	0.626915	1.074219	-21.581752	-4.591618	
1979	0.640969	1.171875	-21.533555	-4.649784	
1980	0.640969	1.171875	-21.533555	-4.649784	
1980	0.651466	1.269531	-21.487912	-4.705352	
1981	0.651466	1.269531	-21.487912	-4.705352	
1981	0.658184	1.367188	-21.444471	-4.758902	
1982	0.658184	1.367188	-21.444471	-4.758902	
1982	0.660856	1.464844	-21.402959	-4.810883	
1983	0.660856	1.464844	-21.402959	-4.810883	
1983	0.659207	1.562500	-21.363167	-4.861642	
1984	0.659207	1.562500	-21.363167	-4.861642	
1984	0.652967	1.660156	-21.324942	-4.911444	
1985	0.652967	1.660156	-21.324942	-4.911444	
1985	0.641882	1.757812	-21.288178	-4.960495	
1986	0.641882	1.757812	-21.288178	-4.960495	
1986	0.625708	1.855469	-21.252799	-5.008958	
1987	0.625708	1.855469	-21.252799	-5.008958	
1987	0.604202	1.953125	-21.218756	-5.056966	
1988	0.585938	2.021135	-21.195815	-5.090195	
1988	0.576708	2.050781	-21.185937	-5.104747	
1989	0.576708	2.050781	-21.185937	-5.104747	
1989	0.542317	2.148438	-21.154234	-5.152554	
1990	0.585938	2.021135	-21.195815	-5.090195	
1990	0.604202	1.953125	-21.218756	-5.056966	
1991	0.542317	2.148438	-21.154234	-5.152554	
1991	0.501615	2.246094	-21.123812	-5.200233	
1992	0.488281	2.275482	-21.114934	-5.214526	
1992	0.501615	2.246094	-21.123812	-5.200233	
1993	0.488281	2.275482	-21.114934	-5.214526	
1993	0.452320	2.343750	-21.094399	-5.248331	
1994	0.390625	2.448774	-21.064136	-5.300294	
1994	0.326444	2.539062	-21.038891	-5.345967	
1995	0.292969	2.583493	-21.026968	-5.368403	
1995	0.246093	2.636719	-21.012635	-5.396215	
1996	0.292969	2.583493	-21.026968	-5.368403	
1996	0.326444	2.539062	-21.038891	-5.345967	
1997	0.195312	2.692713	-20.998151	-5.425362	
1997	0.246093	2.636719	-21.012635	-5.396215	
1998	0.195312	2.692713	-20.998151	-5.425362	
1998	0.151011	2.734375	-20.987304	-5.447957	
1999	0.452320	2.343750	-21.094399	-5.248331	
1999	0.395126	2.441406	-21.066197	-5.296665	
2000	0.390625	2.448774	-21.064136	-5.300294	
2000	0.395126	2.441406	-21.066197	-5.296665	
2001	0.097656	2.784074	-20.974873	-5.474758	
2001	0.037145	2.832031	-20.962771	-5.501887	
2002	0.097656	2.784074	-20.974873	-5.474758	
2002	0.151011	2.734375	-20.987304	-5.447957	
2003	0.000000	2.861617	-20.955593	-5.518506	
2003	0.037145	2.832031	-20.962771	-5.501887	
2004	10.500261	4.687500	-17.719299	-3.244907	
2004	10.489886	4.785156	-17.676695	-3.266953	
2005	10.489886	4.785156	-17.676695	-3.266953	
2005	10.479062	4.882812	-17.607240	-3.304904	
2006	10.479062	4.882812	-17.607240	-3.304904	
2006	10.458168	4.980469	-17.462947	-3.428262	
2007	10.449219	5.025491	-17.390058	-3.554511	
2007	10.458168	4.980469	-17.462947	-3.428262	
2008	10.414066	5.078125	-17.362338	-3.734585	
2008	10.449219	5.025491	-17.390058	-3.554511	
2009	10.742188	4.845957	-17.890413	-3.318163	
2009	10.734146	4.882812	-17.905619	-3.343370	
2010	10.812084	4.687500	-17.854859	-3.257363	
2010	10.779710	4.785156	-17.876153	-3.294471	
2011	10.742188	4.845957	-17.890413	-3.318163	
2011	10.779710	4.785156	-17.876153	-3.294471	
2012	10.734146	4.882812	-17.905619	-3.343370	
2012	10.708727	4.980469	-17.956618	-3.449552	
2013	10.708727	4.980469	-17.956618	-3.449552	
2013	10.661093	5.078125	-17.984150	-3.680892	
2014	10.644531	5.112390	-17.948243	-3.804552	
2014	10.629247	5.175781	-17.836394	-3.957312	
2015	10.644531	5.112390	-17.948243	-3.804552	
2015	10.661093	5.078125	-17.984150	-3.680892	
2016	10.629247	5.175781	-17.836394	-3.957312	
2016	10.608575	5.273438	-17.712595	-4.042656	
2017	10.608575	5.273438	-17.712595	-4.042656	
2017	10.593497	5.371094	-17.651166	-4.072507	
2018	10.593497	5.371094	-17.651166	-4.072507	
2018	10.576240	5.468750	-17.611167	-4.091049	
2019	10.347361	5.273438	-17.451410	-4.002828	
2019	10.351562	5.270276	-17.451118	-4.002336	
2020	10.414066	5.078125	-17.362338	-3.734585	
2020	10.379755	5.175781	-17.407086	-3.919291	
2021	10.351562	5.270276	-17.451118	-4.002336	
2021	10.379755	5.175781	-17.407086	-3.919291	
2022	10.347361	5.273438	-17.451410	-4.002828	
2022	10.301409	5.371094	-17.476920	-4.045388	
2023	10.301409	5.371094	-17.476920	-4.045388	
2023	10.268644	5.468750	-17.495362	-4.078415	
2024	1.082815	8.984375	-19.255060	-6.164918	
2024	1.171875	8.910779	-19.293479	-6.025714	
2025	1.362502	8.593750	-19.591002	-5.923045	
2025	1.318062	8.691406	-19.578647	-5.925187	
2026	1.269531	8.714429	-19.555060	-5.924595	
2026	1.318062	8.691406	-19.578647	-5.925187	
2027	1.255079	8.789062	-19.546166	-5.924875	
2027	1.269531	8.714429	-19.555060	-5.924595	
2028	1.464844	8.617200	-19.600837	-5.922340	
2028	1.453271	8.691406	-19.600699	-5.930445	
2029	1.464844	8.617200	-19.600837	-5.922340	
2029	1.470722	8.593750	-19.601429	-5.920458	
2030	1.453271	8.691406	-19.600699	-5.930445	
2030	1.410132	8.789062	-19.604859	-5.948331	
2031	1.367188	8.814704	-19.605574	-5.951701	
2031	1.410132	8.789062	-19.604859	-5.948331	
2032	1.255079	8.789062	-19.546166	-5.924875	
2032	1.211296	8.886719	-19.460548	-5.934148	
2033	1.367188	8.814704	-19.605574	-5.951701	
2033	1.354212	8.886719	-19.615652	-5.986171	
2034	1.269531	8.955080	-19.615339	-6.072134	
2034	1.354212	8.886719	-19.615652	-5.986171	
2035	1.171875	8.910779	-19.293479	-6.025714	
2035	1.211296	8.886719	-19.460548	-5.934148	
2036	1.269531	8.955080	-19.615339	-6.072134	
2036	1.252786	8.984375	-19.562761	-6.159922	
2037	1.252786	8.984375	-19.562761	-6.159922	
2037	1.185595	9.082031	-19.335728	-6.240614	
2038	1.171875	9.144651	-19.326517	-6.240056	
2038	1.185595	9.082031	-19.335728	-6.240614	
2039	0.966690	9.179688	-19.270582	-6.226522	
2039	0.976562	9.174189	-19.270503	-6.226114	
2040	1.024317	9.082031	-19.265473	-6.209543	
2040	1.074219	9.059479	-19.265415	-6.208014	
2041	1.074219	9.059479	-19.265415	-6.208014	
2041	1.082815	8.984375	-19.255060	-6.164918	
2042	1.171875	9.144651	-19.326517	-6.240056	
2042	1.099842	9.179688	-19.290054	-6.235427	
2043	0.976562	9.174189	-19.270503	-6.226114	
2043	1.024317	9.082031	-19.265473	-6.209543	
2044	1.074219	9.249032	-19.286228	-6.235588	
2044	1.003660	9.277344	-19.275119	-6.234490	
2045	1.074219	9.249032	-19.286228	-6.235588	
2045	1.099842	9.179688	-19.290054	-6.235427	
2046	0.976562	9.317022	-19.272911	-6.234881	
2046	1.003660	9.277344	-19.275119	-6.234490	
2047	0.966690	9.179688	-19.270582	-6.226522	
2047	0.935274	9.277344	-19.271443	-6.234184	
2048	0.935274	9.277344	-19.271443	-6.234184	
2048	0.976562	9.317022	-19.272911	-6.234881	
2049	0.189106	12.207031	-19.070658	-5.924873	
2049	0.195312	12.196529	-19.073711	-5.925771	
2050	0.097656	12.220270	-18.952157	-5.917919	
2050	0.189106	12.207031	-19.070658	-5.924873	
2051	0.025207	12.304688	-18.733836	-6.008428	
2051	0.097656	12.220270	-18.952157	-5.917919	
2052	0.195312	12.196529	-19.073711	-5.925771	
2052	0.252791	12.207031	-19.122397	-5.947340	
2053	0.292969	12.224042	-19.150698	-5.969398	
2053	0.314575	12.304688	-19.193860	-6.031286	
2054	0.252791	12.207031	-19.122397	-5.947340	
2054	0.292969	12.224042	-19.150698	-5.969398	
2055	0.292969	12.332518	-19.202280	-6.050859	
2055	0.290342	12.402344	-19.225249	-6.163405	
2056	0.292969	12.332518	-19.202280	-6.050859	
2056	0.314575	12.304688	-19.193860	-6.031286	
2057	0.290342	12.402344	-19.225249	-6.163405	
2057	0.258494	12.500000	-19.157637	-6.442208	
2058	0.000000	12.321115	-18.649772	-6.083323	
2058	0.025207	12.304688	-18.733836	-6.008428	
2059	15.626732	22.753906	-11.494083	-1.223164	
2059	15.722656	22.657331	-11.611692	-1.089222	
2060	15.722656	22.657331	-11.611692	-1.089222	
2060	15.818341	22.753906	-11.655707	-1.166417	
2061	15.722656	22.850344	-11.553728	-1.278365	
2061	15.818341	22.753906	-11.655707	-1.166417	
2062	15.626732	22.753906	-11.494083	-1.223164	
2062	15.722656	22.850344	-11.553728	-1.278365	
2063	0.195312	12.571365	-18.938684	-6.684190	
2063	0.112080	12.597656	-18.749070	-6.754625	
2064	0.097656	12.626716	-18.721865	-6.756136	
2064	0.112080	12.597656	-18.749070	-6.754625	
2065	0.000000	12.655189	-18.616135	-6.738813	
2065	0.097656	12.626716	-18.721865	-6.756136	
2066	0.195312	12.571365	-18.938684	-6.684190	
2066	0.258494	12.500000	-19.157637	-6.442208	
2067	6.968806	19.726562	-15.566199	-3.770465	
2067	7.031250	19.657562	-15.784324	-3.673035	
2068	6.968806	19.726562	-15.566199	-3.770465	
2068	6.933600	19.824219	-15.452445	-3.985953	
2069	6.933594	19.826381	-15.452164	-3.990655	
2069	6.933600	19.824219	-15.452445	-3.985953	
2070	6.890196	19.921875	-15.483675	-4.131036	
2070	6.933594	19.826381	-15.452164	-3.990655	
2071	6.890196	19.921875	-15.483675	-4.131036	
2071	6.933594	19.982345	-15.558252	-4.216171	
2072	6.933594	19.982345	-15.558252	-4.216171	
2072	7.031250	20.003533	-15.765152	-4.281227	
2073	34.375000	24.529185	-1.160938	4.048049	
2073	34.457512	24.609375	-1.251559	3.900962	
2074	34.375000	24.685885	-1.180574	3.764063	
2074	34.457512	24.609375	-1.251559	3.900962	
2075	34.082031	25.126962	-0.923141	3.888834	
2075	34.179688	25.161826	-1.065037	3.807611	
2076	33.984375	25.160187	-0.671476	3.865458	
2076	34.082031	25.126962	-0.923141	3.888834	
2077	34.274581	25.097656	-1.075969	3.794915	
2077	34.277344	25.093333	-1.075670	3.795198	
2078	34.277344	25.093333	-1.075670	3.795198	
2078	34.375000	25.024410	-1.092717	3.790151	
2079	34.277344	25.112698	-1.080761	3.790002	
2079	34.375000	25.108868	-1.093250	3.779505	
2080	34.179688	25.161826	-1.065037	3.807611	
2080	34.274581	25.097656	-1.075969	3.794915	
2081	34.277344	25.112698	-1.080761	3.790002	
2081	34.254437	25.195312	-1.097145	3.752168	
2082	34.179688	25.216738	-1.095722	3.752331	
2082	34.254437	25.195312	-1.097145	3.752168	
2083	34.179688	25.216738	-1.095722	3.752331	
2083	34.175837	25.292969	-1.096303	3.622210	
2084	34.082031	25.379085	-0.868898	3.357588	
2084	34.175837	25.292969	-1.096303	3.622210	
2085	33.984375	25.388180	-0.602486	3.338810	
2085	34.082031	25.379085	-0.868898	3.357588	
2086	-151.159239	27.246094	-106.979288	6.080776	
2086	-151.074219	27.155908	-107.124356	6.183796	
2087	-151.074219	27.155908	-107.124356	6.183796	
2087	-150.995507	27.246094	-107.320333	6.057091	
2088	-150.995507	27.246094	-107.320333	6.057091	
2088	-151.071483	27.343750	-107.168488	5.769084	
2089	-151.159239	27.246094	-106.979288	6.080776	
2089	-151.075541	27.343750	-107.155518	5.770494	
2090	-151.075541	27.343750	-107.155518	5.770494	
2090	-151.074219	27.347770	-107.161252	5.769876	
2091	-151.074219	27.347770	-107.161252	5.769876	
2091	-151.071483	27.343750	-107.168488	5.769084	
2092	-148.844471	0.097656	-100.765261	-4.888630	
2092	-148.828125	0.066734	-100.825241	-4.869404	
2093	-148.844471	0.097656	-100.765261	-4.888630	
2093	-148.909718	0.195312	-100.482695	-5.076615	
2094	-148.927867	0.292969	-100.289572	-5.377284	
2094	-148.925781	0.285440	-100.301593	-5.347406	
2095	-148.925781	0.285440	-100.301593	-5.347406	
2095	-148.909718	0.195312	-100.482695	-5.076615	
2096	-148.927867	0.292969	-100.289572	-5.377284	
2096	-148.928658	0.390625	-100.240343	-5.766549	
2097	-148.828125	0.066734	-100.825241	-4.869404	
2097	-148.730469	0.052091	-101.038159	-4.854650	
2098	-148.730469	0.052091	-101.038159	-4.854650	
2098	-148.699028	0.097656	-101.123918	-4.873561	
2099	-148.699028	0.097656	-101.123918	-4.873561	
2099	-148.632970	0.195312	-101.359838	-5.013821	
2100	-148.632812	0.195567	-101.360455	-5.014401	
2100	-148.581672	0.292969	-101.542928	-5.301864	
2101	-148.581672	0.292969	-101.542928	-5.301864	
2101	-148.566805	0.390625	-101.579963	-5.642710	
2102	-148.632970	0.195312	-101.359838	-5.013821	
2102	-148.632812	0.195567	-101.360455	-5.014401	
2103	-148.632812	0.579126	-101.235820	-6.245175	
2103	-148.640578	0.585938	-101.208759	-6.264175	
2104	-148.566805	0.390625	-101.579963	-5.642710	
2104	-148.586711	0.488281	-101.466123	-5.989073	
2105	-148.632812	0.579126	-101.235820	-6.245175	
2105	-148.586711	0.488281	-101.466123	-5.989073	
2106	-148.828125	0.653539	-100.705319	-6.357052	
2106	-148.730469	0.678030	-100.918970	-6.376760	
2107	-148.730469	0.678030	-100.918970	-6.376760	
2107	-148.640578	0.585938	-101.208759	-6.264175	
2108	-148.928658	0.390625	-100.240343	-5.766549	
2108	-148.925781	0.400270	-100.245977	-5.805221	
2109	-148.925781	0.400270	-100.245977	-5.805221	
2109	-148.916344	0.488281	-100.356024	-6.086588	
2110	-148.916344	0.488281	-100.356024	-6.086588	
2110	-148.869321	0.585938	-100.564405	-6.292889	
2111	-148.869321	0.585938	-100.564405	-6.292889	
2111	-148.828125	0.653539	-100.705319	-6.357052	
2112	-136.801441	3.710938	-89.857374	-5.273284	
2112	-136.718750	3.619479	-89.977571	-5.232203	
2113	-136.839510	3.808594	-89.727455	-5.535659	
2113	-136.816406	3.727962	-89.824864	-5.304949	
2114	-136.816406	3.727962	-89.824864	-5.304949	
2114	-136.801441	3.710938	-89.857374	-5.273284	
2115	-136.816406	3.866966	-89.770358	-5.835993	
2115	-136.803144	3.906250	-89.878036	-5.998712	
2116	-136.839510	3.808594	-89.727455	-5.535659	
2116	-136.816406	3.866966	-89.770358	-5.835993	
2117	-136.718750	3.619479	-89.977571	-5.232203	
2117	-136.682660	3.710938	-90.084337	-5.280937	
2118	-136.682660	3.710938	-90.084337	-5.280937	
2118	-136.624565	3.808594	-90.305919	-5.657345	
2119	-136.624565	3.808594	-90.305919	-5.657345	
2119	-136.645991	3.906250	-90.249089	-5.997255	
2120	-136.645991	3.906250	-90.249089	-5.997255	
2120	-136.700876	4.003906	-90.120088	-6.112366	
2121	-136.718750	4.069390	-90.095936	-6.116656	
2121	-136.700876	4.003906	-90.120088	-6.112366	
2122	-136.803144	3.906250	-89.878036	-5.998712	
2122	-136.734110	4.003906	-90.083696	-6.116995	
2123	-136.734110	4.003906	-90.083696	-6.116995	
2123	-136.718750	4.069390	-90.095936	-6.116656	
2124	-117.072110	0.000000	-72.050104	-6.351716	
2124	-117.068132	0.097656	-72.001116	-6.402933	
2125	-117.068132	0.097656	-72.001116	-6.402933	
2125	-117.060324	0.195312	-71.937508	-6.470142	
2126	-117.060324	0.195312	-71.937508	-6.470142	
2126	-117.053737	0.292969	-71.848063	-6.577406	
2127	-117.053737	0.292969	-71.848063	-6.577406	
2127	-117.053964	0.390625	-71.733816	-6.780471	
2128	-116.699219	0.055695	-72.319817	-6.384686	
2128	-116.704606	0.097656	-72.342335	-6.408575	
2129	-116.699219	0.055695	-72.319817	-6.384686	
2129	-116.688675	0.000000	-72.295483	-6.357637	
2130	-116.704606	0.097656	-72.342335	-6.408575	
2130	-116.720908	0.195312	-72.405468	-6.473582	
2131	-116.720908	0.195312	-72.405468	-6.473582	
2131	-116.729867	0.292969	-72.503241	-6.581975	
2132	-116.729867	0.292969	-72.503241	-6.581975	
2132	-116.725428	0.390625	-72.640199	-6.802610	
2133	-116.725428	0.390625	-72.640199	-6.802610	
2133	-116.716672	0.488281	-72.709949	-7.147159	
2134	-116.716672	0.488281	-72.709949	-7.147159	
2134	-116.719613	0.585938	-72.640513	-7.464032	
2135	-116.719613	0.585938	-72.640513	-7.464032	
2135	-116.714816	0.683594	-72.532472	-7.647033	
2136	-116.714816	0.683594	-72.532472	-7.647033	
2136	-116.699545	0.781250	-72.456636	-7.740873	
2137	-117.053964	0.390625	-71.733816	-6.780471	
2137	-117.055897	0.488281	-71.678545	-7.106210	
2138	-117.055897	0.488281	-71.678545	-7.106210	
2138	-117.043636	0.585938	-71.766188	-7.440796	
2139	-117.043636	0.585938	-71.766188	-7.440796	
2139	-117.034553	0.683594	-71.910718	-7.645699	
2140	-117.034553	0.683594	-71.910718	-7.645699	
2140	-117.032122	0.781250	-72.017141	-7.747268	
2141	-117.032122	0.781250	-72.017141	-7.747268	
2141	-117.030378	0.878906	-72.090470	-7.807525	
2142	-117.030378	0.878906	-72.090470	-7.807525	
2142	-117.025533	0.976562	-72.145014	-7.850905	
2143	-117.025533	0.976562	-72.145014	-7.850905	
2143	-117.015314	1.074219	-72.187908	-7.886199	
2144	-117.015314	1.074219	-72.187908	-7.886199	
2144	-116.998236	1.171875	-72.222198	-7.916956	
2145	-116.699545	0.781250	-72.456636	-7.740873	
2145	-116.699219	0.784525	-72.454420	-7.743443	
2146	-116.699219	0.784525	-72.454420	-7.743443	
2146	-116.680677	0.878906	-72.405131	-7.799764	
2147	-116.680677	0.878906	-72.405131	-7.799764	
2147	-116.669183	0.976562	-72.364674	-7.846711	
2148	-116.669183	0.976562	-72.364674	-7.846711	
2148	-116.664645	1.074219	-72.333038	-7.886124	
2149	-116.664645	1.074219	-72.333038	-7.886124	
2149	-116.668860	1.171875	-72.308636	-7.920570	
2150	-116.668860	1.171875	-72.308636	-7.920570	
2150	-116.684796	1.269531	-72.290919	-7.951225	
2151	-116.699219	1.322725	-72.284202	-7.966359	
2151	-116.684796	1.269531	-72.290919	-7.951225	
2152	-116.699219	1.322725	-72.284202	-7.966359	
2152	-116.734899	1.367188	-72.279968	-7.979267	
2153	-116.796875	1.426001	-72.278301	-7.992639	
2153	-116.734899	1.367188	-72.279968	-7.979267	
2154	-116.998236	1.171875	-72.222198	-7.916956	
2154	-116.992188	1.201736	-72.231009	-7.925561	
2155	-116.992188	1.201736	-72.231009	-7.925561	
2155	-116.960846	1.269531	-72.251051	-7.947058	
2156	-116.960846	1.269531	-72.251051	-7.947058	
2156	-116.906574	1.367188	-72.270972	-7.974550	
2157	-116.906574	1.367188	-72.270972	-7.974550	
2157	-116.894531	1.388460	-72.273845	-7.979942	
2158	-116.894531	1.388460	-72.273845	-7.979942	
2158	-116.796875	1.426001	-72.278301	-7.992639	
2159	-106.732761	4.882812	-66.238376	-9.008265	
2159	-106.640625	4.827429	-66.238323	-8.993778	
2160	-106.785415	4.980469	-66.232276	-9.041336	
2160	-106.738281	4.886611	-66.238267	-9.009519	
2161	-106.738281	4.886611	-66.238267	-9.009519	
2161	-106.732761	4.882812	-66.238376	-9.008265	
2162	-106.785415	4.980469	-66.232276	-9.041336	
2162	-106.808421	5.078125	-66.219810	-9.078270	
2163	-106.542969	4.846434	-66.241966	-9.005752	
2163	-106.506521	4.882812	-66.248062	-9.019193	
2164	-106.640625	4.827429	-66.238323	-8.993778	
2164	-106.542969	4.846434	-66.241966	-9.005752	
2165	-106.445312	4.944215	-66.262955	-9.044041	
2165	-106.429311	4.980469	-66.271740	-9.056359	
2166	-106.429311	4.980469	-66.271740	-9.056359	
2166	-106.392395	5.078125	-66.300176	-9.090387	
2167	-106.506521	4.882812	-66.248062	-9.019193	
2167	-106.445312	4.944215	-66.262955	-9.044041	
2168	-106.392395	5.078125	-66.300176	-9.090387	
2168	-106.367691	5.175781	-66.334657	-9.125076	
2169	-106.367691	5.175781	-66.334657	-9.125076	
2169	-106.353058	5.273438	-66.375408	-9.161312	
2170	-106.353058	5.273438	-66.375408	-9.161312	
2170	-106.347656	5.340259	-66.407623	-9.188015	
2171	-106.347656	5.340259	-66.407623	-9.188015	
2171	-106.346338	5.371094	-66.423881	-9.201149	
2172	-106.346338	5.371094	-66.423881	-9.201149	
2172	-106.344151	5.468750	-66.484962	-9.250132	
2173	-106.808421	5.078125	-66.219810	-9.078270	
2173	-106.812497	5.175781	-66.201714	-9.118303	
2174	-106.812497	5.175781	-66.201714	-9.118303	
2174	-106.803665	5.273438	-66.177968	-9.162125	
2175	-106.803665	5.273438	-66.177968	-9.162125	
2175	-106.786077	5.371094	-66.147623	-9.211965	
2176	-106.786077	5.371094	-66.147623	-9.211965	
2176	-106.761387	5.468750	-66.108814	-9.271979	
2177	-106.761387	5.468750	-66.108814	-9.271979	
2177	-106.738281	5.523613	-66.084863	-9.308928	
2178	-106.738281	5.523613	-66.084863	-9.308928	
2178	-106.730191	5.566406	-66.058214	-9.351095	
2179	-106.730191	5.566406	-66.058214	-9.351095	
2179	-106.708085	5.664062	-65.983069	-9.487967	
2180	-106.708085	5.664062	-65.983069	-9.487967	
2180	-106.691412	5.761719	-65.898209	-9.746043	
2181	-106.691412	5.761719	-65.898209	-9.746043	
2181	-106.661293	5.859375	-65.903604	-10.162824	
2182	-106.344151	5.468750	-66.484962	-9.250132	
2182	-106.342303	5.566406	-66.570744	-9.323355	
2183	-106.342303	5.566406	-66.570744	-9.323355	
2183	-106.334271	5.664062	-66.705692	-9.468957	
2184	-106.334271	5.664062	-66.705692	-9.468957	
2184	-106.307753	5.761719	-66.873409	-9.803111	
2185	-106.307753	5.761719	-66.873409	-9.803111	
2185	-106.283393	5.859375	-66.902647	-10.219140	
2186	-106.640625	5.935090	-66.027800	-10.466572	
2186	-106.636854	5.957031	-66.068494	-10.526773	
2187	-106.636854	5.957031	-66.068494	-10.526773	
2187	-106.626334	6.054688	-66.214605	-10.687228	
2188	-106.283393	5.859375	-66.902647	-10.219140	
2188	-106.270654	5.957031	-66.823031	-10.503339	
2189	-106.270654	5.957031	-66.823031	-10.503339	
2189	-106.250000	6.052449	-66.746446	-10.649953	
2190	-106.626334	6.054688	-66.214605	-10.687228	
2190	-106.616386	6.152344	-66.311989	-10.766438	
2191	-106.616386	6.152344	-66.311989	-10.766438	
2191	-106.604707	6.250000	-66.380001	-10.815477	
2192	-106.661293	5.859375	-65.903604	-10.162824	
2192	-106.640625	5.935090	-66.027800	-10.466572	
2193	-101.075107	0.000000	-63.632982	-7.968828	
2193	-101.074219	0.001755	-63.633167	-7.969865	
2194	-101.074219	0.001755	-63.633167	-7.969865	
2194	-101.020118	0.097656	-63.642507	-8.026356	
2195	-101.020118	0.097656	-63.642507	-8.026356	
2195	-100.976562	0.168842	-63.648443	-8.067792	
2196	-100.976562	0.168842	-63.648443	-8.067792	
2196	-100.958420	0.195312	-63.650450	-8.083179	
2197	-100.958420	0.195312	-63.650450	-8.083179	
2197	-100.890449	0.292969	-63.656861	-8.139272	
2198	-100.878906	0.309544	-63.657798	-8.148689	
2198	-100.816081	0.390625	-63.661798	-8.194644	
2199	-100.890449	0.292969	-63.656861	-8.139272	
2199	-100.878906	0.309544	-63.657798	-8.148689	
2200	-100.816081	0.390625	-63.661798	-8.194644	
2200	-100.781250	0.435285	-63.663576	-8.219678	
2201	-100.781250	0.435285	-63.663576	-8.219678	
2201	-100.735322	0.488281	-63.665316	-8.249283	
2202	-100.683594	0.548696	-63.666809	-8.282682	
2202	-100.648235	0.585938	-63.667478	-8.303170	
2203	-100.735322	0.488281	-63.665316	-8.249283	
2203	-100.683594	0.548696	-63.666809	-8.282682	
2204	-100.585938	0.653223	-63.668212	-8.339839	
2204	-100.554821	0.683594	-63.668348	-8.356281	
2205	-100.488281	0.750829	-63.668232	-8.392392	
2205	-100.455011	0.781250	-63.667995	-8.408589	
2206	-100.554821	0.683594	-63.668348	-8.356281	
2206	-100.488281	0.750829	-63.668232	-8.392392	
2207	-100.648235	0.585938	-63.667478	-8.303170	
2207	-100.585938	0.653223	-63.668212	-8.339839	
2208	-100.455011	0.781250	-63.667995	-8.408589	
2208	-100.390625	0.842648	-63.667177	-8.441080	
2209	-100.390625	0.842648	-63.667177	-8.441080	
2209	-100.348614	0.878906	-63.666489	-8.460061	
2210	-100.292969	0.929294	-63.665284	-8.486330	
2210	-100.235217	0.976562	-63.663906	-8.510645	
2211	-100.348614	0.878906	-63.666489	-8.460061	
2211	-100.292969	0.929294	-63.665284	-8.486330	
2212	-100.195312	1.011008	-63.662746	-8.528334	
2212	-100.114046	1.074219	-63.660316	-8.560261	
2213	-100.097656	1.087725	-63.659739	-8.567091	
2213	-100.000000	1.160236	-63.656372	-8.603064	
2214	-100.114046	1.074219	-63.660316	-8.560261	
2214	-100.097656	1.087725	-63.659739	-8.567091	
2215	-100.235217	0.976562	-63.663906	-8.510645	
2215	-100.195312	1.011008	-63.662746	-8.528334	
2216	-106.250000	6.052449	-66.746446	-10.649953	
2216	-106.248201	6.054688	-66.745533	-10.651469	
2217	-106.248201	6.054688	-66.745533	-10.651469	
2217	-106.213969	6.152344	-66.694260	-10.732446	
2218	-106.213969	6.152344	-66.694260	-10.732446	
2218	-106.187934	6.250000	-66.654842	-10.792408	
2219	-106.187934	6.250000	-66.654842	-10.792408	
2219	-106.166558	6.347656	-66.624931	-10.839483	
2220	-106.152344	6.441487	-66.602717	-10.877560	
2220	-106.151543	6.445312	-66.601973	-10.878918	
2221	-106.166558	6.347656	-66.624931	-10.839483	
2221	-106.152344	6.441487	-66.602717	-10.877560	
2222	-106.151543	6.445312	-66.601973	-10.878918	
2222	-106.148283	6.542969	-66.584513	-10.913637	
2223	-106.152344	6.589481	-66.578074	-10.928767	
2223	-106.148283	6.542969	-66.584513	-10.913637	
2224	-106.152344	6.589481	-66.578074	-10.928767	
2224	-106.161708	6.640625	-66.572470	-10.944299	
2225	-106.161708	6.640625	-66.572470	-10.944299	
2225	-106.210806	6.738281	-66.566392	-10.970559	
2226	-106.250000	6.783266	-66.566142	-10.979899	
2226	-106.210806	6.738281	-66.566392	-10.970559	
2227	-106.604707	6.250000	-66.380001	-10.815477	
2227	-106.588780	6.347656	-66.431664	-10.851897	
2228	-106.588780	6.347656	-66.431664	-10.851897	
2228	-106.567115	6.445312	-66.472848	-10.882090	
2229	-106.567115	6.445312	-66.472848	-10.882090	
2229	-106.542969	6.532503	-66.502733	-10.905858	
2230	-106.542969	6.532503	-66.502733	-10.905858	
2230	-106.536635	6.542969	-66.506752	-10.909255	
2231	-106.536635	6.542969	-66.506752	-10.909255	
2231	-106.484107	6.640625	-66.535990	-10.936509	
2232	-106.484107	6.640625	-66.535990	-10.936509	
2232	-106.445312	6.709729	-66.550964	-10.953708	
2233	-106.445312	6.709729	-66.550964	-10.953708	
2233	-106.402878	6.738281	-66.557895	-10.963348	
2234	-106.347656	6.785735	-66.564761	-10.976117	
2234	-106.250000	6.783266	-66.566142	-10.979899	
2235	-106.402878	6.738281	-66.557895	-10.963348	
2235	-106.347656	6.785735	-66.564761	-10.976117	
2236	-108.007812	18.296750	-69.979429	-9.075071	
2236	-107.983684	18.359375	-70.014474	-9.070611	
2237	-108.073184	18.359375	-69.881949	-9.127205	
2237	-108.007812	18.296750	-69.979429	-9.075071	
2238	-111.425781	20.451540	-72.689252	-7.628336	
2238	-111.364649	20.507812	-72.742780	-7.853179	
2239	-111.458976	20.507812	-72.629086	-7.879521	
2239	-111.425781	20.451540	-72.689252	-7.628336	
2240	-111.458976	20.507812	-72.629086	-7.879521	
2240	-111.425781	20.591449	-72.705812	-7.884097	
2241	-111.425781	20.591449	-72.705812	-7.884097	
2241	-111.364649	20.507812	-72.742780	-7.853179	
2242	-138.671875	34.975372	-97.924278	8.617479	
2242	-138.574219	35.037376	-98.227979	8.576116	
2243	-138.574219	35.037376	-98.227979	8.576116	
2243	-138.556469	35.058594	-98.295984	8.531707	
2244	-138.556469	35.058594	-98.295984	8.531707	
2244	-138.481344	35.156250	-98.453145	8.214833	
2245	-138.763465	35.058594	-97.574553	8.390907	
2245	-138.671875	34.975372	-97.924278	8.617479	
2246	-138.763465	35.058594	-97.574553	8.390907	
2246	-138.768340	35.156250	-97.479409	8.078394	
2247	-138.768340	35.156250	-97.479409	8.078394	
2247	-138.720936	35.253906	-97.609394	7.782120	
2248	-138.720936	35.253906	-97.609394	7.782120	
2248	-138.671875	35.308693	-97.779054	7.681999	
2249	-138.481344	35.156250	-98.453145	8.214833	
2249	-138.488729	35.253906	-98.376696	7.919006	
2250	-138.574219	35.337323	-98.057132	7.678072	
2250	-138.488729	35.253906	-98.376696	7.919006	
2251	-138.671875	35.308693	-97.779054	7.681999	
2251	-138.574219	35.337323	-98.057132	7.678072	
2252	-130.273438	48.341856	-94.300748	16.035859	
2252	-130.179150	48.437500	-94.480388	15.876461	
2253	-130.368379	48.437500	-94.203197	15.894962	
2253	-130.273438	48.341856	-94.300748	16.035859	
2254	-130.368379	48.437500	-94.203197	15.894962	
2254	-130.273438	48.532567	-94.322325	15.732634	
2255	-130.273438	48.532567	-94.322325	15.732634	
2255	-130.179150	48.437500	-94.480388	15.876461	
2256	-139.062500	50.092867	-101.527449	19.287770	
2256	-138.964844	50.013686	-101.858119	19.418801	
2257	-138.964844	50.013686	-101.858119	19.418801	
2257	-138.873595	50.097656	-102.060252	19.156112	
2258	-138.964844	50.190120	-101.961718	19.003010	
2258	-138.873595	50.097656	-102.060252	19.156112	
2259	-139.062500	50.098694	-101.528508	19.271177	
2259	-138.964844	50.190120	-101.961718	19.003010	
2260	-99.762769	0.000000	-63.983461	-7.678892	
2260	-99.707031	0.092999	-63.955626	-7.746662	
2261	-99.707031	0.092999	-63.955626	-7.746662	
2261	-99.703775	0.097656	-63.954337	-7.749840	
2262	-99.703775	0.097656	-63.954337	-7.749840	
2262	-99.644813	0.195312	-63.926500	-7.819393	
2263	-99.644813	0.195312	-63.926500	-7.819393	
2263	-99.609375	0.260376	-63.908092	-7.866399	
2264	-99.609375	0.260376	-63.908092	-7.866399	
2264	-99.589109	0.292969	-63.899418	-7.888849	
2265	-99.589109	0.292969	-63.899418	-7.888849	
2265	-99.536074	0.390625	-63.873181	-7.957994	
2266	-99.536074	0.390625	-63.873181	-7.957994	
2266	-99.511719	0.440001	-63.860066	-7.993300	
2267	-99.511719	0.440001	-63.860066	-7.993300	
2267	-99.485156	0.488281	-63.847855	-8.026655	
2268	-99.485156	0.488281	-63.847855	-8.026655	
2268	-99.437686	0.585938	-63.823293	-8.095246	
2269	-99.414062	0.639422	-63.810086	-8.133025	
2269	-99.392796	0.683594	-63.799615	-8.163468	
2270	-99.392796	0.683594	-63.799615	-8.163468	
2270	-99.352468	0.781250	-63.776662	-8.231830	
2271	-99.437686	0.585938	-63.823293	-8.095246	
2271	-99.414062	0.639422	-63.810086	-8.133025	
2272	-100.000000	1.160236	-63.656372	-8.603064	
2272	-99.982242	1.171875	-63.655796	-8.608680	
2273	-99.352468	0.781250	-63.776662	-8.231830	
2273	-99.316406	0.874284	-63.755687	-8.296508	
2274	-99.316406	0.874284	-63.755687	-8.296508	
2274	-99.314496	0.878906	-63.754682	-8.299665	
2275	-99.314496	0.878906	-63.754682	-8.299665	
2275	-99.284674	0.976562	-63.733283	-8.368315	
2276	-99.284674	0.976562	-63.733283	-8.368315	
2276	-99.260966	1.074219	-63.712765	-8.437043	
2277	-99.260966	1.074219	-63.712765	-8.437043	
2277	-99.246055	1.171875	-63.693116	-8.506183	
2278	-99.246055	1.171875	-63.693116	-8.506183	
2278	-99.247181	1.269531	-63.674224	-8.576707	
2279	-99.247181	1.269531	-63.674224	-8.576707	
2279	-99.282197	1.367188	-63.655924	-8.650666	
2280	-99.414062	1.433428	-63.642180	-8.713410	
2280	-99.316406	1.405962	-63.648760	-8.682090	
2281	-99.316406	1.405962	-63.648760	-8.682090	
2281	-99.282197	1.367188	-63.655924	-8.650666	
2282	-99.609375	1.388678	-63.643114	-8.707232	
2282	-99.511719	1.421000	-63.641476	-8.717048	
2283	-99.511719	1.421000	-63.641476	-8.717048	
2283	-99.414062	1.433428	-63.642180	-8.713410	
2284	-99.982242	1.171875	-63.655796	-8.608680	
2284	-99.902344	1.228212	-63.652778	-8.636074	
2285	-99.902344	1.228212	-63.652778	-8.636074	
2285	-99.834686	1.269531	-63.650439	-8.655374	
2286	-99.834686	1.269531	-63.650439	-8.655374	
2286	-99.804688	1.289325	-63.649236	-8.664737	
2287	-99.707031	1.343644	-63.645891	-8.689003	
2287	-99.653605	1.367188	-63.644497	-8.698378	
2288	-99.804688	1.289325	-63.649236	-8.664737	
2288	-99.707031	1.343644	-63.645891	-8.689003	
2289	-99.653605	1.367188	-63.644497	-8.698378	
2289	-99.609375	1.388678	-63.643114	-8.707232	
2290	-93.852872	6.152344	-62.932539	-11.198123	
2290	-93.847656	6.145697	-62.932265	-11.195456	
2291	-93.847656	6.145697	-62.932265	-11.195456	
2291	-93.750000	6.072802	-62.928868	-11.170166	
2292	-93.852872	6.152344	-62.932539	-11.198123	
2292	-93.907208	6.250000	-62.935476	-11.240059	
2293	-95.312500	5.992265	-63.003831	-11.071723	
2293	-95.272779	6.054688	-63.004893	-11.100808	
2294	-95.272779	6.054688	-63.004893	-11.100808	
2294	-95.219141	6.152344	-63.007362	-11.146754	
2295	-95.214844	6.160826	-63.007623	-11.150773	
2295	-95.178931	6.250000	-63.010813	-11.193073	
2296	-95.219141	6.152344	-63.007362	-11.146754	
2296	-95.214844	6.160826	-63.007623	-11.150773	
2297	-95.748770	5.859375	-63.001417	-11.016542	
2297	-95.703125	5.821889	-63.002779	-10.997956	
2298	-95.507812	5.822189	-63.003264	-10.994135	
2298	-95.450689	5.859375	-63.003038	-11.010666	
2299	-95.605469	5.799221	-63.003530	-10.985145	
2299	-95.507812	5.822189	-63.003264	-10.994135	
2300	-95.703125	5.821889	-63.002779	-10.997956	
2300	-95.605469	5.799221	-63.003530	-10.985145	
2301	-95.450689	5.859375	-63.003038	-11.010666	
2301	-95.410156	5.885553	-63.003017	-11.022516	
2302	-95.410156	5.885553	-63.003017	-11.022516	
2302	-95.343485	5.957031	-63.003414	-11.055345	
2303	-95.343485	5.957031	-63.003414	-11.055345	
2303	-95.312500	5.992265	-63.003831	-11.071723	
2304	-95.830024	5.957031	-62.997139	-11.064192	
2304	-95.800781	5.907172	-62.999397	-11.040283	
2305	-95.800781	5.907172	-62.999397	-11.040283	
2305	-95.748770	5.859375	-63.001417	-11.016542	
2306	-95.830024	5.957031	-62.997139	-11.064192	
2306	-95.877431	6.054688	-62.992238	-11.110717	
2307	-95.898438	6.108586	-62.989320	-11.136196	
2307	-95.877431	6.054688	-62.992238	-11.110717	
2308	-95.910564	6.152344	-62.986875	-11.156635	
2308	-95.898438	6.108586	-62.989320	-11.136196	
2309	-95.910564	6.152344	-62.986875	-11.156635	
2309	-95.932923	6.250000	-62.981145	-11.202013	
2310	-87.773331	0.000000	-60.853147	-7.742531	
2310	-87.768163	0.097656	-60.869714	-7.855290	
2311	-87.768163	0.097656	-60.869714	-7.855290	
2311	-87.755229	0.195312	-60.885567	-7.967238	
2312	-87.755229	0.195312	-60.885567	-7.967238	
2312	-87.733823	0.292969	-60.900736	-8.078569	
2313	-87.733823	0.292969	-60.900736	-8.078569	
2313	-87.703004	0.390625	-60.915234	-8.189478	
2314	-87.703004	0.390625	-60.915234	-8.189478	
2314	-87.695312	0.410936	-60.918165	-8.212510	
2315	-87.695312	0.410936	-60.918165	-8.212510	
2315	-87.662598	0.488281	-60.929045	-8.300027	
2316	-87.662598	0.488281	-60.929045	-8.300027	
2316	-87.609888	0.585938	-60.942171	-8.410597	
2317	-87.609888	0.585938	-60.942171	-8.410597	
2317	-87.597656	0.606304	-60.944812	-8.433623	
2318	-87.597656	0.606304	-60.944812	-8.433623	
2318	-87.541269	0.683594	-60.954586	-8.521619	
2319	-87.541269	0.683594	-60.954586	-8.521619	
2319	-87.500000	0.734497	-60.960728	-8.579576	
2320	-93.359375	6.239223	-62.975080	-11.286835	
2320	-93.354488	6.250000	-62.977806	-11.292185	
2321	-93.554688	6.066676	-62.933592	-11.186721	
2321	-93.457031	6.120783	-62.945998	-11.222040	
2322	-93.457031	6.120783	-62.945998	-11.222040	
2322	-93.429597	6.152344	-62.952912	-11.239080	
2323	-93.429597	6.152344	-62.952912	-11.239080	
2323	-93.359375	6.239223	-62.975080	-11.286835	
2324	-93.750000	6.072802	-62.928868	-11.170166	
2324	-93.665046	6.054688	-62.928873	-11.169801	
2325	-93.637690	6.054688	-62.929540	-11.172492	
2325	-93.554688	6.066676	-62.933592	-11.186721	
2326	-93.354488	6.250000	-62.977806	-11.292185	
2326	-93.315731	6.347656	-63.004680	-11.340677	
2327	-93.315731	6.347656	-63.004680	-11.340677	
2327	-93.292350	6.445312	-63.034556	-11.387842	
2328	-93.292350	6.445312	-63.034556	-11.387842	
2328	-93.282731	6.542969	-63.067264	-11.433814	
2329	-93.282731	6.542969	-63.067264	-11.433814	
2329	-93.284696	6.640625	-63.103097	-11.479244	
2330	-93.284696	6.640625	-63.103097	-11.479244	
2330	-93.295554	6.738281	-63.143339	-11.525854	
2331	-93.295554	6.738281	-63.143339	-11.525854	
2331	-93.312464	6.835938	-63.191449	-11.577858	
2332	-93.312464	6.835938	-63.191449	-11.577858	
2332	-93.334807	6.933594	-63.254406	-11.645532	
2333	-93.359375	6.990472	-63.295179	-11.693654	
2333	-93.334807	6.933594	-63.254406	-11.645532	
2334	-93.359375	6.990472	-63.295179	-11.693654	
2334	-93.361159	7.031250	-63.348179	-11.772357	
2335	-93.750000	6.860323	-62.896194	-11.578710	
2335	-93.712562	6.933594	-62.878405	-11.640957	
2336	-93.652344	6.981100	-62.867388	-11.677382	
2336	-93.639761	7.031250	-62.846732	-11.752882	
2337	-93.712562	6.933594	-62.878405	-11.640957	
2337	-93.652344	6.981100	-62.867388	-11.677382	
2338	-93.639761	7.031250	-62.846732	-11.752882	
2338	-93.603647	7.128906	-62.840164	-11.985208	
2339	-93.603647	7.128906	-62.840164	-11.985208	
2339	-93.593198	7.226562	-62.945744	-12.213304	
2340	-93.361159	7.031250	-63.348179	-11.772357	
2340	-93.359375	7.055001	-63.379658	-11.838221	
2341	-93.593198	7.226562	-62.945744	-12.213304	
2341	-93.606672	7.324219	-63.030088	-12.309195	
2342	-93.606672	7.324219	-63.030088	-12.309195	
2342	-93.621171	7.421875	-63.086457	-12.367574	
2343	-93.359375	7.055001	-63.379658	-11.838221	
2343	-93.323620	7.128906	-63.410826	-12.068711	
2344	-93.323620	7.128906	-63.410826	-12.068711	
2344	-93.275344	7.226562	-63.372647	-12.232476	
2345	-93.275344	7.226562	-63.372647	-12.232476	
2345	-93.261719	7.276535	-63.352921	-12.287532	
2346	-93.261719	7.276535	-63.352921	-12.287532	
2346	-93.217885	7.324219	-63.341514	-12.319007	
2347	-93.217885	7.324219	-63.341514	-12.319007	
2347	-93.178913	7.421875	-63.318228	-12.386760	
2348	-93.178913	7.421875	-63.318228	-12.386760	
2348	-93.164062	7.487592	-63.305783	-12.427228	
2349	-93.164062	7.487592	-63.305783	-12.427228	
2349	-93.150850	7.519531	-63.300992	-12.444295	
2350	-93.150850	7.519531	-63.300992	-12.444295	
2350	-93.137952	7.617188	-63.288289	-12.496155	
2351	-93.137952	7.617188	-63.288289	-12.496155	
2351	-93.142698	7.714844	-63.279585	-12.543708	
2352	-93.164062	7.803809	-63.275003	-12.583495	
2352	-93.142698	7.714844	-63.279585	-12.543708	
2353	-93.164062	7.803809	-63.275003	-12.583495	
2353	-93.167458	7.812500	-63.274726	-12.587206	
2354	-93.621171	7.421875	-63.086457	-12.367574	
2354	-93.630816	7.519531	-63.130777	-12.415772	
2355	-93.630816	7.519531	-63.130777	-12.415772	
2355	-93.630898	7.617188	-63.169124	-12.461433	
2356	-93.630898	7.617188	-63.169124	-12.461433	
2356	-93.617518	7.714844	-63.203188	-12.507003	
2357	-93.617518	7.714844	-63.203188	-12.507003	
2357	-93.587425	7.812500	-63.232910	-12.553033	
2358	-95.932923	6.250000	-62.981145	-11.202013	
2358	-95.949559	6.347656	-62.975075	-11.247104	
2359	-95.949559	6.347656	-62.975075	-11.247104	
2359	-95.961246	6.445312	-62.968694	-11.291968	
2360	-95.961246	6.445312	-62.968694	-11.291968	
2360	-95.968611	6.542969	-62.962014	-11.336674	
2361	-95.968611	6.542969	-62.962014	-11.336674	
2361	-95.972150	6.640625	-62.955034	-11.381298	
2362	-95.972150	6.640625	-62.955034	-11.381298	
2362	-95.972237	6.738281	-62.947745	-11.425923	
2363	-95.972237	6.738281	-62.947745	-11.425923	
2363	-95.969118	6.835938	-62.940124	-11.470640	
2364	-95.969118	6.835938	-62.940124	-11.470640	
2364	-95.962891	6.933594	-62.932143	-11.515546	
2365	-95.962891	6.933594	-62.932143	-11.515546	
2365	-95.953473	7.031250	-62.923760	-11.560744	
2366	-95.953473	7.031250	-62.923760	-11.560744	
2366	-95.940536	7.128906	-62.914923	-11.606338	
2367	-95.940536	7.128906	-62.914923	-11.606338	
2367	-95.923404	7.226562	-62.905571	-11.652427	
2368	-95.898438	7.331779	-62.894852	-11.702667	
2368	-95.878135	7.421875	-62.884872	-11.747154	
2369	-95.923404	7.226562	-62.905571	-11.652427	
2369	-95.900839	7.324219	-62.895638	-11.699074	
2370	-95.900839	7.324219	-62.895638	-11.699074	
2370	-95.898438	7.331779	-62.894852	-11.702667	
2371	-95.878135	7.421875	-62.884872	-11.747154	
2371	-95.850275	7.519531	-62.873215	-11.796516	
2372	-95.850275	7.519531	-62.873215	-11.796516	
2372	-95.812978	7.617188	-62.860585	-11.847049	
2373	-95.812978	7.617188	-62.860585	-11.847049	
2373	-95.800781	7.639665	-62.857614	-11.858542	
2374	-95.800781	7.639665	-62.857614	-11.858542	
2374	-95.774895	7.714844	-62.846403	-11.900779	
2375	-95.774895	7.714844	-62.846403	-11.900779	
2375	-95.726587	7.812500	-62.830595	-11.957471	
2376	-95.178931	6.250000	-63.010813	-11.193073	
2376	-95.147315	6.347656	-63.015312	-11.239825	
2377	-95.147315	6.347656	-63.015312	-11.239825	
2377	-95.122631	6.445312	-63.020975	-11.287028	
2378	-95.117188	6.470415	-63.022637	-11.299240	
2378	-95.103919	6.542969	-63.027957	-11.334666	
2379	-95.103919	6.542969	-63.027957	-11.334666	
2379	-95.090141	6.640625	-63.036448	-11.382705	
2380	-95.122631	6.445312	-63.020975	-11.287028	
2380	-95.117188	6.470415	-63.022637	-11.299240	
2381	-95.090141	6.640625	-63.036448	-11.382705	
2381	-95.080460	6.738281	-63.046660	-11.431075	
2382	-95.080460	6.738281	-63.046660	-11.431075	
2382	-95.074296	6.835938	-63.058813	-11.479651	
2383	-95.074296	6.835938	-63.058813	-11.479651	
2383	-95.071245	6.933594	-63.073119	-11.528250	
2384	-95.071245	6.933594	-63.073119	-11.528250	
2384	-95.071046	7.031250	-63.089764	-11.576640	
2385	-93.907208	6.250000	-62.935476	-11.240059	
2385	-93.929017	6.347656	-62.936369	-11.285821	
2386	-93.929017	6.347656	-62.936369	-11.285821	
2386	-93.929090	6.445312	-62.935105	-11.334536	
2387	-93.929090	6.445312	-62.935105	-11.334536	
2387	-93.913077	6.542969	-62.931418	-11.386158	
2388	-93.913077	6.542969	-62.931418	-11.386158	
2388	-93.882008	6.640625	-62.924857	-11.440979	
2389	-93.882008	6.640625	-62.924857	-11.440979	
2389	-93.847656	6.699800	-62.919389	-11.475022	
2390	-93.847656	6.699800	-62.919389	-11.475022	
2390	-93.835003	6.738281	-62.914781	-11.499471	
2391	-93.835003	6.738281	-62.914781	-11.499471	
2391	-93.779024	6.835938	-62.899971	-11.564272	
2392	-93.779024	6.835938	-62.899971	-11.564272	
2392	-93.750000	6.860323	-62.896194	-11.578710	
2393	-95.071046	7.031250	-63.089764	-11.576640	
2393	-95.073551	7.128906	-63.108895	-11.624547	
2394	-95.073551	7.128906	-63.108895	-11.624547	
2394	-95.078713	7.226562	-63.130607	-11.671674	
2395	-95.078713	7.226562	-63.130607	-11.671674	
2395	-95.086601	7.324219	-63.154938	-11.717716	
2396	-95.086601	7.324219	-63.154938	-11.717716	
2396	-95.097457	7.421875	-63.181846	-11.762358	
2397	-95.117188	7.544044	-63.218543	-11.815270	
2397	-95.127208	7.617188	-63.243547	-11.847262	
2398	-95.097457	7.421875	-63.181846	-11.762358	
2398	-95.111851	7.519531	-63.211147	-11.805229	
2399	-95.117188	7.544044	-63.218543	-11.815270	
2399	-95.111851	7.519531	-63.211147	-11.805229	
2400	-95.127208	7.617188	-63.243547	-11.847262	
2400	-95.143067	7.714844	-63.279815	-11.889227	
2401	-95.143067	7.714844	-63.279815	-11.889227	
2401	-95.160629	7.812500	-63.320575	-11.931795	
2402	-95.160629	7.812500	-63.320575	-11.931795	
2402	-95.180497	7.910156	-63.367294	-11.977095	
2403	-95.180497	7.910156	-63.367294	-11.977095	
2403	-95.204074	8.007812	-63.422302	-12.030174	
2404	-95.214844	8.065513	-63.464909	-12.076274	
2404	-95.215435	8.105469	-63.502859	-12.126361	
2405	-95.214844	8.065513	-63.464909	-12.076274	
2405	-95.204074	8.007812	-63.422302	-12.030174	
2406	-95.214844	8.112535	-63.509952	-12.137297	
2406	-95.163539	8.203125	-63.572726	-12.323571	
2407	-95.215435	8.105469	-63.502859	-12.126361	
2407	-95.214844	8.112535	-63.509952	-12.137297	
2408	-94.921875	8.525880	-63.534360	-12.656062	
2408	-94.859120	8.593750	-63.529137	-12.695008	
2409	-95.163539	8.203125	-63.572726	-12.323571	
2409	-95.117654	8.300781	-63.566648	-12.475511	
2410	-95.117654	8.300781	-63.566648	-12.475511	
2410	-95.117188	8.302624	-63.566260	-12.477918	
2411	-95.117188	8.302624	-63.566260	-12.477918	
2411	-95.025162	8.398438	-63.549717	-12.567245	
2412	-95.025162	8.398438	-63.549717	-12.567245	
2412	-95.019531	8.411020	-63.547677	-12.578039	
2413	-95.019531	8.411020	-63.547677	-12.578039	
2413	-94.937518	8.496094	-63.537388	-12.636347	
2414	-94.937518	8.496094	-63.537388	-12.636347	
2414	-94.921875	8.525880	-63.534360	-12.656062	
2415	-94.859120	8.593750	-63.529137	-12.695008	
2415	-94.824219	8.656151	-63.525516	-12.729269	
2416	-94.824219	8.656151	-63.525516	-12.729269	
2416	-94.792749	8.691406	-63.524000	-12.746846	
2417	-94.792749	8.691406	-63.524000	-12.746846	
2417	-94.736353	8.789062	-63.521187	-12.793158	
2418	-94.726562	8.814048	-63.520759	-12.804277	
2418	-94.683721	8.886719	-63.520084	-12.834781	
2419	-94.683721	8.886719	-63.520084	-12.834781	
2419	-94.643619	8.984375	-63.520280	-12.872438	
2420	-94.736353	8.789062	-63.521187	-12.793158	
2420	-94.726562	8.814048	-63.520759	-12.804277	
2421	-94.643619	8.984375	-63.520280	-12.872438	
2421	-94.628906	9.034797	-63.520783	-12.890426	
2422	-94.628906	9.034797	-63.520783	-12.890426	
2422	-94.609217	9.082031	-63.521473	-12.906568	
2423	-94.609217	9.082031	-63.521473	-12.906568	
2423	-94.581699	9.179688	-63.523479	-12.937562	
2424	-94.581699	9.179688	-63.523479	-12.937562	
2424	-94.562958	9.277344	-63.526183	-12.965657	
2425	-94.562958	9.277344	-63.526183	-12.965657	
2425	-94.551660	9.375000	-63.529514	-12.991095	
2426	-95.312500	9.282176	-63.341723	-12.916680	
2426	-95.273703	9.375000	-63.374939	-12.938023	
2427	-95.726587	7.812500	-62.830595	-11.957471	
2427	-95.703125	7.842664	-62.825696	-11.974462	
2428	-95.703125	7.842664	-62.825696	-11.974462	
2428	-95.674143	7.910156	-62.812317	-12.020478	
2429	-95.605469	7.999366	-62.793894	-12.083079	
2429	-95.602721	8.007812	-62.791679	-12.090821	
2430	-95.674143	7.910156	-62.812317	-12.020478	
2430	-95.605469	7.999366	-62.793894	-12.083079	
2431	-95.507812	8.137177	-62.760043	-12.227421	
2431	-95.495937	8.203125	-62.757228	-12.339024	
2432	-95.602721	8.007812	-62.791679	-12.090821	
2432	-95.545084	8.105469	-62.767126	-12.189547	
2433	-95.545084	8.105469	-62.767126	-12.189547	
2433	-95.507812	8.137177	-62.760043	-12.227421	
2434	-95.495937	8.203125	-62.757228	-12.339024	
2434	-95.467268	8.300781	-62.813713	-12.513026	
2435	-95.467268	8.300781	-62.813713	-12.513026	
2435	-95.453120	8.398438	-62.908124	-12.627143	
2436	-95.453120	8.398438	-62.908124	-12.627143	
2436	-95.450480	8.496094	-62.983708	-12.688338	
2437	-95.450480	8.496094	-62.983708	-12.688338	
2437	-95.447997	8.593750	-63.044033	-12.730109	
2438	-95.447997	8.593750	-63.044033	-12.730109	
2438	-95.442198	8.691406	-63.096130	-12.763863	
2439	-95.442198	8.691406	-63.096130	-12.763863	
2439	-95.431905	8.789062	-63.143418	-12.793572	
2440	-95.431905	8.789062	-63.143418	-12.793572	
2440	-95.416649	8.886719	-63.187543	-12.820900	
2441	-95.410156	8.923262	-63.203144	-12.830518	
2441	-95.398184	8.984375	-63.228374	-12.846062	
2442	-95.416649	8.886719	-63.187543	-12.820900	
2442	-95.410156	8.923262	-63.203144	-12.830518	
2443	-95.398184	8.984375	-63.228374	-12.846062	
2443	-95.375320	9.082031	-63.267109	-12.869974	
2444	-95.375320	9.082031	-63.267109	-12.869974	
2444	-95.347180	9.179688	-63.304365	-12.893140	
2445	-95.347180	9.179688	-63.304365	-12.893140	
2445	-95.314068	9.277344	-63.340068	-12.915628	
2446	-95.314068	9.277344	-63.340068	-12.915628	
2446	-95.312500	9.282176	-63.341723	-12.916680	
2447	-95.273703	9.375000	-63.374939	-12.938023	
2447	-95.229822	9.472656	-63.407597	-12.959577	
2448	-95.214844	9.506878	-63.418192	-12.966730	
2448	-95.175172	9.570312	-63.439893	-12.981697	
2449	-95.229822	9.472656	-63.407597	-12.959577	
2449	-95.214844	9.506878	-63.418192	-12.966730	
2450	-95.117188	9.667779	-63.469437	-13.002986	
2450	-95.117003	9.667969	-63.469507	-13.003037	
2451	-95.117003	9.667969	-63.469507	-13.003037	
2451	-95.036849	9.765625	-63.499676	-13.026390	
2452	-95.175172	9.570312	-63.439893	-12.981697	
2452	-95.117188	9.667779	-63.469437	-13.002986	
2453	-94.551660	9.375000	-63.529514	-12.991095	
2453	-94.547732	9.472656	-63.533438	-13.014035	
2454	-94.547732	9.472656	-63.533438	-13.014035	
2454	-94.552245	9.570312	-63.537923	-13.034525	
2455	-94.552245	9.570312	-63.537923	-13.034525	
2455	-94.567704	9.667969	-63.542909	-13.052448	
2456	-94.567704	9.667969	-63.542909	-13.052448	
2456	-94.598896	9.765625	-63.548220	-13.067395	
2457	-94.824219	9.914978	-63.546429	-13.069778	
2457	-94.726562	9.908775	-63.553397	-13.078532	
2458	-94.921875	9.871309	-63.530809	-13.053591	
2458	-94.824219	9.914978	-63.546429	-13.069778	
2459	-94.628906	9.824312	-63.551366	-13.074547	
2459	-94.665186	9.863281	-63.552866	-13.077515	
2460	-94.628906	9.824312	-63.551366	-13.074547	
2460	-94.598896	9.765625	-63.548220	-13.067395	
2461	-94.726562	9.908775	-63.553397	-13.078532	
2461	-94.665186	9.863281	-63.552866	-13.077515	
2462	-95.036849	9.765625	-63.499676	-13.026390	
2462	-95.019531	9.789807	-63.506003	-13.031590	
2463	-95.019531	9.789807	-63.506003	-13.031590	
2463	-94.929819	9.863281	-63.528816	-13.051696	
2464	-94.929819	9.863281	-63.528816	-13.051696	
2464	-94.921875	9.871309	-63.530809	-13.053591	
2465	-98.308577	11.718750	-64.030482	-12.149733	
2465	-98.286841	11.816406	-64.003303	-12.189847	
2466	-98.286841	11.816406	-64.003303	-12.189847	
2466	-98.242188	11.864585	-63.992153	-12.212925	
2467	-98.169946	11.718750	-64.109039	-12.112102	
2467	-98.144531	11.722148	-64.135285	-12.108944	
2468	-98.144531	11.722148	-64.135285	-12.108944	
2468	-98.095226	11.816406	-64.220115	-12.112505	
2469	-98.095226	11.816406	-64.220115	-12.112505	
2469	-98.046875	11.827569	-64.345731	-12.151641	
2470	-98.242188	11.864585	-63.992153	-12.212925	
2470	-98.240574	11.914062	-63.972855	-12.279752	
2471	-98.240574	11.914062	-63.972855	-12.279752	
2471	-98.217904	12.011719	-64.011574	-12.480550	
2472	-98.144531	12.093620	-64.230383	-12.671419	
2472	-98.078136	12.109375	-64.378393	-12.698044	
2473	-98.217904	12.011719	-64.011574	-12.480550	
2473	-98.144531	12.093620	-64.230383	-12.671419	
2474	-98.046875	11.827569	-64.345731	-12.151641	
2474	-97.965101	11.914062	-64.552020	-12.386646	
2475	-97.965101	11.914062	-64.552020	-12.386646	
2475	-97.949640	12.011719	-64.562566	-12.559354	
2476	-97.949219	12.022389	-64.558803	-12.572902	
2476	-97.884065	12.109375	-64.538141	-12.623539	
2477	-97.949640	12.011719	-64.562566	-12.559354	
2477	-97.949219	12.022389	-64.558803	-12.572902	
2478	-98.046875	12.178323	-64.415821	-12.695214	
2478	-97.968422	12.207031	-64.476668	-12.681016	
2479	-97.884065	12.109375	-64.538141	-12.623539	
2479	-97.851562	12.195029	-64.521915	-12.650574	
2480	-97.949219	12.248518	-64.478761	-12.680446	
2480	-97.859501	12.304688	-64.501715	-12.670504	
2481	-97.968422	12.207031	-64.476668	-12.681016	
2481	-97.949219	12.248518	-64.478761	-12.680446	
2482	-97.851562	12.195029	-64.521915	-12.650574	
2482	-97.832693	12.207031	-64.522235	-12.650239	
2483	-97.832693	12.207031	-64.522235	-12.650239	
2483	-97.789986	12.304688	-64.513293	-12.662311	
2484	-97.789986	12.304688	-64.513293	-12.662311	
2484	-97.753906	12.384660	-64.510258	-12.665837	
2485	-97.851562	12.321284	-64.501536	-12.670644	
2485	-97.756430	12.402344	-64.509114	-12.666635	
2486	-97.753906	12.384660	-64.510258	-12.665837	
2486	-97.739250	12.402344	-64.510452	-12.665824	
2487	-97.753906	12.407367	-64.509094	-12.666653	
2487	-97.739250	12.402344	-64.510452	-12.665824	
2488	-97.756430	12.402344	-64.509114	-12.666635	
2488	-97.753906	12.407367	-64.509094	-12.666653	
2489	-97.859501	12.304688	-64.501715	-12.670504	
2489	-97.851562	12.321284	-64.501536	-12.670644	
2490	-98.078136	12.109375	-64.378393	-12.698044	
2490	-98.046875	12.178323	-64.415821	-12.695214	
2491	-87.500000	0.734497	-60.960728	-8.579576	
2491	-87.450477	0.781250	-60.966232	-8.633749	
2492	-87.450477	0.781250	-60.966232	-8.633749	
2492	-87.402344	0.826187	-60.971262	-8.685603	
2493	-87.402344	0.826187	-60.971262	-8.685603	
2493	-87.322014	0.878906	-60.976999	-8.748450	
2494	-87.322014	0.878906	-60.976999	-8.748450	
2494	-87.304688	0.891304	-60.978265	-8.763038	
2495	-87.207031	0.939629	-60.983112	-8.822433	
2495	-87.109375	0.966932	-60.985775	-8.859217	
2496	-87.304688	0.891304	-60.978265	-8.763038	
2496	-87.207031	0.939629	-60.983112	-8.822433	
2497	-86.914062	0.973461	-60.986991	-8.878285	
2497	-86.987155	0.976562	-60.986953	-8.877847	
2498	-87.109375	0.966932	-60.985775	-8.859217	
2498	-87.021287	0.976562	-60.986828	-8.875748	
2499	-86.816406	0.954041	-60.986345	-8.859270	
2499	-86.718750	0.914826	-60.985956	-8.811368	
2500	-86.914062	0.973461	-60.986991	-8.878285	
2500	-86.816406	0.954041	-60.986345	-8.859270	
2501	-86.767094	1.269531	-61.018303	-9.221423	
2501	-86.718750	1.203317	-61.009307	-9.157626	
2502	-86.767094	1.269531	-61.018303	-9.221423	
2502	-86.805255	1.367188	-61.032752	-9.314851	
2503	-86.830782	1.464844	-61.047785	-9.405139	
2503	-86.816406	1.414985	-61.040134	-9.359824	
2504	-86.816406	1.414985	-61.040134	-9.359824	
2504	-86.805255	1.367188	-61.032752	-9.314851	
2505	-86.830782	1.464844	-61.047785	-9.405139	
2505	-86.846086	1.562500	-61.063053	-9.492996	
2506	-85.682432	0.000000	-61.520285	-7.513895	
2506	-85.652347	0.097656	-61.515563	-7.621581	
2507	-85.644531	0.139656	-61.514303	-7.668291	
2507	-85.634317	0.195312	-61.513354	-7.730419	
2508	-85.652347	0.097656	-61.515563	-7.621581	
2508	-85.644531	0.139656	-61.514303	-7.668291	
2509	-85.634317	0.195312	-61.513354	-7.730419	
2509	-85.628630	0.292969	-61.513689	-7.840328	
2510	-85.628630	0.292969	-61.513689	-7.840328	
2510	-85.636548	0.390625	-61.516631	-7.951309	
2511	-85.644531	0.421988	-61.518137	-7.987067	
2511	-85.656979	0.488281	-61.522290	-8.063664	
2512	-85.644531	0.421988	-61.518137	-7.987067	
2512	-85.636548	0.390625	-61.516631	-7.951309	
2513	-85.656979	0.488281	-61.522290	-8.063664	
2513	-85.690433	0.585938	-61.530858	-8.178191	
2514	-85.742188	0.669977	-61.540666	-8.278208	
2514	-85.690433	0.585938	-61.530858	-8.178191	
2515	-85.742188	0.669977	-61.540666	-8.278208	
2515	-85.747595	0.683594	-61.542555	-8.295356	
2516	-85.747595	0.683594	-61.542555	-8.295356	
2516	-85.819764	0.781250	-61.557881	-8.420814	
2517	-85.839844	0.796818	-61.560525	-8.440948	
2517	-85.907699	0.878906	-61.575898	-8.573346	
2518	-85.839844	0.796818	-61.560525	-8.440948	
2518	-85.819764	0.781250	-61.557881	-8.420814	
2519	-85.937500	0.958689	-61.571524	-8.757916	
2519	-85.907699	0.878906	-61.575898	-8.573346	
2520	-85.937500	0.979962	-61.561692	-8.810955	
2520	-85.848974	1.074219	-61.519798	-8.956248	
2521	-85.839844	1.093462	-61.510277	-8.985016	
2521	-85.762627	1.171875	-61.481887	-9.068946	
2522	-85.848974	1.074219	-61.519798	-8.956248	
2522	-85.839844	1.093462	-61.510277	-8.985016	
2523	-85.546875	1.525127	-61.372564	-9.421911	
2523	-85.525750	1.562500	-61.363327	-9.455675	
2524	-85.762627	1.171875	-61.481887	-9.068946	
2524	-85.742188	1.209353	-61.467055	-9.113320	
2525	-85.742188	1.209353	-61.467055	-9.113320	
2525	-85.687820	1.269531	-61.448132	-9.170858	
2526	-85.644531	1.345992	-61.422987	-9.250188	
2526	-85.626779	1.367188	-61.417121	-9.269210	
2527	-85.687820	1.269531	-61.448132	-9.170858	
2527	-85.644531	1.345992	-61.422987	-9.250188	
2528	-85.626779	1.367188	-61.417121	-9.269210	
2528	-85.571570	1.464844	-61.389124	-9.363319	
2529	-85.571570	1.464844	-61.389124	-9.363319	
2529	-85.546875	1.525127	-61.372564	-9.421911	
2530	-85.525750	1.562500	-61.363327	-9.455675	
2530	-85.487205	1.660156	-61.339666	-9.546146	
2531	-85.487205	1.660156	-61.339666	-9.546146	
2531	-85.457688	1.757812	-61.317865	-9.635440	
2532	-85.457688	1.757812	-61.317865	-9.635440	
2532	-85.449219	1.798835	-61.309179	-9.672874	
2533	-85.449219	1.798835	-61.309179	-9.672874	
2533	-85.434514	1.855469	-61.297964	-9.723026	
2534	-85.434514	1.855469	-61.297964	-9.723026	
2534	-85.419611	1.953125	-61.279779	-9.809371	
2535	-85.419611	1.953125	-61.279779	-9.809371	
2535	-85.413470	2.050781	-61.263257	-9.894494	
2536	-85.413470	2.050781	-61.263257	-9.894494	
2536	-85.416691	2.148438	-61.248368	-9.978366	
2537	-85.416691	2.148438	-61.248368	-9.978366	
2537	-85.430474	2.246094	-61.235105	-10.060981	
2538	-85.449219	2.320011	-61.226156	-10.122687	
2538	-85.430474	2.246094	-61.235105	-10.060981	
2539	-85.449219	2.320011	-61.226156	-10.122687	
2539	-85.457193	2.343750	-61.223483	-10.142372	
2540	-85.546875	2.512582	-61.207512	-10.280159	
2540	-85.571019	2.539062	-61.205513	-10.301600	
2541	-85.644531	2.610333	-61.201012	-10.358213	
2541	-85.688126	2.636719	-61.199673	-10.379272	
2542	-85.644531	2.610333	-61.201012	-10.358213	
2542	-85.571019	2.539062	-61.205513	-10.301600	
2543	-85.742188	2.668893	-61.198380	-10.404265	
2543	-85.688126	2.636719	-61.199673	-10.379272	
2544	-85.839844	2.702281	-61.197487	-10.430184	
2544	-85.742188	2.668893	-61.198380	-10.404265	
2545	-85.937500	2.716092	-61.197340	-10.440721	
2545	-85.839844	2.702281	-61.197487	-10.430184	
2546	-85.457193	2.343750	-61.223483	-10.142372	
2546	-85.502294	2.441406	-61.213557	-10.222673	
2547	-85.546875	2.512582	-61.207512	-10.280159	
2547	-85.502294	2.441406	-61.213557	-10.222673	
2548	-86.846086	1.562500	-61.063053	-9.492996	
2548	-86.850897	1.660156	-61.078336	-9.579127	
2549	-86.850897	1.660156	-61.078336	-9.579127	
2549	-86.846760	1.757812	-61.093400	-9.663700	
2550	-86.846760	1.757812	-61.093400	-9.663700	
2550	-86.833996	1.855469	-61.108073	-9.746926	
2551	-86.816406	1.936039	-61.119794	-9.814766	
2551	-86.812757	1.953125	-61.122206	-9.828939	
2552	-86.833996	1.855469	-61.108073	-9.746926	
2552	-86.816406	1.936039	-61.119794	-9.814766	
2553	-86.812757	1.953125	-61.122206	-9.828939	
2553	-86.783964	2.050781	-61.135645	-9.909706	
2554	-86.783964	2.050781	-61.135645	-9.909706	
2554	-86.744485	2.148438	-61.148323	-9.989648	
2555	-86.744485	2.148438	-61.148323	-9.989648	
2555	-86.718750	2.200505	-61.154724	-10.031945	
2556	-86.718750	2.200505	-61.154724	-10.031945	
2556	-86.693928	2.246094	-61.160094	-10.068733	
2557	-86.693928	2.246094	-61.160094	-10.068733	
2557	-86.630243	2.343750	-61.170818	-10.147029	
2558	-86.630243	2.343750	-61.170818	-10.147029	
2558	-86.621094	2.356448	-61.172124	-10.157131	
2559	-86.621094	2.356448	-61.172124	-10.157131	
2559	-86.549105	2.441406	-61.180328	-10.224663	
2560	-86.549105	2.441406	-61.180328	-10.224663	
2560	-86.523438	2.469100	-61.182761	-10.246458	
2561	-86.523438	2.469100	-61.182761	-10.246458	
2561	-86.443135	2.539062	-61.188376	-10.301685	
2562	-86.443135	2.539062	-61.188376	-10.301685	
2562	-86.425781	2.553636	-61.189422	-10.313039	
2563	-86.425781	2.553636	-61.189422	-10.313039	
2563	-86.328125	2.618049	-61.193533	-10.363523	
2564	-86.035156	2.714063	-61.197321	-10.438873	
2564	-85.937500	2.716092	-61.197340	-10.440721	
2565	-86.132812	2.697375	-61.196978	-10.425626	
2565	-86.035156	2.714063	-61.197321	-10.438873	
2566	-86.328125	2.618049	-61.193533	-10.363523	
2566	-86.288832	2.636719	-61.194547	-10.378338	
2567	-86.230469	2.665411	-61.195866	-10.400577	
2567	-86.132812	2.697375	-61.196978	-10.425626	
2568	-86.288832	2.636719	-61.194547	-10.378338	
2568	-86.230469	2.665411	-61.195866	-10.400577	
2569	-80.687558	0.097656	-60.284685	-7.953726	
2569	-80.664062	0.067460	-60.274023	-7.920206	
2570	-80.687558	0.097656	-60.284685	-7.953726	
2570	-80.746844	0.195312	-60.319293	-8.065038	
2571	-80.664062	0.067460	-60.274023	-7.920206	
2571	-80.624172	0.000000	-60.246895	-7.836150	
2572	-80.802662	0.292969	-60.351042	-8.171478	
2572	-80.761719	0.226000	-60.329926	-8.100163	
2573	-80.761719	0.226000	-60.329926	-8.100163	
2573	-80.746844	0.195312	-60.319293	-8.065038	
2574	-80.802662	0.292969	-60.351042	-8.171478	
2574	-80.851602	0.390625	-60.380573	-8.275310	
2575	-80.859375	0.409954	-60.386265	-8.295952	
2575	-80.851602	0.390625	-60.380573	-8.275310	
2576	-80.897783	0.488281	-60.407672	-8.375717	
2576	-80.859375	0.409954	-60.386265	-8.295952	
2577	-80.897783	0.488281	-60.407672	-8.375717	
2577	-80.937668	0.585938	-60.432806	-8.474287	
2578	-80.973033	0.683594	-60.455943	-8.570747	
2578	-80.957031	0.643515	-60.446807	-8.531921	
2579	-80.957031	0.643515	-60.446807	-8.531921	
2579	-80.937668	0.585938	-60.432806	-8.474287	
2580	-80.973033	0.683594	-60.455943	-8.570747	
2580	-81.003919	0.781250	-60.477184	-8.665310	
2581	-81.003919	0.781250	-60.477184	-8.665310	
2581	-81.029255	0.878906	-60.496658	-8.758344	
2582	-81.029255	0.878906	-60.496658	-8.758344	
2582	-81.049456	0.976562	-60.514397	-8.849808	
2583	-81.054688	1.012541	-60.520533	-8.883274	
2583	-81.049456	0.976562	-60.514397	-8.849808	
2584	-81.064945	1.074219	-60.530436	-8.939666	
2584	-81.054688	1.012541	-60.520533	-8.883274	
2585	-81.064945	1.074219	-60.530436	-8.939666	
2585	-81.075049	1.171875	-60.544836	-9.028041	
2586	-81.075049	1.171875	-60.544836	-9.028041	
2586	-81.079441	1.269531	-60.557633	-9.114946	
2587	-81.079441	1.269531	-60.557633	-9.114946	
2587	-81.077856	1.367188	-60.568848	-9.200351	
2588	-81.077856	1.367188	-60.568848	-9.200351	
2588	-81.069883	1.464844	-60.578500	-9.284215	
2589	-81.069883	1.464844	-60.578500	-9.284215	
2589	-81.054978	1.562500	-60.586599	-9.366474	
2590	-79.297214	0.000000	-61.492657	-7.827123	
2590	-79.296875	0.001145	-61.491870	-7.828551	
2591	-79.296875	0.001145	-61.491870	-7.828551	
2591	-79.255877	0.097656	-61.434112	-7.932949	
2592	-79.255877	0.097656	-61.434112	-7.932949	
2592	-79.221944	0.195312	-61.377962	-8.034327	
2593	-79.221944	0.195312	-61.377962	-8.034327	
2593	-79.199219	0.274578	-61.334143	-8.113908	
2594	-79.199219	0.274578	-61.334143	-8.113908	
2594	-79.192250	0.292969	-61.324973	-8.130650	
2595	-79.192250	0.292969	-61.324973	-8.130650	
2595	-79.165120	0.390625	-61.275184	-8.222252	
2596	-79.165120	0.390625	-61.275184	-8.222252	
2596	-79.143579	0.488281	-61.227242	-8.311844	
2597	-79.143579	0.488281	-61.227242	-8.311844	
2597	-79.126926	0.585938	-61.181177	-8.399520	
2598	-79.126926	0.585938	-61.181177	-8.399520	
2598	-79.114897	0.683594	-61.136895	-8.485537	
2599	-79.114897	0.683594	-61.136895	-8.485537	
2599	-79.107474	0.781250	-61.094269	-8.570182	
2600	-79.107474	0.781250	-61.094269	-8.570182	
2600	-79.104775	0.878906	-61.053174	-8.653726	
2601	-79.104775	0.878906	-61.053174	-8.653726	
2601	-79.106994	0.976562	-61.013506	-8.736405	
2602	-79.106994	0.976562	-61.013506	-8.736405	
2602	-79.114368	1.074219	-60.975184	-8.818414	
2603	-79.114368	1.074219	-60.975184	-8.818414	
2603	-79.127148	1.171875	-60.938152	-8.899909	
2604	-79.127148	1.171875	-60.938152	-8.899909	
2604	-79.145593	1.269531	-60.902374	-8.981011	
2605	-79.145593	1.269531	-60.902374	-8.981011	
2605	-79.169956	1.367188	-60.867841	-9.061810	
2606	-79.199219	1.461192	-60.835782	-9.139357	
2606	-79.200527	1.464844	-60.834554	-9.142381	
2607	-79.199219	1.461192	-60.835782	-9.139357	
2607	-79.169956	1.367188	-60.867841	-9.061810	
2608	-79.200527	1.464844	-60.834554	-9.142381	
2608	-79.238909	1.562500	-60.802393	-9.223143	
2609	-79.296875	1.684967	-60.763941	-9.324222	
2609	-79.339878	1.757812	-60.741838	-9.385010	
2610	-79.394531	1.841849	-60.717434	-9.454918	
2610	-79.405155	1.855469	-60.713497	-9.466510	
2611	-79.394531	1.841849	-60.717434	-9.454918	
2611	-79.339878	1.757812	-60.741838	-9.385010	
2612	-79.405155	1.855469	-60.713497	-9.466510	
2612	-79.484347	1.953125	-60.686441	-9.548995	
2613	-79.238909	1.562500	-60.802393	-9.223143	
2613	-79.284410	1.660156	-60.771539	-9.303810	
2614	-79.296875	1.684967	-60.763941	-9.324222	
2614	-79.284410	1.660156	-60.771539	-9.303810	
2615	-79.492188	1.962524	-60.683952	-9.556864	
2615	-79.581870	2.050781	-60.660770	-9.632945	
2616	-79.589844	2.058550	-60.658835	-9.639559	
2616	-79.581870	2.050781	-60.660770	-9.632945	
2617	-79.687500	2.135866	-60.639679	-9.707818	
2617	-79.589844	2.058550	-60.658835	-9.639559	
2618	-79.492188	1.962524	-60.683952	-9.556864	
2618	-79.484347	1.953125	-60.686441	-9.548995	
2619	-81.054978	1.562500	-60.586599	-9.366474	
2619	-81.054688	1.563895	-60.586704	-9.367639	
2620	-81.054688	1.563895	-60.586704	-9.367639	
2620	-81.031933	1.660156	-60.593148	-9.447065	
2621	-81.031933	1.660156	-60.593148	-9.447065	
2621	-80.999896	1.757812	-60.598135	-9.525832	
2622	-80.999896	1.757812	-60.598135	-9.525832	
2622	-80.957749	1.855469	-60.601535	-9.602572	
2623	-80.957031	1.856931	-60.601574	-9.603704	
2623	-80.900817	1.953125	-60.603312	-9.677043	
2624	-80.957749	1.855469	-60.601535	-9.602572	
2624	-80.957031	1.856931	-60.601574	-9.603704	
2625	-80.859375	2.012504	-60.603572	-9.720992	
2625	-80.826388	2.050781	-60.603401	-9.748695	
2626	-80.761719	2.118164	-60.602433	-9.796060	
2626	-80.724173	2.148438	-60.601717	-9.816542	
2627	-80.826388	2.050781	-60.603401	-9.748695	
2627	-80.761719	2.118164	-60.602433	-9.796060	
2628	-80.664062	2.194054	-60.600294	-9.846431	
2628	-80.569663	2.246094	-60.598200	-9.877901	
2629	-80.566406	2.247842	-60.598120	-9.878918	
2629	-80.468750	2.285998	-60.596338	-9.898768	
2630	-80.569663	2.246094	-60.598200	-9.877901	
2630	-80.566406	2.247842	-60.598120	-9.878918	
2631	-80.724173	2.148438	-60.601717	-9.816542	
2631	-80.664062	2.194054	-60.600294	-9.846431	
2632	-80.900817	1.953125	-60.603312	-9.677043	
2632	-80.859375	2.012504	-60.603572	-9.720992	
2633	-79.687500	2.135866	-60.639679	-9.707818	
2633	-79.707786	2.148438	-60.636560	-9.719498	
2634	-79.882812	2.245024	-60.614269	-9.809826	
2634	-79.785156	2.197926	-60.625047	-9.764407	
2635	-79.785156	2.197926	-60.625047	-9.764407	
2635	-79.707786	2.148438	-60.636560	-9.719498	
2636	-79.882812	2.245024	-60.614269	-9.809826	
2636	-79.885852	2.246094	-60.614012	-9.810962	
2637	-79.980469	2.281489	-60.606211	-9.847051	
2637	-79.885852	2.246094	-60.614012	-9.810962	
2638	-80.078125	2.305575	-60.600734	-9.875032	
2638	-79.980469	2.281489	-60.606211	-9.847051	
2639	-80.175781	2.318160	-60.597347	-9.894348	
2639	-80.078125	2.305575	-60.600734	-9.875032	
2640	-80.273438	2.319503	-60.595678	-9.905110	
2640	-80.175781	2.318160	-60.597347	-9.894348	
2641	-80.371094	2.309178	-60.595429	-9.906914	
2641	-80.273438	2.319503	-60.595678	-9.905110	
2642	-80.468750	2.285998	-60.596338	-9.898768	
2642	-80.371094	2.309178	-60.595429	-9.906914	
2643	-75.043446	7.324219	-58.588919	-11.082124	
2643	-75.000000	7.280775	-58.602678	-11.057436	
2644	-75.097656	7.381858	-58.568078	-11.115185	
2644	-75.043446	7.324219	-58.588919	-11.082124	
2645	-75.119140	7.421875	-58.554453	-11.134873	
2645	-75.097656	7.381858	-58.568078	-11.115185	
2646	-75.119140	7.421875	-58.554453	-11.134873	
2646	-75.162454	7.519531	-58.518477	-11.181779	
2647	-75.162454	7.519531	-58.518477	-11.181779	
2647	-75.191382	7.617188	-58.479652	-11.226487	
2648	-75.195312	7.635856	-58.471983	-11.234764	
2648	-75.191382	7.617188	-58.479652	-11.226487	
2649	-75.206131	7.714844	-58.439037	-11.268648	
2649	-75.195312	7.635856	-58.471983	-11.234764	
2650	-75.206131	7.714844	-58.439037	-11.268648	
2650	-75.211765	7.812500	-58.395592	-11.309963	
2651	-75.211765	7.812500	-58.395592	-11.309963	
2651	-75.210396	7.910156	-58.348198	-11.351904	
2652	-75.210396	7.910156	-58.348198	-11.351904	
2652	-75.203328	8.007812	-58.294934	-11.396749	
2653	-75.195312	8.064473	-58.261554	-11.424439	
2653	-75.192198	8.105469	-58.231382	-11.449690	
2654	-75.192198	8.105469	-58.231382	-11.449690	
2654	-75.184530	8.203125	-58.140811	-11.531010	
2655	-75.203328	8.007812	-58.294934	-11.396749	
2655	-75.195312	8.064473	-58.261554	-11.424439	
2656	-75.184530	8.203125	-58.140811	-11.531010	
2656	-75.187214	8.300781	-58.002576	-11.696843	
2657	-75.187214	8.300781	-58.002576	-11.696843	
2657	-75.195108	8.398438	-57.882595	-12.005056	
2658	-75.195312	8.403310	-57.880026	-12.022759	
2658	-75.195108	8.398438	-57.882595	-12.005056	
2659	-75.252443	8.496094	-57.893408	-12.296503	
2659	-75.195312	8.403310	-57.880026	-12.022759	
2660	-75.252443	8.496094	-57.893408	-12.296503	
2660	-75.287944	8.593750	-57.945853	-12.463637	
2661	-75.392416	8.789062	-58.018100	-12.624336	
2661	-75.390625	8.787060	-58.017669	-12.623405	
2662	-75.392416	8.789062	-58.018100	-12.624336	
2662	-75.439675	8.886719	-58.042753	-12.678415	
2663	-75.439675	8.886719	-58.042753	-12.678415	
2663	-75.474375	8.984375	-58.063395	-12.726612	
2664	-75.347468	8.691406	-57.985572	-12.554305	
2664	-75.292969	8.614321	-57.957096	-12.490570	
2665	-75.292969	8.614321	-57.957096	-12.490570	
2665	-75.287944	8.593750	-57.945853	-12.463637	
2666	-75.390625	8.787060	-58.017669	-12.623405	
2666	-75.347468	8.691406	-57.985572	-12.554305	
2667	-75.502678	9.082031	-58.079987	-12.769101	
2667	-75.488281	9.041564	-58.073812	-12.752730	
2668	-75.488281	9.041564	-58.073812	-12.752730	
2668	-75.474375	8.984375	-58.063395	-12.726612	
2669	-75.502678	9.082031	-58.079987	-12.769101	
2669	-75.521720	9.179688	-58.093244	-12.807551	
2670	-75.521720	9.179688	-58.093244	-12.807551	
2670	-75.530332	9.277344	-58.103423	-12.842519	
2671	-75.530332	9.277344	-58.103423	-12.842519	
2671	-75.527312	9.375000	-58.110637	-12.874203	
2672	-75.527312	9.375000	-58.110637	-12.874203	
2672	-75.509701	9.472656	-58.114906	-12.902600	
2673	-75.488281	9.535861	-58.116058	-12.919057	
2673	-75.466725	9.570312	-58.116131	-12.927273	
2674	-75.509701	9.472656	-58.114906	-12.902600	
2674	-75.488281	9.535861	-58.116058	-12.919057	
2675	-75.466725	9.570312	-58.116131	-12.927273	
2675	-75.390625	9.651839	-58.114725	-12.943190	
2676	-75.000000	9.422998	-58.177625	-12.860955	
2676	-75.034385	9.472656	-58.162561	-12.876367	
2677	-75.097656	9.564883	-58.139861	-12.902615	
2677	-75.034385	9.472656	-58.162561	-12.876367	
2678	-75.097656	9.564883	-58.139861	-12.902615	
2678	-75.105427	9.570312	-58.138285	-12.904637	
2679	-75.195312	9.645539	-58.122013	-12.928491	
2679	-75.105427	9.570312	-58.138285	-12.904637	
2680	-75.390625	9.651839	-58.114725	-12.943190	
2680	-75.320736	9.667969	-58.114978	-12.942800	
2681	-75.195312	9.645539	-58.122013	-12.928491	
2681	-75.275962	9.667969	-58.116247	-12.939703	
2682	-75.292969	9.674191	-58.115263	-12.942102	
2682	-75.275962	9.667969	-58.116247	-12.939703	
2683	-75.320736	9.667969	-58.114978	-12.942800	
2683	-75.292969	9.674191	-58.115263	-12.942102	
2684	-66.894531	5.000272	-55.817416	-8.704673	
2684	-66.796875	4.982837	-55.823636	-8.685338	
2685	-66.943276	5.078125	-55.795992	-8.749462	
2685	-66.894531	5.000272	-55.817416	-8.704673	
2686	-66.699219	5.055502	-55.822583	-8.714026	
2686	-66.687518	5.078125	-55.823252	-8.724518	
2687	-66.796875	4.982837	-55.823636	-8.685338	
2687	-66.699219	5.055502	-55.822583	-8.714026	
2688	-66.687518	5.078125	-55.823252	-8.724518	
2688	-66.649756	5.175781	-55.831094	-8.773215	
2689	-66.649756	5.175781	-55.831094	-8.773215	
2689	-66.635204	5.273438	-55.846650	-8.826435	
2690	-66.635204	5.273438	-55.846650	-8.826435	
2690	-66.637859	5.371094	-55.870299	-8.884961	
2691	-66.637859	5.371094	-55.870299	-8.884961	
2691	-66.652996	5.468750	-55.904030	-8.953310	
2692	-66.943276	5.078125	-55.795992	-8.749462	
2692	-66.973942	5.175781	-55.760357	-8.805531	
2693	-66.973942	5.175781	-55.760357	-8.805531	
2693	-66.979003	5.273438	-55.718196	-8.860342	
2694	-66.979003	5.273438	-55.718196	-8.860342	
2694	-66.968995	5.371094	-55.668665	-8.916822	
2695	-66.968995	5.371094	-55.668665	-8.916822	
2695	-66.953956	5.468750	-55.603240	-8.985774	
2696	-66.953956	5.468750	-55.603240	-8.985774	
2696	-66.943962	5.566406	-55.499118	-9.104533	
2697	-66.943962	5.566406	-55.499118	-9.104533	
2697	-66.946584	5.664062	-55.381040	-9.351105	
2698	-66.946584	5.664062	-55.381040	-9.351105	
2698	-66.954996	5.761719	-55.391608	-9.612133	
2699	-66.954996	5.761719	-55.391608	-9.612133	
2699	-66.969199	5.859375	-55.451439	-9.753497	
2700	-66.652996	5.468750	-55.904030	-8.953310	
2700	-66.684341	5.566406	-55.950709	-9.041688	
2701	-66.699219	5.580889	-55.955939	-9.051922	
2701	-66.684341	5.566406	-55.950709	-9.041688	
2702	-66.699219	5.580889	-55.955939	-9.051922	
2702	-66.701887	5.664062	-56.012905	-9.224789	
2703	-66.701887	5.664062	-56.012905	-9.224789	
2703	-66.707104	5.761719	-55.963960	-9.532196	
2704	-66.707104	5.761719	-55.963960	-9.532196	
2704	-66.705424	5.859375	-55.825771	-9.725705	
2705	-66.705424	5.859375	-55.825771	-9.725705	
2705	-66.699219	5.908353	-55.778431	-9.774196	
2706	-66.699219	5.908353	-55.778431	-9.774196	
2706	-66.682648	5.957031	-55.749982	-9.802645	
2707	-66.682648	5.957031	-55.749982	-9.802645	
2707	-66.672818	6.054688	-55.689933	-9.863641	
2708	-66.672818	6.054688	-55.689933	-9.863641	
2708	-66.674345	6.152344	-55.641528	-9.917093	
2709	-66.674345	6.152344	-55.641528	-9.917093	
2709	-66.690344	6.250000	-55.601930	-9.967334	
2710	-67.006448	6.054688	-55.521210	-9.893636	
2710	-66.992188	5.986323	-55.503253	-9.853751	
2711	-66.969199	5.859375	-55.451439	-9.753497	
2711	-66.989297	5.957031	-55.493264	-9.833487	
2712	-66.992188	5.986323	-55.503253	-9.853751	
2712	-66.989297	5.957031	-55.493264	-9.833487	
2713	-66.992188	6.230028	-55.550813	-9.985995	
2713	-66.985318	6.250000	-55.552610	-9.995506	
2714	-67.006448	6.054688	-55.521210	-9.893636	
2714	-67.005989	6.152344	-55.540814	-9.947228	
2715	-67.005989	6.152344	-55.540814	-9.947228	
2715	-66.992188	6.230028	-55.550813	-9.985995	
2716	-73.512357	7.031250	-58.489298	-10.735777	
2716	-73.437500	7.000648	-58.493874	-10.716146	
2717	-73.559074	7.128906	-58.464409	-10.794047	
2717	-73.535156	7.040065	-58.486749	-10.743210	
2718	-73.535156	7.040065	-58.486749	-10.743210	
2718	-73.512357	7.031250	-58.489298	-10.735777	
2719	-73.559074	7.128906	-58.464409	-10.794047	
2719	-73.538833	7.226562	-58.428182	-10.853865	
2720	-73.538833	7.226562	-58.428182	-10.853865	
2720	-73.535156	7.228683	-58.428366	-10.853555	
2721	-73.535156	7.228683	-58.428366	-10.853555	
2721	-73.465397	7.324219	-58.502530	-11.073695	
2722	-73.535156	7.405872	-58.413223	-11.148841	
2722	-73.465397	7.324219	-58.502530	-11.073695	
2723	-73.567422	7.421875	-58.413519	-11.150716	
2723	-73.535156	7.405872	-58.413223	-11.148841	
2724	-73.567422	7.421875	-58.413519	-11.150716	
2724	-73.563398	7.519531	-58.435874	-11.219944	
2725	-73.535156	7.577764	-58.441112	-11.255320	
2725	-73.437500	7.581311	-58.443172	-11.252647	
2726	-73.563398	7.519531	-58.435874	-11.219944	
2726	-73.535156	7.577764	-58.441112	-11.255320	
2727	-74.804688	7.234297	-58.623684	-11.009498	
2727	-74.707031	7.275610	-58.622116	-11.016936	
2728	-74.707031	7.275610	-58.622116	-11.016936	
2728	-74.660197	7.324219	-58.619546	-11.035133	
2729	-74.660197	7.324219	-58.619546	-11.035133	
2729	-74.609375	7.396239	-58.617648	-11.066475	
2730	-75.000000	7.280775	-58.602678	-11.057436	
2730	-74.902344	7.237019	-58.618389	-11.024022	
2731	-74.902344	7.237019	-58.618389	-11.024022	
2731	-74.804688	7.234297	-58.623684	-11.009498	
2732	-74.609375	7.396239	-58.617648	-11.066475	
2732	-74.598462	7.421875	-58.617565	-11.078545	
2733	-74.598462	7.421875	-58.617565	-11.078545	
2733	-74.571512	7.519531	-58.620195	-11.126981	
2734	-74.571512	7.519531	-58.620195	-11.126981	
2734	-74.562334	7.617188	-58.627361	-11.178118	
2735	-74.562334	7.617188	-58.627361	-11.178118	
2735	-74.567583	7.714844	-58.638815	-11.231132	
2736	-74.567583	7.714844	-58.638815	-11.231132	
2736	-74.585488	7.812500	-58.654343	-11.285876	
2737	-73.437500	7.000648	-58.493874	-10.716146	
2737	-73.415177	7.031250	-58.493476	-10.729837	
2738	-73.415177	7.031250	-58.493476	-10.729837	
2738	-73.375166	7.128906	-58.501649	-10.782374	
2739	-73.375166	7.128906	-58.501649	-10.782374	
2739	-73.378136	7.226562	-58.525948	-10.852178	
2740	-73.378136	7.226562	-58.525948	-10.852178	
2740	-73.410516	7.324219	-58.559636	-11.007008	
2741	-73.410516	7.324219	-58.559636	-11.007008	
2741	-73.395061	7.421875	-58.494620	-11.145412	
2742	-73.395061	7.421875	-58.494620	-11.145412	
2742	-73.409262	7.519531	-58.456251	-11.214507	
2743	-73.437500	7.581311	-58.443172	-11.252647	
2743	-73.409262	7.519531	-58.456251	-11.214507	
2744	-74.609375	7.883100	-58.667752	-11.325904	
2744	-74.615780	7.910156	-58.673813	-11.342626	
2745	-74.615780	7.910156	-58.673813	-11.342626	
2745	-74.652335	8.007812	-58.698059	-11.404250	
2746	-74.652335	8.007812	-58.698059	-11.404250	
2746	-74.703704	8.105469	-58.726747	-11.470910	
2747	-74.707031	8.108907	-58.727602	-11.472847	
2747	-74.703704	8.105469	-58.726747	-11.470910	
2748	-74.707031	8.108907	-58.727602	-11.472847	
2748	-74.750182	8.203125	-58.765128	-11.558554	
2749	-74.609375	7.883100	-58.667752	-11.325904	
2749	-74.585488	7.812500	-58.654343	-11.285876	
2750	-74.804688	8.274606	-58.795771	-11.634145	
2750	-74.809954	8.300781	-58.811985	-11.680199	
2751	-74.809954	8.300781	-58.811985	-11.680199	
2751	-74.833373	8.398438	-58.854755	-11.914112	
2752	-74.804688	8.274606	-58.795771	-11.634145	
2752	-74.750182	8.203125	-58.765128	-11.558554	
2753	-74.833373	8.398438	-58.854755	-11.914112	
2753	-74.865825	8.496094	-58.798347	-12.237587	
2754	-74.865825	8.496094	-58.798347	-12.237587	
2754	-74.883808	8.593750	-58.645476	-12.478426	
2755	-74.883808	8.593750	-58.645476	-12.478426	
2755	-74.884728	8.691406	-58.530186	-12.587915	
2756	-74.884728	8.691406	-58.530186	-12.587915	
2756	-74.883117	8.789062	-58.451114	-12.649493	
2757	-74.883117	8.789062	-58.451114	-12.649493	
2757	-74.883772	8.886719	-58.390640	-12.693396	
2758	-74.883772	8.886719	-58.390640	-12.693396	
2758	-74.888674	8.984375	-58.340539	-12.729371	
2759	-74.888674	8.984375	-58.340539	-12.729371	
2759	-74.898923	9.082031	-58.297134	-12.761212	
2760	-74.902344	9.107864	-58.286655	-12.769090	
2760	-74.898923	9.082031	-58.297134	-12.761212	
2761	-74.902344	9.107864	-58.286655	-12.769090	
2761	-74.918093	9.179688	-58.257642	-12.791474	
2762	-74.918093	9.179688	-58.257642	-12.791474	
2762	-74.945875	9.277344	-58.222200	-12.820415	
2763	-74.945875	9.277344	-58.222200	-12.820415	
2763	-74.981296	9.375000	-58.191076	-12.848058	
2764	-75.000000	9.422998	-58.177625	-12.860955	
2764	-74.981296	9.375000	-58.191076	-12.848058	
2765	-43.860292	0.000000	-42.392068	-4.941539	
2765	-43.856486	0.097656	-42.345452	-4.979218	
2766	-43.847656	0.188890	-42.295754	-5.018611	
2766	-43.847240	0.195312	-42.291639	-5.021878	
2767	-43.856486	0.097656	-42.345452	-4.979218	
2767	-43.847656	0.188890	-42.295754	-5.018611	
2768	-43.847240	0.195312	-42.291639	-5.021878	
2768	-43.836028	0.292969	-42.224242	-5.076526	
2769	-43.836028	0.292969	-42.224242	-5.076526	
2769	-43.828019	0.390625	-42.129604	-5.161745	
2770	-43.828019	0.390625	-42.129604	-5.161745	
2770	-43.828082	0.488281	-41.999469	-5.318440	
2771	-43.828082	0.488281	-41.999469	-5.318440	
2771	-43.834637	0.585938	-41.891894	-5.575612	
2772	-43.834637	0.585938	-41.891894	-5.575612	
2772	-43.834639	0.683594	-41.895489	-5.855237	
2773	-43.834639	0.683594	-41.895489	-5.855237	
2773	-43.834935	0.781250	-41.978621	-6.056215	
2774	-43.834935	0.781250	-41.978621	-6.056215	
2774	-43.844467	0.878906	-42.058700	-6.167847	
2775	-43.847656	0.912393	-42.081773	-6.195208	
2775	-43.844467	0.878906	-42.058700	-6.167847	
2776	-43.864135	0.976562	-42.114276	-6.232010	
2776	-43.847656	0.912393	-42.081773	-6.195208	
2777	-43.864135	0.976562	-42.114276	-6.232010	
2777	-43.878789	1.074219	-42.159018	-6.281205	
2778	-43.878789	1.074219	-42.159018	-6.281205	
2778	-43.887958	1.171875	-42.196139	-6.322504	
2779	-43.887958	1.171875	-42.196139	-6.322504	
2779	-43.891648	1.269531	-42.227319	-6.358972	
2780	-43.891648	1.269531	-42.227319	-6.358972	
2780	-43.889023	1.367188	-42.253700	-6.392396	
2781	-43.889023	1.367188	-42.253700	-6.392396	
2781	-43.878942	1.464844	-42.275883	-6.423777	
2782	-43.878942	1.464844	-42.275883	-6.423777	
2782	-43.860122	1.562500	-42.294074	-6.453641	
2783	-43.860122	1.562500	-42.294074	-6.453641	
2783	-43.847656	1.610336	-42.301488	-6.467743	
2784	-43.847656	1.610336	-42.301488	-6.467743	
2784	-43.825788	1.660156	-42.308428	-6.482766	
2785	-43.825788	1.660156	-42.308428	-6.482766	
2785	-43.770765	1.757812	-42.318128	-6.510704	
2786	-43.770765	1.757812	-42.318128	-6.510704	
2786	-43.750000	1.789604	-42.320028	-6.519237	
2787	-46.875000	4.941338	-43.817161	-6.862945	
2787	-46.846747	4.980469	-43.823654	-6.880283	
2788	-46.777344	5.064761	-43.841521	-6.921727	
2788	-46.771004	5.078125	-43.844460	-6.927916	
2789	-46.846747	4.980469	-43.823654	-6.880283	
2789	-46.777344	5.064761	-43.841521	-6.921727	
2790	-46.771004	5.078125	-43.844460	-6.927916	
2790	-46.724173	5.175781	-43.869634	-6.976326	
2791	-46.724173	5.175781	-43.869634	-6.976326	
2791	-46.692141	5.273438	-43.900065	-7.027824	
2792	-46.679688	5.338480	-43.923080	-7.063807	
2792	-46.675596	5.371094	-43.935536	-7.082574	
2793	-46.675596	5.371094	-43.935536	-7.082574	
2793	-46.672310	5.468750	-43.976505	-7.142060	
2794	-46.692141	5.273438	-43.900065	-7.027824	
2794	-46.679688	5.338480	-43.923080	-7.063807	
2795	-46.679688	5.546095	-44.012845	-7.193334	
2795	-46.680877	5.566406	-44.023907	-7.208867	
2796	-46.680877	5.566406	-44.023907	-7.208867	
2796	-46.696577	5.664062	-44.081492	-7.290970	
2797	-46.679688	5.546095	-44.012845	-7.193334	
2797	-46.672310	5.468750	-43.976505	-7.142060	
2798	-46.696577	5.664062	-44.081492	-7.290970	
2798	-46.715538	5.761719	-44.155152	-7.405847	
2799	-46.715538	5.761719	-44.155152	-7.405847	
2799	-46.737617	5.859375	-44.244718	-7.588271	
2800	-46.777344	5.954959	-44.311536	-7.882741	
2800	-46.777408	5.957031	-44.312019	-7.891319	
2801	-46.777344	5.954959	-44.311536	-7.882741	
2801	-46.737617	5.859375	-44.244718	-7.588271	
2802	-46.777408	5.957031	-44.312019	-7.891319	
2802	-46.784152	6.054688	-44.245506	-8.274627	
2803	-46.784152	6.054688	-44.245506	-8.274627	
2803	-46.798338	6.152344	-44.089246	-8.521675	
2804	-46.798338	6.152344	-44.089246	-8.521675	
2804	-46.810311	6.250000	-43.959386	-8.643515	
2805	-47.265625	4.408266	-43.772692	-6.688789	
2805	-47.206916	4.492188	-43.774983	-6.707554	
2806	-47.206916	4.492188	-43.774983	-6.707554	
2806	-47.167969	4.558166	-43.778289	-6.724216	
2807	-47.167969	4.558166	-43.778289	-6.724216	
2807	-47.152511	4.589844	-43.780228	-6.732682	
2808	-47.152511	4.589844	-43.780228	-6.732682	
2808	-47.100769	4.687500	-43.787508	-6.761568	
2809	-47.511817	4.394531	-43.764884	-6.695740	
2809	-47.460938	4.348303	-43.770989	-6.683141	
2810	-47.558594	4.426501	-43.758062	-6.706781	
2810	-47.511817	4.394531	-43.764884	-6.695740	
2811	-47.594087	4.492188	-43.745446	-6.724100	
2811	-47.558594	4.426501	-43.758062	-6.706781	
2812	-47.460938	4.348303	-43.770989	-6.683141	
2812	-47.363281	4.341072	-43.772958	-6.676956	
2813	-47.363281	4.341072	-43.772958	-6.676956	
2813	-47.283827	4.394531	-43.772565	-6.685966	
2814	-47.283827	4.394531	-43.772565	-6.685966	
2814	-47.265625	4.408266	-43.772692	-6.688789	
2815	-47.594087	4.492188	-43.745446	-6.724100	
2815	-47.651903	4.589844	-43.719210	-6.754021	
2816	-47.656250	4.595471	-43.717205	-6.756112	
2816	-47.651903	4.589844	-43.719210	-6.754021	
2817	-47.685545	4.687500	-43.689305	-6.783460	
2817	-47.656250	4.595471	-43.717205	-6.756112	
2818	-47.685545	4.687500	-43.689305	-6.783460	
2818	-47.713239	4.785156	-43.652946	-6.815714	
2819	-47.713239	4.785156	-43.652946	-6.815714	
2819	-47.735388	4.882812	-43.608962	-6.851708	
2820	-47.735388	4.882812	-43.608962	-6.851708	
2820	-47.749948	4.980469	-43.556673	-6.892023	
2821	-47.753906	5.041686	-43.519584	-6.919721	
2821	-47.749948	4.980469	-43.556673	-6.892023	
2822	-47.755215	5.078125	-43.494807	-6.938051	
2822	-47.753906	5.041686	-43.519584	-6.919721	
2823	-47.755215	5.078125	-43.494807	-6.938051	
2823	-47.753906	5.092540	-43.485895	-6.944645	
2824	-47.753906	5.092540	-43.485895	-6.944645	
2824	-47.751281	5.175781	-43.417808	-6.995996	
2825	-47.751281	5.175781	-43.417808	-6.995996	
2825	-47.748745	5.273438	-43.292110	-7.114916	
2826	-47.811565	5.371094	-43.207396	-7.403569	
2826	-47.753906	5.293897	-43.254901	-7.169514	
2827	-47.753906	5.293897	-43.254901	-7.169514	
2827	-47.748745	5.273438	-43.292110	-7.114916	
2828	-47.811565	5.371094	-43.207396	-7.403569	
2828	-47.842777	5.468750	-43.230027	-7.574312	
2829	-47.100769	4.687500	-43.787508	-6.761568	
2829	-47.070312	4.734982	-43.791701	-6.777420	
2830	-47.070312	4.734982	-43.791701	-6.777420	
2830	-47.037241	4.785156	-43.796492	-6.795232	
2831	-46.972656	4.849038	-43.803787	-6.821338	
2831	-46.944873	4.882812	-43.807948	-6.835226	
2832	-47.037241	4.785156	-43.796492	-6.795232	
2832	-46.972656	4.849038	-43.803787	-6.821338	
2833	-46.944873	4.882812	-43.807948	-6.835226	
2833	-46.875000	4.941338	-43.817161	-6.862945	
2834	-47.265625	5.220678	-43.774075	-7.006819	
2834	-47.222183	5.273438	-43.764801	-7.036504	
2835	-47.222183	5.273438	-43.764801	-7.036504	
2835	-47.173075	5.371094	-43.738589	-7.091635	
2836	-47.167969	5.382390	-43.735065	-7.097663	
2836	-47.139722	5.468750	-43.702152	-7.145986	
2837	-47.173075	5.371094	-43.738589	-7.091635	
2837	-47.167969	5.382390	-43.735065	-7.097663	
2838	-47.460938	5.236422	-43.768664	-7.051027	
2838	-47.482044	5.273438	-43.766678	-7.100930	
2839	-47.363281	5.203138	-43.773425	-7.008237	
2839	-47.265625	5.220678	-43.774075	-7.006819	
2840	-47.460938	5.236422	-43.768664	-7.051027	
2840	-47.363281	5.203138	-43.773425	-7.008237	
2841	-47.558594	5.306218	-43.767043	-7.161353	
2841	-47.565853	5.371094	-43.741531	-7.311848	
2842	-47.558594	5.306218	-43.767043	-7.161353	
2842	-47.482044	5.273438	-43.766678	-7.100930	
2843	-47.565853	5.371094	-43.741531	-7.311848	
2843	-47.592803	5.468750	-43.608133	-7.529296	
2844	-47.592803	5.468750	-43.608133	-7.529296	
2844	-47.591875	5.566406	-43.497965	-7.640679	
2845	-47.591875	5.566406	-43.497965	-7.640679	
2845	-47.586309	5.664062	-43.419230	-7.734259	
2846	-47.586309	5.664062	-43.419230	-7.734259	
2846	-47.587690	5.761719	-43.355071	-7.838467	
2847	-47.587690	5.761719	-43.355071	-7.838467	
2847	-47.608133	5.859375	-43.306703	-7.958235	
2848	-47.139722	5.468750	-43.702152	-7.145986	
2848	-47.117094	5.566406	-43.653077	-7.203098	
2849	-47.117094	5.566406	-43.653077	-7.203098	
2849	-47.101924	5.664062	-43.585789	-7.269840	
2850	-47.101924	5.664062	-43.585789	-7.269840	
2850	-47.095517	5.761719	-43.485453	-7.367978	
2851	-47.095517	5.761719	-43.485453	-7.367978	
2851	-47.110124	5.859375	-43.327928	-7.571939	
2852	-47.110124	5.859375	-43.327928	-7.571939	
2852	-47.147434	5.957031	-43.207263	-7.924206	
2853	-47.167969	6.049234	-43.216949	-8.232803	
2853	-47.147434	5.957031	-43.207263	-7.924206	
2854	-47.176719	6.054688	-43.219171	-8.243688	
2854	-47.167969	6.049234	-43.216949	-8.232803	
2855	-47.176719	6.054688	-43.219171	-8.243688	
2855	-47.249695	6.152344	-43.269953	-8.418542	
2856	-47.265625	6.202918	-43.298995	-8.490353	
2856	-47.249695	6.152344	-43.269953	-8.418542	
2857	-47.656250	5.942010	-43.284093	-8.064017	
2857	-47.608133	5.859375	-43.306703	-7.958235	
2858	-47.311059	6.250000	-43.315159	-8.525726	
2858	-47.265625	6.202918	-43.298995	-8.490353	
2859	-47.875875	5.566406	-43.252459	-7.692179	
2859	-47.851562	5.522614	-43.243931	-7.645035	
2860	-47.875875	5.566406	-43.252459	-7.692179	
2860	-47.883597	5.664062	-43.267862	-7.795794	
2861	-47.851562	5.522614	-43.243931	-7.645035	
2861	-47.842777	5.468750	-43.230027	-7.574312	
2862	-47.851562	5.803512	-43.280526	-7.934591	
2862	-47.817565	5.859375	-43.282972	-7.989382	
2863	-47.883597	5.664062	-43.267862	-7.795794	
2863	-47.866572	5.761719	-43.277744	-7.893571	
2864	-47.866572	5.761719	-43.277744	-7.893571	
2864	-47.851562	5.803512	-43.280526	-7.934591	
2865	-47.817565	5.859375	-43.282972	-7.989382	
2865	-47.753906	5.932976	-43.283477	-8.061768	
2866	-47.753906	5.932976	-43.283477	-8.061768	
2866	-47.656250	5.942010	-43.284093	-8.064017	
2867	-43.420850	0.000000	-42.629124	-4.921389	
2867	-43.430509	0.097656	-42.657467	-4.960925	
2868	-43.430509	0.097656	-42.657467	-4.960925	
2868	-43.446777	0.195312	-42.691820	-5.004687	
2869	-43.457031	0.228713	-42.703812	-5.019425	
2869	-43.466894	0.292969	-42.734705	-5.056940	
2870	-43.457031	0.228713	-42.703812	-5.019425	
2870	-43.446777	0.195312	-42.691820	-5.004687	
2871	-43.466894	0.292969	-42.734705	-5.056940	
2871	-43.483092	0.390625	-42.794086	-5.131852	
2872	-43.483092	0.390625	-42.794086	-5.131852	
2872	-43.493709	0.488281	-42.873985	-5.256378	
2873	-43.493709	0.488281	-42.873985	-5.256378	
2873	-43.497093	0.585938	-42.946590	-5.472146	
2874	-43.497093	0.585938	-42.946590	-5.472146	
2874	-43.500036	0.683594	-42.928974	-5.756542	
2875	-43.500036	0.683594	-42.928974	-5.756542	
2875	-43.502130	0.781250	-42.813763	-5.993403	
2876	-43.502130	0.781250	-42.813763	-5.993403	
2876	-43.496599	0.878906	-42.695848	-6.130943	
2877	-43.496599	0.878906	-42.695848	-6.130943	
2877	-43.484993	0.976562	-42.610949	-6.209758	
2878	-43.484993	0.976562	-42.610949	-6.209758	
2878	-43.470166	1.074219	-42.550184	-6.262521	
2879	-43.457031	1.162523	-42.506715	-6.300509	
2879	-43.454934	1.171875	-42.503016	-6.303800	
2880	-43.470166	1.074219	-42.550184	-6.262521	
2880	-43.457031	1.162523	-42.506715	-6.300509	
2881	-43.454934	1.171875	-42.503016	-6.303800	
2881	-43.444372	1.269531	-42.462463	-6.340922	
2882	-43.444372	1.269531	-42.462463	-6.340922	
2882	-43.439320	1.367188	-42.427157	-6.375629	
2883	-43.439320	1.367188	-42.427157	-6.375629	
2883	-43.440412	1.464844	-42.396553	-6.408707	
2884	-43.440412	1.464844	-42.396553	-6.408707	
2884	-43.448953	1.562500	-42.370366	-6.440673	
2885	-43.457031	1.613554	-42.358435	-6.457042	
2885	-43.472094	1.660156	-42.348090	-6.472670	
2886	-43.457031	1.613554	-42.358435	-6.457042	
2886	-43.448953	1.562500	-42.370366	-6.440673	
2887	-43.472094	1.660156	-42.348090	-6.472670	
2887	-43.519061	1.757812	-42.330704	-6.504616	
2888	-43.554688	1.813081	-42.324143	-6.521602	
2888	-43.519061	1.757812	-42.330704	-6.504616	
2889	-43.750000	1.789604	-42.320028	-6.519237	
2889	-43.652344	1.844300	-42.321400	-6.533406	
2890	-43.652344	1.844300	-42.321400	-6.533406	
2890	-43.554688	1.813081	-42.324143	-6.521602	
2891	-47.311059	6.250000	-43.315159	-8.525726	
2891	-47.345877	6.347656	-43.358668	-8.609133	
2892	-47.363281	6.438022	-43.396819	-8.671026	
2892	-47.345877	6.347656	-43.358668	-8.609133	
2893	-47.365736	6.445312	-43.399333	-8.674814	
2893	-47.363281	6.438022	-43.396819	-8.671026	
2894	-47.365736	6.445312	-43.399333	-8.674814	
2894	-47.378998	6.542969	-43.435269	-8.725820	
2895	-47.378998	6.542969	-43.435269	-8.725820	
2895	-47.384535	6.640625	-43.467100	-8.767051	
2896	-46.875000	6.707459	-43.687556	-8.818652	
2896	-46.885412	6.738281	-43.676066	-8.825454	
2897	-46.885412	6.738281	-43.676066	-8.825454	
2897	-46.914879	6.835938	-43.646374	-8.843501	
2898	-46.914879	6.835938	-43.646374	-8.843501	
2898	-46.946154	6.933594	-43.622746	-8.858798	
2899	-46.972656	7.015950	-43.606919	-8.869945	
2899	-46.946154	6.933594	-43.622746	-8.858798	
2900	-46.972656	7.015950	-43.606919	-8.869945	
2900	-46.982632	7.031250	-43.603565	-8.872453	
2901	-47.384535	6.640625	-43.467100	-8.767051	
2901	-47.385320	6.738281	-43.494306	-8.800294	
2902	-47.385320	6.738281	-43.494306	-8.800294	
2902	-47.382205	6.835938	-43.517046	-8.827372	
2903	-47.382205	6.835938	-43.517046	-8.827372	
2903	-47.375185	6.933594	-43.535650	-8.849713	
2904	-47.375185	6.933594	-43.535650	-8.849713	
2904	-47.363799	7.031250	-43.550415	-8.868343	
2905	-46.810311	6.250000	-43.959386	-8.643515	
2905	-46.820677	6.347656	-43.869051	-8.708776	
2906	-46.820677	6.347656	-43.869051	-8.708776	
2906	-46.832200	6.445312	-43.803085	-8.750590	
2907	-46.832200	6.445312	-43.803085	-8.750590	
2907	-46.846204	6.542969	-43.751940	-8.781054	
2908	-46.846204	6.542969	-43.751940	-8.781054	
2908	-46.863044	6.640625	-43.710816	-8.805035	
2909	-46.875000	6.707459	-43.687556	-8.818652	
2909	-46.863044	6.640625	-43.710816	-8.805035	
2910	-34.082031	3.467223	-36.556712	-5.474838	
2910	-33.984375	3.444813	-36.562633	-5.462897	
2911	-34.099028	3.515625	-36.546159	-5.489480	
2911	-34.082031	3.467223	-36.556712	-5.474838	
2912	-33.984375	3.444813	-36.562633	-5.462897	
2912	-33.947067	3.515625	-36.566706	-5.482479	
2913	-33.947067	3.515625	-36.566706	-5.482479	
2913	-33.922308	3.613281	-36.584055	-5.516352	
2914	-33.922308	3.613281	-36.584055	-5.516352	
2914	-33.918983	3.710938	-36.614318	-5.559072	
2915	-33.918983	3.710938	-36.614318	-5.559072	
2915	-33.922944	3.808594	-36.664922	-5.624981	
2916	-33.922944	3.808594	-36.664922	-5.624981	
2916	-33.918254	3.906250	-36.749968	-5.776323	
2917	-34.099028	3.515625	-36.546159	-5.489480	
2917	-34.123347	3.613281	-36.513819	-5.522515	
2918	-34.123347	3.613281	-36.513819	-5.522515	
2918	-34.133569	3.710938	-36.465290	-5.562864	
2919	-34.133569	3.710938	-36.465290	-5.562864	
2919	-34.139518	3.808594	-36.381964	-5.630496	
2920	-34.139518	3.808594	-36.381964	-5.630496	
2920	-34.160308	3.906250	-36.205090	-5.844286	
2921	-34.160308	3.906250	-36.205090	-5.844286	
2921	-34.174815	4.003906	-36.122647	-6.237398	
2922	-34.174815	4.003906	-36.122647	-6.237398	
2922	-34.166999	4.101562	-36.205679	-6.484763	
2923	-34.166999	4.101562	-36.205679	-6.484763	
2923	-34.177199	4.199219	-36.270235	-6.576779	
2924	-34.179688	4.238708	-36.288171	-6.600258	
2924	-34.177199	4.199219	-36.270235	-6.576779	
2925	-34.187146	4.296875	-36.307292	-6.626258	
2925	-34.179688	4.238708	-36.288171	-6.600258	
2926	-33.918254	3.906250	-36.749968	-5.776323	
2926	-33.908345	4.003906	-36.779794	-6.093546	
2927	-33.908345	4.003906	-36.779794	-6.093546	
2927	-33.943072	4.101562	-36.621353	-6.446109	
2928	-33.943072	4.101562	-36.621353	-6.446109	
2928	-33.957194	4.199219	-36.487643	-6.571356	
2929	-33.957194	4.199219	-36.487643	-6.571356	
2929	-33.965508	4.296875	-36.421703	-6.621922	
2930	-33.965508	4.296875	-36.421703	-6.621922	
2930	-33.980199	4.394531	-36.380356	-6.655988	
2931	-33.984375	4.418190	-36.372851	-6.662961	
2931	-33.980199	4.394531	-36.380356	-6.655988	
2932	-34.187146	4.296875	-36.307292	-6.626258	
2932	-34.182898	4.394531	-36.330647	-6.663187	
2933	-34.182898	4.394531	-36.330647	-6.663187	
2933	-34.179688	4.416087	-36.334211	-6.670238	
2934	-33.984375	4.418190	-36.372851	-6.662961	
2934	-34.043886	4.492188	-36.349020	-6.689744	
2935	-34.179688	4.416087	-36.334211	-6.670238	
2935	-34.132342	4.492188	-36.342720	-6.693567	
2936	-5.129197	0.000000	-19.431360	-3.785079	
2936	-5.121992	0.097656	-19.418193	-3.849005	
2937	-5.121992	0.097656	-19.418193	-3.849005	
2937	-5.114779	0.195312	-19.405549	-3.911943	
2938	-5.114779	0.195312	-19.405549	-3.911943	
2938	-5.107045	0.292969	-19.393397	-3.973840	
2939	-5.107045	0.292969	-19.393397	-3.973840	
2939	-5.098496	0.390625	-19.381705	-4.034692	
2940	-5.078125	0.591007	-19.359022	-4.156432	
2940	-5.067862	0.683594	-19.349088	-4.211407	
2941	-5.067862	0.683594	-19.349088	-4.211407	
2941	-5.056702	0.781250	-19.338970	-4.268611	
2942	-5.098496	0.390625	-19.381705	-4.034692	
2942	-5.089023	0.488281	-19.370440	-4.094527	
2943	-5.089023	0.488281	-19.370440	-4.094527	
2943	-5.078681	0.585938	-19.359576	-4.153401	
2944	-5.078681	0.585938	-19.359576	-4.153401	
2944	-5.078125	0.591007	-19.359022	-4.156432	
2945	-5.056702	0.781250	-19.338970	-4.268611	
2945	-5.045675	0.878906	-19.329221	-4.325108	
2946	-5.045675	0.878906	-19.329221	-4.325108	
2946	-5.035387	0.976562	-19.319848	-4.380997	
2947	-5.035387	0.976562	-19.319848	-4.380997	
2947	-5.026534	1.074219	-19.310871	-4.436369	
2948	-5.026534	1.074219	-19.310871	-4.436369	
2948	-5.019851	1.171875	-19.302318	-4.491295	
2949	-5.019851	1.171875	-19.302318	-4.491295	
2949	-5.016033	1.269531	-19.294224	-4.545814	
2950	-5.016033	1.269531	-19.294224	-4.545814	
2950	-5.015653	1.367188	-19.286628	-4.599924	
2951	-5.015653	1.367188	-19.286628	-4.599924	
2951	-5.019075	1.464844	-19.279566	-4.653578	
2952	-5.019075	1.464844	-19.279566	-4.653578	
2952	-5.026394	1.562500	-19.273063	-4.706689	
2953	-5.087119	1.953125	-19.252463	-4.911434	
2953	-5.078125	1.905610	-19.254553	-4.887331	
2954	-5.026394	1.562500	-19.273063	-4.706689	
2954	-5.037409	1.660156	-19.267125	-4.759144	
2955	-5.037409	1.660156	-19.267125	-4.759144	
2955	-5.051651	1.757812	-19.261739	-4.810822	
2956	-5.051651	1.757812	-19.261739	-4.810822	
2956	-5.068449	1.855469	-19.256870	-4.861613	
2957	-5.078125	1.905610	-19.254553	-4.887331	
2957	-5.068449	1.855469	-19.256870	-4.861613	
2958	-5.087119	1.953125	-19.252463	-4.911434	
2958	-5.106917	2.050781	-19.248449	-4.960230	
2959	-5.106917	2.050781	-19.248449	-4.960230	
2959	-5.126954	2.148438	-19.244751	-5.007973	
2960	-5.126954	2.148438	-19.244751	-5.007973	
2960	-5.146513	2.246094	-19.241284	-5.054666	
2961	-5.146513	2.246094	-19.241284	-5.054666	
2961	-5.164974	2.343750	-19.237966	-5.100332	
2962	-5.182022	2.441406	-19.234713	-5.145020	
2962	-5.175781	2.405451	-19.235908	-5.128673	
2963	-5.175781	2.405451	-19.235908	-5.128673	
2963	-5.164974	2.343750	-19.237966	-5.100332	
2964	-5.182022	2.441406	-19.234713	-5.145020	
2964	-5.197383	2.539062	-19.231445	-5.188788	
2965	-5.197383	2.539062	-19.231445	-5.188788	
2965	-5.210356	2.636719	-19.228086	-5.231685	
2966	-5.210356	2.636719	-19.228086	-5.231685	
2966	-5.220641	2.734375	-19.224564	-5.273773	
2967	-5.220641	2.734375	-19.224564	-5.273773	
2967	-5.227988	2.832031	-19.220808	-5.315121	
2968	-5.227988	2.832031	-19.220808	-5.315121	
2968	-5.232180	2.929688	-19.216753	-5.355794	
2969	-5.232180	2.929688	-19.216753	-5.355794	
2969	-5.233014	3.027344	-19.212332	-5.395861	
2970	-5.233014	3.027344	-19.212332	-5.395861	
2970	-5.230289	3.125000	-19.207482	-5.435389	
2971	-1.770128	0.000000	-20.243090	-3.178333	
2971	-1.757812	0.013118	-20.240880	-3.192317	
2972	-1.757812	0.013118	-20.240880	-3.192317	
2972	-1.677266	0.097656	-20.229244	-3.287184	
2973	-1.660156	0.117679	-20.227190	-3.311113	
2973	-1.591161	0.195312	-20.222296	-3.407583	
2974	-1.677266	0.097656	-20.229244	-3.287184	
2974	-1.660156	0.117679	-20.227190	-3.311113	
2975	-1.591161	0.195312	-20.222296	-3.407583	
2975	-1.562500	0.231908	-20.221804	-3.455169	
2976	-1.562500	0.231908	-20.221804	-3.455169	
2976	-1.510045	0.292969	-20.223816	-3.537059	
2977	-1.464844	0.352438	-20.229344	-3.618969	
2977	-1.429837	0.390625	-20.234926	-3.673395	
2978	-1.510045	0.292969	-20.223816	-3.537059	
2978	-1.464844	0.352438	-20.229344	-3.618969	
2979	-1.073285	0.585938	-20.308685	-4.027254	
2979	-0.976562	0.556865	-20.309712	-4.030454	
2980	-0.869633	0.488281	-20.294265	-3.984902	
2980	-0.781250	0.422756	-20.275462	-3.929305	
2981	-0.878906	0.498222	-20.297655	-3.994850	
2981	-0.869633	0.488281	-20.294265	-3.984902	
2982	-0.976562	0.556865	-20.309712	-4.030454	
2982	-0.878906	0.498222	-20.297655	-3.994850	
2983	-1.171875	0.587170	-20.298002	-3.991547	
2983	-1.074219	0.586360	-20.308736	-4.027416	
2984	-1.074219	0.586360	-20.308736	-4.027416	
2984	-1.073285	0.585938	-20.308685	-4.027254	
2985	-1.429837	0.390625	-20.234926	-3.673395	
2985	-1.367188	0.465706	-20.250522	-3.781773	
2986	-1.367188	0.465706	-20.250522	-3.781773	
2986	-1.340009	0.488281	-20.256829	-3.816752	
2987	-1.269531	0.550332	-20.277642	-3.913850	
2987	-1.174990	0.585938	-20.297252	-3.988916	
2988	-1.340009	0.488281	-20.256829	-3.816752	
2988	-1.269531	0.550332	-20.277642	-3.913850	
2989	-1.174990	0.585938	-20.297252	-3.988916	
2989	-1.171875	0.587170	-20.298002	-3.991547	
2990	-0.536364	0.097656	-20.132566	-3.316763	
2990	-0.488281	0.005895	-20.118215	-3.006867	
2991	-0.488281	0.005895	-20.118215	-3.006867	
2991	-0.487072	0.000000	-20.118763	-2.984706	
2992	-0.536364	0.097656	-20.132566	-3.316763	
2992	-0.584484	0.195312	-20.175416	-3.575280	
2993	-0.585938	0.198884	-20.177275	-3.583705	
2993	-0.584484	0.195312	-20.175416	-3.575280	
2994	-0.663758	0.292969	-20.221409	-3.756481	
2994	-0.585938	0.198884	-20.177275	-3.583705	
2995	-0.683594	0.325395	-20.237387	-3.810538	
2995	-0.663758	0.292969	-20.221409	-3.756481	
2996	-0.756068	0.390625	-20.262157	-3.889001	
2996	-0.683594	0.325395	-20.237387	-3.810538	
2997	-0.781250	0.422756	-20.275462	-3.929305	
2997	-0.756068	0.390625	-20.262157	-3.889001	
2998	-0.097656	2.927715	-20.939352	-5.557741	
2998	0.000000	2.861617	-20.955593	-5.518506	
2999	-0.097656	2.927715	-20.939352	-5.557741	
2999	-0.101012	2.929688	-20.938857	-5.558976	
3000	-0.195312	2.986297	-20.925150	-5.594106	
3000	-0.101012	2.929688	-20.938857	-5.558976	
3001	-0.195312	2.986297	-20.925150	-5.594106	
3001	-0.276074	3.027344	-20.914975	-5.621453	
3002	-0.292969	3.036207	-20.912851	-5.627303	
3002	-0.276074	3.027344	-20.914975	-5.621453	
3003	-0.390625	3.081151	-20.901676	-5.658880	
3003	-0.292969	3.036207	-20.912851	-5.627303	
3004	-0.488281	3.119755	-20.891609	-5.688408	
3004	-0.390625	3.081151	-20.901676	-5.658880	
3005	-0.488281	3.119755	-20.891609	-5.688408	
3005	-0.502934	3.125000	-20.890182	-5.692666	
3006	-3.027344	3.697050	-20.038807	-5.964897	
3006	-3.007368	3.710938	-20.047858	-5.976476	
3007	-3.125000	3.644335	-19.997599	-5.913505	
3007	-3.027344	3.697050	-20.038807	-5.964897	
3008	-2.929688	3.793494	-20.090286	-6.031886	
3008	-2.918328	3.808594	-20.097150	-6.041012	
3009	-2.918328	3.808594	-20.097150	-6.041012	
3009	-2.878981	3.906250	-20.132887	-6.089351	
3010	-3.007368	3.710938	-20.047858	-5.976476	
3010	-2.929688	3.793494	-20.090286	-6.031886	
3011	-1.562500	4.486163	-20.455444	-6.300844	
3011	-1.566230	4.492188	-20.453736	-6.302257	
3012	-1.566230	4.492188	-20.453736	-6.302257	
3012	-1.633649	4.589844	-20.425611	-6.326057	
3013	-1.660156	4.622974	-20.415811	-6.334657	
3013	-1.633649	4.589844	-20.425611	-6.326057	
3014	-1.660156	4.622974	-20.415811	-6.334657	
3014	-1.715890	4.687500	-20.396699	-6.352076	
3015	-2.878981	3.906250	-20.132887	-6.089351	
3015	-2.865119	4.003906	-20.161584	-6.129692	
3016	-2.865119	4.003906	-20.161584	-6.129692	
3016	-2.865584	4.101562	-20.186027	-6.166062	
3017	-2.865584	4.101562	-20.186027	-6.166062	
3017	-2.873381	4.199219	-20.207736	-6.201033	
3018	-2.873381	4.199219	-20.207736	-6.201033	
3018	-2.884015	4.296875	-20.227405	-6.236237	
3019	-2.884015	4.296875	-20.227405	-6.236237	
3019	-2.894061	4.394531	-20.245202	-6.272723	
3020	-2.894061	4.394531	-20.245202	-6.272723	
3020	-2.900143	4.492188	-20.260920	-6.311110	
3021	-2.900143	4.492188	-20.260920	-6.311110	
3021	-2.898175	4.589844	-20.274052	-6.351527	
3022	-2.898175	4.589844	-20.274052	-6.351527	
3022	-2.882788	4.687500	-20.283879	-6.393385	
3023	-1.171875	3.403218	-20.792996	-5.946859	
3023	-1.184585	3.417969	-20.787137	-5.957636	
3024	-1.184585	3.417969	-20.787137	-5.957636	
3024	-1.237081	3.515625	-20.749970	-6.017449	
3025	-0.976562	3.287497	-20.839310	-5.842867	
3025	-1.055592	3.320312	-20.826259	-5.876014	
3026	-0.781250	3.219165	-20.862930	-5.775389	
3026	-0.792435	3.222656	-20.861790	-5.778811	
3027	-0.878906	3.252241	-20.852086	-5.807388	
3027	-0.792435	3.222656	-20.861790	-5.778811	
3028	-0.976562	3.287497	-20.839310	-5.842867	
3028	-0.878906	3.252241	-20.852086	-5.807388	
3029	-1.171875	3.403218	-20.792996	-5.946859	
3029	-1.074219	3.330183	-20.822364	-5.885279	
3030	-1.074219	3.330183	-20.822364	-5.885279	
3030	-1.055592	3.320312	-20.826259	-5.876014	
3031	-1.269531	3.611966	-20.714578	-6.064450	
3031	-1.269837	3.613281	-20.714124	-6.065006	
3032	-1.269531	3.611966	-20.714578	-6.064450	
3032	-1.237081	3.515625	-20.749970	-6.017449	
3033	-1.269837	3.613281	-20.714124	-6.065006	
3033	-1.288694	3.710938	-20.681846	-6.102158	
3034	-1.288694	3.710938	-20.681846	-6.102158	
3034	-1.308128	3.808594	-20.650881	-6.134214	
3035	-1.308128	3.808594	-20.650881	-6.134214	
3035	-1.330281	3.906250	-20.620987	-6.162703	
3036	-0.781250	3.219165	-20.862930	-5.775389	
3036	-0.683594	3.188883	-20.872453	-5.746474	
3037	-0.683594	3.188883	-20.872453	-5.746474	
3037	-0.585938	3.156048	-20.881885	-5.717695	
3038	-0.585938	3.156048	-20.881885	-5.717695	
3038	-0.502934	3.125000	-20.890182	-5.692666	
3039	-1.367188	4.038654	-20.581654	-6.197542	
3039	-1.385628	4.101562	-20.563904	-6.212553	
3040	-1.330281	3.906250	-20.620987	-6.162703	
3040	-1.356593	4.003906	-20.591879	-6.188719	
3041	-1.367188	4.038654	-20.581654	-6.197542	
3041	-1.356593	4.003906	-20.591879	-6.188719	
3042	-1.385628	4.101562	-20.563904	-6.212553	
3042	-1.419643	4.199219	-20.536442	-6.235193	
3043	-1.419643	4.199219	-20.536442	-6.235193	
3043	-1.461397	4.296875	-20.508827	-6.257535	
3044	-1.464844	4.304109	-20.506766	-6.259194	
3044	-1.508686	4.394531	-20.481572	-6.279506	
3045	-1.464844	4.304109	-20.506766	-6.259194	
3045	-1.461397	4.296875	-20.508827	-6.257535	
3046	-1.562500	4.486163	-20.455444	-6.300844	
3046	-1.508686	4.394531	-20.481572	-6.279506	
3047	-2.882788	4.687500	-20.283879	-6.393385	
3047	-2.846882	4.785156	-20.289662	-6.435064	
3048	-2.832031	4.809936	-20.290426	-6.445330	
3048	-2.770543	4.882812	-20.290981	-6.473577	
3049	-2.846882	4.785156	-20.289662	-6.435064	
3049	-2.832031	4.809936	-20.290426	-6.445330	
3050	-2.770543	4.882812	-20.290981	-6.473577	
3050	-2.734375	4.913303	-20.290509	-6.484046	
3051	-2.441406	5.011761	-20.289433	-6.498537	
3051	-2.343750	5.011559	-20.292732	-6.489410	
3052	-2.539062	4.998303	-20.288314	-6.502390	
3052	-2.441406	5.011761	-20.289433	-6.498537	
3053	-2.734375	4.913303	-20.290509	-6.484046	
3053	-2.636719	4.968035	-20.288928	-6.498976	
3054	-2.636719	4.968035	-20.288928	-6.498976	
3054	-2.599819	4.980469	-20.288606	-6.500901	
3055	-2.599819	4.980469	-20.288606	-6.500901	
3055	-2.539062	4.998303	-20.288314	-6.502390	
3056	-2.148438	4.973502	-20.307602	-6.459152	
3056	-2.050781	4.934951	-20.320148	-6.439125	
3057	-2.050781	4.934951	-20.320148	-6.439125	
3057	-1.953125	4.883415	-20.336597	-6.416627	
3058	-2.148438	4.973502	-20.307602	-6.459152	
3058	-2.174726	4.980469	-20.304989	-6.463790	
3059	-2.246094	4.998761	-20.298638	-6.476057	
3059	-2.174726	4.980469	-20.304989	-6.463790	
3060	-2.343750	5.011559	-20.292732	-6.489410	
3060	-2.246094	4.998761	-20.298638	-6.476057	
3061	-1.757812	4.730261	-20.383786	-6.364461	
3061	-1.818203	4.785156	-20.367028	-6.381515	
3062	-1.855469	4.815580	-20.357679	-6.391636	
3062	-1.818203	4.785156	-20.367028	-6.381515	
3063	-1.855469	4.815580	-20.357679	-6.391636	
3063	-1.952179	4.882812	-20.336781	-6.416392	
3064	-1.757812	4.730261	-20.383786	-6.364461	
3064	-1.715890	4.687500	-20.396699	-6.352076	
3065	-1.953125	4.883415	-20.336597	-6.416627	
3065	-1.952179	4.882812	-20.336781	-6.416392	
3066	-5.230289	3.125000	-19.207482	-5.435389	
3066	-5.223781	3.222656	-19.202142	-5.474443	
3067	-5.223781	3.222656	-19.202142	-5.474443	
3067	-5.213218	3.320312	-19.196249	-5.513086	
3068	-5.213218	3.320312	-19.196249	-5.513086	
3068	-5.198236	3.417969	-19.189743	-5.551373	
3069	-5.198236	3.417969	-19.189743	-5.551373	
3069	-5.178324	3.515625	-19.182569	-5.589346	
3070	-5.078125	3.840770	-19.152963	-5.714832	
3070	-5.053531	3.906250	-19.145685	-5.740467	
3071	-5.178324	3.515625	-19.182569	-5.589346	
3071	-5.175781	3.525146	-19.181837	-5.593006	
3072	-5.175781	3.525146	-19.181837	-5.593006	
3072	-5.155185	3.613281	-19.174628	-5.627237	
3073	-5.155185	3.613281	-19.174628	-5.627237	
3073	-5.126972	3.710938	-19.165876	-5.665008	
3074	-5.126972	3.710938	-19.165876	-5.665008	
3074	-5.092330	3.808594	-19.156276	-5.702624	
3075	-5.092330	3.808594	-19.156276	-5.702624	
3075	-5.078125	3.840770	-19.152963	-5.714832	
3076	-5.053531	3.906250	-19.145685	-5.740467	
3076	-5.008770	4.003906	-19.134064	-5.778518	
3077	-4.980469	4.053533	-19.127903	-5.797490	
3077	-4.957889	4.101562	-19.121322	-5.816981	
3078	-5.008770	4.003906	-19.134064	-5.778518	
3078	-4.980469	4.053533	-19.127903	-5.797490	
3079	-4.882812	4.223514	-19.103874	-5.865530	
3079	-4.839889	4.296875	-19.091785	-5.897162	
3080	-4.957889	4.101562	-19.121322	-5.816981	
3080	-4.900880	4.199219	-19.107342	-5.856191	
3081	-4.900880	4.199219	-19.107342	-5.856191	
3081	-4.882812	4.223514	-19.103874	-5.865530	
3082	-4.839889	4.296875	-19.091785	-5.897162	
3082	-4.785156	4.368983	-19.079804	-5.927403	
3083	-4.785156	4.368983	-19.079804	-5.927403	
3083	-4.770824	4.394531	-19.074741	-5.939978	
3084	-4.770824	4.394531	-19.074741	-5.939978	
3084	-4.698726	4.492188	-19.055397	-5.987616	
3085	-4.698726	4.492188	-19.055397	-5.987616	
3085	-4.687500	4.503378	-19.053352	-5.992669	
3086	-3.320312	3.604373	-19.928323	-5.833288	
3086	-3.366662	3.613281	-19.916533	-5.820593	
3087	-3.417969	3.623484	-19.902858	-5.806329	
3087	-3.366662	3.613281	-19.916533	-5.820593	
3088	-3.515625	3.676422	-19.886368	-5.789986	
3088	-3.417969	3.623484	-19.902858	-5.806329	
3089	-3.320312	3.604373	-19.928323	-5.833288	
3089	-3.222656	3.612151	-19.960255	-5.869168	
3090	-3.222656	3.612151	-19.960255	-5.869168	
3090	-3.218632	3.613281	-19.961783	-5.870936	
3091	-3.218632	3.613281	-19.961783	-5.870936	
3091	-3.125000	3.644335	-19.997599	-5.913505	
3092	-3.515625	3.676422	-19.886368	-5.789986	
3092	-3.550934	3.710938	-19.885226	-5.788884	
3093	-3.613281	3.770046	-19.881385	-5.785367	
3093	-3.638995	3.808594	-19.884790	-5.788282	
3094	-3.613281	3.770046	-19.881385	-5.785367	
3094	-3.550934	3.710938	-19.885226	-5.788884	
3095	-3.638995	3.808594	-19.884790	-5.788282	
3095	-3.706593	3.906250	-19.891149	-5.793405	
3096	-3.710938	3.912012	-19.891270	-5.793501	
3096	-3.754684	4.003906	-19.906527	-5.805229	
3097	-3.754684	4.003906	-19.906527	-5.805229	
3097	-3.802585	4.101562	-19.921829	-5.816441	
3098	-3.710938	3.912012	-19.891270	-5.793501	
3098	-3.706593	3.906250	-19.891149	-5.793405	
3099	-3.808594	4.112590	-19.923139	-5.817386	
3099	-3.836058	4.199219	-19.947544	-5.834820	
3100	-3.808594	4.112590	-19.923139	-5.817386	
3100	-3.802585	4.101562	-19.921829	-5.816441	
3101	-3.836058	4.199219	-19.947544	-5.834820	
3101	-3.864933	4.296875	-19.979702	-5.857708	
3102	-3.864933	4.296875	-19.979702	-5.857708	
3102	-3.890941	4.394531	-20.019255	-5.886767	
3103	-3.906250	4.466128	-20.056363	-5.915884	
3103	-3.890941	4.394531	-20.019255	-5.886767	
3104	-3.906250	4.638904	-20.198157	-6.059359	
3104	-3.897019	4.687500	-20.243499	-6.125175	
3105	-4.687500	4.503378	-19.053352	-5.992669	
3105	-4.630792	4.589844	-19.032310	-6.046302	
3106	-4.589844	4.634152	-19.021952	-6.074496	
3106	-4.564120	4.687500	-19.006003	-6.123042	
3107	-4.630792	4.589844	-19.032310	-6.046302	
3107	-4.589844	4.634152	-19.021952	-6.074496	
3108	-4.564120	4.687500	-19.006003	-6.123042	
3108	-4.498595	4.785156	-18.980747	-6.231957	
3109	-4.498595	4.785156	-18.980747	-6.231957	
3109	-4.492188	4.793012	-18.979181	-6.242496	
3110	-4.492188	4.793012	-18.979181	-6.242496	
3110	-4.468798	4.882812	-18.975060	-6.389638	
3111	-4.468798	4.882812	-18.975060	-6.389638	
3111	-4.440050	4.980469	-19.017090	-6.568051	
3112	-4.440050	4.980469	-19.017090	-6.568051	
3112	-4.415629	5.078125	-19.107586	-6.727727	
3113	-4.415629	5.078125	-19.107586	-6.727727	
3113	-4.402491	5.175781	-19.208845	-6.836490	
3114	-4.402491	5.175781	-19.208845	-6.836490	
3114	-4.397331	5.273438	-19.294278	-6.903302	
3115	-4.397331	5.273438	-19.294278	-6.903302	
3115	-4.395686	5.371094	-19.361935	-6.946056	
3116	-4.395686	5.371094	-19.361935	-6.946056	
3116	-4.395098	5.468750	-19.416191	-6.975508	
3117	-3.897019	4.687500	-20.243499	-6.125175	
3117	-3.855563	4.785156	-20.315018	-6.288724	
3118	-3.855563	4.785156	-20.315018	-6.288724	
3118	-3.820395	4.882812	-20.337908	-6.441798	
3119	-3.820395	4.882812	-20.337908	-6.441798	
3119	-3.808594	4.929992	-20.335805	-6.507707	
3120	-3.808594	4.929992	-20.335805	-6.507707	
3120	-3.769684	4.980469	-20.327993	-6.565645	
3121	-3.769684	4.980469	-20.327993	-6.565645	
3121	-3.727464	5.078125	-20.303572	-6.658826	
3122	-3.727464	5.078125	-20.303572	-6.658826	
3122	-3.710938	5.144473	-20.282338	-6.712441	
3123	-3.710938	5.144473	-20.282338	-6.712441	
3123	-3.692844	5.175781	-20.273755	-6.730760	
3124	-3.692844	5.175781	-20.273755	-6.730760	
3124	-3.664008	5.273438	-20.242447	-6.787534	
3125	-3.664008	5.273438	-20.242447	-6.787534	
3125	-3.650195	5.371094	-20.208502	-6.837107	
3126	-3.650195	5.371094	-20.208502	-6.837107	
3126	-3.645317	5.468750	-20.173325	-6.879815	
3127	-3.645317	5.468750	-20.173325	-6.879815	
3127	-3.646906	5.566406	-20.137846	-6.916437	
3128	-3.646906	5.566406	-20.137846	-6.916437	
3128	-3.653757	5.664062	-20.102694	-6.947778	
3129	-3.653757	5.664062	-20.102694	-6.947778	
3129	-3.665170	5.761719	-20.068310	-6.974550	
3130	-3.665170	5.761719	-20.068310	-6.974550	
3130	-3.680687	5.859375	-20.035010	-6.997356	
3131	-3.710938	6.007585	-19.987220	-7.025399	
3131	-3.722775	6.054688	-19.972544	-7.032993	
3132	-3.680687	5.859375	-20.035010	-6.997356	
3132	-3.700001	5.957031	-20.003018	-7.016703	
3133	-3.710938	6.007585	-19.987220	-7.025399	
3133	-3.700001	5.957031	-20.003018	-7.016703	
3134	-3.722775	6.054688	-19.972544	-7.032993	
3134	-3.749796	6.152344	-19.943327	-7.046759	
3135	-3.749796	6.152344	-19.943327	-7.046759	
3135	-3.781161	6.250000	-19.915398	-7.058272	
3136	-4.395098	5.468750	-19.416191	-6.975508	
3136	-4.394531	5.552290	-19.454913	-6.994375	
3137	-4.394531	5.552290	-19.454913	-6.994375	
3137	-4.394413	5.566406	-19.460882	-6.997141	
3138	-4.394413	5.566406	-19.460882	-6.997141	
3138	-4.393030	5.664062	-19.498660	-7.013842	
3139	-4.393030	5.664062	-19.498660	-7.013842	
3139	-4.390467	5.761719	-19.531390	-7.027264	
3140	-4.390467	5.761719	-19.531390	-7.027264	
3140	-4.386447	5.859375	-19.560263	-7.038356	
3141	-4.386447	5.859375	-19.560263	-7.038356	
3141	-4.380773	5.957031	-19.586079	-7.047703	
3142	-4.380773	5.957031	-19.586079	-7.047703	
3142	-4.373293	6.054688	-19.609388	-7.055679	
3143	-4.373293	6.054688	-19.609388	-7.055679	
3143	-4.363868	6.152344	-19.630580	-7.062531	
3144	-4.363868	6.152344	-19.630580	-7.062531	
3144	-4.352349	6.250000	-19.649943	-7.068427	
3145	-4.352349	6.250000	-19.649943	-7.068427	
3145	-4.338544	6.347656	-19.667703	-7.073486	
3146	-4.338544	6.347656	-19.667703	-7.073486	
3146	-4.322188	6.445312	-19.684049	-7.077789	
3147	-4.322188	6.445312	-19.684049	-7.077789	
3147	-4.302897	6.542969	-19.699153	-7.081390	
3148	-4.302897	6.542969	-19.699153	-7.081390	
3148	-4.296875	6.573232	-19.703399	-7.082324	
3149	-3.906250	6.534281	-19.839209	-7.081317	
3149	-3.913055	6.542969	-19.836303	-7.081937	
3150	-3.913055	6.542969	-19.836303	-7.081937	
3150	-3.980467	6.640625	-19.808878	-7.086734	
3151	-4.296875	6.573232	-19.703399	-7.082324	
3151	-4.266687	6.640625	-19.717350	-7.085096	
3152	-3.808594	6.328597	-19.894269	-7.065912	
3152	-3.817757	6.347656	-19.888510	-7.067833	
3153	-3.808594	6.328597	-19.894269	-7.065912	
3153	-3.781161	6.250000	-19.915398	-7.058272	
3154	-3.817757	6.347656	-19.888510	-7.067833	
3154	-3.863143	6.445312	-19.861547	-7.075881	
3155	-3.906250	6.534281	-19.839209	-7.081317	
3155	-3.863143	6.445312	-19.861547	-7.075881	
3156	-0.079770	12.402344	-18.486871	-6.411007	
3156	0.000000	12.321115	-18.649772	-6.083323	
3157	-0.079770	12.402344	-18.486871	-6.411007	
3157	-0.089756	12.500000	-18.495189	-6.594888	
3158	-0.089756	12.500000	-18.495189	-6.594888	
3158	-0.073204	12.597656	-18.546245	-6.690391	
3159	-0.073204	12.597656	-18.546245	-6.690391	
3159	0.000000	12.655189	-18.616135	-6.738813	
3160	-18.750000	26.360787	-25.121411	-3.670825	
3160	-18.746959	26.367188	-25.128054	-3.673043	
3161	-18.746959	26.367188	-25.128054	-3.673043	
3161	-18.740069	26.464844	-25.109162	-3.937951	
3162	-18.750000	26.497394	-25.057349	-3.964344	
3162	-18.740069	26.464844	-25.109162	-3.937951	
3163	-17.675781	26.865217	-24.842306	-3.539122	
3163	-17.614818	26.953125	-24.951119	-3.716131	
3164	-17.773438	26.871520	-24.742860	-3.542633	
3164	-17.675781	26.865217	-24.842306	-3.539122	
3165	-17.833661	26.953125	-24.638324	-3.690557	
3165	-17.773438	26.871520	-24.742860	-3.542633	
3166	-17.833661	26.953125	-24.638324	-3.690557	
3166	-17.785693	27.050781	-24.712548	-3.996508	
3167	-17.785693	27.050781	-24.712548	-3.996508	
3167	-17.773438	27.079876	-24.747163	-4.016524	
3168	-17.675781	27.030616	-24.902217	-3.975447	
3168	-17.758719	27.050781	-24.750316	-4.018839	
3169	-17.675781	27.030616	-24.902217	-3.975447	
3169	-17.614818	26.953125	-24.951119	-3.716131	
3170	-17.773438	27.079876	-24.747163	-4.016524	
3170	-17.758719	27.050781	-24.750316	-4.018839	
3171	-7.807572	35.839844	-19.330328	1.049846	
3171	-7.714844	35.747269	-19.572139	1.337193	
3172	-7.714844	35.747269	-19.572139	1.337193	
3172	-7.626681	35.839844	-19.690783	1.130616	
3173	-7.714844	35.928657	-19.478665	0.976418	
3173	-7.626681	35.839844	-19.690783	1.130616	
3174	-7.807572	35.839844	-19.330328	1.049846	
3174	-7.714844	35.928657	-19.478665	0.976418	
3175	-25.136167	50.292969	-26.855669	9.546718	
3175	-25.097656	50.265721	-26.897799	9.636778	
3176	-25.097656	50.265721	-26.897799	9.636778	
3176	-25.000000	50.198479	-27.238961	9.849032	
3177	-25.136167	50.292969	-26.855669	9.546718	
3177	-25.144787	50.390625	-26.853606	9.345974	
3178	-25.144787	50.390625	-26.853606	9.345974	
3178	-25.097656	50.425729	-26.908989	9.229755	
3179	-25.097656	50.425729	-26.908989	9.229755	
3179	-25.000000	50.485763	-27.271300	9.012358	
3180	-25.000000	50.198479	-27.238961	9.849032	
3180	-24.902344	50.205339	-27.648185	9.801195	
3181	-24.902344	50.205339	-27.648185	9.801195	
3181	-24.808466	50.292969	-27.914348	9.525488	
3182	-24.808466	50.292969	-27.914348	9.525488	
3182	-24.809877	50.390625	-27.913115	9.311530	
3183	-25.000000	50.485763	-27.271300	9.012358	
3183	-24.902344	50.476093	-27.672310	9.059097	
3184	-24.902344	50.476093	-27.672310	9.059097	
3184	-24.809877	50.390625	-27.913115	9.311530	
3185	-24.902344	91.581430	-25.326514	47.363734	
3185	-24.804688	91.598204	-25.684158	47.358924	
3186	-24.928271	91.601562	-25.190542	47.300918	
3186	-24.902344	91.581430	-25.326514	47.363734	
3187	-24.804688	91.598204	-25.684158	47.358924	
3187	-24.798229	91.601562	-25.704201	47.349473	
3188	-24.798229	91.601562	-25.704201	47.349473	
3188	-24.708073	91.699219	-25.887569	47.065313	
3189	-24.708073	91.699219	-25.887569	47.065313	
3189	-24.749407	91.796875	-25.744299	46.716870	
3190	-25.000000	91.690728	-24.901160	46.891150	
3190	-24.928271	91.601562	-25.190542	47.300918	
3191	-25.000000	91.717060	-24.897923	46.811369	
3191	-24.970334	91.796875	-24.981797	46.615922	
