#Nsample
#ln(Lhood)
#O1 : emass
#O1 : theta (deg)
#O1 : rc (arcsec)
#O1 : sigma (km/s)
#O2 : emass
#O2 : theta (deg)
#O2 : rc (arcsec)
#O2 : sigma (km/s)
#Chi2
1 -4.368181 0.263583 -71.462537 0.076232 162.448359 0.675382 2.957266 9.904581 452.585374 3.317370
1 -8.213343 0.392777 -14.311538 12.086945 437.053040 0.311452 -9.058188 3.596019 345.339787 11.007693
1 -5.174918 0.747004 -83.031190 5.287753 26.580258 0.693663 30.081026 0.177898 224.927101 4.930843
1 -6.719398 0.549239 89.515942 8.943117 431.141454 0.696323 60.619613 0.689063 247.299334 8.019804
1 -6.340794 0.714412 32.911417 10.335323 176.980842 0.276419 -8.976888 1.770105 315.623402 7.262595
1 -5.094207 0.516382 -9.940678 3.437654 94.612621 0.706016 -0.684922 0.080716 229.152297 4.769422
1 -4.905028 0.091615 -19.802482 6.121382 87.527534 0.382665 -1.085268 0.008809 205.912501 4.391065
1 -6.234795 0.369754 -23.810725 5.291650 483.656726 0.210840 -11.578513 13.589276 144.976695 7.050597
1 -4.167509 0.345551 12.780777 1.840415 261.057945 0.375142 -49.093147 4.653899 302.694096 2.916026
1 -5.047399 0.694424 -17.401292 4.939648 121.626682 0.305913 -3.161565 1.449510 303.701259 4.675805
2 -5.778295 0.377133 -38.020039 0.237932 161.519097 0.621356 -11.558227 10.540434 469.725008 6.137599
2 -6.436070 0.487532 -26.413284 12.676451 389.424278 0.342854 2.831314 2.925342 332.361376 7.453148
2 -4.595518 0.723721 -81.788006 5.926842 37.001073 0.691000 29.400787 0.182040 217.081225 3.772043
2 -7.409925 0.563943 89.884890 9.226659 432.253687 0.687542 61.040832 0.605806 250.405980 9.400857
2 -4.851632 0.799964 25.033475 11.664134 143.583332 0.318328 -12.764749 1.592526 314.129941 4.284271
2 -8.602104 0.414618 -3.504120 3.973910 191.578885 0.130817 -5.630673 1.381402 292.423989 11.785216
2 -4.175464 0.113801 -31.002886 5.677110 104.742590 0.452026 3.229873 0.849839 263.226148 2.931935
2 -5.632526 0.427484 -16.550414 5.237255 467.574938 0.193349 -10.683590 13.653088 197.536786 5.846060
2 -7.162000 0.315709 -25.790192 1.539220 299.529722 0.319268 -37.721532 5.051137 158.736642 8.905007
2 -6.902850 0.097710 -9.522200 7.282882 85.324156 0.480548 -11.426854 1.055918 296.361540 8.386707
3 -7.323108 0.528755 -20.585641 0.610535 207.014736 0.663779 -17.670273 9.868651 417.459948 9.227223
3 -5.259991 0.432596 -15.229607 12.821562 381.329830 0.326573 -0.896036 2.115072 287.381683 5.100990
3 -6.334358 0.722700 73.902220 0.608525 292.505772 0.106210 -69.426365 12.633558 191.279212 7.249724
3 -6.737901 0.572339 84.583363 9.306676 448.416653 0.733713 61.816838 0.495739 235.994818 8.056810
3 -5.028106 0.790644 25.820430 12.542347 110.539287 0.320531 -21.508048 1.804947 322.536330 4.637220
3 -8.092377 0.408030 -4.277128 3.712425 196.327613 0.066745 -12.218610 1.512032 285.068989 10.765762
3 -4.293619 0.148409 -67.849904 5.571641 107.346665 0.476112 25.524014 0.410138 226.663392 3.168245
3 -5.995465 0.740160 12.269395 11.259355 454.855912 0.434530 -31.528617 3.041061 284.750584 6.571938
3 -5.410057 0.311528 -20.051101 1.941399 309.985478 0.366023 -43.610925 4.678393 169.486336 5.401122
3 -5.654048 0.198836 19.527276 10.878216 197.650240 0.455853 -6.468868 1.959986 317.230818 5.889103
4 -9.677401 0.277011 -46.700680 4.374069 262.562341 0.108408 -31.162130 5.896989 453.012444 13.935809
4 -6.356141 0.501371 -72.324863 13.638577 243.416710 0.389224 20.700182 0.612067 245.962569 7.293289
4 -5.593369 0.732220 64.507259 0.572797 291.972088 0.076542 -71.498170 12.853432 198.147623 5.767746
4 -6.003283 0.542101 85.914068 9.832856 439.074076 0.734000 57.835136 0.426890 229.946848 6.587574
4 -5.246593 0.011114 17.980207 12.629216 130.251971 0.380497 -19.723533 1.884053 323.543735 5.074193
4 -3.503672 0.387511 -5.846401 1.686881 169.324382 0.009040 -25.686670 2.474599 319.126888 1.588351
4 -3.793040 0.018897 -68.502809 6.212363 29.508134 0.538131 -7.788186 0.555114 244.103060 2.167088
4 -8.424590 0.711937 6.680704 10.566963 469.982733 0.417901 -33.095541 3.332280 290.435846 11.430187
4 -9.012657 0.287443 -15.960138 2.041970 311.613710 0.351207 -49.261511 4.121427 149.518027 12.606323
4 -7.097064 0.195735 17.463228 10.776294 186.529976 0.392738 -11.224911 1.855225 333.555497 8.775135
5 -6.623450 0.312389 -26.540218 4.230151 438.172261 0.407115 10.187266 7.581316 151.670280 7.827908
5 -3.380413 0.522393 -74.713704 12.922515 214.087706 0.354060 7.729925 0.767049 243.413012 1.341833
5 -5.140849 0.719702 63.709022 0.731409 303.623684 0.003620 -67.628938 13.671799 171.567476 4.862706
5 -6.923950 0.411841 -74.903643 10.641324 460.392888 0.629078 62.901506 0.696155 244.126706 8.428908
5 -5.006865 0.247470 14.105763 11.927540 150.148279 0.545981 -12.827184 1.553061 282.317099 4.594737
5 -3.441163 0.372151 0.673922 2.063902 179.175576 0.012905 -18.457547 2.129171 302.962610 1.463335
5 -4.349980 0.762618 -45.727820 7.886561 21.063765 0.662844 -7.839100 0.219110 231.575466 3.280969
5 -7.511731 0.674269 70.685229 1.664327 374.817260 0.321773 82.429691 12.902067 348.084382 9.604469
5 -4.727570 0.290623 -15.282494 1.973979 316.080641 0.338434 -49.780888 4.159467 147.536324 4.036147
5 -5.092511 0.286500 40.048422 9.500107 171.705867 0.284817 -5.766071 1.432977 304.085230 4.766030
6 -6.293102 0.451519 -29.052743 2.793151 346.688576 0.564906 -1.277067 8.632698 202.498358 7.167212
6 -3.275792 0.551690 78.863089 12.027724 166.357250 0.362252 -2.960213 0.722902 245.127268 1.132591
6 -5.299750 0.711469 71.347186 0.709337 296.420287 0.001823 -70.147469 13.445588 181.618097 5.180508
6 -6.866500 0.411868 -75.225407 10.700374 453.639058 0.648680 68.021318 0.611619 242.156252 8.314008
6 -4.650375 0.386619 -21.152671 12.856583 115.032039 0.591283 -13.380941 1.230069 269.831437 3.881758
6 -4.530910 0.404187 27.652400 1.108412 186.274510 0.755359 -25.193109 2.840715 276.222465 3.642827
6 -6.528681 0.509071 -80.899789 5.243198 118.590842 0.583743 4.084489 1.316632 274.610804 7.638369
6 -7.912964 0.702961 74.718718 1.478239 368.933229 0.302954 76.707071 13.318753 349.190406 10.406936
6 -4.690757 0.215054 -14.834587 1.751221 316.117301 0.402936 -44.075950 4.238846 115.528164 3.962522
6 -5.974161 0.231280 39.132226 10.054525 163.506245 0.273948 -3.337687 1.251158 279.239981 6.529330
7 -5.322989 0.462006 -22.126190 2.378211 322.223395 0.651109 24.937029 9.909223 261.050996 5.226986
7 -3.624780 0.586564 65.724594 10.809205 188.440058 0.396234 5.992953 0.711083 242.782213 1.830568
7 -5.021867 0.722643 65.421084 0.675191 295.738378 0.786755 -74.983632 13.500523 183.875009 4.624742
7 -5.625940 0.423974 -13.045563 8.356109 434.688147 0.142740 -21.149812 4.409324 327.922329 5.832887
7 -4.483240 0.394484 -31.618355 12.296702 160.521585 0.645200 -4.761008 0.405961 218.266312 3.547488
7 -5.633248 0.403572 33.078214 2.690600 177.169352 0.716559 -12.803116 2.422520 293.649289 5.847504
7 -4.959999 0.518038 -68.962097 3.339157 46.760807 0.630560 0.642373 0.739796 271.548214 4.501005
7 -7.720239 0.701525 73.689100 1.480647 365.449036 0.304741 77.364585 13.242824 351.724869 10.021485
7 -5.947402 0.215127 0.674831 1.478177 296.335836 0.435444 -45.758539 4.442556 96.113846 6.475812
7 -3.691083 0.209578 35.537387 11.579375 143.024929 0.224000 -3.714236 0.920732 265.777091 1.963174
8 -6.262387 0.204332 -51.874434 0.875612 179.831897 0.608224 -6.980532 4.294007 349.830051 7.105782
8 -3.288502 0.615872 67.187807 11.482007 205.752939 0.343576 3.471215 0.643010 239.243811 1.158012
8 -4.951104 0.699551 63.044922 0.615773 284.788806 0.785383 -71.815912 13.336527 188.570401 4.483216
8 -5.928193 0.410866 -11.155755 8.167066 423.155946 0.181889 -8.407107 5.458122 368.194460 6.437393
8 -4.307380 0.319385 -71.280120 9.302641 136.666611 0.748263 -10.661170 0.562273 249.558692 3.195767
8 -5.788488 0.630067 10.431473 11.284180 121.496851 0.367722 -21.580613 2.835685 372.399177 6.157984
8 -4.692182 0.523543 -63.038383 3.370477 59.399857 0.619882 -4.346603 0.664848 235.715487 3.965371
8 -8.721763 0.701293 72.992913 1.469573 373.033256 0.278062 75.191751 12.586754 355.308861 12.024534
8 -3.381255 0.211269 -0.014048 1.314063 291.294500 0.505628 -46.653948 4.596330 85.935928 1.343518
8 -4.425174 0.141284 38.329653 9.469479 98.132872 0.221027 -11.457965 2.106517 344.108324 3.431355
9 -3.727542 0.225387 73.843328 8.118827 142.723731 0.463975 -6.868360 0.250520 213.841463 2.036091
9 -3.379776 0.606633 84.150206 11.714672 232.491339 0.393638 -5.372583 0.979467 259.151820 1.340559
9 -7.238832 0.756119 62.920202 0.910643 337.887612 0.725001 -68.427750 14.083985 186.773922 9.058671
9 -6.421046 0.396838 -11.322978 8.625476 419.309159 0.164818 -11.526036 5.001652 369.698966 7.423100
9 -4.675426 0.379798 -53.216000 10.161511 142.637512 0.761094 -14.617191 0.567863 246.783163 3.931859
9 -5.441608 0.794279 40.084745 14.765233 103.112945 0.319609 -24.377967 2.067440 336.114468 5.464223
9 -4.766840 0.388145 -41.503836 0.077231 31.007331 0.664551 0.131752 0.340364 245.445219 4.114688
9 -8.064425 0.697739 71.342784 1.583874 375.438313 0.269067 76.106581 12.451216 357.262598 10.709857
9 -3.666485 0.187940 4.474030 0.997366 268.511974 0.509646 -42.506786 4.137739 110.011097 1.913977
9 -3.739811 0.164104 71.399682 10.876008 126.192230 0.149414 -9.521738 2.087478 340.578428 2.060629
10 -4.656867 0.155547 82.578447 10.840861 71.705950 0.643900 5.208542 0.587030 256.387736 3.894741
10 -4.019705 0.670345 -68.411072 12.747922 247.701826 0.299511 0.479548 0.713890 244.101842 2.620418
10 -6.956741 0.758140 60.949761 0.927799 337.891289 0.729149 -68.497533 14.088829 187.242839 8.494489
10 -8.049117 0.459324 -41.597954 9.307053 452.266164 0.219013 -21.061436 4.745725 339.609737 10.679241
10 -4.746909 0.435786 -45.897304 9.196289 36.541911 0.783051 -8.687041 0.275528 246.322561 4.074825
10 -10.439954 0.068705 52.894492 11.905464 155.347806 0.311499 -33.675721 1.113802 283.871836 15.460915
10 -5.141081 0.451398 -50.415712 14.567822 30.947602 0.697762 13.119231 0.411724 244.793034 4.863169
10 -8.120687 0.788082 87.264760 0.612507 288.093736 0.127187 -4.610754 13.877767 257.434032 10.822382
10 -3.882205 0.230039 6.681338 0.988593 271.850056 0.475966 -44.536141 4.666928 98.592506 2.345417
10 -4.224628 0.055127 35.229222 10.071001 105.490075 0.298124 -0.366270 0.989903 276.469347 3.030264
11 -3.717864 0.347870 -76.505164 13.327491 203.836783 0.536638 3.626206 0.554530 239.849699 2.016736
11 -3.607979 0.579977 -47.581629 13.761300 265.272654 0.275991 -2.710700 1.235768 269.854863 1.796965
11 -7.157038 0.709738 60.114792 0.812179 319.029314 0.734637 -67.786235 14.134736 194.289120 8.895083
11 -8.103470 0.459382 -5.467185 12.714038 134.288622 0.344935 -22.642317 4.476556 458.695952 10.787947
11 -5.037536 0.389370 -50.196326 10.645281 16.914347 0.785844 -6.858638 0.626108 274.704874 4.656080
11 -4.477695 0.078505 -35.601304 11.904787 327.604721 0.454439 -14.607898 0.219666 197.122842 3.536397
11 -4.239163 0.454770 -55.304021 1.040564 69.346868 0.703730 -7.883341 0.678999 254.232479 3.059334
11 -4.076555 0.517535 -25.581235 1.296375 31.485386 0.236474 3.402911 0.449103 234.101949 2.734117
11 -3.681711 0.264874 -1.938707 1.240135 277.350581 0.480442 -50.693730 4.690540 103.900063 1.944430
11 -3.192236 0.067808 37.085043 9.354950 142.640645 0.241008 0.559669 0.950188 261.707645 0.965479
12 -4.329014 0.370849 -66.244377 14.544851 209.320383 0.442109 12.045802 0.548362 241.618220 3.239035
12 -4.067990 0.620919 -37.768467 10.659156 271.426511 0.166574 -0.214058 1.669825 291.060686 2.716987
12 -5.487069 0.762112 61.854642 0.589954 296.345376 0.686013 -70.088364 13.345012 217.663756 5.555146
12 -8.563085 0.571090 -10.602281 9.689942 76.709125 0.339062 -37.558689 4.436946 453.739537 11.707178
12 -6.213217 0.408796 -81.957164 8.803237 424.920693 0.769048 -15.231709 2.223074 268.566758 7.007441
12 -7.900377 0.169418 -19.060071 12.246885 378.561681 0.355282 -32.660597 0.269434 206.526429 10.381762
12 -3.670920 0.485519 -49.820945 11.707727 92.106074 0.515135 0.208539 0.704567 245.663374 1.922847
12 -5.165545 0.127789 7.941244 9.182317 356.860084 0.706247 -17.465815 1.715796 253.709531 4.912098
12 -4.985839 0.214604 -17.736831 2.422792 362.505666 0.359853 -45.191343 4.369813 68.862914 4.552686
12 -4.240351 0.053697 25.526757 0.003575 121.170703 0.768005 -14.819835 1.132841 227.108821 3.061709
13 -4.747996 0.352745 -68.027719 14.610562 230.915976 0.454253 7.363394 0.563259 246.045840 4.077000
13 -4.422814 0.147975 -35.142851 10.036283 158.368095 0.414810 -15.841267 1.196871 278.707135 3.426635
13 -5.116727 0.713573 59.886558 0.582338 285.289264 0.657908 -55.428634 13.895600 187.028184 4.814461
13 -5.693004 0.650174 -6.028628 3.748525 394.431827 0.316864 -24.614132 2.606289 54.927695 5.967016
13 -5.698731 0.418501 -89.899521 10.208640 441.173354 0.785695 -15.523007 2.501199 283.436981 5.978470
13 -6.940576 0.169719 -19.553651 12.211827 378.638162 0.350457 -33.093957 0.309483 204.203903 8.462160
13 -4.672162 0.562063 -70.666561 9.557676 66.736702 0.522078 -10.714672 0.588168 252.995043 3.925332
13 -4.543143 0.065582 -1.075143 12.650404 212.740036 0.674134 -15.090503 1.014138 253.678810 3.667294
13 -6.015991 0.305290 -22.739671 2.400366 359.556236 0.450292 -37.127077 4.930482 54.978419 6.612990
13 -3.767814 0.206074 18.710926 0.402519 150.748153 0.746471 -9.211283 0.431009 168.231528 2.116636
14 -4.535833 0.363415 -73.190278 14.741493 233.671205 0.460566 8.724206 0.782744 257.064044 3.652674
14 -4.127136 0.142750 -28.761660 9.685040 165.161118 0.396268 -14.780868 1.175689 267.679364 2.835279
14 -4.909899 0.718091 59.825383 0.607006 286.341152 0.656677 -55.325131 13.878497 186.993243 4.400805
14 -5.766896 0.649952 -4.087585 4.121592 410.235234 0.300791 -20.208724 1.773113 31.964075 6.114800
14 -5.757884 0.522442 86.038359 9.558219 438.251827 0.732577 -16.139320 2.606359 284.274589 6.096776
14 -5.998526 0.165561 -12.854952 12.166118 394.354943 0.361329 -33.588393 0.460970 205.244405 6.578059
14 -4.271795 0.583559 -75.518350 9.443081 71.099374 0.454995 -13.999240 0.648294 237.753753 3.124597
14 -5.057592 0.784632 -4.101136 0.293343 192.786793 0.506893 17.169173 13.816191 360.072908 4.696191
14 -5.525481 0.274799 -21.325536 2.737043 375.374390 0.442677 -36.365219 4.972593 56.050863 5.631970
14 -4.612667 0.799243 -39.388549 12.865437 142.158093 0.782835 -12.898125 0.022304 215.560766 3.806342
15 -5.278148 0.685266 -27.960471 5.535883 99.567217 0.687561 -1.805873 0.303997 246.009821 5.137303
15 -3.719908 0.168805 -26.795218 10.398561 168.930907 0.377531 -4.434061 1.012368 267.766560 2.020823
15 -6.200335 0.699663 62.887734 0.643794 296.878388 0.650462 -54.493341 13.836017 197.225472 6.981678
15 -5.211908 0.747960 -12.524320 6.091840 406.891356 0.301581 -22.090303 0.048893 126.585377 5.004824
15 -5.333144 0.650370 73.790649 12.242090 359.354219 0.676763 -11.338850 1.849418 297.218395 5.247296
15 -6.029687 0.154533 0.181513 11.336801 390.655863 0.322410 -34.545646 0.532788 199.064276 6.640382
15 -4.329064 0.599371 -80.032190 9.789020 66.392042 0.416212 -10.157771 0.327051 228.896985 3.239137
15 -5.196041 0.797872 -6.966434 0.657549 215.162503 0.495508 18.142306 13.182746 345.849840 4.973090
15 -5.699884 0.264051 -20.548740 3.033150 395.281044 0.428806 -39.737200 4.060536 28.686674 5.980776
15 -5.653442 0.454592 34.287632 12.353323 136.512509 0.611290 -18.830265 3.447025 379.464943 5.887892
16 -4.027332 0.705852 9.379600 8.131366 154.677124 0.116930 18.855395 0.810491 254.233969 2.635672
16 -3.583858 0.172168 -28.853909 10.233436 170.156850 0.366482 -4.373387 1.044762 265.138626 1.748724
16 -4.996556 0.664123 71.219071 0.605569 268.022798 0.596129 -24.467551 13.772245 191.161118 4.574120
16 -6.339105 0.704454 -15.094313 5.577810 410.765128 0.309536 -28.370135 0.060067 123.603099 7.259218
16 -4.961586 0.639344 68.543120 11.814611 367.514599 0.631597 -14.662861 2.109602 298.970357 4.504180
16 -5.075517 0.153874 -32.467393 11.039678 408.803996 0.386129 -22.526787 0.521139 200.860395 4.732041
16 -4.041254 0.629712 -72.677262 10.089510 64.752659 0.441194 -11.512753 0.562998 241.979598 2.663516
16 -4.853498 0.772009 -12.730966 0.781598 215.473503 0.473864 20.162242 12.827623 342.404994 4.288004
16 -9.052335 0.423390 -1.085386 2.051420 333.511243 0.667145 -18.304182 2.624357 136.289986 12.685677
16 -5.699653 0.616424 55.054265 11.058892 168.787313 0.640139 -20.458165 2.312927 329.877819 5.980314
17 -5.197637 0.740251 17.096505 8.329216 158.840863 0.132535 19.260924 0.875120 261.372419 4.976282
17 -3.375115 0.179242 -28.860721 10.827712 146.246200 0.405144 -0.242379 0.699761 246.225263 1.331237
17 -4.647270 0.670411 63.019090 0.677188 285.361816 0.598194 -14.677067 13.260006 163.979096 3.875548
17 -7.641844 0.656839 -15.608830 2.775263 369.464690 0.379541 -44.225559 9.187770 108.406408 9.864696
17 -5.269115 0.669512 86.951513 11.237787 389.317787 0.683710 -16.345915 1.883499 276.129393 5.119238
17 -6.427572 0.334390 -5.037730 12.679563 407.394681 0.229087 2.201469 4.386300 391.798746 7.436152
17 -4.521855 0.572456 -68.565308 12.146644 14.017947 0.495768 -10.426107 1.261543 291.569503 3.624718
17 -4.693144 0.773020 -11.697034 0.422578 197.684432 0.456953 15.028994 13.485400 328.175414 3.967295
17 -5.554619 0.382762 -0.240051 2.732517 331.109475 0.674005 -15.857055 2.795995 157.160076 5.690245
17 -6.551888 0.587900 46.649352 11.320832 138.547100 0.765953 -0.918660 1.815235 310.457984 7.684783
18 -4.221542 0.485473 -67.033628 13.635210 181.660114 0.650512 -13.613452 0.146666 204.195253 3.024091
18 -3.526130 0.229552 -24.381925 11.089196 163.561690 0.418098 4.898980 0.723688 243.991498 1.633268
18 -5.680371 0.591104 71.540731 0.642915 275.774944 0.511942 -16.732892 13.164534 139.323413 5.941750
18 -5.679895 0.671372 -14.027497 2.833564 355.856342 0.395757 -44.903227 8.908708 103.480035 5.940798
18 -4.112192 0.617384 -86.927751 11.206918 392.826922 0.796665 -13.977802 0.686809 221.791172 2.805392
18 -6.966763 0.327435 -0.194156 13.822442 366.948113 0.188385 7.076275 3.517623 376.178798 8.514533
18 -3.994559 0.459361 87.760647 11.938798 15.155900 0.405945 -10.568143 0.900651 267.915111 2.570125
18 -4.493863 0.796899 -8.134147 0.184062 191.835872 0.445406 16.257316 13.628633 327.376679 3.568733
18 -5.094252 0.367752 -21.654170 3.923645 357.703071 0.713673 -12.569840 1.279785 150.297346 4.769512
18 -3.824103 0.122351 -6.749545 1.325998 297.323777 0.638867 -19.687723 10.170649 43.015657 2.229213
19 -4.178020 0.498884 -64.712567 12.994124 176.313246 0.658189 -9.834974 0.006666 204.616482 2.937048
19 -4.187999 0.232204 -34.899395 10.697936 141.075663 0.412221 13.216548 0.290932 224.258896 2.957006
19 -5.931125 0.051117 24.499570 2.152466 352.745438 0.647696 18.285195 13.098108 144.402816 6.443258
19 -3.969680 0.185208 -15.307452 1.206565 274.432437 0.338647 0.942343 9.204915 194.558996 2.520367
19 -4.839766 0.564211 -72.593816 10.024467 411.049734 0.762122 -7.532945 1.631076 246.642919 4.260540
19 -8.722262 0.522083 -17.630658 13.547132 308.796588 0.060598 -6.739893 4.004293 419.815963 12.025531
19 -5.116066 0.458572 88.555227 12.119974 23.602806 0.404958 -10.072850 0.793551 269.867235 4.813140
19 -5.306729 0.062197 -20.505476 14.734483 357.865598 0.273320 -14.090599 3.245816 368.336160 5.194466
19 -5.568904 0.557917 -2.446376 7.124918 341.019936 0.621780 36.100818 0.295082 187.347477 5.718815
19 -3.382110 0.165971 -5.296685 1.572036 312.060152 0.608613 -9.494553 9.822312 42.315746 1.345228
20 -3.872200 0.405130 -8.439800 0.594154 185.236781 0.304117 24.370253 10.932844 460.328253 2.325408
20 -4.253211 0.274594 -36.159430 9.456239 195.228916 0.498973 21.850086 0.422378 223.357670 3.087429
20 -5.804418 0.048518 25.481567 2.181888 354.159003 0.645459 18.609029 13.137763 146.664904 6.189844
20 -4.323444 0.324506 -19.724762 1.108733 256.559738 0.164612 22.159223 7.760398 244.436500 3.227895
20 -4.666481 0.569261 -75.956599 9.102598 401.885323 0.759154 3.243777 0.775196 235.447706 3.913970
20 -5.001105 0.545881 -13.248087 11.809669 268.893627 0.081468 -2.232481 3.241220 386.332639 4.583218
20 -4.396326 0.406418 82.558291 13.519222 16.083916 0.389776 -17.124258 1.386267 288.786613 3.373660
20 -5.150830 0.025601 -30.430897 14.423832 368.634100 0.271308 -15.295191 3.182333 361.091543 4.882668
20 -5.212249 0.631582 -23.836053 1.255482 255.833074 0.036502 59.904731 5.115163 209.478494 5.005505
20 -3.840333 0.161229 -8.925473 1.686327 316.148487 0.616483 -11.597786 9.928971 45.065099 2.261674
21 -3.529419 0.358855 -13.558344 0.278442 177.448001 0.323223 31.184090 10.591888 438.315104 1.639845
21 -9.200956 0.735121 -0.974674 5.403328 409.636758 0.013848 -11.315451 11.001759 378.336952 12.982920
21 -5.570406 0.046397 24.919504 2.210289 355.789861 0.649216 18.824352 13.135215 145.962899 5.721819
21 -4.337755 0.334453 -20.581389 1.257694 263.063316 0.174172 21.215230 7.652656 237.237220 3.256518
21 -3.909146 0.575887 -73.053025 10.302965 424.967840 0.660362 1.816282 0.998656 233.386624 2.399299
21 -3.830770 0.584097 -11.792686 10.943981 237.254591 0.063867 28.043105 1.898133 321.449257 2.242547
21 -5.946082 0.428063 75.792285 13.285715 29.324822 0.355211 -21.221882 1.292435 298.946392 6.473172
21 -6.057546 0.710888 -15.987372 14.399567 362.372729 0.380165 -14.000982 3.792676 369.965531 6.696100
21 -7.216894 0.471128 -28.265989 12.480636 304.065601 0.786013 35.009060 0.278501 231.082018 9.014795
21 -4.967069 0.242208 -17.658079 1.553466 314.033235 0.596863 7.349546 10.698738 54.453231 4.515146
22 -4.662437 0.335364 -7.942372 0.192424 183.031063 0.310577 22.890814 10.515693 432.928492 3.905881
22 -6.613899 0.749162 30.792731 9.058177 288.072522 0.715507 -33.353737 6.567046 467.349512 7.808806
22 -6.058582 0.051554 -0.143333 3.702430 408.211299 0.256261 -45.470869 7.696336 263.423720 6.698171
22 -3.519562 0.340927 -3.856033 0.993382 258.886535 0.242380 77.844459 11.304746 260.467871 1.620132
22 -4.047488 0.550884 -56.635383 9.721019 405.000051 0.763326 1.253869 0.480096 199.226042 2.675984
22 -3.282439 0.531791 0.283148 11.337252 228.832525 0.027448 10.079197 1.868792 320.433763 1.145886
22 -4.183865 0.280039 78.765538 12.692579 25.571205 0.563539 -4.314464 0.834914 269.144382 2.948738
22 -7.645633 0.702488 -13.760933 14.566633 377.701235 0.428258 -1.970457 4.464995 394.320981 9.872274
22 -5.695871 0.646603 -15.353707 14.770577 372.916232 0.780567 21.780573 0.156134 214.943802 5.972749
22 -4.525156 0.264776 -16.967608 1.806707 325.788874 0.630502 4.831097 11.091543 74.414086 3.631319
23 -3.554316 0.341975 -7.657436 0.281295 180.085306 0.260488 23.006922 10.540055 440.560608 1.689640
23 -6.424583 0.780088 34.845915 8.912147 267.759849 0.765687 -32.353185 6.481443 464.796435 7.430173
23 -9.049519 0.145005 -0.446560 4.715397 473.118203 0.363846 -82.126670 5.982186 198.804039 12.680046
23 -3.843212 0.399611 -9.234838 0.307981 206.032514 0.295758 52.805536 8.444034 257.660207 2.267432
23 -3.984484 0.568369 -70.193443 11.109675 410.887806 0.691197 -0.171627 0.595865 210.183080 2.549975
23 -3.468475 0.538447 -3.408733 11.487247 217.956898 0.036509 12.716612 1.952942 328.198127 1.517957
23 -5.232931 0.056591 -78.303334 2.823678 177.502057 0.715064 -16.029632 1.309804 264.851392 5.046870
23 -5.943830 0.501711 -5.422114 4.267901 422.508708 0.560104 -33.060164 12.031042 140.353871 6.468668
23 -3.938130 0.618910 -12.621518 13.332056 357.138841 0.722301 23.703343 0.147713 185.630160 2.457268
23 -5.609496 0.222951 -14.822048 2.256203 361.409496 0.536795 6.817200 7.940870 72.671635 5.799999
24 -3.637204 0.367598 -13.160738 0.542251 182.780418 0.253075 4.843591 10.496682 455.323278 1.855416
24 -7.221613 0.006864 38.067933 9.700988 242.548727 0.796297 -8.471248 6.878426 481.134985 9.024233
24 -6.053502 0.168832 -5.658709 5.797433 497.249365 0.354241 -84.140739 5.169235 222.931294 6.688012
24 -3.463586 0.404833 -5.960172 0.435690 212.008646 0.298130 51.488491 8.615369 262.988099 1.508180
24 -6.048924 0.247832 -85.087991 5.974836 13.302324 0.799412 -13.626435 2.173470 335.290195 6.678855
24 -3.585241 0.540664 -4.313767 11.300740 215.653425 0.027761 9.511247 1.955021 328.766765 1.751489
24 -5.389474 0.043420 -88.659724 5.364545 139.503895 0.665810 -11.197686 0.931237 278.388119 5.359955
24 -5.236947 0.099137 -80.460574 0.376694 27.100562 0.671255 -12.462140 1.029842 288.287191 5.054901
24 -3.496806 0.635903 -14.461190 13.201791 349.015450 0.711076 24.271809 0.036347 181.191010 1.574619
24 -4.788024 0.243807 -14.920857 2.632216 368.945144 0.540015 7.659653 7.852052 69.929921 4.157055
25 -4.115738 0.344723 -5.535772 0.307618 190.165978 0.184758 3.093432 10.459524 414.278426 2.812483
25 -6.770950 0.055058 -11.144414 8.214886 272.832415 0.781404 -14.098075 6.371140 449.539580 8.122908
25 -5.602553 0.171869 -7.742757 5.868066 494.299753 0.363033 -85.323776 4.858222 224.873505 5.786113
25 -4.704902 0.144149 -1.797485 0.127549 172.580798 0.544869 -19.490758 2.742295 218.526505 3.990811
25 -4.750210 0.221838 -4.571009 6.417095 446.787365 0.659488 -5.020066 0.235707 124.742612 4.081428
25 -5.739129 0.467073 0.494299 12.814719 162.319052 0.693884 -5.810818 3.476745 374.362994 6.059266
25 -5.753175 0.707845 70.391305 3.107916 43.461979 0.706773 -20.526812 2.380902 333.377920 6.087357
25 -4.083979 0.745376 62.527394 5.038759 189.547440 0.656891 -14.343493 0.121531 204.280177 2.748965
25 -6.551112 0.571970 14.254232 11.940183 360.686197 0.694729 28.284763 0.160236 202.237391 7.683231
25 -5.230879 0.244406 -4.918494 2.740287 374.582361 0.545575 5.620446 7.443925 55.763870 5.042765
26 -4.041645 0.327178 -5.898033 1.048377 194.439972 0.143524 -15.097137 8.939399 480.420364 2.664298
26 -5.959091 0.023096 -13.916241 7.591193 277.353023 0.696959 -8.456220 7.740623 490.940100 6.499189
26 -6.368583 0.163699 -11.710230 5.707757 486.478116 0.392686 -89.788768 4.894781 230.933195 7.318173
26 -4.020647 0.269950 -7.160094 4.940137 49.050865 0.676146 -7.142352 0.241722 228.839617 2.622302
26 -4.750701 0.225555 -4.193461 6.581842 444.189649 0.663063 -5.133981 0.138252 125.666072 4.082409
26 -6.380405 0.718005 -20.884778 12.458272 112.182458 0.682554 -16.327435 1.626337 314.889698 7.341817
26 -7.627525 0.518868 -45.099745 4.175818 19.187479 0.374890 -8.042796 2.635249 380.437390 9.836057
26 -4.011923 0.037810 70.495428 8.683379 106.772498 0.719325 -1.672009 0.404337 242.019932 2.604854
26 -6.819316 0.580018 13.503038 11.003935 362.682358 0.701855 24.265226 0.235697 200.114349 8.219640
26 -5.616391 0.171136 -15.424840 2.011724 347.631658 0.466635 3.671702 7.265039 65.447340 5.813790
27 -4.753023 0.356127 -9.464710 0.410563 178.874463 0.161351 -16.995362 9.703836 467.958967 4.087054
27 -4.636194 0.680916 -23.557088 1.014954 253.158229 0.640568 8.175657 0.134066 64.971570 3.853395
27 -5.645301 0.146451 -6.161596 5.794971 486.479974 0.395739 86.680325 4.188648 228.742672 5.871609
27 -5.641758 0.398838 -9.757945 6.312669 452.402247 0.197129 -1.460073 5.221572 263.776639 5.864523
27 -5.292553 0.206949 -6.434713 7.001109 407.038397 0.773852 5.290235 0.072366 177.474920 5.166114
27 -6.238273 0.712742 -14.804930 13.642759 209.394684 0.683540 -18.412020 1.572461 299.619242 7.057554
27 -5.744997 0.484581 -38.717831 3.748801 50.739894 0.378091 -2.848218 2.709000 360.119869 6.071002
27 -4.056582 0.107627 78.080898 10.916366 110.362849 0.778054 -3.983559 0.087012 226.028265 2.694171
27 -6.705306 0.731477 -22.707042 8.886951 444.808955 0.679233 25.269558 1.250053 203.506420 7.991620
27 -5.833894 0.257222 -24.705050 1.399839 300.618670 0.614599 4.938621 7.562166 68.678243 6.248796
28 -3.664322 0.260106 -1.066118 0.937581 201.887193 0.154548 -17.415792 9.667205 464.217869 1.909651
28 -5.200952 0.162304 2.939031 1.813382 276.314430 0.567132 -24.008201 13.791321 436.674304 4.982911
28 -3.730777 0.767947 -48.479905 14.379301 353.369571 0.623954 4.002950 0.358476 212.306275 2.042563
28 -6.370306 0.391751 3.880124 4.145961 387.390974 0.172350 -16.425710 6.817051 269.834565 7.321619
28 -5.213467 0.252087 -30.184299 4.005255 355.206219 0.691431 -4.240178 1.213126 180.917472 5.007942
28 -4.508174 0.699688 39.866151 0.068755 187.005803 0.608210 6.145687 6.572668 248.907621 3.597356
28 -5.781748 0.450764 -64.814305 3.738165 143.115306 0.374044 -1.891826 2.342022 339.433774 6.144503
28 -4.315426 0.050117 89.328851 11.540455 102.860538 0.799554 12.958675 0.110111 217.942990 3.211860
28 -6.767732 0.638065 -22.325769 6.153819 451.642942 0.627951 38.409925 2.208787 178.330906 8.116471
28 -5.952197 0.257927 -24.876458 1.386128 300.233972 0.615809 5.032115 7.524749 67.604524 6.485401
29 -3.258120 0.137947 13.887881 1.171545 201.529616 0.118618 -17.693336 9.353982 488.151466 1.097247
29 -5.342812 0.424595 3.811359 1.637250 262.621418 0.600015 -71.208458 11.861028 452.173457 5.266632
29 -4.202001 0.771096 -49.514432 14.382447 352.390093 0.619226 4.025617 0.310837 214.720513 2.985009
29 -11.921967 0.269317 14.716355 5.602289 446.409286 0.293408 9.405516 4.848898 253.346425 18.424942
29 -6.766439 0.392569 -53.924835 4.238583 327.110993 0.667067 -0.244198 0.914164 178.354749 8.113886
29 -3.998367 0.691036 24.009546 0.138847 189.083348 0.602880 -1.453130 7.074019 241.396465 2.577742
29 -4.188622 0.438176 -72.073750 3.697548 171.442835 0.387505 2.724806 1.304177 278.933513 2.958251
29 -3.617087 0.049875 77.188344 12.550385 85.596716 0.775947 9.749420 0.079755 214.378951 1.815182
29 -4.987482 0.444088 -4.173488 5.696795 230.325696 0.770752 -16.895628 0.111048 204.006855 4.555972
29 -3.771184 0.203880 -7.854279 1.198699 282.740943 0.687579 -12.029852 8.310937 125.543451 2.123376
30 -3.573277 0.135112 20.390607 0.908601 187.546951 0.143670 -5.496113 8.991303 487.379657 1.727562
30 -5.417096 0.467792 5.235759 1.237012 241.908527 0.612474 -70.138241 11.887934 456.672584 5.415199
30 -3.566826 0.041769 -46.057592 13.797243 304.702860 0.634533 -1.914336 0.163681 194.907619 1.714659
30 -8.599868 0.267250 14.953435 5.814147 449.070444 0.295323 8.377381 5.142113 253.898075 11.780744
30 -4.043077 0.271038 -38.962666 3.581270 288.934014 0.686992 -8.874285 0.196805 160.499832 2.667161
30 -4.515922 0.704105 12.990767 0.129165 207.571276 0.525931 -2.635818 6.970123 244.095035 3.612852
30 -4.314767 0.458263 -72.748885 4.730853 171.113947 0.342832 7.870293 1.128790 272.847194 3.210542
30 -3.709746 0.040417 77.342919 12.658337 94.961618 0.769966 10.663781 0.152071 212.029365 2.000499
30 -4.069670 0.448997 -3.364211 5.822894 240.634236 0.793402 -17.884231 0.155374 189.886758 2.720348
30 -4.171917 0.196777 -14.827958 1.834226 316.241009 0.631532 -10.264422 8.720583 141.056299 2.924842
31 -3.115825 0.132628 19.143879 0.751563 178.477906 0.137430 -3.010837 9.168835 487.866437 0.812658
31 -6.293701 0.286501 -3.110628 1.509823 319.734088 0.485518 -88.386448 13.491626 134.223305 7.168410
31 -3.535495 0.094582 72.807707 9.225136 366.336817 0.589418 -5.488972 0.186431 184.244930 1.651997
31 -10.211380 0.274777 21.628391 5.607078 424.640829 0.345107 5.493946 4.390425 262.902968 15.003767
31 -4.231198 0.147600 -37.108152 5.214688 322.388958 0.648888 -4.712891 0.517264 177.583971 3.043403
31 -3.777970 0.739455 27.628089 0.065876 191.295110 0.484490 -23.642320 7.179607 224.870860 2.136947
31 -3.187424 0.460500 -72.999991 4.846079 158.091761 0.263973 4.000030 1.080650 263.111254 0.955855
31 -3.534592 0.053947 77.042641 13.003005 96.765576 0.754250 8.694153 0.005355 211.653345 1.650192
31 -4.553713 0.391564 -45.304369 3.262775 242.571347 0.674482 -15.210213 0.557204 193.690178 3.688433
31 -4.461093 0.209034 -18.308736 1.550915 305.052706 0.648709 -6.383028 8.838205 131.671613 3.503193
32 -5.807122 0.498405 -7.836311 1.304391 309.657094 0.112772 75.868388 11.265071 54.396515 6.195251
32 -5.107632 0.299044 -5.311800 1.351706 301.279127 0.581449 -82.279761 14.459030 188.339199 4.796272
32 -4.958563 0.074510 73.130635 8.632204 332.204527 0.561125 -6.649728 0.470238 220.061150 4.498134
32 -7.671626 0.299480 11.799781 5.365368 429.985023 0.336363 -3.410703 4.376345 237.397985 9.924259
32 -3.522736 0.131952 -35.984933 6.422186 323.775175 0.670633 2.999773 0.053134 177.445055 1.626480
32 -4.243207 0.736856 29.562272 0.095618 177.844882 0.508753 -19.429181 6.027557 253.913519 3.067421
32 -3.319597 0.466969 -69.376678 4.999828 151.169265 0.208089 2.095830 1.273095 278.350124 1.220201
32 -3.978455 0.049029 80.812311 13.014106 90.722202 0.760538 8.669241 0.044166 221.601162 2.537917
32 -9.320624 0.304170 -6.239737 1.457488 169.616775 0.421479 -15.862894 3.244571 359.471453 13.222256
32 -3.691804 0.081836 -0.858884 1.750475 323.082310 0.524450 -26.162219 13.516270 147.099108 1.964616
33 -5.299439 0.497921 -6.385004 1.276074 297.996662 0.034925 78.000388 10.332732 101.854432 5.179886
33 -6.155801 0.309144 1.116288 1.685516 327.650478 0.535928 -73.658710 14.170990 168.465341 6.892609
33 -3.781163 0.128420 53.530268 7.831489 372.895947 0.500840 -12.171610 0.925103 219.162459 2.143333
33 -5.595377 0.264713 -4.335049 5.110234 446.001279 0.417846 -22.056239 6.550904 231.462565 5.771761
33 -4.614628 0.101167 -10.537295 5.876844 360.581580 0.647815 16.422343 0.249435 169.929687 3.810263
33 -3.697387 0.717009 20.154791 0.053953 180.953481 0.516510 -11.764815 5.003544 241.415022 1.975782
33 -3.170760 0.473788 -76.533202 5.854591 106.515560 0.224575 6.760137 1.079658 273.179012 0.922528
33 -3.769829 0.038330 82.401803 11.969422 110.125462 0.784234 9.501494 0.141150 218.246261 2.120665
33 -6.023424 0.480645 -46.284830 3.417995 64.489866 0.461253 -3.259408 4.601423 448.044331 6.627856
33 -3.308324 0.113255 1.032988 1.881157 327.463933 0.442585 -31.866494 13.054621 160.467575 1.197656
34 -8.461658 0.568479 -41.178479 0.456773 239.164109 0.667438 75.368041 10.241774 57.206869 11.504323
34 -4.415445 0.324081 -11.484590 1.673923 316.082968 0.505239 -73.399934 13.752551 131.860047 3.411897
34 -3.830554 0.140780 54.275415 7.710318 369.743012 0.498465 -12.807065 1.034263 221.093316 2.242116
34 -5.812199 0.267372 2.506903 4.353993 389.448573 0.427306 -32.506550 5.727770 281.594385 6.205405
34 -3.817020 0.092992 -19.648504 6.931819 360.687779 0.701958 16.290709 0.109585 170.478463 2.215048
34 -3.676977 0.715595 20.259680 0.029769 175.722253 0.522059 -9.452191 4.832561 250.122998 1.934962
34 -3.858912 0.243582 -84.222386 8.122756 220.659465 0.198034 -5.152850 1.194285 272.632585 2.298832
34 -6.073369 0.799873 72.971856 12.775549 153.309485 0.762714 2.000048 0.253016 223.693048 6.727746
34 -6.377796 0.504735 -51.495940 2.950966 76.109137 0.472048 -5.798804 4.499488 443.068199 7.336599
34 -3.645377 0.101189 -4.524569 1.902016 332.579540 0.455392 -24.164443 13.535664 144.344060 1.871762
35 -4.666999 0.195253 -19.592817 1.213205 285.272897 0.645859 3.127813 5.075790 59.207292 3.915006
35 -5.731915 0.353111 0.438061 2.068513 328.456483 0.480081 -75.711613 14.266701 156.492612 6.044838
35 -4.987081 0.046570 73.247667 8.635962 359.528929 0.553344 -10.701867 1.284909 238.851460 4.555171
35 -7.452232 0.302779 -11.010346 4.610585 398.734268 0.354497 -11.700617 5.819884 283.617833 9.485473
35 -3.541125 0.063458 -30.102055 6.954369 357.604873 0.678001 23.548038 0.067429 166.619264 1.663258
35 -4.446896 0.662456 13.641196 0.218685 223.515453 0.490618 -39.296233 7.453666 176.562835 3.474799
35 -3.585039 0.222358 -68.708614 9.170461 171.304995 0.202642 -4.667104 1.161228 276.415546 1.751085
35 -4.282954 0.629258 53.694028 13.784987 140.278803 0.665553 -19.858857 0.774005 245.203531 3.146915
35 -6.227170 0.497974 -86.667335 3.908808 92.079465 0.488929 0.045764 4.613535 443.043668 7.035347
35 -4.016723 0.130107 -9.676042 1.682738 318.369217 0.457468 -21.725552 13.971040 141.640484 2.614453
36 -5.382113 0.416206 -17.002708 0.332242 211.416770 0.629416 -12.597150 3.017236 75.564456 5.345234
36 -4.833185 0.412112 -10.134587 1.896211 319.189313 0.479297 -68.082568 14.691207 177.388696 4.247378
36 -4.896884 0.049651 73.715574 8.666197 358.346546 0.553034 -10.995847 1.305056 239.258174 4.374776
36 -6.212943 0.339107 -27.592852 4.280132 372.666953 0.372265 -6.187772 5.132521 278.438807 7.006894
36 -3.507430 0.069252 -30.594504 7.013765 360.020488 0.670387 21.622270 0.094822 168.391181 1.595868
36 -3.576605 0.741340 0.540435 0.107919 203.755150 0.351295 -50.222065 8.930613 263.097300 1.734218
36 -3.582524 0.243061 -70.715088 9.228682 168.212518 0.197578 -5.419630 1.197886 278.627393 1.746056
36 -4.876750 0.515466 59.800938 0.923294 167.492657 0.536354 -4.710787 1.191172 239.313252 4.334507
36 -5.393547 0.788022 -66.909560 2.762446 83.270544 0.462701 -5.857482 2.073446 316.574282 5.368101
36 -4.948674 0.128916 -7.728254 2.586540 372.248008 0.446044 -29.630486 13.225782 196.947400 4.478355
37 -4.594568 0.494699 -8.017647 0.657894 229.942297 0.670756 -18.377078 2.073695 72.870602 3.770144
37 -5.374408 0.420090 -17.688959 1.537005 306.830564 0.498963 -63.885328 14.184634 164.957911 5.329823
37 -5.080741 0.062181 77.581756 8.129383 324.574492 0.530577 -5.942374 1.176058 258.807366 4.742490
37 -5.418742 0.379390 -21.074956 9.457325 402.741380 0.322040 -12.905650 2.884499 297.613042 5.418492
37 -4.115302 0.050988 -31.086373 7.125458 355.934837 0.669723 26.642019 0.186340 170.972397 2.811611
37 -5.055018 0.790542 0.945566 0.350362 215.827969 0.352009 -53.206794 9.726546 294.737831 4.691044
37 -5.774435 0.788052 -19.197141 2.658761 298.269939 0.379170 24.299221 4.165229 246.868905 6.129877
37 -3.743633 0.413956 68.242705 11.396746 340.542820 0.409463 -7.315004 0.862103 242.152195 2.068274
37 -5.701081 0.778981 -63.010443 3.051813 60.938145 0.397084 -21.985029 1.712669 314.875063 5.983169
37 -5.155795 0.159239 -21.362207 2.712515 370.771574 0.442046 -26.369564 12.523130 187.663286 4.892597
38 -5.973215 0.555309 6.479554 2.991916 305.895408 0.213835 -39.753451 1.631230 177.105784 6.527437
38 -4.036288 0.641734 -12.173163 0.521851 220.552716 0.602071 -73.086106 14.774680 222.172359 2.653583
38 -5.435577 0.049438 83.123812 8.055861 333.089010 0.533755 -7.903955 1.469119 252.039066 5.452161
38 -5.870052 0.386372 -19.653051 9.695010 416.773746 0.330577 -13.462866 2.939936 298.377308 6.321112
38 -4.504291 0.053017 -32.077318 7.167026 358.289274 0.670327 26.630689 0.231424 171.373934 3.589589
38 -3.875428 0.785765 1.625610 0.164309 213.189134 0.345930 -54.618461 9.737529 294.061197 2.331864
38 -5.727534 0.795426 -20.710740 2.826715 301.893058 0.372799 24.704508 4.171106 249.727606 6.036076
38 -6.102126 0.487905 4.637173 5.245975 443.529468 0.520764 -37.391474 7.217353 219.056937 6.785259
38 -4.194724 0.782912 -88.329838 3.422267 35.839130 0.461456 -6.047654 0.848865 269.293490 2.970456
38 -4.550552 0.741774 -19.976193 10.774284 413.823616 0.450391 19.312882 0.571880 202.664378 3.682111
39 -6.332787 0.437658 -0.591664 3.026752 323.090387 0.181271 -44.354092 1.836334 197.095422 7.246581
39 -4.001019 0.662796 -15.264156 0.493293 219.998461 0.586051 -79.076389 13.915412 223.961863 2.583045
39 -8.395820 0.778437 83.473156 10.507922 344.366040 0.470983 3.104905 1.242684 277.129211 11.372648
39 -6.305614 0.452073 -6.412731 12.369343 372.876878 0.280322 -18.330616 2.096239 303.901040 7.192236
39 -3.927886 0.044115 -31.645722 7.172125 403.303597 0.670155 27.105545 0.166490 161.268741 2.436779
39 -3.470384 0.736572 3.835243 0.120770 200.950159 0.344933 -57.285030 9.488010 296.240083 1.521775
39 -5.491238 0.694708 -25.417646 2.230112 278.773536 0.380907 31.167277 4.665398 263.422802 5.563483
39 -3.508760 0.304191 -14.122024 0.869689 236.458656 0.378359 52.729994 9.727342 319.438848 1.598529
39 -6.740976 0.012528 75.417940 2.351740 90.107313 0.541356 0.314392 0.713926 272.065604 8.062960
39 -3.400799 0.779917 -29.939031 10.312941 352.849627 0.415131 24.409772 0.664252 210.599558 1.382605
40 -5.863558 0.381182 -12.544013 2.532742 340.114696 0.345056 46.953200 5.565930 208.782436 6.308124
40 -4.099048 0.718558 -4.375727 0.545759 249.354917 0.520058 -84.395480 12.953300 197.306734 2.779103
40 -4.211391 0.034491 68.794755 12.632676 344.774797 0.440448 -12.855364 1.293771 263.470121 3.003790
40 -5.951912 0.491365 -8.981752 13.143862 382.229717 0.285071 -28.109445 2.010885 294.059787 6.484832
40 -3.558286 0.130593 -39.936508 6.928319 398.865538 0.658813 29.331965 0.057570 156.628131 1.697580
40 -3.340338 0.719518 0.998408 0.158442 198.631036 0.300396 -62.256009 9.770152 285.530840 1.261683
40 -7.333934 0.754620 -14.639309 2.954855 329.538813 0.381182 32.857115 2.405490 192.682792 9.248876
40 -3.519234 0.321393 -7.126709 0.599783 220.172958 0.377356 49.785664 9.667068 326.207817 1.619476
40 -3.263818 0.631614 84.365665 2.220767 140.929906 0.532267 -0.450004 0.690671 232.187567 1.108643
40 -3.702327 0.790423 -27.550171 10.234149 347.391685 0.414720 23.584247 0.566056 211.638635 1.985662
41 -7.323475 0.447858 1.123929 2.374983 275.183880 0.353288 23.360339 2.853064 228.105648 9.227957
41 -5.067466 0.769032 -8.084540 0.936048 236.646982 0.398352 -84.684774 14.733856 259.228800 4.715939
41 -4.590127 0.779602 61.284895 12.756626 326.726171 0.428745 -12.006741 1.264435 278.648102 3.761261
41 -4.317397 0.385864 -36.521217 11.596085 291.840041 0.553278 2.438317 0.141537 207.685700 3.215801
41 -3.509603 0.125888 -40.004936 6.900271 414.213908 0.666261 25.175285 0.066493 154.081099 1.600213
41 -4.794525 0.780776 -9.528640 0.888876 245.780773 0.011730 -84.480455 11.231421 250.307010 4.170058
41 -5.411161 0.667373 -15.265257 4.236533 378.069038 0.485804 11.221664 2.245548 146.756716 5.403330
41 -4.218305 0.335638 -12.432300 0.809434 233.039758 0.395424 46.965469 9.834523 354.757200 3.017618
41 -4.144185 0.744670 86.553085 2.740906 125.845117 0.483981 1.050633 0.588838 242.315419 2.869378
41 -3.613385 0.794816 -27.008351 10.225984 347.331457 0.407914 23.957954 0.627017 212.959073 1.807777
42 -5.496440 0.534862 -13.285065 13.762976 406.741183 0.428638 -25.440193 1.048158 236.053885 5.573888
42 -5.219770 0.747907 -7.070314 1.022327 258.107563 0.415818 74.975096 13.653176 228.468450 5.020548
42 -4.706916 0.620206 57.073394 12.034005 301.404094 0.495245 -12.700121 1.110649 272.293254 3.994839
42 -3.478289 0.210188 -45.407215 8.972319 289.539080 0.636569 19.271368 0.006535 186.905446 1.537586
42 -3.573869 0.147086 -41.516628 6.696209 402.576507 0.651676 13.278538 0.298296 168.522527 1.728746
42 -4.230628 0.754878 -8.113491 0.350488 234.463167 0.742826 83.455485 11.020423 238.019186 3.042264
42 -3.786042 0.734033 72.447517 0.981091 106.752524 0.478693 -9.142183 0.747826 242.183973 2.153091
42 -3.653018 0.343262 -1.594374 0.471532 200.676961 0.398032 48.053312 8.914931 361.145603 1.887044
42 -3.493911 0.693034 -85.027722 0.906003 100.649153 0.534634 -3.204173 0.511948 221.908604 1.568831
42 -3.974507 0.773152 -31.304945 11.565973 379.061803 0.392603 22.222387 0.502508 208.739704 2.530022
43 -4.934132 0.551280 -1.513660 13.510719 422.947809 0.490647 -11.708098 0.450728 209.463937 4.449272
43 -5.713862 0.778063 -2.914100 1.762944 281.737041 0.472727 67.306493 0.436816 150.991386 6.008731
43 -7.117211 0.544319 34.863281 10.481503 379.889220 0.627770 -2.768207 3.083563 308.230826 8.815429
43 -3.560989 0.202357 -41.080810 9.061649 306.089335 0.647338 23.885709 0.019138 185.286111 1.702986
43 -4.764463 0.132001 -41.909453 7.701603 415.424301 0.649135 1.721101 0.495963 176.675885 4.109934
43 -4.047213 0.775587 -9.084125 0.651546 226.337500 0.716273 -82.214909 9.092016 233.666763 2.675434
43 -4.071717 0.792005 -70.517447 0.173904 62.079019 0.414289 -3.886720 0.989762 268.750843 2.724442
43 -3.463003 0.459428 2.377029 0.507402 220.265141 0.394278 36.953841 9.975931 263.939082 1.507013
43 -3.464078 0.716293 -87.094690 2.144722 76.489244 0.556605 -3.423870 0.545653 236.694476 1.509164
43 -4.883941 0.217920 -61.526679 4.654980 415.104002 0.540310 19.536414 9.287365 379.874019 4.348889
44 -4.667055 0.614313 -13.020452 10.959452 320.490491 0.514668 -11.991911 0.377943 211.665098 3.915118
44 -7.363048 0.587197 4.931131 3.573212 362.444413 0.458096 -70.126038 0.865453 157.516593 9.307103
44 -9.759978 0.544870 8.055361 3.776895 405.952560 0.746131 -10.435717 12.154744 176.558187 14.100964
44 -3.596517 0.197220 -40.504460 9.178777 308.053505 0.648997 25.267936 0.051649 186.831105 1.774041
44 -4.799478 0.197758 -55.464437 6.936346 385.020141 0.619181 -7.999482 1.293033 216.549660 4.179963
44 -3.794499 0.752201 -6.693930 0.598332 240.480675 0.785186 -85.861150 8.416498 234.436622 2.170006
44 -4.187324 0.756615 -75.189689 0.666804 57.819156 0.262096 5.844633 1.013914 274.475644 2.955655
44 -4.300996 0.520834 1.190613 0.630343 235.666837 0.330357 30.806373 9.103895 266.774665 3.183000
44 -4.952918 0.184594 81.302047 7.817983 77.145025 0.612196 16.431195 0.371584 236.349280 4.486844
44 -7.870083 0.258440 -61.875931 4.397487 406.157710 0.530792 15.879970 9.371755 384.438821 10.321173
45 -4.443999 0.399309 42.711021 13.730496 340.052500 0.658886 -12.402655 0.646320 218.295126 3.469005
45 -5.569675 0.635227 -9.055456 2.355104 326.669591 0.298341 -49.481114 14.316864 74.667223 5.720358
45 -5.931894 0.553006 -3.984023 5.009215 434.906904 0.772239 -9.172000 12.747801 226.820907 6.444795
45 -4.686290 0.190726 -55.219884 9.749611 302.890285 0.665067 30.618121 0.213564 189.474104 3.953587
45 -4.779180 0.271560 -42.958412 0.280354 164.213194 0.553653 -7.183177 2.371130 242.443674 4.139368
45 -3.936679 0.701089 -6.905029 0.762956 245.131411 0.773698 -78.246024 9.061059 264.413974 2.454365
45 -3.229508 0.706719 -71.572787 0.375186 51.647193 0.239749 10.387726 1.040982 270.179567 1.040024
45 -4.419316 0.504475 -11.315821 0.838254 243.097131 0.446629 38.129619 9.742180 321.425071 3.419639
45 -3.482284 0.225642 79.948161 8.685117 45.493994 0.629761 4.990337 0.367344 224.154369 1.545575
45 -5.812899 0.265580 -65.190004 5.102819 399.127493 0.525659 6.621152 8.500349 405.345705 6.206806
46 -4.244071 0.433189 44.610262 14.128212 314.284645 0.684332 -19.024775 0.362404 215.452863 3.069150
46 -8.073377 0.384636 -25.331978 6.504478 483.622429 0.262193 24.079506 4.512513 233.848782 10.727761
46 -7.636593 0.447213 35.167421 5.349730 175.821278 0.583553 -25.438418 0.266890 232.130818 9.854194
46 -6.809763 0.030353 -76.104124 8.797798 333.269645 0.668955 -1.199828 0.202367 219.408108 8.200533
46 -6.164347 0.211429 -42.407162 0.285123 129.499255 0.649723 -17.523028 4.629553 345.906309 6.909702
46 -3.933189 0.692732 1.486622 0.622112 243.795221 0.787032 -72.691233 9.429504 268.236266 2.447385
46 -3.681914 0.740985 -62.228709 14.291022 38.836035 0.317639 -5.366038 0.586574 244.519355 1.944835
46 -3.563709 0.453018 -11.635051 0.622684 213.051993 0.426421 37.646489 9.697987 325.941013 1.708425
46 -4.544800 0.122217 66.407677 9.944062 45.961396 0.580271 4.268839 0.430774 247.556352 3.670607
46 -6.268870 0.248518 -63.283053 4.937960 396.516629 0.541550 6.800487 8.507443 400.283707 7.118747
47 -5.954089 0.410920 -2.977718 14.296915 366.858397 0.680122 -18.342088 2.386882 303.418675 6.489185
47 -5.727006 0.443675 -23.826593 6.288258 462.114664 0.274980 22.466573 4.324005 228.606293 6.035019
47 -3.943898 0.393465 -25.497222 12.191889 33.584529 0.770273 23.213478 0.032936 204.426890 2.468803
47 -3.548608 0.000043 80.897228 8.153344 347.489932 0.638540 4.579759 0.124150 185.381090 1.678223
47 -8.957923 0.306834 -40.102882 3.476986 190.070946 0.382986 -30.438152 3.331569 365.108012 12.496853
47 -3.498699 0.666764 7.259537 0.183418 211.448457 0.772709 -73.773629 10.114995 250.981309 1.578405
47 -3.408909 0.017709 -86.270853 14.627063 495.418881 0.349398 -5.211884 0.820268 212.995785 1.398825
47 -4.821536 0.437012 -11.320442 0.664330 236.710749 0.342599 38.796064 9.878779 310.241854 4.224080
47 -3.537290 0.034555 -86.453011 10.508311 495.570577 0.548165 -0.897575 0.544951 182.470590 1.655588
47 -6.068543 0.283779 -70.817907 4.583593 377.753858 0.567433 2.589836 8.448985 407.419552 6.718094
48 -3.979705 0.304421 16.667243 3.262009 95.754471 0.327464 -14.170016 1.355849 282.366163 2.540418
48 -5.774799 0.382206 -16.839025 6.785433 466.428823 0.242653 5.940505 3.643066 231.351852 6.130605
48 -4.131462 0.161598 75.778548 11.019097 68.713395 0.682721 -6.395098 0.630342 256.750036 2.843931
48 -4.584018 0.025547 75.412190 8.719809 325.999496 0.634699 -8.756645 0.342747 188.847908 3.749043
48 -3.257964 0.361008 54.524674 1.221733 25.736243 0.394139 6.573315 0.508831 232.426149 1.096936
48 -3.544484 0.648026 -3.576051 0.922306 229.470480 0.770621 87.482559 8.127912 353.822510 1.669975
48 -3.399158 0.024391 -80.284744 14.655086 492.590531 0.347556 -3.325683 0.707408 208.098569 1.379323
48 -5.930990 0.405278 -9.565229 0.482076 226.017018 0.347032 43.601100 9.010220 315.875006 6.442988
48 -3.617273 0.620465 13.464766 5.902298 24.690745 0.308489 0.263466 1.087608 276.531115 1.815553
48 -5.807860 0.150810 -81.119119 8.372304 421.300906 0.595634 -9.609433 5.387920 373.865000 6.196728
49 -4.188988 0.308853 16.324110 3.712806 98.800958 0.360437 -15.772809 1.381592 288.519271 2.958983
49 -6.657506 0.334873 -18.923094 6.908751 456.166333 0.235533 7.278576 3.814816 263.797862 7.896019
49 -6.308493 0.163101 64.685320 10.829204 39.348969 0.682582 -8.425080 0.629499 277.652385 7.197994
49 -4.541544 0.755636 80.319264 11.456668 323.694851 0.716257 -11.925066 0.210937 198.078440 3.664095
49 -3.671431 0.339076 61.137068 1.286973 13.923396 0.388654 1.184940 0.286483 224.874154 1.923869
49 -5.208117 0.657652 -22.125207 0.679647 225.033796 0.040290 55.171228 8.036258 317.477822 4.997241
49 -3.310937 0.098765 84.731721 13.356154 441.269248 0.276098 -3.199444 1.042000 232.254538 1.202881
49 -4.470907 0.392840 -16.163908 0.253136 203.397829 0.367252 44.751891 10.141826 319.736180 3.522822
49 -3.564680 0.633472 16.369108 6.268751 34.356622 0.296545 -9.322994 1.128069 277.520027 1.710368
49 -5.920776 0.189149 -79.544409 9.146289 421.794863 0.576625 -2.100681 5.327564 384.386188 6.422559
50 -5.254201 0.060099 18.636963 10.311600 166.867357 0.787992 11.510330 0.353131 242.038803 5.089409
50 -5.839790 0.392993 -18.674191 7.602039 451.031102 0.237760 17.369998 3.703032 279.158463 6.260588
50 -4.974236 0.223260 44.129632 7.147701 106.804497 0.698014 -13.093428 0.350225 240.530615 4.529480
50 -5.150886 0.787655 -83.379252 10.673621 333.662812 0.737075 -13.652055 0.036378 189.759919 4.882779
50 -5.713298 0.787180 -20.680355 2.396402 331.219471 0.735895 -0.996162 10.074022 32.863334 6.007604
50 -4.584933 0.730467 -19.330503 0.310310 205.348667 0.107789 56.041812 6.581664 291.216302 3.750874
50 -3.347153 0.109184 82.183539 12.747570 437.907309 0.197515 -4.813183 1.456623 257.366788 1.275313
50 -3.647663 0.418023 -10.034203 0.598657 215.795485 0.430387 44.797096 10.524316 315.900712 1.876333
50 -3.581525 0.635729 27.055526 6.114532 35.742315 0.356010 -4.937105 0.758856 256.769555 1.744058
50 -6.953112 0.144936 -63.720320 9.882975 398.140368 0.504631 -4.661591 5.053325 397.676752 8.487232
51 -5.050268 0.086531 49.138929 10.105216 156.500288 0.728262 -16.122348 0.971300 273.055555 4.681543
51 -5.391152 0.313310 -19.480268 8.513229 375.478718 0.256605 -7.586436 3.638876 338.194323 5.363311
51 -3.983136 0.242519 59.313726 7.236584 109.971209 0.699667 -15.837875 0.424443 224.814923 2.547279
51 -4.123740 0.002181 75.948237 10.263943 215.274533 0.734353 -11.198898 0.559111 226.504837 2.828488
51 -4.862513 0.787780 -20.314149 1.109764 265.996611 0.670408 10.175394 11.794913 59.731241 4.306034
51 -7.201019 0.516283 -28.952745 1.360453 262.930473 0.193500 43.804976 6.185380 299.651775 8.983046
51 -3.400602 0.025540 78.035162 12.806224 425.834226 0.225758 -3.413114 1.410200 256.357700 1.382212
51 -4.357150 0.290426 -1.143814 0.036527 180.147455 0.528886 27.180422 9.845974 358.212357 3.295307
51 -4.086165 0.631815 26.419596 6.103409 35.256657 0.365883 -5.145433 0.936528 257.229618 2.753337
51 -5.748411 0.576376 -23.906043 2.467848 285.414941 0.129047 0.694259 6.551652 318.757949 6.077830
52 -4.765780 0.068318 47.305826 8.880425 181.847581 0.672337 -20.036201 0.661368 243.813721 4.112568
52 -5.428818 0.133572 -10.178842 9.365745 417.975800 0.341001 -11.665240 3.926427 339.963230 5.438644
52 -5.450528 0.073270 -27.357105 9.454319 392.714132 0.313654 -12.462422 4.307598 373.193752 5.482064
52 -4.206721 0.696374 -70.464855 11.812701 201.531828 0.794872 7.513390 0.133886 228.905972 2.994449
52 -5.963166 0.685705 -0.220091 2.436238 299.539373 0.799108 -6.110907 6.750808 207.383815 6.507339
52 -8.662661 0.428672 -13.280441 1.722810 165.532505 0.347864 77.174887 5.224895 486.912899 11.906330
52 -4.009978 0.064804 87.377173 11.802894 392.154479 0.180220 1.704268 1.460347 269.516438 2.600964
52 -3.344728 0.319846 -9.382434 0.156628 173.793366 0.594188 12.294458 10.038864 386.805015 1.270464
52 -3.439260 0.767099 28.291546 9.189300 56.665296 0.216565 0.610222 1.203734 287.746328 1.459527
52 -4.636363 0.619575 17.148935 0.238070 216.023310 0.082184 -74.122476 12.217322 231.630155 3.853734
53 -4.379519 0.089681 31.259635 6.739425 85.078088 0.634331 -18.898573 0.899087 252.602460 3.340046
53 -6.457030 0.163419 -6.513988 9.726953 401.172303 0.308726 -17.552037 3.365346 337.035081 7.495067
53 -4.691523 0.412451 -71.424875 11.991623 278.053981 0.588740 -17.382278 0.931674 248.099957 3.964053
53 -4.719058 0.607993 -47.588211 11.850452 235.537450 0.743866 10.328118 0.183347 229.308625 4.019124
53 -6.209292 0.623327 1.549943 2.307060 311.319396 0.036664 -5.231430 6.623925 203.583336 6.999591
53 -7.615183 0.409505 -11.856641 1.244541 160.283376 0.348289 75.506127 5.588455 489.446893 9.811374
53 -4.224968 0.061516 83.173267 11.744139 380.827893 0.249771 2.010954 1.205681 257.334383 3.030943
53 -3.490003 0.328222 -10.079577 0.145424 170.206162 0.609090 4.595053 10.071806 388.693095 1.561014
53 -3.745363 0.617940 38.114704 11.596535 161.387510 0.242815 -4.130975 1.200225 284.126454 2.071734
53 -4.241596 0.607025 18.861499 0.239910 213.626212 0.075788 -72.104639 12.238311 231.440837 3.064199
54 -5.542816 0.076878 30.231027 6.452068 63.318781 0.660758 -7.534153 0.912923 288.174311 5.666639
54 -5.432161 0.153539 -6.149698 9.803456 404.096806 0.303769 -19.287008 3.400395 331.141151 5.445330
54 -5.422424 0.381941 -79.078104 11.159250 279.682765 0.685839 -4.246765 1.019744 252.625141 5.425856
54 -7.080958 0.449108 -33.360902 9.819927 216.623119 0.784997 -5.895202 1.304236 280.625910 8.742923
54 -7.913977 0.666202 -4.646361 1.387929 295.866104 0.764750 -4.749376 6.962125 200.039515 10.408961
54 -7.337134 0.371342 4.173125 2.065052 180.916781 0.336299 82.413108 5.190833 491.128217 9.255276
54 -3.498585 0.054652 86.475648 11.492447 373.273828 0.252508 1.683829 1.265658 256.224803 1.578177
54 -3.435564 0.358166 2.366697 0.194458 169.976281 0.619300 5.292028 9.476540 375.979692 1.452135
54 -3.591593 0.054295 3.822667 14.296697 224.661243 0.246215 -0.718707 1.243147 281.648609 1.764194
54 -3.917737 0.568614 27.945720 0.135067 199.743215 0.047330 64.379862 14.700930 265.624018 2.416481
55 -6.179517 0.086658 69.374683 9.463988 107.101668 0.592747 -13.533140 1.235039 304.309020 6.940041
55 -6.909557 0.584413 -4.029994 5.088067 378.305855 0.739145 4.610931 1.162711 156.922196 8.400122
55 -5.676030 0.395361 -71.970738 12.781041 327.983076 0.694015 -16.418228 0.955687 259.884357 5.933067
55 -5.424670 0.522080 -53.648511 9.709241 293.004272 0.615800 1.358430 2.015566 292.973445 5.430347
55 -4.543596 0.355853 -17.315146 1.178526 266.617512 0.038411 -14.269922 8.209581 234.672853 3.668199
55 -4.925800 0.607915 -14.504066 1.568092 290.076525 0.193476 59.125895 6.394428 45.620204 4.432608
55 -4.316270 0.139519 -85.946916 11.172037 353.216913 0.305928 -14.493910 1.664963 275.544990 3.213547
55 -3.384630 0.358814 0.307832 0.103729 166.900799 0.609976 5.925464 9.679667 377.685856 1.350268
55 -5.004195 0.657197 28.204793 10.561604 327.484107 0.360765 -4.111344 0.020009 190.981357 4.589397
55 -4.238850 0.648133 26.358077 0.011882 200.252066 0.011487 50.660980 13.212050 231.809107 3.058707
56 -5.005083 0.571831 46.576731 7.056121 251.568596 0.590734 -13.772224 0.997105 237.941316 4.591173
56 -5.278955 0.604412 -16.350144 6.482110 386.694241 0.738370 -0.097601 0.247531 157.534440 5.138918
56 -6.798059 0.388392 -8.496941 10.757995 349.817198 0.044691 -10.370037 1.360991 260.311257 8.177125
56 -5.259605 0.501779 82.111829 10.720625 248.307832 0.775199 -13.726510 1.355353 283.615908 5.100218
56 -5.767477 0.360649 -23.286331 1.137767 266.758149 0.745652 -1.463913 8.710345 260.232364 6.115961
56 -3.740347 0.779080 4.021845 0.026514 220.751176 0.173729 -80.890376 9.331389 83.860071 2.061702
56 -4.373315 0.738361 -36.128980 12.096487 277.908747 0.591551 -15.604113 0.763488 227.108953 3.327637
56 -3.601314 0.440824 -5.721579 0.311565 218.669054 0.515555 27.841800 5.071532 68.488018 1.783637
56 -4.060303 0.635839 16.208082 10.730072 346.714602 0.370815 -8.413435 0.449026 210.390926 2.701614
56 -3.353108 0.679099 0.110353 0.162850 206.441886 0.698937 40.147074 12.380832 195.231962 1.287223
57 -5.224426 0.617575 49.924406 5.676065 167.127002 0.741191 -10.865590 0.158867 230.177501 5.029859
57 -4.028327 0.632337 -37.719279 7.842814 404.569583 0.730677 4.141962 0.287544 155.864333 2.637661
57 -6.371167 0.510866 6.349991 1.596556 269.069824 0.334659 -14.136515 7.701854 244.704420 7.323342
57 -7.255296 0.390757 -69.617078 11.180866 220.700146 0.765761 -22.662885 1.622433 306.230186 9.091600
57 -3.965779 0.353609 -11.731235 0.864452 236.501735 0.780892 -3.481506 9.287243 271.244247 2.512566
57 -3.657911 0.783321 4.693247 0.092854 222.453293 0.167995 -80.300093 9.125975 78.155624 1.896830
57 -5.747778 0.675437 15.875202 9.997433 269.001810 0.092737 -9.381008 0.809218 249.862349 6.076563
57 -4.290851 0.422964 1.092946 0.564081 251.647872 0.488679 37.335602 5.192136 36.442696 3.162710
57 -4.106041 0.562961 16.184963 10.543981 358.058528 0.362123 -15.126296 0.891608 230.441110 2.793090
57 -3.370275 0.607647 -0.156244 0.402788 215.099449 0.001782 60.149026 12.285442 268.208612 1.321557
58 -4.877787 0.751509 72.359031 3.704752 168.302706 0.697627 -16.045332 0.703763 249.219172 4.336581
58 -4.956922 0.769583 -15.179365 8.064430 424.742090 0.041766 -34.204420 0.279882 152.624364 4.494852
58 -4.927077 0.686951 -9.998070 0.929404 236.830355 0.463153 54.069224 13.389378 322.982150 4.435162
58 -5.319514 0.430612 -89.513262 10.930593 255.570275 0.687433 -19.463179 1.973135 293.162394 5.220036
58 -3.933456 0.348954 -13.032485 0.760300 232.869246 0.002828 -3.012542 9.312063 272.472550 2.447920
58 -5.676218 0.751445 2.498128 0.056723 239.517344 0.171064 -82.588557 9.850838 94.260315 5.933444
58 -3.277232 0.659116 8.004510 11.223870 310.347764 0.008580 -12.012615 1.038812 250.302247 1.135471
58 -5.771342 0.453624 -24.576109 1.159070 212.897256 0.115404 -61.557717 10.542169 472.434862 6.123691
58 -4.779876 0.582961 33.293145 10.053231 377.567304 0.404137 -36.349340 0.461926 203.020382 4.140759
58 -4.030184 0.680990 3.461877 0.070821 208.539629 0.723499 50.735211 11.411542 260.883651 2.641377
59 -4.428929 0.030588 71.326459 2.131252 122.118377 0.694513 -2.245151 0.376509 233.604471 3.438866
59 -5.628148 0.764369 -14.166031 8.330797 445.084235 0.029832 -33.683485 0.192621 150.739818 5.837303
59 -4.177617 0.725988 -16.273198 0.176087 199.014509 0.431994 54.354121 14.320991 332.617104 2.936242
59 -7.193482 0.389912 -68.176501 10.637460 301.912141 0.573116 -25.161344 1.022032 256.009489 8.967971
59 -4.305334 0.339182 -16.366256 0.605406 217.116318 0.782388 -11.583746 9.357436 290.116848 3.191676
59 -4.685703 0.733399 0.226304 0.257373 243.805421 0.189091 -84.040979 9.925290 96.506173 3.952414
59 -3.202102 0.670969 9.911254 11.384711 319.914958 0.025041 -9.915484 1.000632 246.458511 0.985212
59 -5.150877 0.453137 -21.859874 1.381659 237.809491 0.109398 -27.827274 8.794319 380.362379 4.882761
59 -5.015676 0.592027 32.621133 10.011370 377.799832 0.374578 -37.542894 0.563584 206.728831 4.612360
59 -4.549883 0.662893 -10.388240 0.495224 234.399403 0.795873 27.221580 10.036479 267.143037 3.680774
60 -6.052348 0.128513 88.778820 2.930542 56.283319 0.664642 -5.486341 1.215943 277.884705 6.685703
60 -5.032689 0.721586 0.063235 7.690362 437.507438 0.057015 -34.041483 0.087199 145.784675 4.646386
60 -3.965502 0.566021 -21.422293 0.052203 177.471967 0.640084 17.332774 14.551583 420.292628 2.512012
60 -6.514495 0.398937 -34.381937 12.133225 307.675380 0.728441 -22.849726 0.797612 247.752863 7.609997
60 -4.387259 0.419532 -2.840204 0.471340 221.299446 0.570841 -9.732579 9.288681 288.708412 3.355525
60 -4.884146 0.730106 -13.869731 0.741926 270.175408 0.238271 73.787408 10.522140 55.131365 4.349299
60 -3.207771 0.672950 9.810393 11.240575 320.451459 0.012676 -14.168587 0.883765 239.222354 0.996550
60 -6.503279 0.525763 -26.775094 2.379321 286.589384 0.051672 -25.577422 6.354098 320.375125 7.587566
60 -4.972389 0.414283 52.305438 9.707284 252.624610 0.581188 -3.411264 0.812939 259.284873 4.525786
60 -4.489696 0.658483 -0.571190 0.508266 244.431110 0.717980 37.698086 8.491995 180.770999 3.560401
61 -5.920932 0.117105 80.011521 3.455179 114.834329 0.755092 -22.742784 3.108389 351.167800 6.422871
61 -5.379026 0.708803 2.573565 9.412507 453.632726 0.325239 -51.180368 0.367858 173.241715 5.339059
61 -4.073965 0.546867 -21.747617 0.082235 179.980278 0.706882 12.091439 14.267039 437.653517 2.728937
61 -6.665505 0.393299 -41.009074 0.498302 31.089539 0.747958 6.391634 0.313172 226.933703 7.912018
61 -3.227734 0.372977 14.670303 0.390026 199.285647 0.639637 -27.329437 9.190545 313.970010 1.036477
61 -3.996405 0.738526 -6.361424 0.504746 249.143143 0.282673 75.850177 12.051659 56.216879 2.573817
61 -4.714635 0.730594 18.105779 10.730627 283.110834 0.788492 -24.379550 0.814244 233.058512 4.010278
61 -6.230571 0.474045 -28.884330 2.125751 288.900821 0.096715 -20.191761 6.858602 283.907053 7.042150
61 -5.086985 0.462308 57.781721 10.327614 358.464496 0.434233 -14.026452 1.041219 253.890902 4.754978
61 -4.196318 0.655458 -0.380729 0.017482 213.863006 0.692974 57.362974 9.192721 163.350974 2.973643
62 -8.998922 0.056437 -43.016468 5.523452 68.118729 0.794072 -22.523964 2.135304 353.339475 12.578851
62 -3.784249 0.734505 10.703223 10.272065 418.429969 0.227122 -50.175367 0.466007 184.024130 2.149505
62 -4.765601 0.514091 -25.526634 0.860905 204.586872 0.526119 6.650164 14.787790 474.018618 4.112209
62 -4.587582 0.433748 -26.870714 0.661672 61.961627 0.786173 16.640492 0.056915 215.355698 3.756171
62 -5.571309 0.486869 14.737102 1.551891 244.640614 0.748843 -28.710821 8.328122 364.923417 5.723626
62 -3.245377 0.573269 9.929124 0.219469 213.838670 0.360436 -80.883625 13.858799 123.477700 1.071762
62 -6.344437 0.752860 17.085194 9.210927 313.911588 0.606582 -35.869519 0.450386 214.968965 7.269881
62 -4.706556 0.737478 -11.911216 1.109846 271.400404 0.626447 84.038644 13.249832 337.025979 3.994120
62 -3.512275 0.479750 62.510762 10.536629 358.136168 0.436675 -14.561200 0.984233 239.119593 1.605558
62 -3.812362 0.270698 -80.220505 13.237123 365.319487 0.693803 -7.850232 0.398774 211.541070 2.205731
63 -6.197411 0.792586 -53.594310 5.030617 73.543423 0.784417 -14.774919 3.122968 369.244415 6.975830
63 -5.174140 0.757796 2.417603 10.273234 416.491898 0.175755 -41.396310 0.638211 204.493993 4.929287
63 -4.708829 0.533390 -25.112404 0.875782 207.283882 0.491479 -2.190470 14.687766 461.635979 3.998665
63 -5.096920 0.420670 -25.293314 0.966734 94.611351 0.793835 -1.344120 0.627548 227.636339 4.774847
63 -5.925100 0.277185 26.451329 3.760331 250.489113 0.680974 -13.672420 7.150570 438.995789 6.431208
63 -3.325122 0.548263 1.097349 0.421019 223.213810 0.319834 -83.709748 14.113669 138.429593 1.231251
63 -7.143712 0.779206 14.512172 9.033167 312.687833 0.599315 -29.957123 0.767302 207.392146 8.868431
63 -5.451211 0.678987 -8.740027 0.629298 253.653889 0.575699 80.767885 12.675020 309.478324 5.483429
63 -3.267449 0.141123 -81.993546 7.058750 450.985634 0.628580 1.669180 0.638946 170.212639 1.115906
63 -4.271771 0.270373 -89.827248 10.703493 225.088771 0.783315 -15.192459 0.748719 240.350980 3.124550
64 -5.711441 0.255764 -35.996576 1.550548 83.395506 0.640659 -21.445779 1.573313 292.206415 6.003890
64 -4.287401 0.775771 3.324325 10.051851 414.049147 0.177289 -41.081440 0.566552 192.506569 3.155809
64 -5.721664 0.555711 -26.951227 0.356791 202.643530 0.447617 9.458562 14.673713 455.504839 6.024336
64 -4.676325 0.448264 -18.448892 1.300183 112.599227 0.755450 -2.269932 0.332385 209.320391 3.933658
64 -5.667106 0.282997 26.499847 3.970835 258.289412 0.681577 -14.046996 7.198249 436.992447 5.915220
64 -4.702376 0.622577 -17.151829 1.285610 270.833161 0.331598 -79.601417 13.838501 107.357538 3.985760
64 -4.641204 0.789759 3.572654 8.907766 290.386122 0.593751 -27.282669 0.497145 207.862578 3.863415
64 -5.032242 0.663269 -3.047264 0.093123 170.899431 0.660383 -59.285814 11.128460 434.647694 4.645492
64 -3.610858 0.140367 -89.759001 7.257025 453.945335 0.643532 5.176009 0.183495 152.939067 1.802723
64 -4.848034 0.292159 -66.930026 10.839171 274.077868 0.749071 -8.634143 1.175315 253.735297 4.277075
65 -4.130098 0.250419 -32.922339 12.261014 100.166625 0.698425 -4.300807 0.436988 245.548849 2.841203
65 -4.185786 0.794499 -0.836791 9.416302 433.691456 0.089720 -43.013345 0.425184 166.688846 2.952579
65 -4.626623 0.337386 -21.173469 3.026702 320.213738 0.323503 61.707347 11.082998 473.959194 3.834254
65 -4.772353 0.393009 -41.415936 0.651302 75.693541 0.758905 -12.816280 1.015438 267.320161 4.125713
65 -6.181284 0.252478 24.297933 4.068165 258.724459 0.678289 -11.608005 6.815628 430.059703 6.943575
65 -5.074500 0.159814 64.208759 8.212472 37.893599 0.410388 -7.911871 1.657365 315.268910 4.730008
65 -4.384298 0.726358 -13.790358 11.922716 453.001022 0.621168 -13.448795 0.260515 160.371372 3.349604
65 -4.863733 0.625383 -4.262342 0.562679 210.021753 0.583129 -66.176579 11.704176 419.131425 4.308473
65 -3.543417 0.129099 -69.868877 7.148142 395.142250 0.579226 15.192923 0.437992 177.081828 1.667842
65 -6.416191 0.143106 -62.244291 5.122620 34.584215 0.687252 -25.815953 1.004712 277.935184 7.413389
66 -4.767876 0.223200 -62.331520 10.547902 104.600576 0.729711 -7.484803 0.950110 250.003448 4.116759
66 -3.886475 0.737551 -2.916327 8.798076 419.282172 0.076348 -36.488634 0.205394 153.651984 2.353957
66 -5.690076 0.368695 -21.113579 2.902322 322.212832 0.339507 58.966883 11.890888 477.043486 5.961160
66 -5.393987 0.226078 -28.032273 1.832490 10.065391 0.775053 -23.071450 1.405946 284.313628 5.368982
66 -5.548206 0.189671 81.237564 7.400174 204.172773 0.634246 -11.709970 5.541774 449.362460 5.677419
66 -4.389734 0.229804 73.394580 8.145349 97.493016 0.375955 -7.233257 1.390516 297.598194 3.360475
66 -5.140255 0.606201 -10.416085 10.222000 438.150113 0.546687 4.798570 0.480447 166.330417 4.861517
66 -5.510242 0.673895 -10.582952 0.831012 238.534452 0.517075 -71.237959 11.155702 385.552299 5.601491
66 -3.264972 0.765419 -87.354465 6.385042 299.906853 0.643440 0.296536 1.022616 240.515008 1.110951
66 -3.549838 0.590499 -5.811870 0.164609 195.199460 0.704291 41.146773 14.359976 381.048982 1.680684
67 -4.349259 0.190285 -43.853017 10.865920 61.493097 0.705198 -12.011932 0.741625 261.254730 3.279526
67 -4.813155 0.755979 17.905061 9.333720 339.541719 0.132374 -44.899586 0.304894 199.890298 4.207318
67 -4.264304 0.308940 -9.079131 1.659478 313.300931 0.262201 78.231999 12.222842 27.670634 3.109616
67 -4.798068 0.241877 42.989077 3.042126 86.653314 0.725619 -12.622364 1.034205 261.168724 4.177144
67 -6.748505 0.334936 67.145508 7.208619 376.426924 0.594592 -21.477429 5.807617 410.706258 8.078017
67 -3.463570 0.342014 67.540846 7.755326 177.437337 0.285182 -8.213846 1.270624 277.361117 1.508147
67 -4.227323 0.558533 -26.810888 10.739578 461.612639 0.491591 -3.921209 0.298931 157.503234 3.035653
67 -5.514284 0.068486 0.609646 2.958697 126.320064 0.451476 -7.186503 3.524565 382.687515 5.609576
67 -5.416501 0.085851 -79.393909 7.835773 323.882727 0.566916 -9.488886 0.408462 215.238766 5.414010
67 -3.447134 0.580140 -8.168839 0.060726 186.153128 0.680032 39.425219 14.765469 385.757827 1.475276
68 -5.358459 0.168641 -41.358638 5.852326 33.067382 0.754133 1.682023 0.391468 261.197983 5.297925
68 -3.732807 0.748259 18.979282 9.197827 333.092955 0.124871 -46.037284 0.413198 203.552079 2.046622
68 -5.876732 0.299046 -11.467705 2.320031 361.758651 0.580709 74.682766 9.296672 80.633065 6.334471
68 -4.829191 0.180387 17.609229 0.310992 124.648343 0.751242 -11.327643 1.428500 228.290327 4.239389
68 -9.508336 0.468160 37.802307 4.043504 268.942144 0.342423 -25.472302 5.538894 433.604654 13.597679
68 -3.797218 0.398293 77.943870 7.779320 194.498326 0.233055 -10.721941 1.182013 272.158299 2.175443
68 -4.400383 0.615533 -10.699625 11.236475 492.633861 0.595699 5.577500 0.061879 156.587163 3.381774
68 -5.335397 0.064545 1.433625 2.353953 131.387385 0.435671 -10.086315 3.592182 378.883854 5.251802
68 -4.466619 0.104079 -77.588338 7.890331 335.363668 0.548427 -9.955074 0.535461 212.629631 3.514246
68 -3.511367 0.599582 -7.764728 0.062222 191.095523 0.684967 47.151690 14.734181 378.220694 1.603741
69 -3.731931 0.154497 -38.816742 4.676750 61.034396 0.778931 16.247038 0.055842 204.245627 2.044869
69 -3.650056 0.786535 22.265400 8.729065 324.333252 0.181864 -46.220430 1.102638 246.118606 1.881120
69 -4.180628 0.249586 -11.511738 1.628028 316.628581 0.575371 72.212508 9.427512 96.585225 2.942263
69 -4.370082 0.153611 9.441044 0.362009 127.526887 0.686533 -4.070927 0.977719 241.509225 3.321171
69 -7.522523 0.496671 44.739070 4.764292 282.731637 0.324334 -26.522681 4.958996 418.037656 9.626054
69 -3.996304 0.359330 72.118787 7.393393 199.586138 0.249641 -14.551562 1.344077 281.242241 2.573616
69 -7.166011 0.576467 -17.904439 9.774127 476.837729 0.586134 26.474318 0.690941 166.844551 8.913030
69 -5.068908 0.120233 -14.517582 4.240862 32.029606 0.347940 -11.546279 2.447681 355.890973 4.718824
69 -5.012528 0.186117 -69.001950 8.242900 353.052444 0.431132 -17.256830 1.475080 250.412237 4.606063
69 -4.020831 0.619827 -16.012368 0.144442 202.983098 0.698360 53.985604 14.605075 323.792630 2.622670
70 -3.419118 0.187324 -38.979641 5.140018 69.470808 0.751377 13.793020 0.011750 203.170544 1.419244
70 -5.209172 0.783508 19.628827 9.165291 348.785943 0.173605 -48.425702 0.910819 236.755541 4.999351
70 -3.388223 0.252383 -1.694433 1.248321 284.900334 0.521912 73.121351 9.487975 105.098792 1.357453
70 -4.636585 0.239608 -3.022992 0.566521 148.885764 0.744441 9.832626 0.429690 205.218324 3.854177
70 -5.245225 0.494427 44.393600 4.745640 277.452568 0.329537 -36.079997 5.157236 428.707292 5.071459
70 -4.847884 0.375679 67.865201 8.025824 228.837884 0.245370 -7.890313 1.488553 296.330366 4.276775
70 -6.775121 0.650248 -14.843386 4.498446 379.164612 0.547805 39.803588 2.642864 203.868579 8.131250
70 -3.339887 0.337236 0.989188 9.518542 77.518122 0.347298 -2.837700 0.798773 255.370481 1.260782
70 -4.934532 0.151414 -66.411553 7.991391 326.790499 0.441339 -13.221367 1.770660 276.510547 4.450071
70 -3.769994 0.655181 -8.768799 0.519845 226.618287 0.697067 49.658558 14.209827 336.283183 2.120995
71 -3.489117 0.174467 -39.330901 5.188438 68.296927 0.754158 16.029238 0.005669 203.476847 1.559242
71 -5.546282 0.788356 -3.168920 10.169671 444.666748 0.184019 -41.790390 1.280401 210.237429 5.673571
71 -6.223712 0.379185 -11.171228 2.710533 367.224635 0.540954 66.237696 9.625227 192.164984 7.028431
71 -4.216143 0.254272 -9.105254 0.115280 160.162872 0.773405 16.401160 0.706408 182.107168 3.013294
71 -6.570129 0.407481 2.862343 2.975450 199.637954 0.608839 -34.646776 4.886701 389.006449 7.721265
71 -3.338160 0.429412 75.273075 7.570722 249.276481 0.240198 -8.277031 1.667621 294.909568 1.257327
71 -4.944747 0.599520 -14.903102 7.146693 464.426930 0.417463 18.125070 0.152336 110.640446 4.470502
71 -3.407428 0.205961 -24.549544 6.236913 250.300434 0.378786 2.190282 0.746519 222.141491 1.395864
71 -3.272980 0.288770 -2.481107 5.081878 127.427399 0.576634 8.730603 0.181078 207.637576 1.126967
71 -3.477249 0.649290 -7.589854 0.314849 206.662201 0.701370 51.212070 14.100098 347.971906 1.535505
72 -3.613148 0.030493 -4.568687 7.940844 34.164765 0.533162 -3.754931 0.106240 209.679954 1.807304
72 -6.440787 0.786183 -26.795329 9.428691 454.693297 0.248078 -28.933093 0.426497 156.265312 7.462581
72 -5.281166 0.361705 -21.477181 2.550339 347.075593 0.604881 69.545435 9.524597 211.382357 5.143339
72 -6.208667 0.387841 -2.806450 4.709082 456.355068 0.243421 -67.627511 7.954332 133.695906 6.998342
72 -5.828512 0.445778 7.419765 2.242043 234.368056 0.631054 -17.614597 6.981852 392.718056 6.238031
72 -3.683142 0.456225 83.299190 7.557655 234.019123 0.252600 -8.999375 1.661741 298.102337 1.947292
72 -4.366304 0.583658 -5.355359 7.336202 446.465936 0.425005 23.440748 0.139168 133.695863 3.313616
72 -3.698251 0.173177 -36.875927 5.651529 236.100247 0.391142 -0.144629 0.367460 207.941551 1.977509
72 -4.260879 0.347312 3.524165 6.676988 210.463248 0.549727 -11.262360 0.926651 251.544138 3.102765
72 -3.488279 0.642132 -9.984597 0.294562 205.962962 0.706674 51.813613 13.999935 343.992955 1.557565
73 -4.313951 0.047924 -19.656403 7.734966 24.412368 0.528576 -20.286010 0.539714 236.103564 3.208909
73 -7.639396 0.767492 -27.671941 9.887168 471.712533 0.205082 -36.073453 0.039664 142.935178 9.859800
73 -3.660606 0.632881 1.990424 0.506115 238.128074 0.759172 76.390648 13.511709 116.244780 1.902220
73 -6.983936 0.319634 -27.532006 4.981781 484.006599 0.216329 -46.073395 10.445337 42.805258 8.548880
73 -6.780261 0.359048 -5.937689 3.296514 131.055819 0.773199 2.417932 4.331246 393.106307 8.141529
73 -3.634264 0.483422 77.899087 7.512268 279.293178 0.240418 -8.380502 1.525776 280.677446 1.849536
73 -4.062150 0.547723 -2.910275 7.547212 440.005586 0.418733 21.028443 0.045423 125.612532 2.705308
73 -4.345713 0.228775 -7.518393 5.900795 257.580780 0.297806 4.376240 0.586597 223.080686 3.272433
73 -4.435329 0.307147 1.949338 6.963976 216.853587 0.509997 -18.487911 1.029252 242.657058 3.451666
73 -3.520125 0.607685 -9.068031 0.582857 227.685753 0.727890 59.418710 14.158320 338.029277 1.621257
74 -4.326178 0.033482 -13.346902 8.504825 23.594406 0.510315 -18.335572 0.398421 226.271659 3.233363
74 -6.466849 0.761959 -23.081899 9.599380 480.312058 0.184382 -31.785126 0.494772 150.577164 7.514705
74 -4.553506 0.587075 -15.314276 0.443342 237.830267 0.036176 -89.739969 13.629815 53.290547 3.688020
74 -6.045343 0.227818 -25.573781 2.857135 388.496121 0.133330 -38.435742 9.320056 22.271264 6.671694
74 -6.824041 0.353247 -1.059144 2.729592 230.887676 0.743543 3.560703 3.848844 313.122747 8.229089
74 -4.631380 0.396657 72.913304 7.359653 188.468182 0.278629 -20.217106 1.716666 302.699834 3.843767
74 -5.237151 0.531376 -0.226318 7.329323 424.014211 0.316603 24.302103 0.463678 163.868520 5.055310
74 -3.633164 0.183105 -5.901800 6.233983 267.759269 0.338777 6.099054 0.597003 218.387475 1.847336
74 -4.866352 0.366191 -0.086522 6.511705 207.124712 0.582658 -20.463490 1.239366 256.797676 4.313712
74 -3.931832 0.641427 -0.677121 0.295697 219.307829 0.772947 66.541545 14.636427 328.241223 2.444672
75 -3.588407 0.107773 -7.631147 9.369705 62.636035 0.582005 -4.299116 0.077456 207.273751 1.757821
75 -6.249513 0.773275 -18.069251 9.837329 489.931138 0.130711 -42.917833 0.161378 141.790786 7.080033
75 -5.098111 0.534669 -3.753054 0.746440 248.302565 0.096613 -70.730100 13.774028 24.373282 4.777230
75 -9.131522 0.168617 -35.568443 3.655757 422.653355 0.197347 -80.429079 5.631798 138.026866 12.844051
75 -6.518047 0.443133 -26.225363 1.935581 130.019908 0.774638 6.304345 4.170292 369.923686 7.617101
75 -4.530434 0.478621 -76.795168 3.262169 69.634332 0.318936 -0.972431 1.190069 291.201648 3.641875
75 -3.989244 0.498019 -5.168717 8.297551 442.163122 0.314466 16.313755 0.089906 151.203909 2.559495
75 -3.762059 0.169528 -6.452038 5.379326 210.430756 0.417711 -6.646933 0.830597 241.019886 2.105126
75 -4.300047 0.511667 -7.316801 7.287128 244.063339 0.559229 -12.746074 0.887474 237.854486 3.181101
75 -3.516000 0.650191 -4.901468 0.473027 220.109589 0.756334 62.688212 14.655534 338.023330 1.613007
76 -5.648319 0.223860 -30.534976 9.005190 395.109255 0.636781 -11.449856 0.999463 233.699986 5.877646
76 -5.592456 0.762837 -19.229206 10.086385 482.023567 0.139618 -48.568296 0.238176 142.788078 5.765919
76 -4.628363 0.627572 -17.331383 0.938625 263.542047 0.183645 -60.057048 12.859370 18.006937 3.837734
76 -5.527162 0.178549 -13.826753 3.150633 380.028413 0.208592 -62.880033 5.025048 198.793542 5.635332
76 -8.495973 0.439958 -32.690682 14.407229 338.355032 0.720046 -24.489316 4.967338 411.280219 11.572954
76 -5.633444 0.696140 -68.166488 6.388592 70.723511 0.531701 -3.761046 3.222069 378.017371 5.847896
76 -4.391550 0.444266 -12.734565 8.689226 470.708200 0.374657 17.582624 0.450950 163.737086 3.364108
76 -4.078327 0.201587 -8.660137 5.296142 182.620198 0.397653 -14.634963 1.125514 260.060445 2.737661
76 -5.243990 0.493040 -45.204865 7.111758 315.565561 0.584178 6.596364 1.170946 245.936206 5.068988
76 -4.273741 0.605083 -16.796087 1.232903 273.472394 0.781564 61.167410 14.076497 315.650123 3.128490
77 -5.972165 0.158575 -12.139211 10.604320 486.850564 0.670533 -9.188808 1.570310 229.623117 6.525337
77 -5.307241 0.788227 -15.065334 9.874650 459.672410 0.195921 -34.771559 0.481766 160.781429 5.195489
77 -3.816186 0.587999 6.185361 0.464185 240.443429 0.744842 47.467054 12.795151 19.782894 2.213380
77 -6.522081 0.295166 36.829639 2.455797 89.759795 0.266944 73.521356 1.249648 302.868545 7.625169
77 -8.265622 0.094213 65.562298 14.626762 219.740812 0.581597 83.451220 1.017752 330.444361 11.112251
77 -5.417810 0.621723 -59.563963 6.581105 53.354073 0.470598 -7.135778 3.136385 379.946335 5.416627
77 -4.844126 0.459232 -3.604748 7.225063 395.160092 0.299099 28.154122 0.358793 177.074205 4.269260
77 -5.145111 0.699515 -25.128542 13.114489 239.997133 0.521284 -11.261658 1.849436 288.800631 4.871230
77 -5.389020 0.639384 -51.704283 8.213416 235.216808 0.695254 -20.708477 0.669401 235.566819 5.359049
77 -4.985392 0.586908 -14.754345 1.630891 282.054224 0.000668 61.443300 14.084748 317.070147 4.551791
78 -4.607434 0.213104 -5.292212 11.829851 84.171299 0.614010 -10.901985 1.085630 260.320224 3.795875
78 -6.123020 0.470650 88.337653 6.442258 357.446874 0.673667 -15.605581 1.970649 271.574535 6.827047
78 -4.284716 0.590895 -10.934327 0.568428 193.814299 0.033449 35.485640 14.599966 475.225532 3.150440
78 -5.911783 0.286891 36.371689 2.808015 110.522725 0.372275 71.433111 1.017525 288.939384 6.404573
78 -8.715659 0.085510 60.729082 14.128205 179.211523 0.646924 88.127389 1.092358 337.284004 12.012326
78 -5.847807 0.628837 -66.751627 5.134379 36.475400 0.352962 -4.152365 2.218240 347.882715 6.276622
78 -3.761959 0.511236 9.501174 7.431494 371.856747 0.328165 26.573191 0.061193 159.237274 2.104926
78 -4.501215 0.771151 -29.872351 13.252258 177.400272 0.457713 -10.357383 1.310979 283.875888 3.583438
78 -5.365838 0.579401 -42.357288 7.725722 223.496094 0.676596 -24.817747 0.009322 195.760712 5.312684
78 -6.456421 0.765712 -27.377584 2.377601 332.814658 0.113527 -74.081941 13.128065 11.000188 7.493849
79 -5.170234 0.184403 3.585666 1.159360 15.437239 0.684893 -1.652752 0.502758 262.805867 4.921475
79 -4.107409 0.254158 25.254443 6.007000 24.042593 0.236155 -7.015965 1.571585 316.208576 2.795825
79 -3.355368 0.605584 -2.520156 0.254595 177.932811 0.021216 46.194026 13.698553 495.157252 1.291743
79 -6.266556 0.303615 38.795379 4.188031 117.982844 0.292000 68.920118 1.137313 296.035916 7.114120
79 -5.038199 0.755301 14.646019 9.981584 201.996483 0.264367 -12.329385 0.223297 216.365136 4.657406
79 -5.367473 0.665845 81.709133 4.676482 43.745916 0.396579 -7.979870 2.189572 342.236608 5.315955
79 -4.709001 0.499416 9.856883 7.256527 368.379316 0.257331 27.306625 0.193299 169.930062 3.999010
79 -5.149792 0.726894 -47.354323 14.618831 210.841064 0.494123 -20.923410 1.434987 278.508888 4.880592
79 -4.390622 0.494470 -29.783163 11.369569 269.681496 0.799013 -8.512137 0.201268 218.695480 3.362252
79 -6.673993 0.592740 81.883674 0.961837 303.758677 0.529030 70.302961 5.926739 112.030649 7.928994
80 -4.914340 0.217698 15.189769 1.693012 36.883965 0.738907 -7.002755 0.697847 249.922700 4.409687
80 -4.155309 0.296866 24.183040 7.077026 51.435449 0.244576 -11.956854 1.783166 318.344417 2.891626
80 -3.334619 0.597672 -0.092034 0.114056 172.324894 0.024343 44.653800 13.935813 491.566889 1.250246
80 -6.267272 0.383301 41.656791 1.316114 107.439188 0.178766 77.344120 1.969257 335.921710 7.115551
80 -5.218366 0.690219 -3.602158 7.137202 143.313071 0.361393 -22.416398 1.731364 307.978923 5.017739
80 -6.855955 0.008971 77.943357 4.861576 91.251459 0.470355 -2.632626 2.026993 334.129773 8.292918
80 -3.889010 0.530164 14.167344 6.991538 347.635129 0.192063 25.633718 0.311298 176.499051 2.359028
80 -4.583796 0.019539 -56.522731 14.476572 280.579340 0.594704 -15.382299 1.047491 262.292390 3.748599
80 -5.990108 0.505369 -25.640368 3.286946 180.281950 0.094727 -0.923300 4.167901 421.935497 6.561224
80 -6.660674 0.584970 77.044548 0.963380 317.661586 0.509307 71.724003 6.780218 105.378594 7.902355
81 -4.261014 0.236873 7.827277 3.453494 73.332491 0.753179 -19.232073 0.663561 236.740417 3.103036
81 -5.443625 0.189427 29.340830 6.178888 50.283085 0.252218 -18.119645 1.883228 336.867475 5.468258
81 -3.450337 0.588672 -1.925599 0.483652 198.475868 0.007801 51.397284 14.523891 475.856432 1.481682
81 -7.628401 0.343378 47.706504 2.258781 88.930625 0.210009 72.402498 1.355620 311.278693 9.837809
81 -4.992479 0.691626 -0.652454 6.128582 151.578651 0.340372 -17.395471 2.263300 326.754521 4.565966
81 -6.522474 0.037586 79.232556 0.077060 66.103880 0.217936 9.523558 3.937928 433.675466 7.625955
81 -3.592977 0.561393 10.605999 6.704038 349.285486 0.268666 8.324577 0.240915 167.942754 1.766961
81 -7.096163 0.014065 -63.013984 14.534911 263.111380 0.555128 -20.669994 1.349744 298.194205 8.773334
81 -5.283510 0.489406 -26.762753 3.540994 174.450505 0.096885 -7.563153 4.243066 425.882710 5.148027
81 -6.425225 0.770406 -2.947067 0.720485 259.604044 0.339093 51.683025 1.866773 51.726606 7.431457
82 -4.165674 0.783980 -42.586366 0.011010 133.671702 0.678477 13.708945 2.447932 291.201173 2.912355
82 -6.460046 0.111607 85.857789 2.999221 159.177954 0.345886 -6.880343 4.313679 422.063058 7.501099
82 -5.414525 0.709532 -25.277375 0.566110 217.656156 0.090419 49.957701 14.325901 445.071920 5.410057
82 -7.300240 0.312496 45.618287 2.732484 97.688337 0.204328 72.194813 1.484347 319.559928 9.181487
82 -5.959164 0.593012 26.899622 3.680995 75.974883 0.301914 -3.802385 4.035767 430.940038 6.499336
82 -3.571606 0.043094 75.241579 0.006968 111.473344 0.177036 8.348666 4.887876 424.590068 1.724219
82 -4.559974 0.545483 3.834488 6.258788 354.334799 0.300855 -2.111794 0.364117 181.092209 3.700956
82 -5.423324 0.123800 -70.028811 14.111516 360.087193 0.435817 -15.520187 1.814543 297.102075 5.427656
82 -7.595111 0.739463 54.384857 9.249890 133.776284 0.506339 -30.962384 0.665017 259.702545 9.771230
82 -5.178583 0.799855 -4.355674 0.411010 212.023148 0.339750 54.436283 2.794422 172.345220 4.938173
83 -5.790766 0.699557 -85.774403 0.290312 125.092706 0.738743 -10.458944 3.215716 343.572436 6.162540
83 -12.818912 0.161551 -70.605652 2.707082 99.146954 0.353196 -4.384468 4.235758 454.302888 20.218832
83 -4.503379 0.749819 -23.129822 0.315460 192.575605 0.190504 52.848459 12.613054 472.820177 3.587766
83 -5.798691 0.407733 50.758224 1.342047 89.835839 0.262270 76.561653 1.478538 310.654065 6.178390
83 -5.415583 0.590296 34.362218 4.051389 77.272782 0.341487 -11.899810 3.933517 425.914210 5.412174
83 -4.397253 0.071628 69.492681 0.530049 145.869480 0.223892 1.899569 4.775218 404.190651 3.375513
83 -4.582567 0.616629 3.018581 5.981436 386.371325 0.297374 3.033973 0.298201 150.344857 3.746142
83 -4.356600 0.187843 -63.898903 13.048985 416.293682 0.359517 -13.571082 1.000858 229.131499 3.294208
83 -7.653715 0.438275 -32.157739 3.619915 405.386260 0.294136 -20.863970 11.144547 124.597265 9.888438
83 -6.121637 0.794415 -1.915503 0.646166 213.954463 0.330571 54.032149 2.796473 173.541400 6.824281
84 -5.754032 0.747229 -68.378588 12.696195 47.091785 0.770048 -3.788062 3.493290 376.262587 6.089071
84 -7.636231 0.345934 -42.306559 12.557035 175.234511 0.492191 73.668308 0.692469 285.549626 9.853470
84 -5.482223 0.725774 -23.130300 0.164387 185.583571 0.201259 58.448085 12.248169 495.834280 5.545454
84 -6.716944 0.440523 54.653769 0.711720 76.705340 0.231814 68.717928 1.446742 314.195833 8.014895
84 -4.635545 0.260346 19.477443 8.216614 361.901009 0.767286 -9.429067 0.376221 187.167763 3.852097
84 -4.217215 0.102117 69.005416 0.195950 135.302746 0.198381 -3.194306 5.427387 418.931914 3.015438
84 -4.130994 0.588159 14.335280 8.355058 297.238476 0.489900 -12.582854 0.776628 226.976412 2.842995
84 -4.832401 0.182920 -60.530316 12.717646 415.892488 0.353192 -15.300708 0.943988 227.649347 4.245811
84 -5.632318 0.425509 -20.364013 3.083232 375.817515 0.291898 -20.807797 10.636001 135.585821 5.845644
84 -3.531579 0.798837 1.660620 0.029124 198.838467 0.333189 51.390480 3.477358 183.096257 1.644165
85 -6.619194 0.760054 -60.227960 11.516550 19.699023 0.793564 4.076747 3.352300 368.365888 7.819397
85 -8.384054 0.342737 -43.916584 12.563999 186.878618 0.486021 72.323004 0.757935 277.935878 11.349116
85 -4.393795 0.729580 -24.894964 0.370762 185.057048 0.208012 58.006594 12.229426 496.256369 3.368597
85 -5.142017 0.411166 52.474064 0.860175 94.904604 0.252013 64.769888 1.607091 314.553276 4.865042
85 -4.556142 0.264013 15.048529 8.588007 344.095261 0.798860 1.331941 0.066651 201.172205 3.693291
85 -5.255904 0.062216 63.443977 1.027481 136.134778 0.230924 -4.970718 4.899497 428.429285 5.092815
85 -4.843801 0.568830 -48.092851 8.723131 230.153147 0.548279 -9.794521 1.648398 283.401729 4.268610
85 -4.977602 0.179320 -60.544244 12.253563 399.278574 0.319272 -12.955585 0.921445 233.030614 4.536212
85 -5.122969 0.393396 -12.747207 2.676191 361.710396 0.260856 -27.211893 10.101676 78.608789 4.826945
85 -3.673110 0.795339 1.806751 0.109106 204.006142 0.331594 49.294465 3.383810 181.957386 1.927228
86 -7.452764 0.762915 -61.950531 12.428087 35.089629 0.792745 9.119524 3.381014 368.931743 9.486535
86 -6.016682 0.421422 -39.720787 10.360022 205.386558 0.540260 73.364832 0.645196 254.920469 6.614372
86 -4.263041 0.759321 -24.357002 0.470969 188.996299 0.192755 42.022280 12.733702 493.851777 3.107089
86 -5.952174 0.432798 46.596400 1.946088 102.562409 0.299482 73.126375 1.310476 305.830941 6.485355
86 -6.352696 0.622794 -9.994757 2.265519 341.135238 0.242261 5.957745 7.548793 95.012255 7.286400
86 -3.936102 0.075375 67.272982 0.826848 147.336145 0.201049 -11.797522 5.478515 437.960140 2.453212
86 -3.551286 0.499241 -44.825301 7.264843 189.980417 0.467055 -0.389540 0.606320 234.594069 1.683580
86 -8.587251 0.247187 -44.775103 7.549778 318.011830 0.135407 17.644163 3.315695 376.390550 11.755509
86 -6.789861 0.333236 -29.779713 2.965736 382.883698 0.207199 26.727123 11.844654 75.503619 8.160730
86 -4.027057 0.755757 -16.158947 0.303413 201.649076 0.322430 51.974452 2.550041 164.085672 2.635122
87 -4.174338 0.434002 -17.021145 0.353772 90.665204 0.094164 -11.448303 3.709200 408.142850 2.929684
87 -5.407597 0.396572 -39.278851 10.147220 189.206756 0.566068 70.072580 0.625730 258.775897 5.396201
87 -4.895914 0.679214 -23.190673 0.529157 244.673174 0.106680 30.499670 12.418250 20.377248 4.372835
87 -8.629497 0.341439 54.493109 1.347975 99.378406 0.239141 82.085067 1.294078 306.407434 11.840002
87 -5.588896 0.571941 -9.967677 2.890780 362.456086 0.110537 4.900596 9.158247 108.256105 5.758800
87 -3.968902 0.073491 65.791632 0.998062 149.756774 0.205472 -12.188495 5.425120 438.588303 2.518812
87 -3.508831 0.564701 -84.650941 6.006540 155.995656 0.386353 3.333195 0.496012 231.105597 1.598669
87 -5.424956 0.494417 -11.357872 3.743492 367.976961 0.032377 -20.897313 6.348539 254.501803 5.430919
87 -7.346626 0.294181 -25.811022 2.224310 348.856853 0.127076 56.327260 12.020198 197.854762 9.274260
87 -3.652786 0.572742 -6.513838 0.035763 183.745556 0.647675 -6.033563 2.403772 144.763065 1.886580
88 -4.291637 0.450619 -13.864758 14.328609 72.240838 0.069764 -14.482798 2.672000 386.212984 3.164281
88 -5.579280 0.403299 -43.548403 10.728163 199.645001 0.539521 71.631430 0.701626 263.922266 5.739568
88 -5.494649 0.608095 -64.080168 7.309865 247.064274 0.578798 -12.711948 0.207083 209.477870 5.570305
88 -8.363242 0.341348 70.765368 2.836118 330.359177 0.762571 75.700573 1.017495 237.288449 11.307491
88 -6.726138 0.460392 -10.288120 2.842316 372.014282 0.557455 -39.541555 13.424330 169.304021 8.033284
88 -4.860872 0.113331 42.388988 0.555555 146.554386 0.174655 -1.498222 5.297719 428.625197 4.302751
88 -4.336088 0.554129 -79.619312 5.876079 178.102589 0.432193 26.494990 0.475194 221.300842 3.253184
88 -6.030501 0.490632 -20.522067 4.177737 386.035369 0.779937 2.967193 4.530042 202.520880 6.642009
88 -6.130845 0.161404 -23.934553 3.357868 398.735558 0.001996 -42.312093 12.987873 276.020746 6.842697
88 -4.667892 0.602250 -12.992475 0.148275 217.725520 0.588973 -4.967905 2.785689 89.265863 3.916792
89 -4.900249 0.468212 -11.662083 14.240798 69.064887 0.074561 -20.397384 2.528652 376.364232 4.381505
89 -3.938783 0.471906 -45.058899 8.472273 130.538908 0.536322 24.112933 0.334184 220.050177 2.458573
89 -4.900367 0.612223 -78.414953 8.414746 236.168507 0.541746 -15.194225 0.298091 214.228748 4.381741
89 -6.530694 0.286488 84.277210 1.267855 295.729587 0.596587 54.769923 7.549432 216.880704 7.642395
89 -4.128584 0.605562 -23.680952 5.760376 339.366865 0.661912 0.462694 0.110658 151.669296 2.838175
89 -3.583869 0.109372 37.983984 0.780822 144.793750 0.162055 -0.663594 4.806777 412.274148 1.748745
89 -4.450515 0.562600 -79.126114 6.010001 174.314307 0.434861 26.084686 0.491562 226.652220 3.482038
89 -5.666393 0.778324 -17.321936 4.079772 370.096749 0.564699 -4.946001 9.183815 246.977608 5.913794
89 -4.766737 0.114092 -17.202908 3.603386 410.293910 0.000895 -69.042482 12.403608 278.193739 4.114481
89 -4.652514 0.501478 -9.031246 0.172245 210.800604 0.502738 -3.312245 4.786693 180.252251 3.886036
90 -4.871253 0.466436 -11.319580 14.201376 67.739811 0.072487 -20.242785 2.551404 377.772170 4.323514
90 -4.855302 0.304173 -14.994822 8.329723 135.677796 0.511220 17.739376 0.477579 231.632650 4.291612
90 -4.247877 0.616142 -77.831287 8.227819 241.624710 0.549790 -14.763396 0.435441 212.094188 3.076762
90 -6.696155 0.376093 68.461846 0.846924 273.779727 0.644233 38.088898 9.782961 251.715231 7.973318
90 -4.787860 0.595012 -8.893902 5.970848 292.428258 0.722179 0.530342 0.069668 168.007387 4.156728
90 -4.372312 0.134868 39.645712 0.234351 135.136634 0.181478 -4.675489 4.910127 406.767901 3.325631
90 -3.826922 0.709077 54.527003 11.787702 30.419120 0.604736 17.549546 0.289725 216.583977 2.234851
90 -6.440224 0.144244 -19.813342 3.984564 450.451615 0.453356 30.516396 12.866656 168.533706 7.461455
90 -8.118375 0.220793 23.459876 6.572719 206.610815 0.572387 -23.699374 0.695801 257.105079 10.817757
90 -3.991427 0.515644 -9.045335 0.194551 208.260917 0.540324 4.432960 6.181821 193.690360 2.563861
91 -5.484362 0.466573 -11.020894 14.176154 66.681234 0.071310 -20.405696 2.537931 378.450559 5.549731
91 -3.810608 0.307062 9.935373 7.556616 96.021552 0.568202 -0.613009 0.675987 246.830558 2.202223
91 -7.467189 0.588551 -75.725305 8.324805 240.803004 0.558663 -13.688317 0.161680 218.383772 9.515386
91 -4.724412 0.707952 -7.223761 0.301295 238.207446 0.334858 -52.165813 8.733021 150.130633 4.029831
91 -4.711180 0.198516 -7.717033 9.296426 267.976801 0.578308 15.299427 0.212828 211.735660 4.003368
91 -3.764206 0.022642 39.226367 0.494342 133.796181 0.262893 -1.732973 4.779386 408.185437 2.109420
91 -3.631807 0.681147 53.429914 11.728353 28.587282 0.610989 10.231661 0.248017 223.201874 1.844621
91 -5.344972 0.107633 -25.803370 4.029669 451.129609 0.426977 39.768853 12.676046 187.968133 5.270952
91 -6.426510 0.243932 15.867016 7.306560 197.822466 0.621972 -11.052120 0.739968 267.100349 7.434028
91 -3.841863 0.439199 -13.210889 0.285611 201.609407 0.521350 3.672897 6.226119 210.480401 2.264733
92 -6.275891 0.608186 -38.138216 8.331007 83.185715 0.248184 -24.976466 1.352705 297.015773 7.132790
92 -4.975301 0.201030 -3.452921 0.990454 243.675283 0.300065 21.383572 3.668996 225.205752 4.531609
92 -4.798279 0.546857 -23.854058 1.101345 227.634114 0.295744 -3.594168 9.850798 358.151989 4.177566
92 -5.358128 0.738086 -11.735830 0.274267 239.427180 0.329772 -45.835397 8.693836 154.778174 5.297264
92 -5.031673 0.059255 -7.416970 7.727463 186.948247 0.623473 5.146281 0.357268 237.542461 4.644353
92 -4.143904 0.034363 39.978346 0.382085 131.709079 0.256592 -3.336687 4.700851 408.189298 2.868815
92 -3.338899 0.633822 63.915323 12.206388 31.882546 0.614010 9.569575 0.233254 214.881153 1.258805
92 -5.943167 0.107118 -25.895612 3.982409 450.970943 0.423780 40.066016 12.681848 187.697872 6.467342
92 -5.714747 0.177256 13.455309 6.440579 180.844324 0.568233 -16.098312 1.229188 286.607775 6.010501
92 -3.962829 0.400240 -12.527525 0.280523 194.305632 0.559023 5.668359 5.910734 225.976095 2.506665
93 -3.834043 0.672103 5.129409 12.717310 466.736680 0.175864 16.812975 0.382880 174.929529 2.249093
93 -3.397167 0.209640 -6.133729 1.116552 247.945663 0.298803 29.728145 3.928007 214.062992 1.375342
93 -5.520785 0.157035 -20.119585 9.941217 247.277417 0.389272 -16.486574 3.403442 376.596819 5.622578
93 -4.307913 0.702973 -10.965649 0.514085 218.406292 0.383943 -36.281250 8.472689 133.380208 3.196833
93 -4.583161 0.058597 -20.977483 6.664323 145.555918 0.671651 -12.450531 1.035653 247.737775 3.747329
93 -3.971377 0.036351 41.067338 0.155786 123.411666 0.258245 -9.284189 4.402824 391.029014 2.523763
93 -3.480054 0.564572 70.388418 12.079851 57.501324 0.548544 7.486533 0.224092 221.097007 1.541115
93 -5.304672 0.103022 -26.002178 4.005765 449.979333 0.426864 39.610952 12.746897 193.793912 5.190352
93 -4.193842 0.170754 -0.961026 6.062222 169.161104 0.524608 3.013386 0.718185 247.555991 2.968692
93 -3.952842 0.669196 -11.296029 0.516411 235.518125 0.551971 16.397693 6.454843 131.949418 2.486691
94 -4.174028 0.652743 1.198173 13.389455 417.818993 0.215761 34.118556 0.298346 189.122643 2.929063
94 -4.721243 0.215309 -4.888737 1.019356 250.043090 0.289149 28.575302 4.058059 220.206514 4.023493
94 -7.631624 0.248830 -4.083886 6.995058 297.654492 0.444121 -5.431281 2.755112 326.369860 9.844256
94 -3.994332 0.666191 -11.159295 0.454738 231.232634 0.371859 -35.055417 9.106626 142.328454 2.569672
94 -4.710901 0.105927 -22.828235 7.925814 175.043923 0.657251 -9.109308 0.338666 233.431769 4.002810
94 -4.676657 0.000001 36.977255 0.721242 107.577666 0.289593 -8.877419 4.340108 418.207079 3.934321
94 -4.050660 0.566513 -73.518621 13.506148 74.798771 0.387025 -1.507408 0.795120 264.497444 2.682328
94 -4.856061 0.097548 -26.401691 4.018439 449.079687 0.430009 38.935774 12.715108 195.595577 4.293130
94 -4.078486 0.162706 -5.046145 5.944699 178.115398 0.514167 5.748158 0.658141 239.299288 2.737980
94 -6.299917 0.704337 -10.320890 0.674178 279.453474 0.536555 25.487825 6.709405 81.906653 7.180841
95 -4.543355 0.579726 -20.454641 12.334789 384.843034 0.313020 -6.704339 0.880193 217.444275 3.667717
95 -4.102701 0.143295 -13.239996 1.482045 262.588126 0.225807 56.137107 2.402595 200.009500 2.786409
95 -6.242738 0.284871 -11.492987 7.697316 307.546488 0.465217 -2.008086 2.295261 298.336483 7.066484
95 -4.947995 0.565244 -12.081295 1.601521 300.199370 0.294729 -51.467018 6.221878 92.443062 4.476998
95 -4.658274 0.065591 -18.911070 6.646703 165.692362 0.693909 -9.686761 0.915595 237.486646 3.897555
95 -8.060583 0.068518 42.895163 1.268511 153.332119 0.320817 -1.716643 4.572576 413.909521 10.702173
95 -3.461254 0.542352 -69.954058 12.475113 303.019033 0.738707 0.876555 0.144168 205.392193 1.503515
95 -4.803067 0.101743 -17.048599 3.565024 426.595702 0.475113 47.829293 12.691774 200.192675 4.187141
95 -4.115568 0.144489 15.046869 5.613206 186.059566 0.574406 -1.131666 0.527627 235.331357 2.812143
95 -5.632936 0.662467 -1.370839 0.374213 228.301928 0.546473 31.555221 7.423818 99.044398 5.846880
96 -4.496981 0.440910 10.329145 14.210288 472.664160 0.484523 -20.670932 0.705302 211.081656 3.574969
96 -4.003631 0.145330 -13.336878 1.498762 263.589868 0.223886 56.079981 2.417946 199.954099 2.588269
96 -5.706346 0.257839 -13.894139 8.931648 287.527143 0.479652 -5.905022 2.278885 307.924751 5.993699
96 -5.368851 0.607807 -16.344116 2.280619 328.143161 0.200976 -53.666096 7.719791 114.266603 5.318710
96 -4.128724 0.011136 -6.386494 10.046847 217.280748 0.694338 -11.416920 0.615431 224.925134 2.838456
96 -3.770404 0.102330 40.270740 0.261197 150.621651 0.342722 -6.832559 4.714117 363.206022 2.121815
96 -4.051124 0.406705 -61.850858 11.434854 297.305196 0.774610 -5.244643 0.144404 210.663486 2.683255
96 -7.274917 0.084004 4.549542 13.505228 473.010482 0.618537 7.874208 2.496522 278.908548 9.130842
96 -7.523757 0.451147 62.477786 12.248592 350.483256 0.763212 37.378043 0.149621 202.479968 9.628523
96 -4.080853 0.652950 3.483397 0.170964 227.275822 0.585077 38.549915 6.336776 76.693895 2.742713
97 -5.169018 0.451734 11.520145 13.221430 441.426921 0.610351 15.244531 0.171601 189.949049 4.919043
97 -4.013927 0.162688 -16.375331 1.566176 266.850999 0.237182 57.347378 2.282804 196.072409 2.608861
97 -6.602581 0.190727 -34.583475 8.543698 287.170853 0.544310 4.914271 0.209260 219.271361 7.786170
97 -6.668282 0.647634 -11.141708 1.326990 311.713805 0.225389 -56.943150 8.351285 107.183730 7.917572
97 -4.304045 0.001328 4.443201 11.658574 255.593278 0.662701 -11.761290 0.757245 248.403660 3.189097
97 -4.524441 0.236394 40.829157 1.013489 144.358774 0.364418 -16.243822 2.866948 333.645367 3.629889
97 -3.983608 0.430741 -74.461956 10.961233 323.635429 0.705244 -8.084756 0.230588 197.283319 2.548223
97 -4.893963 0.515373 -19.771612 1.242477 258.195993 0.406234 15.674476 3.516279 206.967434 4.368934
97 -5.165184 0.414226 59.664528 13.260935 320.476580 0.711503 25.832989 0.189379 201.370801 4.911376
97 -3.415147 0.617262 0.104893 0.381183 225.793109 0.562728 27.773986 4.796259 82.220495 1.411301
98 -5.363327 0.541814 21.187904 13.829567 461.500030 0.631258 13.724514 0.167214 176.758384 5.307661
98 -4.196109 0.162703 -16.477625 1.574911 267.019448 0.237251 57.378232 2.279882 195.954207 2.973225
98 -3.482834 0.385696 -17.361456 13.438945 357.685359 0.487273 8.506285 0.137509 193.120436 1.546676
98 -7.033949 0.753121 -26.255276 2.046091 328.473656 0.652812 -81.641788 9.668663 30.622176 8.648905
98 -4.622686 0.686763 -14.182815 13.306386 224.043377 0.661221 -0.877960 0.655470 252.729428 3.826379
98 -4.134132 0.320838 41.579320 3.105224 74.294091 0.337542 -15.525984 1.487201 296.502157 2.849272
98 -4.054916 0.559656 -61.976522 7.053249 257.146654 0.589848 -11.364755 0.456712 206.997576 2.690841
98 -4.565990 0.243565 -5.095619 1.734855 325.233849 0.047512 -10.869712 7.100829 99.184975 3.712988
98 -4.336322 0.394005 59.270600 14.168223 336.105779 0.706642 -13.544940 0.229091 212.766639 3.253652
98 -3.315510 0.578798 -0.779970 0.323796 215.996536 0.530849 33.879046 4.649964 109.868813 1.212027
99 -5.523693 0.498368 28.351640 14.663149 436.980655 0.667539 26.919166 0.183117 181.040313 5.628394
99 -3.218188 0.171443 -16.742036 1.934630 277.765388 0.242922 51.506762 2.230829 208.287313 1.017383
99 -3.359543 0.367861 -2.115028 14.772476 417.823092 0.563968 6.677615 0.180657 180.799010 1.300093
99 -6.762687 0.711701 5.806969 1.725939 296.595798 0.557616 83.561816 12.515710 18.749428 8.106382
99 -4.328867 0.793691 2.926528 0.116420 118.813213 0.596409 14.112430 0.667424 199.322794 3.238741
99 -4.333865 0.372812 33.859367 0.697981 12.060016 0.360112 -15.767538 1.341035 295.055391 3.248737
99 -4.118008 0.544620 -62.068445 7.057382 262.902161 0.581157 -11.128255 0.408465 204.746054 2.817023
99 -4.222818 0.269274 -10.597259 1.813871 321.160920 0.092315 -7.920876 6.321706 91.062265 3.026644
99 -6.022870 0.315858 67.295537 1.397082 319.229194 0.008950 -10.335019 14.140415 199.016379 6.626748
99 -3.980713 0.604619 2.193297 0.283907 234.310669 0.468153 30.171367 6.542028 11.642590 2.542433
100 -5.058619 0.495224 24.575450 14.401562 430.155707 0.665775 26.359123 0.092920 182.833638 4.698246
100 -3.387425 0.164429 -12.380606 1.811410 277.199893 0.235470 50.698095 2.529895 209.850645 1.355857
100 -3.511379 0.386659 -4.843422 14.369628 434.807082 0.540518 9.504297 0.278798 187.561709 1.603766
100 -7.617556 0.537262 -29.870708 3.097317 341.335219 0.427428 87.026879 13.378305 366.401760 9.816120
100 -3.975397 0.741849 13.656835 0.165416 125.974788 0.516709 -4.490398 1.087955 236.035399 2.531801
100 -4.911441 0.343908 33.246019 1.102494 12.817939 0.324433 -10.331698 1.300238 302.128409 4.403889
100 -5.267457 0.534421 -64.330580 6.548509 268.043468 0.475418 -11.744639 0.190051 193.846816 5.115922
100 -4.813682 0.533719 -18.376743 0.131564 166.849322 0.001319 -12.828107 6.854153 373.422325 4.208372
100 -7.126386 0.338431 71.548211 1.338386 328.473164 0.748280 4.001176 13.734832 90.124718 8.833780
100 -3.376082 0.599874 2.096551 0.382159 223.793354 0.560217 31.069480 3.712369 15.078414 1.333172
101 -4.465316 0.596270 -5.507554 12.395944 359.072365 0.694093 16.480953 0.115466 187.636504 3.511640
101 -3.349519 0.194185 -30.051947 2.839893 211.122684 0.315039 11.649901 0.864256 218.343954 1.280046
101 -3.418174 0.373194 -7.690094 14.570929 441.738620 0.544886 9.391707 0.218423 184.473730 1.417355
101 -7.373341 0.363666 -25.567890 3.621014 376.108008 0.201417 76.842567 8.917903 323.664372 9.327689
101 -3.590352 0.070197 27.502009 0.579003 106.597293 0.493751 -6.581739 1.060058 241.347937 1.761712
101 -5.991146 0.215641 73.750932 3.630218 26.448556 0.251549 -23.518382 1.104731 285.129819 6.563299
101 -3.372491 0.662503 -7.294730 1.998579 222.575999 0.263259 30.641662 0.331083 168.369448 1.325989
101 -5.389415 0.338331 -54.411669 3.987047 276.079597 0.611174 -3.052151 4.451881 347.736566 5.359838
101 -5.639456 0.362517 72.528244 1.251481 313.191558 0.733477 -3.029022 13.623408 113.943139 5.859919
101 -4.643403 0.652113 -11.774586 0.110956 222.757948 0.795075 8.464783 3.769910 40.103281 3.867814
102 -7.364079 0.605423 14.797651 9.802796 430.979277 0.623141 8.962676 0.070410 185.027882 9.309165
102 -3.124456 0.220276 -21.208945 2.933236 197.460536 0.253609 16.282997 0.711549 218.474403 0.829920
102 -3.265310 0.368552 -13.470715 13.252235 424.058730 0.534585 13.152502 0.134083 178.635363 1.111627
102 -5.783509 0.361714 -16.458754 3.364390 373.420041 0.252827 -63.331171 12.469149 311.917019 6.148026
102 -3.580322 0.123224 28.610410 0.671070 150.422279 0.476183 7.737115 0.415575 188.756369 1.741651
102 -4.805715 0.244198 72.119667 2.449364 22.366850 0.256789 -19.674580 1.243453 288.592227 4.192438
102 -4.426437 0.633656 -13.673693 1.009729 272.340137 0.355595 -60.949734 14.743186 36.426179 3.433882
102 -6.513945 0.386597 -43.995776 5.506993 256.171100 0.675835 -10.577847 3.735521 353.588724 7.608897
102 -6.861695 0.361051 68.312166 1.027626 300.287493 0.684276 -16.222204 13.266264 133.177398 8.304397
102 -4.038609 0.674428 -2.700691 0.307485 237.803802 0.764680 25.767928 3.711978 28.481633 2.658225
103 -7.265234 0.617395 15.282252 9.864746 432.250246 0.599858 3.511049 0.373976 195.166910 9.111476
103 -3.798817 0.194558 -33.502328 2.030819 172.193691 0.279144 9.514542 0.895858 235.051439 2.178642
103 -5.095421 0.390876 -18.804944 11.393487 354.183201 0.495530 19.604151 0.589158 223.377314 4.771849
103 -6.082390 0.383796 -20.447515 3.181375 350.803016 0.273811 -58.799147 12.190367 346.052034 6.745787
103 -3.996549 0.107005 33.582417 1.999390 151.767097 0.566221 7.661834 0.273397 207.536596 2.574106
103 -4.914896 0.341957 -87.567395 4.192834 22.955809 0.294545 -22.207124 1.279636 285.858281 4.410800
103 -6.469511 0.686977 -9.876014 1.598208 319.773558 0.386791 -58.173007 14.091947 63.356714 7.520029
103 -5.853346 0.358005 -53.474087 5.290732 236.725119 0.725550 -13.497028 4.067142 365.575236 6.287700
103 -5.825070 0.353990 72.075127 1.387846 323.686880 0.560499 -39.804541 12.146745 123.446842 6.231148
103 -6.013187 0.657486 -15.348723 0.334447 240.111711 0.090471 36.590402 3.374105 110.125771 6.607382
104 -6.218791 0.608708 15.221197 9.376996 415.272475 0.529494 7.472646 0.017159 177.460780 7.018590
104 -4.021036 0.130218 -56.001253 2.098047 143.022501 0.215568 4.900501 0.952738 251.550005 2.623080
104 -5.283341 0.388652 -17.511365 11.451014 356.533527 0.510247 18.239205 0.611234 225.889847 5.147690
104 -6.525510 0.294370 -21.910249 3.023766 334.614462 0.208107 -57.210584 12.533031 410.002871 7.632028
104 -5.938420 0.387488 -10.058553 3.566350 274.729240 0.617110 -2.052621 0.922754 215.495510 6.457847
104 -4.895647 0.336761 -76.184617 3.424465 27.850972 0.224198 -22.046326 1.128114 279.121407 4.372301
104 -6.595227 0.639322 13.714080 2.985680 304.737347 0.533322 -50.338991 9.288440 423.298568 7.771462
104 -6.106258 0.716064 -24.406051 5.538286 376.751521 0.742198 4.114802 4.765675 272.814307 6.793523
104 -7.223925 0.358705 74.297528 1.343327 329.096751 0.572639 -37.243611 12.049807 124.462207 9.028857
104 -4.689386 0.668117 -22.446177 0.915083 246.161944 0.112656 38.631411 2.754283 125.895912 3.959780
105 -3.951806 0.670227 8.941218 9.497322 377.661147 0.559778 10.121410 0.097384 169.116970 2.484620
105 -3.188760 0.110623 -65.304936 2.235411 120.840422 0.202318 2.146047 1.240540 272.632685 0.958528
105 -3.915902 0.410677 -17.516283 11.117766 308.867874 0.413250 8.986062 0.642129 229.325673 2.412811
105 -6.400045 0.208698 -32.412343 2.727150 338.694745 0.310269 -16.557609 13.323487 356.440007 7.381098
105 -4.455442 0.339273 -14.612735 1.364491 288.719132 0.616777 0.382298 14.101936 223.671593 3.491892
105 -5.088700 0.335242 -79.042675 3.387229 27.102171 0.222116 -21.814453 1.225999 286.096654 4.758408
105 -6.650515 0.674528 8.871179 3.951240 337.407095 0.623205 -43.016357 7.827788 369.404892 7.882038
105 -5.288737 0.763259 -27.842889 5.313495 276.633868 0.749825 2.528220 1.215673 221.867027 5.158482
105 -5.471921 0.461002 74.425676 1.229806 314.282471 0.557950 -24.845206 10.903673 144.104787 5.524850
105 -4.936437 0.608107 -19.732127 1.426097 279.627716 0.263176 73.870058 5.732217 118.374231 4.453882
106 -3.752833 0.695548 4.558302 9.095004 363.840022 0.562828 1.320522 0.125755 173.251296 2.086674
106 -3.357632 0.115292 -64.375136 2.219537 123.294655 0.205511 2.127467 1.308523 274.051978 1.296272
106 -3.311394 0.449682 -36.985345 9.292150 284.538984 0.447414 4.534051 0.377704 205.237246 1.203796
106 -3.702806 0.488862 -6.880875 0.825303 251.621946 0.093207 1.452207 2.102370 97.784002 1.986620
106 -8.346743 0.708883 -3.875919 5.285072 465.679469 0.715513 -39.024147 1.278132 35.963324 11.274494
106 -5.338321 0.336350 -79.204178 3.416785 27.035434 0.225861 -22.538229 1.177675 286.698444 5.257650
106 -5.484385 0.700326 11.533507 3.408477 282.057181 0.629506 -31.361085 7.877164 398.164342 5.549778
106 -6.238734 0.783164 -25.278393 4.548037 254.288746 0.774520 12.873698 2.180468 267.972756 7.058475
106 -5.628950 0.479216 75.884280 1.275395 318.715990 0.564478 -24.527596 10.902611 143.787674 5.838908
106 -4.772665 0.591449 -16.709401 1.376861 276.145104 0.268538 73.682658 6.041164 132.527843 4.126337
107 -4.827986 0.757531 15.725646 8.565878 405.570438 0.551592 -29.028236 0.274137 178.715035 4.236980
107 -3.415591 0.071147 -76.734380 2.686989 132.444776 0.224855 4.615457 1.156725 268.948336 1.412190
107 -6.603496 0.253682 -18.540828 8.239063 196.820580 0.420945 -5.062319 1.230025 294.913360 7.787999
107 -5.389245 0.067338 -11.976514 9.207665 455.465379 0.176131 -18.365073 1.500797 236.416254 5.359497
107 -7.075581 0.782560 2.320417 6.036910 449.814768 0.722405 -28.212597 0.840053 106.214375 8.732169
107 -5.295117 0.347770 -82.121007 3.475561 20.263270 0.225534 -20.635107 1.207556 289.215838 5.171242
107 -6.507961 0.734031 12.399513 2.087226 251.940544 0.575876 -23.619558 6.958536 352.566437 7.596930
107 -6.537273 0.722671 -28.022686 1.277117 274.420834 0.491546 26.439863 4.230313 197.678909 7.655553
107 -6.134357 0.484487 77.222494 1.313340 327.666342 0.577289 -27.456396 10.796265 136.740608 6.849721
107 -4.172314 0.640738 -12.974615 0.117896 210.389625 0.332110 71.689297 8.391615 126.711647 2.925635
108 -4.754457 0.713211 23.779039 9.267494 383.014780 0.598958 -29.889446 0.707585 214.400899 4.089921
108 -4.176291 0.062952 -87.785189 2.537482 87.853418 0.190345 -0.891275 1.117237 279.550918 2.933590
108 -4.341336 0.126399 63.343694 8.303043 248.261195 0.681691 -20.932527 0.558314 223.822712 3.263679
108 -4.482688 0.136932 -7.380398 9.067339 485.944129 0.251897 -16.912985 1.561574 214.110042 3.546384
108 -6.221001 0.686716 -2.785486 4.643295 402.964321 0.779039 8.417535 1.464343 108.462983 7.023011
108 -4.583057 0.376100 -85.906547 3.646270 16.869581 0.233059 -17.101490 1.417129 302.670537 3.747122
108 -5.030476 0.740233 -6.972885 0.025863 169.956086 0.545555 7.867657 7.722802 318.511687 4.641960
108 -7.146461 0.662422 -37.488647 1.178919 259.007386 0.452779 30.106609 3.786378 187.924902 8.873930
108 -5.919247 0.502756 62.304290 1.288004 322.102346 0.604277 -25.943307 9.375733 181.228001 6.419501
108 -3.770584 0.612950 5.939664 0.034346 211.048073 0.351053 70.430140 8.553468 116.571394 2.122175
109 -5.155884 0.743811 28.465171 9.836980 422.022376 0.652374 -29.175009 0.127372 186.929029 4.892776
109 -3.390969 0.364388 73.794624 11.686879 71.820851 0.296992 -3.068664 0.688061 248.763966 1.362946
109 -5.165289 0.019122 71.953438 7.494276 250.131349 0.643778 -25.109379 1.148522 247.989761 4.911585
109 -5.006461 0.081882 -23.723111 9.842625 452.072809 0.343086 -0.955260 1.562803 235.040360 4.593930
109 -5.950078 0.668906 -20.198766 4.951205 444.616949 0.035740 -1.811418 1.169174 37.810554 6.481164
109 -4.266664 0.379870 -84.864536 3.640272 18.443267 0.236251 -17.272385 1.473296 302.171584 3.114335
109 -4.692150 0.757130 -7.657518 0.199562 179.629558 0.517711 8.054815 7.498636 306.145041 3.965307
109 -5.314428 0.442951 -10.336115 3.012921 338.806752 0.363359 -4.878257 3.756842 183.536366 5.209863
109 -8.290546 0.026291 9.814013 0.009175 172.220169 0.751292 -31.905105 13.043381 453.253983 11.162099
109 -4.116907 0.604848 -16.085276 0.709961 237.974025 0.288971 -57.669629 3.261305 83.750751 2.814821
110 -9.114828 0.795962 15.126590 7.651115 479.895580 0.589558 -39.058368 1.031694 144.050564 12.810663
110 -4.005032 0.261881 -76.240708 11.896940 58.998708 0.263178 -12.971151 0.914690 263.437973 2.591072
110 -7.937378 0.045107 67.722717 8.450360 232.107245 0.654222 -35.103357 0.655654 244.230279 10.455764
110 -4.167637 0.128433 -23.652789 9.405967 444.413184 0.335551 -5.775180 1.243067 223.480377 2.916282
110 -6.406527 0.653407 -12.715852 4.231405 424.883363 0.761884 -19.509210 14.303995 50.203865 7.394062
110 -3.888562 0.406414 -85.648117 4.420367 16.162287 0.208773 -13.004354 1.373594 297.106081 2.358132
110 -4.072675 0.577903 -3.202187 0.023150 180.543662 0.626328 1.863803 7.032136 315.059918 2.726357
110 -4.881501 0.341386 3.738155 4.386604 387.416933 0.353759 -76.582237 2.244343 207.912547 4.344010
110 -3.700494 0.711156 15.615732 0.382070 196.152450 0.731638 -33.843992 12.195270 416.697549 1.981995
110 -4.359635 0.593608 -20.788382 0.609609 236.211876 0.298197 -58.861114 3.410465 84.163742 3.300277
111 -7.546050 0.234611 34.224066 3.981700 401.792590 0.696545 -32.702998 2.528731 186.910549 9.673108
111 -5.995812 0.449076 -5.629081 1.725501 322.781893 0.297489 -19.043457 3.055576 37.884711 6.572632
111 -5.257199 0.008788 13.675913 10.040904 222.137261 0.587984 -25.887556 1.081266 257.298048 5.095405
111 -4.192835 0.141371 -33.590986 8.262511 385.902605 0.381341 -1.476713 0.976460 224.263052 2.966678
111 -6.062281 0.608920 -11.209535 4.878368 453.317464 0.769144 -17.370736 13.518457 19.494866 6.705570
111 -5.284755 0.574325 -48.344398 4.277566 15.998434 0.237472 4.303860 1.282193 303.151512 5.150517
111 -5.352759 0.502391 2.270817 0.039400 185.334026 0.656081 5.257880 6.367913 318.394172 5.286525
111 -7.068443 0.349574 -2.176702 5.251652 423.369693 0.297736 -88.092797 2.510376 222.683326 8.717893
111 -4.782826 0.697798 7.248896 0.536274 198.841174 0.655821 -45.348042 11.207583 440.372691 4.146661
111 -4.394270 0.693835 -15.496721 0.617956 246.320536 0.292403 78.951734 5.205727 57.423914 3.369548
112 -4.289646 0.214087 44.848360 4.134582 403.244556 0.693552 -34.742156 1.976178 183.386841 3.160299
112 -5.440716 0.405353 5.582626 0.974395 282.941940 0.234483 -78.718945 13.419425 115.896033 5.462440
112 -5.108832 0.032069 15.149554 9.973067 170.378642 0.593459 -24.076666 0.956947 258.623787 4.798672
112 -4.644007 0.152105 -19.219101 8.764505 370.103810 0.453075 -7.491237 0.951779 211.802158 3.869021
112 -7.410920 0.579036 -11.751743 4.467112 443.437305 0.743237 20.519551 13.906911 76.342729 9.402848
112 -5.116483 0.581879 -51.403765 4.191398 27.870596 0.225592 4.995523 1.257147 300.305076 4.813973
112 -3.748558 0.414747 19.709395 0.494750 125.142300 0.000517 60.121994 5.994757 478.345091 2.078123
112 -5.616389 0.353300 -3.819546 5.434964 427.756585 0.307358 -86.104349 2.636654 222.147424 5.813786
112 -4.337544 0.594958 19.147514 0.638469 223.049600 0.509142 -55.158851 11.430151 388.811755 3.256096
112 -4.195598 0.708274 -14.761609 0.687710 243.785623 0.289063 72.279957 5.860844 78.178665 2.972204
113 -6.058088 0.211323 44.262458 4.401933 397.987908 0.639896 -21.052803 0.891118 169.585175 6.697183
113 -3.694404 0.409626 -8.832311 1.000943 268.338287 0.182891 -75.372118 13.274280 134.288823 1.969815
113 -5.922134 0.701892 5.317366 10.564956 204.782365 0.413183 -14.204043 1.146840 285.746348 6.425276
113 -4.050795 0.162508 -20.276477 8.689392 362.587082 0.449621 -1.162574 0.940045 225.781381 2.682597
113 -4.805874 0.652093 -7.193883 1.395894 261.668656 0.723567 85.834561 9.673571 300.713224 4.192756
113 -4.896717 0.581998 -49.552682 4.081580 29.211749 0.233048 4.378544 1.254898 299.387275 4.374442
113 -5.524937 0.400815 19.154253 0.633516 132.706466 0.002677 59.896715 5.873243 479.004092 5.630881
113 -5.413321 0.355267 -4.170857 5.439408 428.743093 0.307955 -86.013509 2.622982 218.365381 5.407650
113 -4.749095 0.661339 7.636377 0.606606 248.004110 0.466615 -54.907068 10.943658 262.797256 4.079198
113 -5.731702 0.601126 -22.802744 0.906100 268.510076 0.112113 56.160432 6.220446 84.724488 6.044411
114 -4.539372 0.200917 42.526489 4.787740 392.280997 0.650503 -16.923802 0.628456 167.369147 3.659751
114 -3.588541 0.429891 -1.053669 0.564838 240.056201 0.072762 -83.142607 10.215135 159.850556 1.758089
114 -4.387033 0.721171 3.398403 10.643529 214.781109 0.428827 -18.687002 1.154445 265.374377 3.355073
114 -3.687155 0.170893 -21.657882 8.753377 359.630771 0.449177 -3.288122 0.818595 218.092637 1.955317
114 -4.756942 0.639464 -6.956265 1.386787 265.544845 0.726714 86.288294 9.570915 298.635258 4.094891
114 -3.840713 0.581511 -45.114120 4.961720 41.787403 0.221814 5.284327 1.214030 290.994343 2.262434
114 -5.093653 0.392480 19.429053 0.542249 131.721629 0.014341 65.626130 6.040172 478.969224 4.768314
114 -5.580651 0.336408 -2.206650 5.835340 450.260097 0.352611 88.689470 2.304286 199.213142 5.742310
114 -6.823584 0.622512 7.315053 0.423198 246.993512 0.509122 -51.141781 11.405978 279.140755 8.228175
114 -6.512040 0.789535 -28.718870 2.471127 332.515380 0.230378 25.879354 3.895020 58.984981 7.605087
115 -4.536535 0.169505 49.448769 4.879469 402.717911 0.678277 -19.962471 1.247125 181.024360 3.654078
115 -4.115520 0.384098 -13.288083 0.637902 230.646926 0.156070 -54.819662 10.608886 235.544802 2.812047
115 -7.111155 0.722575 3.286501 10.551838 217.502511 0.440568 -19.299275 1.367923 263.072728 8.803317
115 -5.455577 0.205490 -20.260924 8.659439 375.776987 0.365358 13.164504 0.974386 234.697552 5.492162
115 -6.643339 0.617315 -7.725723 0.747812 261.497260 0.041900 43.070961 11.028976 304.473229 7.867686
115 -4.239250 0.622122 -42.501037 5.212814 56.513321 0.226261 1.156590 1.140034 287.781561 3.059508
115 -3.955172 0.402617 18.966023 0.454953 123.751488 0.010706 65.954728 6.020509 480.919463 2.491351
115 -4.771245 0.333339 -3.916719 6.177937 459.054444 0.375850 86.853627 1.593607 182.215912 4.123499
115 -5.249734 0.515397 -22.352531 0.794321 250.560665 0.391337 9.309589 7.890274 175.527956 5.080475
115 -5.941575 0.799894 -25.591199 2.489342 328.653466 0.192509 24.152207 3.006748 58.483717 6.464157
116 -5.268438 0.182915 43.832176 4.969413 411.912627 0.645491 -20.648617 0.952252 177.021458 5.117884
116 -6.763460 0.367810 47.084543 2.208296 275.395694 0.284174 -71.486234 6.903261 426.208932 8.107927
116 -4.555565 0.658843 10.963817 11.544686 232.696864 0.564339 -14.527048 1.125458 259.741984 3.692138
116 -6.215471 0.266297 17.338009 9.369049 246.466280 0.389196 -7.435597 2.253242 327.129943 7.011950
116 -3.625243 0.373992 12.137763 0.634644 226.382592 0.091413 0.275973 10.817118 260.194233 1.831493
116 -4.100010 0.651528 -39.629799 4.848181 41.066383 0.216109 6.902034 1.294015 297.305654 2.781027
116 -4.261454 0.418696 18.073307 0.543767 136.468920 0.017159 68.714173 5.833540 459.575174 3.103915
116 -5.563580 0.306888 -4.741959 5.346720 445.507205 0.318331 84.891536 2.559613 191.009578 5.708168
116 -4.246798 0.382156 -9.297417 0.334835 228.893163 0.287262 6.746540 8.916546 68.786046 3.074604
116 -4.548427 0.486699 -11.625212 0.957210 269.113182 0.484263 55.059411 5.630401 155.175138 3.677861
117 -4.387174 0.312235 9.598101 5.935357 378.904663 0.523522 -21.374325 0.630088 180.585319 3.355356
117 -7.365713 0.576585 -38.971114 12.797527 117.404400 0.519567 1.437875 1.269977 290.109611 9.312433
117 -4.407355 0.685972 2.363330 12.255425 266.877012 0.677039 -20.849707 0.734360 223.944150 3.395718
117 -6.439933 0.373823 76.297830 8.222529 219.032545 0.206229 -25.825992 3.289075 392.304430 7.460874
117 -4.466629 0.390283 10.383517 0.513286 230.256626 0.097429 4.028923 10.352776 267.687995 3.514266
117 -3.314724 0.655816 -40.738115 4.594654 51.094035 0.203177 5.042903 1.242104 288.553665 1.210455
117 -4.532763 0.416564 18.357429 0.473992 137.374241 0.016254 68.686202 5.867514 458.004535 3.646533
117 -5.262146 0.342151 -9.711728 5.107303 430.420299 0.341546 86.806329 3.158382 215.040872 5.105300
117 -3.800857 0.399552 -11.811197 0.904824 263.250639 0.181426 8.250018 10.547915 51.254548 2.182721
117 -5.198837 0.556525 -23.791030 1.527115 284.536159 0.659120 27.843879 4.224264 177.087810 4.978682
118 -6.094076 0.777530 -5.397703 5.345266 445.071318 0.372612 -20.923371 9.314591 133.230976 6.769159
118 -5.177126 0.475848 -43.250704 13.415732 185.186988 0.599548 -6.314584 0.994406 281.849918 4.935259
118 -4.607751 0.021812 77.586489 13.861747 155.302434 0.708947 -19.052174 0.825287 253.447235 3.796510
118 -8.042314 0.364188 78.063748 8.110353 218.633577 0.213051 -27.549033 2.898271 376.653392 10.665637
118 -3.365873 0.464218 5.598891 0.448476 224.423775 0.028388 3.116849 11.774594 230.773126 1.312753
118 -4.839027 0.671173 -48.691247 4.388740 69.757827 0.211950 10.337173 1.026169 280.195274 4.259062
118 -3.782829 0.411938 17.764598 0.514496 140.456142 0.023964 68.870884 5.823026 447.831410 2.146666
118 -5.053728 0.730754 -23.111890 0.299526 228.922156 0.090026 -29.357646 4.801572 122.735183 4.688464
118 -3.959402 0.411395 -7.419518 1.083317 281.629788 0.168744 2.893937 10.285136 38.937613 2.499811
118 -6.209656 0.527657 -24.446949 1.855695 293.878079 0.501441 9.029526 2.914080 181.497757 7.000319
119 -6.614520 0.774169 -26.616542 3.708740 387.269850 0.709443 68.330062 7.153570 89.939687 7.810047
119 -6.289967 0.444270 -42.521133 13.563474 187.764352 0.604704 -3.148200 1.416242 282.591194 7.160942
119 -8.613439 0.021085 -36.362686 9.529972 235.429008 0.591573 -22.012215 1.394591 304.814901 11.807885
119 -5.336035 0.285202 -67.410348 6.591844 198.494817 0.157880 2.397415 3.488876 403.394600 5.253077
119 -3.935041 0.485490 9.162350 0.474739 228.842721 0.023546 3.212549 11.872627 253.761160 2.451090
119 -3.907110 0.668032 -45.850207 4.536403 70.757908 0.231998 10.681391 0.974429 272.705451 2.395229
119 -3.575397 0.434815 10.083570 0.317948 144.384241 0.016778 63.809394 5.705407 426.046739 1.731801
119 -4.357203 0.646492 -14.652978 0.679682 245.143280 0.154470 -32.752851 4.463077 81.993905 3.295413
119 -4.268790 0.386806 4.475576 0.677292 256.383073 0.132133 18.274690 9.501636 99.550063 3.118588
119 -6.101103 0.546466 -29.088193 1.215258 184.651872 0.501497 23.005529 0.404746 200.581366 6.783213
120 -7.517107 0.791089 -33.045337 4.765312 417.974615 0.782985 30.011761 4.580657 157.128430 9.615222
120 -6.273764 0.436201 -53.042358 0.997372 189.051343 0.521013 1.015407 1.505168 241.713846 7.128535
120 -3.889901 0.719476 -58.161420 14.759359 60.516726 0.734537 -4.939533 0.081667 221.084140 2.360809
120 -5.814910 0.266486 -80.691467 8.377991 216.159072 0.187234 -10.084812 3.449435 406.983320 6.210827
120 -3.792412 0.512544 8.500108 0.349947 217.154212 0.798341 4.131827 11.742008 240.259136 2.165832
120 -3.206371 0.739657 -48.885757 3.509330 39.545938 0.236709 4.922469 0.968146 269.284099 0.993750
120 -4.233477 0.391272 6.510881 0.906089 141.612884 0.034075 70.122733 4.344944 414.917515 3.047961
120 -4.475664 0.654817 -12.588234 1.017956 243.561450 0.129197 -34.232979 4.831303 163.276753 3.532335
120 -3.558725 0.387383 4.176101 0.789743 255.821688 0.134589 18.223528 9.451531 99.341159 1.698457
120 -7.045066 0.480966 -19.532443 14.054426 84.481224 0.395129 12.930972 0.911039 283.538195 8.671141
121 -7.185570 0.798844 -35.095615 4.524194 406.395145 0.771639 27.895611 4.936584 132.718285 8.952147
121 -5.238280 0.340956 -58.678616 3.152777 166.120528 0.582539 -14.956827 1.194717 268.086681 5.057568
121 -5.136023 0.755575 -60.021708 14.768249 42.951833 0.672821 -4.309830 0.574967 244.338696 4.853053
121 -4.928087 0.198836 -78.460627 7.558597 211.514154 0.176171 -12.486501 3.320685 394.589311 4.437181
121 -4.260872 0.714722 13.573047 0.273642 218.391147 0.048372 3.950740 12.738997 91.513387 3.102751
121 -3.177478 0.735555 -46.792012 3.776812 50.608870 0.235857 4.634731 0.966151 268.101570 0.935963
121 -4.701567 0.397788 9.013233 0.825348 131.650584 0.019976 71.648779 4.208340 417.828670 3.984141
121 -5.244115 0.474025 -8.259795 0.666514 228.376230 0.719508 -14.598639 5.876441 262.391722 5.069238
121 -3.573945 0.379150 1.257914 0.813117 259.328368 0.133445 16.089691 9.477170 101.119289 1.728898
121 -6.365846 0.569603 -21.542082 2.729133 363.133230 0.265616 -21.169378 14.018133 55.099415 7.312699
122 -7.747818 0.118532 -33.640920 4.440475 385.427686 0.708381 10.991904 1.610579 196.519513 10.076643
122 -3.977554 0.388017 -63.383959 11.830447 442.399156 0.723779 12.943529 0.459479 207.362129 2.536115
122 -4.308557 0.689312 -64.467605 0.329860 24.841805 0.599594 -8.776238 0.812150 267.438255 3.198122
122 -5.646675 0.333282 -60.930110 7.008175 175.883303 0.235722 -16.705067 3.106170 384.855073 5.874357
122 -5.110154 0.592777 -3.830967 0.659061 243.310478 0.038326 35.072423 12.569564 99.861259 4.801315
122 -3.235297 0.701251 -49.417544 1.979725 75.450400 0.252354 6.856840 1.089350 269.661831 1.051601
122 -3.192875 0.416451 8.567313 0.667735 105.489878 0.002234 64.651438 4.214920 432.319889 0.966758
122 -4.550097 0.473278 -7.547351 1.323962 240.566138 0.022966 -14.394198 4.333101 277.779000 3.681201
122 -3.620371 0.375618 -7.843155 0.857745 254.130088 0.337636 34.208773 11.867326 51.742548 1.821750
122 -5.034043 0.498212 -18.574956 1.721224 307.002066 0.237298 -19.474692 14.175718 95.876001 4.649093
123 -7.817433 0.793071 6.582850 5.827626 367.570581 0.703714 8.258661 6.523445 314.458740 10.215873
123 -4.065158 0.450956 -64.806323 10.983868 436.956832 0.764380 5.435050 0.149752 190.536041 2.711323
123 -5.094390 0.639676 -79.948649 13.787124 442.207355 0.640427 -9.058045 1.887397 280.230498 4.769788
123 -5.126150 0.432509 -65.955348 6.999985 133.101519 0.216806 -15.379739 3.129914 392.776069 4.833307
123 -4.723664 0.589795 -4.220364 0.685503 265.794183 0.100025 52.635496 12.594312 97.037504 4.028336
123 -3.407114 0.662274 -54.771282 2.716920 104.856346 0.325143 0.904107 0.809162 245.422775 1.395236
123 -4.011044 0.427906 8.786247 0.356845 102.615851 0.000500 65.538374 4.497797 443.050982 2.603096
123 -4.420832 0.479059 -8.439873 1.422958 217.033051 0.005490 -25.773878 3.198702 297.878027 3.422672
123 -4.141150 0.378530 -6.402415 1.277983 293.600731 0.402155 34.352110 10.529976 49.135760 2.863307
123 -4.529454 0.375734 -8.579758 0.864607 268.823619 0.204393 -33.337754 14.654806 124.394372 3.639915
124 -6.972379 0.647049 -7.516564 4.908181 309.180980 0.693762 16.691933 6.203108 362.193410 8.525765
124 -3.446071 0.499437 -81.109491 11.526585 413.390395 0.797220 10.721525 0.204406 194.119113 1.473150
124 -5.671101 0.515970 -67.032629 13.392651 385.390989 0.730519 -14.027879 2.332436 297.790601 5.923209
124 -4.604584 0.503129 -74.052502 9.398070 122.818737 0.153368 -11.417105 2.987783 395.704646 3.790175
124 -4.601454 0.602036 -15.079753 1.130687 261.925360 0.108501 64.284082 11.387845 42.800727 3.783915
124 -3.350048 0.710826 -40.113509 2.695223 99.424579 0.412155 8.441487 0.684294 241.113717 1.281103
124 -3.677062 0.426299 8.600796 0.345062 102.303677 0.003453 65.837927 4.542287 443.611110 1.935132
124 -5.099070 0.399633 -1.254139 0.964784 215.800761 0.760805 -38.088339 4.489540 274.129932 4.779147
124 -4.234392 0.321028 -14.816179 1.455504 298.239377 0.651978 -4.850627 8.185379 109.523579 3.049791
124 -5.368044 0.609533 0.373832 6.781799 396.114956 0.436557 -22.376933 0.361527 171.007345 5.317095
125 -6.301893 0.759909 -8.797194 6.696248 229.109395 0.693200 -12.144064 6.850899 462.650760 7.184794
125 -5.523260 0.534955 -85.981566 12.859956 424.811166 0.784933 2.607654 0.481904 211.128875 5.627528
125 -6.041618 0.410702 -30.639188 12.399399 368.724638 0.685035 -12.698724 2.146028 290.686212 6.664243
125 -5.224652 0.528966 -56.824555 10.825878 135.873679 0.166162 -13.781377 2.300027 358.906337 5.030311
125 -5.474615 0.654477 -8.232350 1.223794 278.187138 0.170763 63.020557 11.283244 53.136011 5.530237
125 -3.494298 0.700776 -49.117631 3.334180 125.596312 0.413224 11.228099 0.753349 245.209458 1.569604
125 -3.243786 0.426081 6.997088 0.562927 103.416401 0.005247 68.512795 4.542447 447.652372 1.068580
125 -5.752591 0.521244 -3.971575 0.668900 211.762467 0.719179 -66.877049 7.601191 341.961066 6.086190
125 -4.130642 0.342885 -12.052194 1.230867 286.037050 0.647012 -7.626872 9.261473 116.710961 2.842292
125 -6.245977 0.768496 27.765940 4.490451 273.895292 0.622135 -23.436662 2.111642 274.157726 7.072962
126 -6.914692 0.675289 -17.439719 0.916563 263.734776 0.725779 45.393603 12.274875 388.084357 8.410391
126 -9.371336 0.294730 -33.834401 0.453219 125.671291 0.422252 -27.097852 1.077494 257.797096 13.323680
126 -5.930776 0.284406 -27.800357 14.061280 451.639211 0.764075 -15.209661 3.634820 323.750353 6.442559
126 -4.025770 0.459182 -64.381823 9.677135 126.074863 0.176738 -10.802896 1.982298 335.085614 2.632548
126 -5.688034 0.632111 -4.320082 0.805316 258.380837 0.241673 80.331091 12.399124 66.969508 5.957076
126 -3.235952 0.702405 -53.872035 4.332177 101.104822 0.422935 5.586768 0.605008 234.109245 1.052912
126 -3.318497 0.420721 4.304738 0.767402 110.006342 0.007439 70.902580 4.335360 435.970412 1.218001
126 -4.081228 0.482834 20.271074 0.543377 196.899966 0.597452 -37.820657 8.119391 385.674072 2.743464
126 -4.789549 0.379876 -8.791380 1.960668 316.506496 0.583299 -24.545764 9.551180 136.679464 4.160106
126 -5.759894 0.796966 24.113670 6.265151 267.955601 0.590882 -15.561414 0.697195 240.019060 6.100796
127 -8.645893 0.656429 -25.343668 0.764421 253.351607 0.712532 47.690157 11.110718 365.322515 11.872793
127 -4.267884 0.362236 -11.180263 0.384119 212.163381 0.222502 54.313204 5.250483 182.164287 3.116776
127 -6.881437 0.034187 -54.874346 1.344370 29.658563 0.314139 -26.410289 1.772401 327.676966 8.343881
127 -3.818531 0.472233 -64.985710 9.389998 119.262610 0.168095 -9.725519 1.969954 333.545232 2.218070
127 -5.855176 0.679898 -4.709195 0.978975 291.172800 0.316147 78.198820 14.040933 58.721616 6.291359
127 -3.226297 0.700032 -55.188317 4.768830 111.381225 0.450106 3.509954 0.578311 234.727053 1.033601
127 -3.588439 0.430501 6.580971 0.828554 116.530961 0.009049 69.506016 4.331358 434.840155 1.757885
127 -3.665628 0.466313 26.469967 1.090539 213.065429 0.583307 -40.053774 7.433532 386.336670 1.912264
127 -6.584787 0.636886 -18.599016 2.376580 342.168726 0.581330 10.413478 9.812410 144.592517 7.750581
127 -6.015275 0.055017 17.767303 6.820128 132.849841 0.587655 -24.418963 0.728151 256.763287 6.611557
128 -4.056103 0.548017 -13.738772 0.977099 247.180301 0.267138 58.321493 9.275584 309.666046 2.693213
128 -3.545597 0.352980 -7.904774 0.539574 220.285621 0.233993 47.941771 4.659702 187.358174 1.672201
128 -6.463126 0.730976 -76.468974 0.988078 179.486405 0.401933 33.256871 4.529636 399.909387 7.507260
128 -4.022796 0.478605 -67.348234 9.426900 127.471849 0.159782 -8.190108 1.891116 331.179816 2.626599
128 -4.558317 0.688271 3.469339 2.434663 298.384024 0.334477 81.636145 0.061191 96.580266 3.697642
128 -3.895210 0.743334 -54.240946 4.513701 161.843709 0.585754 16.636564 0.120770 206.165312 2.371428
128 -3.927636 0.437030 6.176400 0.688790 120.394028 0.000236 73.605241 4.430151 433.417130 2.436280
128 -3.689446 0.509589 17.882522 0.779272 209.385710 0.630921 -44.778111 8.290370 383.810626 1.959899
128 -5.412936 0.541727 -12.133178 2.171751 314.138280 0.561522 4.179603 8.274692 156.353092 5.406879
128 -5.255500 0.144867 -1.583819 8.490433 168.563517 0.679264 -9.618991 1.627150 283.119521 5.092008
129 -4.378095 0.540382 -17.088490 1.213739 253.136334 0.193332 70.236289 9.230995 297.315866 3.337197
129 -4.191615 0.385398 -15.775439 0.581792 221.343164 0.206646 55.467074 3.943992 172.915768 2.964238
129 -5.991440 0.753443 -78.647309 1.023145 178.108964 0.429222 31.913390 4.466685 403.541128 6.563888
129 -3.395778 0.443669 -46.111311 9.879609 104.681767 0.104172 -0.859770 1.759499 323.570886 1.372564
129 -4.294005 0.520739 -32.780320 1.009697 225.457426 0.666453 31.375489 10.331347 407.424490 3.169017
129 -3.460098 0.780328 -60.077087 3.689699 161.227098 0.555644 21.036785 0.456787 219.895123 1.501204
129 -3.224567 0.433008 5.919253 0.632748 124.904065 0.006265 72.802333 4.014172 403.132766 1.030141
129 -3.601689 0.530356 21.035077 0.816308 206.178529 0.644750 -43.215508 8.017005 389.938240 1.784385
129 -7.305937 0.535880 -0.775760 1.465880 272.677500 0.669441 25.432683 7.964369 242.010690 9.192881
129 -5.570957 0.180026 20.709878 10.623242 164.480807 0.598601 -3.146133 1.024793 254.101174 5.722921
130 -4.329133 0.657705 -3.294546 7.345657 209.895122 0.143691 -11.854018 1.760128 306.456996 3.239274
130 -6.142597 0.413367 -17.276172 0.053230 201.820801 0.201146 70.880236 3.901170 165.090070 6.866202
130 -6.751846 0.752985 -82.475674 0.828877 197.074616 0.489379 43.880312 5.113363 415.065993 8.084700
130 -3.618494 0.438447 -46.881224 9.944377 94.877615 0.116239 -3.087662 1.762532 322.125785 1.817996
130 -5.547119 0.561801 -19.715548 11.686720 193.774293 0.732654 -14.096241 4.913264 420.786218 5.675246
130 -5.416105 0.018967 -60.827785 4.885709 153.272839 0.558049 -8.229318 0.507114 245.447650 5.413218
130 -3.471718 0.435568 6.718412 0.763523 132.539243 0.019478 70.263004 4.030904 401.255275 1.524444
130 -3.743849 0.514602 16.553860 0.701358 206.590971 0.684582 -48.027449 8.952958 388.564134 2.068706
130 -7.434183 0.617395 8.524119 2.662756 272.531797 0.639976 -0.261595 7.712758 355.767353 9.449373
130 -3.877019 0.249303 0.511105 11.108398 176.220157 0.606691 -9.028935 0.695233 245.395055 2.335045
131 -4.026875 0.406453 55.337670 9.092029 285.732513 0.750071 -20.224442 0.395344 206.735963 2.634758
131 -5.617220 0.462376 -19.689645 0.267074 216.874058 0.214127 82.718493 4.572767 151.797642 5.815447
131 -7.358174 0.757279 -86.995813 0.546099 200.578687 0.504963 39.963004 5.514087 410.858969 9.297355
131 -3.702264 0.432085 -43.649942 10.001787 98.965502 0.129816 -2.035348 1.689869 321.228669 1.985536
131 -5.522189 0.533611 -21.950053 11.437066 196.691023 0.746309 -11.924956 4.681077 410.861131 5.625385
131 -4.693518 0.047403 -68.945494 4.954336 146.614293 0.655284 -9.192617 0.831321 245.628463 3.968044
131 -3.480773 0.448999 -7.500468 2.896720 125.741789 0.005009 61.763509 3.659486 423.102883 1.542554
131 -4.240996 0.487659 1.954622 0.317325 167.312465 0.649077 -26.767266 8.001713 375.771062 3.062999
131 -9.201828 0.751322 -14.391919 2.785427 254.702309 0.592875 24.121884 6.987246 412.937630 12.984663
131 -6.399256 0.306040 -4.160077 12.065625 109.198638 0.666206 -28.232307 1.243333 282.009924 7.379519
132 -4.182787 0.373608 45.833692 8.848388 274.999754 0.797430 -21.303613 0.044136 193.848775 2.946581
132 -4.488865 0.452927 -12.535788 0.340753 226.775061 0.227090 88.156590 5.766067 111.487416 3.558737
132 -5.370963 0.604862 -12.626321 2.425158 341.542012 0.579134 20.252113 12.767617 35.624933 5.322933
132 -3.460309 0.446272 -39.287821 9.952571 88.506685 0.116166 -0.574367 1.753212 325.318113 1.501625
132 -6.733474 0.583820 -20.070390 10.796827 186.970428 0.696965 -0.884960 5.283798 443.304869 8.047955
132 -5.094783 0.002707 12.994895 7.938540 103.852304 0.472946 -17.100774 1.987919 314.235349 4.770573
132 -5.983917 0.476701 -6.838361 2.063904 150.964926 0.025316 69.550601 4.510275 450.776054 6.548842
132 -4.255186 0.475640 2.852386 0.089374 169.406925 0.661837 -28.294067 8.713888 375.697393 3.091379
132 -6.498750 0.785165 -13.599325 1.312422 268.789282 0.679665 30.678048 7.659234 292.267635 7.578507
132 -6.507294 0.393508 -16.239838 11.391496 88.644985 0.641587 -26.060960 1.671987 306.370804 7.595595
133 -4.176332 0.371976 43.723627 8.879844 266.578573 0.798458 -20.614903 0.025984 192.852006 2.933671
133 -4.306276 0.482535 27.825832 0.331582 221.028692 0.172395 83.480725 8.185480 138.350029 3.193560
133 -5.570863 0.566651 -7.652430 3.029490 365.446767 0.064274 -18.475922 14.792455 74.451942 5.722734
133 -3.460661 0.493251 -49.816662 9.593263 120.694437 0.171921 -4.069465 1.659708 312.641325 1.502329
133 -8.326236 0.641477 -28.691847 12.621407 102.580557 0.703405 -14.413081 4.140048 424.043005 11.233479
133 -5.559100 0.035740 -11.342199 5.475678 112.286840 0.142099 -4.121719 2.436641 369.980784 5.699207
133 -3.444773 0.488259 -15.506001 1.080110 169.515270 0.127403 62.221940 6.169297 456.328714 1.470553
133 -4.220275 0.489741 -2.253641 0.368925 181.795781 0.705931 -35.717152 9.206285 363.377877 3.021558
133 -7.664229 0.752221 -2.769713 2.658687 287.342895 0.670353 34.449282 6.697702 312.276759 9.909466
133 -4.659188 0.444186 74.241055 4.619712 85.837231 0.290256 -11.148823 1.943644 332.711584 3.899384
134 -4.194805 0.372908 43.742105 8.905381 266.310852 0.798821 -20.678045 0.017150 193.031961 2.970618
134 -4.415208 0.477494 25.420517 0.341139 223.637554 0.170833 84.025098 8.232247 139.298955 3.411423
134 -7.437723 0.569198 -1.014756 2.688622 364.298432 0.050979 -20.245896 0.630957 38.916994 9.456453
134 -5.403261 0.096656 -77.369390 6.654222 370.268577 0.318826 -1.831476 3.459291 325.735443 5.387530
134 -5.573678 0.629851 -37.059199 10.549395 224.438091 0.748339 -5.314977 2.789934 332.573980 5.728364
134 -5.263065 0.016869 -40.901134 7.549679 143.352667 0.183059 -3.728806 2.178905 337.111513 5.107137
134 -6.058972 0.326936 -18.624824 1.174554 177.216399 0.124067 27.582051 6.916691 488.236355 6.698951
134 -3.491439 0.473876 18.957660 0.539636 192.342556 0.741791 -31.038768 6.675204 327.561489 1.563885
134 -8.673380 0.728237 14.464875 0.380233 251.684017 0.618154 39.495538 7.593343 215.048433 11.927768
134 -4.277791 0.442490 62.535200 5.248272 72.124951 0.194956 -17.646783 1.616726 310.105989 3.136590
135 -4.214678 0.370169 47.147168 9.358635 241.922998 0.791686 -16.450826 0.021567 191.140261 3.010365
135 -3.760570 0.531943 14.388326 0.123768 211.911596 0.138632 -84.053186 12.098401 132.634735 2.102148
135 -5.423307 0.647566 -14.899105 3.064648 363.632397 0.070540 -17.543491 0.983832 41.878849 5.427621
135 -4.899877 0.113267 -61.262891 7.470680 349.154437 0.331938 -12.901939 2.340523 291.733639 4.380762
135 -5.490380 0.643571 -30.911577 10.544851 210.512888 0.735234 -9.274051 2.568234 325.248231 5.561769
135 -4.678471 0.799657 -52.701003 9.852745 118.912052 0.250564 -16.785881 1.761820 317.463684 3.937950
135 -6.240459 0.328705 -16.167690 0.964985 169.982201 0.138164 29.871593 7.196945 495.738540 7.061925
135 -3.555712 0.437497 19.947313 0.700972 196.930095 0.730402 -33.634264 6.403077 327.990311 1.692431
135 -8.972626 0.723571 15.438634 0.333266 249.650754 0.612015 39.443037 7.582872 216.173231 12.526259
135 -4.326264 0.446525 62.992134 5.190570 71.894232 0.199058 -17.918747 1.650965 311.119499 3.233537
136 -4.052711 0.451463 44.086530 9.161369 208.954511 0.723837 -15.498098 0.258847 205.549423 2.686430
136 -3.515695 0.551128 -0.996370 0.614266 239.179982 0.049495 -74.464242 12.429443 116.006908 1.612398
136 -5.399553 0.579312 -16.469427 2.124025 329.126728 0.131151 -13.297265 1.444677 18.995560 5.380113
136 -5.574013 0.046344 -51.468381 9.129950 355.165979 0.306858 -27.111979 0.754559 219.740530 5.729034
136 -5.497101 0.651451 -80.959379 7.729172 240.960189 0.347373 -15.995989 1.930630 304.493437 5.575209
136 -3.959113 0.069561 -59.580099 7.497985 64.364358 0.258199 -12.670982 1.600184 310.776021 2.499234
136 -3.337952 0.380059 -7.343068 0.390393 147.367806 0.112183 29.656465 7.853724 486.455581 1.256912
136 -4.296589 0.439074 20.753181 0.281007 184.622255 0.676868 -34.588125 6.630819 335.594769 3.174186
136 -4.353633 0.620262 -25.016132 0.349932 201.278750 0.570067 6.831762 8.180773 265.051295 3.288274
136 -3.952330 0.502212 78.296716 6.817326 52.803527 0.254646 -8.798477 1.673405 315.890673 2.485667
137 -4.871734 0.476930 30.631314 9.686150 192.040436 0.797054 -24.744637 0.332842 230.506914 4.324476
137 -4.175146 0.620505 21.976733 4.112701 314.480151 0.562097 -11.449119 0.106891 145.690922 2.931300
137 -5.344465 0.645111 -14.724027 2.666156 344.428703 0.072497 6.016671 0.588017 46.408636 5.269938
137 -5.972794 0.044599 -49.705396 9.449230 359.340534 0.302021 -17.271288 0.390912 191.812185 6.526596
137 -5.896863 0.627145 -84.151080 7.054582 201.026452 0.396016 -3.414002 1.956716 326.040272 6.374733
137 -4.200223 0.058051 12.954317 8.219681 218.724664 0.723951 -10.971461 0.466481 209.601953 2.981454
137 -3.952093 0.358266 -20.359392 0.308681 153.884436 0.127986 16.523578 8.890266 497.965593 2.485193
137 -3.743167 0.471732 15.391966 0.279931 169.177860 0.635228 -34.096675 6.729849 351.195986 2.067341
137 -4.239581 0.788774 -18.353668 0.445629 231.971192 0.204590 -19.148211 8.492923 146.156387 3.060170
137 -4.671602 0.471442 62.405697 7.452258 46.105767 0.311860 -15.077583 2.132998 337.247695 3.924212
138 -4.336784 0.478018 1.969251 9.753258 232.835332 0.721771 -17.100259 0.755404 229.150961 3.254576
138 -5.227999 0.695737 -21.190654 2.992344 236.398606 0.598644 -13.883358 1.578079 215.884304 5.037006
138 -6.028602 0.644785 -2.234915 4.840788 358.835500 0.211539 -3.741957 13.510877 473.230915 6.638212
138 -6.215607 0.017494 -59.694936 10.795742 333.758118 0.316879 -19.258086 0.523424 220.584924 7.012221
138 -6.319150 0.605626 -87.934691 7.504346 188.734931 0.412035 1.201411 2.059476 322.929255 7.219308
138 -4.486844 0.018756 13.064840 8.042638 270.667374 0.745552 -12.805349 0.787628 217.959286 3.554696
138 -3.971041 0.347963 -23.689548 0.473200 153.405358 0.124960 15.471584 8.318285 494.063913 2.523089
138 -5.499964 0.448248 16.088541 0.067730 173.460388 0.655229 -42.730429 7.268358 353.454470 5.580936
138 -4.242112 0.759228 -20.070943 0.450328 228.364704 0.193589 -15.534007 9.178903 153.223756 3.065231
138 -3.265817 0.075418 -5.121920 10.997282 472.970730 0.389939 13.506559 0.462977 179.241687 1.112641
139 -4.614294 0.471475 4.929289 9.981044 231.807070 0.717655 -16.983973 0.673907 236.386420 3.809596
139 -3.401107 0.379130 -7.174119 0.494024 216.888614 0.485821 45.377427 8.369472 277.028589 1.383221
139 -6.436858 0.657454 0.693207 4.276504 355.925734 0.198570 14.299086 14.650443 443.287676 7.454723
139 -3.252008 0.049231 77.309460 5.751384 207.669795 0.418829 -0.795863 0.539522 219.827168 1.085023
139 -5.368673 0.531392 81.612562 6.743162 158.411887 0.393449 -4.373647 1.606869 301.653108 5.318354
139 -5.609237 0.054702 19.061329 8.421977 342.854782 0.673053 -3.395712 1.079238 224.529728 5.799482
139 -3.880631 0.347077 -19.014864 0.283011 153.411619 0.133447 16.341179 8.418841 483.323000 2.342270
139 -3.988656 0.734805 -9.565283 0.274378 222.217547 0.009626 37.961045 9.643492 189.869282 2.558319
139 -3.667502 0.737559 -3.507613 0.009961 207.565859 0.312444 -2.106687 8.863386 170.327694 1.916011
139 -3.649900 0.075917 -10.469657 12.202610 437.649443 0.456264 6.831626 0.534177 202.642086 1.880807
140 -4.395577 0.300429 5.556369 12.500271 248.801344 0.639194 -14.450545 0.052686 201.784681 3.372162
140 -3.634738 0.339002 -16.141738 0.690189 221.658101 0.478681 28.545542 10.652805 317.269703 1.850483
140 -6.162899 0.765358 -2.755540 3.972624 402.022224 0.119486 9.486185 11.790659 22.828946 6.906806
140 -5.985985 0.703427 72.644241 5.960236 217.961476 0.575660 -4.846766 0.569724 247.278880 6.552977
140 -5.791824 0.505601 12.708914 12.659785 331.815508 0.442579 -22.350328 2.468417 321.379138 6.164656
140 -3.903498 0.203659 -34.854727 4.009177 18.734597 0.422550 3.179754 0.210465 222.101804 2.388004
140 -3.844010 0.361341 -19.510087 0.459294 165.919948 0.125164 19.522668 9.341874 490.276391 2.269028
140 -4.673247 0.706408 -20.162330 1.036907 254.129300 0.015980 42.414204 9.968590 179.784335 3.927502
140 -5.357159 0.745149 -5.688853 1.368469 276.244479 0.399698 -7.289594 9.004593 53.572031 5.295326
140 -4.927007 0.131965 -7.747098 13.639286 427.402666 0.546072 -1.448003 0.640263 227.400141 4.435021
141 -6.779233 0.420745 -13.613724 12.142864 471.791830 0.695114 11.574678 4.401844 323.878087 8.139473
141 -3.830370 0.508389 -12.725014 0.897617 253.587134 0.504197 37.007188 9.974269 167.315878 2.241747
141 -4.969736 0.052464 -9.998922 6.270465 457.972542 0.000265 10.789971 10.744451 451.197332 4.520479
141 -4.099282 0.075735 -79.131619 4.016260 196.643778 0.538035 -10.357591 0.504193 219.746493 2.779572
141 -6.055832 0.480237 10.635872 13.703397 354.285287 0.420739 -10.687968 1.537426 280.795406 6.692672
141 -3.416053 0.222191 -40.208263 3.726599 10.549311 0.422465 0.643874 0.282124 221.432009 1.413115
141 -4.821839 0.427757 -13.231718 0.039481 157.723310 0.122394 21.396026 9.336174 478.262348 4.224686
141 -4.744081 0.711149 -17.490293 0.991987 239.670460 0.787103 27.147316 10.859170 232.824836 4.069169
141 -5.281535 0.798264 -9.991025 1.621619 283.420354 0.472370 11.036140 10.015083 56.956117 5.144078
141 -4.527075 0.112674 -12.068804 13.706889 438.390823 0.545281 -6.357228 0.913737 235.533500 3.635158
142 -5.859036 0.529819 -22.689222 3.165059 374.864231 0.466474 49.141228 1.389346 63.938596 6.299079
142 -4.577057 0.433860 -20.028417 0.638706 236.015550 0.535613 34.952306 9.812349 200.627289 3.735122
142 -5.771843 0.051640 -4.361434 5.340099 439.668001 0.037121 11.517143 10.947937 418.083511 6.124693
142 -4.245820 0.085653 -77.878884 4.047872 196.412042 0.517788 -14.576134 0.586713 219.646940 3.072648
142 -5.184670 0.429625 -0.760723 13.610460 389.255939 0.393272 -12.370837 2.146782 287.529309 4.950348
142 -3.219473 0.207094 -42.798873 4.204051 17.137158 0.477957 3.071742 0.341388 223.378098 1.019953
142 -4.402492 0.345854 -15.665560 0.122002 146.523893 0.085409 8.598087 8.177685 479.028706 3.385992
142 -6.166210 0.798824 -13.958761 1.372464 288.598325 0.119934 44.821875 11.223558 292.333173 6.913427
142 -4.966249 0.555917 -23.657892 0.550420 211.995549 0.291065 40.623059 11.925644 402.003479 4.513505
142 -8.896971 0.051577 -36.257748 7.570225 406.744145 0.598735 19.113471 2.605663 262.373485 12.374950
143 -6.351814 0.166881 17.668882 7.171723 484.664258 0.512515 -36.037405 6.424066 325.111748 7.284636
143 -8.040012 0.529651 9.602818 1.362986 281.632357 0.537617 6.950258 10.518593 34.285451 10.661031
143 -7.367299 0.065342 -2.870988 5.378083 440.347150 0.061324 3.266194 11.175152 426.980977 9.315605
143 -5.146710 0.740406 45.094991 3.480093 148.740164 0.627507 -13.073471 0.255254 205.699056 4.874427
143 -5.911000 0.393665 -46.257072 0.363909 77.232445 0.582434 -11.795843 1.050804 280.050770 6.403007
143 -4.223514 0.251701 -41.540912 3.863383 23.554170 0.459873 -3.252667 0.077822 213.662005 3.028035
143 -3.337060 0.325504 -7.521617 0.375714 163.164196 0.179994 11.594517 6.820364 407.803902 1.255128
143 -5.381404 0.747412 -16.054162 1.825282 272.423865 0.117361 40.420684 9.640819 277.361661 5.343816
143 -4.443408 0.557346 -21.425555 0.934261 242.040578 0.457302 27.611748 12.273924 346.848520 3.467823
143 -8.757959 0.087284 -32.173879 7.817086 407.848771 0.642246 17.812106 1.959375 239.017888 12.096926
144 -7.467599 0.306747 17.624429 4.887781 411.637111 0.453925 -32.252471 9.357237 363.705609 9.516206
144 -5.390799 0.690292 81.323631 7.281094 310.402635 0.381051 -10.051768 3.482944 382.861771 5.362605
144 -6.461080 0.048174 -1.347878 5.409432 439.580419 0.061991 3.283481 10.956223 425.279125 7.503168
144 -4.862425 0.755577 48.958150 3.746658 145.211387 0.629527 -11.973621 0.420926 211.699246 4.305858
144 -5.686479 0.410666 -19.836334 11.976273 434.825879 0.715057 -16.090541 3.993178 322.823197 5.953966
144 -4.013733 0.251957 -46.234544 2.661062 31.623115 0.448052 -2.348627 0.363675 234.428892 2.608474
144 -3.437465 0.311312 -18.312849 0.784998 143.218806 0.089155 29.581272 4.805665 422.514211 1.455937
144 -5.840429 0.649371 68.171695 14.324439 296.184702 0.685150 36.618419 0.130652 193.632431 6.261866
144 -4.224501 0.516795 -8.343831 0.390719 220.751270 0.401769 29.060517 14.530819 344.302970 3.030010
144 -6.673364 0.320581 -34.313880 2.587265 348.186188 0.454065 29.904432 8.459632 224.285090 7.927735
145 -5.265314 0.276889 0.008569 4.360573 398.299773 0.441573 -72.055700 8.977436 365.182885 5.111636
145 -6.039973 0.588572 44.652202 8.327809 164.965524 0.222201 -24.718040 1.991700 336.302842 6.660953
145 -4.087544 0.444087 -21.477084 5.277038 366.549525 0.483181 16.967072 0.127934 153.019279 2.756096
145 -6.149070 0.754669 48.384434 2.603457 110.913614 0.506087 -26.604143 0.701948 253.614458 6.879147
145 -6.115620 0.407784 -19.102838 12.087287 439.949371 0.719360 -17.808203 3.934278 322.687522 6.812248
145 -3.612154 0.323627 -51.762840 1.672058 76.753939 0.399179 -4.008407 0.557804 228.219770 1.805316
145 -4.065517 0.333367 -20.420931 0.151738 120.536928 0.105511 28.291933 4.871232 421.610614 2.712041
145 -5.470388 0.637147 69.858658 14.705783 280.000350 0.691763 35.955451 0.111983 195.489038 5.521785
145 -6.161897 0.494201 -1.788709 1.447766 265.336997 0.368566 33.083261 14.275635 330.854454 6.904801
145 -6.759499 0.211091 80.941749 1.460900 306.253896 0.374440 51.469358 12.278706 248.535996 8.100006
146 -4.259260 0.229226 12.227372 4.005715 389.400044 0.426659 -66.682237 9.273131 372.489293 3.099527
146 -4.068064 0.542154 45.821114 9.166953 185.434153 0.180638 -21.250703 1.965954 327.024561 2.717136
146 -4.224764 0.459142 -18.369635 5.304179 382.668173 0.560904 23.037591 0.211055 150.610616 3.030535
146 -5.243978 0.044666 57.996061 3.695865 159.683553 0.497731 -17.186007 0.885159 255.546320 5.068963
146 -7.440245 0.417516 -24.246840 11.884907 466.305451 0.760370 -13.858076 4.377037 328.404846 9.461497
146 -3.552403 0.366594 -38.259606 0.760153 56.085700 0.433148 -1.178035 0.543195 237.502538 1.685813
146 -3.789508 0.306766 -9.147234 0.536666 159.860286 0.097079 38.975840 5.932701 425.731640 2.160023
146 -6.006630 0.620922 61.567273 0.771411 290.076782 0.725493 33.704441 11.401651 245.844936 6.594268
146 -4.809798 0.515268 -25.450991 0.081223 187.460727 0.405294 24.615169 12.014023 353.359896 4.200604
146 -6.612265 0.211802 81.127711 1.502868 306.988830 0.378348 51.899933 12.265257 247.529819 7.805537
147 -4.161904 0.217471 13.273139 3.804495 383.123745 0.434649 -65.302854 9.210483 367.630264 2.904816
147 -4.284641 0.532749 23.849218 9.730860 210.722261 0.180794 -18.022832 1.236948 280.829644 3.150290
147 -4.702194 0.405424 -74.804130 12.673564 334.745675 0.466748 -3.409907 1.222264 254.242792 3.985395
147 -3.871970 0.094368 57.457001 3.960943 140.905295 0.453102 -13.519045 0.874880 245.644393 2.324948
147 -5.802000 0.497699 -17.775187 13.448344 480.834288 0.786391 -19.754299 4.477871 319.707070 6.185007
147 -5.365016 0.256423 -53.095995 1.914057 25.145902 0.471690 -8.802141 2.027808 319.085653 5.311039
147 -4.063877 0.301981 -4.767615 0.716550 173.013945 0.127465 37.383916 6.367772 429.738636 2.708761
147 -6.150327 0.549554 63.656218 0.744086 284.083072 0.765203 39.533837 11.367001 231.480911 6.881661
147 -4.576071 0.287566 -19.278143 1.563103 271.320254 0.511242 -3.276601 12.533373 347.858628 3.733149
147 -7.463664 0.218577 79.946218 1.252954 294.050847 0.375176 49.842282 12.019429 237.774478 9.508336
148 -5.387051 0.222646 3.400331 3.694625 372.983944 0.413937 -71.283147 9.665919 385.429934 5.355109
148 -5.691467 0.605549 2.963965 8.123139 325.797284 0.270560 23.563855 0.591796 217.520653 5.963942
148 -4.279450 0.305016 -87.206965 12.928759 235.024371 0.575911 19.346328 0.316772 218.128293 3.139907
148 -6.080295 0.103614 -86.073314 5.307871 208.922332 0.365070 -19.871023 0.603298 233.478411 6.741598
148 -6.108934 0.496411 -24.129051 14.608721 499.648492 0.787014 -12.899729 3.427801 295.709565 6.798876
148 -3.399497 0.321849 -36.522695 3.186528 60.439295 0.520617 -1.869856 0.560654 237.171966 1.380001
148 -3.575209 0.301310 -4.812458 0.599870 167.204728 0.134484 39.976960 6.373271 425.642769 1.731426
148 -6.747268 0.548521 64.589550 0.733487 286.077603 0.765893 39.727585 11.442076 233.767803 8.075544
148 -3.742938 0.482015 7.629645 0.480702 208.152758 0.557974 -1.155150 12.599994 337.562594 2.066884
148 -6.370398 0.276738 80.408121 1.394104 308.192587 0.411488 59.991453 11.674874 212.845487 7.321804
149 -7.645596 0.294724 7.846770 6.214946 438.281232 0.375858 -75.612492 9.047668 445.540678 9.872200
149 -4.116651 0.683177 -7.468129 7.793855 360.415068 0.156246 12.542097 0.475317 191.996348 2.814311
149 -4.604727 0.315188 -89.398734 12.632283 243.674734 0.600816 23.956763 0.083624 204.037814 3.790461
149 -3.670257 0.059397 88.603633 3.206506 163.838834 0.312021 -7.931255 0.716439 230.384560 1.921522
149 -6.523240 0.461911 -22.965046 13.428862 491.543289 0.767711 -23.452687 3.578874 294.557209 7.627488
149 -4.446071 0.355573 33.176070 14.060694 31.104103 0.641454 -14.429696 0.923912 268.823813 3.473149
149 -3.789768 0.275395 -13.493792 0.778653 180.815304 0.145099 33.605303 6.638342 413.378568 2.160543
149 -6.510704 0.568871 65.976734 1.028889 310.110488 0.777947 32.437686 10.951221 221.379167 7.602415
149 -5.045512 0.377496 1.744718 7.495831 193.180255 0.783247 8.461988 0.087566 227.229279 4.672031
149 -7.047688 0.266912 79.422067 1.236904 300.598958 0.412670 61.154618 11.750237 213.860948 8.676383
150 -6.112920 0.240994 25.651247 6.183825 453.456092 0.408207 -45.385302 9.575845 411.917782 6.806847
150 -4.915949 0.702908 -16.626088 7.763742 343.469513 0.157533 13.589316 0.553056 205.870928 4.412906
150 -3.676167 0.330742 -88.856093 12.558604 243.325865 0.599012 14.154388 0.085381 203.047398 1.933341
150 -3.358420 0.145787 85.535580 5.275789 243.276475 0.276119 -4.877844 1.068375 245.763131 1.297847
150 -4.922356 0.471417 -18.298692 14.449360 441.532093 0.045674 -14.945271 1.292115 251.268107 4.425719
150 -4.382499 0.386939 0.017383 12.778105 25.809800 0.652270 -15.442099 0.969622 255.133652 3.346006
150 -3.362587 0.295572 -14.981020 0.906550 194.752208 0.156567 35.185773 6.967284 409.501024 1.306181
150 -5.718246 0.536850 68.706171 1.220765 320.324799 0.748960 27.334475 13.173848 215.949701 6.017499
150 -5.319302 0.384197 4.355130 7.278234 192.211128 0.769922 7.169947 0.092645 229.136317 5.219611
150 -5.694692 0.467148 -5.076521 1.818195 305.592814 0.622177 82.587944 11.712041 154.533443 5.970392
151 -7.033249 0.233684 30.059786 6.290248 459.134120 0.397899 -51.145900 8.946044 405.409504 8.647506
151 -3.595051 0.624516 3.366432 6.664668 378.172640 0.177496 4.067218 0.130020 151.319459 1.771110
151 -3.884048 0.315158 66.078919 13.239865 194.339364 0.684296 16.199177 0.076266 207.026974 2.349104
151 -3.341884 0.032673 -88.071811 5.847969 234.510125 0.350903 3.684824 0.754777 226.727655 1.264775
151 -4.914367 0.465917 -18.674196 14.332424 427.646851 0.018236 -13.474801 1.728046 279.885926 4.409742
151 -5.074668 0.386121 -14.332694 13.072315 48.963161 0.543523 -8.330235 0.413363 246.992235 4.730343
151 -3.495776 0.272232 -13.674421 0.815109 192.451547 0.160089 32.618432 7.188327 417.156215 1.572559
151 -7.459002 0.450652 86.268276 2.108652 388.258740 0.628177 70.252410 10.480930 220.017167 9.499011
151 -4.910664 0.413777 -1.564045 5.323756 254.456637 0.660418 6.431122 0.346857 214.869598 4.402335
151 -7.404373 0.547683 -22.160745 2.952109 319.226140 0.578875 -52.318486 12.438434 386.737615 9.389753
152 -9.156226 0.197046 57.226949 5.503236 468.144714 0.386384 -54.733790 10.217413 415.535558 12.893459
152 -6.205129 0.550057 -10.344680 4.259056 379.187637 0.196944 -10.721400 1.433179 155.842531 6.991265
152 -3.796101 0.341590 67.611938 13.518841 219.854901 0.675606 7.839478 0.343649 216.699303 2.173210
152 -4.538558 0.681319 40.750129 10.470446 290.270458 0.624363 24.948702 0.061955 181.145743 3.658124
152 -4.894009 0.467446 -15.173981 14.623089 431.146848 0.042968 -4.940855 1.721811 282.081031 4.369025
152 -4.560316 0.400992 -17.871329 12.837375 40.040117 0.643149 5.117611 0.498132 252.908076 3.701639
152 -3.682803 0.291943 -13.799020 0.645270 178.172335 0.176308 35.035574 7.232305 435.706696 1.946614
152 -5.419167 0.487897 -34.567806 3.961441 316.554722 0.357881 52.571510 5.829859 408.733117 5.419342
152 -5.807503 0.424062 -8.120337 5.267870 261.018136 0.658063 11.845963 0.504548 224.821458 6.196014
152 -7.368043 0.570454 -29.177709 2.881305 301.057423 0.595985 -44.659929 11.707787 375.334093 9.317093
153 -6.736231 0.144410 50.880565 7.076650 445.122697 0.626961 -27.933218 11.368134 476.697499 8.053469
153 -5.580317 0.526787 -25.129984 2.722111 304.701943 0.737838 17.702974 0.461691 143.703236 5.741642
153 -3.722865 0.377840 54.267627 13.919533 198.472085 0.721271 9.257215 0.216819 212.875704 2.026737
153 -4.596401 0.661320 -3.131389 9.099628 247.828407 0.613004 30.548443 0.249342 194.138344 3.773809
153 -4.629834 0.452035 -15.590982 13.965555 427.678772 0.004270 -7.302673 1.697668 277.620600 3.840675
153 -4.753730 0.397567 -14.565840 13.216848 38.829508 0.630488 1.819346 0.540613 258.826530 4.088467
153 -4.135675 0.274894 -8.530498 0.786891 181.908704 0.195110 35.869217 7.346311 441.720185 2.852358
153 -4.456982 0.087056 82.547021 9.888902 56.938116 0.458885 -13.018486 1.106588 265.440020 3.494972
153 -3.521334 0.246146 -36.890597 7.802340 181.541069 0.716710 4.278630 0.172243 213.158317 1.623676
153 -4.594411 0.396210 34.815797 7.926358 329.697267 0.538957 -25.061868 0.923787 231.292096 3.769830
154 -6.877289 0.145402 49.985848 6.416017 435.263722 0.643653 -29.046189 10.306713 442.130992 8.335586
154 -4.699498 0.478430 -38.134931 3.279966 335.952049 0.791935 13.192389 0.153457 130.628073 3.980003
154 -6.042650 0.397285 52.998180 13.615602 201.718862 0.722004 -0.176270 0.697543 229.045817 6.666308
154 -4.750179 0.501267 -16.081495 10.761803 203.213587 0.678212 17.126053 0.052759 213.186634 4.081366
154 -4.670334 0.435021 -14.305918 13.602807 418.057858 0.012812 -6.492730 1.661395 277.872117 3.921675
154 -4.597689 0.497549 -23.628270 14.473614 87.275454 0.721323 4.325491 0.148165 234.931143 3.776385
154 -3.386923 0.284085 -15.805034 0.736553 175.799450 0.166912 37.760776 6.528661 422.518319 1.354853
154 -4.589193 0.079720 80.270702 9.180044 22.280131 0.491876 -15.681963 1.298789 291.096249 3.759393
154 -4.200839 0.751778 67.156955 8.786382 250.106702 0.794537 -22.568527 0.371196 219.505058 2.982685
154 -3.375228 0.120839 -10.838079 5.864539 394.076768 0.567871 1.413299 0.244546 152.292708 1.331463
155 -10.783192 0.158030 41.525140 6.956103 456.054271 0.652312 -33.181905 10.867907 456.136524 16.147391
155 -4.148091 0.510804 -34.484303 2.876294 301.116903 0.770793 17.273333 0.524618 146.655536 2.877190
155 -3.427840 0.404771 58.763205 14.090321 205.495589 0.715021 -0.739431 0.043081 206.654080 1.436687
155 -5.145493 0.325831 -61.709745 2.557701 300.232229 0.650953 19.171888 1.847330 220.436380 4.871994
155 -3.698698 0.488922 -0.974652 14.509894 438.117658 0.002175 -2.496802 1.428411 260.313895 1.978404
155 -5.318027 0.557725 -28.342608 13.988049 137.502917 0.789524 -19.741713 0.720348 260.581867 5.217061
155 -5.663301 0.307899 -10.049701 0.317882 179.072930 0.172489 28.519938 7.205008 406.802809 5.907611
155 -6.914658 0.141498 -59.351303 7.161730 368.139594 0.459355 0.827611 2.159828 282.931521 8.410324
155 -4.407332 0.739499 67.285903 9.524232 240.333639 0.752385 -23.616217 0.590223 230.814579 3.395671
155 -3.442016 0.131903 -12.439022 5.059380 381.441459 0.618110 3.683159 0.082471 141.972684 1.465039
156 -7.519764 0.454654 -86.818067 3.998992 62.278462 0.680204 -16.262161 1.326346 318.223215 9.620535
156 -5.334924 0.503822 -33.976671 2.213991 265.529650 0.722118 21.372713 1.020039 205.313940 5.250856
156 -3.972340 0.425048 75.416468 14.116897 197.646508 0.689607 -4.309162 0.104585 217.695248 2.525687
156 -3.127482 0.304271 -69.231248 2.500887 297.578972 0.627257 14.845241 2.053509 217.611030 0.835972
156 -4.913176 0.436967 8.773336 2.229339 165.071747 0.411279 -19.780359 1.044565 252.162119 4.407360
156 -4.748243 0.450727 11.730971 5.029523 354.594724 0.305988 -77.931321 2.438793 274.156604 4.077493
156 -3.581133 0.254268 -10.020403 0.929093 201.612998 0.169543 32.367310 6.835029 385.425629 1.743274
156 -6.003323 0.151954 -55.997515 8.057464 360.778389 0.473675 -1.770903 2.103296 284.994863 6.587654
156 -5.309495 0.702865 19.706498 8.204564 180.243710 0.742061 -15.478201 1.568752 285.347635 5.199997
156 -4.032318 0.072215 -54.121006 5.568559 354.616136 0.705885 -7.161506 0.141921 168.011514 2.645643
157 -5.673946 0.356066 84.639793 5.230233 93.237598 0.655950 -5.168624 1.954420 304.287831 5.928900
157 -5.539178 0.605086 -26.612463 2.569370 238.979303 0.668439 17.755242 1.198235 205.569909 5.659363
157 -3.901069 0.470539 77.917495 13.540439 170.515737 0.689742 -0.382666 0.116457 220.501000 2.383145
157 -3.661657 0.333152 -55.726095 2.041928 265.585300 0.624051 21.358170 1.921727 222.448117 1.904322
157 -3.448317 0.484734 24.580073 3.886236 124.005059 0.460071 -4.227667 0.453150 226.021698 1.477642
157 -4.154429 0.447487 9.518728 4.983032 353.913296 0.307070 -76.493694 2.447524 272.642574 2.889866
157 -4.775775 0.361833 -1.517606 0.533540 204.545826 0.196963 17.989683 8.433001 386.590205 4.132557
157 -4.075749 0.041442 -86.947590 8.435899 330.078302 0.637868 -12.776888 0.627359 208.559098 2.732506
157 -5.411808 0.782965 -6.735070 6.525983 221.555709 0.730879 -14.762037 1.169455 248.514020 5.404623
157 -4.457039 0.032275 -13.571085 4.792720 456.762954 0.115828 -13.989296 12.250347 335.557201 3.495086
158 -5.091400 0.446050 -74.409611 3.577354 71.230074 0.671409 -12.418614 1.195103 287.870392 4.763807
158 -4.085519 0.606703 -32.902692 2.842227 226.749087 0.710266 18.683448 0.275510 194.959108 2.752045
158 -3.789874 0.462588 79.859110 13.587999 169.422872 0.689189 -0.853303 0.178037 222.933750 2.160756
158 -3.310669 0.292826 -54.939551 1.926450 266.764697 0.594663 18.974011 2.160729 217.992223 1.202345
158 -5.940044 0.526603 46.209533 5.372225 109.691953 0.502651 -7.795278 0.040032 218.328660 6.461095
158 -4.740473 0.448408 8.063128 4.953668 355.912338 0.306524 -76.064464 2.447580 271.415285 4.061954
158 -3.605695 0.417574 -5.620765 0.793410 220.479676 0.047838 23.244835 10.115239 385.879010 1.792398
158 -6.052173 0.092156 71.205913 6.186566 350.237466 0.737887 -16.890216 1.049527 239.876114 6.685353
158 -3.891616 0.003509 -73.170267 14.641113 165.575604 0.189093 -10.760767 1.953821 330.991328 2.364241
158 -4.116100 0.007708 -15.069420 4.993012 465.246875 0.121505 -13.401751 12.193239 343.532015 2.813208
159 -5.104773 0.594141 -70.186391 6.383080 157.295372 0.711683 -8.434805 0.937146 278.000317 4.790553
159 -4.329337 0.545417 -35.758900 2.671094 252.466566 0.721968 3.013933 0.581441 179.082130 3.239682
159 -3.797951 0.571225 17.416450 11.862769 59.166205 0.638817 5.796381 0.402343 235.196968 2.176910
159 -3.187631 0.311606 -56.276558 1.813140 254.081545 0.595133 23.149609 1.621306 208.149153 0.956269
159 -4.742587 0.609251 66.671873 6.143291 150.357206 0.515173 -0.237343 0.011701 207.002822 4.066182
159 -5.187446 0.452850 2.274667 5.120559 352.528581 0.281993 -75.208501 2.397023 271.445332 4.955900
159 -4.181174 0.412611 -0.032124 1.029704 242.397166 0.011264 8.665771 10.669330 371.173065 2.943356
159 -6.339744 0.177315 56.807959 6.612671 454.848058 0.753925 -15.192162 1.699799 217.519803 7.260496
159 -5.989215 0.697003 -71.608357 14.638449 170.465438 0.097090 -1.136277 2.188143 350.791077 6.559437
159 -6.925492 0.018485 -25.145689 4.747798 458.757505 0.137990 -17.363603 12.226312 337.542666 8.431992
160 -3.571243 0.636513 -40.055515 8.528938 82.838932 0.668961 11.129580 0.181372 216.624787 1.723494
160 -5.083229 0.335897 -14.901989 2.334177 338.754359 0.775091 24.117401 2.457124 104.448732 4.747466
160 -3.378921 0.563213 24.648342 11.632642 80.114150 0.604134 -1.427492 0.256675 219.767025 1.338850
160 -5.139109 0.334665 -50.136329 1.661772 240.499272 0.648619 30.258291 0.934870 190.637529 4.859226
160 -6.956345 0.224976 37.749450 2.889795 258.985372 0.688910 -30.212893 7.245588 424.367308 8.493697
160 -3.558540 0.464930 8.562104 5.222991 348.710494 0.290736 -78.133769 2.343416 274.244753 1.698088
160 -3.376339 0.428882 -4.429056 0.606959 207.653934 0.047115 22.369339 10.259652 362.367618 1.333686
160 -6.705185 0.314786 41.999975 2.348524 184.161922 0.651637 -5.956985 5.648532 418.093968 7.991378
160 -5.600066 0.693128 -69.755323 14.759563 174.684743 0.077742 -4.671406 2.272592 355.080075 5.781140
160 -4.597246 0.010404 -31.891534 4.786757 460.606202 0.212433 -15.064470 11.260782 308.987809 3.775500
161 -3.295525 0.641389 -40.069056 8.518773 90.915756 0.664464 9.020660 0.083593 208.407488 1.172058
161 -4.973927 0.342115 -15.888733 2.357272 341.224649 0.777867 24.986816 2.282340 95.488355 4.528861
161 -4.562219 0.700653 80.674102 5.015154 79.963629 0.755930 23.920203 0.156241 217.287502 3.705446
161 -4.003577 0.226621 -66.154496 4.946305 363.860945 0.633556 -2.124871 0.827076 176.591295 2.588161
161 -5.508090 0.189222 30.021231 2.865322 282.604887 0.690100 -28.247549 8.466775 413.266626 5.597187
161 -3.533892 0.467855 9.971363 5.165898 347.758627 0.294063 -77.622297 2.327874 273.136529 1.648792
161 -3.458117 0.427409 -4.506632 0.618090 217.588283 0.043751 33.661802 10.242984 344.634469 1.497241
161 -5.657986 0.380700 12.679157 7.263232 136.782071 0.443813 -15.944890 5.573983 481.877435 5.896980
161 -7.771211 0.705022 -73.239088 14.788104 175.414316 0.078547 -4.076225 2.188083 357.832246 10.123430
161 -5.205404 0.054362 -30.174532 3.333876 386.545787 0.133928 -8.740938 10.940068 315.558558 4.991815
162 -4.243385 0.691632 -20.406900 9.601911 462.031426 0.413407 33.548617 0.451428 168.718948 3.067778
162 -4.468833 0.386234 -30.468403 1.390555 272.319800 0.746144 25.069763 2.155947 134.682689 3.518674
162 -4.424444 0.709662 -89.969101 5.576597 52.046206 0.743390 11.240006 0.234198 233.736606 3.429895
162 -4.821177 0.342566 -64.777996 4.979450 366.031760 0.746943 -1.584342 0.021968 151.809340 4.223362
162 -5.241478 0.182601 21.340997 2.576969 274.245786 0.650506 -25.838574 9.011099 414.757549 5.063963
162 -4.039842 0.464056 8.801824 5.236355 351.821392 0.292018 -78.324612 2.300951 272.834432 2.660691
162 -3.413785 0.437836 5.547902 0.537633 203.527916 0.100486 36.725118 9.909337 370.761897 1.408578
162 -5.844950 0.331675 11.954208 5.576527 163.381140 0.519284 -5.746143 5.485256 458.126331 6.270907
162 -6.809239 0.704771 -79.618058 14.604860 187.048929 0.070975 -3.630281 2.200930 354.422420 8.199486
162 -5.771233 0.077520 -32.702753 3.730901 408.032291 0.252798 -13.826353 10.964362 293.973978 6.123473
163 -4.404096 0.696707 -18.378219 9.588444 460.148614 0.400569 31.590328 0.504190 171.697876 3.389199
163 -5.703775 0.475164 0.537922 1.487284 278.328673 0.564845 -18.259927 3.957556 165.572749 5.988557
163 -3.911597 0.662824 -71.747210 4.039802 82.077008 0.784533 -6.218806 0.017646 215.672239 2.404202
163 -5.661051 0.304369 -55.701223 5.014566 399.379762 0.732354 -7.741581 0.956418 164.423000 5.903111
163 -6.269869 0.282107 19.430961 14.764971 322.095993 0.772163 -22.967684 2.894596 334.629831 7.120745
163 -4.036976 0.460660 8.783309 5.169065 352.920994 0.289921 -78.257544 2.388182 273.736788 2.654960
163 -3.521192 0.479511 3.167916 0.113762 181.488784 0.153453 40.997876 8.739490 354.706604 1.623392
163 -6.849327 0.156136 0.564457 1.395902 224.216835 0.659761 -21.560083 8.058908 413.219298 8.279662
163 -5.616905 0.480119 27.985223 9.318743 123.283473 0.779796 -17.437280 2.907676 349.687551 5.814818
163 -5.913273 0.098561 -32.198763 4.883206 452.455191 0.248973 -3.522100 11.543077 327.986820 6.407553
164 -6.277219 0.697267 -12.747085 10.378129 416.822198 0.408885 37.983001 0.590840 209.289891 7.135446
164 -6.162265 0.513941 10.841772 2.351259 286.947311 0.688727 -16.396215 1.926754 163.195731 6.905538
164 -4.305013 0.639809 -71.922363 3.915558 84.084404 0.782482 -9.687858 0.004568 204.077044 3.191034
164 -4.299416 0.363126 -79.935404 6.961691 383.732448 0.607842 -5.916789 1.477636 241.052901 3.179840
164 -6.563688 0.309040 -1.074235 14.400414 273.818514 0.772786 3.432871 3.078418 338.634532 7.708384
164 -5.594214 0.484715 11.228619 4.656990 333.997411 0.278248 -75.339792 2.299286 275.733130 5.769435
164 -3.764567 0.429861 -1.247507 0.771821 246.508124 0.570280 38.128568 8.319453 68.571944 2.110142
164 -6.641316 0.127115 -0.305719 2.016080 234.706863 0.641709 -22.768529 8.316833 434.006184 7.863639
164 -5.445383 0.493728 30.623153 8.877184 110.786809 0.788660 -12.835353 2.867485 346.869520 5.471774
164 -7.366151 0.085950 -30.654358 4.882392 457.678830 0.257847 -5.488645 11.609658 328.759017 9.313310
165 -5.466780 0.737908 -29.255672 10.349274 487.419302 0.392145 15.499026 2.742521 241.995192 5.514568
165 -4.782075 0.707191 6.473547 5.427021 331.669678 0.594182 -31.937801 0.487277 177.325606 4.145158
165 -3.959774 0.584769 -69.780074 4.020776 66.445730 0.782353 -15.390511 0.271147 222.320385 2.500555
165 -5.115535 0.179228 86.114652 8.446859 439.655745 0.417977 -5.580038 0.323278 174.764350 4.812078
165 -6.437727 0.366981 1.871410 13.793361 250.248504 0.771637 2.958765 2.740709 325.336766 7.456462
165 -4.990138 0.518876 0.609749 4.456462 325.519397 0.293911 -72.089755 3.023396 293.940205 4.561284
165 -4.290081 0.445711 5.413942 0.637628 255.229576 0.640388 32.119840 10.662746 76.343667 3.161170
165 -5.883687 0.156240 3.597854 2.116707 221.186426 0.633606 -27.200815 9.018084 465.016416 6.348382
165 -5.385398 0.319209 -10.563451 0.162702 213.774403 0.087770 -38.819525 6.094219 135.215066 5.351804
165 -5.382313 0.062792 -26.171534 5.565921 463.785515 0.287192 -6.980755 8.492642 319.986732 5.345634
166 -5.660982 0.716169 -20.316866 9.575335 498.744866 0.265528 3.250773 2.950631 219.251251 5.902972
166 -5.742213 0.732443 -1.072276 2.447259 301.800082 0.578422 -16.323654 2.452012 134.875521 6.065433
166 -4.818545 0.583668 -81.830351 3.225272 37.954701 0.746779 69.433755 0.578652 290.802725 4.218098
166 -4.166161 0.151419 84.746799 8.212416 430.821680 0.423426 -6.565458 0.482131 178.325089 2.913330
166 -6.245265 0.400777 -7.747812 12.143134 273.120914 0.723945 -16.865293 2.033145 307.186213 7.071537
166 -5.414244 0.560083 -1.621959 4.353356 332.321040 0.327132 -75.351332 3.367806 299.806575 5.409495
166 -4.060033 0.447799 3.795079 0.653227 254.578501 0.652722 32.749551 10.684864 81.435955 2.701074
166 -6.258593 0.148367 3.987700 2.634763 226.337552 0.631050 -21.389325 8.463147 471.435941 7.098193
166 -5.422851 0.374622 -21.864142 0.347685 226.050331 0.081386 -34.480240 8.267322 98.336709 5.426709
166 -5.671986 0.050371 -17.660704 5.713902 468.727786 0.311222 -8.388262 8.962242 331.815904 5.924979
167 -6.677241 0.738622 10.999824 0.445042 265.687111 0.441644 83.546546 3.214344 63.972828 7.935490
167 -7.450882 0.780390 -11.187074 1.500381 308.558476 0.547449 -34.884845 2.561189 132.396100 9.482772
167 -5.914340 0.602292 -79.287794 2.678906 86.792921 0.770496 70.754730 0.369749 278.306760 6.409688
167 -4.916712 0.205252 66.618480 8.798409 442.003270 0.405625 -0.826354 0.291883 174.586052 4.414431
167 -6.885862 0.430428 -3.028621 12.507279 222.353854 0.760688 -1.845114 0.399811 262.633406 8.352731
167 -3.611362 0.428301 12.912617 0.694511 236.368467 0.438644 -58.751208 6.692191 219.501530 1.803731
167 -3.508928 0.452348 0.235837 0.623891 247.197656 0.663386 38.329986 10.600558 81.153789 1.598863
167 -6.620235 0.027742 -1.982800 11.475324 135.315330 0.626657 82.244588 1.031988 315.126220 7.821478
167 -6.281791 0.332031 -25.789158 0.466678 238.729808 0.108794 -50.559452 8.398662 113.577643 7.144590
167 -6.864546 0.047809 -17.502315 5.599711 468.596340 0.307835 -7.378683 8.988873 330.959871 8.310100
168 -5.217694 0.618389 13.886945 0.421721 243.178519 0.396446 84.994075 3.187417 80.218318 5.016395
168 -5.073708 0.608212 -32.665886 4.117073 290.338380 0.581217 -9.651601 1.221672 199.520970 4.728423
168 -9.953944 0.090357 88.419995 3.990820 481.524437 0.718147 57.689462 0.659970 23.631500 14.488895
168 -4.203419 0.203209 65.761609 8.855828 444.464541 0.412233 -8.174171 0.415826 181.005144 2.987846
168 -6.497252 0.490592 -46.609324 10.738196 298.869156 0.731290 -16.384042 1.395942 280.026481 7.575512
168 -4.040953 0.360417 9.912559 0.740915 238.040771 0.386173 -76.251020 8.188650 273.972838 2.662914
168 -3.401029 0.402807 11.003124 0.531332 236.504136 0.603976 36.854561 10.119268 73.951062 1.383065
168 -5.532187 0.674982 15.294713 0.060776 220.252410 0.612478 23.975259 4.527706 126.050752 5.645382
168 -5.259510 0.320818 -20.176271 0.523386 235.304423 0.122003 -49.497595 8.521346 128.515683 5.100027
168 -8.036095 0.768266 -19.269898 6.057903 443.109263 0.770104 -18.400192 6.211501 211.717129 10.653197
169 -4.494646 0.666505 12.763475 2.072945 201.860441 0.229849 -60.632980 5.038720 425.411251 3.570299
169 -5.814498 0.605663 -43.316666 2.828327 258.855650 0.575415 -7.329660 0.817334 193.967666 6.210004
169 -7.837281 0.387522 84.428242 2.626468 408.918709 0.632903 45.834394 0.123062 63.690249 10.255569
169 -3.416699 0.164495 63.317311 8.636924 446.782704 0.399434 -5.799411 0.756713 194.097501 1.414405
169 -5.176726 0.622417 -40.745869 9.507911 284.910986 0.799974 -5.160743 1.343060 242.287407 4.934460
169 -4.250220 0.540024 -13.907230 0.510226 212.018113 0.212100 70.835339 7.847353 255.525990 3.081447
169 -3.922582 0.381366 14.518913 0.461622 237.107194 0.600440 34.236101 11.149158 60.617618 2.426172
169 -4.505401 0.724277 -15.036327 0.167602 216.130881 0.604146 22.864303 4.644829 157.857353 3.591810
169 -5.230604 0.304834 -20.429552 0.563185 237.605674 0.123154 -48.398424 8.602262 127.207216 5.042215
169 -5.318621 0.734287 12.042035 6.631232 424.490199 0.665576 -67.570269 5.453104 346.153639 5.218250
170 -5.081238 0.582006 14.055025 1.976201 199.663998 0.243352 -62.522925 5.809594 442.846628 4.743483
170 -4.057858 0.545507 -54.819314 4.355795 187.595756 0.511742 13.018668 0.068190 194.372473 2.696724
170 -5.935694 0.433962 73.558084 1.527549 340.894758 0.612931 50.391530 13.928605 156.794859 6.452395
170 -4.614723 0.192618 57.757154 8.050955 474.823575 0.460845 -6.637105 0.434922 166.920011 3.810454
170 -4.437222 0.609157 -40.296494 9.155216 260.452676 0.786468 -9.509772 0.863293 226.531215 3.455451
170 -5.603764 0.360602 13.441976 13.859362 54.647555 0.232985 -11.338959 4.964218 490.694178 5.788536
170 -3.795059 0.354995 -10.079191 0.567222 237.929960 0.634154 1.167922 13.222356 49.585324 2.171126
170 -4.462851 0.776781 17.186863 0.194737 219.238120 0.583021 15.412683 5.718865 57.458442 3.506710
170 -4.229543 0.384115 8.272140 0.834862 260.966730 0.115666 -48.299479 10.255365 156.215084 3.040094
170 -5.163674 0.536533 -5.801270 6.310369 420.808769 0.476530 87.334691 4.156691 317.710935 4.908356
171 -4.408359 0.616433 4.471847 1.961083 197.355357 0.220595 -61.724174 6.215187 452.887762 3.397726
171 -3.843501 0.630766 12.491240 12.419182 294.764715 0.255993 -18.008070 1.118056 259.772482 2.268010
171 -5.256932 0.484063 72.381902 1.084329 303.709160 0.554661 36.971506 14.554857 176.378018 5.094871
171 -3.976525 0.181479 52.656479 8.101941 473.740531 0.463438 -2.586235 0.192697 151.319569 2.534057
171 -4.594941 0.588745 -35.149674 8.275908 246.526975 0.784387 -12.241208 0.621027 230.425729 3.770890
171 -6.291926 0.357492 11.968032 14.164887 69.973129 0.248726 -1.002956 4.835285 482.323276 7.164859
171 -4.207310 0.388705 -10.219299 0.331542 228.405249 0.638856 -1.509346 13.781625 35.064046 2.995628
171 -3.829424 0.780803 12.364980 0.011306 214.155244 0.580912 19.058193 6.268879 67.239598 2.239855
171 -3.514685 0.243466 -0.982963 1.198357 274.505949 0.032827 -59.171704 8.894952 159.096592 1.610378
171 -5.060498 0.537494 -5.898191 6.410681 419.994062 0.474494 87.181336 4.091168 320.361538 4.702003
172 -4.305387 0.671836 11.634032 1.670045 190.443375 0.278397 -66.383611 5.813982 454.600822 3.191783
172 -4.361164 0.664876 25.255513 0.126494 178.570017 0.152335 79.926885 7.307054 346.930788 3.303336
172 -7.628424 0.222813 58.878588 8.751885 93.422147 0.351392 85.554336 1.787280 356.281924 9.837855
172 -3.791198 0.180026 48.476843 8.482919 478.287990 0.591607 -4.676672 0.318582 161.651517 2.163403
172 -4.853131 0.664407 -40.058451 8.730580 211.996634 0.772004 -14.054625 0.958969 250.329559 4.287270
172 -6.630126 0.356871 12.014551 14.188694 70.424403 0.249817 -0.967745 4.815487 482.580783 7.841259
172 -3.923276 0.365406 -10.603880 0.506639 233.089418 0.662163 -4.019262 13.637005 35.691713 2.427559
172 -5.554984 0.607318 -21.600213 0.992347 267.753235 0.303011 88.541240 6.420592 135.431811 5.690975
172 -3.658571 0.258254 -9.144096 1.052321 270.632262 0.031761 -58.866743 8.534885 132.167932 1.898150
172 -5.636489 0.655354 -3.676708 4.905414 387.085161 0.598767 -77.530305 4.390980 284.507556 5.853986
173 -4.360374 0.711004 1.675804 1.217725 181.706450 0.283115 -58.465390 5.461388 405.827695 3.301755
173 -4.711401 0.624027 22.232349 0.189340 171.220989 0.179769 82.321727 6.655353 375.824937 4.003809
173 -5.700569 0.254308 58.205389 7.735239 73.747064 0.359815 73.873314 1.606884 341.141669 5.982146
173 -5.287408 0.176092 62.339246 9.689244 54.623234 0.592208 -1.428063 0.791115 277.941274 5.155823
173 -6.074597 0.756983 -24.261795 7.056236 498.368074 0.794974 50.673141 13.260688 258.094145 6.730202
173 -5.213477 0.224684 18.408742 0.072547 45.077028 0.289715 -19.619665 3.466477 406.530786 5.007961
173 -3.767179 0.551268 -7.383037 0.404329 234.415849 0.070652 71.153438 12.850562 20.370585 2.115365
173 -4.101034 0.634619 -10.237151 0.768987 258.322210 0.394781 89.594448 6.544118 109.591767 2.783075
173 -3.680431 0.259077 -9.560311 1.121401 270.708634 0.035237 -58.561435 8.466935 131.487001 1.941870
173 -6.079256 0.587948 -7.798455 4.831615 386.986393 0.562058 -68.478295 5.599791 298.032957 6.739519
174 -5.156847 0.676864 -0.884413 0.316261 220.924376 0.060155 -68.572954 3.957593 11.578873 4.894701
174 -4.277771 0.610799 22.218542 0.187484 166.769342 0.167792 83.070720 6.500599 372.816792 3.136550
174 -6.543280 0.216900 58.127146 7.670288 51.041869 0.318404 73.217916 1.612087 345.140385 7.667568
174 -6.495433 0.159428 62.347078 7.514022 14.722655 0.557629 -3.069256 1.001983 298.646793 7.571874
174 -5.936440 0.749107 -21.203198 6.963867 487.311902 0.091874 56.704103 12.958409 256.046105 6.453889
174 -5.534049 0.253358 16.446981 0.052334 30.192413 0.259135 -23.121518 3.031499 390.653873 5.649106
174 -4.484026 0.496861 -17.061619 1.276567 280.880112 0.017756 67.054831 13.686990 24.834538 3.549060
174 -4.341978 0.637390 -10.735075 0.744877 260.635787 0.395188 88.518637 6.570290 109.375866 3.264964
174 -5.553408 0.204502 -17.564207 2.598271 362.762679 0.144048 -39.618730 8.994912 202.423094 5.687824
174 -4.910349 0.566827 -2.828808 4.044413 344.608188 0.455737 -82.557081 4.588936 316.447312 4.401706
175 -3.695259 0.627612 22.413967 0.157207 209.113155 0.085713 -83.464322 4.722038 63.692826 1.971525
175 -5.023913 0.785254 -6.383090 1.034943 231.277835 0.211288 -74.468528 6.789528 323.120944 4.628834
175 -6.237775 0.216714 56.473773 7.822107 62.504665 0.327124 72.485433 1.610098 344.012639 7.056558
175 -5.181801 0.306285 50.163965 7.911438 31.790655 0.622660 -13.221997 1.188383 293.832084 4.944609
175 -6.107431 0.728814 -22.995581 6.893103 489.366495 0.115938 59.483671 13.342137 251.408469 6.795870
175 -6.347114 0.258828 24.674580 14.754437 44.173973 0.247997 -21.848321 2.773414 387.632074 7.275236
175 -4.701550 0.455865 -14.676656 1.736086 306.946420 0.719313 -89.488907 12.941185 61.325539 3.984107
175 -4.495043 0.726816 -16.769536 0.372382 235.439091 0.438860 75.213192 6.712520 89.838300 3.571095
175 -5.491427 0.247159 -16.456425 2.643383 371.904929 0.059360 -26.609270 10.784957 147.989661 5.563861
175 -4.697335 0.676207 -25.561886 0.784120 233.035899 0.591066 48.253304 3.689330 215.199218 3.975677
176 -4.910896 0.700185 -24.471814 5.311384 393.379695 0.477452 50.171192 0.412985 139.415540 4.402800
176 -4.584796 0.679931 1.942119 2.170267 278.801517 0.397683 -22.188525 0.213695 134.593063 3.750600
176 -6.939950 0.228948 54.525967 6.219793 69.780753 0.336243 82.393660 1.793915 355.050211 8.460908
176 -3.427198 0.334369 37.877665 8.896954 44.354434 0.500649 2.218392 0.432077 224.884570 1.435403
176 -5.921658 0.765439 -6.025302 7.057005 497.658050 0.074757 48.010348 13.234743 210.910159 6.424324
176 -5.553234 0.332052 27.625837 11.795687 17.641502 0.250216 -25.501136 2.008079 336.502801 5.687476
176 -4.965700 0.519651 -16.592373 1.748558 309.625908 0.695160 -77.317685 14.049871 32.463344 4.512407
176 -5.133907 0.685737 -0.255134 0.380666 214.334008 0.308924 -86.278418 5.755862 170.543673 4.848822
176 -5.662383 0.380913 -20.528570 3.566218 407.299570 0.217130 42.980495 8.972122 84.978097 5.905773
176 -6.011631 0.133916 22.454339 1.527846 198.751971 0.550068 -9.610197 7.669634 445.923101 6.604270
177 -6.058254 0.748289 -18.372256 5.618681 459.560764 0.517769 43.201425 2.737300 82.113978 6.697515
177 -8.485830 0.646588 -4.100331 2.042716 343.029141 0.336831 -20.952298 12.566359 138.410934 11.552667
177 -6.910939 0.263031 66.759486 6.725039 101.974869 0.340890 82.567480 1.673765 344.195003 8.402886
177 -3.837748 0.336928 33.913820 9.565936 83.863883 0.487064 -2.703082 0.609324 249.720981 2.256503
177 -3.486295 0.056694 82.419886 2.168576 293.229747 0.275262 -2.895813 9.214146 392.963627 1.553598
177 -3.310856 0.717859 5.549632 0.142379 191.794906 0.164590 -68.284253 5.187126 224.112783 1.202720
177 -5.143505 0.782935 1.409103 3.456252 326.569285 0.715233 -65.863859 12.294487 443.523178 4.868018
177 -3.372782 0.644841 0.149045 0.241643 206.754709 0.274479 -85.590810 6.551290 167.986509 1.326572
177 -5.219364 0.306120 -16.912462 3.140275 389.647377 0.173924 45.773729 9.097916 104.090536 5.019735
177 -5.355867 0.165379 17.428959 1.216404 171.812622 0.504371 -24.724420 7.612441 467.696066 5.292742
178 -5.677940 0.751273 -9.739547 5.293159 431.519588 0.486560 53.309785 2.158155 117.116439 5.936887
178 -6.333898 0.712496 1.992612 1.945575 310.392539 0.367936 -14.132306 11.709695 97.445372 7.248804
178 -4.978509 0.107615 -37.470602 12.936004 144.896181 0.537860 -12.056161 1.179444 289.749644 4.538026
178 -4.759476 0.319839 36.971870 8.267792 41.756173 0.425636 -23.798946 0.976604 265.233960 4.099960
178 -3.295306 0.068668 81.837602 2.243851 296.751755 0.280079 -2.251183 9.075550 388.822338 1.171619
178 -5.711119 0.742094 -3.232676 10.658891 267.405575 0.636187 -21.753867 1.681835 280.276635 6.003245
178 -7.687244 0.540559 75.608466 1.098000 326.078673 0.298493 68.166397 4.388194 111.751101 9.955495
178 -3.466627 0.694706 -0.652827 0.102739 208.602801 0.266371 -89.786133 6.244331 161.587875 1.514261
178 -5.955515 0.256940 -0.171775 3.040429 383.044690 0.158959 48.370028 8.807789 139.654800 6.492038
178 -5.239500 0.116307 32.317092 1.232559 212.021601 0.464224 -18.716944 8.534816 448.447063 5.060007
179 -6.300716 0.701239 -12.455064 5.567600 455.505275 0.479175 49.189280 2.571619 111.730327 7.182439
179 -5.435172 0.557060 -6.586538 1.760305 299.272177 0.339609 -45.405945 10.301547 65.125298 5.451351
179 -4.534986 0.715332 -48.504499 12.999423 78.408509 0.497625 -10.163697 1.423590 288.138193 3.650980
179 -4.406540 0.431282 47.283786 7.250257 80.151696 0.318027 -18.948942 1.222175 278.233877 3.394089
179 -4.028806 0.073994 81.020169 2.219066 289.365910 0.285762 -6.667324 8.133022 388.018688 2.638620
179 -5.497484 0.764883 -11.185641 13.284150 243.906596 0.588268 -16.780638 1.844868 296.841013 5.575975
179 -7.859286 0.660652 73.019160 1.763762 404.970722 0.232679 25.443554 3.506761 105.298816 10.299580
179 -5.610616 0.706367 -14.814479 1.371049 270.432890 0.491804 -0.810364 9.080338 221.262712 5.802240
179 -5.381806 0.249746 -10.930314 2.770863 379.093805 0.173408 47.683695 9.072790 119.501306 5.344619
179 -4.534884 0.099213 34.919938 1.318013 214.106569 0.450067 -13.463693 8.387129 426.532267 3.650776
180 -5.748620 0.541323 -12.713534 5.088693 450.858171 0.530244 40.004401 1.949409 94.168597 6.078247
180 -5.155402 0.593971 -12.765410 1.828497 313.612212 0.344114 -41.039726 10.041665 43.579117 4.891812
180 -4.771930 0.761444 -49.854104 13.208944 68.660494 0.520861 -14.555116 1.392484 295.453247 4.124867
180 -6.297368 0.280264 33.266431 2.887954 100.285842 0.705076 -0.469507 1.490865 273.903180 7.175743
180 -3.682492 0.085397 82.137420 2.170252 291.066134 0.313233 -4.791095 8.059602 374.819410 1.945992
180 -5.379308 0.785450 -14.463516 13.211397 254.783048 0.576680 -16.100106 2.240805 302.515781 5.339624
180 -6.270436 0.746294 -17.052934 2.307977 259.023974 0.188512 -63.767451 6.557716 380.898873 7.121880
180 -5.209043 0.719651 -16.924327 1.669362 269.942924 0.487825 -1.028123 9.045374 222.415292 4.999093
180 -4.944677 0.237874 -9.735040 2.846678 378.770182 0.164893 43.309543 9.006664 98.845663 4.470361
180 -4.564203 0.129038 20.244876 1.020970 197.074766 0.391840 -23.615850 8.390019 448.641201 3.709414
181 -4.619506 0.580130 -2.013917 6.059466 416.112573 0.464347 50.518866 0.068022 123.016323 3.820020
181 -6.601960 0.625922 -10.212596 1.488364 318.676383 0.308207 -53.841221 8.295583 53.459761 7.784928
181 -4.898800 0.716758 -15.709381 0.513267 160.580807 0.385404 -8.430825 2.249624 277.070300 4.378607
181 -9.487696 0.110580 30.163651 1.990576 162.932736 0.375310 13.048540 2.275093 299.738730 13.556400
181 -5.337526 0.107990 87.720529 2.164611 303.554611 0.396204 7.688066 8.183356 347.115873 5.256059
181 -5.841962 0.008573 -50.196452 11.381103 285.077484 0.566743 -19.427068 1.918940 302.414053 6.264932
181 -6.962268 0.728292 -12.115105 2.564060 242.931009 0.195898 -88.003581 6.842406 468.140486 8.505543
181 -5.605455 0.740038 4.372084 0.242214 226.324458 0.538494 0.021831 8.873080 287.083419 5.791917
181 -5.134429 0.256981 -16.011508 3.147476 394.659434 0.203038 51.190653 7.199414 104.854456 4.849866
181 -3.860440 0.058155 35.693076 1.002974 206.516064 0.369376 -13.939948 8.196830 418.827766 2.301888
182 -5.286562 0.574116 -1.225043 5.836057 416.188444 0.462095 51.027282 0.093105 122.058968 5.154132
182 -5.593807 0.739967 -10.237855 2.465818 332.740064 0.375503 -49.494003 5.682558 37.299287 5.768622
182 -4.349968 0.796084 -13.052888 0.338818 140.839744 0.434252 -10.474981 2.424152 267.570073 3.280943
182 -5.420094 0.785094 0.942857 0.050454 242.207493 0.474506 -83.892278 2.960346 32.964097 5.421195
182 -5.141211 0.104599 87.906375 2.168668 306.553440 0.397569 6.485224 8.193493 340.167716 4.863429
182 -4.239254 0.020343 -4.791786 0.428588 172.289216 0.643205 -11.591663 2.309469 243.371615 3.059515
182 -7.981800 0.622658 -21.091381 3.718446 240.133769 0.155811 88.149750 6.373034 476.841519 10.544607
182 -4.889733 0.407764 43.165855 11.551478 180.802325 0.560240 -14.308892 0.440140 237.988552 4.360473
182 -6.347218 0.201599 -9.201780 3.425326 421.654683 0.226840 49.208293 7.886031 94.440169 7.275443
182 -3.564428 0.180992 36.261606 1.100184 225.236040 0.322112 -16.693930 8.344169 386.884852 1.709863
183 -4.056181 0.565401 0.728120 6.174183 414.174565 0.478004 50.222097 0.020405 121.235472 2.693369
183 -5.547530 0.736864 -20.115765 2.630831 337.662541 0.282479 -32.781932 7.081525 61.153404 5.676067
183 -4.818834 0.793325 -7.415436 0.449268 138.716260 0.455686 -9.150767 2.496567 268.915317 4.218676
183 -6.771409 0.676307 16.202355 0.319203 252.113702 0.451010 -80.350758 3.098199 44.758435 8.123826
183 -3.669219 0.120978 -89.172701 2.676577 322.831019 0.402315 1.989496 7.854702 356.411324 1.919445
183 -4.258797 0.020271 -7.887522 0.597788 162.236473 0.642643 -9.304889 1.963817 255.956582 3.098603
183 -7.609650 0.258155 -31.823980 4.974909 196.464195 0.186971 75.261517 3.659169 433.018859 9.800308
183 -3.982791 0.640877 52.503602 11.744433 209.202253 0.734287 -17.813258 0.434915 220.494906 2.546590
183 -4.549000 0.080851 1.710855 2.364387 371.896430 0.325943 26.839766 11.628113 18.977120 3.679008
183 -3.377905 0.180870 43.242127 1.085009 214.661121 0.324593 -18.741043 8.012818 409.149379 1.336818
184 -4.116932 0.568142 -0.323940 6.367992 418.505636 0.478790 53.363722 0.011526 126.518240 2.814871
184 -6.336091 0.765463 -23.903183 1.270906 287.344488 0.297300 -28.636188 7.490989 89.605411 7.253190
184 -4.243243 0.798221 -3.154395 0.514768 31.607862 0.370264 -15.383983 0.916594 264.407341 3.067494
184 -5.189870 0.433047 -13.301017 2.651754 351.337020 0.459674 -51.768372 1.931960 61.765036 4.960747
184 -4.219333 0.117978 -89.896120 2.620361 319.083619 0.417516 1.855093 7.681137 354.958148 3.019674
184 -4.811325 0.586021 -13.320212 0.499561 151.042465 0.658343 -10.610369 2.791885 272.114501 4.203658
184 -7.916563 0.201606 -44.119911 4.793377 179.260585 0.130935 72.282295 3.692494 435.076790 10.414134
184 -5.403295 0.681385 49.759920 11.067248 223.245470 0.714700 -10.174649 1.036087 258.861577 5.387598
184 -3.273066 0.068078 2.242038 2.109317 351.921342 0.321616 21.975618 11.588255 23.789014 1.127141
184 -3.238802 0.208554 38.711686 0.937865 200.513989 0.328541 -20.404117 7.554939 405.105431 1.058612
185 -4.179455 0.581211 -3.731755 6.351170 416.840858 0.484972 52.071855 0.119536 128.930451 2.939918
185 -7.705631 0.749309 11.395246 1.612380 280.952319 0.272408 -53.231721 9.398639 115.694553 9.992269
185 -6.186954 0.050006 0.946003 2.433228 14.150653 0.359582 -2.482069 1.262985 283.178309 6.954915
185 -4.370670 0.191878 -4.602173 2.465570 320.788235 0.244312 -24.784595 0.893465 139.124415 3.322348
185 -3.487258 0.129790 88.318669 2.601012 319.898413 0.408131 1.799614 7.669402 349.804158 1.555523
185 -5.372838 0.775537 -44.124589 1.545636 178.875251 0.700899 0.199336 0.373064 174.266035 5.326684
185 -6.877885 0.190845 -44.868903 4.596372 177.733603 0.123224 71.006336 3.821347 437.466346 8.336778
185 -6.881946 0.761673 54.126849 10.092411 273.987562 0.739891 -5.960136 1.318396 264.137777 8.344900
185 -3.425999 0.067213 2.388004 2.094006 351.805245 0.322025 21.645176 11.591673 24.501071 1.433005
185 -8.953561 0.278868 30.398196 2.152124 205.889549 0.356857 -34.414409 6.333786 464.101220 12.488130
186 -4.977253 0.549557 -3.686730 6.358302 417.090001 0.453418 55.236091 0.401347 145.110405 4.535514
186 -9.470910 0.727037 15.861205 1.550825 289.184331 0.235722 -52.228970 10.844161 108.018931 13.522829
186 -3.384628 0.134241 4.823768 1.790043 29.830107 0.340396 -5.349856 0.775454 252.245654 1.350264
186 -5.073900 0.271967 -23.762509 1.408803 293.349844 0.307986 9.793837 14.368333 151.725242 4.728807
186 -3.499268 0.130516 87.478697 2.775514 328.064954 0.416397 -2.033691 7.609925 349.064994 1.579544
186 -5.339448 0.727686 -28.919043 2.150651 167.036350 0.622482 -1.102066 1.024235 256.275045 5.259904
186 -6.827443 0.193965 -44.892786 4.715932 180.478219 0.114621 71.716844 3.925525 441.189550 8.235894
186 -5.298122 0.795886 51.042624 9.580131 252.339989 0.775242 -12.900188 1.253798 262.452746 5.177251
186 -3.285185 0.064629 2.865419 2.147881 354.696485 0.341615 17.406377 11.908691 24.284645 1.151378
186 -3.574935 0.167623 28.800749 0.913957 231.601222 0.293827 -6.559715 3.648534 221.577868 1.730877
187 -6.105040 0.584159 -6.587427 6.739846 432.335181 0.449416 57.073038 0.547247 161.250987 6.791088
187 -5.868614 0.776541 -27.028674 1.205186 277.887439 0.206782 -48.112006 13.987434 21.743361 6.318236
187 -4.371497 0.175438 9.915277 1.376538 22.830340 0.357102 -11.779344 0.316177 225.541771 3.324002
187 -4.301695 0.199799 -18.103470 1.312004 287.693839 0.316189 13.110378 13.681453 167.535163 3.184397
187 -5.706237 0.711040 -25.679256 6.986726 315.707611 0.347807 5.299726 4.844881 384.877453 5.993483
187 -5.150907 0.732353 -29.723946 2.138906 166.626977 0.620968 -1.445311 1.066210 254.023107 4.882821
187 -8.115090 0.170116 -41.704292 5.179020 181.207656 0.135411 71.160966 3.791656 444.362510 10.811188
187 -7.110686 0.085357 57.879054 9.046311 203.590240 0.759448 -9.636889 0.698472 280.868941 8.802380
187 -3.521113 0.071243 1.652024 2.213375 357.386813 0.338285 19.940258 12.464701 17.888781 1.623233
187 -3.877664 0.194737 25.502898 1.445154 201.678662 0.327455 -12.569328 0.956548 208.770630 2.336337
188 -5.201942 0.673072 0.712652 7.377735 392.254884 0.594638 46.484994 0.131956 162.285618 4.984892
188 -6.331058 0.749439 -12.556275 1.942284 330.976296 0.230795 -64.064128 13.807617 15.190246 7.243124
188 -3.770149 0.165055 14.216810 1.271606 24.072676 0.353584 -10.100375 0.609654 240.742846 2.121306
188 -4.881093 0.282191 -21.695228 2.138414 330.778955 0.313986 17.724213 14.668924 209.611831 4.343194
188 -7.807353 0.032231 -11.916320 4.777842 328.878843 0.155104 11.485482 4.947423 379.481405 10.195713
188 -6.372309 0.592937 -18.057405 2.001210 135.660573 0.634229 -9.767144 0.638101 254.129859 7.325626
188 -6.364482 0.178938 -37.010322 4.166756 174.631747 0.170306 72.922034 2.940508 389.886667 7.309971
188 -4.313331 0.273216 49.068586 5.955429 240.877231 0.535300 -11.449653 0.766236 240.849110 3.207670
188 -3.512742 0.084298 1.918710 2.230424 360.657289 0.337020 17.177693 12.340375 11.561484 1.606492
188 -3.428979 0.193776 17.100221 1.587735 237.756120 0.297181 -22.783443 1.150725 186.941765 1.438965
189 -4.599272 0.712351 -8.615027 6.767676 371.873095 0.597844 48.029900 0.246912 155.035599 3.779551
189 -6.013435 0.659465 -3.816799 2.195978 329.216271 0.270811 -56.898495 11.484768 122.429336 6.607878
189 -4.771314 0.126242 23.406980 2.081738 30.707084 0.402645 -12.134358 0.147810 216.819355 4.123635
189 -5.431423 0.404476 -23.573301 2.049222 318.681561 0.286407 3.449581 14.362426 207.052653 5.443853
189 -6.917120 0.763368 -28.412885 3.193933 210.559609 0.133461 25.221893 5.956341 475.185196 8.415247
189 -4.129927 0.788484 -61.330643 1.009776 155.884452 0.722297 20.954384 0.480824 216.530685 2.840862
189 -6.085070 0.178195 -34.946487 4.260023 157.453669 0.162662 71.598529 2.815762 388.109038 6.751149
189 -3.478880 0.273979 54.883299 5.976289 243.542438 0.555338 -7.262439 0.532265 216.739621 1.538767
189 -3.476426 0.097954 -5.611301 1.948510 338.790510 0.352565 23.279562 14.195384 33.438821 1.533859
189 -3.460716 0.195172 22.386772 1.185441 220.536320 0.323985 -12.077772 1.301308 191.066551 1.502439
190 -4.251642 0.782610 -2.301317 8.024080 332.612193 0.568920 29.399732 0.005061 169.935001 3.084291
190 -5.205269 0.637087 8.679693 0.598105 255.657630 0.330586 -64.286408 9.495411 173.638226 4.991545
190 -3.791822 0.041757 10.862273 1.633687 12.488067 0.424252 -8.242662 0.324967 223.359096 2.164652
190 -5.212897 0.336146 -11.572132 2.744626 355.814598 0.312747 8.810634 13.090760 232.120281 5.006801
190 -4.530460 0.014420 50.580398 5.908359 360.565873 0.052555 -12.234959 4.675532 384.336349 3.641928
190 -4.743001 0.710662 -73.571757 0.637970 170.206242 0.583008 13.408658 1.247952 234.351667 4.067010
190 -8.798098 0.101225 -29.471111 4.490150 163.118677 0.201065 58.215152 1.843659 337.286013 12.177204
190 -4.104253 0.250308 66.880629 6.944789 252.494706 0.517736 -12.830492 0.276034 204.257786 2.789513
190 -4.713543 0.114421 0.844922 1.962784 345.577374 0.322500 -7.750818 13.413096 62.421788 4.008094
190 -3.958494 0.163715 23.394935 0.742164 220.400679 0.327698 -13.033081 1.512825 164.727362 2.497996
191 -4.207153 0.755596 -0.706801 8.234124 327.871707 0.560276 28.324070 0.160793 176.663604 2.995313
191 -6.893031 0.704585 -1.386978 1.451029 298.068757 0.262836 -72.772750 9.561481 213.747630 8.367069
191 -4.430235 0.087453 5.971317 1.092047 21.264892 0.477842 -9.902746 0.731011 241.874528 3.441477
191 -6.035184 0.395818 -22.707876 3.550884 395.015535 0.256012 23.953137 12.045294 223.487230 6.651376
191 -5.841845 0.647893 64.503781 6.284455 364.837517 0.736223 -24.397214 4.980323 381.175590 6.264698
191 -6.194615 0.709756 -68.435121 0.543390 176.558245 0.598830 9.499127 1.651375 250.519293 6.970238
191 -5.707823 0.067468 -32.858633 6.806691 140.382618 0.147552 65.331832 2.037988 347.977717 5.996654
191 -3.678741 0.170139 65.986330 8.110568 244.275565 0.433032 3.000346 0.764031 238.633043 1.938489
191 -4.819123 0.162465 4.863158 1.479657 314.039564 0.375263 4.648837 13.443369 50.860811 4.219254
191 -3.642000 0.159918 8.558755 0.722167 219.690657 0.291498 -13.780515 1.664114 164.105496 1.865007
192 -3.461902 0.603000 11.472626 7.513955 282.925266 0.452967 13.679548 0.201387 183.514558 1.504812
192 -7.902613 0.772836 -14.759864 6.378090 420.476946 0.569219 8.789129 7.253858 307.126970 10.386234
192 -5.006280 0.025098 -23.509798 2.477818 61.898072 0.334219 -10.864571 1.945827 331.151908 4.593567
192 -6.182789 0.040946 -10.699457 10.983195 253.681412 0.564339 -18.911604 0.472931 235.947706 6.946586
192 -5.598818 0.732028 68.923129 7.993941 393.392558 0.651563 -21.511528 4.869842 396.232099 5.778644
192 -4.174593 0.685047 -62.883444 1.155332 199.429544 0.633401 15.223292 1.947603 257.423344 2.930194
192 -7.880310 0.024657 -37.335172 6.045114 140.732016 0.145335 71.374502 2.617927 392.005672 10.341628
192 -3.704372 0.293929 22.771529 7.066309 217.580847 0.392147 -0.756780 0.755487 231.528409 1.989752
192 -3.373762 0.143017 0.802542 1.234229 289.773686 0.395849 2.735532 12.054060 87.188507 1.328532
192 -3.968530 0.174025 9.487326 0.780710 221.538899 0.292125 -8.915082 1.463092 166.624162 2.518067
193 -3.690184 0.561514 19.281894 7.345291 267.527386 0.446467 23.378974 0.136230 186.519508 1.961376
193 -6.227890 0.740114 -14.059507 5.852716 375.960091 0.535789 20.896688 6.330691 334.270601 7.036788
193 -4.244199 0.797130 -0.371760 4.472786 95.949026 0.277795 -11.137494 1.629990 303.493282 3.069405
193 -4.305163 0.019251 -2.794113 10.627831 296.158850 0.558731 -15.904483 0.905681 236.007048 3.191334
193 -5.215893 0.040108 68.524900 4.287631 401.315591 0.519519 -15.213569 9.474900 356.455565 5.012794
193 -4.722125 0.791010 77.196984 0.303115 220.294671 0.684158 37.419252 1.806663 183.235604 4.025258
193 -9.463393 0.005175 -26.216789 6.879450 152.632599 0.117353 73.366225 2.383197 377.541650 13.507794
193 -5.079259 0.598078 -18.620936 3.047961 113.153591 0.303189 -24.207929 1.434535 281.780135 4.739525
193 -3.272094 0.163312 1.027671 1.251178 282.555559 0.332193 6.627404 12.714390 164.741076 1.125195
193 -3.565470 0.186878 12.999149 0.833022 210.525633 0.267909 -9.561105 1.513335 188.699003 1.711947
194 -3.858603 0.546138 23.378955 7.933147 268.848933 0.448444 28.417211 0.120079 184.596344 2.298213
194 -5.958963 0.750127 -14.791615 5.997070 377.694225 0.539025 12.814139 5.661870 312.526284 6.498933
194 -4.511184 0.773041 4.455314 4.292077 90.149979 0.257817 -8.104415 1.675915 306.282119 3.603375
194 -6.006073 0.052569 -1.370454 10.528403 292.110121 0.574445 -16.961156 0.588801 239.360501 6.593154
194 -6.139795 0.068546 66.861986 4.465100 410.254911 0.552058 -20.899282 9.695130 366.549832 6.860597
194 -5.059839 0.716229 77.943351 0.409435 227.513669 0.666782 51.883544 1.505592 175.113478 4.700686
194 -5.812113 0.000195 -24.420853 6.483677 154.720417 0.125152 67.551714 2.700164 387.659063 6.205233
194 -5.957451 0.766069 -23.065918 8.198092 284.028305 0.559452 -30.522565 0.916466 226.975067 6.495910
194 -6.200810 0.186341 9.929715 4.953786 310.559546 0.061908 -16.015782 6.371533 449.014989 6.982627
194 -3.544648 0.157642 13.358734 1.003795 213.557488 0.226064 -11.965719 1.517956 190.001234 1.670303
195 -3.899192 0.555872 24.216856 7.946467 264.890325 0.447531 29.065785 0.105969 186.038540 2.379392
195 -3.384759 0.120562 2.230297 1.346868 299.678272 0.083644 -37.481987 11.999058 23.256100 1.350525
195 -5.837988 0.745130 -3.849711 5.555843 145.498330 0.273971 -29.233694 2.255093 336.130754 6.256984
195 -6.049461 0.048105 -0.079642 10.539398 295.738045 0.591536 -20.839066 0.862315 252.430279 6.679930
195 -5.986820 0.085930 70.641349 4.096886 385.030028 0.565667 -6.551801 8.992386 363.121377 6.554647
195 -5.469838 0.732081 78.583945 0.210533 212.617932 0.622086 49.626574 1.748923 181.247668 5.520684
195 -4.678494 0.380260 11.575753 0.562913 251.094634 0.089384 62.184179 3.532168 15.515247 3.937996
195 -5.067743 0.766293 -2.634703 5.600898 208.369400 0.499403 -17.958823 1.679662 273.661451 4.716494
195 -5.600058 0.206481 1.710920 5.224651 327.716524 0.104452 -17.046758 7.026654 454.087167 5.781124
195 -5.202012 0.438935 21.580983 0.431777 200.594782 0.349765 -5.606294 1.844101 194.074457 4.985031
196 -4.740694 0.556581 33.202515 7.375409 260.967210 0.469808 37.030847 0.144202 182.434644 4.062396
196 -3.392041 0.134662 -0.262693 1.310182 294.978273 0.075087 -38.646426 11.826929 24.260031 1.365090
196 -5.480479 0.769686 -3.105140 5.302882 142.035247 0.270644 -28.035678 2.249752 333.693332 5.541966
196 -5.348103 0.035826 1.293687 10.512065 299.724500 0.595456 -20.496747 0.990384 253.331629 5.277214
196 -3.611822 0.055063 84.612906 2.671149 351.604436 0.555809 -4.333853 10.700294 310.640915 1.804651
196 -5.007385 0.707104 79.351823 0.350051 210.072977 0.612128 48.402521 1.645652 198.429179 4.595778
196 -4.513025 0.360290 21.565588 0.390738 231.449303 0.001796 54.469298 4.327070 28.459545 3.607058
196 -5.351558 0.709083 6.202167 5.117989 220.984899 0.526513 -19.530499 2.451007 303.497051 5.284123
196 -6.278668 0.203083 -6.643366 6.280739 337.442268 0.102750 -14.328159 6.383189 453.744174 7.138343
196 -3.397658 0.438169 8.115184 0.483897 197.631401 0.352784 -7.599894 3.115966 214.232141 1.376324
197 -5.447828 0.552380 28.452862 7.257182 249.031552 0.487691 38.516871 0.080554 173.930873 5.476663
197 -3.589136 0.129207 0.323611 1.286448 293.163650 0.107098 -39.440515 11.902615 32.906034 1.759280
197 -6.382790 0.024646 -12.500705 4.582379 62.149716 0.264771 -13.574130 3.268109 410.065510 7.346588
197 -5.757836 0.085040 -10.660322 8.979758 242.596427 0.640600 -27.321627 0.514591 231.297878 6.096679
197 -4.184649 0.054190 84.104310 2.623819 350.689151 0.537163 -4.693221 10.539897 310.567860 2.950306
197 -6.099214 0.690663 89.872072 0.693454 219.979213 0.666282 36.840579 0.950169 188.005567 6.779436
197 -4.094083 0.553449 -14.763815 0.577720 230.671449 0.069407 48.169261 4.773920 140.336200 2.769175
197 -5.792997 0.635496 18.071609 9.436280 367.868603 0.475189 -19.265813 1.438357 247.949065 6.167001
197 -5.504348 0.217954 -7.488045 5.989487 353.264246 0.087928 -11.615747 6.653190 439.035673 5.589704
197 -3.714471 0.329804 8.548452 0.803414 224.191317 0.329979 -8.797398 4.113754 224.779839 2.009951
198 -7.266185 0.227119 46.129815 1.696210 205.556226 0.741614 -27.093958 2.076433 280.970459 9.113378
198 -3.501952 0.130170 -0.246693 1.332349 298.688598 0.097152 -37.020806 11.976228 46.735968 1.584912
198 -7.743920 0.069149 -7.602362 5.145281 27.039556 0.274461 -5.875122 3.395628 421.870296 10.068848
198 -4.327803 0.119341 4.321398 9.116768 232.285804 0.598042 -12.910953 0.658519 239.724764 3.236613
198 -3.806390 0.058481 83.930362 2.829134 351.529424 0.472054 -6.077318 10.129601 334.568771 2.193788
198 -6.310806 0.697048 88.799498 0.512229 198.823657 0.575839 28.446384 1.189323 201.224995 7.202620
198 -4.421757 0.580658 -8.270922 0.946000 266.596427 0.090003 54.136698 4.672314 148.079310 3.424522
198 -4.971751 0.229534 -14.257934 0.479270 231.615249 0.040337 -38.181456 6.193733 124.123910 4.524510
198 -8.384269 0.205177 -9.499733 5.317156 343.860007 0.044868 -10.003547 6.530283 441.182105 11.349546
198 -3.598811 0.321091 8.591995 0.807490 224.393259 0.330270 -10.901022 4.191750 223.569557 1.778630
199 -6.478576 0.406479 -12.447871 3.122558 346.713471 0.657704 -80.392362 1.747361 158.984545 7.538159
199 -3.702048 0.131389 -0.970909 1.358679 301.619289 0.081808 -36.267307 11.833573 43.229451 1.985104
199 -6.685383 0.079502 -19.263316 4.870393 51.202573 0.331294 -5.509959 3.301385 406.728029 7.951773
199 -4.218120 0.099966 2.360562 9.462871 248.394602 0.564909 -13.279260 1.011537 250.831933 3.017247
199 -5.209522 0.126032 86.856253 2.790647 340.849234 0.518506 0.917438 8.674939 346.808399 5.000051
199 -7.825268 0.552381 -33.973250 2.286843 332.717117 0.501032 26.519987 6.741159 141.891043 10.231543
199 -3.978821 0.714690 7.449716 0.108745 223.702945 0.221905 54.808732 2.073388 45.412187 2.538650
199 -7.046199 0.310359 15.013551 0.515940 240.221345 0.108752 -44.068703 6.327079 169.825746 8.673405
199 -5.227700 0.102239 -18.036200 5.071031 380.106121 0.055444 -21.474337 6.289984 381.485130 5.036407
199 -3.155955 0.307067 9.906524 0.616492 225.010862 0.263228 -14.138127 5.674226 206.822470 0.892918
200 -6.024847 0.499666 -23.164509 1.410091 293.640395 0.705890 -10.379053 12.206323 189.594708 6.630702
200 -3.298342 0.160723 5.539874 1.384071 298.312227 0.091643 -49.018295 12.562865 48.866669 1.177691
200 -5.570170 0.203101 -28.675551 2.698093 52.707557 0.345991 -10.731901 3.249398 396.646914 5.721347
200 -5.128413 0.290978 -69.785933 5.951590 272.209239 0.644795 -13.159519 1.916020 276.079564 4.837833
200 -4.528835 0.124085 89.049561 2.831465 341.581849 0.494255 -5.722675 8.792379 345.650525 3.638678
200 -3.426830 0.501400 -3.807336 0.638774 232.027551 0.550262 74.036193 6.328996 227.593802 1.434668
200 -4.050696 0.745985 20.392719 0.125489 201.746502 0.323827 56.251701 1.248110 79.996899 2.682399
200 -4.696884 0.420046 -14.052153 1.822987 293.491351 0.024599 -26.690002 5.872065 213.301459 3.974775
200 -5.399416 0.080365 -11.493254 4.664137 423.912608 0.017627 -30.494624 7.599225 331.661365 5.379840
200 -5.358488 0.331355 17.110179 0.150697 186.164606 0.483233 -6.621554 2.941134 231.258995 5.297984
201 -5.210459 0.634561 -15.673585 1.366765 285.480584 0.662295 -9.683019 10.992769 170.828002 5.001926
201 -3.451475 0.159114 5.501051 1.447690 306.158050 0.098188 -46.874096 12.603957 47.448643 1.483958
201 -7.321305 0.186041 -9.663905 1.257242 24.784162 0.365674 -12.988581 2.398698 369.585999 9.223619
201 -4.855644 0.362506 -36.468400 6.784136 274.423677 0.785665 -13.063731 1.168713 238.347163 4.292296
201 -4.564946 0.101210 -47.801576 1.316046 231.782634 0.417104 14.309540 8.098208 405.099619 3.710899
201 -3.331998 0.491961 -3.477881 0.731041 237.305165 0.562103 73.012653 6.619172 217.492592 1.245003
201 -5.418386 0.687758 33.616312 0.237429 221.297136 0.435034 55.416254 14.038781 53.851110 5.417780
201 -3.539471 0.416220 -3.470686 0.323671 220.009182 0.057095 -16.909949 10.315977 110.231454 1.659949
201 -5.110897 0.064871 -13.109491 4.687147 423.712748 0.010209 -32.755788 7.656352 338.262495 4.802801
201 -3.411180 0.404645 1.351667 0.305493 219.312086 0.453023 -34.154680 14.747314 141.385921 1.403368
202 -5.353694 0.504110 -6.780518 1.246316 277.724891 0.157246 85.750131 13.439410 105.057288 5.288396
202 -3.262222 0.109631 0.799619 1.727757 325.214540 0.084235 -26.710963 12.752587 47.251053 1.105451
202 -9.716505 0.120455 -18.575040 1.984217 58.034655 0.375862 -36.350144 2.767594 375.483872 14.014017
202 -5.895353 0.242379 -34.197366 4.920841 247.898381 0.798821 -18.389877 2.587055 297.940694 6.371714
202 -3.576328 0.088976 -45.581585 1.033876 214.813311 0.372233 5.488031 8.040695 397.667024 1.733663
202 -3.565274 0.521888 1.879874 0.298865 215.022181 0.671421 -34.046604 4.037482 146.474718 1.711556
202 -4.498285 0.626124 15.675516 0.194735 181.897023 0.168803 14.253861 9.846694 413.959698 3.577577
202 -4.805717 0.691126 -11.143122 0.895201 249.187242 0.746216 -32.235431 11.247098 211.550101 4.192441
202 -5.698837 0.242748 -13.146843 5.399126 426.712078 0.712183 -17.997666 9.393570 326.017104 5.978681
202 -3.325539 0.505633 -2.539985 0.328541 217.948723 0.618921 19.119408 12.843990 180.186618 1.232085
203 -5.288685 0.516839 -8.076782 1.767765 295.684519 0.354403 -72.251688 11.822011 163.496281 5.158378
203 -3.693536 0.107870 -0.134245 1.702770 325.605986 0.086203 -26.585886 12.779474 47.590156 1.968080
203 -7.971754 0.791902 -36.557913 3.309064 251.789623 0.406083 -38.383331 6.133736 379.506166 10.524515
203 -6.354250 0.211727 -30.917136 5.083533 231.665013 0.795692 -15.389616 2.475886 311.092978 7.289507
203 -4.010783 0.121162 -61.710567 0.935382 196.176664 0.403399 11.478030 6.712935 402.928331 2.602574
203 -4.376225 0.518173 -9.467260 0.734341 240.388531 0.748759 -26.819473 3.701609 49.228514 3.333458
203 -5.990133 0.237761 57.423283 7.794147 123.981008 0.386596 -6.004692 3.295754 393.230893 6.561273
203 -4.383253 0.363115 -6.176508 0.940081 216.152476 0.193306 -42.596299 11.192497 426.740688 3.347514
203 -8.097480 0.251500 -7.494369 5.426885 459.726587 0.688690 2.522980 10.457097 289.838996 10.775967
203 -4.241386 0.516462 0.303327 0.442978 238.905463 0.642945 30.505282 12.420677 178.263756 3.063780
204 -5.045266 0.465720 -9.473927 2.224672 333.072130 0.469389 -71.758046 12.249171 111.501410 4.671539
204 -3.474266 0.135834 -5.350042 1.983980 339.605669 0.092742 -31.703642 13.068855 60.776475 1.529539
204 -7.877202 0.795534 -35.055884 3.444410 258.557713 0.420975 -39.074890 6.376896 383.727751 10.335412
204 -5.519618 0.291728 -7.971137 4.554758 435.991880 0.774104 -40.993810 14.498743 270.219525 5.620243
204 -4.050672 0.144677 -63.584157 0.266133 148.869459 0.391507 -2.931875 5.096493 373.486691 2.682351
204 -5.007952 0.507801 -14.763403 1.018423 282.397364 0.700276 -26.527977 5.036586 40.373472 4.596912
204 -5.480541 0.103319 -60.069456 9.682105 316.849117 0.557602 -6.185950 3.541135 354.160257 5.542090
204 -3.762582 0.256964 -0.739006 1.277007 242.546331 0.216334 -35.416325 13.177187 429.629947 2.106171
204 -6.707959 0.280323 1.922789 5.926116 481.433359 0.688027 -0.221990 11.232541 270.351019 7.996926
204 -9.198496 0.721548 -20.273261 4.795249 452.700468 0.461348 22.065461 7.356702 47.575151 12.978000
205 -5.449901 0.603593 -10.254068 3.744650 395.280958 0.464280 -60.755264 11.824168 138.731145 5.480810
205 -3.938478 0.117131 -10.178150 1.532853 310.297881 0.052434 -29.149702 12.297259 76.135120 2.457964
205 -7.428483 0.791767 -31.094181 3.900765 266.017365 0.412179 -36.279814 6.076867 378.131684 9.437974
205 -6.636159 0.578105 -16.255020 5.240012 442.212221 0.022094 -76.332801 9.502490 252.702232 7.853326
205 -4.561459 0.061517 -68.079055 0.564723 177.928241 0.380938 6.404579 8.123919 449.896013 3.703925
205 -3.824462 0.424303 -9.780304 0.747941 255.290789 0.638156 -30.508717 4.331527 34.323657 2.229932
205 -5.616637 0.103405 11.111873 10.668038 303.561196 0.460438 -19.999082 3.068391 347.276128 5.814282
205 -4.767284 0.233599 20.227703 1.167978 246.516781 0.591096 -37.599503 9.865689 330.473417 4.115576
205 -6.176285 0.253571 -3.974933 6.192203 491.751999 0.703634 4.499229 11.125615 272.952847 6.933578
205 -9.022040 0.440445 -30.887995 4.883687 430.083251 0.130373 72.567980 14.660935 378.606044 12.625087
206 -5.184579 0.094275 32.979918 12.126264 120.493340 0.318344 -18.925799 2.643362 361.755257 4.950166
206 -7.746525 0.114828 -23.097009 2.146009 361.821667 0.115890 -26.886815 12.399594 88.623681 10.074058
206 -6.524255 0.256067 -1.957339 12.394824 130.374452 0.331135 22.163421 0.836103 266.432358 7.629517
206 -6.407502 0.621146 1.607248 5.441471 444.672946 0.771317 -61.533125 8.981472 276.132960 7.396012
206 -4.324126 0.041675 -75.355068 0.884130 190.089592 0.451140 -1.061618 8.361406 449.256547 3.229259
206 -5.364657 0.489797 -13.407427 0.385714 232.468859 0.570427 9.200034 3.763733 142.536790 5.310322
206 -5.993945 0.043592 -1.322301 11.268073 322.749227 0.519945 -24.256732 3.562221 360.432733 6.568897
206 -3.398925 0.254386 16.380250 0.843798 232.537304 0.519372 -24.491203 10.157064 326.322511 1.378858
206 -6.619776 0.243642 -9.825522 5.010602 445.955416 0.744064 -7.128991 10.991674 279.662672 7.820560
206 -8.507195 0.398418 -35.170640 4.401741 402.127555 0.090276 75.023607 14.253242 396.842094 11.595398
207 -8.475972 0.571968 -15.244735 9.181950 468.355195 0.232028 -41.847024 4.155406 304.220711 11.532952
207 -4.071759 0.094017 -13.189642 2.696564 385.905735 0.113626 -37.365525 12.103275 84.886647 2.724525
207 -4.561903 0.325122 -1.730804 12.311396 152.289893 0.429109 6.759761 0.103624 213.608971 3.704813
207 -6.510116 0.619951 1.213326 5.496340 446.825119 0.772213 -61.433991 8.957293 276.389990 7.601240
207 -3.519037 0.001018 -77.222736 0.494201 174.166437 0.453138 -2.407280 9.795047 462.761350 1.619082
207 -3.975547 0.556310 -11.316326 0.230359 219.034011 0.015462 -45.274522 14.798409 27.759181 2.532101
207 -5.963404 0.054165 -2.051317 11.233520 329.722034 0.529618 -23.721384 3.669154 361.795617 6.507816
207 -4.176851 0.249156 17.565476 0.714522 229.292367 0.483727 -18.325691 11.229866 348.526224 2.934709
207 -5.672686 0.182425 1.580937 4.994150 445.726664 0.694855 -18.537583 10.976306 292.809559 5.926381
207 -9.772143 0.458262 -27.685505 4.069259 417.816734 0.781448 67.116906 12.825056 354.122574 14.125294
208 -11.496681 0.484652 -88.893012 8.798508 463.511972 0.068490 29.349689 1.562558 276.064872 17.574369
208 -4.412918 0.115167 -9.475810 2.829227 390.285028 0.140531 -47.768036 12.735483 46.928853 3.406843
208 -3.513817 0.327954 1.206597 12.284831 158.362030 0.427751 2.304798 0.220589 215.069533 1.608641
208 -7.304654 0.289719 64.076443 1.673068 285.942127 0.330037 -81.715423 10.644190 445.133530 9.190315
208 -4.508835 0.073852 -81.155001 0.523289 182.743887 0.490282 -1.342090 10.044677 470.699505 3.598677
208 -5.865503 0.480970 -8.889114 0.825345 245.343690 0.744566 -37.851192 14.521620 20.069302 6.312014
208 -6.706467 0.713387 0.323330 11.105972 326.583561 0.503967 -16.491851 4.126841 376.637979 7.993942
208 -3.698719 0.271371 2.555076 0.194905 195.242783 0.510739 2.716818 10.479803 293.008325 1.978446
208 -5.857767 0.173499 15.635024 4.957761 443.365376 0.701190 -21.710137 9.888858 290.804396 6.296541
208 -6.562308 0.451105 -25.674947 3.938333 400.911546 0.781914 67.773005 13.016480 360.828336 7.705623
209 -14.260218 0.570335 -68.914029 10.179286 476.937216 0.008393 36.151811 1.040279 255.197256 23.101443
209 -3.514257 0.118939 -5.391003 2.196921 354.223866 0.171979 -62.314131 13.278014 61.631763 1.609521
209 -3.203949 0.336543 -2.616912 12.771020 159.197252 0.410910 3.152133 0.432529 224.591982 0.988906
209 -6.279150 0.354400 58.320706 0.896913 235.175703 0.366455 -83.223882 10.363347 434.967463 7.139308
209 -3.905787 0.109115 -87.189853 0.305103 162.692288 0.456311 -0.661704 9.909710 486.978409 2.392581
209 -7.909603 0.652834 30.760592 1.376976 229.785962 0.794446 -24.351654 14.087110 472.190307 10.400214
209 -6.046903 0.773504 9.580040 12.384086 343.740390 0.676202 -25.031363 3.965545 360.127332 6.674814
209 -3.460864 0.281695 -10.019197 0.440043 208.828015 0.515667 19.501467 10.876275 335.271585 1.502735
209 -6.168986 0.319084 -37.784933 2.893550 333.810670 0.781554 -3.694200 11.298208 328.971965 6.918980
209 -6.396145 0.427343 -26.538606 3.691732 394.974866 0.748887 61.712192 12.615041 358.320009 7.373298
210 -9.003038 0.406903 82.393443 9.872352 455.221391 0.048923 51.301910 1.751013 281.540609 12.587083
210 -3.779034 0.122231 -4.285266 2.134537 352.971589 0.167780 -63.262748 13.320191 62.745574 2.139075
210 -3.762908 0.344370 -3.430882 12.954906 163.153353 0.424992 2.886845 0.351145 227.653560 2.106823
210 -5.615578 0.672206 54.106509 0.644459 224.819129 0.333062 -70.092652 8.733674 427.045035 5.812164
210 -3.981824 0.099318 -84.440296 0.652243 172.366705 0.436772 -0.280769 9.597737 495.363382 2.544656
210 -5.916363 0.635114 -6.541322 1.290356 300.507605 0.773674 -15.750790 11.530151 71.521035 6.413733
210 -5.760052 0.764581 8.163802 12.422342 348.486461 0.675240 -22.859104 3.976728 355.352114 6.101112
210 -4.357680 0.099755 31.713360 6.729201 216.962677 0.461580 -16.722472 1.304961 266.055582 3.296368
210 -5.727307 0.325803 -52.466099 3.049595 335.018432 0.744623 24.280684 7.852730 354.802096 6.035622
210 -7.656493 0.434864 -27.179150 3.582045 393.717350 0.746529 63.003736 12.776653 360.541566 9.893994
211 -9.194946 0.420576 78.041568 10.521434 426.802375 0.065090 54.503400 1.842684 299.986222 12.970899
211 -3.510023 0.121737 -3.506675 2.136209 350.746232 0.155805 -62.504544 13.593111 66.890027 1.601053
211 -4.023211 0.314680 -3.149233 12.127684 149.386451 0.432869 5.425244 0.038065 204.854126 2.627430
211 -6.446418 0.674449 52.309119 0.651956 226.595194 0.344780 -67.825099 8.528716 424.248332 7.473843
211 -3.916618 0.127173 -84.559612 0.323781 165.440606 0.420512 0.845389 10.138825 490.288288 2.414244
211 -3.824828 0.608845 -7.335664 0.642856 250.251145 0.756865 -13.681831 10.474980 70.262834 2.230664
211 -4.342271 0.351499 -78.182357 11.165936 186.194222 0.338101 2.259132 1.195421 285.173894 3.265550
211 -4.277380 0.041823 40.694229 6.949316 223.414130 0.475407 -10.085708 1.224881 266.502866 3.135767
211 -6.402793 0.336025 -35.949857 2.821533 300.263012 0.718790 23.591805 7.737957 367.670430 7.386595
211 -5.391951 0.438729 -14.104810 4.055887 406.584424 0.739094 69.318140 12.875246 349.471776 5.364910
212 -10.731589 0.517408 72.773275 10.512046 431.379689 0.124262 -72.844036 1.237416 272.700434 16.044186
212 -3.863713 0.132735 -3.200160 2.184731 355.631310 0.150786 -63.318408 13.652494 67.288983 2.308434
212 -6.313024 0.293008 11.940260 12.384580 129.939269 0.427788 -5.748502 0.020570 216.281291 7.207055
212 -4.915459 0.701388 33.107407 0.358184 191.355542 0.306347 -56.148771 9.910291 425.881210 4.411925
212 -4.514854 0.150056 -79.103824 0.519184 173.872035 0.382729 -4.479475 10.380726 497.305179 3.610716
212 -4.509145 0.569765 -14.535588 0.016709 200.113686 0.735619 -32.373185 10.313354 72.664734 3.599297
212 -4.021813 0.375944 -79.703611 9.090062 242.053369 0.304097 -2.186265 1.029821 263.192000 2.624633
212 -4.766726 0.060582 45.177359 7.306809 235.625337 0.509920 -9.689854 0.773768 249.285328 4.114459
212 -5.612090 0.392087 -9.699337 4.978897 346.067599 0.755905 -7.879611 4.870159 295.958919 5.805188
212 -5.391515 0.448997 -17.364726 4.185948 415.327345 0.719426 68.430673 13.091806 314.105231 5.364038
213 -12.274564 0.654376 62.297430 10.859352 334.251658 0.230278 -78.539735 1.621555 334.132130 19.130135
213 -3.544888 0.109814 -7.867213 2.157094 353.205072 0.192108 -62.169360 13.687775 23.158040 1.670783
213 -3.534170 0.334727 30.914694 14.224118 121.528441 0.381968 -0.170303 0.379786 228.694252 1.649349
213 -4.980980 0.743950 25.500161 0.204878 192.983460 0.342793 -74.749352 10.709738 422.258292 4.542968
213 -4.723574 0.147007 -81.730784 0.377756 169.945766 0.399555 -5.347981 10.342390 485.653114 4.028155
213 -4.026006 0.587464 -11.995028 0.221911 216.714840 0.718021 -38.879544 9.828539 65.825778 2.633019
213 -5.562471 0.464165 -79.488992 8.995342 221.264126 0.302159 -10.449359 0.898070 256.316742 5.705950
213 -3.539073 0.736366 -10.614896 10.835832 257.983886 0.098968 0.493688 1.296141 270.791027 1.659153
213 -5.297607 0.164533 -59.074350 4.229993 370.840890 0.724154 0.382208 5.642432 302.202257 5.176221
213 -6.643861 0.361949 -18.287244 4.271799 434.410735 0.792834 65.510856 11.765667 312.670852 7.868730
214 -6.477597 0.587182 65.131546 10.300789 409.403440 0.070073 -76.007948 1.411792 267.756586 7.536201
214 -4.585462 0.151904 -6.924735 1.778951 332.645127 0.149405 -60.534607 13.800008 55.873723 3.751932
214 -3.905764 0.453475 2.831725 14.221238 354.620219 0.062328 -7.238376 0.734694 232.141178 2.392535
214 -4.690726 0.651324 11.679192 1.183532 228.452056 0.374810 -65.104331 10.038772 488.619937 3.962460
214 -5.050425 0.156680 -83.348473 0.221107 161.083450 0.423377 -7.831631 10.263739 489.856300 4.681858
214 -4.778621 0.541291 -16.995623 0.026290 206.157885 0.695774 -49.784631 9.286299 25.010457 4.138250
214 -5.237591 0.440530 67.406295 8.083362 22.294859 0.290972 -23.377707 2.034263 333.000750 5.056190
214 -3.720680 0.732777 -7.443601 12.788466 240.894133 0.163704 -3.191043 1.333985 282.475172 2.022368
214 -6.126703 0.098418 -52.319739 4.486775 389.148028 0.665987 8.861763 4.890524 275.296395 6.834413
214 -6.515506 0.395402 -15.820731 5.183168 445.084549 0.719331 62.307763 10.884349 364.532343 7.612019
215 -8.041000 0.475719 68.173141 10.768414 493.865050 0.082715 -32.741461 1.601215 259.456996 10.663008
215 -4.491542 0.174232 -9.739888 1.926228 341.311897 0.182165 -60.957476 13.896893 44.061967 3.564093
215 -3.838297 0.447098 3.197521 14.113296 329.977617 0.075759 -3.558294 0.774610 238.208309 2.257602
215 -4.536899 0.646731 11.925358 1.184308 226.327779 0.368921 -63.704554 10.080743 490.828321 3.654806
215 -4.919680 0.150663 -81.178372 0.391404 171.106457 0.455359 5.594782 9.647650 486.261766 4.420367
215 -5.508275 0.493986 -9.755452 0.148021 227.699439 0.634331 -48.738730 8.372220 29.604633 5.597557
215 -8.096985 0.499845 66.306328 9.223385 79.351286 0.285881 -19.903095 2.888003 398.239768 10.774977
215 -3.795893 0.699239 -20.664138 13.272827 216.701151 0.156222 4.785408 1.288257 285.760549 2.172794
215 -7.236399 0.095253 -55.394466 4.401922 386.642547 0.673609 10.323161 4.929347 283.103432 9.053806
215 -8.431013 0.498651 1.345403 4.069303 381.136006 0.530101 -33.438594 8.572771 313.597413 11.443034
216 -9.071499 0.476657 69.282916 10.866490 497.608264 0.071131 -31.268968 1.585155 261.753304 12.724006
216 -5.141355 0.319667 -4.132569 1.556429 319.267133 0.092968 -68.808048 13.837692 91.177268 4.863717
216 -3.602759 0.442983 -8.690066 14.404619 323.236934 0.094127 -1.339078 1.031134 253.794503 1.786525
216 -3.950088 0.656413 -0.007595 1.040839 226.847552 0.416815 -71.809555 10.326781 453.616773 2.481183
216 -3.516116 0.188065 -87.241741 0.325410 153.221248 0.517462 2.818479 7.714738 443.478376 1.613240
216 -3.896588 0.566457 -9.516759 0.138573 213.513616 0.601660 -55.515010 8.284489 15.974481 2.374183
216 -6.323685 0.528754 78.738093 10.014269 66.408133 0.321021 -23.999218 3.113943 395.257303 7.228378
216 -6.900911 0.799670 -28.427693 0.585102 176.888237 0.179766 5.375639 1.293025 233.260325 8.382830
216 -8.191333 0.053942 -58.643761 4.188107 364.265714 0.693256 10.687458 5.105801 300.096868 10.963673
216 -6.467715 0.514471 5.418222 4.992688 397.636583 0.441467 -8.090770 13.079664 384.389759 7.516438
217 -7.987427 0.480332 68.432574 11.123481 496.768571 0.065128 -29.796024 1.445731 253.157869 10.555861
217 -7.239815 0.442291 6.302466 0.930061 286.896551 0.068984 -75.904500 1.338903 57.094828 9.060637
217 -3.503042 0.434230 -4.271079 14.234774 325.164071 0.098240 -1.530187 1.118364 260.946060 1.587091
217 -7.670815 0.696730 -12.245310 1.069976 260.597496 0.394181 -38.917358 10.661501 386.488146 9.922637
217 -3.482314 0.219997 -83.948278 0.125337 150.630286 0.500990 4.826975 7.854772 437.857083 1.545636
217 -3.728964 0.591378 -0.318112 0.348093 235.019281 0.579367 -61.533630 7.820991 11.411324 2.038936
217 -5.585875 0.509809 82.227423 10.237293 63.290199 0.331125 -20.141839 3.445752 406.367092 5.752758
217 -4.786291 0.752759 -18.676759 13.709713 11.038295 0.303855 -2.983596 0.168030 216.778117 4.153590
217 -6.483761 0.033671 13.994699 2.758195 215.223541 0.544272 -31.625822 0.759086 219.897363 7.548529
217 -8.608020 0.515077 -21.376121 1.374873 308.310918 0.466016 -86.010541 14.537589 232.815756 11.797048
218 -6.420174 0.769965 23.199607 14.401477 80.245811 0.613069 -20.805094 0.272884 240.198478 7.421356
218 -4.168882 0.468296 -14.129814 1.185745 271.571349 0.799738 82.964184 1.525535 96.108095 2.918771
218 -3.790253 0.440260 -13.195965 13.972281 321.453856 0.121267 1.278123 0.835593 239.444651 2.161514
218 -5.571889 0.598155 -6.022070 1.844748 304.633515 0.270184 -78.679770 7.036663 23.170179 5.724785
218 -4.762044 0.267669 -76.522042 1.132964 182.191153 0.460129 -3.788651 6.171519 418.408085 4.105096
218 -4.128339 0.555971 18.629838 0.800532 178.852166 0.587354 -38.212662 10.132068 497.601517 2.837686
218 -6.697848 0.316819 25.458916 11.271776 499.240312 0.531837 -28.973668 4.830739 351.801727 7.976704
218 -4.704323 0.745426 -3.400752 13.211702 28.006373 0.333308 -11.718564 0.211297 217.912755 3.989654
218 -6.407710 0.776835 4.766659 0.296811 250.775947 0.689574 -69.668302 14.403258 302.683611 7.396428
218 -7.803553 0.518752 -21.386444 2.044166 342.373864 0.403432 88.183932 13.943600 164.524880 10.188113
219 -4.648834 0.779999 26.420737 11.706963 254.441302 0.525234 -24.354442 0.070962 197.610997 3.878676
219 -4.289535 0.459931 -14.166692 1.289726 277.518806 0.002012 83.343676 1.637052 99.205648 3.160078
219 -5.674681 0.390524 -20.471477 12.761427 294.153699 0.159083 -25.835805 0.907283 242.002072 5.930369
219 -5.926244 0.405146 8.492802 9.172956 490.769315 0.668777 -29.264760 3.171606 248.461932 6.433495
219 -4.319016 0.600632 8.844074 0.203096 172.571144 0.563057 -20.135829 0.335152 158.906336 3.219040
219 -4.218973 0.550117 22.518799 0.672472 179.486428 0.604196 -41.163984 10.350975 496.384592 3.018954
219 -6.063927 0.316127 23.197829 11.152424 492.225558 0.540409 -23.698011 4.541460 336.986119 6.708862
219 -3.613149 0.651112 22.212103 13.640575 88.248667 0.232434 -10.446864 1.348168 293.815312 1.807306
219 -5.109856 0.781737 5.767307 0.507683 256.760140 0.705455 -65.430479 14.144670 287.130802 4.800720
219 -6.305557 0.515665 -24.508213 3.273936 381.602081 0.366255 88.175624 14.755577 167.116738 7.192121
220 -4.722257 0.778452 26.890309 11.880282 259.165973 0.527540 -25.447864 0.148194 201.725256 4.025522
220 -4.419201 0.460497 -13.429122 1.507500 286.430110 0.033613 78.557765 1.596989 103.213184 3.419410
220 -3.834455 0.527455 27.423149 5.317202 158.892478 0.226108 -17.383056 1.653657 300.833140 2.249917
220 -6.261774 0.328469 13.540650 9.500221 453.507955 0.663300 -3.683699 2.167331 232.379292 7.104556
220 -3.470436 0.697141 8.190494 0.286433 192.542193 0.556071 -37.935375 0.871455 149.337700 1.521880
220 -4.332677 0.572705 17.556995 0.548357 193.279487 0.576463 -33.212407 12.128147 492.612808 3.246361
220 -5.891165 0.366036 17.150037 10.932332 487.863365 0.518831 -23.712334 5.211819 350.300999 6.363338
220 -3.778319 0.654636 24.617067 14.268273 108.755810 0.239393 -6.938841 1.167912 285.240052 2.137645
220 -7.011578 0.738200 6.657140 2.085032 311.810787 0.698863 -65.745840 14.647157 309.034507 8.604163
220 -6.157472 0.559756 -23.486870 3.313109 380.782996 0.336787 81.644675 14.148454 157.744461 6.895951
221 -4.646484 0.042221 -89.122506 13.032978 305.751585 0.446284 -8.146958 0.173270 206.970697 3.873975
221 -4.727888 0.461581 -4.381212 1.113851 277.351603 0.022361 67.957148 2.870983 128.422882 4.036784
221 -3.858748 0.568295 26.049178 4.153395 125.608616 0.213003 -18.981436 1.315186 281.872749 2.298503
221 -6.275895 0.329266 12.927975 9.530949 454.603356 0.664499 -3.198559 2.116465 230.346104 7.132797
221 -3.527113 0.639189 4.745866 0.973802 190.425161 0.525756 -10.710297 0.313123 157.527280 1.635234
221 -5.303020 0.558977 27.726061 0.551168 187.630846 0.580965 -30.105601 12.435227 485.189187 5.187048
221 -5.716637 0.354989 4.256078 11.384947 498.867559 0.525155 -20.728952 5.248066 342.714950 6.014282
221 -3.389282 0.664066 25.612194 12.741026 87.865001 0.229249 2.430352 1.108407 279.615187 1.359572
221 -6.365926 0.556873 -55.402122 4.296222 278.271314 0.682920 71.134544 0.898773 256.056113 7.312859
221 -5.957402 0.501960 -6.984142 3.952230 414.823414 0.234154 59.541202 14.109583 162.967011 6.495811
222 -6.344940 0.321211 -19.592882 1.929670 322.854203 0.652384 -35.765620 11.924784 219.826585 7.270888
222 -4.010139 0.525940 -8.211452 0.892724 245.082659 0.106814 80.347154 2.318302 160.043222 2.601285
222 -3.968259 0.631452 21.597395 4.006266 137.759822 0.360436 -4.896478 0.843283 254.804888 2.517525
222 -5.842700 0.405970 2.297021 8.353046 437.024718 0.647621 -29.502377 1.621708 213.156138 6.266408
222 -4.119573 0.639388 12.590854 1.403998 129.746475 0.742508 -11.833867 0.254502 211.796975 2.820153
222 -4.143414 0.585833 2.914152 0.416616 200.332073 0.701678 -58.697174 12.536881 408.589158 2.867835
222 -6.769675 0.360022 2.707337 11.999010 492.622709 0.502601 -15.712393 5.370819 361.602200 8.120358
222 -3.780579 0.610170 16.893806 13.661105 106.413259 0.218572 -5.147784 0.944531 262.631079 2.142165
222 -7.295141 0.604638 -51.352195 4.057126 303.081174 0.731805 68.579697 0.907422 257.778979 9.171290
222 -5.584491 0.491973 -10.988122 3.975191 415.376618 0.196518 60.176141 13.885461 158.443605 5.749989
223 -3.570393 0.338555 17.461579 1.047384 261.482196 0.735252 -63.376366 10.671576 266.590665 1.721795
223 -4.258058 0.555127 14.014478 0.425069 195.556247 0.122567 20.746823 2.314957 192.371744 3.097123
223 -3.713201 0.368045 -11.034531 0.924685 263.376303 0.306293 -22.283915 14.367939 79.280380 2.007409
223 -4.110048 0.103617 11.939782 9.873231 452.996791 0.726908 -17.069372 0.331554 167.247959 2.801104
223 -3.989847 0.681922 6.436460 1.151437 132.717574 0.053368 -10.748514 0.561091 218.799201 2.560701
223 -3.738002 0.575183 9.957198 0.454114 203.555902 0.737571 -56.456478 12.189921 404.165663 2.057012
223 -5.150613 0.685685 12.684798 0.705893 245.852727 0.771952 -46.740022 10.890235 350.643862 4.882233
223 -4.288667 0.458780 -4.181281 12.350248 42.428092 0.387712 -12.302502 0.465291 237.355893 3.158342
223 -7.623278 0.625970 -34.111761 4.471857 407.582183 0.067886 -88.732926 14.472375 285.978630 9.827563
223 -5.634073 0.498671 -17.685750 4.166226 416.381613 0.251973 89.723343 11.642638 190.440968 5.849154
224 -3.574852 0.354106 18.295499 0.964808 254.248234 0.746871 -64.884992 10.570215 282.239141 1.730712
224 -3.276110 0.641650 4.965037 0.086395 174.335910 0.106284 32.312580 6.670525 321.154932 1.133228
224 -5.099681 0.425279 -3.860414 1.213646 266.924106 0.343257 -27.324914 0.009285 99.790028 4.780369
224 -5.399740 0.157266 11.558976 6.082305 348.024073 0.697491 -21.812860 0.276407 184.731202 5.380487
224 -3.690887 0.678970 4.564293 1.225707 129.710154 0.061787 -13.681133 0.691721 227.815420 1.962781
224 -5.424191 0.465124 -3.007145 1.209528 301.694681 0.332139 -47.219774 7.781556 22.626574 5.429390
224 -3.417900 0.534664 -2.407495 0.353240 216.639341 0.171253 -16.849841 13.052969 159.711859 1.416807
224 -4.059387 0.449609 -7.006689 12.057994 59.180067 0.363656 -13.006102 0.615463 238.781232 2.699782
224 -7.832667 0.549610 83.131801 2.975673 323.172052 0.148662 59.780531 0.510375 180.542457 10.246342
224 -6.391778 0.322561 -26.071155 3.652187 408.710172 0.223888 75.902358 12.868852 204.286778 7.364563
225 -5.835734 0.367973 0.199591 0.896307 245.260106 0.094060 -67.191860 12.930447 250.105540 6.252476
225 -3.757580 0.663105 -3.233902 0.107669 195.349567 0.152417 20.564101 5.486070 250.494417 2.096168
225 -3.909515 0.384004 17.559655 0.988791 240.087423 0.316236 -17.392554 0.346101 103.551161 2.400038
225 -4.374801 0.232130 25.561627 3.264336 355.984762 0.570256 -36.227686 0.252322 128.382068 3.330610
225 -4.051641 0.588510 -73.082627 7.734131 123.577540 0.490454 -9.287879 0.631115 245.910011 2.684289
225 -4.989669 0.387911 -19.217815 1.351909 297.374775 0.378077 -75.643497 6.726625 48.649044 4.560346
225 -3.686639 0.524994 -7.834911 0.270848 213.124218 0.213782 -25.780175 13.765240 163.369792 1.954286
225 -3.609247 0.383930 -23.370056 11.666923 55.058425 0.414847 -2.894988 0.926956 265.785651 1.799501
225 -7.467013 0.557476 74.521215 1.626901 340.078145 0.179965 56.152888 2.242881 158.688840 9.515034
225 -4.473595 0.754766 63.824592 10.198419 47.121645 0.519398 -15.377076 1.111459 280.557112 3.528197
226 -4.464805 0.448116 19.405653 0.229690 196.342276 0.757699 2.758715 10.143684 328.445037 3.510618
226 -3.603750 0.649738 -5.275243 0.109820 190.977739 0.134137 19.386088 5.917974 260.754505 1.788507
226 -3.298234 0.376424 1.669876 0.912499 238.186725 0.316878 -14.022045 0.524516 102.192176 1.177475
226 -6.122738 0.190704 33.389425 4.893126 356.529143 0.601658 -8.101694 1.990182 224.076144 6.826483
226 -3.769023 0.567328 -79.105003 7.601347 135.992525 0.514197 -6.154794 0.633106 245.063951 2.119053
226 -8.214907 0.373940 -15.230694 1.186589 272.630944 0.395253 -65.154688 3.195044 28.628086 11.010821
226 -4.326116 0.530134 -11.434471 0.004812 199.708959 0.224534 -27.041962 14.610946 180.881125 3.233240
226 -4.477103 0.408425 -28.917489 12.265980 52.850568 0.400036 -10.603170 0.864747 255.506833 3.535214
226 -7.863913 0.445765 75.073764 1.835322 360.316325 0.397849 40.492205 3.703604 140.579020 10.308833
226 -5.215196 0.766522 78.049206 11.805660 85.477189 0.469423 -4.681416 1.054242 264.124389 5.011400
227 -3.566644 0.381044 17.350875 0.547584 219.844749 0.018955 -19.210668 9.843842 268.979387 1.714296
227 -4.244854 0.658237 -3.148146 0.019063 196.061297 0.142161 18.890800 6.034816 257.408871 3.070715
227 -3.285152 0.375399 -2.526045 1.640097 239.538916 0.311261 21.362679 0.007203 132.759396 1.151311
227 -4.712401 0.083824 5.625719 4.692079 270.082227 0.652211 -1.114477 0.391548 210.806758 4.005809
227 -6.712532 0.440578 -71.184270 6.711731 73.375082 0.616443 1.332704 0.632993 276.184477 8.006072
227 -5.613698 0.260317 -19.043010 0.876121 268.156615 0.362178 -81.843970 5.071349 20.933506 5.808404
227 -4.577563 0.578865 -13.332368 1.629722 241.626891 0.241872 -30.821887 1.323086 178.775164 3.736134
227 -5.283964 0.532908 -9.206685 2.592107 343.556348 0.070843 -53.689831 12.459849 168.253207 5.148937
227 -7.234510 0.798385 5.864418 1.782859 250.090130 0.316547 10.148603 2.890539 220.769956 9.050028
227 -6.190415 0.001613 73.737419 11.650001 80.131824 0.448106 -9.628808 1.237864 306.062290 6.961838
228 -4.575179 0.452110 -8.542388 1.040420 238.060997 0.770839 -23.680934 10.315414 269.971100 3.731365
228 -5.993022 0.748897 -39.417905 10.754503 365.608404 0.229900 4.463556 2.309498 304.274011 6.567052
228 -4.297622 0.356025 -6.734211 1.675493 235.540814 0.308501 8.762616 0.012908 146.135655 3.176252
228 -3.829384 0.204097 11.516556 5.289517 200.907260 0.538023 12.278781 0.116604 199.592507 2.239776
228 -3.452201 0.574804 -69.640757 3.820102 89.195691 0.659341 -2.378837 0.143106 207.016746 1.485410
228 -3.869989 0.407499 -11.610228 1.159579 279.566822 0.237300 -69.123682 3.255696 20.425196 2.320986
228 -4.782392 0.563998 -2.069737 3.241076 288.626011 0.362162 -47.395404 0.935641 185.323756 4.145791
228 -7.547089 0.249858 -26.343787 5.092342 320.099643 0.071509 49.581734 6.265492 457.257809 9.675186
228 -5.421296 0.739761 -11.193948 1.092252 270.479034 0.296210 58.579658 4.633040 109.833909 5.423600
228 -5.706139 0.782848 42.759472 13.635719 171.002105 0.373239 -16.764187 0.308934 214.145474 5.993286
229 -5.899222 0.499052 -12.944925 2.196651 297.767388 0.476423 -12.947261 10.600014 331.205148 6.379451
229 -5.878775 0.083336 34.957640 12.395786 324.183353 0.401882 -24.752592 1.467628 280.815087 6.338558
229 -7.621805 0.533205 -53.289799 1.585675 152.442381 0.739337 -24.049914 1.837530 285.109041 9.824618
229 -3.761211 0.200854 11.260392 5.306588 200.197880 0.541589 11.496829 0.146926 201.421954 2.103430
229 -4.173674 0.334754 -67.465925 3.647145 76.223558 0.744310 -14.254803 0.501750 220.645923 2.928356
229 -4.139142 0.424108 -10.611800 1.312044 287.600914 0.206062 -69.412840 3.288712 11.769706 2.859292
229 -5.589755 0.571360 -8.229425 5.292216 305.582282 0.282581 -40.017666 0.376497 184.457696 5.760518
229 -4.947687 0.261879 -17.493674 2.455298 363.204487 0.102816 16.019113 12.626347 20.329387 4.476382
229 -5.543490 0.770382 -12.893579 1.629253 291.411297 0.242107 41.081004 3.915351 156.519449 5.667988
229 -4.520636 0.005364 33.092415 12.973082 168.231275 0.361266 -10.590313 0.998013 273.493361 3.622280
230 -5.454935 0.491048 -6.981346 2.231815 293.889411 0.501062 -23.254450 10.590285 308.455021 5.490878
230 -5.767590 0.136406 32.584803 12.062444 342.182493 0.391173 -23.690286 1.702185 291.737704 6.116187
230 -5.052620 0.694415 15.866755 0.056524 216.535727 0.448354 -2.369930 13.554508 238.993131 4.686248
230 -4.537766 0.353386 18.527313 2.938514 121.553013 0.433398 1.247780 0.876348 260.773840 3.656539
230 -5.227882 0.303115 -70.178978 3.823015 85.052051 0.745715 -19.548788 1.797693 293.027659 5.036771
230 -4.249938 0.431783 -16.840168 1.109527 275.218822 0.220557 -71.300764 3.205719 12.266874 3.080883
230 -5.553360 0.574528 -18.843443 5.733218 344.908609 0.208886 -3.182728 2.230189 253.419878 5.687728
230 -5.737214 0.428429 -26.956042 1.744441 310.510614 0.261256 -6.065205 11.447189 33.319591 6.055435
230 -5.557642 0.726522 -11.990838 1.884767 284.511660 0.249288 41.010929 4.320324 147.268504 5.696291
230 -4.064186 0.012739 33.639228 13.213713 186.120536 0.351092 -10.080732 1.074435 274.013992 2.709380
231 -5.794658 0.516325 0.050066 1.763043 288.505101 0.503280 -37.525188 11.288928 321.227229 6.170324
231 -4.730269 0.194192 5.435653 10.415886 364.894828 0.361786 -20.897356 1.550108 265.026734 4.041546
231 -4.845050 0.691243 10.242120 0.147433 219.521356 0.343866 20.523281 13.645331 279.917376 4.271107
231 -3.321992 0.359253 2.189661 1.859917 55.584060 0.364779 2.626710 0.764552 248.240973 1.224991
231 -6.449020 0.233070 -68.293294 6.520253 176.561154 0.759904 -28.209616 2.096362 302.898877 7.479047
231 -4.643757 0.483757 -2.446872 1.058431 285.178428 0.152470 -78.643456 1.899921 33.624522 3.868521
231 -5.749006 0.566915 -20.403717 5.991118 359.820082 0.195157 -6.543385 1.926825 238.562064 6.079020
231 -5.921082 0.439476 -25.934528 1.973343 323.850006 0.273836 -5.121067 11.425711 27.157902 6.423171
231 -5.783047 0.773878 -27.193202 2.420510 290.591366 0.331131 34.292645 3.174629 213.029294 6.147102
231 -4.171651 0.007455 15.573621 13.238228 157.242043 0.355735 -15.387173 1.020605 267.266904 2.924310
232 -4.602043 0.122046 56.583041 0.496404 107.819649 0.662563 13.966875 0.063946 197.597611 3.785093
232 -5.150701 0.110054 -5.073795 11.748654 336.591320 0.298677 -24.358149 1.669387 282.711634 4.882409
232 -3.668386 0.698285 13.635780 13.777927 205.383790 0.230445 -3.147412 0.908779 261.013378 1.917779
232 -3.384139 0.326441 -4.934871 0.950184 70.570278 0.333614 7.343870 0.797785 245.830988 1.349285
232 -5.163814 0.306880 -59.936994 7.217331 171.640347 0.703005 -15.129959 1.336132 279.659555 4.908636
232 -4.109924 0.479375 -0.073750 0.855442 269.254616 0.162315 -67.821066 1.809518 25.629756 2.800855
232 -4.016987 0.664881 -3.116464 8.679602 364.608982 0.331406 6.789485 0.214267 182.332121 2.614982
232 -4.808735 0.788964 -3.809746 0.501529 230.490773 0.155335 -38.979487 7.597969 177.211232 4.198477
232 -4.198010 0.129637 -19.596139 8.853666 250.305982 0.729496 2.072717 0.127347 214.992008 2.977028
232 -3.810975 0.542161 -14.448185 0.190491 183.073238 0.410639 26.745154 2.326253 180.005777 2.202958
233 -3.425553 0.032598 54.509912 0.531474 95.312476 0.704439 10.303851 0.205434 199.907398 1.432113
233 -4.864932 0.125316 35.100433 10.097716 235.986359 0.316859 -11.830481 1.808943 312.194283 4.310872
233 -3.970496 0.641437 4.320094 0.067325 143.751824 0.240517 -5.420793 0.556405 186.226129 2.521999
233 -3.576103 0.328301 6.119190 1.284459 34.761735 0.341848 5.820110 0.786614 257.698817 1.733213
233 -5.506253 0.400601 -50.515687 7.793961 110.804549 0.686020 -13.823002 2.587983 340.748789 5.593513
233 -4.447739 0.361568 -11.520572 0.496534 242.090107 0.267873 -26.225572 13.395716 23.826001 3.476487
233 -3.475548 0.691580 2.918287 8.353205 324.605962 0.261273 18.195369 0.360011 189.096543 1.532104
233 -4.632806 0.777899 -6.369519 0.695113 232.975540 0.098487 -34.762790 7.708815 182.615675 3.846620
233 -4.274025 0.041241 -42.090375 7.825270 445.963806 0.582762 23.268116 0.359751 165.097563 3.129057
233 -4.483031 0.337946 -12.662544 1.259321 201.580328 0.404418 29.673798 0.529347 182.463140 3.547070
234 -3.958929 0.732999 -82.275487 1.554133 147.437563 0.662906 -10.119657 0.752896 226.284429 2.498865
234 -4.549276 0.165616 35.036330 9.677888 238.292989 0.307192 -13.761514 1.790552 307.733655 3.679559
234 -4.389808 0.604881 23.792471 0.271053 205.415743 0.318969 27.735549 12.618043 254.956861 3.360623
234 -3.953450 0.282860 -8.412799 4.290669 16.694137 0.387601 -6.612353 1.193585 283.078277 2.487908
234 -5.676033 0.480002 -57.558650 7.034889 118.034245 0.589232 -8.684171 2.289779 334.354463 5.933073
234 -4.979869 0.324122 3.055824 1.269081 300.766933 0.302664 -26.295672 13.783861 36.735437 4.540745
234 -5.756717 0.047404 -1.891919 12.469314 362.546788 0.466352 -0.907973 0.908354 255.158483 6.094442
234 -4.147270 0.651593 -4.015222 0.642213 253.898666 0.077824 -49.162116 9.705501 151.065623 2.875548
234 -3.750171 0.121684 -48.200826 9.286648 488.031307 0.518031 23.910081 0.432683 167.875953 2.081350
234 -3.751806 0.469520 4.305828 1.059655 176.801711 0.290132 19.022063 0.402722 181.164765 2.084619
235 -6.150010 0.719356 -83.015715 1.770020 150.660877 0.662222 -10.753678 0.394311 227.908517 6.881028
235 -7.317526 0.256037 -17.319858 6.876070 297.765546 0.323159 -14.660648 2.116341 307.623824 9.216059
235 -4.306122 0.638655 28.447689 0.165276 200.446425 0.302125 34.737085 13.327911 222.063680 3.193251
235 -3.975387 0.280552 -9.663766 4.252691 22.896023 0.389682 -5.767214 1.156174 279.799042 2.531781
235 -7.774229 0.734821 65.809968 2.917888 446.106184 0.637443 -36.534385 13.854192 420.981654 10.129465
235 -5.956991 0.323166 5.970256 1.203721 301.287579 0.295056 -31.008404 13.622851 34.827685 6.494989
235 -6.433043 0.301927 -33.175866 11.670819 208.873523 0.546798 24.257088 0.414294 235.640751 7.447094
235 -4.570740 0.641739 -8.647730 0.980268 273.385565 0.084750 -48.661810 11.412062 137.557267 3.722488
235 -3.428661 0.106124 -50.309445 9.601146 487.865200 0.524033 16.262468 0.353532 166.445703 1.438329
235 -3.524898 0.503503 18.834469 0.074619 172.040758 0.256376 2.720926 1.420401 171.973162 1.630803
236 -4.060536 0.730244 -81.943841 1.400147 151.759081 0.657815 -8.629297 0.765868 227.029495 2.702080
236 -7.375562 0.097020 -48.506793 4.385548 355.862520 0.288666 10.359437 5.235531 350.677973 9.332132
236 -4.111278 0.637369 28.410607 0.119715 198.154516 0.300471 34.618702 13.300564 222.017034 2.803564
236 -3.726998 0.260082 -7.956257 5.406917 47.867300 0.404501 -8.025052 0.967314 269.605841 2.035003
236 -6.874790 0.729354 70.405234 2.979198 441.380224 0.626676 -31.640409 13.877116 424.679172 8.330588
236 -5.664414 0.444206 -24.290480 0.914255 230.007449 0.208714 -1.888860 14.736644 461.895647 5.909836
236 -8.284871 0.309083 -30.753977 11.922985 237.050605 0.577499 17.946603 0.488057 254.799318 11.150749
236 -4.043294 0.019188 -50.763150 4.091509 88.478911 0.331659 -5.975941 0.341872 224.211145 2.667595
236 -4.139182 0.099954 -45.655846 9.107261 487.352477 0.490505 12.292329 0.399679 170.367183 2.859372
236 -5.134503 0.462278 1.357462 0.841294 119.882950 0.263088 1.416116 0.041234 188.990339 4.850013
237 -4.324323 0.799411 -75.490100 3.303488 195.180767 0.727459 -5.818040 0.783570 242.535065 3.229654
237 -6.605887 0.065609 -54.586785 5.069575 372.887161 0.320180 9.522684 4.737479 333.648820 7.792782
237 -4.496611 0.667497 32.261081 0.127451 205.447125 0.317825 43.909156 13.208566 184.915558 3.574230
237 -3.989538 0.301165 -19.951449 5.450366 79.189496 0.361405 -0.951453 0.653146 251.999883 2.560083
237 -6.879840 0.735780 70.310529 2.942345 440.572297 0.628929 -31.715326 13.847581 423.694995 8.340687
237 -5.852655 0.431339 -29.539694 1.271205 241.771392 0.189229 -3.209032 13.866327 451.327971 6.286317
237 -6.161644 0.771070 -25.104372 2.829252 339.804341 0.356785 -38.272658 11.159633 176.769874 6.904296
237 -3.978040 0.708220 -50.515623 4.574847 97.050429 0.348034 -5.896606 0.389514 224.081251 2.537088
237 -3.238863 0.059077 -52.097031 8.015114 474.742677 0.502269 9.483070 0.489152 161.034626 1.058734
237 -4.124232 0.481791 -6.008874 1.424662 216.427116 0.328459 -2.040838 0.737521 185.078624 2.829472
238 -5.288660 0.007356 -56.670909 3.063131 238.549617 0.684094 -9.687103 1.890291 246.052786 5.158328
238 -7.115496 0.066593 -73.347243 5.135873 372.455320 0.348987 6.737026 4.571532 332.485099 8.812000
238 -4.282600 0.674342 24.885825 0.182518 210.177956 0.311259 45.437834 12.887000 181.347899 3.146207
238 -4.673045 0.216844 -23.673879 5.540147 85.892036 0.378251 -19.089567 0.618457 237.564837 3.927097
238 -8.720176 0.771179 71.016093 2.659744 450.227854 0.621472 -33.649573 14.711653 424.265638 12.021361
238 -7.468975 0.381568 -84.464711 14.111693 256.384215 0.772280 -17.538823 1.483683 312.511115 9.518957
238 -5.677166 0.777226 -14.877252 3.460005 360.376645 0.430860 -28.906750 10.680493 172.343372 5.935339
238 -3.502578 0.585731 -31.529902 4.989692 45.761928 0.314537 -5.984958 1.113032 274.794492 1.586163
238 -3.183794 0.156846 -55.220373 7.584121 469.743872 0.470350 13.867600 0.680309 167.925219 0.948595
238 -6.052769 0.531964 -19.743276 1.035661 242.426308 0.183796 -5.636350 1.413806 170.118515 6.686546
239 -6.073808 0.680297 -87.125890 2.570027 151.902967 0.754179 7.154069 0.523530 255.432197 6.728624
239 -4.611831 0.142681 -70.704263 4.759334 406.736797 0.368442 7.101845 5.982756 326.495916 3.804670
239 -4.023970 0.697137 26.716850 0.019287 193.407714 0.253468 49.035307 12.841202 202.333123 2.628948
239 -3.940074 0.372361 -38.232508 3.314984 64.090697 0.381557 -8.655551 0.431317 231.028597 2.461156
239 -7.194153 0.794701 68.811529 2.693118 455.397733 0.626240 -33.140107 14.700861 414.364176 8.969313
239 -7.545626 0.353499 -66.854478 13.018573 265.593699 0.700639 -32.841569 2.190388 306.540765 9.672259
239 -7.826556 0.755085 -8.999569 2.955913 366.119413 0.400676 -26.700763 11.046108 192.992567 10.234119
239 -4.493417 0.359758 -29.812484 6.957506 66.796013 0.190120 -7.146007 0.976932 266.095325 3.567841
239 -3.396310 0.167114 -59.515600 7.669491 470.348719 0.468941 13.941488 0.751210 174.756763 1.373628
239 -4.437413 0.685660 -12.860219 0.087477 196.863916 0.104608 0.228881 14.667842 208.384003 3.455834
240 -5.696670 0.671163 89.871494 3.148951 162.073906 0.772738 4.216886 0.342537 245.004468 5.974347
240 -6.150740 0.123499 -63.381138 4.493702 399.033364 0.293828 4.399633 6.282217 331.735672 6.882488
240 -3.928409 0.710143 21.901272 0.109464 202.125289 0.260368 46.397513 12.682768 193.445873 2.437825
240 -4.199957 0.353913 -49.970664 4.447999 99.760970 0.511613 -18.088851 0.695099 236.942917 2.980922
240 -7.222026 0.796746 66.806794 2.708482 456.736130 0.623741 -31.710768 14.519781 418.646668 9.025059
240 -5.576354 0.424856 -69.087394 12.420259 187.045357 0.721564 -22.532263 1.896203 293.797068 5.733716
240 -4.128033 0.115292 -0.724089 2.363529 359.302772 0.362995 -36.402963 12.782230 187.729735 2.837074
240 -3.181652 0.399980 -33.619596 7.480801 53.778872 0.156027 5.308543 1.329369 294.251373 0.944312
240 -4.173136 0.143837 -58.231997 6.387128 477.894771 0.492317 8.933774 1.526689 180.103169 2.927279
240 -4.372348 0.668153 -18.861050 0.065822 202.261411 0.115910 -0.656723 14.450725 177.399820 3.325704
241 -4.913075 0.006478 -82.741875 2.384764 139.280037 0.729501 5.720944 0.180514 224.293323 4.407157
241 -5.148341 0.123499 -57.744543 5.613285 411.266367 0.273406 5.747529 5.962230 355.295567 4.877689
241 -4.057436 0.724519 22.261689 0.111656 204.938802 0.281795 45.418237 12.756390 201.828567 2.695880
241 -4.580837 0.328224 -17.673380 5.410333 94.953270 0.606399 -23.964122 0.597972 236.099719 3.742682
241 -6.954997 0.763652 69.727215 2.981040 475.635955 0.620333 -39.463400 14.786184 397.736568 8.491001
241 -5.513494 0.590729 -57.114513 13.040400 232.683020 0.775153 -6.119259 2.591401 321.477632 5.607996
241 -4.533048 0.117889 0.601753 2.492680 369.185645 0.375212 -37.422300 12.986984 181.889122 3.647104
241 -3.950350 0.397421 -40.975501 7.916969 36.184815 0.190083 6.369302 1.405890 304.763659 2.481707
241 -4.173964 0.123704 -53.829641 6.416590 459.926790 0.465170 5.380235 1.573334 188.075869 2.928935
241 -4.583652 0.338781 56.171842 8.394803 55.319469 0.358067 -16.927745 1.713286 308.524790 3.748311
242 -5.509334 0.724656 65.336206 8.767307 285.030070 0.745724 -14.422915 2.710108 330.474404 5.599675
242 -5.717005 0.124310 -65.049965 5.499190 415.723808 0.306111 6.190931 6.106768 355.262099 6.015018
242 -4.808786 0.722037 19.812337 0.035963 210.110296 0.292112 45.844316 12.741400 200.238425 4.198579
242 -4.208935 0.393820 -54.751069 4.556470 105.580357 0.651086 -10.328217 0.669978 237.840544 2.998877
242 -4.776296 0.027728 38.061937 11.326987 296.517430 0.698722 -16.128599 0.322883 216.066490 4.133601
242 -5.569744 0.486842 -67.717292 11.282927 306.894162 0.784342 -3.228128 3.118393 332.055108 5.720496
242 -4.876641 0.136536 -1.265839 2.475759 368.119520 0.401839 -37.651890 13.063663 185.743509 4.334289
242 -5.125667 0.497221 -22.266733 12.850851 97.082597 0.299921 -4.783811 1.639507 322.282663 4.832341
242 -4.443900 0.264976 -53.030707 7.350235 380.704495 0.627844 2.553334 0.030855 170.946056 3.468809
242 -4.854279 0.402003 48.839205 6.272837 27.700618 0.358672 -14.380601 1.219508 293.872621 4.289566
243 -9.612791 0.684192 67.844391 8.590622 309.885940 0.027659 8.936395 2.611555 371.659032 13.806589
243 -5.362476 0.139622 -65.597245 5.370384 402.972655 0.278290 13.369141 6.114766 367.433708 5.305959
243 -4.765142 0.728991 11.106183 0.205246 224.647541 0.333324 36.878454 12.483079 244.275042 4.111292
243 -4.529491 0.359900 -75.504114 2.673562 205.954306 0.667164 -4.541279 0.354810 206.997605 3.639989
243 -4.769265 0.062769 46.827647 10.805936 270.920315 0.695861 -20.862671 0.790822 241.118857 4.119537
243 -5.448644 0.419429 -58.351428 12.367656 312.884093 0.087446 6.886111 2.320403 336.197026 5.478295
243 -6.009364 0.132229 -1.660447 2.438366 369.353545 0.394321 -37.593143 13.209175 190.356173 6.599735
243 -4.437633 0.224620 -35.439155 13.325867 88.503896 0.602227 -17.128152 0.655608 246.788963 3.456274
243 -4.294485 0.306693 -51.726168 7.483223 391.847931 0.606603 6.574663 0.174591 176.228395 3.169978
243 -3.712309 0.205549 71.038571 13.266083 21.615901 0.737122 6.821550 0.043723 218.813057 2.005626
244 -4.761211 0.445783 -27.182761 0.714223 76.945852 0.763871 8.089898 0.057293 224.223290 4.103431
244 -5.813003 0.136553 -66.402680 5.382840 403.873040 0.279062 13.610555 6.061341 366.220187 6.207013
244 -5.079356 0.685951 -3.277487 0.565311 222.108177 0.252566 48.629107 13.797582 259.733068 4.739719
244 -4.419112 0.353156 86.664791 14.292816 224.463235 0.779427 -12.509609 0.696387 245.729211 3.419231
244 -5.900904 0.046143 23.887275 11.335204 412.863297 0.613937 -3.387421 2.712001 298.174685 6.382815
244 -5.288847 0.412416 -53.078886 13.056086 318.484449 0.089134 6.066993 2.327477 336.901121 5.158701
244 -3.513061 0.152659 4.252025 1.967921 324.455323 0.292978 -70.524839 8.385875 214.774409 1.607129
244 -5.341355 0.253707 -35.156510 13.613901 87.708734 0.631604 -22.696368 0.613802 252.014476 5.263717
244 -4.856704 0.282817 -48.265257 7.616314 414.575428 0.591496 -6.761518 0.413562 176.367302 4.294416
244 -5.057888 0.182552 72.485410 13.365651 490.412263 0.755629 5.290177 0.467917 209.853611 4.696783
245 -5.156545 0.675467 -22.155183 11.467506 417.255738 0.659890 8.320136 0.444511 186.774133 4.894098
245 -6.093225 0.048577 -64.300406 5.626531 383.281052 0.297736 3.506058 7.261699 417.440081 6.767457
245 -4.439625 0.692542 -12.586698 0.114352 205.582635 0.199497 33.303960 13.756351 339.463168 3.460257
245 -7.658886 0.760049 79.434502 0.494440 269.683303 0.217140 4.293072 1.596218 126.636400 9.898780
245 -4.671950 0.017958 12.688141 10.261702 374.371614 0.361352 24.556601 0.555368 209.687843 3.924907
245 -5.618250 0.414501 -50.644870 13.021612 331.750074 0.090832 8.886913 2.407876 339.834747 5.817507
245 -3.565951 0.133139 -0.436316 2.175793 335.382669 0.299665 -74.194028 8.377840 205.485396 1.712909
245 -4.434489 0.206624 -29.325265 12.433743 68.200472 0.677095 -20.313015 0.731735 248.470275 3.449986
245 -3.849726 0.224121 -50.003600 7.272439 363.191125 0.702672 0.996056 0.299882 190.581924 2.280459
245 -5.688105 0.702860 -22.725120 9.306820 329.937140 0.469591 -11.463542 4.847189 383.467461 5.957218
246 -3.735818 0.685582 -22.900248 11.846725 310.928993 0.675089 38.527014 0.073359 192.095843 2.052643
246 -7.094408 0.606514 -68.560358 3.488254 60.986966 0.337478 -5.769415 3.026316 395.100136 8.769823
246 -4.974534 0.652150 -8.947905 0.218204 202.118723 0.129777 32.196823 13.853087 349.091681 4.530076
246 -7.403257 0.790887 77.267494 0.611184 263.614462 0.248343 7.484870 1.238109 149.722145 9.387522
246 -3.950686 0.022778 13.438723 10.253164 372.757156 0.340216 20.353190 0.547182 206.659146 2.482380
246 -3.948232 0.442739 -56.960747 12.791113 331.194321 0.155944 15.142877 2.399236 340.479775 2.477472
246 -3.669396 0.125125 -1.206896 2.159366 337.006035 0.270715 -80.264761 8.123575 211.614045 1.919800
246 -3.824737 0.056871 -2.234998 14.222302 67.290153 0.473760 -5.402111 0.936163 268.574200 2.230481
246 -4.565443 0.236006 -34.560045 7.072220 387.069980 0.687621 2.133041 0.139802 162.251010 3.711894
246 -5.971086 0.614175 -11.130891 8.423115 359.066391 0.453893 2.504853 5.619573 390.833023 6.523179
247 -4.400781 0.731612 -13.171365 11.037855 309.429132 0.668716 33.741197 0.109353 178.423343 3.382570
247 -6.607817 0.567598 -65.437772 3.840286 34.050648 0.353182 -10.628718 3.292430 407.046773 7.796641
247 -3.746025 0.679293 1.228444 0.093415 202.234821 0.151830 42.370755 13.898360 346.376903 2.073058
247 -8.898370 0.796192 89.539955 0.376973 258.937236 0.228468 -13.426979 13.910118 156.368822 12.377747
247 -7.120833 0.609498 -20.047010 7.235530 265.366845 0.167500 -28.191665 2.962627 353.423444 8.822674
247 -4.162563 0.442587 -57.278438 12.767315 329.710122 0.155411 15.104866 2.383600 340.513867 2.906134
247 -4.097736 0.137738 0.734244 2.111844 336.654562 0.293854 -79.631962 8.010089 205.471929 2.776479
247 -3.502074 0.036007 21.376226 13.941604 75.244315 0.516959 -4.084245 0.615182 244.344881 1.585156
247 -4.821894 0.228128 -46.130263 6.316197 382.721135 0.511616 6.034586 1.296821 219.155917 4.224795
247 -6.342337 0.609500 -17.238315 6.072276 304.335567 0.488120 -14.619600 6.384612 417.164062 7.265681
248 -4.509774 0.098137 -69.120925 13.248618 273.084017 0.645300 -7.155114 0.255205 201.581103 3.600555
248 -5.316519 0.600113 -59.874756 2.912933 18.320085 0.353763 -14.704181 3.413451 403.687463 5.214046
248 -3.588420 0.670881 19.236301 0.064075 196.228120 0.243315 78.340373 13.282091 278.579085 1.757847
248 -10.719631 0.105784 -49.877814 1.428359 279.037781 0.096027 -24.866606 1.275877 135.857175 16.020270
248 -7.343163 0.626970 -24.152570 8.406641 246.297715 0.141046 -26.884958 2.977060 369.510824 9.267334
248 -4.182125 0.452320 -51.435521 12.973763 338.374227 0.146075 15.407137 2.175404 326.361358 2.945258
248 -4.313978 0.127593 1.103905 2.490676 363.201409 0.204576 -81.657003 8.613675 189.192402 3.208964
248 -5.554867 0.248906 -82.872690 5.158994 16.325431 0.588006 -13.871993 4.852650 450.176524 5.690741
248 -5.511586 0.202925 -14.470130 6.131510 483.101278 0.528037 -7.959287 1.126606 127.952401 5.604179
248 -6.963548 0.653915 -14.144800 7.973246 349.699051 0.392546 -16.840436 6.111605 413.292532 8.508103
249 -3.610541 0.066589 -72.646854 13.962586 257.401539 0.692848 -5.108395 0.017034 198.510852 1.802090
249 -9.413285 0.705647 9.347794 6.696416 101.514622 0.706368 -16.152648 5.479159 471.946816 13.407578
249 -3.458192 0.672876 16.296542 0.052520 196.044101 0.245952 75.302247 13.557629 274.547622 1.497392
249 -11.026620 0.109873 -50.106401 1.469631 283.261552 0.093753 -25.080253 1.288634 135.079948 16.634247
249 -7.924086 0.638595 -24.191496 8.341971 239.133926 0.139934 -25.067822 2.966437 373.970532 10.429179
249 -5.924901 0.440712 -45.609202 12.642699 321.541071 0.150226 4.828332 2.287715 338.389484 6.430810
249 -4.226967 0.121818 1.146275 2.462095 361.981738 0.205559 -81.526185 8.570957 187.269809 3.034942
249 -3.818806 0.791570 42.764119 1.491622 47.220823 0.523661 -8.403188 0.791907 258.279748 2.218620
249 -6.008753 0.478882 -13.235822 6.192434 336.657471 0.650607 -8.079109 2.713392 272.763670 6.598513
249 -7.986367 0.533874 -17.524262 8.610058 371.312251 0.376513 -38.018919 4.934552 379.802311 10.553741
250 -4.234814 0.098600 -88.561942 13.082423 271.740318 0.614809 -11.898938 0.527496 213.890691 3.050636
250 -6.168538 0.687659 7.414665 6.406925 109.938585 0.689954 -15.235846 5.928273 468.794095 6.918083
250 -3.583495 0.673127 16.301270 0.021930 196.804137 0.245114 75.229213 13.556804 273.636301 1.747998
250 -7.493251 0.150431 69.101090 7.398073 270.091564 0.660339 8.299838 2.948286 322.422937 9.567510
250 -5.670735 0.260733 -1.768388 11.247267 33.990213 0.787983 -16.955950 3.770815 390.434772 5.922477
250 -4.327035 0.459393 -45.608257 12.599696 320.168602 0.166050 2.867796 2.504458 338.517427 3.235077
250 -5.452207 0.127586 1.654537 2.431893 362.762356 0.206895 -82.897568 8.384699 188.799887 5.485421
250 -3.329160 0.761268 36.336509 0.758389 40.269867 0.463091 6.262628 0.404296 227.969504 1.239328
250 -5.269463 0.595708 -7.019720 5.372731 267.183520 0.681792 -18.219936 1.809959 247.076661 5.119934
250 -5.087367 0.472896 -14.138642 2.154057 310.405466 0.799074 22.557103 2.148448 122.437314 4.755741
251 -3.446056 0.152148 50.545591 11.847105 274.089811 0.532342 3.601547 0.264360 210.277326 1.473119
251 -5.783345 0.626730 19.202086 7.027878 85.038626 0.654135 -11.301439 5.832179 478.695999 6.147698
251 -3.769006 0.681979 22.306336 0.060385 193.883601 0.262947 80.606493 13.411345 281.185869 2.119020
251 -8.980096 0.206491 60.025085 7.320825 259.558862 0.603157 9.220645 2.985127 339.059216 12.541199
251 -7.171335 0.299635 -5.472439 10.932953 38.700743 0.022882 -19.632267 2.874428 404.017908 8.923678
251 -4.571434 0.488204 -48.678438 11.439000 303.215457 0.183315 1.043872 1.804332 304.658160 3.723875
251 -5.408298 0.141889 -5.442678 2.341340 357.929500 0.194685 -87.530548 8.794339 187.767694 5.397603
251 -3.284493 0.710691 32.998758 1.220144 25.491502 0.451725 1.061215 0.581594 239.020716 1.149993
251 -5.528891 0.576799 -5.635071 3.863187 289.672866 0.625771 -31.442073 1.756452 217.416660 5.638789
251 -4.923169 0.474538 -14.539968 2.186156 311.866817 0.000515 22.894422 2.134883 122.319806 4.427346
252 -3.635593 0.136764 53.067686 11.774711 309.516560 0.539750 1.763107 0.373958 215.499783 1.852193
252 -6.331810 0.641744 24.203569 7.105138 154.197093 0.648109 -4.206183 6.219326 480.197026 7.244627
252 -3.615126 0.669857 17.581824 0.037209 199.138988 0.281029 79.747738 14.149912 260.786833 1.811259
252 -10.120906 0.398633 -60.561505 8.770173 238.509697 0.631064 66.434493 3.094147 491.939748 14.822819
252 -6.357597 0.378985 7.676829 10.149548 20.740946 0.121866 -26.744067 2.629525 383.786658 7.296201
252 -4.099521 0.489685 -43.463250 9.900469 289.614297 0.184437 -0.912402 1.845793 298.381368 2.780050
252 -4.480839 0.181883 -6.290450 2.480520 356.799368 0.280884 -87.571270 8.956024 207.147766 3.542686
252 -3.453371 0.696139 36.651777 1.864141 13.252026 0.460502 -1.295531 0.237907 217.799392 1.487750
252 -5.253043 0.699792 -0.690385 0.649306 251.989841 0.613376 -52.066718 3.112419 169.831970 5.087094
252 -3.596998 0.401192 0.646840 0.859279 260.226571 0.015534 -55.217694 2.404661 67.915929 1.775004
253 -3.824656 0.105552 60.867460 12.787021 269.077913 0.590649 10.214318 0.391753 217.889020 2.230320
253 -6.273698 0.705858 58.788676 6.741699 155.327254 0.683797 -5.842798 6.582187 491.623692 7.128403
253 -3.818670 0.728170 19.558618 0.062081 195.355563 0.390402 78.934508 14.388335 282.841612 2.218348
253 -7.585101 0.383852 -61.072337 8.805573 229.849622 0.632654 66.928975 3.284113 499.844626 9.751209
253 -8.676155 0.281094 8.448116 10.255103 36.824398 0.119167 -24.122902 1.966707 354.979419 11.933318
253 -4.875749 0.566882 -25.427083 11.453788 302.356590 0.220222 -11.239133 1.800225 297.357197 4.332506
253 -5.590671 0.107841 10.917507 2.232959 349.305766 0.216494 -86.700379 9.013207 198.980057 5.762350
253 -3.337392 0.167485 -24.042211 0.340235 30.131002 0.201650 2.034499 0.885151 262.492081 1.255791
253 -4.705185 0.720427 -3.753164 1.071728 239.292620 0.544419 -48.459213 4.375126 197.989100 3.991378
253 -4.644877 0.294833 15.261532 0.764875 259.705741 0.774613 -50.145077 1.005095 51.265248 3.870761
254 -4.237034 0.159665 72.001554 13.507319 268.113439 0.606708 -13.004732 0.655424 222.570937 3.055076
254 -7.548735 0.084606 36.580620 9.779468 235.338833 0.609174 -0.560810 5.676433 459.767562 9.678477
254 -3.708983 0.730738 16.611791 0.072698 196.531059 0.375320 67.030220 13.836568 283.426370 1.998973
254 -7.667151 0.391258 -61.622842 8.777832 221.430986 0.636974 66.524490 3.127756 492.803332 9.915309
254 -8.171003 0.263347 2.394228 9.957088 30.276123 0.093052 -27.223591 1.665256 331.009201 10.923014
254 -6.599264 0.574825 -9.208914 9.891637 175.065004 0.278257 -6.436850 3.262617 395.007848 7.779536
254 -4.431426 0.096045 11.662146 2.151601 342.852712 0.199981 -87.432319 9.023645 195.178141 3.443860
254 -3.256224 0.174099 -23.215026 14.625306 32.303936 0.210134 7.676475 0.945016 269.523787 1.093457
254 -4.733533 0.562290 -4.744302 0.997636 245.261267 0.610004 -53.856417 4.096837 130.916402 4.048074
254 -3.232555 0.306892 15.585996 0.837223 252.448062 0.795536 -53.354847 1.268270 82.509953 1.046117
255 -3.611202 0.146520 71.075639 14.127708 260.786666 0.574034 -5.844881 0.495117 228.542708 1.803412
255 -7.294836 0.027593 64.036187 6.153060 374.689762 0.453954 -18.891579 8.495018 463.680071 9.170680
255 -3.580202 0.741313 14.022088 0.052365 195.562504 0.371408 65.085751 13.745079 285.384339 1.741411
255 -8.202882 0.402503 -66.314139 8.711994 204.397648 0.626472 68.263438 2.966892 486.261095 10.986772
255 -6.475016 0.251004 -2.934714 9.420660 24.487986 0.090854 -25.548164 2.426043 366.332685 7.531040
255 -5.451786 0.578413 2.536557 11.088614 187.267748 0.229271 -12.503843 3.453378 402.832449 5.484579
255 -4.849435 0.100494 11.387451 2.038210 337.021696 0.188065 -86.639267 9.083468 193.435422 4.279878
255 -3.936205 0.175612 -29.523820 14.400919 10.372842 0.198267 6.784271 0.895737 270.248718 2.453417
255 -3.479576 0.577119 -4.485228 0.391279 219.296968 0.581756 -71.830147 3.625415 118.082486 1.540160
255 -5.550937 0.307609 16.065116 0.942959 271.236956 0.013532 -60.449236 2.450718 80.843387 5.682881
256 -3.988497 0.316589 -76.658025 2.801072 208.238399 0.388282 -0.609967 0.865594 229.497868 2.558002
256 -6.571129 0.043513 -71.724081 8.740466 297.702544 0.387009 -7.983744 6.848586 499.969505 7.723266
256 -4.011712 0.680897 8.928255 0.305173 205.640347 0.518187 11.290664 13.171619 271.095508 2.604432
256 -7.109587 0.442405 -66.392598 8.678255 218.419942 0.637950 66.770477 3.207385 497.306786 8.800181
256 -7.118481 0.229994 -5.003125 9.662398 14.740911 0.089001 -22.647717 2.143816 361.603600 8.817969
256 -6.303318 0.452262 -0.737202 10.244244 241.859339 0.267755 -17.761567 2.430316 346.752485 7.187643
256 -5.151200 0.102820 11.007580 2.029675 337.104749 0.186923 -86.929207 9.024275 192.607216 4.883407
256 -3.189132 0.185721 -33.986865 14.183292 14.533154 0.213793 3.699928 0.997520 270.634170 0.959272
256 -3.638286 0.582851 -5.523572 0.227138 209.956933 0.570267 -73.522995 4.000030 93.217294 1.857580
256 -4.351140 0.301780 12.759982 0.563080 245.334955 0.761157 -64.621637 2.335400 55.304820 3.283288
257 -3.685457 0.329374 -73.153270 3.002115 185.987466 0.378178 -2.708082 0.744021 223.768492 1.951921
257 -6.496838 0.043926 -70.783574 8.759665 297.232366 0.391423 -8.233030 6.831742 499.039932 7.574684
257 -3.951417 0.703625 10.384933 0.223040 209.120131 0.513254 10.445656 13.056933 264.768192 2.483842
257 -7.731722 0.408653 -70.866966 8.220142 216.421461 0.678581 66.673967 2.897379 489.876684 10.044451
257 -4.682299 0.209312 -5.162989 10.568900 27.027437 0.081941 -18.269488 2.473213 374.199603 3.945605
257 -5.249596 0.455354 -9.147822 8.029042 243.746907 0.237328 -22.963939 2.586770 335.725126 5.080199
257 -6.327184 0.225672 -17.863567 1.550688 297.065695 0.369828 -34.652566 9.434549 246.893649 7.235375
257 -4.382976 0.181889 -44.996125 12.425645 34.136504 0.332086 -2.017828 1.182245 293.001953 3.346960
257 -4.457378 0.555319 -7.774569 0.286673 205.779928 0.564395 -38.378279 2.880695 116.794434 3.495764
257 -6.567972 0.290391 16.088447 0.498964 244.450206 0.743100 -55.785466 2.666893 48.686845 7.716952
258 -3.270532 0.339154 85.562180 3.234322 162.245637 0.458089 8.421186 0.392754 212.210788 1.122071
258 -7.642567 0.231072 -71.937263 3.995177 378.221377 0.600451 10.562608 11.608415 447.328770 9.866141
258 -3.360667 0.693728 6.161077 0.030884 195.547554 0.550742 -7.725539 14.687789 295.722749 1.302341
258 -6.114615 0.738593 -20.524711 2.228431 331.144338 0.774657 -69.744887 14.181224 101.895042 6.810238
258 -8.477121 0.219010 -5.449216 10.445939 13.328081 0.081158 -15.220149 2.319695 376.883857 11.535250
258 -5.405960 0.614202 64.392850 10.717968 55.441215 0.371396 -23.528278 1.955359 325.271448 5.392927
258 -4.413731 0.193411 -2.764676 2.095350 316.014330 0.361496 -30.145746 7.036458 223.356563 3.408469
258 -3.468248 0.102979 -49.348843 11.674987 75.979782 0.257891 -4.346727 1.048657 275.489728 1.517504
258 -3.596053 0.504655 -4.653552 0.361071 210.584786 0.581865 -32.061662 3.214415 133.769390 1.773113
258 -7.550468 0.682322 -30.748621 0.327756 223.793013 0.633503 -0.099781 1.036615 110.955268 9.681943
259 -3.379179 0.317112 -85.716978 3.345833 155.343946 0.403989 6.761883 0.445805 219.681180 1.339366
259 -5.541187 0.250243 -58.033601 3.375813 339.262483 0.592025 10.147512 11.043442 434.360331 5.663382
259 -6.052379 0.064242 1.305359 7.980478 404.665689 0.081792 -20.605267 2.684617 307.198927 6.685766
259 -5.457378 0.459080 -8.899962 4.857162 408.028806 0.216269 -58.517215 13.328961 396.271214 5.495764
259 -4.440278 0.249179 -1.101959 10.279134 20.793064 0.094185 -18.085871 2.525799 375.762740 3.461563
259 -4.993790 0.614400 79.433271 10.287156 66.436885 0.434862 -14.468852 1.283342 298.578035 4.568587
259 -6.111607 0.183085 -5.968368 2.913004 359.011387 0.303386 -28.307277 9.101271 293.733097 6.804221
259 -3.402740 0.104049 -53.240372 10.269642 120.683010 0.329005 -4.975832 0.995450 264.793811 1.386487
259 -4.119725 0.585776 -15.011082 0.460357 209.752077 0.660869 -25.024491 2.440376 137.801437 2.820458
259 -4.815758 0.775782 -13.720181 0.846475 221.390912 0.674488 4.711853 1.054793 102.830229 4.212523
260 -3.674616 0.320013 -86.099837 3.273282 155.888340 0.411340 7.364247 0.382574 217.181658 1.930240
260 -4.922575 0.314200 -62.215632 2.863700 319.023683 0.608650 16.053184 10.492311 433.234520 4.426157
260 -6.217201 0.056648 -1.369023 7.822699 421.981801 0.128764 -16.510678 2.574650 291.673140 7.015409
260 -6.013437 0.494911 -6.260757 3.934143 369.961338 0.202533 -45.265762 13.309525 400.118693 6.607882
260 -4.315176 0.243320 -1.398781 10.382525 18.603700 0.092249 -17.076032 2.548613 377.189980 3.211360
260 -6.203809 0.609359 77.395352 10.284796 66.160209 0.442223 -13.544768 1.085853 294.200091 6.988626
260 -10.020933 0.539887 25.790764 3.348201 343.499096 0.486444 8.481561 8.289513 261.153304 14.622873
260 -3.631980 0.100377 -65.077852 9.383862 131.607011 0.377494 -9.327001 0.771107 248.893224 1.844967
260 -6.597523 0.777749 5.872469 1.196585 244.110690 0.255813 -41.410461 6.691438 225.292239 7.776054
260 -4.826431 0.797931 -27.482170 0.595079 227.170960 0.745176 1.563312 1.271969 121.030497 4.233870
261 -3.520520 0.319421 -89.766392 3.105607 162.598975 0.427631 7.846636 0.335759 208.879851 1.622047
261 -6.533963 0.306716 -58.125655 2.914188 320.936407 0.583169 15.133927 10.956480 451.707832 7.648934
261 -4.426564 0.037786 -3.994232 7.648099 371.708337 0.118831 -14.417475 2.844179 320.495548 3.434135
261 -6.346248 0.587678 -0.991446 5.533034 417.106524 0.178092 -43.519453 12.863346 406.413901 7.273504
261 -5.281592 0.117961 65.759533 6.759167 17.571124 0.703082 -26.518213 0.719413 253.443294 5.144192
261 -5.200746 0.519027 77.661686 11.367080 74.022802 0.338070 -17.828026 2.674862 366.820715 4.982499
261 -9.543804 0.462174 22.261593 2.620989 331.085848 0.489080 -10.431288 8.161431 222.860410 13.668615
261 -5.485969 0.142788 -46.528348 9.214285 43.313085 0.355587 -23.339776 2.020887 331.894934 5.552945
261 -6.573671 0.683791 -6.108572 1.036947 292.660863 0.108501 -50.335537 6.175049 165.449850 7.728350
261 -3.532153 0.551472 -5.691156 11.262208 322.754414 0.092562 28.579516 1.255765 262.010207 1.645313
262 -4.203770 0.131989 -80.892041 3.035188 242.361122 0.488180 -2.437769 1.245937 241.507818 2.988547
262 -6.346875 0.314838 -56.920394 3.074342 324.593763 0.563507 15.413358 10.999103 456.381836 7.274758
262 -5.476585 0.135107 -36.726790 13.061055 304.329441 0.581775 -3.797875 0.823978 261.956382 5.534177
262 -6.053693 0.577126 20.190132 2.419533 152.510805 0.005107 -10.944889 1.606772 295.915853 6.688393
262 -4.867881 0.089014 66.963310 7.116822 50.685115 0.779348 -11.185755 0.732667 258.495341 4.316770
262 -7.350570 0.488121 -79.291595 11.491413 89.447332 0.437437 -27.011947 2.122497 342.209635 9.282147
262 -8.609470 0.461074 19.899831 2.757210 328.614017 0.482260 -5.357450 7.879181 238.518172 11.799947
262 -5.996931 0.162719 -39.511751 9.076925 36.454601 0.332519 -26.212431 1.555555 308.793243 6.574870
262 -5.642505 0.772736 -2.872546 1.332075 270.390098 0.121139 -72.998334 9.536159 132.451230 5.866017
262 -3.793022 0.565332 -9.146739 11.128651 314.355309 0.100554 27.565004 1.174800 261.481676 2.167051
263 -4.093986 0.133862 -73.265034 3.377624 248.738506 0.581918 -5.385630 0.977756 229.093914 2.768979
263 -5.501886 0.302966 -49.582674 2.667061 305.753981 0.540615 16.850891 13.171210 483.259025 5.584779
263 -3.764371 0.233140 -59.004225 11.974390 371.457862 0.484665 -1.680333 0.895891 237.711817 2.109750
263 -4.066173 0.654305 33.080901 11.763225 169.215862 0.784797 -13.249630 0.453237 225.032456 2.713354
263 -4.487081 0.089978 58.091168 7.942074 24.699898 0.690443 -6.335268 0.116644 228.498670 3.555170
263 -3.314973 0.493579 -38.326128 7.425039 158.542717 0.429478 16.793587 0.304556 215.289590 1.210953
263 -8.482972 0.637362 -15.403293 4.449136 381.948335 0.629138 51.442328 5.832078 309.907360 11.546951
263 -4.101143 0.201249 -45.446459 9.570803 62.617896 0.240937 -14.132039 1.707395 318.766549 2.783294
263 -4.363023 0.728153 14.649422 0.239867 217.163201 0.130660 82.824020 8.697623 142.902592 3.307054
263 -5.107180 0.706954 -26.724381 11.945619 364.487223 0.230752 23.628094 1.579708 265.448666 4.795367
264 -4.793378 0.136228 -55.417533 3.762819 215.367119 0.625571 -12.026975 1.390856 248.896328 4.167763
264 -7.802523 0.253097 -36.181803 2.669819 308.215224 0.566562 15.436610 13.390621 479.556883 10.186054
264 -3.830903 0.204428 -71.236046 9.322563 445.220145 0.622404 1.987838 0.881460 207.813934 2.242813
264 -4.447740 0.617924 31.256685 11.312421 142.326806 0.768731 -17.117786 0.274327 229.499210 3.476487
264 -3.869225 0.130431 73.384831 9.217688 472.701257 0.665794 -2.350250 0.526111 185.813195 2.319458
264 -3.328754 0.510765 -30.010138 7.479893 160.169256 0.391874 17.333459 0.369137 219.353817 1.238516
264 -5.610097 0.575416 -21.681346 3.547638 358.933907 0.631159 39.825680 7.877971 280.538777 5.801201
264 -4.021121 0.203876 -5.139593 11.098986 123.953611 0.264797 -12.829949 1.638840 306.812626 2.623250
264 -3.457092 0.734771 9.507702 0.109163 207.530194 0.068833 80.593518 8.761286 158.136920 1.495192
264 -3.716435 0.094985 -51.790408 13.129466 155.088782 0.200674 -2.251050 1.630393 312.544829 2.013878
265 -5.098421 0.218069 -48.283088 4.069294 224.479690 0.653714 -14.815026 1.685193 262.136354 4.777849
265 -5.807869 0.235951 -38.299441 2.704643 296.455305 0.549944 15.528767 13.593462 492.731884 6.196745
265 -3.998267 0.209824 -72.932818 10.210579 479.438325 0.618668 0.143600 0.880307 210.118568 2.577542
265 -4.056848 0.616471 39.310255 11.015075 160.646866 0.785013 -16.279375 0.257053 208.496749 2.694703
265 -4.756455 0.083860 -85.022099 8.490869 448.391835 0.601432 -8.601121 1.388388 223.785346 4.093917
265 -3.826065 0.499364 -24.753228 4.466412 27.521901 0.412812 8.639992 0.428732 237.151525 2.233138
265 -6.896582 0.609567 -25.114563 3.203954 358.171258 0.604395 48.810014 8.631917 302.699971 8.374171
265 -6.497671 0.082512 11.636750 10.162774 62.209597 0.394651 -6.191994 4.168386 441.337393 7.576349
265 -3.336404 0.708016 5.649519 0.050420 197.493008 0.025140 74.860921 8.634459 191.549266 1.253815
265 -3.447129 0.112607 -55.887572 13.803184 167.414127 0.141620 2.721766 1.346997 290.868072 1.475266
266 -4.479177 0.254572 -45.194665 3.940464 217.645992 0.606960 -10.378349 1.115616 233.249753 3.539362
266 -5.298298 0.290138 -34.507348 2.382385 294.989518 0.487716 27.410796 14.603909 484.079475 5.177604
266 -4.186434 0.243050 -72.957385 10.463060 440.105120 0.579920 -9.120569 1.090100 216.448654 2.953876
266 -4.457479 0.568426 39.203671 10.587574 214.867461 0.791113 -24.280287 0.505070 229.516170 3.495965
266 -5.035497 0.200142 -73.635328 6.409768 401.590020 0.674067 1.278392 0.477814 189.364280 4.652002
266 -3.427180 0.475632 -27.713917 4.625428 16.633705 0.364062 11.712247 0.324273 224.341421 1.435367
266 -5.599766 0.647743 -18.706948 3.459738 355.345793 0.554579 51.465920 8.612461 302.082982 5.780540
266 -5.871776 0.639568 -5.163985 12.683351 468.300687 0.222442 8.350962 0.307237 192.237008 6.324559
266 -4.005612 0.540897 -12.141627 0.281979 213.157789 0.783091 74.028781 10.425517 194.572813 2.592231
266 -3.619793 0.108764 -56.163046 13.925951 164.183543 0.148406 4.655821 1.255848 289.214671 1.820593
267 -4.372297 0.336725 -37.060371 0.577364 179.625579 0.727904 -5.605717 2.164423 226.570875 3.325602
267 -4.305288 0.626356 -12.637001 0.188670 219.545021 0.478469 58.104433 4.353325 90.402751 3.191583
267 -5.339975 0.138330 85.667250 10.557923 414.489992 0.792881 -16.914509 2.354263 271.688443 5.260957
267 -5.203703 0.561919 38.870876 10.598601 221.338894 0.783662 -25.546642 0.222734 227.002547 4.988413
267 -3.954492 0.163513 -81.806085 4.953009 359.326468 0.717452 -3.992501 0.611684 187.966801 2.489991
267 -3.286319 0.457571 -23.365165 4.485077 42.871459 0.415904 4.875335 0.549847 234.049778 1.153646
267 -6.342829 0.680203 -23.255212 2.078848 292.273890 0.489525 33.102569 9.238856 352.899762 7.266665
267 -5.545236 0.777818 -6.853026 3.313429 353.339500 0.307599 -21.090138 10.180113 191.051215 5.671480
267 -4.229522 0.536120 -16.100084 0.774711 246.882408 0.794231 67.115062 11.994753 277.940706 3.040052
267 -3.864530 0.096886 -49.678032 13.311169 135.790807 0.123888 7.853056 1.226597 289.435822 2.310068
268 -5.518336 0.433413 -12.466218 2.344743 154.660632 0.692518 -14.541780 2.139427 278.320282 5.617680
268 -3.829742 0.461511 -7.877655 1.008177 256.292910 0.438233 54.474712 5.596345 203.358817 2.240492
268 -5.688378 0.050634 63.641268 10.092195 410.548701 0.721886 -12.414913 2.241048 277.667573 5.957764
268 -4.856936 0.554115 39.122929 11.480498 247.112369 0.686416 -25.149115 1.000524 252.674898 4.294880
268 -3.880559 0.066400 -81.962041 5.432293 402.157901 0.720303 -12.602788 0.518024 157.805541 2.342126
268 -3.324249 0.457519 -19.405989 4.664400 45.464001 0.416564 6.977599 0.593727 238.092974 1.229506
268 -7.806453 0.202639 9.221488 2.414685 251.743026 0.547066 86.564203 5.616688 480.703443 10.193913
268 -5.874677 0.790188 -13.469412 5.342307 452.915792 0.350840 21.081932 12.749133 46.331462 6.330361
268 -5.983973 0.539110 -23.733448 1.800772 289.342204 0.055922 72.809764 10.930864 316.393451 6.548953
268 -4.538881 0.105238 -30.587847 14.630370 184.289176 0.191428 1.692077 1.566242 312.245253 3.658769
269 -10.485752 0.433121 3.113794 1.462430 268.411807 0.001230 -26.272428 7.663342 311.735097 15.552511
269 -4.090718 0.474878 -17.982959 0.883051 247.836908 0.420035 37.604867 6.471068 188.816805 2.762443
269 -5.512203 0.059550 81.881879 9.934933 433.072063 0.695468 -17.907809 2.733427 281.569503 5.605414
269 -5.177183 0.393426 27.976894 8.043669 251.701826 0.722742 -16.968412 1.423439 268.521597 4.935373
269 -4.237018 0.065593 -80.868549 5.212882 406.216247 0.761907 -14.345797 0.691255 152.041088 3.055044
269 -3.306672 0.496344 -18.367803 6.066950 46.972401 0.367460 11.657799 0.359672 225.648907 1.194353
269 -9.977878 0.354526 20.297699 2.408587 221.653979 0.588737 16.761241 4.872064 351.371469 14.536764
269 -6.479433 0.782873 -23.353755 5.484192 457.396644 0.352078 5.981795 12.241654 76.354603 7.539874
269 -3.205361 0.387572 7.678249 0.426012 228.575243 0.789074 52.517836 13.661952 94.035880 0.991729
269 -3.484030 0.101606 -45.309025 14.035358 167.448090 0.166192 -6.361724 1.468394 298.142655 1.549067
270 -5.882487 0.281484 20.028625 3.087322 336.810140 0.633484 -33.122004 4.420956 257.460372 6.345982
270 -4.165526 0.464905 -18.334679 0.788459 235.224468 0.302725 26.815847 6.071842 189.702677 2.912060
270 -5.603014 0.077221 65.524990 8.091321 439.386415 0.787350 -12.742867 3.458355 279.289053 5.787036
270 -5.522496 0.531970 -3.273654 7.184530 279.519175 0.014557 5.497514 3.045148 355.783615 5.625999
270 -3.534880 0.117164 86.070979 6.123777 364.511780 0.660595 -2.227906 0.240239 174.996546 1.650768
270 -3.878909 0.465696 -25.861155 6.793466 52.471065 0.397492 10.703673 0.207394 219.194483 2.338826
270 -8.661314 0.442655 10.893106 2.494771 297.560324 0.560861 24.827154 7.743936 291.886474 11.903635
270 -5.947521 0.730321 -18.244748 5.788642 468.137815 0.456183 4.358138 12.768475 73.179707 6.476049
270 -4.627956 0.373697 7.622516 0.149181 216.642724 0.779249 53.930653 13.326377 99.687688 3.836919
270 -3.919427 0.145142 -21.782053 13.549885 91.202305 0.105387 -10.542577 1.888149 334.465001 2.419861
271 -7.676616 0.206961 22.384449 4.289923 343.908056 0.716573 -40.525217 2.355307 242.595504 9.934240
271 -5.067117 0.481186 -21.850076 1.320053 277.249227 0.402476 20.059601 7.363533 219.368422 4.715242
271 -5.566726 0.187439 58.001762 8.079781 398.490050 0.724448 -14.122195 4.480644 342.612867 5.714459
271 -4.929017 0.466241 -14.465544 7.220121 254.309047 0.009235 4.853542 2.903923 366.328588 4.439042
271 -4.112432 0.018042 25.534770 7.546033 454.467734 0.177653 -2.790408 0.752063 180.177164 2.805871
271 -4.963131 0.475369 -27.731322 7.209609 14.961430 0.403263 -5.549347 0.046903 213.115819 4.507270
271 -5.798182 0.501980 -34.867293 1.465740 243.744400 0.496393 6.295157 6.829714 336.868342 6.177371
271 -5.749848 0.760417 -18.101591 5.260149 448.572810 0.421781 13.793358 12.407027 75.651839 6.080704
271 -4.452329 0.511756 -10.428085 0.470568 228.081181 0.705386 40.783694 13.923931 41.069701 3.485667
271 -7.382992 0.163353 -24.633076 14.048967 103.612038 0.084811 -17.925248 2.125015 359.617173 9.346992
272 -3.685256 0.311798 -7.834775 1.547914 295.134475 0.461709 82.483872 13.211888 275.454434 1.951520
272 -4.483143 0.410413 -11.726953 1.061165 254.144573 0.437973 12.617208 6.229540 248.203062 3.547294
272 -8.514229 0.186702 66.946774 6.846402 450.079622 0.779805 -12.997660 4.656026 313.865980 11.609465
272 -5.094086 0.494213 -9.386740 6.460145 257.971929 0.044622 2.136201 3.191503 364.869952 4.769179
272 -3.757779 0.007750 9.716027 7.834968 430.607083 0.143626 -5.271368 1.303920 217.655747 2.096565
272 -3.411823 0.563652 -48.028481 6.998097 13.958927 0.390106 -4.020767 0.829302 258.664903 1.404653
272 -5.773212 0.517134 -22.559187 2.965865 281.672427 0.486407 -4.119670 5.422272 323.792031 6.127431
272 -5.197751 0.720004 -25.685924 7.117361 438.601962 0.700409 27.995800 0.199160 151.307592 4.976510
272 -3.632167 0.365910 1.993542 0.742418 258.384157 0.760833 37.536281 13.258397 23.992545 1.845341
272 -4.406413 0.167376 -24.453782 14.060611 102.273589 0.081138 -15.616695 2.225606 355.763423 3.393834
273 -3.865180 0.297741 -6.485519 1.644988 303.548400 0.454558 82.534185 13.166875 271.962890 2.311368
273 -4.064158 0.380928 -10.977585 0.941294 212.941680 0.273914 18.206699 3.420775 264.721157 2.709324
273 -6.586572 0.091868 60.708867 6.235911 413.526253 0.792907 -28.813307 5.545407 324.702264 7.754151
273 -5.150612 0.495548 -9.278615 6.479467 261.416371 0.048272 2.452104 3.212177 364.342941 4.882232
273 -4.402498 0.001454 11.065945 7.765332 426.908195 0.141727 -6.690028 1.304263 218.195987 3.386004
273 -4.973588 0.570129 -61.863970 6.855398 51.618164 0.455134 -4.135555 1.174559 295.830320 4.528183
273 -5.170063 0.466948 -25.018829 1.808108 242.827744 0.390952 18.575460 5.463068 333.742118 4.921133
273 -4.873157 0.701182 -27.783441 7.351553 455.052682 0.698073 27.032893 0.442923 150.208985 4.327322
273 -4.181023 0.438024 -20.146128 0.306856 191.154040 0.678307 44.431234 13.799354 468.006578 2.943054
273 -4.279120 0.182779 -25.142412 14.116274 105.550878 0.093412 -14.582175 2.161586 351.582610 3.139248
274 -5.516475 0.405827 -7.979363 1.917451 299.918082 0.448477 75.814874 13.214298 300.502375 5.613957
274 -3.792019 0.387202 -10.398414 0.807932 212.327061 0.288768 21.377054 3.812422 263.156330 2.165045
274 -6.645128 0.077801 51.426848 7.986107 422.965558 0.795609 -27.262676 5.371266 348.000594 7.871263
274 -5.856744 0.587848 -12.393946 3.378549 345.724947 0.174559 31.441896 5.277893 247.686103 6.294496
274 -3.816136 0.002670 10.058788 7.875503 419.041141 0.150777 -7.359200 1.204920 218.126319 2.213279
274 -5.708810 0.276027 69.729543 4.711488 51.574592 0.487095 -6.071585 1.932294 310.416725 5.998627
274 -5.211578 0.526396 -27.192923 1.365603 218.761859 0.309419 4.935396 5.418794 344.758292 5.004163
274 -5.490458 0.684357 -31.243035 9.641425 463.443019 0.641917 35.928985 0.821322 202.110162 5.561924
274 -5.588824 0.429034 -19.081396 0.255699 192.343677 0.679715 46.917205 14.056358 471.230358 5.758655
274 -4.149317 0.186926 -23.767163 14.212364 104.321216 0.104065 -13.311731 2.149829 350.985362 2.879641
275 -4.633754 0.419505 -8.379520 1.668473 295.856470 0.458925 77.170596 13.386511 306.066970 3.848515
275 -3.781311 0.391951 -15.771559 0.642006 187.631276 0.331976 42.147365 4.005983 310.321385 2.143630
275 -7.083799 0.068430 52.402758 8.521637 412.297853 0.789617 -30.279816 5.074386 351.190548 8.748606
275 -5.554570 0.627822 -9.407501 4.063839 403.197341 0.255577 77.587081 8.054453 158.875111 5.690147
275 -3.831915 0.004950 7.165179 7.767451 432.404851 0.140126 -4.418405 1.512928 230.728530 2.244838
275 -5.500758 0.424971 80.167075 4.635778 81.549929 0.412958 -20.261912 2.701831 360.305904 5.582523
275 -3.811686 0.496773 -26.244580 0.960387 195.462266 0.301147 41.563023 6.407060 402.904441 2.204380
275 -5.504855 0.688039 -30.051144 8.914064 446.644033 0.624095 32.907063 1.002168 185.842594 5.590718
275 -5.031712 0.454470 -11.947746 1.129291 292.055750 0.069636 -50.739737 11.005138 53.023727 4.644431
275 -4.038006 0.178468 -24.379626 14.150020 105.580144 0.096673 -13.358060 2.162340 349.868486 2.657019
276 -4.878635 0.481071 -11.813765 2.081715 305.965447 0.599736 -77.658770 14.305028 329.247091 4.338277
276 -4.252480 0.364865 -20.012262 1.101036 229.932315 0.294681 41.716279 4.710260 303.547683 3.085968
276 -5.592456 0.015004 62.519042 8.545194 322.399432 0.729581 -13.928888 4.858469 384.805830 5.765920
276 -5.587682 0.629894 -15.603300 2.721535 335.371399 0.250508 -87.380495 9.206779 186.583903 5.756372
276 -4.134102 0.739113 2.071078 10.194686 430.332632 0.105918 -16.668765 0.580445 182.675859 2.849211
276 -5.039446 0.476106 80.381135 3.497396 53.861878 0.263380 -15.225158 2.979600 387.660488 4.659899
276 -3.702216 0.482641 -21.723377 0.676003 188.621419 0.277767 42.060874 7.092553 405.707341 1.985439
276 -5.858028 0.703267 -29.964600 9.137792 451.837711 0.647823 28.733098 0.722813 201.785131 6.297064
276 -4.693046 0.487183 -10.723591 1.298378 297.074554 0.063579 -49.995377 11.457091 52.026780 3.967099
276 -3.804716 0.189612 -16.955877 13.839238 96.404018 0.104740 -9.717044 2.323035 362.309206 2.190440
277 -5.097224 0.669223 -8.401620 1.418766 253.333763 0.606645 -17.048719 11.654310 291.127814 4.775456
277 -4.052897 0.409035 -19.604081 1.394584 242.210122 0.292002 44.295093 4.939982 312.018033 2.686802
277 -6.100589 0.019156 63.663251 8.368039 289.165507 0.696584 -18.264357 4.896352 401.885762 6.782186
277 -6.409274 0.570568 -1.602092 1.748680 261.432629 0.075206 20.692266 3.913070 258.282578 7.399556
277 -5.164119 0.661602 -17.215659 11.177655 428.842130 0.045756 -24.183336 0.069554 167.272948 4.909246
277 -5.299478 0.475939 72.174592 3.820389 61.090739 0.241520 -15.587485 2.988757 393.001242 5.179963
277 -4.211957 0.411856 -19.101406 1.193420 222.749720 0.199590 35.486304 5.859789 360.984933 3.004921
277 -6.140334 0.423218 -10.166367 4.485023 451.323414 0.268717 -8.907911 11.668984 79.699377 6.861676
277 -5.779627 0.515909 -19.996049 1.908576 321.487797 0.096140 -45.907781 14.611226 149.825715 6.140261
277 -4.036557 0.203845 -13.229679 14.000187 55.618877 0.134603 -12.823376 2.401872 367.026576 2.654121
278 -4.558903 0.642630 -13.319825 0.763404 238.815109 0.602696 -17.840569 12.571164 299.394080 3.698814
278 -4.346528 0.504739 7.300648 0.367669 177.971660 0.265919 24.945930 4.832287 318.518356 3.274063
278 -5.574345 0.075156 64.247273 8.447406 282.325361 0.740709 -14.918251 5.628261 423.068717 5.729698
278 -5.236209 0.596615 -10.219846 2.410544 334.663000 0.032254 -14.700901 8.081022 87.743500 5.053425
278 -5.791122 0.695840 -18.802681 10.553757 429.808091 0.044001 -23.776325 0.153680 157.560268 6.163252
278 -5.390058 0.495334 71.890938 4.082161 66.484176 0.246983 -20.738712 3.089802 394.652087 5.361124
278 -6.020436 0.524346 74.566825 1.242940 314.610682 0.057879 25.034730 10.118928 220.086973 6.621880
278 -4.845028 0.796836 3.463067 0.157563 231.764171 0.611745 -25.365703 5.218780 174.005918 4.271063
278 -6.261413 0.564166 -24.373187 3.298601 378.771310 0.097417 -65.345560 13.689741 156.163137 7.103834
278 -4.059359 0.208692 -11.624741 13.857891 54.032413 0.139313 -13.326808 2.380909 365.309403 2.699725
279 -6.055074 0.741131 -26.744971 0.170674 198.883280 0.640612 2.498234 10.551774 366.267941 6.691155
279 -4.623948 0.522048 8.136131 0.324311 176.423011 0.279483 23.044209 4.655050 318.466384 3.828904
279 -5.763679 0.109079 64.267633 9.010252 294.502574 0.724242 -17.559573 5.317624 415.456779 6.108366
279 -5.121860 0.529536 -14.728705 1.927290 308.336024 0.793967 0.572593 9.567658 155.159659 4.824727
279 -5.037491 0.705695 -17.717176 10.822891 431.858202 0.001939 -21.555412 0.500632 187.504851 4.655990
279 -5.522470 0.489213 71.364064 4.378297 64.850812 0.246474 -21.833606 3.085012 395.014852 5.625948
279 -5.916800 0.492277 75.439888 1.099853 298.721552 0.088584 23.747028 9.360610 240.428013 6.414607
279 -4.276189 0.736511 12.344718 0.387730 222.088174 0.676734 -29.269340 5.626799 211.394411 3.133386
279 -3.719644 0.490498 -5.621827 0.558199 238.402431 0.693029 66.658107 5.348223 151.691032 2.020295
279 -4.952440 0.206602 -11.702591 14.087422 59.598029 0.120523 -13.934300 2.245284 361.837795 4.485887
280 -5.030009 0.789950 -24.966415 0.695632 193.995856 0.550705 -1.988893 9.435057 404.641639 4.641026
280 -4.827575 0.504342 9.459422 0.174980 176.736279 0.270856 22.215383 5.160436 324.311034 4.236158
280 -6.672638 0.112929 64.358159 8.891830 290.324379 0.725643 -22.396121 5.278231 418.528071 7.926284
280 -5.028964 0.547530 -16.134847 1.652770 299.792551 0.001491 -14.736870 9.540413 153.721567 4.638936
280 -6.506002 0.713699 -6.613868 10.729821 428.117028 0.061932 -26.448973 0.332685 194.467757 7.593011
280 -6.264405 0.534794 59.587225 4.228039 47.424849 0.282934 -20.546460 2.477415 370.235225 7.109817
280 -7.284493 0.527530 84.674368 0.977691 291.005667 0.123690 18.846517 9.061429 246.613238 9.149993
280 -4.349186 0.722316 23.810567 0.133550 196.119114 0.671110 -36.049264 4.698383 250.293728 3.279379
280 -3.928330 0.713578 -3.116964 0.204653 226.737648 0.394712 70.207319 2.587899 82.170197 2.437667
280 -4.468164 0.191992 -5.767983 14.376954 61.727744 0.122043 -18.890393 2.459159 369.321889 3.517337
281 -7.018526 0.771414 -15.228717 0.009725 196.697433 0.561620 2.453549 9.952584 416.389677 8.618059
281 -3.540062 0.509073 7.066907 0.242268 178.349287 0.276311 28.334069 4.955432 288.674517 1.661131
281 -5.865080 0.540242 25.889556 3.264192 281.113052 0.785347 -20.774454 1.968765 234.751085 6.311168
281 -4.394248 0.506534 -11.451666 0.942260 249.322824 0.063052 -44.496540 9.872469 195.564077 3.369504
281 -4.889745 0.747772 -3.192614 10.409117 415.347512 0.058450 -13.727317 0.585692 201.275047 4.360497
281 -6.628974 0.531644 59.048139 4.230242 57.499057 0.243632 -22.901020 2.571648 377.451376 7.838955
281 -6.970654 0.582535 83.268002 1.186977 313.926816 0.114096 33.434982 9.122608 252.661984 8.522315
281 -3.870443 0.730589 27.629197 0.191289 194.050217 0.648849 -37.931742 4.684316 257.071690 2.321894
281 -4.289464 0.734322 -12.370367 0.066023 204.453892 0.441224 71.304838 3.303063 74.465890 3.159936
281 -3.982410 0.181327 -14.786655 14.555384 57.084573 0.125052 -11.775066 2.545909 374.730112 2.545827
282 -4.111484 0.677424 -13.741420 0.676892 232.575215 0.261599 -37.942225 14.074132 200.541913 2.803975
282 -4.020266 0.425383 13.986503 0.189590 173.321975 0.151438 34.115035 3.425711 262.445381 2.621540
282 -5.388766 0.556199 27.716547 3.106597 278.425620 0.756618 -34.246796 2.705003 269.927675 5.358540
282 -6.965769 0.690124 -25.584561 0.753708 270.796591 0.034074 69.943135 11.724090 75.870639 8.512545
282 -3.952568 0.451176 13.671731 1.901290 42.962435 0.512503 0.611926 0.563428 248.200486 2.486143
282 -5.838202 0.503599 59.174283 4.201907 55.813497 0.211601 -22.485260 2.340706 363.022551 6.257412
282 -6.620749 0.559249 81.186939 1.320355 308.159292 0.118703 75.379454 6.410945 261.060734 7.822505
282 -3.196968 0.712230 30.934661 0.189679 174.337285 0.627306 -30.927896 3.983367 269.461187 0.974944
282 -7.308409 0.719708 -20.834171 0.955153 290.743202 0.195843 73.570857 3.700485 95.292823 9.197826
282 -4.146674 0.251738 -13.595363 0.573436 64.211283 0.100668 -14.902501 2.782139 375.698983 2.874356
283 -4.057467 0.664598 -14.526683 0.605518 230.234574 0.253567 -39.851077 13.947977 202.867755 2.695942
283 -4.306347 0.353202 15.704136 0.303476 157.810752 0.158215 30.270260 2.469774 267.491633 3.193702
283 -6.461929 0.543992 34.772129 2.930224 280.998396 0.748539 -30.254272 2.159915 263.824352 7.504866
283 -5.202657 0.729000 -16.053166 1.374385 284.923540 0.029185 55.668465 13.559249 77.119964 4.986322
283 -4.890406 0.438117 10.619495 1.537254 19.249474 0.460798 1.232392 0.585085 257.811689 4.361819
283 -4.280914 0.434568 51.472982 5.571561 61.585888 0.119652 -15.811054 2.315878 361.937595 3.142836
283 -8.575126 0.584831 -87.333501 1.393135 293.693587 0.181895 57.146156 5.011132 298.092023 11.731260
283 -3.897091 0.714075 32.361992 0.302225 176.553002 0.620143 -30.068202 4.097512 269.150089 2.375190
283 -5.235047 0.772268 -11.541591 1.981547 297.262449 0.067287 79.440773 13.048709 197.577124 5.051101
283 -5.224846 0.452202 18.137347 11.863284 34.787194 0.113386 -2.914263 2.552064 384.240513 5.030699
284 -4.347540 0.701835 -16.924299 0.791173 236.068590 0.468002 -59.512433 13.636769 190.322315 3.276087
284 -4.588824 0.318184 18.798016 0.488814 164.712532 0.173545 39.313041 1.720683 234.872688 3.758655
284 -5.736566 0.520342 30.613516 2.201119 241.632245 0.799537 -31.555718 1.557676 249.786759 6.054139
284 -5.010874 0.771565 15.219582 0.194963 235.553207 0.104888 87.925094 13.067539 73.026996 4.602755
284 -3.555892 0.435442 10.628082 1.325240 22.254611 0.466056 1.141154 0.718652 251.676976 1.692791
284 -3.782408 0.465876 51.205450 5.899528 56.754729 0.096321 -7.024204 2.294909 362.745499 2.145825
284 -8.357269 0.658916 -10.519133 4.489471 260.293268 0.061717 7.875863 3.523057 364.763970 11.295547
284 -3.559820 0.797572 29.586055 0.063551 186.029875 0.595516 -39.290642 5.628310 257.370880 1.700648
284 -4.875255 0.009465 16.885749 2.728873 216.724913 0.792404 68.147895 0.376547 231.711768 4.331517
284 -7.047538 0.486613 20.530359 11.879068 38.607956 0.101148 -10.884091 2.738867 385.724258 8.676083
285 -5.251561 0.789386 -13.758300 1.241884 273.129275 0.363341 -60.767128 14.185562 226.569051 5.084130
285 -3.417918 0.452271 12.903601 0.131810 180.967435 0.186760 2.743718 2.986397 212.149051 1.416843
285 -5.878934 0.503806 33.471108 2.793141 229.904990 0.749356 -22.644907 1.078444 251.960666 6.338876
285 -3.574369 0.718882 18.148797 0.066417 206.787273 0.780889 -82.068525 10.655418 43.532774 1.729745
285 -8.286765 0.419835 8.223871 1.719065 16.022054 0.466460 5.879617 0.374259 256.279573 11.154538
285 -4.838648 0.466768 51.827687 5.877955 61.322070 0.115430 -7.920667 2.254718 362.833704 4.258303
285 -5.476770 0.626184 -13.919775 3.818849 273.528892 0.039013 8.819819 4.145997 343.919323 5.534547
285 -3.992918 0.684860 27.954654 0.319272 184.949935 0.661879 -31.086986 4.399027 275.377121 2.566844
285 -6.699216 0.680876 -13.695392 1.528713 300.633351 0.101237 32.552571 10.415779 263.327611 7.979440
285 -3.889584 0.468399 20.797993 11.516742 51.087099 0.104353 -7.312846 2.545662 378.711093 2.360176
286 -4.841948 0.761230 -10.445127 1.163305 257.545814 0.266672 -54.137612 13.546090 262.807452 4.264903
286 -3.295654 0.451846 12.071444 0.165796 182.783898 0.175382 3.243242 3.044434 210.831629 1.172316
286 -6.048297 0.625773 24.491278 4.621425 251.102095 0.722661 -15.050960 3.906079 335.142378 6.677602
286 -3.574505 0.719747 18.737452 0.024803 206.931122 0.786745 -82.418935 10.677405 44.670743 1.730017
286 -4.807831 0.439608 -17.702722 2.088631 19.637395 0.496898 -13.487786 1.331330 297.999532 4.196670
286 -5.998401 0.549308 56.800185 5.871515 63.630444 0.280462 -19.611714 2.786840 383.775019 6.577809
286 -5.612008 0.594696 -5.606397 3.581326 350.583994 0.057498 -3.923744 5.209494 234.662895 5.805024
286 -4.426633 0.684812 25.569638 0.377374 191.840992 0.633905 -26.985404 4.288040 284.492324 3.434274
286 -5.833814 0.754659 -22.587525 3.721068 361.752519 0.116263 29.092150 8.462055 239.091786 6.248635
286 -3.351946 0.469077 21.000828 10.692085 82.445040 0.073639 4.823597 2.083561 348.605604 1.284900
287 -5.723532 0.756425 -17.863638 1.269514 275.637245 0.248066 -60.642811 13.482550 299.428597 6.028071
287 -3.337320 0.443982 13.909355 0.268452 185.174006 0.159338 17.903067 2.567931 202.368123 1.255648
287 -5.591006 0.609987 27.503922 4.903142 235.771562 0.718089 -16.217488 3.565686 338.781224 5.763020
287 -3.364285 0.763601 8.420273 0.034437 209.640840 0.794871 -82.755830 11.054474 50.165399 1.309577
287 -4.917426 0.415817 -10.847965 1.514346 40.578562 0.540145 -14.779232 1.539919 299.697217 4.415859
287 -3.510977 0.410708 -62.296792 13.184392 393.937128 0.701821 5.826651 0.475126 213.205393 1.602963
287 -6.391026 0.590840 -23.898890 2.834543 363.842571 0.635757 -18.905569 7.159262 44.681151 7.363059
287 -5.386477 0.659728 60.269255 0.962518 292.386655 0.778913 -18.682780 4.038223 183.251966 5.353962
287 -7.357807 0.717921 2.049724 2.224459 326.661264 0.053736 43.683668 10.340130 191.198992 9.296621
287 -3.269392 0.489066 18.464668 11.145887 74.631409 0.079811 5.223136 1.882603 334.165147 1.119792
288 -6.182339 0.594455 1.741542 3.171344 266.950000 0.766481 -0.998282 10.084086 422.717705 6.945686
288 -4.076064 0.437629 11.670676 0.231212 185.040469 0.214073 16.854712 2.482637 212.505117 2.733135
288 -5.749447 0.592669 6.799079 5.408991 219.621650 0.758387 -13.404122 5.160692 399.795097 6.079901
288 -3.526193 0.764383 12.516700 0.049897 208.799860 0.779705 -79.733200 10.713207 75.213851 1.633393
288 -5.143368 0.412754 -22.754912 2.485813 69.558663 0.523275 -15.182592 1.964097 306.906391 4.867744
288 -4.096513 0.402614 -59.980221 13.429107 402.515972 0.711797 2.640279 0.519930 225.275368 2.774033
288 -5.958196 0.584888 -23.256249 2.906708 362.334526 0.629004 -19.485948 7.007888 37.608318 6.497400
288 -4.857068 0.702357 66.807438 13.480060 344.376614 0.736790 -21.737277 1.401419 263.896629 4.295144
288 -7.216928 0.710158 0.317022 1.980350 318.746915 0.052323 43.465637 10.262837 190.432638 9.014864
288 -3.467777 0.473086 19.806791 11.212496 73.766206 0.067458 1.922656 1.829322 332.293071 1.516561
289 -6.626634 0.601445 14.284541 3.359226 225.137908 0.795938 -4.040897 7.749010 435.823620 7.834275
289 -3.596110 0.549044 -2.168349 0.543017 218.917815 0.333636 3.624553 4.019704 189.323637 1.773228
289 -5.590707 0.575446 3.922653 5.214669 203.616942 0.708840 -11.107417 4.976022 400.152026 5.762421
289 -4.062016 0.754506 17.229745 0.077020 214.904783 0.742645 -88.100588 11.463908 100.407921 2.705039
289 -5.798981 0.392176 -21.551432 2.455441 66.759767 0.480953 -12.800115 1.128675 292.617305 6.178970
289 -6.307413 0.195314 23.349670 9.729984 259.181407 0.592431 -23.226357 1.134943 273.467525 7.195833
289 -7.360741 0.631054 -17.125279 3.354179 394.067770 0.689421 -18.641806 7.823857 63.086877 9.302490
289 -5.210241 0.754901 48.949133 14.535959 379.483977 0.766153 -16.915753 1.182636 264.994647 5.001490
289 -5.744418 0.715402 -3.342891 2.545716 323.409805 0.120127 40.083792 10.861422 220.824552 6.069844
289 -3.471295 0.496167 13.347791 11.530921 62.961754 0.092602 5.615336 1.842555 333.781335 1.523598
290 -5.946000 0.585657 -1.636990 5.117486 192.833363 0.701090 -8.921924 6.873960 470.151454 6.473008
290 -5.349817 0.499088 -4.931056 0.613824 217.229867 0.360755 17.924644 4.377735 189.657082 5.280641
290 -5.282484 0.653275 -17.313747 3.722663 253.525407 0.386112 -21.542382 1.558784 233.792375 5.145976
290 -3.987096 0.754389 17.369352 0.149235 213.695494 0.740539 -88.155326 11.443390 101.506853 2.555199
290 -3.957450 0.468817 -7.673760 2.817728 56.199413 0.319155 -14.356750 1.272131 282.464341 2.495908
290 -6.473733 0.327559 6.231822 11.222646 209.088452 0.582086 -24.208514 1.205637 284.329422 7.528473
290 -14.096275 0.753992 28.974640 1.817552 286.741064 0.785221 7.759837 11.022059 295.219025 22.773557
290 -4.963775 0.029737 41.071720 12.733446 361.992208 0.745198 -19.446144 1.105511 244.380996 4.508558
290 -6.314850 0.260161 35.817813 5.596304 258.434527 0.752452 -21.253742 7.489588 472.816311 7.210707
290 -3.357546 0.501205 13.976476 11.652409 64.601370 0.098252 4.505707 1.847145 333.330044 1.296099
291 -6.047709 0.555998 0.631674 5.073701 262.847845 0.749717 -25.955895 8.691235 477.184985 6.676426
291 -3.843019 0.505864 -7.826457 0.829364 232.803475 0.265463 13.484854 2.979673 183.553204 2.267046
291 -5.458559 0.666219 -19.138657 3.680719 257.625529 0.395872 -21.571679 1.552592 231.523416 5.498126
291 -4.777968 0.737861 18.057650 0.200786 224.125804 0.764614 -89.298362 11.394920 99.259583 4.136944
291 -7.312005 0.135250 -11.966111 2.782982 347.866512 0.161565 -5.916746 5.709389 276.126673 9.205017
291 -5.288843 0.582022 -1.539251 11.241255 173.139749 0.567470 -10.253984 1.368797 290.118457 5.158694
291 -3.430502 0.389126 37.500332 0.305661 176.272101 0.623668 -14.186421 6.604802 333.340021 1.442012
291 -5.693507 0.016835 35.556323 10.801774 354.319233 0.764522 -16.696793 2.007435 284.395284 5.968023
291 -5.397664 0.732194 -17.100418 2.469602 311.867041 0.242981 13.293502 5.509620 175.104102 5.376335
291 -3.473189 0.507361 13.710245 11.874259 62.862125 0.092418 6.208427 1.705384 324.699527 1.527385
292 -6.604145 0.517856 0.279917 2.990350 246.630758 0.710780 -32.758843 9.465825 470.959947 7.789297
292 -3.358393 0.507576 4.264945 0.139302 202.542543 0.492087 -30.780991 5.529141 152.457665 1.297793
292 -6.217599 0.644538 -19.139562 5.319014 160.264666 0.230995 -12.968414 0.720025 246.308298 7.016205
292 -4.697879 0.729210 17.839310 0.261510 213.188533 0.744509 -88.300795 11.364188 101.961786 3.976766
292 -8.000766 0.458648 -35.720190 2.984494 283.765677 0.502100 12.494539 10.972969 499.136604 10.582540
292 -5.313891 0.602699 10.785686 9.999613 183.854475 0.617445 -16.283389 2.153785 313.251484 5.208789
292 -4.535994 0.390273 36.505509 0.305913 180.056469 0.606298 -10.995555 6.351801 329.366713 3.652995
292 -6.109666 0.789785 20.696806 11.364715 384.303125 0.720647 -21.157622 2.180887 279.003369 6.800340
292 -7.572973 0.753721 -24.514897 2.593412 337.297056 0.189198 25.712578 5.083682 187.944902 9.726953
292 -4.034947 0.513503 13.467019 11.570649 53.296976 0.087981 6.104428 1.767337 330.878179 2.650902
293 -6.026768 0.558515 0.584467 1.486271 295.285226 0.758081 -44.032435 11.158236 49.530365 6.634543
293 -3.373336 0.468619 2.351096 0.276494 209.755728 0.494867 -42.054564 6.597408 164.549530 1.327680
293 -4.734460 0.243968 -14.823344 7.915838 370.585445 0.417257 -22.565049 0.357945 182.597715 4.049927
293 -5.368931 0.717869 31.655052 0.222898 223.678422 0.740660 -80.138980 12.114712 70.410021 5.318869
293 -4.770147 0.459880 -42.811564 0.835123 205.635896 0.522900 25.297545 10.114914 452.279598 4.121302
293 -5.292556 0.562113 16.088259 10.993015 154.478548 0.585162 -12.098078 2.368831 329.330027 5.166120
293 -4.868987 0.386338 33.041136 0.364602 172.384084 0.643176 -9.017711 6.353470 376.751001 4.318981
293 -6.385055 0.792291 26.215901 12.333021 356.677363 0.484909 -12.918135 1.978708 283.498934 7.351118
293 -5.518104 0.703325 86.444044 12.234916 95.474691 0.448147 -13.638305 4.404074 442.325572 5.617216
293 -3.214661 0.514581 12.987063 11.460642 54.444542 0.083599 6.801561 1.824026 331.221718 1.010329
294 -7.586790 0.667692 -0.854382 8.248934 444.608693 0.629419 -59.725667 0.992923 193.829767 9.754587
294 -4.120433 0.528590 -12.780565 1.209317 259.883878 0.343940 63.659902 13.716537 377.451124 2.821874
294 -4.640108 0.242984 -14.400374 7.878711 372.031742 0.422129 -22.749090 0.360414 180.714920 3.861223
294 -6.089904 0.423051 -24.670098 2.728473 366.347178 0.799088 -6.242993 10.429846 36.616360 6.760815
294 -5.261971 0.352235 -24.778135 0.782335 197.246545 0.643197 -12.133180 11.074793 450.794565 5.104950
294 -5.786818 0.547289 5.449762 14.121044 188.735339 0.502691 -6.363278 1.175747 293.831495 6.154643
294 -7.653232 0.335261 21.132732 0.907049 137.584882 0.648205 3.449651 6.599957 444.466417 9.887471
294 -5.946299 0.168781 19.147576 12.598454 314.916094 0.290333 -15.542356 2.668923 349.166345 6.473606
294 -5.773012 0.587660 -77.015034 11.702289 106.445715 0.415925 -13.300210 4.145680 434.498883 6.127032
294 -4.090778 0.546185 8.261869 11.438426 43.007880 0.090986 7.739583 1.977067 344.999089 2.762564
295 -11.102225 0.709158 -12.162371 8.497371 484.813595 0.686497 -49.663920 0.770103 176.572922 16.785457
295 -4.252026 0.509976 -10.321846 1.264960 261.292170 0.332132 68.063633 13.075482 384.368434 3.085059
295 -3.467788 0.287301 8.809150 10.231254 326.486797 0.307701 -3.406702 0.338398 199.116999 1.516584
295 -6.064191 0.427691 -24.788480 3.013444 378.777136 0.793965 -6.212650 10.192689 26.651048 6.709390
295 -5.890757 0.154229 -11.497765 0.153108 157.269634 0.599144 -20.849202 9.426138 408.672984 6.362522
295 -5.925598 0.573992 1.284891 14.783406 188.414024 0.404844 -1.948235 1.284052 299.201938 6.432204
295 -6.927563 0.343587 -4.913902 1.421180 160.885006 0.504179 -25.734951 4.609793 393.791098 8.436134
295 -6.087507 0.156296 7.049727 12.875048 305.838493 0.240314 -26.887963 2.641259 350.056025 6.756022
295 -5.952366 0.601692 -75.854314 11.664690 110.429415 0.409949 -10.362007 3.626797 412.370337 6.485741
295 -5.016412 0.559633 10.339222 10.990421 63.306140 0.079749 14.421290 1.997142 346.932337 4.613832
296 -5.965103 0.774576 -4.925316 7.624528 443.439329 0.631964 -32.309460 1.758971 177.183136 6.511214
296 -4.014481 0.511432 -12.284607 1.129676 258.160783 0.328240 67.415406 13.311501 364.895252 2.609969
296 -4.004428 0.250819 6.425443 8.321672 404.240857 0.475553 -13.162331 0.584666 192.125732 2.589864
296 -5.949194 0.425739 -20.987790 2.952767 379.874308 0.007424 -4.129194 10.792728 39.494549 6.479396
296 -5.172650 0.228897 -10.892717 0.401621 204.091358 0.580355 3.212448 13.625417 444.432019 4.926308
296 -4.152425 0.005181 8.846799 13.525607 326.300117 0.590998 -11.178784 0.574908 215.022296 2.885858
296 -4.219837 0.413028 -4.837032 2.656520 326.645916 0.657191 -87.588801 4.712603 264.930391 3.020682
296 -5.050027 0.134167 11.888964 14.094248 334.887684 0.223934 -22.272631 1.907833 309.323499 4.681062
296 -5.261243 0.524308 -57.351294 11.078806 202.905434 0.461302 -9.039000 3.059158 365.476313 5.103494
296 -4.022705 0.551853 12.702537 11.160893 70.208640 0.074570 14.513368 2.082023 350.074165 2.626417
297 -6.489023 0.742642 -1.140908 7.603795 460.799210 0.625137 -29.918564 1.710358 169.032675 7.559054
297 -3.938347 0.579016 -12.077147 0.469200 190.822028 0.040852 67.960153 11.500007 459.905729 2.457702
297 -4.249156 0.332331 4.575382 7.029107 382.616675 0.551737 -11.415469 0.355710 179.555349 3.079319
297 -7.895327 0.510859 -11.987030 4.665532 325.961185 0.796865 15.522148 7.967235 388.639371 10.371662
297 -4.004624 0.133642 2.116386 0.892075 220.746228 0.597747 -2.624778 13.326477 440.452420 2.590256
297 -4.126871 0.078882 6.261765 13.014839 338.187606 0.518889 -3.677547 0.263294 210.076384 2.834749
297 -3.989667 0.422958 -3.171153 2.690871 329.543833 0.637382 89.812659 4.819670 278.272989 2.560342
297 -4.376619 0.150347 17.268068 14.007553 349.068920 0.234340 -15.413194 2.034282 307.518835 3.334246
297 -6.004331 0.463462 -56.257427 10.641907 188.796979 0.435807 -4.899695 3.313038 386.094422 6.589670
297 -5.510551 0.560786 21.650159 11.999540 61.938089 0.111013 5.817112 2.320008 369.118110 5.602109
298 -6.372137 0.756911 9.391023 8.413765 454.335925 0.563106 -31.087152 1.388690 183.615044 7.325282
298 -4.178823 0.603115 -14.172080 0.162387 188.151004 0.074809 65.312392 14.730279 399.363287 2.938654
298 -5.213832 0.239542 3.878534 6.266562 454.919626 0.643791 -17.489189 0.652449 152.447050 5.008672
298 -5.859095 0.527316 -22.954572 3.466780 324.522931 0.101207 21.774719 8.913837 392.825291 6.299198
298 -4.557390 0.145365 1.844615 0.677983 213.621097 0.594452 -7.253708 13.608312 449.388180 3.695788
298 -6.313046 0.055262 9.787879 13.219891 331.960841 0.516607 -0.422592 0.040741 207.287777 7.207100
298 -4.058511 0.446923 0.321393 2.766795 324.519642 0.620582 -85.806893 5.036879 287.476336 2.698029
298 -4.570845 0.197713 16.881282 13.856680 415.340819 0.314487 -15.628547 1.758621 273.885323 3.722697
298 -4.259775 0.446646 -7.136769 0.993307 262.835347 0.029608 -26.370361 13.272951 286.190236 3.100557
298 -3.631853 0.589325 17.577615 10.865958 69.130544 0.074842 -10.226142 2.463624 372.235895 1.844714
299 -5.230134 0.333231 8.738212 5.715517 400.756363 0.628157 -7.236092 0.351870 163.279721 5.041275
299 -4.140542 0.600569 -13.722451 0.437017 201.148633 0.114736 64.831942 13.737203 387.010788 2.862092
299 -5.260510 0.065348 4.270521 6.790181 433.990566 0.652059 -10.711709 1.481478 203.796605 5.102028
299 -5.111835 0.258527 -32.260414 2.170620 296.793241 0.368334 24.142037 10.602693 404.831725 4.804677
299 -4.686577 0.188686 -10.811709 0.399360 198.238174 0.496555 -4.324153 14.335821 466.529777 3.954162
299 -3.853203 0.798811 9.987700 12.827081 306.812889 0.498777 -0.372372 0.466716 214.672736 2.287414
299 -4.373123 0.441443 -0.757322 2.525547 322.160856 0.621055 -85.151236 5.433089 294.435320 3.327254
299 -5.492616 0.273474 24.194729 13.748437 377.161757 0.337896 -7.960747 1.612188 274.804923 5.566240
299 -4.719824 0.444536 -17.105396 0.998226 254.929245 0.766092 -13.661863 13.042272 274.023797 4.020656
299 -4.748596 0.500313 23.157460 10.800753 48.621417 0.228457 -11.148323 2.440772 358.389880 4.078199
300 -4.809337 0.453976 9.266509 5.721406 343.290699 0.665518 -18.598352 0.340393 167.976519 4.199681
300 -4.945916 0.636773 -12.210140 1.469389 254.507838 0.103770 64.794158 14.092177 372.596572 4.472839
300 -5.149693 0.129171 -15.938710 6.053350 453.870400 0.754642 -23.540801 1.191258 152.649369 4.880393
300 -5.646171 0.304007 -29.379271 2.368634 305.801376 0.413195 27.853696 10.624566 403.117691 5.873350
300 -3.588421 0.259801 19.686084 0.324986 186.110200 0.436217 9.600002 14.073513 456.584379 1.757849
300 -3.335448 0.000051 10.912467 12.777654 303.176294 0.499446 -0.852974 0.528544 220.442453 1.251904
300 -5.234206 0.430540 -2.014523 2.342270 321.932764 0.649246 88.938316 5.598684 289.024353 5.049420
300 -4.975667 0.391954 69.257325 14.437158 19.461168 0.374382 -13.515395 1.927942 330.930120 4.532341
300 -5.400565 0.478329 -19.323250 2.026162 304.100077 0.735691 -28.753514 13.183220 230.983817 5.382138
300 -4.689023 0.555149 23.949071 12.050822 36.087230 0.200218 -9.917147 2.500848 369.275881 3.959054
301 -6.105710 0.522960 -24.080218 3.346204 381.056268 0.628587 1.721476 14.503394 174.798205 6.792428
301 -5.294631 0.651785 -21.393743 1.788403 269.259546 0.136269 55.710704 13.943728 409.164889 5.170269
301 -4.836385 0.036126 -23.249563 5.095119 470.716401 0.694645 -23.677201 0.895316 108.067947 4.253777
301 -5.550079 0.281204 -37.132430 2.733083 323.751890 0.431244 42.753547 10.559733 431.175608 5.681166
301 -4.914342 0.258600 -10.155400 1.247385 224.535809 0.406697 -31.139049 5.504772 321.988679 4.409692
301 -5.436524 0.085202 -24.414301 11.640304 319.993398 0.481013 -4.219445 2.511698 316.750333 5.454055
301 -3.433803 0.419529 -0.230659 2.490726 314.059421 0.644625 -87.842464 5.078062 286.431833 1.448614
301 -6.199599 0.375557 66.200542 14.333599 12.457867 0.400170 -18.079550 1.875689 337.316385 6.980205
301 -5.529600 0.510630 -17.429899 2.449240 326.205505 0.789450 -42.331055 13.061786 224.548498 5.640208
301 -5.248914 0.553697 24.625287 12.089337 36.838180 0.206571 -11.343117 2.282193 364.484264 5.078836
302 -5.507241 0.543567 -19.882405 2.547890 333.578602 0.594607 -8.911750 13.611112 187.335153 5.595490
302 -5.960048 0.673614 -27.333277 1.540346 281.619683 0.386066 46.685779 13.985110 286.868445 6.501104
302 -4.463349 0.168925 -16.355233 1.904210 313.747341 0.084365 -65.942484 9.919368 250.718075 3.507706
302 -5.366161 0.273739 -37.746727 2.887375 325.078544 0.427871 46.163815 10.400890 428.635234 5.313329
302 -4.408627 0.248293 -6.661284 0.754393 219.944404 0.400170 -35.903117 5.892683 268.411701 3.398262
302 -5.570509 0.063285 -23.064438 12.089038 303.107508 0.443769 -7.589787 2.281500 319.283934 5.722025
302 -5.165340 0.686622 -9.038366 0.123359 217.449443 0.035348 35.621722 13.447862 309.920079 4.911688
302 -5.252071 0.379017 65.621024 14.424242 17.822123 0.407243 -17.086563 2.042531 335.118932 5.085149
302 -5.475681 0.380166 -15.411278 3.958257 424.576861 0.375497 81.629720 13.718682 148.309418 5.532369
302 -4.324694 0.571096 18.722423 13.141730 15.928017 0.191518 -13.939668 2.339397 358.403425 3.230395
303 -4.988834 0.450248 -23.901535 1.209448 272.333329 0.569344 5.243265 14.214113 198.557117 4.558675
303 -5.436392 0.780634 -9.432659 2.331778 315.234252 0.227098 76.839350 13.920640 272.371619 5.453792
303 -3.841636 0.257980 -1.336882 1.459321 292.224715 0.240100 -82.069507 10.735718 247.324001 2.264280
303 -4.669984 0.272550 -37.530678 2.749176 317.945174 0.405873 46.814649 10.371608 433.745777 3.920976
303 -4.007365 0.405866 13.798118 0.554532 206.185550 0.495665 -27.141710 5.414268 292.261122 2.595738
303 -5.508312 0.003504 -27.790780 9.823933 274.260772 0.488122 -11.347913 2.655860 326.060152 5.597631
303 -4.187003 0.689683 -19.233029 0.282898 210.118766 0.799112 31.192472 13.045809 311.090175 2.955013
303 -5.036447 0.399899 66.654685 14.305284 12.525301 0.411917 -17.281853 2.145348 331.583217 4.653903
303 -5.211640 0.406014 -9.678004 0.750506 220.997411 0.349666 11.875825 8.814438 306.294228 5.004287
303 -4.572533 0.574187 18.829792 13.071580 12.092867 0.180540 -11.215767 2.310598 363.750278 3.726073
304 -4.443441 0.513417 -14.404703 2.285909 289.155327 0.556939 -3.040093 0.128542 125.971438 3.467889
304 -6.787852 0.744311 -15.972957 1.917297 316.798034 0.184563 52.258432 12.100452 266.615148 8.156711
304 -3.417578 0.221429 1.787091 1.428380 286.514454 0.187600 -86.542554 9.890542 238.608696 1.416164
304 -4.668126 0.282236 -35.071751 2.698209 320.817192 0.411113 45.296581 10.654334 429.866932 3.917259
304 -5.079208 0.430435 17.646246 0.826208 242.895977 0.479921 -71.570980 5.135532 233.598407 4.739424
304 -4.952795 0.796752 -24.218009 10.018924 251.505966 0.528641 -11.774352 1.528763 270.185533 4.486598
304 -4.531828 0.709698 -20.637292 0.254229 213.970181 0.799009 34.818782 13.407551 288.462956 3.644664
304 -5.284846 0.420316 65.656960 14.348017 46.318151 0.394075 -16.097014 2.485485 356.462404 5.150699
304 -4.065739 0.390049 -6.700635 0.465831 216.722762 0.386874 13.218908 8.354873 292.355551 2.712485
304 -4.187334 0.546990 11.253520 13.025320 58.165688 0.130371 -15.451596 1.736818 322.268741 2.955676
305 -6.444304 0.557701 -9.727415 1.361756 284.693388 0.550529 -1.690440 0.969276 132.669749 7.469615
305 -5.143616 0.780521 -17.465197 1.667274 280.098391 0.199012 42.183558 11.256166 248.339024 4.868240
305 -3.733229 0.223679 -3.095213 1.549558 297.868784 0.190460 -73.847664 11.347669 246.150284 2.047465
305 -3.448995 0.484565 0.640001 0.650436 243.138345 0.769768 40.449545 11.835288 64.888963 1.478998
305 -3.742716 0.422035 15.099688 0.882499 237.875723 0.456484 -69.562450 6.097048 267.452318 2.066439
305 -5.555615 0.026535 -11.514474 10.125891 261.498493 0.605746 -0.311756 0.534102 221.806833 5.692238
305 -5.960197 0.772730 -26.977510 0.439874 233.314619 0.052717 -27.130814 11.624911 281.818548 6.501401
305 -5.247675 0.413003 65.152113 14.095841 52.155935 0.410271 -14.689561 2.569932 358.909317 5.076357
305 -3.691993 0.397191 0.859275 0.574839 205.140328 0.385716 12.224293 8.301551 333.772330 1.964994
305 -3.460903 0.588510 26.481425 13.066873 66.345285 0.161922 -7.358026 1.648115 315.313912 1.502814
306 -8.121433 0.541448 -11.992835 1.450304 277.216647 0.597349 3.964553 0.293669 144.257611 10.823874
306 -5.278437 0.794208 -20.394270 1.796969 280.688201 0.117763 34.549288 11.682598 278.891902 5.137882
306 -5.161360 0.220375 -24.957332 2.693456 365.344168 0.351158 36.017991 13.187687 211.999932 4.903729
306 -3.789577 0.662472 4.854046 0.185802 225.770836 0.629254 28.179732 12.423167 73.237622 2.160162
306 -3.875309 0.373595 14.084182 1.103769 247.206897 0.535578 -50.728217 4.836786 255.978180 2.331626
306 -4.345412 0.080780 -4.260864 8.860440 284.515777 0.565280 14.159252 0.217768 206.180996 3.271831
306 -5.752787 0.730468 -17.119624 0.488501 243.981817 0.095340 -51.330234 10.720972 238.255432 6.086581
306 -9.503207 0.540184 -53.755505 1.432852 176.469904 0.500440 0.717771 3.349624 363.216187 13.587422
306 -4.766683 0.234042 -3.550898 1.638237 253.627442 0.612569 -17.211073 8.877939 351.051603 4.114374
306 -6.503076 0.518800 41.513662 13.762528 110.035387 0.234786 -6.794977 1.593160 303.226490 7.587159
307 -4.161436 0.673614 -16.305161 0.233570 207.991241 0.687451 -27.182970 3.274940 124.339473 2.903879
307 -5.647780 0.193581 -28.919104 2.151454 332.257155 0.704869 -6.128073 13.502781 252.904575 5.876568
307 -5.188016 0.457294 -11.742286 1.028022 284.291860 0.573120 -4.520230 14.797782 123.396190 4.957040
307 -3.578919 0.670382 9.475086 0.152450 218.262142 0.525518 25.587180 12.786507 62.865496 1.738846
307 -4.094226 0.392561 15.447619 0.921766 233.535293 0.532891 -54.743498 4.729129 265.773992 2.769460
307 -4.203319 0.127361 -4.741897 8.413809 287.776093 0.560367 11.503129 0.082823 196.412496 2.987646
307 -3.546407 0.727452 13.721495 0.007263 196.096240 0.132606 -49.037694 11.291975 273.926497 1.673822
307 -8.407944 0.557101 -54.220815 1.179642 181.050705 0.437808 -4.212939 4.221063 375.949862 11.396896
307 -5.917155 0.213669 -10.330147 0.952956 224.486455 0.642839 -25.972162 9.450071 383.064472 6.415317
307 -5.528659 0.317497 -19.801918 3.413790 379.847180 0.034419 75.361848 5.672618 205.229539 5.638326
308 -4.205106 0.645277 -19.348488 0.290539 201.680112 0.775752 -20.454633 3.796691 155.143928 2.991220
308 -4.771167 0.128304 -24.960277 2.126025 331.441676 0.790405 -9.735261 13.221625 239.424356 4.123341
308 -5.288143 0.665543 -12.184402 1.663845 287.566732 0.634661 -3.241372 9.377730 54.548888 5.157294
308 -4.070368 0.797529 -10.177730 0.113521 210.275521 0.636564 44.038690 10.795015 36.074548 2.721744
308 -4.052304 0.389175 15.117552 0.752736 226.580476 0.590503 -62.014130 5.327935 266.408365 2.685616
308 -3.718572 0.136009 0.894554 7.815947 308.310605 0.617960 9.644336 0.331947 190.398308 2.018151
308 -3.896600 0.514535 1.291844 0.764988 226.586856 0.227897 74.216072 11.400808 389.883779 2.374207
308 -5.664534 0.524073 -59.741047 14.573857 165.453123 0.400133 -15.045439 3.617031 406.082327 5.910076
308 -6.744533 0.224055 -8.859743 4.733230 459.153361 0.750091 22.920287 11.301509 217.853163 8.070073
308 -5.393987 0.324045 -18.215756 3.473348 381.937868 0.032495 73.484828 5.632274 201.595482 5.368981
309 -6.145515 0.719763 -18.756083 1.731686 179.416809 0.762690 27.679687 0.108932 205.252541 6.872037
309 -4.727378 0.147874 -29.781125 2.347332 346.120957 0.799986 3.226428 13.485044 219.387182 4.035764
309 -5.482557 0.725539 -22.345168 1.091118 275.593317 0.632437 3.530664 9.475996 53.577903 5.546121
309 -3.957257 0.793949 -16.060024 0.236659 218.888019 0.588647 41.687870 11.350500 125.289637 2.495522
309 -3.578284 0.409816 7.175497 0.967256 233.540049 0.545490 -42.322298 6.923562 276.006621 1.737575
309 -6.566308 0.091667 0.929054 7.823294 330.755891 0.587893 9.723734 0.303019 215.071577 7.713623
309 -3.736064 0.496920 1.556087 0.457881 207.952422 0.212555 79.401510 11.521518 400.368324 2.053136
309 -5.470674 0.348911 -55.264472 2.003673 226.895097 0.387853 4.722085 5.896442 403.255480 5.522355
309 -5.485062 0.239453 -8.854945 4.567303 462.175453 0.038106 10.434158 11.290975 143.477509 5.551131
309 -6.034488 0.456902 -16.367817 3.473243 393.327080 0.049400 -77.282480 6.959438 147.931963 6.649983
310 -5.061935 0.755106 -11.903993 0.968157 266.936900 0.686846 24.270556 14.420473 89.674570 4.704877
310 -6.014651 0.216796 -15.774908 2.051238 331.782495 0.665157 13.405305 13.126693 260.205592 6.610310
310 -4.997705 0.770330 -20.196558 1.388027 265.574736 0.329463 54.202231 8.068695 193.615072 4.576417
310 -4.502102 0.454717 -7.805661 6.337474 64.182764 0.370688 -17.698857 0.673015 245.431340 3.585212
310 -3.693885 0.487472 -2.806707 0.518551 214.314745 0.578161 -46.527106 8.133012 261.914760 1.968777
310 -4.691299 0.096066 4.107355 7.842733 325.986115 0.600834 10.052863 0.420614 210.983413 3.963606
310 -3.257471 0.641404 2.022868 0.208099 195.576392 0.223477 87.037838 12.187533 352.798769 1.095949
310 -4.435712 0.305512 -9.326189 1.361900 233.751136 0.082319 27.004831 7.235463 396.725655 3.452431
310 -7.343195 0.230564 -4.373883 4.410530 461.939059 0.794576 25.300649 12.017873 135.268791 9.267397
310 -6.895204 0.496320 2.074055 0.278886 241.823411 0.788542 -29.724490 10.094654 151.108659 8.371416
311 -5.511023 0.245464 -3.005999 2.269275 328.946279 0.094413 -36.143035 2.913219 158.483164 5.603053
311 -5.291748 0.301534 -27.151402 1.224219 276.095641 0.707707 0.303886 13.211163 208.720948 5.164503
311 -4.291365 0.748173 -15.797128 0.562986 221.359558 0.216360 48.901681 6.134511 249.302098 3.163737
311 -5.793302 0.613218 -23.839431 4.416796 173.814766 0.300528 0.006703 5.475782 466.248771 6.167612
311 -5.994506 0.515271 39.851445 13.179554 195.186911 0.788507 -13.381387 2.020916 320.246141 6.570019
311 -4.183872 0.041989 21.464815 7.703230 341.001323 0.510950 -7.824199 0.505030 208.150477 2.948752
311 -3.575748 0.615823 6.962912 0.287087 205.523723 0.219793 89.137960 12.358285 360.052582 1.732504
311 -4.063014 0.342229 -12.024046 0.905046 207.391444 0.086069 19.405926 7.229218 397.085226 2.707035
311 -6.225675 0.238425 -4.601258 4.688975 471.233007 0.025891 26.279897 11.833211 150.156000 7.032357
311 -3.694423 0.484574 -0.381452 0.769875 256.287085 0.084032 -31.590342 10.920501 107.731784 1.969854
312 -4.079993 0.217730 -14.123628 1.983426 310.577892 0.025656 -55.298979 3.132887 158.681734 2.740993
312 -4.147907 0.414470 10.948101 0.494612 229.109166 0.601712 -74.255316 8.180541 231.108426 2.876822
312 -6.150569 0.674444 1.292813 2.071678 314.852434 0.666168 33.325423 8.402729 63.063930 6.882146
312 -5.706738 0.655919 -28.609831 4.148710 184.213952 0.326540 3.472325 5.031328 438.623994 5.994483
312 -5.768488 0.467242 41.767936 12.933375 199.627591 0.753516 -12.387520 2.044827 317.207704 6.117984
312 -4.799840 0.103935 16.024285 10.359709 316.448976 0.495421 -17.974052 0.608149 224.957673 4.180687
312 -4.601129 0.761278 -6.041376 1.021040 241.156899 0.321994 -79.711074 11.000732 436.033431 3.783266
312 -5.182145 0.452982 -14.527418 1.591354 260.215539 0.270240 55.682534 5.823869 320.455625 4.945298
312 -5.452855 0.228586 -10.306110 4.901821 480.629736 0.056873 26.650320 11.987146 141.169004 5.486717
312 -3.434110 0.375959 -4.371000 0.599889 241.469794 0.787058 -35.714897 12.234450 86.236415 1.449228
313 -3.684971 0.283925 -0.027817 1.214413 282.918069 0.125114 -62.367466 6.813854 136.250983 1.950950
313 -3.867238 0.483334 6.770989 0.284413 208.292376 0.673544 -72.569769 7.744447 246.919578 2.315484
313 -5.240545 0.735822 -11.983035 2.014069 308.575851 0.121972 16.398129 9.656306 25.317335 5.062097
313 -5.707034 0.484338 -14.318719 2.877417 265.305995 0.212303 -2.170292 1.753811 240.172059 5.995076
313 -6.105165 0.488625 41.921151 13.263849 198.721993 0.756915 -13.495163 2.267650 330.648745 6.791337
313 -5.356484 0.030471 55.136544 2.452123 56.641878 0.170807 -7.005560 4.204871 456.183399 5.293976
313 -6.071690 0.735886 -4.267211 1.135448 269.189438 0.313804 -69.557326 12.039014 396.498576 6.724388
313 -5.885880 0.551319 -20.176725 2.290346 246.015631 0.125166 -78.648640 3.791226 312.814285 6.352768
313 -5.620913 0.164941 -4.205354 4.833930 478.235857 0.008730 46.910267 12.234755 186.067351 5.822834
313 -3.428217 0.377870 -0.358763 0.378544 225.476800 0.003451 -34.312823 12.002318 84.860096 1.437442
314 -3.719892 0.254188 -6.386635 1.284983 287.792296 0.275909 -39.790747 7.247323 128.446663 2.020792
314 -3.214774 0.473865 7.381667 0.770786 228.370227 0.665167 -66.152041 8.447208 288.989934 1.010556
314 -5.016141 0.768743 6.319534 0.458638 256.452365 0.483453 21.208498 13.329258 65.947227 4.613290
314 -4.327359 0.668254 -19.519650 0.420237 215.369441 0.559399 -69.142306 13.062521 268.454937 3.235726
314 -5.513295 0.531943 41.681855 13.543064 222.638919 0.637938 -11.199642 3.606270 378.289681 5.607597
314 -6.738890 0.062283 39.512795 2.790046 73.186076 0.269245 -27.986951 4.248350 447.798528 8.058787
314 -4.197650 0.644723 -6.680048 0.691483 261.303570 0.481806 -79.183598 7.033782 64.045380 2.976308
314 -5.672617 0.524469 -19.549532 3.301663 319.709986 0.041345 -64.737297 6.134064 318.383404 5.926242
314 -6.253195 0.283862 -12.799946 5.856370 494.660659 0.006697 16.092478 0.118100 92.487338 7.087397
314 -4.364523 0.776550 -11.182870 0.343347 210.049988 0.797036 33.418515 14.298357 198.209662 3.310053
315 -4.668024 0.302225 -7.333338 0.478428 240.335589 0.256833 -40.734529 8.727722 98.617422 3.917056
315 -4.200127 0.760081 -8.970295 0.287149 234.785687 0.121929 45.938736 13.939752 144.530041 2.981261
315 -4.858106 0.798346 10.456712 0.271688 245.157440 0.459457 23.322617 12.883872 49.294583 4.297219
315 -4.269369 0.461815 -8.540810 0.523678 232.388258 0.316995 57.443255 9.398912 252.341795 3.119745
315 -5.484520 0.518059 41.233212 13.486652 219.281761 0.634738 -13.573912 3.601742 379.815645 5.550047
315 -7.057152 0.007462 41.441119 4.951088 51.424175 0.212810 1.675431 5.062371 497.363564 8.695312
315 -4.233010 0.508413 -10.569203 0.545588 244.317029 0.425742 88.617826 6.339757 86.612222 3.047028
315 -6.763331 0.482347 -18.335001 3.497182 301.959620 0.060511 -69.228453 4.267163 328.656222 8.107670
315 -5.434684 0.305947 -8.784865 5.728891 491.296506 0.068430 5.852338 0.297218 84.948834 5.450376
315 -4.416570 0.613486 2.842035 1.338745 251.297915 0.502295 -63.708365 9.251378 379.983228 3.414148
316 -4.799482 0.404701 -13.526347 1.603456 289.565473 0.388973 -40.663124 4.438295 112.613209 4.179971
316 -4.894697 0.739913 -10.556812 0.141246 229.011626 0.119329 53.883779 12.812502 179.711282 4.370402
316 -5.086847 0.795822 10.453611 0.101742 240.550804 0.458906 24.306995 12.978552 43.921227 4.754702
316 -5.043452 0.549557 -8.597372 0.303252 234.516750 0.434777 40.884258 9.461217 157.156977 4.667912
316 -5.844984 0.563173 47.303741 12.742047 227.907327 0.607794 -18.319113 3.107319 364.544776 6.270976
316 -5.857314 0.341444 -20.591311 2.384768 333.750841 0.480315 -59.937920 3.890235 146.379194 6.295636
316 -5.123813 0.518781 -8.673234 0.835300 276.903154 0.274947 -76.644572 5.778217 22.306731 4.828634
316 -6.600296 0.314909 -27.313680 3.294104 272.782116 0.797956 -25.932792 6.377967 359.059220 7.781600
316 -5.165455 0.304824 -8.932394 5.695015 486.539637 0.052562 16.943030 0.382328 88.355491 4.911918
316 -4.564227 0.780124 -17.367113 0.316300 224.328260 0.528900 -65.856790 13.747966 277.357440 3.709462
317 -4.618039 0.451919 -13.427107 1.306911 278.091124 0.477194 -17.190148 6.889275 79.791372 3.817086
317 -6.270502 0.055523 9.793165 8.538803 429.101480 0.364108 2.158126 2.309499 261.537311 7.122011
317 -5.763507 0.774051 -19.480310 2.658116 345.339328 0.406356 11.309561 13.338408 31.827711 6.108022
317 -4.006781 0.481788 -14.617150 1.081042 259.718646 0.371976 36.048079 6.920793 183.264176 2.594569
317 -7.007640 0.391878 -78.801906 13.772245 137.362788 0.570748 -22.984938 5.093732 461.601553 8.596288
317 -3.332732 0.272493 -1.434452 1.332288 280.051303 0.341296 -78.830387 3.040957 132.125476 1.246471
317 -4.928641 0.437230 -19.963653 0.772396 256.301918 0.232821 -62.091918 7.752910 15.348061 4.438290
317 -7.028043 0.299121 -33.741939 2.980310 270.305593 0.787950 -28.070395 6.455429 351.167816 8.637093
317 -5.285186 0.342970 -12.739032 5.941148 486.029361 0.053575 33.010276 0.872055 102.226391 5.151379
317 -4.541002 0.758443 -18.337861 0.878365 238.608773 0.473901 -69.202090 13.019494 270.902613 3.663011
318 -5.704812 0.432190 -11.172016 1.720696 317.463776 0.557272 -29.518815 6.658766 129.862303 5.990632
318 -9.398257 0.243161 33.998217 5.318948 431.820354 0.508402 -31.137645 10.004667 400.831448 13.377521
318 -5.440237 0.798285 -18.803274 2.041179 313.927610 0.502172 -2.546964 14.645031 41.937192 5.461481
318 -6.016640 0.435443 -28.648537 0.650957 251.997125 0.371711 49.199131 9.900972 94.116173 6.614288
318 -7.778605 0.395851 -80.084717 13.797523 121.967958 0.487791 -11.968867 5.484076 490.543712 10.138218
318 -4.026768 0.347666 -10.853117 1.453362 299.036582 0.419077 -77.063093 4.935868 66.001292 2.634543
318 -4.415300 0.424242 -18.626255 0.922345 259.784367 0.222275 -57.199411 7.444705 11.113010 3.411608
318 -7.500299 0.353156 -22.496795 4.606242 265.566100 0.196041 -4.522332 6.844524 481.037977 9.581605
318 -7.491716 0.320262 -13.896719 5.609339 493.510729 0.070803 32.868294 0.339407 87.686024 9.564439
318 -4.253251 0.707680 -18.548162 0.387001 222.552873 0.435269 -84.924504 12.147037 240.900602 3.087510
319 -4.388020 0.445253 -18.860223 0.350418 213.576493 0.557314 12.871514 7.854773 239.504464 3.357047
319 -3.685278 0.498272 39.549120 14.517150 334.920866 0.237056 -19.055894 1.512845 282.141870 1.951564
319 -5.999129 0.772994 -17.706782 2.592159 349.096006 0.522422 -10.465755 14.493503 10.858726 6.579266
319 -5.961111 0.421272 -25.651774 0.686535 255.095681 0.366033 51.399208 9.438271 114.760133 6.503229
319 -6.828892 0.324597 80.360856 3.871284 480.060182 0.259872 31.148651 4.304306 143.923960 8.238791
319 -4.558062 0.419522 -6.268546 0.882739 274.339320 0.503055 -82.906329 7.591200 46.820670 3.697132
319 -6.506238 0.657201 -27.609469 1.268300 274.462031 0.500843 14.107900 11.974983 298.985509 7.593484
319 -9.470261 0.268538 -35.371636 1.448725 313.313285 0.276176 23.827825 8.523714 40.983438 13.521530
319 -7.225948 0.328942 -30.653749 5.250822 491.796900 0.074718 33.530450 14.709161 89.707899 9.032903
319 -5.608657 0.717518 -0.989553 1.895857 287.059799 0.442043 -80.375268 14.009009 303.202438 5.798321
320 -4.971027 0.386203 4.398754 0.155765 206.480171 0.534549 10.536947 6.597521 233.783825 4.523061
320 -5.282145 0.567848 26.572652 13.988186 275.926362 0.294762 -13.978765 1.301082 269.251613 5.145297
320 -6.276257 0.732937 2.713902 1.973549 305.070936 0.404868 18.624210 10.498924 10.616012 7.133521
320 -5.418342 0.483811 -14.665404 0.786037 265.561966 0.300772 44.537561 10.011547 143.598862 5.417692
320 -6.784615 0.340223 82.635439 3.911247 491.577343 0.272402 22.041710 5.625348 129.377170 8.150238
320 -4.880279 0.351350 -9.380663 0.939335 276.500724 0.567283 -81.410011 7.119103 70.146608 4.341565
320 -8.275190 0.767253 68.794098 0.753625 304.170145 0.196959 -44.324841 10.775185 372.119684 11.131387
320 -7.552773 0.552060 72.187427 1.776839 315.116144 0.344064 -48.296955 10.758481 419.225140 9.686553
320 -5.605783 0.284659 -9.589094 5.419944 499.258268 0.048796 43.743802 13.580284 123.499475 5.792573
320 -5.687912 0.770657 -7.864506 2.788680 337.657022 0.546241 -67.354752 13.619503 283.078455 5.956831
321 -3.853683 0.361893 3.044285 0.625617 229.584091 0.539828 0.470535 7.195480 238.509640 2.288374
321 -4.885719 0.557434 33.495068 14.164901 284.192442 0.302238 -19.710380 1.233863 279.960221 4.352445
321 -7.757649 0.712562 -13.288650 2.341822 358.078179 0.538455 32.785211 12.149211 22.784108 10.096306
321 -4.780235 0.529343 -12.973527 1.073362 261.556798 0.252435 34.182684 6.843206 157.240479 4.141477
321 -7.072655 0.407806 -85.773414 12.925125 462.414162 0.526848 44.137871 0.939893 257.687296 8.726317
321 -3.949792 0.329789 -12.596001 1.407697 294.226677 0.582327 -72.319859 6.490078 31.380663 2.480591
321 -5.145529 0.785798 10.184949 1.529595 220.173805 0.258387 39.499504 0.206924 149.465125 4.872065
321 -7.202651 0.618568 60.539994 1.115197 268.345213 0.271082 -87.435792 11.630793 490.208845 8.986310
321 -6.085793 0.343491 -1.652224 5.141894 482.644663 0.054735 56.851478 14.482633 120.547503 6.752594
321 -6.668786 0.671332 -23.869538 3.236515 352.426766 0.260654 86.398981 10.714618 294.235239 7.918580
322 -4.338610 0.465412 -17.776148 1.069027 258.038932 0.559835 14.300408 6.012756 206.225354 3.258228
322 -4.208275 0.546023 26.465600 14.164769 284.747323 0.321090 -11.609869 0.921110 257.884404 2.997557
322 -5.359676 0.767892 -11.997730 2.365944 324.800133 0.463970 51.293400 13.073077 38.365666 5.300359
322 -6.118577 0.502034 -28.287564 2.140254 323.543496 0.215501 48.566516 7.499816 104.445130 6.818161
322 -8.013212 0.412903 -88.746924 12.898326 460.136160 0.538994 45.605396 0.731972 249.347189 10.607431
322 -4.665430 0.758150 -2.085314 0.880973 225.238066 0.512836 -44.236898 4.832182 215.378437 3.911868
322 -3.546030 0.770763 1.469067 2.430577 219.906987 0.212077 39.638894 0.058152 166.910885 1.673068
322 -6.307748 0.608902 66.888300 0.987479 253.044233 0.288483 -85.307374 10.882960 483.312734 7.196503
322 -7.463974 0.600713 0.356955 3.920652 412.010196 0.011941 -5.157293 11.779726 125.544744 9.508955
322 -5.367411 0.558927 -19.699904 1.821764 260.736856 0.408918 -27.181817 12.896239 391.250196 5.315829
323 -4.056993 0.449603 -9.100516 0.904385 251.674104 0.574238 4.698662 6.922593 203.839566 2.694994
323 -3.603721 0.562064 19.138983 14.575812 295.421454 0.265980 -15.677697 0.999311 253.858763 1.788449
323 -6.807673 0.730427 -15.368219 1.589682 323.582109 0.498081 56.992546 14.170381 22.083343 8.196353
323 -4.332932 0.468188 -10.441462 0.224373 201.359681 0.239842 -11.231659 1.846515 146.774594 3.246871
323 -7.354357 0.442167 -87.287888 14.051718 480.679125 0.541737 42.644494 0.750349 243.936099 9.289722
323 -3.803343 0.788847 4.751669 0.145628 215.302738 0.510960 -43.329749 5.814991 203.133331 2.187693
323 -3.200902 0.750302 0.461336 2.433406 218.721259 0.238683 43.738735 0.119430 165.921043 0.982812
323 -6.875927 0.582428 70.094309 1.050582 257.359563 0.237270 -83.310807 10.644455 479.124063 8.332861
323 -5.638599 0.529688 -13.683344 5.891980 493.851168 0.018107 25.036580 6.448616 70.574471 5.858205
323 -4.776527 0.495350 -0.690328 0.672507 219.086966 0.480146 -21.421872 12.383831 424.084754 4.134062
324 -3.836728 0.353404 -7.058703 0.970711 243.316842 0.553460 -8.474529 9.642643 277.671482 2.254463
324 -3.738831 0.567260 24.898917 14.546423 290.279781 0.287244 -16.909140 1.167530 266.812996 2.058669
324 -6.320800 0.735633 -28.512196 1.260239 281.032588 0.461094 55.313562 0.151172 42.993159 7.222608
324 -4.133917 0.379963 -15.826225 0.966091 261.250948 0.247361 9.148170 10.598807 169.562415 2.848842
324 -6.905009 0.506506 76.225744 13.578089 469.124741 0.531958 54.329830 0.814108 257.729038 8.391026
324 -3.686303 0.796350 6.346284 0.142989 213.736791 0.532125 -44.408494 5.602816 197.034944 1.953614
324 -3.383020 0.760957 -5.310848 2.090525 225.043293 0.268323 45.865728 0.350991 166.619237 1.347047
324 -6.029943 0.606558 57.698980 0.675287 241.497317 0.280088 -85.848383 12.181059 461.499239 6.640893
324 -5.752958 0.598385 -5.544890 5.213497 461.804006 0.101209 4.469341 5.371900 52.562758 6.086924
324 -4.409977 0.312719 -14.156908 1.056300 243.633971 0.324061 -7.436299 12.604354 389.116765 3.400961
325 -4.598708 0.503193 14.395720 0.342275 219.186829 0.734930 -10.235706 7.690322 240.044733 3.778423
325 -4.232807 0.459311 19.514863 13.933651 297.510856 0.179269 -19.926076 0.729994 236.595550 3.046622
325 -8.271937 0.499795 -24.311019 0.513513 220.399850 0.155585 -55.298990 10.180104 381.432950 11.124881
325 -5.085275 0.274368 -9.817972 1.254902 286.940443 0.191746 6.321829 10.535213 219.583765 4.751557
325 -7.245096 0.507250 76.592131 13.578551 469.110299 0.530469 53.901733 0.805720 258.796277 9.071200
325 -3.938084 0.788318 7.141827 0.216918 222.237676 0.528284 -49.404005 5.964603 200.515767 2.457175
325 -3.443889 0.774750 -6.779665 1.731056 225.279311 0.250910 47.939396 0.271443 151.758684 1.468785
325 -5.599551 0.622522 59.395339 0.722957 244.990894 0.290107 -85.082381 12.219872 460.005443 5.780110
325 -5.836954 0.562026 -8.882285 5.218488 461.388002 0.091933 -7.730194 5.038010 97.168057 6.254916
325 -4.893802 0.378513 -8.437791 1.097324 221.490022 0.354928 -11.140398 11.281792 404.015279 4.368612
326 -3.686662 0.478527 10.751314 0.081875 193.991979 0.770709 -15.188339 8.842675 267.982539 1.954331
326 -6.768667 0.657891 -24.874720 2.177369 324.600232 0.449333 -38.340328 14.215422 193.475699 8.118341
326 -6.891708 0.565480 -30.555100 1.096428 240.580001 0.097585 -64.033521 10.027091 360.915396 8.364423
326 -4.342460 0.269304 -13.982779 1.456893 289.658354 0.142055 3.347340 10.883721 251.244054 3.265927
326 -6.837997 0.517705 -65.154220 12.724231 449.668998 0.493096 61.746951 1.037100 265.703266 8.257002
326 -4.278700 0.770027 6.407297 0.173176 222.872765 0.522361 -48.802927 6.091686 206.290443 3.138408
326 -3.248200 0.771672 -5.796897 1.897007 213.375108 0.236014 46.611703 0.308905 170.238622 1.077407
326 -3.894869 0.684903 2.629034 0.087792 171.309261 0.017586 -50.334587 9.317836 449.113321 2.370745
326 -6.680124 0.635355 -14.598653 5.397582 458.657563 0.078031 -18.064539 6.133045 143.139175 7.941255
326 -4.305008 0.315781 -7.427152 0.410961 203.896405 0.385071 -8.688274 12.305286 399.849743 3.191023
327 -3.551968 0.600104 9.344849 0.357204 217.851699 0.250812 -17.606421 11.315718 134.903337 1.684943
327 -6.602167 0.550723 -10.809956 2.743044 349.038935 0.119135 79.575522 11.656245 274.195818 7.785342
327 -4.531762 0.670994 -0.855688 0.180690 201.565747 0.786102 16.966990 1.880181 172.911712 3.644531
327 -7.428620 0.183268 -14.822954 3.342123 386.160627 0.398871 -39.054748 9.575190 280.434676 9.438247
327 -6.455240 0.401882 -57.070106 11.870927 429.135012 0.514619 71.469868 0.892916 246.997173 7.491487
327 -4.032954 0.772995 6.384022 0.356257 229.788994 0.521154 -53.171333 5.610989 199.263137 2.646916
327 -4.869832 0.737725 -8.233513 0.734537 274.345042 0.350402 -79.894663 14.327893 102.119064 4.320671
327 -4.846127 0.777364 0.416946 0.247869 178.144294 0.082875 -58.011589 9.782029 430.944870 4.273262
327 -5.614623 0.624927 -10.989465 5.433015 456.086713 0.114304 -16.326649 5.649149 133.604942 5.810254
327 -3.510719 0.278042 -2.584157 0.469602 186.367365 0.371563 2.852032 11.886475 435.555799 1.602445
328 -3.546648 0.619454 7.121908 0.295093 221.452640 0.153659 -29.431109 11.822389 177.037304 1.674303
328 -6.280246 0.494170 5.909931 0.742104 247.132801 0.241072 -57.157973 4.647974 231.165062 7.141500
328 -3.603090 0.596402 3.816282 0.244609 195.178651 0.035087 21.932152 2.288014 186.637980 1.787187
328 -5.815251 0.186604 -16.671642 3.586223 388.116898 0.407871 -40.927872 9.477265 276.746374 6.211509
328 -5.862700 0.429666 -51.537842 11.921739 415.390109 0.545445 65.155243 0.853925 251.139823 6.306407
328 -3.929559 0.772780 -10.038926 0.185284 191.859907 0.670269 -42.745749 3.784945 202.021180 2.440126
328 -4.266648 0.236558 -14.901355 1.682881 279.450605 0.020370 -48.075019 14.397512 421.902589 3.114304
328 -3.841866 0.428414 9.347401 0.374607 232.910796 0.667550 18.126226 10.299940 67.625506 2.264739
328 -6.805264 0.568973 -9.053811 5.224322 413.321124 0.051911 -18.312415 7.080781 297.662887 8.191535
328 -3.929416 0.245362 0.261533 0.767855 220.046337 0.467889 -16.463469 12.424797 407.828847 2.439840
329 -3.297946 0.686809 1.788515 0.061237 203.411152 0.306510 -29.694472 11.943309 163.485920 1.176899
329 -5.737689 0.517932 4.877304 1.072779 262.886019 0.200262 -63.998897 5.046978 245.382793 6.056385
329 -3.192961 0.703592 0.174925 1.005690 191.051580 0.069017 35.138030 0.268754 154.799096 0.966930
329 -5.803549 0.293815 -14.599508 3.464914 387.100192 0.224474 -39.635209 7.087682 219.455083 6.188106
329 -5.886137 0.302620 -4.430259 7.233270 472.476639 0.685602 -3.926178 6.576317 290.944091 6.353282
329 -4.010535 0.773620 -8.054821 0.064207 178.827847 0.601707 -33.315646 3.670118 196.841374 2.602078
329 -5.376527 0.325235 -4.311521 1.409163 266.339526 0.738031 -47.535575 13.881482 378.930047 5.334062
329 -3.439078 0.384140 6.848798 0.647431 246.705038 0.651529 13.636336 10.332594 72.475587 1.459164
329 -6.117545 0.580518 -1.184453 3.772818 369.011732 0.095089 -29.229659 8.838167 281.224400 6.816098
329 -4.336027 0.189575 -2.824666 1.208165 242.130839 0.602347 -29.276067 13.930439 411.158764 3.253062
330 -3.245113 0.694607 6.504795 0.057063 203.343010 0.300551 -27.767532 12.175968 160.950114 1.071234
330 -7.001373 0.516425 7.512060 2.073310 279.092064 0.008348 -30.184606 4.324913 233.872757 8.583754
330 -3.275783 0.734768 4.170363 0.461966 185.206802 0.276334 -79.852326 3.905863 302.313613 1.132574
330 -4.075284 0.470567 -0.778082 11.849687 472.782301 0.143795 -37.200421 0.527330 183.336431 2.731576
330 -6.060756 0.316101 -3.668018 3.669390 396.664817 0.077393 13.414884 9.565207 243.847624 6.702520
330 -4.800738 0.753749 -0.760648 0.381170 174.449085 0.634127 -20.594589 1.958084 220.974251 4.182484
330 -4.295630 0.296367 -1.008041 1.378968 269.185532 0.561271 -29.703093 14.776803 365.653775 3.172268
330 -3.249394 0.436133 2.550187 0.328462 222.574565 0.765641 11.215231 10.329404 71.342719 1.079795
330 -5.061564 0.539407 -10.843027 3.734388 288.224441 0.333692 -8.176481 0.470304 185.577705 4.704135
330 -4.557909 0.168774 -1.908627 1.643562 259.878171 0.581282 -24.659947 13.152954 419.313992 3.696826
331 -4.183496 0.590473 16.150509 0.042576 208.935124 0.352513 -37.944053 12.023081 158.963732 2.947999
331 -4.982872 0.704949 8.633518 3.733541 334.020807 0.729085 -43.025397 0.318020 146.028919 4.546751
331 -3.662984 0.671532 -2.769823 0.444924 214.068952 0.345036 -80.996222 5.647339 262.504787 1.906976
331 -4.292300 0.445603 -3.124467 10.633029 488.514763 0.128542 -40.367734 0.732184 185.750394 3.165607
331 -5.541190 0.295357 -8.765387 3.832914 391.616754 0.164673 18.248143 9.248799 279.693300 5.663388
331 -4.651314 0.696157 3.945829 0.499262 129.932483 0.786796 -20.164494 1.342353 251.726852 3.883635
331 -4.193396 0.375802 1.519705 1.339882 258.037528 0.520537 -40.065814 12.940435 379.045070 2.967799
331 -4.764751 0.417979 -10.315633 0.198571 221.907517 0.760842 8.055844 10.517723 124.366721 4.110510
331 -6.864694 0.434109 4.095258 4.614482 261.544464 0.348110 -12.640277 1.999111 287.336540 8.310396
331 -4.918066 0.197767 -0.017114 1.617982 265.144525 0.604963 -31.643684 12.584273 408.473484 4.417139
332 -3.527243 0.522387 2.092376 0.267669 223.588030 0.445321 -47.580734 14.804721 121.616636 1.635494
332 -7.592952 0.782680 11.687656 2.509127 324.348950 0.109260 -46.007043 0.145059 89.618897 9.766911
332 -3.795275 0.739062 4.808594 0.333743 208.731079 0.212873 69.034410 7.005384 255.119090 2.171558
332 -4.445013 0.455717 -1.455997 10.133040 474.897177 0.178112 -42.639181 0.971663 196.520487 3.471034
332 -6.192774 0.302408 -3.117237 3.947616 381.240297 0.202505 11.254096 8.551496 314.032318 6.966556
332 -4.534194 0.695505 15.327772 0.454788 133.955109 0.749171 -25.929758 1.326986 250.739880 3.649396
332 -4.132518 0.628875 10.938545 0.772859 179.964390 0.679488 -29.816687 0.531948 183.155215 2.846043
332 -6.428599 0.439114 -11.270833 0.067887 221.180013 0.735753 24.587324 11.399592 123.031398 7.438205
332 -5.835311 0.425912 4.181485 3.992982 240.879704 0.394433 -14.034054 2.570273 303.848193 6.251629
332 -8.520500 0.299205 -24.529220 1.447685 271.739406 0.617548 -21.509439 10.652729 366.952662 11.622008
333 -5.368742 0.521261 -1.227440 0.595125 221.450219 0.447452 -43.875772 0.126780 120.322683 5.318491
333 -7.939744 0.711488 -26.878651 1.614247 319.567997 0.148230 -43.585783 2.950059 32.997490 10.460496
333 -3.822158 0.754436 11.619454 0.018044 200.763422 0.123345 48.667241 7.303201 226.818841 2.225324
333 -4.801366 0.469592 13.459699 9.731496 441.278070 0.142322 -33.287667 0.796425 206.468881 4.183739
333 -6.207685 0.313406 -1.541767 3.831780 377.384464 0.200831 12.323691 8.160474 299.189918 6.996378
333 -4.346832 0.794539 28.617829 2.776890 139.622547 0.788267 -13.297639 0.503238 238.165071 3.274672
333 -5.683972 0.534967 3.647741 0.874365 259.701243 0.608166 -13.220898 2.337832 150.310126 5.948952
333 -3.656845 0.331610 -10.428892 0.711191 243.810111 0.721926 19.658233 10.997814 120.705245 1.894697
333 -5.086671 0.325668 -56.536078 3.174670 175.122525 0.384464 -16.238950 1.930052 292.717705 4.754349
333 -7.154996 0.208730 -21.587796 1.765056 250.740924 0.655757 -16.623393 7.605966 377.211946 8.891000
334 -3.587810 0.555521 -4.953619 1.084493 243.654622 0.322819 -81.704003 1.054345 134.597049 1.756627
334 -5.944710 0.703724 -7.090391 1.137537 287.700100 0.240914 -46.440981 2.761012 119.578773 6.470428
334 -4.167699 0.330346 -11.559290 1.569562 308.804582 0.268910 -81.982246 11.871658 55.739025 2.916405
334 -4.978418 0.404721 17.622355 10.958195 455.766709 0.274294 -40.493404 1.341894 240.079628 4.537844
334 -7.836544 0.176115 2.779537 2.288129 303.718611 0.241550 6.217555 8.084678 337.706004 10.254096
334 -5.377753 0.775473 9.794863 3.431217 126.646608 0.731616 -15.604235 0.836319 253.506428 5.336514
334 -5.780250 0.304831 -16.703585 3.094855 395.761690 0.129579 47.197235 10.155383 78.809390 6.141508
334 -3.762369 0.373746 23.855047 0.426179 227.212898 0.723210 16.720183 9.674318 85.630054 2.105745
334 -6.018034 0.227484 -61.378323 5.482611 173.290264 0.362653 -17.036039 1.539237 301.447738 6.617075
334 -4.310320 0.341174 -40.986814 2.762856 260.583817 0.726568 5.150574 0.171165 174.919300 3.201648
335 -4.726927 0.597289 -14.538601 1.540008 264.796295 0.289312 -80.429803 1.089250 143.312194 4.034861
335 -5.651576 0.670207 -5.177550 3.819292 357.378655 0.121805 -57.124572 1.872346 146.793282 5.884159
335 -4.661926 0.272678 -8.546424 1.605908 319.157404 0.261887 -55.462372 12.979095 100.613079 3.904859
335 -5.067983 0.375311 11.656032 10.594993 438.782985 0.315196 -35.936390 1.654674 252.500898 4.716973
335 -6.212547 0.225781 -2.184982 2.516174 312.843561 0.206647 14.710698 8.870905 340.282034 7.006101
335 -4.277161 0.642120 -39.870510 3.064624 218.006848 0.719925 -0.682074 0.745484 206.595277 3.135329
335 -4.991059 0.237544 -11.795683 3.056628 395.336218 0.065152 47.986904 10.471284 48.089263 4.563126
335 -4.254749 0.402192 8.953927 0.213151 220.781354 0.707017 5.977136 9.282048 115.862577 3.090505
335 -4.422806 0.224326 -59.827803 6.318147 127.666475 0.325598 13.236810 0.867787 261.972771 3.426619
335 -4.193927 0.345284 -40.736616 2.920450 272.906587 0.685647 4.549231 0.717812 174.552526 2.968862
336 -4.505316 0.563800 -19.129470 0.916179 247.001408 0.192054 -87.668421 0.281195 74.500750 3.591639
336 -6.533808 0.697223 -8.655649 3.467365 338.470039 0.120316 -81.967708 0.464973 152.619647 7.648623
336 -5.819506 0.379957 -9.698274 0.601151 235.220048 0.088578 67.993332 8.996915 56.735888 6.220020
336 -4.794005 0.381901 14.330720 10.837228 452.066130 0.280664 -37.649771 1.700981 253.189774 4.169017
336 -6.859027 0.143139 2.000442 2.045586 323.311114 0.163996 1.246928 11.002383 321.552725 8.299062
336 -5.369394 0.720476 -17.417893 1.397316 273.508090 0.066562 -23.614199 3.900783 174.064772 5.319796
336 -5.630456 0.294432 -4.887117 2.901764 377.151909 0.743218 65.940837 11.935338 163.037746 5.841920
336 -5.066949 0.409206 8.688915 0.222848 226.292856 0.684955 2.448691 9.623215 108.770668 4.714906
336 -3.679031 0.214318 -83.372821 6.078774 124.441886 0.301262 4.890180 0.666883 247.172411 1.939069
336 -5.878860 0.711567 -28.225429 2.702979 288.065766 0.431331 -3.385523 4.505648 249.660568 6.338727
337 -4.357598 0.580895 -12.988630 1.145364 264.309884 0.257297 -58.182636 1.067268 98.431992 3.296204
337 -6.046263 0.715575 -8.462868 1.544758 305.105941 0.069020 -75.628199 13.818253 189.862893 6.673533
337 -3.615297 0.347425 -1.513896 0.585743 246.683530 0.219265 -51.392106 7.432539 19.856243 1.811602
337 -4.677964 0.385726 14.635261 10.796713 453.547476 0.276001 -39.022504 1.727284 251.172966 3.936935
337 -7.518773 0.132781 -2.763567 2.652271 336.240879 0.176143 -5.749231 9.662098 352.434456 9.618553
337 -5.952026 0.643727 -4.762797 0.334046 247.630124 0.063879 -2.290943 6.205395 130.567453 6.485060
337 -6.514325 0.316970 3.028822 2.898272 379.309323 0.079223 -89.160957 9.973164 82.320576 7.609658
337 -3.409651 0.399650 6.293136 0.271060 219.504012 0.691019 3.338838 9.602653 110.709973 1.400309
337 -5.495460 0.411068 -76.692641 9.844200 139.559856 0.400780 -3.404549 0.104680 216.352631 5.571927
337 -3.602281 0.754625 -78.924885 13.592726 122.197213 0.243646 -4.385344 0.961045 264.162165 1.785570
338 -5.217991 0.513154 -5.535761 3.298117 315.352305 0.211491 -59.037081 1.800043 206.553696 5.016990
338 -4.746097 0.676909 -14.162298 0.994763 276.289653 0.134074 -71.440412 14.136242 110.780498 4.073201
338 -6.369066 0.582061 -22.612158 3.790055 387.084845 0.031591 78.599300 6.367966 190.726825 7.319140
338 -5.140725 0.376439 12.544055 10.985723 449.440488 0.269513 -42.332557 1.645930 254.722912 4.862457
338 -6.968904 0.074582 -6.535759 1.691406 311.893884 0.152334 -31.612315 12.052874 211.169261 8.518815
338 -4.096882 0.714044 -14.563406 0.637309 230.844221 0.032527 -6.591589 6.464067 152.284266 2.774771
338 -4.887111 0.404814 -13.595789 2.175566 334.581530 0.041746 86.427900 12.994506 67.425880 4.355230
338 -8.438864 0.704792 -40.435513 0.432759 238.677196 0.358667 -44.598431 6.100877 80.226033 11.458735
338 -5.227754 0.424030 -84.931293 9.172574 132.434618 0.406055 -5.174376 0.183447 221.951744 5.036516
338 -3.755743 0.740876 -75.528221 13.659724 135.548809 0.252182 -8.656852 1.071714 271.331219 2.092494
339 -5.763813 0.657507 5.566746 4.759911 280.884180 0.324138 -39.215530 0.939565 228.768460 6.108634
339 -7.800816 0.686392 -31.481857 1.743500 311.512753 0.280001 72.333651 13.411072 69.900268 10.182640
339 -7.209957 0.501933 -30.739297 3.767126 370.300472 0.063728 51.999229 5.592312 244.613788 9.000922
339 -5.018169 0.393776 10.243711 11.151469 444.527148 0.241835 -46.059006 1.877457 265.549292 4.617345
339 -5.917937 0.084700 -9.550446 1.793912 318.760281 0.145649 -31.804193 12.062068 210.194270 6.416881
339 -4.317973 0.732491 -13.300010 0.150825 217.351058 0.051179 -11.678189 12.306900 149.680440 3.216953
339 -4.550575 0.226375 -17.405593 1.420757 299.033512 0.225322 49.612135 13.321169 148.244710 3.682158
339 -8.623726 0.707187 -40.462839 0.414326 239.699191 0.358135 -43.162446 6.202084 79.149137 11.828460
339 -4.520005 0.329845 88.243208 2.084074 87.172096 0.534052 -17.233158 1.158440 270.481241 3.621017
339 -3.815193 0.722763 -82.481402 13.968548 127.393288 0.254768 -9.257442 0.949978 264.882925 2.211394
340 -7.097809 0.058104 -82.536362 8.466050 272.566937 0.449635 -22.348315 2.061202 315.998750 8.776626
340 -5.629857 0.629931 -20.520726 1.964098 318.117042 0.294770 87.757357 14.097072 66.408371 5.840722
340 -5.528097 0.493564 -16.145618 4.091374 373.717517 0.120236 71.588743 6.623878 295.321789 5.637202
340 -5.811252 0.424419 -1.302541 0.269549 196.262303 0.794250 -51.420577 13.967053 407.178705 6.203512
340 -6.405276 0.790360 -20.678505 0.888972 254.168943 0.088045 -4.598504 8.778776 324.220958 7.391560
340 -3.994973 0.754866 -9.750796 0.285932 227.097648 0.021798 -23.425143 11.683359 152.206810 2.570954
340 -4.615009 0.271943 -15.346542 1.066334 276.165517 0.238134 38.024127 13.825258 166.506124 3.811026
340 -7.615619 0.791492 4.759332 1.134551 266.162368 0.324822 -7.606921 6.255923 119.771762 9.812246
340 -5.536773 0.201327 26.323334 10.528086 266.840433 0.754653 -7.705317 1.960571 283.721373 5.654554
340 -3.807429 0.694391 -79.050388 14.347538 122.009107 0.272821 -7.725900 1.121180 272.159172 2.195866
341 -6.332994 0.083575 -86.780550 7.874302 256.827737 0.429399 -19.994827 1.928306 310.322573 7.246995
341 -4.716314 0.797119 -18.472868 1.075699 261.613156 0.229058 53.142881 1.059158 55.740157 4.013635
341 -6.485830 0.471041 -12.325467 1.109665 295.832604 0.246089 58.602495 6.395447 104.491607 7.552668
341 -5.630724 0.436562 -1.314990 0.252126 194.639282 0.787518 -51.459321 14.030610 407.978532 5.842456
341 -5.405577 0.786154 -23.823492 1.482223 245.726372 0.123518 -6.459414 8.783593 340.147379 5.392161
341 -3.778497 0.675222 -8.700469 0.082402 205.669470 0.052413 -21.652954 11.548756 170.794160 2.138003
341 -4.888511 0.285513 -10.202146 1.319546 255.844119 0.064641 4.091314 1.969655 187.298907 4.358029
341 -6.828425 0.784376 7.424304 0.489292 274.604244 0.324261 -6.906345 6.259101 97.635564 8.237857
341 -5.347240 0.154316 41.290776 9.892740 279.731117 0.715345 -15.315538 0.630700 246.693348 5.275488
341 -4.069622 0.692993 -67.599423 14.300298 74.549843 0.230612 -13.719866 1.325496 293.473769 2.720252
342 -5.395435 0.571470 21.734444 7.390892 21.748808 0.714842 -1.497689 0.400489 234.939505 5.371878
342 -4.488483 0.788527 -16.697750 0.863425 254.108923 0.247874 51.791139 1.024482 47.656343 3.557973
342 -4.683586 0.449995 -15.117796 2.489638 318.654393 0.742873 76.328663 12.938053 450.025985 3.948179
342 -6.571633 0.455541 -3.602531 2.143515 262.215649 0.717348 -0.454812 9.416796 380.344546 7.724274
342 -5.350927 0.699471 -17.472058 1.706329 280.126206 0.095330 36.945864 12.010919 321.230316 5.282862
342 -4.104599 0.706659 -9.468851 0.355822 214.882871 0.053758 -22.017209 12.357468 193.453570 2.790206
342 -4.067539 0.306198 -14.287967 2.477126 265.529857 0.102735 12.109868 1.641814 218.678654 2.716086
342 -6.420513 0.176337 -1.723858 0.362890 233.139975 0.540911 -37.552646 12.467845 31.049443 7.422034
342 -6.687234 0.126556 32.273705 11.763803 272.962617 0.762036 -9.684883 2.679860 338.215381 7.955476
342 -4.478196 0.669035 -63.716616 14.027467 81.300881 0.359774 -7.938949 1.047618 282.472537 3.537400
343 -3.779082 0.597298 22.920203 7.507500 27.197029 0.690670 1.137464 0.311038 234.617957 2.139171
343 -10.055530 0.773517 46.172434 7.157654 132.037168 0.232859 89.827704 1.758400 355.586156 14.692067
343 -5.827010 0.347633 -27.406851 0.762944 255.265578 0.744009 83.520260 7.902468 111.933191 6.235027
343 -6.222638 0.517380 1.681290 2.910285 300.190907 0.690168 0.311027 9.834310 348.313786 7.026284
343 -5.738308 0.697580 -18.032487 1.630459 284.563384 0.095933 38.101075 12.203036 324.346635 6.057623
343 -4.657442 0.646978 -16.217774 0.618773 236.557426 0.181219 -40.460472 9.169548 219.791933 3.895892
343 -5.017190 0.398289 -17.607733 1.781680 279.246891 0.079128 7.836301 3.179622 215.679859 4.615388
343 -5.724303 0.191342 4.505739 0.449251 239.052691 0.561637 -42.878368 12.855977 44.344471 6.029614
343 -6.961546 0.182393 29.450912 13.297920 304.135509 0.791959 -10.150139 3.638059 370.738856 8.504100
343 -4.671086 0.700116 87.588413 14.737073 118.019736 0.408312 -0.655991 1.068763 286.104999 3.923179
344 -4.519720 0.620828 37.475980 7.596361 49.828993 0.674781 -8.730243 0.516216 253.635059 3.620447
344 -7.346895 0.707046 46.166052 8.139501 115.063800 0.321120 73.831849 1.535810 340.763443 9.274798
344 -5.907910 0.413396 -29.926962 0.419839 229.173748 0.044011 84.611160 6.590476 133.697598 6.396828
344 -6.680176 0.667173 4.716570 3.164115 283.481855 0.641499 -9.399426 9.736673 410.049074 7.941360
344 -4.908299 0.548839 -14.321087 1.291459 271.650870 0.065020 25.298185 11.338155 211.263524 4.397606
344 -5.776070 0.676034 -20.860465 0.602697 238.646052 0.114239 -29.267313 7.952721 246.074676 6.133148
344 -4.374177 0.506029 10.395498 0.493668 237.663905 0.612490 -18.384255 6.447306 159.505171 3.329361
344 -4.485674 0.192222 4.204691 0.538725 242.476233 0.555036 -40.351684 12.772889 42.975727 3.552355
344 -5.577349 0.183234 33.533769 12.767474 319.918642 0.798338 -16.709166 3.912482 363.442601 5.735705
344 -4.167035 0.692934 88.946503 14.802468 116.010241 0.416427 -2.064243 1.110068 281.899775 2.915077
345 -4.989010 0.621798 40.742521 7.179097 18.556997 0.672266 1.972677 0.245375 243.412483 4.559028
345 -6.450643 0.691696 44.833402 8.099362 102.507332 0.297741 77.029323 1.580872 336.974240 7.482293
345 -7.090878 0.427198 -32.981930 0.350376 229.035335 0.085368 88.927202 6.592911 142.652628 8.762764
345 -5.644828 0.591786 -6.395240 3.531899 266.254701 0.602059 -7.298373 8.008753 415.232256 5.870664
345 -5.842414 0.580263 -23.838924 1.492527 289.557591 0.081593 -1.437382 10.057215 191.094586 6.265835
345 -3.354342 0.630919 32.676335 13.058719 243.066224 0.276381 -7.506738 0.727505 242.221463 1.289692
345 -3.532347 0.523488 16.786910 0.317152 213.389265 0.622853 -21.225669 7.076711 171.468880 1.645702
345 -3.441089 0.266264 8.983799 0.612103 246.764323 0.508441 -37.757236 12.372299 29.290188 1.463186
345 -7.639052 0.795396 -32.613993 13.247242 226.954096 0.743062 -33.230307 1.811843 293.378132 9.859112
345 -3.355287 0.219773 -57.678637 10.986144 16.921601 0.431207 3.292663 0.653829 243.873579 1.291582
346 -3.747762 0.620071 35.752727 7.492200 13.722124 0.670726 4.424455 0.163630 224.782086 2.076532
346 -6.916743 0.628682 19.961739 7.775277 60.882267 0.322094 80.925916 1.800157 356.519213 8.414493
346 -6.528192 0.464287 -27.402239 0.652315 241.458594 0.081928 -89.799173 6.556377 144.513450 7.637391
346 -5.327058 0.511719 33.428714 1.772438 184.077313 0.473734 -24.973164 4.464831 381.657723 5.235123
346 -8.048372 0.624508 -14.121075 1.270331 311.676859 0.713628 14.521776 10.820664 184.573313 10.677751
346 -3.282572 0.666092 37.279458 12.450870 229.956846 0.245718 -8.881944 0.985011 259.108467 1.146152
346 -4.836819 0.680471 8.690164 0.255673 235.264577 0.714348 -19.642246 8.123252 152.130341 4.254645
346 -3.835863 0.334521 2.546423 1.297213 271.165543 0.233285 -22.140086 0.771962 103.796087 2.252734
346 -7.014909 0.784312 -36.762092 13.548529 222.189283 0.741933 -31.781548 1.720656 286.107296 8.610825
346 -3.552952 0.258820 -56.471798 11.642368 40.898660 0.383216 5.915088 0.242935 219.541139 1.686912
347 -4.009985 0.597574 36.109700 7.510780 11.465334 0.642937 8.689702 0.425112 231.579182 2.600977
347 -7.255514 0.553509 -29.013768 0.960368 260.634211 0.648310 -71.155367 14.284450 253.894714 9.092035
347 -5.251891 0.548079 -25.903813 1.514026 245.257230 0.194939 47.944413 2.688002 239.138528 5.084790
347 -6.240810 0.405811 40.443307 12.103924 290.362620 0.584294 -3.574867 4.259634 393.590861 7.062627
347 -5.867885 0.587271 -1.576523 2.016677 298.183282 0.639178 10.519062 8.855488 187.423823 6.316777
347 -6.935695 0.762641 0.300709 1.856163 297.806170 0.441324 -19.528059 10.577382 277.268030 8.452398
347 -3.565496 0.393409 -25.687418 12.782205 229.046663 0.598164 -2.720322 0.111873 203.841352 1.711999
347 -5.249595 0.342904 -13.114597 1.248159 286.662117 0.270536 -38.453960 1.560122 89.664752 5.080197
347 -5.121921 0.679534 -35.684088 13.377777 196.079627 0.794512 -7.968841 1.322226 269.563096 4.824849
347 -4.278505 0.262715 -56.762485 12.188300 45.581201 0.384280 4.662365 0.241100 225.479446 3.138018
348 -5.132754 0.637883 31.768896 10.542527 11.377015 0.699117 11.636514 0.330531 246.098417 4.846515
348 -4.599300 0.580061 -20.154724 0.758387 233.754114 0.563930 -53.705079 14.214435 276.375995 3.779607
348 -7.986767 0.544370 -37.548744 1.475438 244.449601 0.120946 56.171545 4.241262 275.585726 10.554542
348 -6.722306 0.435178 24.037382 10.453623 263.938993 0.502813 -3.873275 3.739354 382.316673 8.025620
348 -6.389557 0.596061 -19.390593 2.342890 338.092567 0.605821 3.058279 10.796378 163.871217 7.360122
348 -5.579043 0.768665 -3.420872 2.229818 289.792375 0.447544 -14.033929 10.341507 276.752012 5.739093
348 -3.415273 0.422451 -45.926368 13.034412 277.819331 0.646815 7.799597 0.166977 206.423267 1.411554
348 -5.879577 0.396304 2.502114 0.968914 275.762501 0.326653 -39.843691 1.439970 93.425975 6.340162
348 -5.557860 0.427621 43.848290 4.308689 224.872731 0.526909 -14.554403 2.497572 313.894020 5.696727
348 -3.372530 0.306718 -66.332489 13.518236 74.268071 0.368313 17.142400 0.477369 232.341011 1.326068
349 -4.934479 0.634633 31.885893 10.647040 10.123839 0.694299 11.474957 0.420835 246.007487 4.449965
349 -4.347580 0.735450 -17.192539 0.261933 204.966027 0.589335 -54.418060 13.018386 319.135557 3.276168
349 -4.849411 0.438797 -27.069701 1.198880 252.991417 0.765108 37.931877 5.602122 286.227629 4.279829
349 -6.642193 0.744165 -9.901407 2.519074 351.514182 0.564846 64.805345 2.158351 62.282555 7.865393
349 -6.545046 0.430655 -27.698351 3.100892 329.584534 0.349721 -15.890748 13.224837 404.082679 7.671099
349 -4.959224 0.646206 -3.917326 0.802904 201.500814 0.358927 -16.801995 6.769840 303.638069 4.499456
349 -3.442486 0.422599 -47.935647 12.932025 268.889333 0.657325 7.581071 0.315650 206.397692 1.465980
349 -4.733916 0.411975 14.764808 1.341821 265.577121 0.337369 -36.111542 0.364833 115.835635 4.048839
349 -5.220116 0.457138 82.913527 3.679824 246.334534 0.679974 -12.109918 2.841227 308.340503 5.021239
349 -3.499703 0.311127 -65.304215 13.409895 60.701290 0.374532 16.830092 0.409027 229.643895 1.580413
350 -4.285304 0.648267 29.716165 10.618471 41.108447 0.608469 10.932153 0.438636 238.932473 3.151615
350 -3.991723 0.771804 -5.914586 0.363730 224.150708 0.447509 -69.737889 14.716813 338.394967 2.564453
350 -4.320333 0.451592 -26.304155 1.408245 269.813820 0.764890 46.837729 5.729498 277.381231 3.221673
350 -6.591866 0.656568 -23.202871 6.739248 461.111745 0.223242 81.301425 13.922970 396.014737 7.764741
350 -7.656859 0.493673 -28.519112 2.575554 293.884839 0.223731 -19.866816 12.833468 462.745537 9.894726
350 -5.502245 0.550381 -40.841447 14.124442 120.000438 0.269294 -19.511022 3.353805 403.737216 5.585498
350 -3.234952 0.333245 -42.586006 11.201778 318.657146 0.638273 7.419087 0.230838 196.312514 1.050911
350 -3.293486 0.327670 1.380097 0.914213 241.433714 0.280419 -30.834810 2.071735 135.813468 1.167980
350 -4.408123 0.541817 -89.347800 4.970505 282.525801 0.648963 -11.615685 1.475271 251.322258 3.397254
350 -4.194783 0.302765 -60.896746 13.082022 50.514396 0.381767 15.125416 0.652985 249.752628 2.970574
351 -4.565796 0.558266 19.319541 12.125256 53.495807 0.605073 11.567518 0.088833 221.861284 3.712600
351 -4.393966 0.712482 -2.254411 0.418399 233.676989 0.414364 -60.959600 14.671939 328.027834 3.368940
351 -4.220363 0.467777 -30.122345 1.197807 252.342448 0.774175 46.461126 5.448381 260.744519 3.021734
351 -6.955412 0.617428 -28.709625 5.032603 435.525926 0.071251 -59.194881 5.614626 161.051256 8.491831
351 -5.696924 0.622701 -39.144711 8.874652 299.699230 0.487598 -17.079215 2.398933 296.158723 5.974856
351 -6.920510 0.543988 -44.262326 14.609583 123.244141 0.248713 -26.831962 3.250422 404.753047 8.422027
351 -4.178222 0.362231 -50.017172 11.877966 338.410243 0.609698 2.011415 0.791939 241.425326 2.937451
351 -3.336735 0.334188 0.456435 0.826183 238.089128 0.275997 -31.574409 2.127812 139.353285 1.254478
351 -4.446453 0.613234 -69.674574 4.367001 300.703708 0.792928 3.587838 1.779292 256.596680 3.473914
351 -4.928250 0.272684 -63.657557 13.262427 438.958673 0.398883 1.587502 2.218573 289.809749 4.437508
352 -3.680821 0.546131 30.729340 11.963142 39.320921 0.578502 20.610013 0.236675 215.365514 1.942650
352 -4.828906 0.671030 -0.490755 0.279307 227.880648 0.391095 -61.732728 14.243490 313.539343 4.238820
352 -3.990163 0.492714 -32.224126 1.190064 242.454812 0.776044 42.421754 5.357021 290.732173 2.561334
352 -6.766047 0.616241 -29.245689 5.108738 436.328235 0.071545 -59.050843 5.571636 161.616219 8.113101
352 -5.702304 0.627913 -17.796469 3.185293 319.445732 0.535117 -27.091735 5.729282 252.192448 5.985615
352 -7.613896 0.765686 3.002169 8.146208 267.841123 0.203648 -52.479168 3.523188 392.216392 9.808799
352 -5.141674 0.291227 -33.128592 12.475752 370.349040 0.399388 -17.693784 1.186319 251.927823 4.864356
352 -3.478990 0.335578 -0.669130 1.045080 240.904723 0.308759 -36.277542 1.360310 142.829155 1.538987
352 -5.022192 0.569723 -72.808323 5.402681 325.647307 0.792184 5.702125 1.663660 249.823243 4.625392
352 -3.349565 0.194280 -40.225869 14.369584 395.862338 0.499576 6.516346 0.476179 202.671903 1.280138
353 -4.267142 0.638319 -1.648392 12.548794 43.451163 0.673816 5.559839 0.341544 241.259929 3.115292
353 -3.694959 0.562632 6.531749 0.238833 209.046532 0.419982 -73.224327 12.724721 320.277529 1.970927
353 -4.323806 0.530327 -26.626000 0.399794 210.179863 0.723035 42.071864 7.506149 295.732870 3.228619
353 -3.952295 0.451188 7.499266 0.168404 178.400208 0.492241 -8.026703 14.289103 487.982046 2.485598
353 -7.932026 0.559443 -35.951488 4.490611 326.406389 0.549855 28.282776 1.743246 247.035924 10.445060
353 -12.089997 0.000991 10.511345 4.732543 299.693304 0.381021 -39.297321 1.727959 266.585982 18.761002
353 -4.504972 0.250303 -31.196548 13.398735 358.359760 0.364698 -16.711917 1.121335 248.032520 3.590952
353 -4.729507 0.291722 -8.193072 1.482980 248.164769 0.382848 -22.055496 1.010080 168.639315 4.040022
353 -5.703899 0.611645 -76.159863 8.885491 347.658724 0.766900 -13.238450 1.193028 256.102817 5.988806
353 -3.178047 0.283267 -36.719845 13.766860 416.187742 0.525940 14.829820 0.293081 191.358411 0.937101
354 -4.700808 0.565416 -1.454844 12.074552 48.826573 0.616569 8.557196 0.204722 233.414896 3.982623
354 -3.536854 0.643727 6.775883 0.442986 215.564938 0.408382 -76.450688 13.093498 298.375132 1.654715
354 -5.991851 0.640277 -24.138438 0.333204 206.297033 0.042692 18.139818 9.184162 320.508635 6.564709
354 -3.760258 0.454331 35.319843 0.396667 188.652257 0.502238 -17.402278 13.738946 466.254213 2.101523
354 -4.981239 0.582545 -38.612951 4.580997 349.508324 0.538482 31.436091 2.265354 246.070885 4.543485
354 -5.138769 0.788899 21.278427 4.612230 271.073236 0.382723 -38.757924 1.904619 267.855003 4.858546
354 -5.149406 0.228527 -20.138556 13.722935 339.326758 0.391621 -21.433049 1.176395 258.803423 4.879820
354 -4.250720 0.295620 -5.168059 0.871706 218.497208 0.344161 -39.431418 1.543874 168.866803 3.082448
354 -4.268302 0.481873 -76.026251 8.890165 361.250625 0.734237 -7.257413 0.955911 218.030906 3.117612
354 -3.219013 0.346950 -52.590469 12.409028 410.761743 0.624606 6.973041 0.289821 189.497804 1.019034
355 -4.280966 0.623880 -23.451838 10.580466 44.321208 0.735805 2.871556 0.302886 242.781782 3.142940
355 -4.386725 0.647138 7.807040 0.113378 209.731398 0.412819 -81.012161 13.135898 317.274318 3.354458
355 -4.736433 0.640663 -25.230553 0.447769 207.390852 0.050371 18.143686 9.657477 334.447057 4.053874
355 -3.711445 0.452396 35.505030 0.493492 189.049384 0.516692 -21.439751 12.741103 465.775854 2.003898
355 -5.428761 0.603603 -30.182535 4.712477 348.794510 0.558827 26.458020 2.622251 246.607813 5.438530
355 -3.981739 0.189584 9.815570 12.765561 483.250176 0.333537 35.559374 0.411208 182.375788 2.544486
355 -5.628383 0.243124 -26.650609 14.042950 345.453140 0.409972 -22.099740 1.249768 265.031172 5.837773
355 -3.800253 0.401228 -7.630462 0.361559 213.745774 0.122229 -28.987354 2.014187 113.397581 2.181514
355 -4.684521 0.491688 -75.857168 8.864275 375.109872 0.760427 -0.029210 1.090540 225.482950 3.950049
355 -4.044736 0.345767 -16.377473 9.647041 77.857921 0.358249 -2.360109 0.880107 269.139850 2.670479
356 -3.719442 0.549783 -24.048071 10.571778 87.822112 0.766984 8.346702 0.089694 219.353583 2.019892
356 -5.063759 0.609616 -2.885942 1.016801 241.510259 0.410926 -81.760748 12.596181 304.543092 4.708525
356 -5.814765 0.451623 -33.898960 5.894172 461.571243 0.728855 24.073528 3.348228 196.615643 6.210537
356 -3.720052 0.536389 36.087281 0.312078 188.134206 0.551609 -18.788423 13.236148 442.624058 2.021111
356 -7.669649 0.553727 -12.611096 1.363789 268.938309 0.251657 7.736701 10.609634 397.854208 9.920305
356 -4.661618 0.187449 12.451696 12.539088 483.513536 0.343358 30.489770 0.460322 187.619566 3.904243
356 -4.270328 0.200764 -11.216077 14.188742 351.011623 0.321728 -16.499075 1.337301 260.732583 3.121665
356 -6.021434 0.719493 -2.022841 2.162045 282.620491 0.334520 13.027305 5.300859 236.981067 6.623875
356 -5.396916 0.500474 -79.804881 9.197828 354.157421 0.776846 -1.083031 0.936893 239.493914 5.374839
356 -3.875049 0.341112 -15.762918 9.692347 82.501908 0.356117 -2.971106 0.875276 267.058478 2.331105
357 -4.075318 0.542239 -18.322886 10.797559 96.427207 0.734185 11.298263 0.149360 223.870999 2.731643
357 -4.073628 0.576330 -2.122189 0.389103 225.558898 0.391413 -80.939911 11.830746 283.023873 2.728263
357 -5.744170 0.403971 -40.288125 5.807575 465.111954 0.728857 21.105054 3.801717 202.597430 6.069347
357 -3.612832 0.566145 30.474578 0.312456 183.593765 0.551275 -21.658383 13.117345 443.961143 1.806671
357 -6.560232 0.547029 -9.004603 1.637626 268.306162 0.235239 6.095844 10.417792 389.962126 7.701471
357 -3.832933 0.182002 15.274223 12.595355 466.753376 0.318152 28.839293 0.421257 185.915723 2.246874
357 -4.411433 0.090852 -19.042528 13.661751 295.437534 0.256589 -7.456390 1.560433 296.715942 3.403873
357 -6.221641 0.746278 17.571693 0.306412 222.508033 0.345854 -1.030183 6.184238 257.169153 7.024290
357 -5.585054 0.370313 -77.241401 9.466954 422.465268 0.662476 1.332216 2.614533 283.757222 5.751116
357 -4.022132 0.415575 -23.712189 10.895459 82.100020 0.350483 -14.880577 1.043217 267.458971 2.625271
358 -3.802977 0.538278 -16.851212 10.437346 115.875267 0.737123 5.648308 0.075222 219.634072 2.186963
358 -5.614975 0.687519 -70.440810 11.075011 67.359301 0.388899 -5.435565 1.980653 320.390414 5.810957
358 -8.376460 0.438535 -36.040666 5.421232 457.015889 0.713202 11.638172 4.738401 202.074765 11.333927
358 -3.372855 0.499776 32.121180 0.163784 167.357231 0.528551 -18.903067 13.943841 496.873866 1.326717
358 -5.949139 0.536938 -25.529139 2.649762 304.017203 0.175038 13.982531 10.078800 375.828130 6.479285
358 -4.062537 0.177153 15.857494 12.809735 464.339371 0.306912 28.627311 0.329122 183.725894 2.706082
358 -5.440295 0.117653 -68.099777 11.265920 277.163938 0.494782 -4.596506 2.789491 337.813419 5.461598
358 -7.744520 0.557089 13.047929 6.630630 190.101226 0.163156 7.055353 2.847501 363.040870 10.070048
358 -5.261356 0.462427 66.735548 9.257507 303.529537 0.730327 -13.917019 1.866789 289.214676 5.103720
358 -4.581462 0.574727 -16.207259 10.310595 49.220188 0.474967 -8.627500 0.880320 273.871812 3.743931
359 -3.843143 0.515839 -20.211129 10.069292 94.758051 0.740767 11.217391 0.224716 213.024782 2.267294
359 -5.036281 0.712219 -70.962706 11.066558 67.010410 0.374734 -4.229253 1.763757 313.751481 4.653570
359 -5.980864 0.056204 1.338031 11.393855 177.510867 0.323418 1.208164 2.242337 331.276976 6.542735
359 -3.729819 0.501945 27.508187 0.336043 170.864076 0.509514 -16.453507 13.706563 498.193003 2.040646
359 -6.691847 0.625257 -15.553510 2.767006 310.997934 0.185479 15.287314 9.031362 363.475819 7.964701
359 -3.728922 0.255909 6.451769 12.716695 468.377102 0.289509 32.345120 0.364705 183.867986 2.038851
359 -6.701452 0.093133 -63.839641 10.967064 307.662590 0.395290 -5.330099 3.099325 362.268527 7.983911
359 -4.134925 0.629998 -3.261767 0.546617 182.587007 0.071803 -0.196016 8.494223 458.822037 2.850857
359 -4.062491 0.575517 -55.846937 9.936176 438.622125 0.626674 12.269157 0.586187 200.274034 2.705989
359 -3.356098 0.552165 -14.147450 10.560910 76.628172 0.430201 10.392529 0.483560 232.931677 1.293204
360 -3.572350 0.477808 -12.490472 9.832762 90.239448 0.726720 11.072789 0.148454 211.229124 1.725708
360 -5.523003 0.705623 -71.386123 11.702972 96.115079 0.388303 -0.916403 1.486209 295.865367 5.627014
360 -5.011267 0.038818 4.188523 10.217779 138.221502 0.301501 -10.353510 1.531158 312.234291 4.603542
360 -3.442941 0.527841 25.586338 0.047602 164.484826 0.584127 -16.143662 13.387027 459.859038 1.466890
360 -6.400806 0.575251 -26.231624 2.320360 289.953805 0.204577 13.665393 9.576783 379.445341 7.382620
360 -4.270712 0.246757 -0.156000 12.558306 470.401898 0.305371 29.273879 0.298268 181.550343 3.122431
360 -5.438843 0.156000 -66.910917 8.058290 401.396311 0.440147 -10.770127 3.420494 317.508357 5.458693
360 -4.873550 0.608382 -0.478042 0.298711 179.463481 0.043599 45.379765 3.273962 289.763213 4.328107
360 -4.113207 0.542562 -62.107907 10.412560 449.576371 0.652416 3.452586 0.766724 204.238367 2.807421
360 -3.205137 0.537783 -6.262146 13.307899 58.864420 0.303203 2.336571 0.818360 255.550974 0.991281
361 -3.575208 0.523332 -16.394787 8.162555 54.020027 0.661293 -3.512028 0.380997 231.422919 1.731423
361 -3.573926 0.261538 -65.569045 7.976520 128.277881 0.116633 1.081542 1.393043 297.140476 1.728859
361 -5.164754 0.133172 19.266350 10.058127 31.694444 0.293853 -6.125759 1.300708 304.525480 4.910515
361 -3.760582 0.530666 23.877701 0.137969 168.461837 0.583944 -16.556900 13.311827 460.214092 2.102172
361 -6.721433 0.623181 -34.410702 1.915636 262.894568 0.211030 -10.522702 11.140358 389.122565 8.023873
361 -3.458645 0.242955 -0.370379 12.032837 499.364480 0.097046 30.641939 0.543070 185.891016 1.498297
361 -10.011949 0.143301 54.630115 2.138012 368.002195 0.349571 69.201022 14.623247 181.597197 14.604906
361 -4.162122 0.606303 -7.588436 0.929512 200.679838 0.001256 43.230150 3.116753 289.078686 2.905251
361 -3.850738 0.608725 -59.611974 10.678598 447.038699 0.581278 8.545967 0.754549 202.111279 2.282484
361 -3.577898 0.560254 -13.970011 13.057301 44.070594 0.378415 -7.955466 0.643933 242.119433 1.736805
362 -4.456601 0.494623 -21.394167 8.106806 55.453244 0.654002 -6.557725 0.377688 243.699047 3.494209
362 -3.316224 0.240400 -67.200261 7.533897 109.242783 0.141914 5.516435 1.286676 290.924023 1.213455
362 -3.238026 0.594879 45.507654 12.989382 106.318497 0.195840 -2.775008 1.234023 285.562437 1.057060
362 -3.192777 0.516777 27.794106 0.045890 162.703410 0.523376 -10.851240 11.885285 439.369970 0.966561
362 -9.542023 0.566130 -46.459890 0.998702 231.983143 0.235366 -15.110310 9.189061 351.874023 13.665054
362 -3.951151 0.225614 -11.477039 10.237029 45.412165 0.212496 0.434838 1.118977 285.954345 2.483309
362 -9.262536 0.378813 8.173828 3.831302 426.584685 0.618934 47.641069 14.394457 112.676050 13.106079
362 -3.541482 0.595720 -1.104969 0.594896 176.751089 0.033726 42.176514 3.348353 297.127736 1.663971
362 -4.068468 0.586946 -43.769263 11.494191 474.380858 0.642168 8.751535 0.671280 182.663805 2.717943
362 -3.579309 0.532012 -12.393841 13.342923 12.057069 0.435750 -5.843821 0.718788 253.479377 1.739625
363 -4.133994 0.539208 -53.808983 6.809412 27.234025 0.618679 -8.829654 0.115419 218.578983 2.848995
363 -3.242943 0.777603 79.755982 5.748529 72.670985 0.188827 3.905350 1.278049 290.987322 1.066894
363 -3.378475 0.631895 41.525211 13.109082 108.754891 0.173121 2.837307 1.198424 286.502721 1.337958
363 -3.520132 0.386335 -1.763710 1.132993 263.929631 0.391387 -62.878694 2.032304 120.365522 1.621271
363 -8.326791 0.608375 -39.122150 0.984723 237.347503 0.219624 -11.899328 9.581741 350.975052 11.234589
363 -5.401966 0.471126 4.536269 1.562027 111.291234 0.139999 15.294861 1.259603 281.641413 5.384940
363 -7.076880 0.542666 -29.674949 4.235915 421.741199 0.745119 54.699989 13.913253 140.913416 8.734767
363 -4.431582 0.622451 -2.385607 0.138817 167.754032 0.069942 40.740887 3.409935 296.835371 3.444171
363 -4.063965 0.535281 -41.837498 8.937359 494.098118 0.606222 20.865358 0.927449 172.841387 2.708938
363 -3.520652 0.557511 -9.521387 12.889040 21.423106 0.468710 -4.488902 0.790983 254.371514 1.622312
364 -4.735544 0.673953 -54.118121 5.072196 29.688954 0.583268 8.927752 0.497666 250.960565 4.052095
364 -4.188563 0.759917 -86.493756 6.421031 71.090043 0.155030 12.192970 1.394104 303.288734 2.958133
364 -3.277478 0.645551 51.640193 13.342873 101.756131 0.165775 2.403939 1.190472 285.870922 1.135963
364 -3.973307 0.420064 -0.569579 0.706216 250.238367 0.406801 -61.143498 2.677438 103.991649 2.527622
364 -8.201732 0.630882 -39.030839 1.128530 239.417080 0.256981 -26.145546 9.975401 345.949256 10.984472
364 -3.599747 0.362887 2.079760 0.223399 164.657679 0.273556 -14.965143 2.233984 234.359434 1.780502
364 -6.808662 0.545919 -26.674863 4.134670 423.695599 0.725214 54.142661 14.004926 136.320007 8.198331
364 -3.627407 0.657603 -8.953284 0.020399 172.065611 0.158180 46.512547 6.522714 326.786596 1.835822
364 -4.267266 0.565189 -39.641846 9.243893 498.424231 0.618757 19.433968 0.976824 174.929925 3.115540
364 -4.162184 0.638821 1.740830 0.097383 215.701719 0.464568 -50.937895 12.605907 218.399238 2.905376
365 -4.363494 0.659993 -44.141443 4.755274 27.996174 0.597589 8.437048 0.416085 243.241080 3.307995
365 -6.278359 0.752075 -76.839981 5.846672 61.327957 0.173284 15.748078 1.351429 305.631540 7.137725
365 -5.061861 0.717006 17.581778 0.294506 129.372464 0.340111 -6.202026 0.621478 221.290380 4.704730
365 -5.651005 0.418810 11.485953 0.995753 272.578684 0.439643 -50.481543 4.000375 150.421256 5.883018
365 -3.761818 0.728340 31.253887 0.061479 179.963310 0.267779 -41.952219 3.700277 241.138067 2.104643
365 -3.517210 0.416526 -1.268790 0.697415 227.553389 0.223169 -5.793331 6.046973 239.261857 1.615428
365 -5.874349 0.607624 -21.014989 4.647719 437.777439 0.739075 62.166167 14.729318 106.031202 6.329706
365 -3.618348 0.656945 -9.381622 0.071567 173.858497 0.160279 46.912661 6.508032 326.520846 1.817704
365 -4.438571 0.601291 -42.388887 8.580939 480.928611 0.623689 23.404869 1.199310 189.108635 3.458150
365 -3.393311 0.646747 -0.379320 0.144508 202.198923 0.442074 -53.032043 12.155083 226.239851 1.367629
366 -4.771867 0.549735 -63.286046 5.242232 60.937831 0.596139 -10.057039 0.905144 277.380527 4.124742
366 -4.651144 0.741147 -75.179007 5.508084 45.036766 0.157277 13.100628 1.430828 308.098774 3.883296
366 -3.702960 0.747623 8.737508 11.207402 127.827163 0.256260 -10.256633 1.104470 276.156567 1.986928
366 -4.588722 0.443313 -17.944306 0.850857 229.516330 0.042239 25.294232 8.854586 335.394393 3.758452
366 -4.280339 0.614788 -11.153884 0.016298 208.225960 0.358046 85.657710 5.298312 79.090069 3.141685
366 -3.520241 0.442132 3.783314 0.614802 216.458291 0.213719 -4.823724 6.316092 237.027865 1.621490
366 -5.935037 0.620749 -23.973711 4.652484 414.769352 0.601601 8.737561 4.912821 152.562925 6.451082
366 -3.611136 0.682665 6.277987 0.166940 195.859765 0.692369 23.321098 3.988279 154.645522 1.803280
366 -5.109813 0.558613 -45.809532 8.440660 467.090270 0.668487 21.120824 1.010827 203.952190 4.800634
366 -3.459981 0.659879 0.139912 0.143589 200.722601 0.470104 -51.787940 11.921669 218.875562 1.500969
367 -3.691506 0.647703 87.404860 5.976089 47.853728 0.486610 -6.963831 0.658209 249.640753 1.964020
367 -3.496169 0.727466 -79.506259 3.527120 57.640125 0.179456 9.860726 1.304163 294.087394 1.573346
367 -4.355690 0.725433 -8.004526 11.279192 68.781527 0.247501 -16.250213 1.875753 323.725100 3.292388
367 -4.837898 0.661610 -3.927620 0.935533 276.343664 0.771326 81.179430 9.756222 203.500457 4.256803
367 -3.406578 0.549343 -1.387061 0.469832 235.116680 0.386426 77.084617 2.403956 37.129485 1.394164
367 -5.473407 0.488445 -28.325519 1.130259 254.311654 0.044192 63.695300 8.048632 245.912763 5.527822
367 -6.201688 0.641652 -26.462204 3.832424 389.406638 0.619390 17.666509 5.325127 130.856162 6.984383
367 -3.656093 0.635344 9.688802 0.140929 204.626166 0.723082 20.260527 4.640249 147.546432 1.893193
367 -6.900656 0.331604 -0.332489 5.682704 487.131457 0.758756 -9.280576 10.764657 204.652316 8.382320
367 -3.377322 0.667159 0.436069 0.122510 201.313132 0.454907 -51.669962 11.859062 216.008972 1.335652
368 -4.142200 0.625354 89.332058 6.300630 38.020152 0.492441 -15.434501 0.990209 264.450229 2.865408
368 -3.572432 0.727481 -80.049211 3.580696 58.249610 0.177666 9.573162 1.297790 294.279211 1.725871
368 -3.936101 0.686114 -0.108653 13.349608 70.352409 0.229412 -13.895842 1.631350 310.829220 2.453209
368 -5.970911 0.784276 -0.236692 2.609679 321.654577 0.105374 -70.443711 9.900986 220.901445 6.522830
368 -3.470111 0.583675 1.985292 0.494859 234.449532 0.326383 71.657728 2.286007 33.995552 1.521230
368 -8.457541 0.464543 -29.213516 1.162789 274.642278 0.043166 59.034554 8.912802 251.276013 11.496090
368 -6.187929 0.509641 -12.141399 5.952344 492.588241 0.617632 25.430806 7.070929 134.557115 6.956866
368 -3.985290 0.709014 9.539833 0.053356 187.335368 0.715287 27.081583 4.326936 203.747474 2.551587
368 -5.868193 0.291141 1.435634 5.037185 457.204183 0.690619 -29.764920 11.578215 249.918691 6.317394
368 -3.395796 0.671332 0.843794 0.035752 197.969667 0.465243 -51.338538 11.830615 215.819605 1.372600
369 -4.377690 0.602151 82.553620 6.920701 44.308954 0.494377 -18.968109 0.447022 230.265661 3.336387
369 -4.031650 0.731546 87.606425 3.867489 53.560221 0.163948 11.422030 1.289884 295.842452 2.644308
369 -4.914221 0.612961 -11.093395 1.600270 211.331640 0.086689 -28.845009 3.811319 309.216055 4.409450
369 -5.771200 0.765141 -19.950482 2.060384 306.506479 0.126336 -69.721288 9.602232 208.767675 6.123407
369 -3.866208 0.636740 -4.738436 0.407471 240.070303 0.388167 58.593527 1.768333 13.840638 2.313424
369 -4.809758 0.652912 29.321696 0.372447 218.159645 0.619689 -43.266506 5.196604 222.135315 4.200523
369 -6.615276 0.600193 -21.965937 6.030389 478.546894 0.459829 -1.799481 9.531054 188.799569 7.811559
369 -4.011951 0.711232 7.717721 0.113526 194.986914 0.696363 27.399711 4.533508 200.701978 2.604909
369 -7.409155 0.352283 6.110626 4.255876 412.551406 0.021078 -54.054559 12.699230 319.030521 9.399318
369 -3.436799 0.664846 -0.900101 0.076124 200.561618 0.458888 -52.459979 11.842414 223.039098 1.454605
370 -4.259696 0.660195 73.735008 9.459610 49.421962 0.622798 -8.755731 0.705281 261.555672 3.100399
370 -3.499797 0.710984 89.711200 4.036202 45.447571 0.172354 11.644287 1.264435 291.679221 1.580602
370 -4.300734 0.573948 -12.375569 1.002554 197.907044 0.049674 -44.322614 4.882936 353.783391 3.182476
370 -6.432453 0.479673 -13.834199 2.608929 278.067428 0.369839 39.156199 6.789913 370.943300 7.445914
370 -4.923597 0.637820 -13.795525 0.139975 225.173117 0.420027 72.611357 2.279103 16.634116 4.428201
370 -4.462356 0.701903 29.022516 0.063795 203.232636 0.645428 -33.538354 7.095178 234.187649 3.505720
370 -5.571001 0.609211 9.591222 11.106574 159.269923 0.257458 -4.322417 2.531086 355.311873 5.723009
370 -3.504743 0.619532 -3.457803 0.139116 195.226018 0.519364 35.988182 4.426063 213.969421 1.590494
370 -5.671023 0.174963 -5.114498 3.443162 424.353505 0.104103 56.728073 7.868386 21.409251 5.923054
370 -4.655285 0.633646 -1.681699 0.386075 215.381954 0.590810 -43.012915 12.534506 202.018942 3.891578
371 -4.636051 0.703306 -73.715119 12.174817 74.450638 0.651476 -12.890568 1.179171 264.179432 3.853109
371 -3.649138 0.757328 81.469256 6.272928 28.493335 0.098933 -3.750663 1.561930 314.279978 1.879283
371 -6.463807 0.643507 -37.099365 1.694307 153.449398 0.656629 -25.258991 4.489098 367.316627 7.508621
371 -4.944382 0.486568 -20.649806 1.047651 237.431873 0.446541 -6.299693 14.341162 418.828236 4.469772
371 -5.492859 0.573037 -25.445183 0.364148 234.415858 0.400305 69.926238 1.592627 44.708789 5.566725
371 -4.035406 0.143639 -78.495436 2.715256 190.594878 0.682065 -15.617942 0.502542 206.147017 2.651820
371 -7.088419 0.740335 -2.531162 13.163127 112.012163 0.311705 -16.945887 2.270285 361.830261 8.757846
371 -3.437174 0.631586 -8.014024 0.048503 186.061946 0.517260 29.698922 4.234714 209.127955 1.455355
371 -5.952108 0.182108 -9.366222 3.522254 429.571770 0.113442 49.508603 8.549867 56.640398 6.485224
371 -4.124445 0.643850 12.090792 0.433984 231.374841 0.616315 -43.683260 13.462219 244.292064 2.829898
372 -4.190968 0.572610 -60.219953 14.291964 64.513725 0.605118 -11.917742 0.833285 263.617431 2.962944
372 -3.724355 0.742309 84.149067 6.416326 27.892036 0.099893 -6.173331 1.650466 320.364615 2.029717
372 -6.537841 0.658894 -35.097972 0.798778 167.152241 0.637228 -18.399496 4.896925 351.544751 7.656690
372 -4.724001 0.482773 -14.623946 0.871300 233.577517 0.436525 -5.515617 14.210783 413.945954 4.029009
372 -4.262770 0.540990 -17.942167 0.755891 248.255843 0.486648 54.074482 2.177232 42.238363 3.106548
372 -3.897681 0.362039 85.519949 3.097363 168.599260 0.713216 -7.784565 0.044828 196.490060 2.376369
372 -4.968435 0.047307 13.058105 12.294968 122.565279 0.325334 -5.126449 1.866684 319.012678 4.517878
372 -4.815600 0.571997 -0.652671 2.266815 285.547325 0.433440 -62.414996 3.524275 241.326811 4.212208
372 -7.046591 0.217415 -28.382136 3.519719 424.631032 0.099693 70.332484 9.761717 65.462795 8.674189
372 -5.174788 0.671917 -2.888538 1.005166 251.496644 0.623092 -47.238247 11.978004 237.254504 4.930583
373 -3.939546 0.579468 -46.876790 13.505016 57.402927 0.499285 -1.670193 0.786010 263.190722 2.460099
373 -3.658576 0.745416 88.194387 6.605060 30.371035 0.106264 -4.618219 1.562877 313.098400 1.898160
373 -7.866975 0.643052 -52.005267 2.292805 201.166809 0.493424 -17.345500 2.959023 313.539016 10.314958
373 -6.332210 0.393442 -1.952230 1.148658 229.944910 0.285747 -27.329374 14.397780 428.480893 7.245428
373 -4.287746 0.566027 -13.463464 0.868594 254.164080 0.520462 48.180282 1.831964 10.992952 3.156499
373 -4.244058 0.490695 13.416047 13.382753 121.509328 0.382870 -1.384343 0.439630 238.903129 3.069123
373 -4.880851 0.024414 11.140185 12.311595 120.384988 0.324955 -5.956827 1.859205 315.528939 4.342710
373 -4.987000 0.642650 -2.600654 0.876874 276.129657 0.374916 -86.114521 14.652873 125.471313 4.555008
373 -6.849007 0.135995 -26.782668 3.736363 444.821120 0.170641 81.048470 8.390057 43.813707 8.279021
373 -4.502010 0.693797 5.638242 0.665706 252.093357 0.630270 -66.213104 12.209453 277.425454 3.585027
374 -5.110661 0.606897 -37.150058 12.736525 30.245017 0.447416 -5.455612 1.056131 267.224055 4.802330
374 -3.649790 0.026753 82.619309 6.652108 20.274985 0.122419 -4.610381 1.466108 305.334506 1.880587
374 -5.445599 0.534808 -25.775696 3.719562 194.390519 0.453706 -8.447409 3.794184 366.246935 5.472206
374 -4.327009 0.508377 -2.007058 0.551145 198.518340 0.300450 -38.916348 13.833339 435.508112 3.235025
374 -4.406264 0.642916 -13.965379 0.148771 212.053990 0.476255 8.350626 14.732049 79.804115 3.393535
374 -3.382790 0.574067 8.194104 13.559631 113.717363 0.420643 -1.368762 0.481123 227.677190 1.346588
374 -7.017882 0.047823 21.320439 10.915649 72.241161 0.334494 -19.935976 1.519173 319.446995 8.616772
374 -4.439558 0.426611 -9.665052 1.160805 280.958665 0.439535 -39.872220 11.134404 180.867565 3.460123
374 -6.974846 0.142381 -25.001006 3.719176 445.612564 0.148626 82.872530 7.672507 21.894577 8.530700
374 -3.456536 0.675167 3.608276 0.669034 179.904000 0.004632 -3.384528 1.135932 199.539516 1.494080
375 -4.225575 0.531463 -38.057457 10.845886 15.029981 0.475418 -2.255135 0.565835 252.202071 3.032158
375 -3.607755 0.049804 80.580252 6.573596 25.137198 0.122695 -3.741106 1.457597 307.453247 1.796518
375 -5.288328 0.668881 -47.473407 6.533006 262.854557 0.366908 6.646831 3.928974 384.409730 5.157664
375 -4.706414 0.454335 3.183538 0.908384 226.895746 0.332181 -21.228021 13.601012 467.695807 3.993836
375 -5.192737 0.634843 -15.583798 0.035635 207.417175 0.477001 8.015214 0.123306 75.641320 4.966481
375 -4.482682 0.495469 45.196265 12.781769 10.322227 0.333138 -3.358876 0.973802 279.919261 3.546372
375 -5.345995 0.141649 1.614758 10.295254 106.825003 0.388967 -20.134840 2.166950 336.371472 5.272998
375 -4.412666 0.471386 -13.312894 1.381711 280.689049 0.339613 -37.809120 9.694771 164.180514 3.406339
375 -4.607219 0.082614 -13.654452 4.037046 461.290823 0.100017 73.807659 6.171653 56.409284 3.795445
375 -4.335649 0.658321 4.180691 0.366985 187.769762 0.716363 -17.228416 1.745746 210.548663 3.252305
376 -10.374815 0.210929 -19.150276 6.862530 106.281435 0.202634 -14.069646 3.131956 418.942094 15.330637
376 -4.013468 0.063772 77.021799 6.340837 27.193652 0.125979 -3.783698 1.669787 324.043898 2.607943
376 -5.395417 0.688844 -67.893788 7.111680 199.895202 0.369261 -10.848291 3.540325 389.704261 5.371841
376 -6.106751 0.607830 -13.858740 1.896417 253.342174 0.361413 -25.201567 14.063474 499.593838 6.794509
376 -4.175157 0.648347 -14.726875 0.761870 226.439178 0.402563 8.409419 0.026884 76.470516 2.931322
376 -3.776873 0.450181 41.450037 1.841236 21.182812 0.282316 -7.401032 1.125840 283.295573 2.134754
376 -5.087660 0.130454 -3.188660 10.040844 127.453648 0.416670 -14.474084 2.372776 337.611995 4.756327
376 -4.216981 0.566988 -12.231563 1.069911 267.093816 0.425199 -65.307048 8.211140 142.154276 3.014970
376 -4.248126 0.062616 -15.352795 3.820393 451.431926 0.119875 66.734103 6.058596 55.812798 3.077260
376 -4.172877 0.483927 -3.767538 0.965630 270.263884 0.679266 -5.823386 2.687407 71.190522 2.926762
377 -6.086980 0.544482 2.038483 5.488821 449.864510 0.371285 -48.484979 8.645820 241.156152 6.754968
377 -3.720373 0.127026 85.524867 6.012718 33.990064 0.145052 -4.748628 1.927527 338.852220 2.021754
377 -6.848338 0.643222 -60.174593 8.323199 270.991923 0.360690 -11.949944 1.857946 305.703745 8.277683
377 -5.716989 0.588907 -24.468771 2.024434 316.297123 0.348024 -22.729278 2.395084 36.474386 6.014985
377 -5.259924 0.334706 -0.046832 0.618717 258.994250 0.185438 -61.865287 6.047421 19.033699 5.100855
377 -6.331976 0.563404 57.271750 3.621447 39.834291 0.734151 -28.399234 2.690252 342.139028 7.244959
377 -6.026760 0.703041 -26.835210 8.484466 86.009726 0.640232 -5.971618 0.999873 294.831388 6.634527
377 -4.338861 0.536929 -5.247739 0.323616 215.359040 0.424910 -53.688054 8.300132 58.911455 3.258730
377 -5.997291 0.093861 -24.366759 4.007317 460.551052 0.147911 71.954796 5.599570 49.458611 6.575589
377 -4.498750 0.448939 -11.074926 0.912009 267.461665 0.716398 -9.273365 2.726358 85.690495 3.578507
378 -7.270746 0.581674 2.816069 5.593740 453.823901 0.363810 -46.523419 8.039951 235.190670 9.122499
378 -4.480591 0.113485 84.911994 6.224916 41.961803 0.130181 1.628919 1.694257 327.124455 3.542190
378 -4.180864 0.508245 -86.241560 6.360441 105.191300 0.435706 -12.968566 1.328455 281.540984 2.942736
378 -6.297694 0.585621 -21.716049 1.510383 310.301472 0.331472 -22.333668 2.602009 32.476551 7.176397
378 -3.525804 0.331089 -6.934306 1.121237 276.712699 0.216683 -45.639613 6.187088 13.477824 1.632615
378 -5.846340 0.557771 60.292036 3.064858 56.418170 0.712269 -19.363743 2.726738 350.333165 6.273688
378 -4.421807 0.485278 -35.839783 7.761950 140.800279 0.755547 -18.395053 0.571691 238.338437 3.424622
378 -3.656695 0.603614 -3.876152 0.022228 201.843422 0.396291 -60.702390 7.132418 105.952850 1.894397
378 -5.684643 0.098512 -24.919866 3.969654 456.738039 0.135582 69.373789 5.939683 44.769745 5.950294
378 -5.603114 0.428105 -18.546910 1.320795 289.800178 0.740675 -14.140224 3.847235 125.526701 5.787236
379 -4.981402 0.582403 -23.200281 0.092565 178.947833 0.241202 18.782039 12.485439 460.651860 4.543812
379 -6.127673 0.223267 -18.796932 9.212667 454.813099 0.048506 -47.501239 3.286248 312.076750 6.836354
379 -4.208455 0.511389 -86.459162 6.422350 105.754086 0.435984 -13.417581 1.338489 286.753236 2.997917
379 -6.823029 0.603257 -21.287040 2.008285 307.653848 0.422273 45.775712 4.071308 224.561512 8.227066
379 -3.554263 0.336770 -4.914905 1.089173 278.901516 0.222206 -43.588897 6.401248 16.337698 1.689533
379 -5.370499 0.583336 79.309192 2.875264 70.742064 0.705365 -13.785455 2.835920 349.004987 5.322005
379 -4.247107 0.491185 -34.851732 7.803994 149.071920 0.768718 -17.271235 0.652799 234.974515 3.075221
379 -5.173827 0.381697 -17.104684 2.221262 336.694815 0.314667 32.018595 7.501054 140.228532 4.928661
379 -5.252223 0.098523 -22.546271 3.931643 454.552674 0.149109 70.154072 5.597142 37.101467 5.085454
379 -4.822178 0.445996 -9.866246 1.544934 301.295849 0.025271 -42.738976 14.263535 184.676420 4.225363
380 -3.616785 0.574264 5.045476 0.235207 175.474102 0.248433 32.046976 12.235267 464.256809 1.814577
380 -5.897873 0.227723 -18.358017 9.278494 461.764313 0.040566 -47.776397 3.874875 330.559449 6.376753
380 -7.609113 0.723522 -33.995837 5.091798 414.219002 0.145890 -58.496388 3.656772 163.946235 9.799234
380 -3.324317 0.353224 5.206126 0.788733 235.134321 0.580595 -31.822495 2.257130 141.810024 1.229643
380 -3.715847 0.438044 -6.960320 0.368675 220.189078 0.265156 -76.133664 7.920766 117.924100 2.012702
380 -6.140215 0.623963 77.870272 2.582960 59.994486 0.721138 -0.338062 2.832708 349.628787 6.861438
380 -4.431010 0.476570 -23.728637 8.268644 139.804523 0.692312 -13.803075 0.285647 223.005193 3.443027
380 -5.437195 0.431425 -19.166017 2.396885 339.396724 0.226459 19.023096 9.864407 178.328476 5.455399
380 -5.217039 0.180793 -4.461439 2.921962 387.418172 0.153821 -68.648280 5.949587 71.752400 5.015085
380 -7.400487 0.408661 -2.093376 2.208370 352.746356 0.695312 -59.713376 12.730004 103.146291 9.381981
381 -4.086339 0.629899 2.655867 0.448210 205.779714 0.230720 49.902120 13.793852 443.090108 2.753685
381 -5.678435 0.669343 88.769187 12.807180 61.944415 0.269791 -13.087722 5.231548 499.135219 5.937878
381 -5.098095 0.304872 -10.286614 2.524826 355.703605 0.696642 70.680307 14.431996 255.135844 4.777198
381 -3.322138 0.570634 -0.144396 0.170461 212.247261 0.420465 14.424260 1.503684 32.811615 1.225283
381 -3.419640 0.384001 -1.292800 0.604564 240.650693 0.253902 -68.005067 7.990606 135.829058 1.420288
381 -6.357839 0.622346 78.122991 2.574092 58.335501 0.726324 -0.422349 2.701114 347.578553 7.296685
381 -4.153118 0.438439 -35.813011 8.139755 147.958166 0.622435 -8.353520 0.272314 223.522043 2.887243
381 -5.586138 0.508028 -17.609454 3.785976 394.715192 0.054648 19.595004 9.118887 181.659846 5.753284
381 -6.994796 0.144649 2.232987 2.645038 375.716781 0.160508 -62.125074 6.494050 84.290434 8.570599
381 -7.067067 0.310956 -9.127888 2.169330 361.946020 0.714144 -1.217001 10.643496 26.187508 8.715141
382 -4.122691 0.650540 -1.259271 0.472287 211.940615 0.327884 65.338084 14.564057 465.827373 2.826390
382 -6.730900 0.648830 89.546514 12.877427 73.322949 0.252665 -12.982233 4.966064 492.634394 8.042808
382 -5.180758 0.324485 -9.728456 2.719255 362.299514 0.633687 72.118217 14.277920 260.651040 4.942524
382 -3.444011 0.549702 -1.813142 0.184647 210.957677 0.386283 16.887512 1.049334 27.804090 1.469029
382 -5.822982 0.391496 4.253287 0.470916 247.152426 0.233493 -66.445350 9.665251 139.818538 6.226971
382 -5.712861 0.641629 47.673294 4.333190 91.530193 0.766179 -7.784878 4.363456 405.335440 6.006729
382 -5.168992 0.437135 -81.779496 7.227182 33.357094 0.763082 -26.055476 0.406425 239.836717 4.918991
382 -5.596724 0.524640 -6.323356 3.834490 393.906616 0.000406 6.542686 6.838838 172.726574 5.774456
382 -8.285245 0.119189 1.641551 2.388531 377.719053 0.152751 -71.282206 6.652887 83.241811 11.151498
382 -4.872302 0.314668 -9.687465 1.294124 282.748715 0.703306 3.952873 10.933427 22.350583 4.325611
383 -3.960280 0.635781 -4.672447 0.076367 190.163576 0.314598 59.437039 13.877732 434.782471 2.501568
383 -5.746768 0.666287 86.075402 12.940115 96.504733 0.233613 -13.757199 4.768333 481.651072 6.074544
383 -3.648799 0.202157 2.998665 12.907288 46.047195 0.532209 14.922243 0.251224 220.422329 1.878605
383 -3.656258 0.526146 0.375639 0.053990 205.516890 0.367233 9.611889 1.058384 13.410362 1.893523
383 -3.500403 0.363240 -4.552626 0.957939 261.067489 0.198727 -74.613079 8.647164 87.670923 1.581813
383 -6.892840 0.495255 19.004230 6.866497 187.066415 0.763473 4.411871 3.377833 349.959614 8.366687
383 -6.133460 0.538713 -69.703469 9.014962 24.995674 0.763733 -24.580494 0.733101 268.100202 6.847927
383 -5.860145 0.656566 -3.570178 2.251600 315.577610 0.026282 -0.200871 4.437323 155.349194 6.301297
383 -5.745381 0.132072 0.688260 2.485716 378.240234 0.154021 -79.374917 6.841855 82.366301 6.071769
383 -4.535275 0.372533 -14.653943 0.853041 265.745286 0.745299 21.231978 11.889779 53.114945 3.651559
384 -3.439482 0.634516 -5.353066 0.074792 178.404141 0.286942 54.618782 13.668070 455.349418 1.459972
384 -8.060851 0.652052 85.137362 12.626698 86.803898 0.205512 -25.363649 4.940976 496.986386 10.702710
384 -5.099167 0.198870 12.632229 13.042211 52.192301 0.588412 14.550202 0.295073 237.466144 4.779341
384 -3.334250 0.541106 1.900144 0.188000 211.788882 0.444271 20.817132 2.635470 33.711077 1.249508
384 -4.562470 0.306015 -1.591137 0.768334 264.075336 0.176665 -75.062689 12.728644 96.809742 3.705947
384 -6.652732 0.333566 -23.265213 6.989945 384.643885 0.170885 -28.665913 2.410584 272.547957 7.886471
384 -3.989257 0.505334 24.328581 13.270032 236.114019 0.557937 -9.763354 0.677221 244.460357 2.559522
384 -7.147521 0.619208 -0.127110 1.709368 285.131548 0.109939 45.926428 7.583098 279.252804 8.876050
384 -6.731235 0.749068 -24.730511 2.728846 314.069501 0.799532 -59.877540 1.586416 125.430166 8.043477
384 -4.013818 0.342173 -15.270036 1.075890 272.999751 0.708127 5.613333 13.163199 65.325958 2.608644
385 -4.114584 0.743367 -11.557965 0.285196 202.478493 0.029077 51.890293 12.681958 393.036476 2.810176
385 -5.875473 0.148968 -38.490125 6.185221 235.196361 0.316679 -11.317042 1.813307 307.762238 6.331953
385 -3.914326 0.197340 12.563536 12.948137 49.628744 0.602463 11.213977 0.301485 228.870832 2.409659
385 -3.263264 0.533940 4.607349 0.376584 224.178844 0.462454 18.385904 2.759224 46.393798 1.107536
385 -4.115172 0.321940 -1.341950 0.687667 256.195852 0.207902 -75.016366 12.457346 91.705614 2.811352
385 -5.466892 0.311495 13.170267 7.918960 336.281685 0.139290 -28.783450 1.691670 280.745324 5.514792
385 -4.423717 0.530335 25.791144 12.392558 216.945308 0.565912 -14.450969 0.331201 210.013224 3.428442
385 -5.161062 0.760829 -48.118593 8.856947 202.696725 0.245579 -8.838160 2.958614 367.999752 4.903132
385 -6.150921 0.721926 -22.747149 2.778264 325.799024 0.779131 -52.960601 2.842817 122.741452 6.882851
385 -4.082491 0.387048 -13.541163 1.347315 290.676719 0.765631 -13.820132 13.698188 22.856621 2.745990
386 -4.420158 0.738546 -9.621743 0.630506 197.444902 0.047450 69.019666 12.063010 420.132215 3.421324
386 -5.301743 0.132963 -35.855819 6.209764 231.954977 0.322280 -14.605457 1.753198 300.306144 5.184494
386 -3.784787 0.180785 10.508650 11.700240 72.647486 0.577384 9.800042 0.422468 231.442490 2.150582
386 -4.955145 0.526665 -8.830262 1.459393 299.691811 0.440774 39.056673 3.122557 29.523185 4.491298
386 -3.246773 0.303690 0.072648 0.762673 250.672774 0.200978 -73.200427 12.109101 88.472675 1.074553
386 -5.047407 0.458132 10.381885 8.872860 327.110254 0.159603 -39.898547 2.409092 322.121532 4.675822
386 -5.003304 0.580247 -12.001700 11.902695 88.474672 0.625390 -6.972691 1.026905 252.313803 4.587616
386 -4.990182 0.034018 -44.636684 9.066383 234.597090 0.247309 -13.967455 2.925499 365.361329 4.561371
386 -5.449261 0.747677 -14.099196 3.492387 367.127647 0.046753 -68.494090 3.175527 107.416244 5.479529
386 -4.355990 0.295034 3.532422 1.217430 238.510724 0.059737 -23.147082 12.891512 481.843467 3.292987
387 -3.765971 0.232274 -7.195212 1.554270 312.764276 0.252350 -77.410732 4.897830 12.159730 2.112949
387 -6.225344 0.785955 42.091182 6.168817 284.881259 0.707588 -15.020804 2.956406 314.197574 7.031695
387 -3.447864 0.188491 5.438994 11.736968 90.493273 0.544520 7.598554 0.216314 219.082759 1.476735
387 -5.273795 0.623073 -10.122862 1.750236 293.694080 0.463842 -1.622184 5.537444 103.317346 5.128597
387 -3.520590 0.265514 5.085797 2.060831 272.750900 0.030970 77.555621 0.078013 128.195394 1.622187
387 -4.982657 0.467980 14.911464 8.276964 319.123116 0.204323 -39.334425 2.400412 318.546887 4.546321
387 -3.755021 0.413629 -12.146558 8.490431 272.972475 0.480711 1.499365 0.117702 195.834903 2.091049
387 -7.227693 0.028271 -44.359814 9.254559 232.271450 0.270903 -10.827790 2.876503 375.551602 9.036394
387 -5.765022 0.666141 -18.056153 3.191607 364.539920 0.071950 -57.832689 4.045634 111.308319 6.111052
387 -5.229499 0.353561 2.077105 14.365819 320.370563 0.726021 -18.615607 1.236549 257.428333 5.040006
388 -4.072024 0.245474 -4.069006 1.507930 312.203087 0.299465 -82.247419 5.162782 35.263081 2.725055
388 -4.600912 0.025593 30.153121 3.612326 309.023867 0.343886 -11.945396 2.028890 244.574576 3.782832
388 -5.075845 0.278813 13.698507 11.890130 109.902702 0.602844 -2.039343 0.566362 231.504187 4.732697
388 -4.245962 0.660847 -12.526911 0.572203 246.844736 0.524448 24.429374 6.078784 92.014472 3.072932
388 -4.722995 0.257081 5.056554 1.766122 270.487749 0.033011 78.107120 0.128037 127.073099 4.026998
388 -4.731057 0.433638 14.194500 8.463682 325.591680 0.138916 -38.792950 2.742578 334.671998 4.043122
388 -3.794285 0.447811 -5.820882 8.597952 256.876229 0.537182 10.694532 0.207142 204.814693 2.169577
388 -6.180756 0.393571 -27.794829 0.156381 216.875649 0.371781 64.799997 12.287210 37.236005 6.942520
388 -4.764537 0.621174 -6.672543 0.168839 230.185186 0.143691 20.920853 8.474436 76.543767 4.110081
388 -4.458652 0.291740 3.829265 12.732083 374.089393 0.674456 -20.043124 0.843789 219.429929 3.498312
389 -5.203846 0.180769 -4.609607 2.682396 380.320366 0.302747 -71.808834 5.510223 44.340599 4.988699
389 -5.189719 0.030333 30.550262 3.194638 313.763847 0.345156 -12.095650 2.244629 243.080388 4.960446
389 -4.340344 0.337432 8.671719 13.061474 108.068342 0.605920 -2.447836 0.500716 249.676282 3.261695
389 -5.933112 0.566539 23.836269 3.822085 320.049286 0.726920 -28.646474 2.580870 241.783005 6.447231
389 -3.891028 0.306905 -0.176481 0.499444 238.941873 0.039175 -87.625779 14.653878 137.363426 2.363064
389 -7.873305 0.769092 15.518631 10.741037 339.549858 0.613988 -36.794409 0.708085 240.366622 10.327618
389 -3.478719 0.432529 -4.236937 8.602468 250.983764 0.548882 11.024073 0.315169 202.717843 1.538446
389 -6.623209 0.493891 72.646509 0.983778 188.390091 0.148485 83.938418 5.171270 430.406629 7.827425
389 -5.262531 0.567243 -11.998229 0.677442 259.928180 0.176348 4.894045 7.924223 141.215220 5.106071
389 -5.274137 0.268395 0.882527 14.048719 377.133841 0.543714 -22.729081 0.924989 241.309910 5.129281
390 -4.848492 0.214576 -15.936461 2.752607 381.739863 0.257214 79.452660 6.370489 43.919940 4.277992
390 -5.649211 0.063280 34.007750 2.836160 302.309359 0.336094 -6.529018 1.870022 227.873752 5.879429
390 -4.988687 0.428213 4.548977 12.742993 115.288968 0.650008 -4.045102 0.689754 240.390448 4.558382
390 -6.324824 0.562505 10.286491 3.635528 330.628757 0.678718 -25.562500 2.103170 202.259042 7.230656
390 -3.446324 0.364518 -0.860063 0.405129 224.721257 0.044109 85.587082 14.149250 163.371656 1.473655
390 -4.691479 0.746070 2.377097 10.877464 251.793974 0.726913 -7.667214 0.326339 210.710270 3.963965
390 -3.911367 0.388842 -5.062709 9.692672 233.843551 0.548808 6.421104 0.026527 200.574384 2.403742
390 -7.750750 0.527926 86.721060 0.911378 183.217420 0.084507 -86.881048 5.022525 416.864483 10.082507
390 -5.612385 0.633978 -12.287118 2.206420 307.449809 0.280633 38.192075 6.602197 161.766874 5.805777
390 -5.298952 0.223157 21.512456 13.472559 96.632186 0.467033 -26.761437 0.404660 232.092011 5.178911
391 -5.871105 0.223469 -16.269383 2.581354 379.664309 0.268230 -83.624991 6.772751 58.672940 6.323218
391 -6.234593 0.065669 34.757079 2.825786 300.854724 0.335015 -6.490222 1.854242 230.628825 7.050193
391 -5.535939 0.477556 9.877395 13.938559 125.899043 0.692729 7.454242 0.272995 246.232704 5.652885
391 -5.997228 0.628548 -11.476062 6.007234 431.018363 0.695135 -4.239158 2.328229 153.472445 6.575463
391 -4.465327 0.352654 -3.099649 0.317695 227.498630 0.037672 84.109363 14.007856 165.096321 3.511662
391 -8.347559 0.799300 -29.374086 3.874817 342.179044 0.649486 -26.389495 11.297326 362.063656 11.276126
391 -3.719836 0.234265 19.900366 6.133305 243.452580 0.346801 -10.594540 1.069193 250.000058 2.020679
391 -8.104251 0.572154 -81.513373 14.734972 123.316815 0.157824 76.671512 3.426396 453.710096 10.789509
391 -5.442151 0.589027 -16.021031 2.969473 354.537611 0.353162 34.493392 4.128156 128.185304 5.465310
391 -5.200657 0.268068 -86.668231 12.562230 420.244870 0.615278 -13.069629 1.005237 246.437506 4.982321
392 -4.315676 0.198912 -13.342427 2.336282 356.799254 0.226217 -83.814246 6.699034 60.401590 3.212359
392 -6.233973 0.057991 35.950982 3.614123 315.064861 0.323241 -4.154658 2.076334 235.209764 7.048953
392 -4.578502 0.443475 78.427421 9.847446 13.814363 0.530277 2.981943 0.462271 249.301697 3.738012
392 -7.352784 0.475607 -33.529471 8.178900 409.986480 0.225657 20.246776 1.612194 253.790088 9.286575
392 -4.472369 0.407483 2.695406 0.742401 256.859143 0.058808 -79.067441 13.161230 210.710085 3.525745
392 -10.990393 0.674298 -18.993792 3.834723 367.836800 0.400004 1.922759 9.025053 332.806965 16.561793
392 -3.841534 0.281494 6.622599 6.519925 177.047031 0.384835 -12.170770 1.107533 261.515641 2.264075
392 -7.875763 0.542058 -77.009521 14.727855 113.299224 0.165996 72.594183 3.219979 441.550099 10.332534
392 -5.984214 0.531041 0.610644 2.542754 335.227017 0.338378 -5.186248 4.296027 107.674892 6.549436
392 -4.623144 0.244592 84.047668 12.006273 477.132113 0.553520 -8.713092 1.311670 231.521308 3.827295
393 -4.109002 0.205753 -12.162837 1.988322 339.256536 0.265720 -88.580135 6.658661 52.780479 2.799012
393 -4.001590 0.430460 -45.696425 5.008668 150.947929 0.751021 -14.864535 0.470519 216.310220 2.584187
393 -4.643790 0.343279 80.125954 10.281547 13.371907 0.504146 9.195771 0.630425 256.697502 3.868588
393 -6.431236 0.384709 -37.139378 7.553829 443.988073 0.190160 36.315729 2.151388 244.727436 7.443480
393 -4.043142 0.418109 -0.568566 0.888515 258.766683 0.084458 -76.473893 13.593110 264.178356 2.667292
393 -6.571191 0.775128 -12.005943 3.256899 314.586885 0.342676 8.674193 11.346943 409.637619 7.723390
393 -3.908672 0.286788 -1.044681 6.102198 184.967940 0.357906 -11.216329 1.096506 263.458837 2.398351
393 -6.554328 0.623029 -51.851082 13.754549 151.033849 0.170867 73.493100 2.714955 400.086012 7.689664
393 -7.068905 0.566683 6.117924 2.463052 335.588810 0.333687 -13.982353 4.716432 108.619494 8.718818
393 -4.470075 0.184956 81.963289 12.094583 24.341940 0.673666 -18.160043 0.498688 241.428877 3.521157
394 -4.771577 0.247657 -21.283116 1.661489 311.857151 0.299179 -89.387963 6.919771 67.394015 4.124162
394 -4.961661 0.431489 -48.573624 5.782174 201.844955 0.762332 1.469203 0.261219 233.718396 4.504329
394 -7.012804 0.732885 89.981435 9.815626 113.921548 0.258440 -22.157544 2.166127 353.655224 8.606616
394 -5.225027 0.362686 -36.707863 7.637141 430.006265 0.218066 33.488982 1.694302 236.504511 5.031062
394 -4.366281 0.414920 7.322764 0.524461 232.427541 0.181376 -26.964726 14.487257 313.318982 3.313570
394 -5.717725 0.764454 -22.761004 2.737854 301.334611 0.381308 18.540248 9.750919 345.878685 6.016457
394 -5.293423 0.270787 10.167228 5.845854 138.122102 0.357875 2.006468 1.136714 285.489096 5.167853
394 -6.080558 0.749592 -21.976304 12.360584 418.486180 0.091860 63.278701 4.175223 384.097564 6.742123
394 -3.886460 0.588071 -5.625719 0.098388 214.125490 0.651902 -10.283228 8.616496 92.739835 2.353927
394 -4.020072 0.174623 79.549354 11.418115 16.136271 0.683448 -17.606990 0.443475 227.047941 2.621152
395 -3.676144 0.329026 -6.221768 1.298727 285.550973 0.441684 -66.939750 6.437030 127.700973 1.933295
395 -4.780805 0.571829 -47.034887 7.010052 200.751008 0.738496 -8.553522 0.989863 249.390566 4.142617
395 -4.897072 0.722272 -84.811189 11.063385 117.621838 0.256907 -15.982686 2.449803 360.600030 4.375152
395 -3.355577 0.192417 -28.918125 4.986666 333.378869 0.327397 7.288851 0.554764 179.094724 1.292161
395 -3.627948 0.421647 5.211750 0.624425 228.631069 0.166425 -13.000524 14.476207 343.346411 1.836903
395 -6.758206 0.672742 -17.491538 2.941732 305.280374 0.387391 1.607395 9.135088 372.908800 8.097420
395 -3.682810 0.614997 38.801255 3.226230 120.428006 0.679071 0.835647 0.152574 213.938928 1.946627
395 -5.789115 0.724440 -17.565043 12.074516 428.054625 0.075561 72.669027 4.644445 393.592903 6.159239
395 -3.777565 0.583995 -8.216373 0.340280 226.660642 0.641971 -12.237709 8.515869 91.570487 2.136138
395 -5.585910 0.271500 71.545633 13.973457 67.384441 0.581268 -9.227952 1.020361 292.923174 5.752827
396 -4.567807 0.384844 -11.838871 1.825441 305.803819 0.382608 -55.505062 7.484056 170.433754 3.716622
396 -3.961393 0.786538 -5.660114 7.006577 36.463962 0.187680 -7.579727 1.834396 326.520737 2.503794
396 -4.912426 0.763686 -78.080661 10.384947 76.368089 0.372926 -15.675174 1.558673 312.284204 4.405860
396 -3.221202 0.150928 -39.268135 3.872920 305.858676 0.362116 8.484028 0.732345 186.283884 1.023411
396 -5.760743 0.674964 -4.611350 4.856345 364.097043 0.045607 -81.640692 9.426943 404.643821 6.102493
396 -7.875798 0.671010 -16.677413 2.963890 312.961951 0.389013 3.329070 9.170337 372.952929 10.332604
396 -3.407091 0.575192 47.361519 3.975260 116.594013 0.669998 -3.536311 0.102460 205.075118 1.395189
396 -7.184798 0.706878 -23.895851 12.034243 450.782038 0.061291 65.949898 5.113034 398.647460 8.950604
396 -4.970537 0.484297 1.132111 1.181262 266.128400 0.006016 -13.314003 1.162661 131.616324 4.522082
396 -4.749330 0.279695 69.638599 14.084773 85.731623 0.519975 -12.689246 1.524522 298.771691 4.079668
397 -4.672847 0.345093 -13.035436 1.479353 272.482719 0.351986 -53.125512 6.023200 241.143589 3.926701
397 -5.164971 0.018655 27.387832 6.352130 18.167613 0.186142 -22.923994 1.812101 327.440280 4.910950
397 -3.436732 0.617166 -65.076507 2.224289 27.016370 0.402280 -5.287163 0.846044 257.586262 1.454471
397 -3.467194 0.145757 -38.822431 3.706894 314.168481 0.411590 19.030595 0.314972 161.230981 1.515396
397 -7.292794 0.039606 32.537742 3.608434 309.012505 0.529183 80.281035 2.302883 310.466521 9.166596
397 -9.351223 0.071879 -20.058623 5.089770 243.714406 0.146017 -76.669570 5.309041 488.837314 13.283453
397 -4.089398 0.565063 58.884808 2.207278 62.352455 0.673371 -10.245424 0.381992 234.340011 2.759804
397 -6.606289 0.736429 -24.817584 11.933371 440.546989 0.037926 70.193959 4.921885 390.230278 7.793586
397 -5.247343 0.428435 -3.566115 1.348532 291.783057 0.695644 -25.482830 1.755452 105.352086 5.075693
397 -3.656902 0.314041 -55.375846 12.511597 49.251336 0.654344 9.090758 0.139358 219.205051 1.894812
398 -5.249005 0.411432 8.811594 1.383116 276.366419 0.377365 -64.062112 6.325994 274.218415 5.079018
398 -4.059104 0.063417 9.773405 2.564942 59.919548 0.162251 -14.351866 1.527257 304.373350 2.699215
398 -5.173758 0.455045 -76.409595 3.895248 85.100727 0.510406 -6.604308 0.832250 241.374929 4.928524
398 -3.533926 0.075679 -47.222849 3.870050 310.728315 0.334338 16.897966 0.465823 173.766210 1.648860
398 -6.850237 0.036931 31.122003 2.229721 307.004944 0.593746 84.263551 2.097351 223.279167 8.281481
398 -9.653999 0.063002 -16.045436 5.154648 228.901951 0.134684 -77.856125 5.283050 496.493224 13.889006
398 -4.162652 0.538243 72.620748 1.510330 73.834872 0.712806 15.687628 0.148851 213.142653 2.906311
398 -9.353413 0.025829 -79.043398 11.604153 455.229305 0.031806 -86.938280 6.297282 475.529338 13.287834
398 -5.172423 0.494208 -11.400452 1.755903 296.300003 0.758329 -24.648360 1.366948 108.728539 4.925853
398 -5.205768 0.640275 16.841557 4.881480 135.393751 0.754838 22.992457 0.225264 212.467802 4.992544
399 -4.441601 0.454465 -2.819205 1.029492 259.522108 0.377671 84.250445 6.660869 257.563194 3.464209
399 -3.772832 0.082013 9.612418 2.552628 51.565567 0.168061 -6.530231 1.109515 280.130079 2.126672
399 -5.667602 0.364353 -69.145693 4.473701 34.396180 0.443489 -1.123211 0.472297 253.073127 5.916211
399 -4.483786 0.088093 -37.169355 3.302993 231.567515 0.258211 -8.951166 1.149845 241.781511 3.548579
399 -5.501139 0.772438 19.870720 1.719716 263.723126 0.749845 -34.002522 0.242114 123.444152 5.583285
399 -7.532122 0.319488 -18.098104 1.860317 86.265501 0.754383 -30.358852 3.786291 384.812655 9.645251
399 -4.663773 0.177312 -29.737071 7.979602 43.679845 0.281996 -12.943708 1.043295 280.394513 3.908554
399 -5.794094 0.136284 30.007461 7.259023 294.099341 0.734958 -9.111823 7.986286 479.782771 6.169196
399 -7.003224 0.411428 -27.667493 2.037772 322.400951 0.762778 -28.938063 0.957996 84.882645 8.587456
399 -4.985129 0.655918 20.122121 4.815073 128.933618 0.770737 24.187558 0.177411 211.562605 4.551266
400 -4.864552 0.475797 1.145140 1.728389 281.371205 0.559382 -45.146664 4.426269 205.314548 4.310112
400 -4.203404 0.130466 5.567718 14.051411 157.121990 0.711716 -3.137068 0.153653 227.100995 2.987815
400 -5.156482 0.726072 66.860669 1.262387 19.405352 0.700002 -0.738716 0.259394 214.219586 4.893972
400 -4.718818 0.097516 -49.977621 4.071225 250.460023 0.310583 -7.095408 0.382078 197.703980 4.018643
400 -6.015767 0.796843 21.273281 1.686786 268.332692 0.769716 -31.271156 0.145800 117.717792 6.612541
400 -7.251583 0.279246 -20.912151 2.153949 89.054427 0.710177 -29.765525 3.965206 393.000961 9.084173
400 -4.211728 0.215224 12.254060 6.998089 55.691484 0.304046 -14.646832 0.799442 256.611744 3.004463
400 -6.617724 0.141605 37.238381 6.842864 318.080220 0.728083 0.785426 8.753751 483.738679 7.816455
400 -5.997053 0.574813 1.026760 2.261307 295.229991 0.078230 -25.798730 2.546148 177.218670 6.575113
400 -4.786107 0.661064 26.109174 4.879639 145.624431 0.779604 27.794573 0.089666 200.277821 4.153222
401 -5.440282 0.337318 4.223540 2.960499 308.104633 0.519017 -31.985288 2.815072 231.660179 5.461571
401 -4.513534 0.138132 3.343171 13.839962 171.581310 0.723614 -14.767295 0.090899 212.728884 3.608076
401 -4.941458 0.479579 54.866325 5.766346 25.982205 0.663745 -15.994428 0.028224 215.053715 4.463924
401 -4.546295 0.049260 -1.605412 1.156559 256.647596 0.475950 2.356529 14.380128 401.378129 3.673598
401 -5.672690 0.797371 27.789936 1.778187 266.752325 0.796073 -31.045680 0.037238 112.554867 5.926387
401 -5.943430 0.589264 -18.336345 2.049757 93.034690 0.509977 -15.828887 3.342813 378.775568 6.467868
401 -7.297478 0.068062 8.385656 8.349119 26.556714 0.392245 -0.858906 2.299002 356.346644 9.175964
401 -8.782240 0.240267 31.157528 7.045382 295.156153 0.737051 4.707315 7.826396 474.162430 12.145487
401 -5.457294 0.572396 -2.276860 1.934924 276.869227 0.041339 -30.713193 2.431297 180.825557 5.495595
401 -5.351804 0.171708 62.869364 6.311954 75.744641 0.611007 18.903413 0.033187 214.364451 5.284616
