#Nsample
#ln(Lhood)
#O1 : emass
#O1 : theta (deg)
#O1 : rc (arcsec)
#O1 : sigma (km/s)
#Chi2
1 -9.146536 0.669751 -66.422416 0.682064 384.319151 12.874079
1 -7.391400 0.716036 -66.169722 0.649702 383.550559 9.363808
1 -10.334864 0.694151 -67.333438 0.421446 383.033476 15.250736
1 -8.649796 0.677655 -62.573976 0.794881 395.889732 11.880600
1 -8.033381 0.730551 -63.271859 0.649194 388.754130 10.647769
1 -8.089651 0.752757 -61.849140 0.644636 390.734036 10.760309
1 -6.080201 0.787286 -69.684004 0.518374 371.773546 6.741410
1 -8.474521 0.770300 -61.202486 0.648339 397.253736 11.530050
1 -7.732817 0.788944 -62.253254 0.566980 389.822849 10.046642
1 -7.003138 0.766357 -65.922168 0.543832 379.820089 8.587283
2 -6.551632 0.770017 -66.273718 0.586342 379.685311 7.684272
2 -8.371401 0.713507 -66.796015 0.589177 380.130847 11.323809
2 -10.188128 0.699826 -68.259394 0.387877 379.649514 14.957263
2 -7.222643 0.719026 -65.289229 0.715228 387.127480 9.026294
2 -6.658860 0.777155 -66.263155 0.551889 380.952981 7.898727
2 -7.583233 0.772294 -62.900556 0.606329 386.239657 9.747474
2 -6.145322 0.790533 -69.094085 0.505113 373.428110 6.871651
2 -8.046524 0.775303 -62.020897 0.638290 395.273827 10.674055
2 -8.852558 0.690338 -61.539332 0.781526 395.829047 12.286124
2 -7.844344 0.788585 -67.933204 0.435226 378.165278 10.269696
3 -6.162069 0.797182 -68.465289 0.495533 374.005601 6.905146
3 -7.984274 0.707910 -67.077519 0.612120 380.596179 10.549556
3 -10.285701 0.700158 -67.554213 0.383644 380.305667 15.152410
3 -8.010602 0.706777 -65.840770 0.658548 386.444293 10.602212
3 -7.974591 0.755874 -65.169269 0.537950 382.289802 10.530189
3 -6.793435 0.783372 -64.882261 0.558855 380.818683 8.167878
3 -7.929909 0.699940 -63.852921 0.775061 393.689387 10.440826
3 -7.487020 0.680147 -66.958385 0.718833 383.934354 9.555048
3 -9.382728 0.682518 -60.730422 0.776391 396.005733 13.346463
3 -7.673249 0.777774 -68.242105 0.439900 374.067823 9.927505
4 -6.749464 0.785671 -65.179700 0.562426 383.683844 8.079935
4 -7.870447 0.740795 -66.196058 0.572567 383.333553 10.321902
4 -10.358641 0.705901 -67.318071 0.370771 380.778372 15.298289
4 -7.888484 0.737007 -63.866738 0.645415 389.902209 10.357975
4 -6.177286 0.797160 -68.385578 0.497568 375.206072 6.935579
4 -6.896165 0.774178 -68.275074 0.488479 375.303712 8.373337
4 -8.513452 0.698504 -63.596555 0.753184 396.736459 11.607912
4 -7.194793 0.689814 -66.832470 0.727467 383.667106 8.970593
4 -7.188863 0.785712 -67.353354 0.460389 376.903191 8.958734
4 -7.804984 0.791239 -65.208085 0.470560 382.724876 10.190975
5 -6.455802 0.778488 -67.045728 0.548978 379.100785 7.492611
5 -8.803437 0.746385 -62.781102 0.594924 389.080721 12.187881
5 -10.358521 0.709002 -67.443712 0.358423 380.116585 15.298049
5 -8.337685 0.762145 -64.806057 0.517992 382.247579 11.256377
5 -6.420242 0.783997 -66.585967 0.553915 379.728389 7.421491
5 -7.301789 0.723010 -65.763288 0.642642 383.056549 9.184585
5 -7.801972 0.720032 -64.350217 0.694226 391.227629 10.184951
5 -6.960334 0.700027 -67.301513 0.737814 382.920689 8.501676
5 -6.704204 0.799273 -68.395768 0.440179 374.752042 7.989416
5 -7.378969 0.726849 -64.384703 0.682037 385.750638 9.338946
6 -6.392215 0.773658 -67.055077 0.591718 378.690293 7.365438
6 -7.653481 0.757470 -66.545779 0.526220 380.471817 9.887970
6 -6.675591 0.734480 -67.575347 0.634048 378.534642 7.932189
6 -7.826161 0.678111 -64.807272 0.766470 389.863201 10.233329
6 -6.568472 0.771692 -66.144647 0.602128 381.916785 7.717951
6 -7.993046 0.752335 -63.713356 0.661104 395.968264 10.567099
6 -7.407977 0.720980 -66.030289 0.670784 387.452047 9.396961
6 -8.466976 0.772782 -66.327912 0.462244 377.947778 11.514959
6 -7.017476 0.779893 -69.119196 0.454968 373.294347 8.615959
6 -8.304902 0.709972 -62.930432 0.775482 397.306255 11.190811
7 -6.376752 0.756926 -68.145592 0.598486 376.311821 7.334511
7 -7.484174 0.718514 -64.514194 0.724716 390.089552 9.549355
7 -7.713267 0.795910 -62.342621 0.588892 391.807298 10.007542
7 -7.273040 0.704317 -65.649782 0.743619 388.383423 9.127088
7 -7.440419 0.761314 -67.392584 0.499687 376.414862 9.461846
7 -8.371585 0.730722 -62.657409 0.752718 399.263466 11.324178
7 -8.810314 0.793394 -63.052791 0.567354 400.655976 12.201636
7 -7.247263 0.744043 -64.483151 0.651099 386.868408 9.075533
7 -6.960456 0.777704 -67.991997 0.476021 374.367339 8.501919
7 -9.359282 0.744518 -62.123189 0.701747 404.697581 13.299571
8 -6.883335 0.748903 -67.617827 0.569802 378.683253 8.347677
8 -6.746120 0.785299 -67.854970 0.478413 375.838832 8.073248
8 -8.117927 0.796379 -61.879858 0.549613 392.924531 10.816861
8 -6.533023 0.797329 -69.944915 0.431346 370.045578 7.647054
8 -8.292977 0.729137 -64.233093 0.636201 389.574621 11.166961
8 -8.960423 0.735913 -61.779054 0.683165 397.790411 12.501854
8 -8.615334 0.785428 -63.800331 0.588852 400.805855 11.811676
8 -6.512989 0.775423 -68.836706 0.507667 374.535537 7.606986
8 -6.788404 0.799857 -65.085124 0.535322 385.458474 8.157816
8 -8.108916 0.782352 -66.271599 0.497130 386.263562 10.798840
9 -6.856781 0.789624 -64.781576 0.552021 384.369832 8.294569
9 -7.885589 0.680154 -64.500300 0.762713 389.930480 10.352186
9 -7.591135 0.740042 -63.447529 0.659281 388.175523 9.763277
9 -6.500940 0.782591 -69.543355 0.477740 372.317353 7.582888
9 -9.306005 0.766770 -61.542722 0.627645 400.649390 13.193018
9 -9.466042 0.735101 -60.991403 0.719183 403.167687 13.513092
9 -7.397449 0.732211 -64.437110 0.650057 385.192753 9.375906
9 -6.287290 0.783432 -68.709358 0.515723 373.294040 7.155588
9 -7.766944 0.747736 -64.820247 0.618945 389.802121 10.114896
9 -7.257761 0.785658 -66.570884 0.477370 379.615253 9.096529
10 -7.432099 0.766563 -63.273907 0.599132 386.402459 9.445205
10 -7.734095 0.681556 -64.739827 0.792045 390.931337 10.049197
10 -8.824937 0.787798 -62.122725 0.594660 401.238003 12.230882
10 -6.385705 0.776026 -67.927177 0.542826 377.482475 7.352417
10 -6.570749 0.771511 -66.364053 0.586849 382.103979 7.722506
10 -8.164086 0.790870 -62.622581 0.526030 389.851810 10.909179
10 -7.450660 0.759016 -66.974278 0.548671 383.258617 9.482327
10 -7.118448 0.788649 -65.388527 0.532887 386.176554 8.817904
10 -7.737854 0.771852 -64.105685 0.587419 391.495980 10.056715
10 -8.143002 0.784951 -66.620220 0.471597 383.420795 10.867012
11 -7.173521 0.743887 -64.872864 0.673350 388.527160 8.928050
11 -7.627925 0.726461 -63.884616 0.713887 390.867158 9.836857
11 -7.380912 0.782274 -63.611781 0.555745 386.480465 9.342831
11 -6.902361 0.795099 -64.241467 0.558243 384.593493 8.385729
11 -6.625068 0.782966 -65.597836 0.583244 382.547945 7.831143
11 -7.860172 0.736938 -62.848225 0.661488 389.190085 10.301352
11 -8.092043 0.709188 -64.628205 0.675869 388.806030 10.765093
11 -6.376524 0.788656 -66.892989 0.554115 377.033229 7.334056
11 -8.943657 0.769752 -62.655869 0.581789 394.973580 12.468322
11 -8.860631 0.728949 -62.409544 0.646130 391.358217 12.302269
12 -7.555403 0.751945 -64.526408 0.621648 389.277238 9.691814
12 -6.618539 0.784987 -65.912192 0.537411 379.971425 7.818085
12 -7.086120 0.781340 -64.218137 0.543293 381.801061 8.753248
12 -7.518293 0.784188 -64.807584 0.518508 385.422451 9.617594
12 -7.564057 0.797289 -63.148618 0.563082 392.543195 9.709122
12 -8.011282 0.712617 -64.106872 0.690159 390.297533 10.603571
12 -6.716295 0.727363 -67.363357 0.655678 380.152590 8.013597
12 -6.131724 0.794434 -67.734097 0.543030 376.713959 6.844455
12 -8.643397 0.798325 -61.893711 0.557148 398.316162 11.867802
12 -6.782585 0.793759 -64.974181 0.547253 384.472029 8.146177
13 -6.742311 0.794893 -64.839184 0.542451 382.783379 8.065631
13 -6.293077 0.776512 -67.374595 0.578706 378.541373 7.167162
13 -8.402546 0.754141 -65.794751 0.553755 386.652848 11.386100
13 -6.725630 0.731551 -66.913451 0.659364 381.153732 8.032268
13 -7.715470 0.790430 -62.447791 0.582530 392.215349 10.011947
13 -7.746101 0.697819 -64.990426 0.740157 391.296563 10.073209
13 -7.044649 0.767610 -65.377864 0.586092 385.745788 8.670306
13 -7.498228 0.688946 -65.536123 0.763552 389.770501 9.577463
13 -8.628270 0.798602 -62.407204 0.557204 399.170574 11.837548
13 -6.945147 0.799566 -67.216034 0.462922 380.239963 8.471302
14 -7.086184 0.783851 -64.439769 0.567272 386.818983 8.753375
14 -6.383235 0.790154 -66.685358 0.549849 381.026556 7.347477
14 -7.134331 0.777125 -65.477809 0.560233 386.427971 8.849669
14 -7.083748 0.725059 -65.938037 0.691438 387.052480 8.748504
14 -6.205931 0.773881 -68.694934 0.555081 375.322466 6.992870
14 -8.055272 0.704657 -63.972388 0.721574 392.093866 10.691552
14 -7.116533 0.753834 -64.619691 0.626133 385.439149 8.814073
14 -7.395628 0.730003 -64.649596 0.653669 385.685418 9.372264
14 -8.762223 0.712179 -62.260471 0.794565 402.045692 12.105453
14 -6.724089 0.780856 -66.274265 0.538730 381.394580 8.029186
15 -8.462698 0.693479 -64.305982 0.793639 400.016990 11.506403
15 -6.995210 0.746853 -65.368681 0.667774 386.811000 8.571427
15 -6.272460 0.784228 -67.306462 0.553079 377.840448 7.125928
15 -7.085450 0.771045 -64.235660 0.608954 386.253367 8.751908
15 -7.529446 0.782328 -68.322834 0.456832 378.031099 9.639899
15 -8.593170 0.673134 -65.048104 0.752963 392.757623 11.767348
15 -8.441531 0.725185 -62.257367 0.746217 397.841273 11.464069
15 -7.670930 0.698917 -65.040421 0.704781 386.941203 9.922868
15 -7.884104 0.738144 -64.058644 0.705848 396.573257 10.349216
15 -6.295758 0.787943 -67.453517 0.530446 377.490796 7.172524
16 -8.514141 0.697145 -64.010829 0.739008 395.343805 11.609289
16 -7.142081 0.745450 -66.326511 0.578053 379.509044 8.865170
16 -6.404511 0.788900 -68.603601 0.488361 374.882511 7.390029
16 -7.768610 0.734522 -63.554191 0.705681 393.407912 10.118228
16 -7.477997 0.784632 -68.197190 0.456744 378.468742 9.537001
16 -7.886065 0.681276 -64.246093 0.787232 391.792283 10.353138
16 -7.897329 0.748515 -63.427543 0.683718 395.859978 10.375666
16 -7.674897 0.709388 -65.602088 0.657430 384.430281 9.930802
16 -7.276087 0.767731 -63.794413 0.598024 386.230630 9.133181
16 -9.682898 0.692611 -59.938601 0.753657 394.722812 13.946803
17 -7.564601 0.691096 -65.107099 0.779329 390.898519 9.710210
17 -6.909552 0.772776 -67.507324 0.512587 378.363011 8.400111
17 -7.269171 0.743029 -64.671165 0.636908 385.981717 9.119350
17 -7.826341 0.697574 -64.465938 0.762173 393.218252 10.233690
17 -6.877355 0.773686 -67.145506 0.511036 377.679192 8.335717
17 -7.092876 0.727200 -66.649163 0.644748 383.624086 8.766759
17 -7.861665 0.700691 -64.098706 0.756456 392.993249 10.304338
17 -9.132019 0.758653 -61.814381 0.680278 404.265540 12.845046
17 -7.592803 0.798979 -68.001556 0.410207 376.472952 9.766614
17 -9.609669 0.715461 -60.257412 0.690071 393.422471 13.800346
18 -8.557843 0.702241 -63.185108 0.797746 401.192916 11.696694
18 -7.293898 0.760470 -67.111430 0.517049 377.864542 9.168803
18 -8.451884 0.761558 -62.184769 0.586378 390.156545 11.484776
18 -7.986445 0.695617 -63.978045 0.771377 394.262108 10.553898
18 -8.407355 0.775637 -62.490302 0.516496 383.660939 11.395718
18 -6.784160 0.739050 -66.706535 0.645050 383.134195 8.149328
18 -8.201282 0.764457 -62.279280 0.589876 390.054824 10.983571
18 -7.605660 0.726561 -66.795548 0.592310 380.739797 9.792327
18 -6.637605 0.765119 -66.236695 0.594363 381.830938 7.856219
18 -9.672178 0.720549 -59.864089 0.677169 392.365659 13.925364
19 -8.122202 0.704659 -64.253109 0.711141 391.771414 10.825411
19 -8.812208 0.713955 -64.851705 0.658261 391.181102 12.205423
19 -7.407874 0.776175 -67.040192 0.482337 378.548871 9.396755
19 -8.604133 0.723591 -62.454110 0.658545 390.436816 11.789274
19 -9.083574 0.789004 -61.078558 0.513655 386.943567 12.748156
19 -6.659795 0.749324 -66.587155 0.624869 381.396775 7.900597
19 -9.513819 0.674806 -61.459789 0.875984 405.258993 13.608645
19 -7.180805 0.727688 -66.931964 0.617283 381.317640 8.942618
19 -7.376864 0.759009 -64.649689 0.584948 385.345805 9.334735
19 -9.085744 0.704478 -60.781479 0.724990 393.338520 12.752495
20 -8.381661 0.703692 -64.621780 0.733105 395.902903 11.344329
20 -8.700643 0.662746 -62.918021 0.855601 399.174479 11.982294
20 -7.037674 0.793097 -69.843314 0.413294 371.380837 8.656356
20 -7.503256 0.795650 -64.283112 0.479786 382.488342 9.587519
20 -9.275729 0.783154 -60.764090 0.533202 388.199748 13.132466
20 -8.144427 0.684698 -67.485844 0.658422 382.036955 10.869861
20 -9.782668 0.670453 -63.553492 0.870229 409.341131 14.146343
20 -9.054871 0.677926 -62.780547 0.780999 397.395494 12.690750
20 -7.185564 0.782084 -66.611162 0.488172 379.533256 8.952136
20 -6.877368 0.794860 -64.351100 0.555642 384.673149 8.335743
21 -7.067660 0.739203 -65.095766 0.664243 384.928476 8.716328
21 -8.079575 0.690158 -64.139368 0.792102 396.093800 10.740157
21 -6.999427 0.792426 -69.675637 0.415820 371.030447 8.579861
21 -7.871428 0.677472 -65.745694 0.738116 388.146110 10.323863
21 -8.017648 0.791446 -62.279043 0.537521 389.927065 10.616303
21 -8.017069 0.661467 -66.246824 0.748602 386.577115 10.615145
21 -7.682487 0.692139 -65.138899 0.751471 390.773579 9.945982
21 -6.856518 0.772778 -65.136931 0.611432 384.302976 8.294043
21 -7.815181 0.698558 -63.992017 0.761707 391.094103 10.211369
21 -7.209665 0.777671 -63.859975 0.603921 388.487952 9.000338
22 -7.498455 0.699287 -65.637540 0.719649 388.028132 9.577918
22 -7.553056 0.688049 -65.111344 0.774661 389.765943 9.687120
22 -8.284423 0.790855 -68.352153 0.406326 375.849538 11.149853
22 -7.431078 0.750496 -65.664295 0.593775 385.796284 9.443163
22 -6.463192 0.794193 -66.430439 0.516177 378.814693 7.507392
22 -8.404836 0.701366 -66.871176 0.621177 381.976921 11.390680
22 -6.604795 0.774923 -66.063018 0.563431 379.758874 7.790597
22 -6.793863 0.789977 -64.698961 0.563094 382.708195 8.168734
22 -7.482378 0.728397 -64.155172 0.699402 389.324782 9.545763
22 -8.752080 0.601944 -64.969140 0.960832 397.884756 12.085168
23 -8.877819 0.756505 -64.887761 0.555774 388.367749 12.336646
23 -7.611738 0.738132 -64.220130 0.647235 388.657170 9.804484
23 -6.221645 0.791988 -69.926959 0.476806 370.818115 7.024298
23 -7.826545 0.706754 -64.312779 0.756277 394.242805 10.234098
23 -9.586158 0.629932 -64.861334 0.835190 396.898717 13.753324
23 -8.503125 0.663131 -66.758038 0.711176 385.219958 11.587258
23 -6.950432 0.782390 -64.745342 0.547857 382.858535 8.481872
23 -6.965219 0.775455 -65.819731 0.551444 383.572470 8.511446
23 -7.218730 0.779677 -64.397156 0.529155 381.657135 9.018468
23 -7.177212 0.787889 -63.989071 0.578534 389.064538 8.935432
24 -7.947586 0.795815 -63.524465 0.498914 387.577634 10.476180
24 -9.197282 0.730917 -63.052804 0.698803 401.145534 12.975572
24 -6.137911 0.798731 -70.250246 0.470699 369.707887 6.856829
24 -7.311924 0.735569 -65.413082 0.641381 386.289646 9.204855
24 -8.609121 0.746344 -65.975887 0.567403 387.152214 11.799249
24 -8.909773 0.704969 -62.960328 0.744103 398.720770 12.400554
24 -6.726449 0.785036 -65.210857 0.548637 379.794036 8.033906
24 -7.366006 0.713108 -66.629885 0.651816 383.227753 9.313019
24 -7.700853 0.778277 -62.589147 0.570967 387.924620 9.982713
24 -7.917044 0.793999 -63.235441 0.537337 391.779496 10.415095
25 -6.597472 0.796675 -67.119076 0.477709 377.415670 7.775951
25 -6.965542 0.782270 -65.214768 0.560669 385.790738 8.512092
25 -6.069025 0.798009 -70.103702 0.486243 370.241399 6.719057
25 -7.964899 0.724961 -62.766646 0.682676 389.049021 10.510806
25 -7.795893 0.759368 -65.840035 0.524738 381.046675 10.172793
25 -8.335327 0.730765 -62.586150 0.730031 398.120350 11.251662
25 -8.769406 0.779428 -62.070790 0.605139 399.607195 12.119820
25 -10.199519 0.695572 -61.679129 0.805591 407.879047 14.980045
25 -6.897335 0.783305 -65.385443 0.521629 380.032642 8.375677
25 -8.439720 0.713114 -62.696917 0.778186 398.950231 11.460448
26 -6.553138 0.750752 -67.008855 0.629727 381.147338 7.687284
26 -6.341749 0.787337 -67.427556 0.533265 378.747896 7.264506
26 -6.091699 0.798163 -69.973989 0.478750 370.664072 6.764405
26 -9.235282 0.740503 -61.030761 0.756019 404.237948 13.051572
26 -7.128828 0.757421 -67.945826 0.522098 376.883488 8.838664
26 -7.793546 0.763049 -63.967476 0.618888 392.990418 10.168100
26 -7.211297 0.759932 -66.876621 0.537516 380.125760 9.003602
26 -10.107324 0.708966 -62.052290 0.769943 406.879092 14.795655
26 -8.591588 0.735347 -65.057781 0.588371 386.256858 11.764183
26 -10.420454 0.734965 -63.875942 0.781689 417.493833 15.421916
27 -7.742828 0.723298 -64.281680 0.651370 386.311989 10.066663
27 -7.428865 0.781757 -63.483134 0.565825 387.775238 9.438738
27 -6.169195 0.799799 -70.000850 0.462049 370.887530 6.919398
27 -8.149678 0.754504 -63.477101 0.646265 395.751069 10.880363
27 -6.874070 0.762153 -66.428450 0.586729 383.799237 8.329148
27 -6.891660 0.768494 -66.713711 0.530522 378.480132 8.364328
27 -6.559904 0.746671 -67.247594 0.647701 380.130672 7.700815
27 -7.970764 0.689507 -64.418580 0.750126 391.647129 10.522535
27 -6.307636 0.758277 -68.682137 0.608254 375.465721 7.196280
27 -10.688938 0.755576 -62.867093 0.769663 421.896391 15.958884
28 -8.700562 0.757560 -64.368731 0.567117 389.654394 11.982131
28 -7.428636 0.779982 -63.113040 0.603677 388.517729 9.438280
28 -7.658911 0.796723 -70.045508 0.373408 369.615590 9.898830
28 -7.308538 0.790426 -65.105634 0.545997 389.712145 9.198084
28 -6.721231 0.766578 -65.797407 0.580743 380.240228 8.023469
28 -6.586724 0.765849 -66.400381 0.594777 379.087987 7.754456
28 -6.910600 0.733712 -66.164352 0.672996 385.371051 8.402207
28 -7.490796 0.702606 -66.051647 0.684439 385.114480 9.562600
28 -6.225212 0.763085 -68.997339 0.595094 374.617939 7.031431
28 -11.180883 0.772848 -62.172227 0.790567 430.064900 16.942773
29 -8.006901 0.717876 -62.910211 0.723741 391.700727 10.594810
29 -6.962572 0.781649 -66.322613 0.504634 379.517791 8.506151
29 -7.000578 0.787848 -70.126467 0.419588 369.779212 8.582164
29 -6.877538 0.787043 -65.181309 0.538069 383.256463 8.336083
29 -8.118434 0.773106 -68.976938 0.434781 374.135298 10.817875
29 -6.707994 0.789198 -65.837966 0.532009 382.223076 7.996995
29 -7.336964 0.797462 -66.291547 0.436443 376.733333 9.254935
29 -8.520266 0.688098 -65.829046 0.672422 385.791791 11.621540
29 -9.334448 0.743143 -61.689041 0.733602 406.905039 13.249903
29 -11.880237 0.778317 -61.351094 0.831906 437.350918 18.341482
30 -7.250451 0.720793 -65.186935 0.715408 388.222177 9.081910
30 -7.378022 0.766723 -64.205896 0.617840 390.434229 9.337052
30 -6.937805 0.782064 -69.976273 0.439391 370.601970 8.456618
30 -6.969617 0.744361 -66.953920 0.587072 380.050306 8.520241
30 -7.348019 0.758038 -64.871634 0.568306 382.719417 9.277045
30 -7.692622 0.785015 -63.662287 0.549036 389.521518 9.966252
30 -6.912179 0.746900 -66.624630 0.598105 381.371508 8.405365
30 -8.630258 0.688297 -65.316659 0.717106 392.168147 11.841523
30 -8.028076 0.723882 -63.410366 0.736455 396.177337 10.637160
30 -11.865407 0.778561 -63.323983 0.777132 434.549762 18.311821
31 -6.672891 0.728578 -67.437177 0.659655 380.534612 7.926790
31 -7.955740 0.747846 -64.358572 0.622876 391.084463 10.492488
31 -7.177417 0.781747 -70.003857 0.427516 370.626321 8.935841
31 -7.141553 0.704783 -66.071159 0.721646 385.599043 8.864114
31 -6.396499 0.761999 -67.771112 0.588139 378.521811 7.374005
31 -7.479182 0.779081 -64.875593 0.563745 389.670066 9.539371
31 -9.252069 0.747359 -63.591181 0.710853 407.522850 13.085146
31 -9.082729 0.698207 -65.080738 0.687153 392.061742 12.746466
31 -8.090380 0.772915 -66.836700 0.468940 378.577557 10.761767
31 -11.833825 0.779037 -63.592518 0.771023 434.152632 18.248658
32 -6.595154 0.763291 -68.200960 0.541050 375.987064 7.771316
32 -8.864541 0.712342 -64.801656 0.633568 387.004001 12.310090
32 -7.623675 0.795703 -69.501536 0.389087 372.231974 9.828358
32 -7.090056 0.712799 -66.133225 0.726083 385.539564 8.761119
32 -7.715264 0.777687 -63.193322 0.570977 389.433563 10.011536
32 -6.942941 0.777517 -65.072341 0.563468 384.108597 8.466889
32 -8.559412 0.727209 -62.950845 0.699244 396.878736 11.699832
32 -8.060285 0.743328 -63.195594 0.704415 397.503863 10.701578
32 -7.596667 0.763591 -63.783473 0.614615 390.678459 9.774341
32 -11.427958 0.779067 -63.018825 0.746520 429.452157 17.436924
33 -6.999900 0.720569 -66.556851 0.662022 382.414995 8.580808
33 -8.680894 0.704911 -62.040332 0.781567 398.422586 11.942796
33 -6.691188 0.780065 -68.096227 0.490851 375.423270 7.963384
33 -6.952003 0.730203 -65.955106 0.686610 384.213816 8.485014
33 -7.412642 0.787358 -63.301262 0.568670 388.992848 9.406292
33 -8.360552 0.798754 -62.121658 0.544075 395.332210 11.302112
33 -9.720010 0.739636 -62.147917 0.720756 407.354528 14.021028
33 -7.096543 0.739461 -65.068535 0.672642 385.962655 8.774093
33 -7.701336 0.698510 -64.286219 0.743876 389.803499 9.983679
33 -11.312364 0.796462 -62.908269 0.701068 429.453024 17.205735
34 -7.406976 0.745336 -65.807573 0.596420 384.637151 9.394959
34 -8.241225 0.736060 -63.330470 0.628061 389.017045 11.063457
34 -6.591702 0.782292 -67.677990 0.503712 376.733543 7.764411
34 -7.025606 0.718995 -66.427092 0.703877 382.862399 8.632220
34 -8.052293 0.784687 -61.597104 0.608076 393.230607 10.685594
34 -6.866236 0.767035 -65.106303 0.593974 383.120089 8.313480
34 -9.544498 0.719575 -61.210036 0.785466 407.002740 13.670004
34 -6.901476 0.766176 -65.031972 0.591927 381.166460 8.383960
34 -7.551436 0.687111 -65.236159 0.751172 387.991539 9.683879
34 -11.497934 0.785189 -62.706068 0.740056 430.669678 17.576875
35 -10.205712 0.704679 -61.500913 0.817558 411.025736 14.992432
35 -8.265173 0.790982 -64.258911 0.471632 383.890675 11.111354
35 -6.545274 0.789051 -69.513403 0.458703 372.289928 7.671556
35 -6.638490 0.738954 -66.994667 0.654110 380.772271 7.857988
35 -7.329200 0.756960 -65.022816 0.563805 381.336677 9.239407
35 -9.188586 0.778158 -61.542682 0.599651 399.847383 12.958180
35 -8.525207 0.796656 -65.428731 0.426442 379.882780 11.631422
35 -7.395894 0.736193 -65.963912 0.603535 382.995460 9.372796
35 -8.555439 0.647803 -64.638657 0.852693 397.855857 11.691886
35 -11.312248 0.778341 -63.423551 0.735718 427.912024 17.205504
36 -10.450797 0.695992 -61.556997 0.834681 412.060300 15.482602
36 -8.213721 0.714544 -65.649736 0.621093 384.112554 11.008450
36 -6.406050 0.798586 -66.056443 0.536385 379.900764 7.393108
36 -7.752589 0.760014 -64.891540 0.615229 392.575622 10.086185
36 -7.624488 0.779483 -67.669967 0.464872 378.605000 9.829983
36 -8.390849 0.774522 -61.601744 0.658868 399.226591 11.362705
36 -8.270774 0.772649 -65.257683 0.547409 390.661610 11.122556
36 -7.076504 0.729404 -66.808572 0.629324 382.285348 8.734015
36 -8.323030 0.637179 -64.613160 0.898247 396.203541 11.227068
36 -11.292587 0.793952 -63.182519 0.704905 429.221175 17.166182
37 -9.012841 0.637101 -63.210403 0.921318 403.232514 12.606690
37 -7.275282 0.710682 -65.581687 0.690412 384.251987 9.131571
37 -6.608473 0.797273 -68.462595 0.445682 373.049999 7.797954
37 -8.806891 0.705901 -62.878565 0.826195 405.077554 12.194789
37 -7.046971 0.726525 -65.905371 0.661773 383.698418 8.674950
37 -7.048997 0.797660 -64.446783 0.515105 384.194104 8.679002
37 -7.463408 0.785703 -65.257946 0.521538 386.471371 9.507823
37 -9.481024 0.744283 -62.585724 0.699140 405.456876 13.543056
37 -7.927306 0.648958 -65.270998 0.850792 393.129006 10.435620
37 -11.540310 0.753372 -62.125491 0.777253 424.790658 17.661627
38 -7.374344 0.748794 -66.239238 0.577453 383.210887 9.329695
38 -7.413697 0.752229 -63.624353 0.644198 387.540866 9.408402
38 -6.402129 0.790716 -68.607968 0.485447 375.124042 7.385266
38 -8.921951 0.673745 -63.634637 0.834101 402.211019 12.424909
38 -6.896200 0.755108 -65.787343 0.592077 381.344773 8.373408
38 -7.041571 0.775822 -64.783833 0.544351 381.051921 8.664150
38 -7.962554 0.791275 -62.914929 0.580038 395.947474 10.506115
38 -7.023773 0.760211 -65.129660 0.604747 385.064241 8.628553
38 -7.533437 0.724885 -65.442158 0.682413 390.157477 9.647882
38 -10.227095 0.789075 -60.214185 0.710258 418.781237 15.035198
39 -10.987979 0.566118 -62.639143 1.103074 417.689427 16.556965
39 -7.078129 0.798428 -64.666429 0.506877 384.187830 8.737266
39 -6.147672 0.791435 -68.371761 0.518006 374.542927 6.876352
39 -8.855662 0.779554 -61.753017 0.601234 399.134385 12.292331
39 -6.976345 0.729932 -66.659852 0.629344 380.471226 8.533698
39 -7.138818 0.743463 -65.016624 0.679331 388.011818 8.858643
39 -6.902189 0.799332 -64.481673 0.519994 383.342528 8.385385
39 -10.040852 0.784807 -61.424020 0.638155 410.699676 14.662712
39 -10.055359 0.632693 -60.529697 0.900278 402.262502 14.691725
39 -10.131056 0.795754 -60.011818 0.684581 417.250333 14.843120
40 -9.417318 0.592648 -64.527052 1.053718 410.800592 13.415644
40 -8.438000 0.770620 -64.327667 0.526754 386.589418 11.457007
40 -6.801708 0.775892 -65.159461 0.564166 380.842068 8.184424
40 -8.734503 0.784728 -61.621087 0.624390 402.287172 12.050013
40 -7.053921 0.788893 -66.364018 0.494568 381.506393 8.688850
40 -6.978147 0.774122 -64.752842 0.618363 386.653787 8.537301
40 -6.794932 0.783563 -64.870072 0.569816 383.227098 8.170872
40 -7.500606 0.786138 -66.382975 0.467151 379.661043 9.582220
40 -10.373966 0.627755 -60.422677 0.956884 408.266875 15.328940
40 -7.770106 0.782338 -62.939020 0.534577 385.912001 10.121219
41 -9.472019 0.623950 -64.357659 0.925040 405.253670 13.525047
41 -6.771503 0.798054 -67.122478 0.453825 375.494407 8.124013
41 -7.329381 0.727646 -65.994123 0.633187 383.961960 9.239769
41 -8.647113 0.775448 -64.100568 0.607323 400.563961 11.875233
41 -7.711465 0.743041 -65.017573 0.603372 386.365993 10.003938
41 -8.429012 0.656079 -65.865278 0.750526 387.893346 11.439031
41 -6.886759 0.797714 -65.470861 0.508998 383.592473 8.354525
41 -6.433697 0.793704 -67.321131 0.502095 378.011271 7.448402
41 -10.388862 0.602948 -60.776594 0.983684 407.570628 15.358731
41 -7.131181 0.790509 -68.490307 0.430261 373.645519 8.843369
42 -8.760368 0.614365 -64.425423 0.946211 401.423398 12.101744
42 -6.831704 0.727143 -67.161344 0.642501 380.165358 8.244416
42 -8.033550 0.777618 -63.499651 0.616257 397.708760 10.648108
42 -7.849433 0.781083 -64.347371 0.534557 388.404178 10.279874
42 -7.329083 0.679395 -66.290316 0.777166 386.671348 9.239174
42 -7.477907 0.781848 -64.910681 0.553916 389.289681 9.536822
42 -7.104747 0.770885 -64.958409 0.574617 385.262684 8.790502
42 -9.058861 0.726266 -61.176903 0.729490 399.981133 12.698730
42 -11.167581 0.557261 -60.888651 1.122377 416.918548 16.916170
42 -7.229401 0.769424 -68.168367 0.496608 377.875007 9.039809
43 -9.210683 0.737259 -62.057626 0.678758 399.217505 13.002374
43 -6.871723 0.734693 -66.024594 0.668633 383.424178 8.324454
43 -8.895492 0.744226 -60.771513 0.700604 396.914274 12.371992
43 -7.581429 0.747393 -63.213488 0.650740 387.088850 9.743865
43 -7.369912 0.735734 -64.740340 0.650946 386.945447 9.320832
43 -7.243300 0.747163 -64.354777 0.653877 387.252868 9.067608
43 -6.400487 0.789308 -67.804141 0.511660 377.953464 7.381981
43 -7.982801 0.719985 -63.716014 0.721546 394.436778 10.546609
43 -10.510658 0.648733 -62.027292 0.875381 406.882166 15.602325
43 -9.499157 0.660224 -64.831252 0.806428 399.881546 13.579321
44 -6.165528 0.794931 -67.510984 0.536345 377.248041 6.912064
44 -7.495713 0.710320 -65.113910 0.695744 387.349734 9.572433
44 -8.393720 0.732279 -61.786527 0.660490 390.223818 11.368449
44 -8.177681 0.676636 -64.095163 0.834775 397.339801 10.936370
44 -6.958054 0.771736 -64.802157 0.605904 386.372834 8.497116
44 -10.541993 0.640444 -61.519209 0.885861 405.841177 15.664994
44 -6.224173 0.795756 -67.984415 0.503426 375.951136 7.029353
44 -9.002380 0.716136 -62.177093 0.720779 398.158521 12.585768
44 -7.997264 0.791763 -61.754055 0.602544 394.014397 10.575535
44 -7.581257 0.689843 -65.091694 0.761164 387.459460 9.743522
45 -8.485613 0.775792 -66.402809 0.491778 384.543946 11.552234
45 -8.485838 0.677158 -63.244329 0.838965 398.700164 11.552684
45 -8.857678 0.725053 -60.766321 0.676290 390.735307 12.296363
45 -6.818983 0.734125 -67.753460 0.607374 378.306769 8.218973
45 -6.932652 0.784395 -64.475818 0.583943 385.924310 8.446312
45 -9.585796 0.618420 -63.352237 0.949154 406.436820 13.752599
45 -6.544963 0.787953 -65.802741 0.572347 381.770280 7.670933
45 -7.558657 0.771508 -64.158210 0.575170 388.558015 9.698321
45 -6.039990 0.788315 -68.988359 0.542561 373.847634 6.660989
45 -8.489870 0.673932 -64.688619 0.794178 396.747205 11.560747
46 -7.688128 0.793186 -68.040763 0.439757 379.883027 9.957263
46 -8.741355 0.676840 -63.679506 0.864738 404.009758 12.063717
46 -8.604072 0.794515 -64.235401 0.502256 391.606933 11.789151
46 -7.274086 0.724900 -66.841452 0.615426 380.966006 9.129179
46 -8.214072 0.744661 -61.715262 0.653112 390.595317 11.009151
46 -12.281970 0.617882 -63.327581 0.848087 413.711207 19.144947
46 -6.583962 0.777006 -67.039219 0.545089 380.189113 7.748931
46 -9.600838 0.721831 -61.099546 0.734355 402.537129 13.782683
46 -6.052062 0.788293 -69.028099 0.546773 373.545617 6.685132
46 -6.673230 0.778844 -66.544801 0.529563 378.997669 7.927467
47 -8.375843 0.796392 -66.701305 0.425880 380.578259 11.332693
47 -9.233171 0.692487 -62.896020 0.796935 403.256092 13.047350
47 -7.276562 0.788702 -64.494696 0.567573 390.516437 9.134132
47 -7.300277 0.742299 -67.307517 0.554832 377.792212 9.181563
47 -7.919739 0.757624 -62.196790 0.603289 386.565899 10.420486
47 -12.416367 0.627740 -63.373210 0.820262 413.829653 19.413742
47 -8.038771 0.715098 -63.991581 0.706543 392.764217 10.658549
47 -6.638070 0.799554 -65.243783 0.530897 382.579548 7.857148
47 -6.098490 0.782749 -69.035948 0.563429 373.810906 6.777988
47 -7.241926 0.758892 -65.262299 0.597698 386.542994 9.064859
48 -7.192417 0.727200 -65.088783 0.688236 386.677539 8.965841
48 -8.929930 0.687714 -62.765020 0.842485 404.146782 12.440867
48 -6.771465 0.768750 -66.487413 0.567532 382.252930 8.123938
48 -7.746372 0.715485 -65.338813 0.641612 384.184720 10.073751
48 -7.566567 0.767281 -64.127891 0.543483 382.564095 9.714142
48 -12.808374 0.629149 -64.689332 0.779309 414.605385 20.197756
48 -6.840145 0.795123 -67.177060 0.455561 375.848672 8.261297
48 -6.782219 0.789368 -65.397266 0.532231 382.386127 8.145446
48 -5.990192 0.798840 -69.300030 0.520811 372.445969 6.561391
48 -8.100307 0.745572 -62.528627 0.622869 388.589146 10.781621
49 -6.961191 0.737036 -65.761414 0.658698 382.181913 8.503389
49 -10.399715 0.592707 -61.801711 1.044015 413.001158 15.380438
49 -7.729411 0.785887 -63.363542 0.563854 391.409865 10.039830
49 -7.571969 0.704162 -65.840335 0.681151 385.629865 9.724945
49 -6.450284 0.792950 -66.071823 0.554321 379.742841 7.481576
49 -11.455553 0.587558 -60.882181 1.128596 422.415694 17.492113
49 -6.288377 0.795823 -67.405588 0.513947 378.036836 7.157763
49 -6.251861 0.785584 -67.539406 0.545917 376.167342 7.084730
49 -6.092116 0.787403 -68.448665 0.545099 375.766493 6.765240
49 -9.177379 0.757029 -62.061960 0.680228 404.475452 12.935765
50 -8.114718 0.717436 -62.808753 0.710519 392.104543 10.810443
50 -8.578914 0.721488 -64.844466 0.671196 394.026167 11.738835
50 -6.363747 0.765535 -68.407552 0.559320 375.058778 7.308501
50 -9.232030 0.642128 -65.235173 0.773389 389.922835 13.045068
50 -7.286322 0.773664 -65.765469 0.555248 386.436488 9.153651
50 -9.382760 0.659324 -63.331408 0.940124 410.567306 13.346528
50 -6.529219 0.772178 -66.586295 0.565674 379.134287 7.639445
50 -6.855439 0.747495 -65.740676 0.635223 383.396294 8.291886
50 -8.824068 0.735286 -64.246290 0.596357 387.406995 12.229143
50 -8.925149 0.610842 -64.399985 0.998703 404.654258 12.431305
51 -8.888741 0.746334 -62.014610 0.715175 403.535263 12.358489
51 -9.899752 0.623337 -62.522365 1.019109 412.464476 14.380511
51 -6.690549 0.773349 -68.943804 0.495122 374.097864 7.962105
51 -8.448775 0.683036 -65.533209 0.691829 386.705628 11.478557
51 -7.237618 0.760538 -66.965050 0.539236 380.855279 9.056243
51 -6.923844 0.791009 -64.454004 0.577529 385.110742 8.428695
51 -7.284908 0.724041 -65.036344 0.671159 385.461001 9.150824
51 -6.714011 0.772913 -68.925433 0.495391 374.273426 8.009030
51 -7.361608 0.678728 -66.198110 0.788916 387.819213 9.304223
51 -10.078195 0.601973 -61.286373 0.970462 403.902748 14.737397
52 -7.127010 0.716786 -65.971073 0.683604 384.725818 8.835028
52 -9.632972 0.618022 -63.543807 1.000503 410.903239 13.846952
52 -6.516128 0.766520 -68.296416 0.539263 375.805542 7.613264
52 -6.998267 0.769138 -65.807869 0.570702 384.460416 8.577542
52 -7.369690 0.755989 -66.833311 0.566200 384.119641 9.320387
52 -7.025240 0.772848 -64.298702 0.598610 384.385054 8.631488
52 -8.027776 0.672294 -65.314500 0.802248 394.617216 10.636559
52 -6.482216 0.754865 -67.462667 0.600771 377.972802 7.545440
52 -6.382917 0.784145 -67.444667 0.526567 377.200999 7.346841
52 -12.076590 0.602417 -58.710412 1.044234 417.574320 18.734187
53 -8.031758 0.701657 -63.771303 0.712820 389.818471 10.644523
53 -10.288239 0.647451 -61.275028 0.952849 412.494143 15.157485
53 -7.683255 0.786770 -68.331217 0.439310 377.588247 9.947517
53 -6.684195 0.770200 -66.496677 0.559822 380.495937 7.949398
53 -6.628830 0.783353 -65.576388 0.582493 382.490700 7.838667
53 -7.092181 0.780214 -64.130838 0.589281 387.067651 8.765370
53 -7.898299 0.795895 -67.413531 0.409407 376.175922 10.377606
53 -7.032789 0.730322 -66.059431 0.640086 381.860130 8.646586
53 -6.528299 0.778557 -66.182628 0.582781 379.913793 7.637605
53 -10.759057 0.590946 -64.728791 1.034846 415.419406 16.099121
54 -8.107862 0.752465 -63.530786 0.616625 391.529692 10.796732
54 -9.964946 0.657407 -61.225968 0.902833 408.214207 14.510899
54 -7.332806 0.775869 -64.702942 0.562371 387.091011 9.246619
54 -6.691324 0.795674 -65.056425 0.533454 381.801357 7.963655
54 -7.497140 0.783731 -64.141946 0.543591 387.599303 9.575288
54 -8.433312 0.795879 -64.217456 0.522587 394.592302 11.447632
54 -8.664491 0.797890 -67.879017 0.387823 375.685469 11.909990
54 -7.118184 0.729901 -65.517284 0.652508 383.696007 8.817376
54 -6.939555 0.778168 -66.223713 0.517401 379.875778 8.460118
54 -9.608649 0.596476 -64.321078 1.057749 412.586694 13.798305
55 -8.369483 0.712261 -62.645712 0.703874 392.071731 11.319973
55 -8.773495 0.725214 -62.547298 0.755754 402.748876 12.127997
55 -6.107780 0.798963 -68.052887 0.514772 376.224541 6.796567
55 -7.794552 0.765041 -65.009653 0.574876 389.390186 10.170112
55 -6.791265 0.775070 -66.866457 0.516322 376.911795 8.163538
55 -9.907440 0.777605 -60.869938 0.678139 411.933993 14.395887
55 -8.139673 0.747955 -62.540194 0.689729 396.417413 10.860354
55 -8.233915 0.745494 -62.692180 0.603263 387.095384 11.048838
55 -7.674289 0.784521 -65.899654 0.476735 381.292012 9.929586
55 -10.503954 0.593468 -63.638620 1.081941 418.252819 15.588916
56 -7.148063 0.728762 -65.242102 0.664098 384.302503 8.877134
56 -7.248432 0.720494 -66.355443 0.637361 381.382726 9.077871
56 -7.064141 0.769651 -64.699585 0.574258 383.691716 8.709289
56 -6.947202 0.778802 -68.155704 0.484616 376.859996 8.475412
56 -7.020462 0.751110 -67.704495 0.555082 378.742341 8.621932
56 -10.300629 0.744445 -62.047272 0.755808 414.979300 15.182265
56 -6.456822 0.777589 -68.571027 0.512849 375.218091 7.494652
56 -8.597946 0.725553 -61.769465 0.670113 391.222499 11.776901
56 -8.364799 0.758142 -65.121294 0.528704 383.164007 11.310606
56 -9.181825 0.586835 -64.260360 1.045377 406.934446 12.944657
57 -8.306376 0.726883 -64.482629 0.652776 391.470125 11.193760
57 -6.219472 0.796190 -67.646147 0.509973 375.946800 7.019952
57 -8.190668 0.769621 -63.567626 0.525958 384.092166 10.962343
57 -6.879175 0.764874 -65.634847 0.574156 381.733511 8.339358
57 -6.868515 0.768844 -67.739764 0.514465 376.978220 8.318037
57 -10.494764 0.775263 -61.207078 0.668554 413.033101 15.570535
57 -7.319322 0.776032 -65.218048 0.526346 382.838449 9.219652
57 -6.046549 0.798563 -69.177819 0.497925 373.437517 6.674106
57 -7.530249 0.725243 -66.716713 0.606832 381.926455 9.641505
57 -9.331930 0.591792 -63.876550 1.043221 407.532984 13.244867
58 -9.602680 0.693574 -61.704712 0.869026 409.737276 13.786367
58 -6.487364 0.777842 -66.760513 0.564227 380.916287 7.555735
58 -8.736492 0.682354 -64.249881 0.788582 398.933234 12.053991
58 -6.110657 0.785185 -68.513500 0.546708 374.800051 6.802322
58 -6.693896 0.790043 -66.858578 0.487300 377.169911 7.968800
58 -10.613744 0.753610 -64.168665 0.707188 414.729913 15.808495
58 -8.896323 0.712975 -62.120909 0.751822 400.030594 12.373653
58 -6.226293 0.798807 -67.743590 0.498270 375.688405 7.033593
58 -7.384482 0.759863 -63.910421 0.655521 390.613206 9.349971
58 -9.423623 0.597428 -63.912021 1.042561 409.940761 13.428254
59 -8.502059 0.765405 -62.012502 0.674384 401.171699 11.585125
59 -6.539714 0.745898 -67.247493 0.639136 379.773085 7.660436
59 -10.039012 0.697836 -61.312271 0.820353 408.825295 14.659031
59 -6.341283 0.779111 -67.108230 0.585059 379.068944 7.263574
59 -8.211797 0.797320 -64.400339 0.488901 389.075819 11.004602
59 -10.117419 0.669143 -63.494229 0.831668 406.214329 14.815846
59 -9.214878 0.731108 -62.031048 0.751718 405.749815 13.010764
59 -8.189326 0.788501 -63.195381 0.566116 395.606012 10.959660
59 -9.218921 0.752650 -64.742412 0.603364 395.592878 13.018850
59 -9.162984 0.591993 -64.381868 1.045129 407.376591 12.906975
60 -8.219958 0.717173 -62.831629 0.726098 394.606496 11.020923
60 -6.875035 0.726321 -66.849550 0.650070 381.241546 8.331077
60 -7.700940 0.710762 -64.946892 0.665884 385.113305 9.982887
60 -6.780739 0.794302 -67.045684 0.485724 380.049725 8.142486
60 -7.466253 0.775557 -65.263094 0.503906 380.197120 9.513513
60 -7.465373 0.710695 -64.775007 0.707457 387.582697 9.511753
60 -8.024821 0.750962 -62.624089 0.606548 387.555770 10.630650
60 -8.264502 0.778597 -64.738577 0.579344 396.491440 11.110012
60 -6.852286 0.730883 -66.258692 0.675343 383.031021 8.285580
60 -9.198691 0.583968 -64.374854 1.055342 407.302746 12.978389
61 -6.991954 0.741937 -66.775790 0.595984 380.593403 8.564916
61 -6.568926 0.799898 -65.667757 0.522633 381.821519 7.718859
61 -6.855976 0.716866 -66.884718 0.705521 382.867104 8.292959
61 -7.321955 0.753247 -64.355677 0.661783 387.922524 9.224917
61 -7.319730 0.734782 -66.347108 0.593599 380.663052 9.220467
61 -7.601482 0.761080 -66.155968 0.524100 380.657253 9.783972
61 -7.371453 0.771923 -67.417852 0.503113 380.382356 9.323913
61 -6.884134 0.745530 -68.138177 0.561736 376.523790 8.349276
61 -7.112136 0.727962 -65.351643 0.670937 384.585756 8.805280
61 -9.394329 0.591399 -65.736854 0.947710 401.938315 13.369665
62 -6.820258 0.767039 -66.264730 0.575825 383.071045 8.221524
62 -6.880066 0.787212 -65.947938 0.535359 384.370236 8.341139
62 -6.630911 0.755104 -66.705241 0.603301 378.959917 7.842829
62 -7.108806 0.775318 -64.189016 0.590593 386.387527 8.798620
62 -6.570867 0.786478 -65.759997 0.577628 383.291584 7.722742
62 -8.387131 0.640366 -64.268694 0.871041 396.328994 11.355269
62 -7.120071 0.796104 -65.076368 0.484980 381.320960 8.821150
62 -7.026896 0.787227 -67.660857 0.454363 374.860625 8.634800
62 -7.418052 0.759469 -64.135656 0.582258 384.463563 9.417111
62 -9.381756 0.571981 -65.626450 1.013697 401.945826 13.344520
63 -7.156111 0.776208 -65.417709 0.551797 385.225218 8.893230
63 -7.511739 0.725820 -64.585353 0.722408 390.021346 9.604485
63 -6.732762 0.744354 -66.500610 0.663349 383.093344 8.046532
63 -7.349526 0.789033 -67.817485 0.455918 378.909517 9.280060
63 -7.016425 0.778546 -66.476720 0.524306 382.147003 8.613857
63 -7.893967 0.664638 -64.730407 0.813663 391.509837 10.368942
63 -8.082542 0.741066 -64.238018 0.610171 388.210270 10.746091
63 -9.136236 0.670529 -61.953502 0.836084 400.764148 12.853479
63 -8.170131 0.727654 -64.910052 0.651706 391.162694 10.921269
63 -9.551290 0.571399 -66.307797 0.976326 399.596519 13.683588
64 -9.217474 0.719652 -64.222739 0.683368 397.182975 13.015955
64 -6.722480 0.752101 -66.233005 0.611711 380.617895 8.025967
64 -7.261765 0.760280 -68.121114 0.507542 376.738311 9.104537
64 -9.060944 0.754513 -65.795846 0.547320 387.380447 12.702896
64 -8.264237 0.761335 -61.796927 0.668625 395.618721 11.109481
64 -7.122042 0.714756 -65.829105 0.714747 386.707639 8.825091
64 -7.350062 0.773937 -65.708022 0.503965 379.150996 9.281132
64 -9.100854 0.682147 -62.287909 0.768383 396.447121 12.782715
64 -6.919535 0.780292 -67.181367 0.490764 377.299389 8.420078
64 -9.370927 0.573053 -66.235657 0.967776 398.586111 13.322861
65 -8.175335 0.780392 -62.717117 0.602257 396.686901 10.931677
65 -6.648491 0.757895 -66.432446 0.608551 379.409066 7.877989
65 -6.678369 0.754869 -67.927702 0.562099 377.175066 7.937745
65 -8.288553 0.780907 -63.698690 0.532628 389.714467 11.158114
65 -7.264728 0.780523 -64.984007 0.536180 384.877957 9.110464
65 -7.437677 0.730560 -64.210594 0.695245 388.675232 9.456362
65 -8.325718 0.737292 -62.309985 0.698638 396.200150 11.232444
65 -7.637418 0.785193 -63.339788 0.522482 384.774870 9.855844
65 -7.139922 0.743840 -64.731671 0.643670 383.530162 8.860851
65 -10.195046 0.583294 -61.521774 1.019448 406.468470 14.971100
66 -7.950870 0.791701 -62.003314 0.577509 393.412890 10.482748
66 -6.531035 0.760601 -67.105574 0.584685 378.829297 7.643077
66 -6.681362 0.777010 -66.725929 0.527228 377.097543 7.943731
66 -6.143385 0.793929 -67.762533 0.533175 376.459634 6.867777
66 -6.888690 0.776291 -67.976721 0.485794 374.394811 8.358388
66 -7.529769 0.711440 -64.432243 0.726338 389.189454 9.640545
66 -7.186540 0.798677 -69.770821 0.396131 371.796392 8.954087
66 -7.405428 0.716829 -65.363767 0.669989 385.469972 9.391864
66 -7.214151 0.742353 -64.457298 0.654472 385.284446 9.009310
66 -11.532152 0.576853 -60.658704 1.023583 409.942609 17.645312
67 -8.283404 0.794554 -62.467195 0.524989 391.419149 11.147815
67 -7.703417 0.767307 -62.529971 0.623117 389.328303 9.987841
67 -7.181628 0.747462 -68.175478 0.534977 376.021075 8.944263
67 -6.400513 0.796659 -67.033901 0.496473 376.283515 7.382033
67 -6.434082 0.778345 -67.793634 0.531220 377.285823 7.449172
67 -7.065892 0.766470 -64.511581 0.625722 387.060851 8.712793
67 -6.562086 0.794081 -67.943283 0.467076 374.888841 7.705180
67 -7.806544 0.725465 -65.748688 0.627965 386.067043 10.194095
67 -7.365302 0.784128 -63.680888 0.561824 387.778082 9.311611
67 -11.984130 0.584320 -59.385590 1.073237 418.064078 18.549268
68 -7.740836 0.784597 -62.066437 0.579274 389.003940 10.062679
68 -6.467514 0.760849 -67.408552 0.588971 379.006752 7.516036
68 -8.178136 0.746798 -65.304203 0.590558 388.593593 10.937280
68 -6.550038 0.797411 -67.855630 0.461951 375.150671 7.681083
68 -6.239296 0.783844 -69.800189 0.498636 371.261930 7.059600
68 -7.743888 0.721173 -66.207462 0.608457 381.941876 10.068783
68 -7.096497 0.795063 -68.435720 0.436323 376.332494 8.774001
68 -7.108897 0.753170 -67.093303 0.564476 381.166884 8.798802
68 -7.280632 0.736888 -64.496948 0.663212 386.596537 9.142271
68 -10.875671 0.575471 -62.546970 1.099204 418.143693 16.332349
69 -8.256569 0.784279 -63.201683 0.504766 385.654216 11.094146
69 -6.437368 0.764387 -67.844012 0.564278 376.556629 7.455743
69 -7.976955 0.790998 -65.616248 0.472800 384.291930 10.534917
69 -6.513362 0.795503 -67.791551 0.470583 375.156305 7.607732
69 -6.314325 0.771475 -67.691760 0.571634 377.572402 7.209658
69 -7.066985 0.727494 -66.848332 0.624680 379.826049 8.714978
69 -8.601303 0.775856 -61.036000 0.645925 399.173600 11.783613
69 -8.857804 0.763317 -64.478038 0.565881 391.938526 12.296616
69 -7.461440 0.747234 -64.625369 0.638152 389.220983 9.503889
69 -11.277689 0.569841 -60.696758 1.133627 418.959838 17.136385
70 -7.608832 0.775013 -62.538431 0.580591 386.481674 9.798671
70 -8.689564 0.751057 -67.340009 0.518203 381.751693 11.960135
70 -7.244746 0.796466 -69.271467 0.407262 373.273980 9.070500
70 -6.495843 0.775425 -66.926529 0.563058 380.450724 7.572694
70 -6.644746 0.747522 -66.651000 0.650197 382.430216 7.870500
70 -7.262481 0.744132 -67.055960 0.578290 381.643675 9.105970
70 -9.101310 0.795434 -62.527251 0.580455 403.875031 12.783627
70 -7.299935 0.789353 -66.851531 0.482569 382.257754 9.180878
70 -7.473105 0.739847 -64.939933 0.650227 389.237748 9.527218
70 -11.624513 0.570264 -59.801657 1.117638 418.321047 17.830034
71 -9.626618 0.648552 -61.379113 0.904817 404.606038 13.834244
71 -10.109954 0.692085 -61.100148 0.875153 412.418827 14.800915
71 -6.192757 0.796784 -68.215249 0.497404 374.422106 6.966522
71 -6.982470 0.778945 -65.098379 0.544387 382.623311 8.545947
71 -7.303371 0.778817 -63.622153 0.612610 389.641718 9.187750
71 -6.989943 0.743367 -68.765437 0.546566 374.729395 8.560894
71 -6.783267 0.762270 -65.616319 0.626158 383.295441 8.147542
71 -8.207894 0.741049 -64.137838 0.693277 398.637746 10.996796
71 -8.064221 0.781157 -66.148334 0.482802 383.257163 10.709450
71 -10.025893 0.597506 -63.555821 1.077285 415.785580 14.632794
72 -8.959822 0.692172 -62.300386 0.759819 397.028383 12.500651
72 -8.461610 0.726227 -62.758831 0.693931 395.165575 11.504227
72 -7.910517 0.779229 -69.535922 0.417813 372.678742 10.402042
72 -7.844744 0.779908 -63.063106 0.600046 394.257701 10.270495
72 -8.012878 0.755052 -64.006524 0.562645 384.755759 10.606763
72 -7.033093 0.748022 -66.727055 0.573579 379.657593 8.647194
72 -6.197290 0.768319 -69.422412 0.562592 373.061886 6.975588
72 -10.835086 0.763667 -62.967662 0.624971 405.353461 16.251179
72 -9.579882 0.781933 -64.916333 0.465721 382.172230 13.740771
72 -11.310627 0.603668 -62.351735 1.058827 420.517705 17.202262
73 -7.047458 0.772587 -67.482458 0.492419 376.113693 8.675924
73 -7.939197 0.742725 -64.168605 0.628099 390.047503 10.459402
73 -8.625119 0.762939 -61.878848 0.657270 399.722500 11.831246
73 -8.168897 0.799110 -63.636314 0.495150 389.596586 10.918801
73 -6.832939 0.795448 -69.767678 0.418761 371.243996 8.246885
73 -7.191273 0.790148 -65.296834 0.506486 383.611013 8.963553
73 -6.787290 0.781098 -65.685244 0.543344 381.836766 8.155588
73 -10.413883 0.763702 -60.978743 0.707374 413.864645 15.408773
73 -8.007915 0.798872 -65.235418 0.450069 383.167211 10.596838
73 -9.717587 0.603991 -64.001609 1.028747 411.948682 14.016181
74 -6.786853 0.730320 -68.023625 0.615273 377.748366 8.154713
74 -7.851136 0.761184 -64.296588 0.569129 387.065782 10.283280
74 -7.999795 0.757160 -62.008208 0.633080 390.326021 10.580598
74 -6.384937 0.775035 -67.731218 0.543222 376.431987 7.350882
74 -6.673186 0.787635 -68.421131 0.465178 373.770199 7.927379
74 -7.690706 0.774612 -62.866702 0.631060 393.299769 9.962420
74 -8.475742 0.792813 -67.649918 0.421324 379.390603 11.532491
74 -9.234227 0.792179 -60.275108 0.632541 405.630832 13.049461
74 -7.815339 0.765586 -62.866586 0.626768 392.547777 10.211686
74 -10.021175 0.611714 -62.749904 1.036321 413.882661 14.623357
75 -6.290678 0.774593 -68.755028 0.537672 373.753721 7.162363
75 -7.905607 0.762241 -62.284266 0.601601 388.226364 10.392222
75 -6.884042 0.756047 -65.765511 0.629592 385.922923 8.349092
75 -6.432486 0.775772 -66.755695 0.594658 380.173447 7.445980
75 -6.865125 0.796554 -66.501080 0.492679 382.157033 8.311258
75 -7.860582 0.768011 -62.700773 0.627602 393.250290 10.302171
75 -8.438048 0.787099 -69.215934 0.389423 372.235517 11.457103
75 -9.447543 0.782346 -60.732433 0.653303 407.664877 13.476094
75 -6.214600 0.793200 -67.484916 0.560223 377.998502 7.010208
75 -9.292763 0.595704 -63.760876 1.030348 406.895530 13.166533
76 -6.722000 0.744518 -66.354600 0.651036 382.252347 8.025007
76 -7.433008 0.751490 -66.442563 0.585007 385.539316 9.447024
76 -7.069246 0.751098 -65.093569 0.666493 388.247342 8.719500
76 -6.089294 0.776696 -69.261919 0.565316 373.717570 6.759595
76 -6.750213 0.796282 -66.732348 0.474382 378.195485 8.081433
76 -8.198057 0.780714 -65.709151 0.514030 388.319955 10.977122
76 -8.267536 0.772556 -68.006434 0.469219 379.955616 11.116080
76 -8.433991 0.786472 -63.075079 0.610595 401.763287 11.448989
76 -7.765720 0.746848 -64.542611 0.625741 390.081436 10.112448
76 -9.254440 0.689122 -63.818381 0.796966 403.486070 13.089887
77 -7.125228 0.710985 -65.983959 0.715783 384.224932 8.831465
77 -7.156937 0.790858 -70.250398 0.404376 369.087796 8.894881
77 -6.879545 0.785703 -65.004647 0.560192 385.145308 8.340097
77 -7.627961 0.796642 -65.730559 0.473560 384.662690 9.836929
77 -8.036566 0.790907 -67.554690 0.429080 378.555601 10.654140
77 -6.514709 0.780499 -66.103778 0.567262 380.367604 7.610425
77 -7.133419 0.791556 -70.777661 0.396638 368.005335 8.847845
77 -6.856527 0.783040 -64.662951 0.559334 382.170367 8.294062
77 -7.363391 0.769699 -65.727675 0.563002 386.845755 9.307790
77 -8.173010 0.679981 -64.021393 0.769628 392.634031 10.927027
78 -7.146374 0.709107 -66.217114 0.733700 385.381304 8.873756
78 -6.486420 0.769591 -66.963419 0.571597 379.291316 7.553848
78 -7.097029 0.765338 -65.331975 0.610524 388.315843 8.775066
78 -7.348633 0.761047 -64.133342 0.618896 388.598194 9.278274
78 -7.293021 0.785553 -69.951657 0.417720 371.358460 9.167051
78 -6.944323 0.785466 -64.481558 0.584554 386.623288 8.469653
78 -7.753449 0.777182 -63.474292 0.540674 386.068040 10.087905
78 -7.374592 0.775596 -63.202718 0.595274 387.157454 9.330192
78 -7.081221 0.798973 -66.744213 0.438948 376.464554 8.743450
78 -7.836529 0.684017 -67.354673 0.677981 382.755889 10.254066
79 -7.190692 0.749969 -67.226092 0.564100 380.925167 8.962392
79 -6.844700 0.782040 -67.289379 0.489002 376.937285 8.270407
79 -6.985232 0.744604 -66.911410 0.598192 381.824915 8.551471
79 -6.726774 0.768133 -65.725880 0.581387 381.339134 8.034555
79 -8.908388 0.781649 -70.530047 0.371865 368.879051 12.397783
79 -7.883365 0.705909 -66.080034 0.672338 387.398355 10.347737
79 -7.110747 0.732517 -65.503249 0.673551 386.755090 8.802501
79 -7.689471 0.768921 -63.007730 0.605175 390.251321 9.959950
79 -7.491359 0.781842 -65.383075 0.510425 383.959364 9.563726
79 -7.646625 0.693685 -67.039321 0.665093 381.924008 9.874257
80 -7.479602 0.729085 -64.301501 0.661048 386.488533 9.540211
80 -6.190091 0.794162 -67.978177 0.518831 374.635563 6.961189
80 -8.360061 0.767567 -66.963806 0.468350 377.510691 11.301129
80 -6.725448 0.747435 -66.431040 0.619144 380.712096 8.031903
80 -7.248748 0.770648 -67.716149 0.484699 376.201696 9.078503
80 -6.103087 0.797244 -68.280705 0.524283 374.237043 6.787182
80 -7.706232 0.739170 -66.422353 0.570325 381.713689 9.993471
80 -7.723284 0.760355 -63.151217 0.646058 392.780083 10.027576
80 -7.634040 0.784009 -62.521775 0.591010 390.341567 9.849088
80 -6.841745 0.794987 -68.118799 0.444907 375.175298 8.264497
81 -8.362842 0.732013 -64.589073 0.620332 388.833448 11.306692
81 -6.244424 0.792566 -69.075417 0.485257 372.385820 7.069855
81 -6.260208 0.787627 -67.235573 0.566554 378.409973 7.101424
81 -7.122460 0.764433 -64.412175 0.624737 387.471445 8.825927
81 -8.479599 0.766971 -68.015411 0.447158 374.520745 11.540205
81 -6.142013 0.784000 -69.158369 0.534619 372.792317 6.865034
81 -8.286591 0.735483 -63.005037 0.650076 391.561562 11.154190
81 -7.135113 0.742048 -65.038748 0.626965 382.888409 8.851234
81 -8.232964 0.758629 -61.683123 0.660436 394.063684 11.046935
81 -6.774285 0.765396 -65.485067 0.615733 382.908938 8.129577
82 -7.559381 0.784994 -64.888106 0.481108 379.661486 9.699770
82 -6.298098 0.792036 -67.066058 0.537123 376.543792 7.177203
82 -7.337720 0.748321 -64.868460 0.634671 388.301125 9.256448
82 -7.314819 0.793202 -65.068300 0.486516 382.407624 9.210645
82 -7.726144 0.767582 -69.095666 0.452984 373.531239 10.033295
82 -7.845619 0.751410 -63.340807 0.646716 392.430723 10.272246
82 -7.646992 0.798589 -63.776733 0.519229 389.675541 9.874992
82 -7.341459 0.737987 -64.589045 0.685074 389.945704 9.263925
82 -7.472059 0.748071 -64.474711 0.653092 390.820191 9.525125
82 -7.003537 0.715615 -66.411014 0.689254 383.979442 8.588081
83 -8.339483 0.771619 -66.650257 0.497479 383.764019 11.259973
83 -8.007057 0.752600 -63.317776 0.651566 394.542704 10.595122
83 -6.911793 0.747328 -65.549074 0.629664 383.182087 8.404594
83 -6.893022 0.752083 -67.731768 0.558188 378.215148 8.367052
83 -9.164083 0.735800 -63.465047 0.747594 407.918132 12.909175
83 -7.025138 0.781196 -68.208227 0.465653 375.303607 8.631284
83 -7.874094 0.789894 -63.177613 0.558153 392.746429 10.329196
83 -6.909234 0.791048 -64.443817 0.548710 384.107032 8.399476
83 -6.773070 0.798353 -66.679893 0.485156 380.906993 8.127148
83 -6.888000 0.724360 -66.602795 0.673132 381.423955 8.357007
84 -7.223059 0.709940 -65.981410 0.689567 384.748383 9.027125
84 -7.057405 0.779633 -64.097218 0.588608 384.277331 8.695817
84 -7.620255 0.720555 -64.532961 0.685873 389.133155 9.821518
84 -6.781227 0.763257 -66.569619 0.556925 378.876395 8.143462
84 -9.453984 0.754983 -62.206045 0.707999 408.655705 13.488975
84 -6.765870 0.758999 -65.812435 0.630219 382.610818 8.112748
84 -7.812064 0.736482 -67.112122 0.562357 380.746316 10.205135
84 -9.470831 0.680871 -64.002781 0.797462 402.836351 13.522670
84 -7.124444 0.799456 -64.837043 0.471856 379.588527 8.829895
84 -6.775836 0.732557 -67.054911 0.644324 379.691634 8.132680
85 -8.435795 0.785830 -61.476690 0.617895 399.098345 11.452598
85 -6.481821 0.755047 -67.853374 0.586479 376.962335 7.544650
85 -7.393987 0.710039 -65.616115 0.698888 387.330945 9.368981
85 -7.288547 0.765096 -64.120439 0.624811 389.367946 9.158102
85 -7.441333 0.712685 -66.197056 0.661830 384.708951 9.463674
85 -8.306981 0.753559 -63.310412 0.605331 391.266447 11.194970
85 -8.314330 0.790339 -62.064253 0.574624 396.123821 11.209667
85 -10.061972 0.700568 -63.879505 0.742591 402.336466 14.704951
85 -6.813328 0.786339 -65.243173 0.527703 379.274111 8.207664
85 -8.066842 0.765363 -67.730511 0.497792 381.300305 10.714691
86 -6.591896 0.767771 -66.915538 0.558807 378.575650 7.764799
86 -6.736981 0.761972 -67.488155 0.543742 376.381369 8.054969
86 -6.976094 0.767188 -66.825633 0.555474 382.761381 8.533195
86 -7.652519 0.789465 -62.427949 0.585591 388.757607 9.886046
86 -7.987049 0.721374 -63.454267 0.671193 388.985532 10.555106
86 -6.865138 0.792485 -65.491959 0.495379 378.779889 8.311284
86 -8.109485 0.786948 -61.864836 0.610363 396.498295 10.799978
86 -9.189847 0.706550 -64.408111 0.762219 403.666887 12.960702
86 -8.907002 0.794915 -60.580406 0.620372 403.322871 12.395011
86 -6.436896 0.799119 -66.755217 0.507688 379.927278 7.454799
87 -7.018367 0.729019 -65.789153 0.669569 384.614428 8.617741
87 -6.760537 0.753617 -68.885932 0.536349 373.872740 8.102082
87 -7.657997 0.765504 -63.696537 0.598826 389.810192 9.897002
87 -7.665580 0.789568 -64.742817 0.506293 386.376634 9.912168
87 -8.347240 0.719561 -64.989970 0.621041 385.606618 11.275488
87 -8.377930 0.777833 -64.565751 0.509119 386.221980 11.336868
87 -8.016735 0.714298 -65.146555 0.687748 391.489856 10.614478
87 -7.311680 0.702116 -65.537067 0.739693 388.018656 9.204367
87 -9.157252 0.773152 -61.651641 0.694934 409.183067 12.895512
87 -6.271335 0.799192 -67.220291 0.504787 376.148514 7.123678
88 -7.621353 0.751665 -64.308417 0.616964 388.898921 9.823714
88 -6.921511 0.794763 -68.130769 0.449174 376.687039 8.424029
88 -6.491607 0.781973 -67.666369 0.510798 375.922793 7.564221
88 -8.365705 0.748328 -65.687055 0.531106 380.686985 11.312418
88 -6.850974 0.724363 -66.857087 0.660407 381.426575 8.282956
88 -7.441053 0.754668 -63.646070 0.612502 385.836857 9.463114
88 -9.735413 0.703661 -60.711070 0.813046 406.439099 14.051834
88 -8.074478 0.664032 -64.373920 0.837179 393.663510 10.729963
88 -9.707449 0.771116 -61.262619 0.690425 411.018532 13.995905
88 -6.283861 0.784661 -68.440329 0.513017 374.338873 7.148729
89 -6.854938 0.754997 -65.458139 0.627019 382.143668 8.290884
89 -6.936681 0.772543 -65.895199 0.548911 382.102626 8.454369
89 -7.878577 0.766074 -67.420624 0.489677 379.235136 10.338161
89 -8.999124 0.584465 -64.768564 1.039433 404.546826 12.579256
89 -6.723339 0.732073 -67.029074 0.656905 381.759598 8.027686
89 -6.493730 0.795071 -66.436864 0.505049 377.598046 7.568467
89 -8.089473 0.669139 -65.223712 0.780059 392.162243 10.759954
89 -8.379449 0.677206 -65.104982 0.743003 391.437227 11.339905
89 -9.672424 0.782358 -61.548660 0.644414 409.295393 13.925855
89 -6.564474 0.751674 -67.372628 0.601162 377.853723 7.709955
90 -8.718740 0.661425 -64.156525 0.873299 402.628998 12.018488
90 -9.843564 0.755488 -65.056971 0.487863 386.935384 14.268136
90 -8.453888 0.764097 -63.278642 0.617043 396.549087 11.488783
90 -7.625814 0.683427 -65.579789 0.744883 388.049491 9.832635
90 -8.162883 0.759933 -65.258513 0.546545 385.998390 10.906774
90 -7.014678 0.766975 -65.656601 0.551041 380.947060 8.610363
90 -7.456864 0.739499 -65.810965 0.620719 386.508170 9.494735
90 -6.705210 0.794096 -65.866490 0.511404 381.055170 7.991427
90 -7.553899 0.733383 -65.330291 0.633007 386.711390 9.688805
90 -7.548395 0.733333 -64.650819 0.660766 389.058307 9.677798
91 -9.318763 0.760985 -62.223285 0.585778 393.137300 13.218534
91 -7.488305 0.783652 -64.114430 0.505272 381.472569 9.557618
91 -8.394446 0.784088 -63.474322 0.480730 382.194756 11.369899
91 -7.730440 0.710493 -63.892405 0.708263 388.605905 10.041887
91 -9.443880 0.711870 -61.415343 0.782954 405.002446 13.468768
91 -7.644624 0.721523 -66.933001 0.616814 383.180523 9.870256
91 -6.785586 0.769681 -67.066145 0.533109 378.589444 8.152179
91 -8.191113 0.712007 -63.088244 0.766383 396.376265 10.963234
91 -9.905292 0.607441 -64.199896 1.013470 412.356673 14.391592
91 -7.379957 0.753341 -66.276555 0.551706 380.946752 9.340921
92 -7.699039 0.757671 -63.078758 0.628142 390.001309 9.979085
92 -7.320394 0.758656 -66.367279 0.534771 379.618764 9.221795
92 -7.074682 0.793629 -65.842090 0.481630 380.717133 8.730371
92 -7.003518 0.717331 -67.077519 0.652852 380.630790 8.588044
92 -8.866854 0.706499 -61.878218 0.733286 396.072439 12.314716
92 -8.208035 0.731226 -65.794156 0.603877 386.498262 10.997079
92 -6.960573 0.749588 -65.812967 0.604561 382.345638 8.502154
92 -7.545092 0.696188 -64.905633 0.756548 389.819424 9.671192
92 -10.493878 0.588070 -64.024442 1.096359 418.778143 15.568764
92 -6.852945 0.723695 -67.446429 0.642039 379.674521 8.286897
93 -8.599067 0.648095 -63.408409 0.875442 398.180721 11.779141
93 -7.085763 0.739705 -66.481033 0.596485 380.517083 8.752533
93 -6.920830 0.782313 -67.675845 0.490016 378.425069 8.422668
93 -8.995939 0.689517 -64.310895 0.706151 391.623473 12.572886
93 -7.174849 0.766040 -63.952161 0.600640 383.504330 8.930706
93 -8.980729 0.727145 -62.257142 0.680813 396.006150 12.542465
93 -7.475282 0.799814 -63.842502 0.497876 385.758019 9.531572
93 -7.112120 0.783333 -64.241591 0.549404 384.305745 8.805247
93 -10.777898 0.588628 -65.275239 1.112544 421.676693 16.136803
93 -6.587991 0.752627 -68.630494 0.561086 375.022111 7.756990
94 -7.608276 0.720246 -65.255434 0.659197 386.835400 9.797560
94 -10.944886 0.579129 -61.456207 1.127244 418.691552 16.470780
94 -7.285207 0.762107 -63.785274 0.609657 385.817867 9.151422
94 -8.586111 0.681218 -66.341994 0.686421 386.608904 11.753230
94 -6.975430 0.768373 -66.027818 0.537218 378.768053 8.531868
94 -7.394976 0.746447 -64.424203 0.617753 385.596450 9.370960
94 -7.101996 0.786989 -65.376275 0.502664 381.147796 8.785000
94 -7.505924 0.750680 -63.807197 0.652311 390.277816 9.592855
94 -14.852039 0.525127 -63.961351 1.269706 428.861918 24.285086
94 -8.789469 0.743275 -60.918917 0.696293 397.464834 12.159946
95 -8.457123 0.728241 -64.515717 0.672109 395.029458 11.495254
95 -11.406566 0.558776 -61.565208 1.164681 422.420832 17.394140
95 -8.524452 0.741163 -63.177139 0.685484 398.779118 11.629912
95 -7.328017 0.715723 -65.893858 0.660628 383.875853 9.237042
95 -8.044537 0.708712 -64.252129 0.679359 388.355753 10.670082
95 -7.024046 0.770490 -64.738766 0.608050 387.188017 8.629099
95 -9.744356 0.622462 -64.219101 0.910951 404.652527 14.069720
95 -7.036458 0.752642 -65.214413 0.600967 381.492906 8.653923
95 -11.097343 0.522035 -64.541287 1.253554 425.202126 16.775693
95 -7.455605 0.762212 -64.804497 0.583368 387.005207 9.492217
96 -7.526993 0.780381 -63.781165 0.560570 388.392473 9.634994
96 -8.114139 0.707750 -64.369577 0.706407 392.025415 10.809285
96 -8.825303 0.735153 -62.199147 0.627066 389.896302 12.231614
96 -7.468475 0.708287 -67.432701 0.632510 380.510873 9.517958
96 -8.995752 0.727077 -63.632021 0.701636 400.159700 12.572512
96 -8.556143 0.707654 -62.294563 0.776777 398.069074 11.693293
96 -10.797746 0.631888 -62.386315 1.067883 422.316238 16.176499
96 -9.019599 0.630631 -63.396636 0.950703 403.646146 12.620206
96 -11.517670 0.522373 -64.427000 1.304142 430.409202 17.616347
96 -6.726839 0.764730 -68.821644 0.512103 373.321184 8.034686
97 -6.963391 0.787240 -64.266350 0.562173 384.626076 8.507790
97 -7.150629 0.751568 -65.855232 0.593879 383.884132 8.882265
97 -7.939358 0.739151 -62.800781 0.665057 390.958970 10.459724
97 -7.457490 0.711613 -67.376101 0.628250 380.805807 9.495988
97 -7.006932 0.763483 -65.764886 0.571053 382.834591 8.594872
97 -9.093621 0.761780 -63.431445 0.616738 398.976256 12.768249
97 -10.770102 0.610459 -62.763968 1.125347 422.888481 16.121211
97 -8.314827 0.628409 -64.943872 0.897336 396.715811 11.210661
97 -11.044437 0.544154 -64.865002 0.947002 407.047098 16.669882
97 -8.024765 0.657332 -65.103398 0.810057 392.073885 10.630538
98 -7.925644 0.758958 -64.635897 0.557452 385.540167 10.432295
98 -8.007141 0.737480 -62.986817 0.701898 395.006340 10.595290
98 -8.025466 0.744557 -63.955315 0.587612 385.221039 10.631940
98 -6.680754 0.766143 -66.796042 0.559584 379.476316 7.942516
98 -8.261120 0.731966 -66.147693 0.562833 380.705128 11.103248
98 -8.751159 0.778671 -62.178817 0.590676 397.587388 12.083326
98 -11.451848 0.555019 -63.543842 1.195668 425.877821 17.484704
98 -8.168286 0.620130 -65.598642 0.899967 394.543204 10.917579
98 -11.444967 0.535456 -64.048742 1.015813 412.614936 17.470941
98 -7.154471 0.760539 -64.637521 0.646478 387.131687 8.889951
99 -7.159544 0.721501 -65.894790 0.661934 382.481053 8.900096
99 -8.874575 0.656116 -63.021223 0.894961 402.071131 12.330157
99 -7.821165 0.758578 -64.206234 0.575541 386.863237 10.223339
99 -7.198106 0.762036 -66.543309 0.540888 380.913616 8.977219
99 -8.171466 0.713032 -66.104877 0.624036 384.303034 10.923939
99 -7.992387 0.739256 -63.425383 0.610880 385.815733 10.565781
99 -13.625954 0.640208 -60.240843 1.135284 438.508114 21.832915
99 -6.365404 0.785232 -66.719433 0.558774 379.738943 7.311816
99 -10.062409 0.549251 -66.944453 1.005917 400.958356 14.705825
99 -7.535834 0.780592 -62.803568 0.573173 387.473564 9.652675
100 -8.052430 0.779261 -62.459097 0.556133 389.266123 10.685867
100 -9.435986 0.631949 -65.490152 0.863192 400.601090 13.452980
100 -6.898441 0.788978 -64.333355 0.562022 383.600999 8.377890
100 -8.790050 0.715663 -65.581517 0.634327 388.569538 12.161108
100 -7.807930 0.760325 -67.168760 0.491292 376.729189 10.196868
100 -8.138167 0.766719 -62.613304 0.569296 388.096173 10.857341
100 -13.596643 0.642337 -60.397861 1.129603 438.509341 21.774294
100 -6.219718 0.773504 -68.353316 0.568459 375.239061 7.020443
100 -10.279845 0.547202 -65.468120 1.004706 401.938823 15.140699
100 -6.369091 0.787543 -66.708156 0.542672 377.963167 7.319189
101 -6.788080 0.788233 -65.231424 0.526255 379.214267 8.157168
101 -10.004284 0.626286 -64.593807 0.868940 401.485532 14.589575
101 -9.930737 0.644372 -63.003252 0.847660 401.527156 14.442482
101 -7.930021 0.796709 -65.315294 0.478234 386.721537 10.441050
101 -8.116951 0.719594 -66.718856 0.598811 382.563385 10.814910
101 -7.225344 0.789659 -64.853768 0.492372 380.649209 9.031696
101 -12.979289 0.635916 -60.787767 1.130801 435.553419 20.539586
101 -6.117123 0.799077 -68.874135 0.488987 373.163362 6.815254
101 -8.188172 0.764577 -62.777313 0.603903 392.694173 10.957352
101 -6.165352 0.799242 -67.547137 0.518950 377.227032 6.911712
102 -11.025215 0.566543 -63.488409 0.986597 403.799199 16.631437
102 -7.910103 0.677041 -66.188287 0.714987 385.604705 10.401214
102 -9.502364 0.717874 -61.742234 0.777221 406.594344 13.585735
102 -7.564276 0.798118 -66.010107 0.470497 384.569431 9.709560
102 -7.855667 0.740094 -67.381050 0.533111 377.410894 10.292341
102 -8.263636 0.755432 -63.076370 0.601032 390.661958 11.108279
102 -13.109507 0.643285 -59.632964 1.080084 432.452465 20.800022
102 -6.306057 0.799137 -68.315222 0.480179 375.801215 7.193122
102 -9.931242 0.737775 -62.188547 0.701582 405.249221 14.443491
102 -6.177946 0.793247 -67.881757 0.526313 377.219647 6.936900
103 -10.148809 0.558736 -64.185738 1.012795 403.916299 14.878626
103 -10.003125 0.644183 -61.561658 0.836587 398.468175 14.587257
103 -8.432611 0.788247 -61.009070 0.600461 396.565886 11.446230
103 -7.839927 0.776019 -66.385974 0.493733 382.402489 10.260861
103 -6.832000 0.778762 -67.553320 0.503343 378.260476 8.245007
103 -6.602104 0.799648 -65.599499 0.522625 382.170943 7.785216
103 -11.275308 0.653317 -63.351201 1.004532 424.306388 17.131623
103 -6.261741 0.797730 -68.751008 0.478253 374.447685 7.104489
103 -7.581236 0.769238 -63.108192 0.627598 391.273481 9.743479
103 -6.520020 0.776506 -66.257133 0.572668 379.029467 7.621047
104 -12.121261 0.563076 -60.003726 1.136521 421.990586 18.823530
104 -8.598251 0.658331 -64.024807 0.829828 397.341360 11.777509
104 -7.866829 0.752820 -63.176687 0.674139 395.080470 10.314665
104 -7.341687 0.791527 -70.838488 0.386213 367.951192 9.264381
104 -6.699103 0.794384 -67.704729 0.468860 377.137807 7.979214
104 -6.740036 0.740210 -68.778988 0.576487 375.224147 8.061081
104 -11.157593 0.632470 -63.232652 1.074463 425.641460 16.896194
104 -8.107323 0.728248 -66.045056 0.618321 387.367616 10.795653
104 -7.061156 0.791805 -64.148405 0.549108 385.933017 8.703320
104 -6.544823 0.786081 -66.646545 0.520464 376.962610 7.670653
105 -14.670864 0.542440 -60.131036 1.233756 429.033235 23.922736
105 -6.633024 0.767380 -66.659878 0.574209 380.999304 7.847056
105 -7.188198 0.790045 -64.490834 0.555000 388.544104 8.957403
105 -8.871318 0.733379 -62.699645 0.622779 389.516163 12.323643
105 -6.693950 0.798908 -66.577649 0.492529 381.121223 7.968907
105 -7.085612 0.693127 -66.874430 0.734826 384.105707 8.752231
105 -11.250933 0.657655 -63.244585 1.020978 426.035369 17.082874
105 -7.456525 0.755498 -66.312654 0.570801 384.904735 9.494057
105 -7.548318 0.776057 -64.603595 0.574811 390.359453 9.677643
105 -8.127190 0.784716 -65.365758 0.483411 384.210533 10.835387
106 -14.566759 0.521650 -60.344503 1.285330 428.509768 23.714526
106 -6.986745 0.786818 -65.235828 0.506643 379.725568 8.554497
106 -7.311394 0.766824 -64.086799 0.623074 389.858112 9.203796
106 -8.059716 0.770537 -63.390599 0.532470 384.495129 10.700439
106 -6.458154 0.780027 -66.390845 0.565624 379.276522 7.497315
106 -7.103815 0.711781 -66.981930 0.668230 382.583376 8.788638
106 -12.991454 0.641415 -67.627005 1.043846 432.170816 20.563916
106 -7.536814 0.762029 -66.488896 0.543524 383.740984 9.654636
106 -6.556370 0.733114 -68.585830 0.628593 376.633166 7.693747
106 -7.496236 0.784852 -66.677669 0.466673 379.356471 9.573480
107 -12.721655 0.526652 -62.417133 1.360722 437.108792 20.024317
107 -7.613264 0.767573 -64.527591 0.587637 389.935169 9.807535
107 -8.310066 0.718048 -63.769207 0.732958 397.718673 11.201140
107 -8.514566 0.746329 -63.250811 0.617577 391.859305 11.610140
107 -6.231393 0.791238 -67.799571 0.520640 376.562483 7.043793
107 -7.122654 0.708360 -66.785763 0.675039 381.933861 8.826316
107 -12.737619 0.642610 -66.881533 1.066581 433.543385 20.056246
107 -9.079128 0.770163 -61.467889 0.635350 401.392571 12.739264
107 -6.542662 0.737139 -68.381386 0.622013 376.851611 7.666332
107 -7.496841 0.796090 -66.041740 0.452760 380.568143 9.574690
108 -11.293301 0.532102 -62.799239 1.282878 426.933820 17.167609
108 -6.638550 0.766527 -66.062291 0.615009 383.469101 7.858108
108 -7.567586 0.733238 -64.704079 0.670214 390.284106 9.716179
108 -8.461276 0.747878 -63.042257 0.591601 388.006744 11.503559
108 -6.305219 0.780987 -67.428694 0.558712 378.977218 7.191445
108 -8.271238 0.691723 -66.776189 0.650517 383.083359 11.123484
108 -12.899124 0.640171 -67.132328 1.056089 432.778163 20.379256
108 -10.635070 0.750912 -59.976075 0.706990 409.374449 15.851147
108 -6.787972 0.730323 -66.983696 0.648845 380.077360 8.156951
108 -8.385698 0.652185 -63.873652 0.869097 396.530393 11.352404
109 -11.611510 0.540568 -62.015484 1.264911 427.923275 17.804027
109 -6.631194 0.735745 -67.716873 0.634314 378.237473 7.843395
109 -6.539094 0.747134 -67.257026 0.628739 380.003944 7.659196
109 -7.494390 0.743210 -65.062286 0.625166 387.580208 9.569788
109 -6.495056 0.776278 -66.335180 0.585383 379.942413 7.571120
109 -9.712531 0.594031 -65.902649 0.918877 398.042280 14.006070
109 -9.768954 0.701435 -61.428202 0.866501 411.344161 14.118915
109 -10.295086 0.793188 -61.012078 0.645500 414.972444 15.171180
109 -8.384869 0.686730 -64.540738 0.771315 396.266163 11.350746
109 -8.732307 0.709057 -64.099838 0.687726 393.071257 12.045622
110 -11.677212 0.614363 -61.036508 1.117400 426.038022 17.935432
110 -8.199948 0.799330 -62.387739 0.534187 393.597879 10.980904
110 -6.621883 0.742168 -67.098231 0.640783 379.504506 7.824773
110 -6.822712 0.796212 -65.760172 0.482683 378.062001 8.226432
110 -7.198180 0.787992 -64.359603 0.509073 381.176177 8.977368
110 -8.123920 0.671427 -64.927082 0.777539 392.360910 10.828848
110 -10.801130 0.502982 -66.233253 1.147194 410.340982 16.183268
110 -10.197450 0.774888 -61.904450 0.664179 412.141258 14.975908
110 -7.160561 0.747522 -64.589638 0.631130 384.571236 8.902129
110 -7.463907 0.777599 -64.788507 0.520393 383.043491 9.508821
111 -14.391648 0.607944 -62.630327 1.144701 438.406832 23.364304
111 -7.807278 0.776789 -63.651501 0.546233 387.453820 10.195564
111 -6.536352 0.772435 -66.565684 0.576241 381.024126 7.653711
111 -6.898204 0.746109 -66.032210 0.621081 382.942257 8.377416
111 -7.643773 0.780428 -62.813759 0.561341 387.410858 9.868553
111 -8.163081 0.719724 -65.369005 0.611534 383.621276 10.907169
111 -10.469755 0.549429 -65.860388 1.095352 409.605118 15.520517
111 -8.254376 0.764480 -61.755624 0.612130 392.061749 11.089761
111 -7.597463 0.771236 -64.413697 0.539555 384.314404 9.775933
111 -7.301586 0.752435 -65.255950 0.622791 388.250032 9.184179
112 -11.528817 0.619752 -59.875709 1.056222 419.765725 17.638642
112 -8.027078 0.767084 -62.627538 0.553294 384.042001 10.635164
112 -7.561404 0.758469 -63.156750 0.643213 389.163456 9.703815
112 -6.681553 0.768812 -66.718120 0.555363 379.709528 7.944113
112 -7.221376 0.781754 -64.186979 0.532477 382.549390 9.023759
112 -9.610844 0.720059 -61.307336 0.796654 408.638445 13.802695
112 -11.139308 0.540370 -66.187735 1.082850 409.833798 16.859624
112 -7.821550 0.735894 -63.067877 0.693359 390.729323 10.224108
112 -9.100655 0.738275 -60.425236 0.634643 389.869643 12.782317
112 -7.115252 0.754600 -64.520952 0.628696 385.408566 8.811512
113 -11.333365 0.561971 -62.854944 1.168252 423.857901 17.247738
113 -8.041461 0.768252 -62.190691 0.560500 385.246335 10.663930
113 -9.038572 0.644574 -63.270843 0.916114 404.318029 12.658151
113 -8.427795 0.797378 -63.455479 0.506954 391.849571 11.436598
113 -7.599258 0.776315 -62.872526 0.587526 388.923287 9.779523
113 -8.799940 0.787055 -60.582638 0.639540 401.415070 12.180888
113 -9.753844 0.520929 -66.977259 1.158487 408.514973 14.088697
113 -9.330784 0.706172 -62.673466 0.693170 393.634406 13.242577
113 -7.375048 0.732048 -66.367356 0.612150 383.184852 9.331104
113 -7.572718 0.739642 -63.556659 0.675724 388.237750 9.726444
114 -7.707668 0.754526 -62.669112 0.623351 386.944044 9.996344
114 -7.552526 0.740984 -63.860734 0.684902 391.337138 9.686060
114 -9.480825 0.636253 -62.502977 0.948903 407.294571 13.542657
114 -7.125625 0.776128 -64.415897 0.595707 388.103629 8.832257
114 -8.575436 0.708624 -61.795106 0.735619 394.161037 11.731880
114 -8.681164 0.710690 -65.985700 0.639160 387.817504 11.943335
114 -11.267708 0.518286 -67.541897 1.141734 411.909061 17.116423
114 -7.518789 0.766690 -63.041677 0.603896 387.375894 9.618586
114 -6.520339 0.767180 -67.336493 0.558519 377.807038 7.621685
114 -8.143651 0.703943 -64.014126 0.748237 395.347320 10.868309
115 -9.915797 0.503612 -66.761766 1.217364 411.858370 14.412601
115 -7.914662 0.754045 -63.871093 0.664848 396.358064 10.410331
115 -7.894022 0.725222 -65.084544 0.628727 386.063821 10.369052
115 -7.948364 0.758588 -65.112796 0.566984 387.414779 10.477735
115 -7.808017 0.709029 -64.133401 0.759120 392.256386 10.197042
115 -7.203283 0.726472 -65.087185 0.670115 384.628850 8.987574
115 -10.840534 0.517315 -66.064914 1.208774 415.951596 16.262076
115 -7.774396 0.766963 -63.143950 0.570524 386.551227 10.129799
115 -9.096218 0.731862 -61.658206 0.778492 406.068230 12.773443
115 -8.172578 0.754656 -62.863734 0.592866 388.405877 10.926164
116 -10.222236 0.501612 -66.602183 1.230107 413.805099 15.025480
116 -6.969192 0.750860 -65.528051 0.626704 384.965690 8.519391
116 -7.909547 0.734490 -65.074934 0.610563 386.254721 10.400101
116 -7.426483 0.767585 -64.769800 0.553715 384.349531 9.433974
116 -7.440314 0.787030 -63.534073 0.520425 383.511338 9.461635
116 -7.175413 0.717017 -65.466128 0.697425 385.580091 8.931833
116 -10.992445 0.519913 -65.818583 1.232357 418.137930 16.565899
116 -8.140882 0.779336 -67.288864 0.443745 376.975010 10.862771
116 -6.619552 0.774382 -66.477984 0.569278 382.101144 7.820111
116 -8.138559 0.751735 -62.087163 0.623213 389.663436 10.858126
117 -7.007240 0.769547 -65.856373 0.556451 382.909344 8.595488
117 -7.276229 0.707165 -65.480931 0.729435 387.669486 9.133466
117 -8.231749 0.752806 -67.356315 0.531797 383.113748 11.044506
117 -7.772493 0.763329 -63.303010 0.602841 389.951702 10.125993
117 -7.111705 0.783806 -66.494986 0.505143 381.991447 8.804418
117 -7.667271 0.726823 -65.941430 0.601917 381.820696 9.915549
117 -11.460653 0.528615 -62.703931 1.205332 418.411762 17.502313
117 -7.382851 0.784891 -63.717522 0.521224 382.552349 9.346709
117 -8.051269 0.777065 -63.302734 0.541891 388.013111 10.683546
117 -7.441826 0.720299 -64.882021 0.727286 391.370578 9.464659
118 -8.236670 0.709592 -62.709245 0.709687 391.007074 11.054347
118 -7.924533 0.795198 -63.146098 0.495220 386.012390 10.430074
118 -7.573540 0.721000 -67.246596 0.612906 382.166751 9.728088
118 -8.288377 0.751371 -64.143368 0.587336 388.966432 11.157761
118 -6.866829 0.787550 -66.590632 0.493440 379.217367 8.314666
118 -7.918226 0.739268 -63.266928 0.631938 388.015113 10.417459
118 -11.312234 0.512114 -62.802816 1.231558 418.599806 17.205475
118 -6.797599 0.785745 -65.642139 0.518687 379.687378 8.176205
118 -6.154467 0.773221 -68.746298 0.582009 375.112750 6.889941
118 -6.577123 0.778536 -65.861477 0.584069 381.806790 7.735254
119 -7.702574 0.718433 -65.117199 0.644823 384.956951 9.986156
119 -7.691068 0.794197 -62.943511 0.514548 386.302984 9.963144
119 -8.226222 0.681150 -65.251457 0.708021 386.964690 11.033451
119 -8.515959 0.752100 -66.121240 0.545797 385.348723 11.612925
119 -8.937405 0.728303 -61.542276 0.689819 396.141100 12.455817
119 -6.439569 0.773733 -68.707010 0.519150 374.342864 7.460145
119 -11.681509 0.553843 -61.586579 1.126619 419.623295 17.944025
119 -6.589477 0.787176 -66.157947 0.533855 380.576929 7.759961
119 -5.996915 0.798076 -69.825117 0.508349 371.169495 6.574837
119 -6.876326 0.770017 -65.339945 0.619469 384.178506 8.333659
120 -8.952405 0.682368 -66.608986 0.655921 383.505280 12.485818
120 -6.319319 0.791424 -67.267654 0.520957 377.551245 7.219646
120 -10.501185 0.611467 -63.684379 1.050879 418.368523 15.583378
120 -7.886701 0.745472 -63.737971 0.658157 393.220876 10.354409
120 -8.701222 0.724616 -61.449488 0.719977 396.477712 11.983451
120 -11.261913 0.672077 -63.451758 0.899768 418.348075 17.104833
120 -11.394147 0.529569 -63.656825 1.177199 420.905806 17.369301
120 -7.598265 0.782082 -63.070395 0.574909 389.720779 9.777537
120 -7.170644 0.791147 -65.216969 0.511916 384.409315 8.922296
120 -7.056041 0.751150 -65.027660 0.659935 386.762721 8.693089
121 -8.098321 0.674079 -66.094117 0.729798 388.101779 10.777650
121 -8.324044 0.736975 -62.025394 0.646269 389.819999 11.229095
121 -8.624301 0.703636 -62.076700 0.769198 397.258406 11.829610
121 -9.216117 0.695661 -60.769271 0.740082 393.577010 13.013242
121 -8.093897 0.715404 -63.414110 0.765736 396.049625 10.768801
121 -10.781961 0.683497 -63.328591 0.837967 412.285283 16.144930
121 -9.365874 0.568272 -65.225947 1.028101 402.692637 13.312755
121 -7.699596 0.757468 -63.875057 0.641462 393.045673 9.980200
121 -6.845002 0.785732 -67.445101 0.477795 376.653590 8.271011
121 -6.703667 0.798798 -65.639139 0.514198 382.577439 7.988341
122 -7.597038 0.775538 -65.464898 0.495742 380.142166 9.775083
122 -8.622727 0.741435 -61.509352 0.623612 388.950476 11.826461
122 -8.800260 0.732985 -62.105867 0.667091 394.686984 12.181527
122 -6.714657 0.752853 -67.337005 0.578361 378.796114 8.010321
122 -9.541868 0.709637 -61.839150 0.826519 409.538446 13.664743
122 -10.390706 0.710963 -62.293086 0.781159 409.996312 15.362420
122 -9.550172 0.557915 -64.834633 1.065738 405.094519 13.681351
122 -7.653438 0.690811 -65.566374 0.741287 389.706054 9.887884
122 -7.737392 0.746345 -64.653620 0.606997 387.544542 10.055792
122 -8.518430 0.717648 -61.815102 0.701709 392.428299 11.617868
123 -7.103470 0.730949 -65.672282 0.674185 386.675874 8.787947
123 -8.864003 0.779527 -60.914807 0.542231 386.842244 12.309014
123 -7.504219 0.727985 -64.908102 0.683096 390.068677 9.589445
123 -6.909686 0.762590 -67.957385 0.517631 375.158612 8.400379
123 -9.833567 0.745139 -60.475549 0.771314 411.171346 14.248141
123 -6.747290 0.739638 -67.196903 0.617587 380.072610 8.075588
123 -9.447673 0.558134 -65.193484 1.039553 403.230405 13.476353
123 -7.795129 0.669641 -64.878366 0.800259 390.371744 10.171265
123 -9.348559 0.771745 -61.221903 0.605474 398.806200 13.278126
123 -8.678103 0.733080 -61.116120 0.690831 394.435194 11.937214
124 -6.557839 0.779639 -66.745019 0.532201 377.283957 7.696686
124 -9.233493 0.703203 -60.633786 0.737653 395.437938 13.047993
124 -7.318264 0.736996 -64.725033 0.631118 383.616965 9.217537
124 -7.214157 0.787421 -67.992638 0.444296 375.430240 9.009321
124 -9.744901 0.741530 -60.877049 0.774088 411.082217 14.070809
124 -8.421690 0.716285 -63.446962 0.669919 390.432019 11.424388
124 -8.562916 0.556440 -67.596137 1.021006 397.846573 11.706839
124 -8.401859 0.609076 -65.257375 0.956270 398.403346 11.384725
124 -7.697590 0.768076 -63.587502 0.568937 386.924724 9.976188
124 -8.042123 0.753763 -62.115708 0.644425 391.534596 10.665253
125 -6.936995 0.760806 -65.360333 0.605321 384.609610 8.454997
125 -7.215074 0.741916 -65.525332 0.634445 386.345437 9.011155
125 -6.999017 0.742011 -65.418340 0.634929 382.234064 8.579042
125 -6.635417 0.789970 -66.291796 0.514007 379.753569 7.851841
125 -8.855304 0.756132 -61.994048 0.640163 397.663639 12.291616
125 -7.257451 0.758768 -64.141022 0.624674 387.351691 9.095910
125 -6.943269 0.793233 -66.408143 0.499906 382.745722 8.467545
125 -9.076225 0.755192 -60.622831 0.707424 401.794553 12.733457
125 -6.839753 0.747042 -65.816075 0.653014 383.493275 8.260514
125 -9.151089 0.605361 -64.460792 0.960820 403.867360 12.883186
126 -6.158842 0.781044 -69.893117 0.574126 372.337678 6.898692
126 -9.124242 0.661452 -65.517197 0.742641 390.851317 12.829492
126 -8.714666 0.698867 -64.129656 0.684009 389.783604 12.010340
126 -6.316588 0.789639 -67.863463 0.507376 375.522643 7.214184
126 -7.577460 0.787828 -63.269848 0.570943 391.170827 9.735927
126 -6.086475 0.785072 -68.853071 0.559066 374.188835 6.753958
126 -7.618764 0.663850 -66.803622 0.761121 385.971109 9.818536
126 -8.034586 0.762346 -66.090055 0.539214 385.701815 10.650180
126 -7.804797 0.724084 -63.175109 0.686044 388.294710 10.190601
126 -9.619711 0.617255 -64.329490 0.927352 404.945675 13.820429
127 -6.075073 0.796288 -69.188261 0.498852 372.636284 6.731154
127 -9.122719 0.648291 -63.695840 0.845532 399.624714 12.826445
127 -7.638658 0.732279 -65.591477 0.596483 382.049419 9.858324
127 -6.442599 0.792609 -67.511140 0.495186 376.854216 7.466206
127 -7.384413 0.786618 -63.238129 0.593570 388.140270 9.349833
127 -7.815200 0.716400 -65.699011 0.663519 388.255049 10.211407
127 -9.138259 0.646319 -63.173803 0.892544 403.370614 12.857526
127 -8.147732 0.768228 -66.400000 0.512448 384.166844 10.876472
127 -8.322508 0.660645 -65.461369 0.762379 389.830786 11.226024
127 -7.468114 0.743068 -65.722835 0.610515 386.211850 9.517236
128 -6.538652 0.766528 -67.622085 0.553961 377.786157 7.658311
128 -8.072321 0.684010 -64.630881 0.778040 394.335022 10.725650
128 -6.286376 0.763178 -68.679940 0.582760 374.840917 7.153759
128 -7.758795 0.713725 -64.735695 0.666377 386.490465 10.098598
128 -8.138569 0.655176 -65.668526 0.790856 390.972193 10.858146
128 -6.105352 0.790109 -68.412234 0.550114 374.774124 6.791711
128 -7.225690 0.740099 -66.699391 0.583080 380.459768 9.032388
128 -10.548773 0.766035 -70.238748 0.257778 383.413559 15.678553
128 -6.729532 0.789378 -64.968949 0.563257 381.928399 8.040073
128 -7.166346 0.706047 -66.245874 0.704270 383.349391 8.913700
129 -6.601422 0.787714 -66.101223 0.534474 380.935767 7.783852
129 -7.281320 0.745870 -64.236258 0.643062 386.216434 9.143647
129 -6.352893 0.759483 -68.712768 0.577211 374.708878 7.286793
129 -7.710172 0.724430 -64.162164 0.655080 386.612058 10.001351
129 -6.853889 0.794907 -64.705541 0.551491 385.617197 8.288786
129 -7.590531 0.761850 -63.833864 0.572177 384.914326 9.762069
129 -6.894216 0.756757 -65.842326 0.583349 380.212584 8.369440
129 -10.575708 0.765052 -70.175715 0.258735 383.641961 15.732424
129 -6.951871 0.770359 -66.242429 0.531346 379.311704 8.484750
129 -7.231436 0.680527 -68.155551 0.715762 380.952741 9.043880
130 -6.310043 0.782096 -67.233453 0.553399 377.189066 7.201094
130 -7.288662 0.724793 -64.961921 0.710975 388.243367 9.158331
130 -6.371848 0.789763 -67.618125 0.506846 376.388148 7.324704
130 -7.166505 0.740443 -65.680201 0.620976 384.032699 8.914018
130 -6.662393 0.781673 -65.697651 0.574984 383.844864 7.905794
130 -7.557972 0.773199 -63.159985 0.610089 390.718929 9.696951
130 -6.526889 0.793174 -66.370712 0.510557 378.605278 7.634785
130 -10.583645 0.762770 -70.097719 0.268022 383.970919 15.748298
130 -7.207950 0.776057 -64.837175 0.583219 388.620503 8.996908
130 -7.229681 0.681409 -68.201018 0.712466 380.729678 9.040370
131 -7.285410 0.755657 -64.166135 0.611243 385.504647 9.151828
131 -8.040114 0.722231 -62.799061 0.712536 392.366481 10.661236
131 -7.330067 0.772733 -67.795184 0.499676 380.006653 9.241142
131 -8.050925 0.745570 -63.014745 0.656120 393.126368 10.682857
131 -6.892473 0.789213 -64.556464 0.581095 386.287494 8.365954
131 -7.392333 0.796947 -65.131016 0.485892 384.367469 9.365673
131 -6.723002 0.792688 -70.380302 0.423188 369.479929 8.027012
131 -10.849910 0.763881 -68.885926 0.261922 386.831033 16.280827
131 -6.762759 0.744206 -66.659934 0.623650 381.780624 8.106526
131 -7.165997 0.682809 -68.099326 0.719990 381.084807 8.913002
132 -7.848222 0.774730 -63.719201 0.546415 387.223127 10.277451
132 -6.907844 0.753922 -65.471233 0.652548 385.810041 8.396696
132 -7.076051 0.787040 -65.203445 0.534907 385.248018 8.733110
132 -8.974287 0.726143 -61.824630 0.641121 389.190458 12.529582
132 -8.073007 0.721000 -65.636909 0.603584 382.453097 10.727022
132 -6.423091 0.773495 -67.878907 0.538658 375.552321 7.427190
132 -7.556105 0.792689 -70.525144 0.379947 368.994326 9.693217
132 -10.828478 0.763395 -68.991782 0.261858 386.544292 16.237963
132 -6.660480 0.747419 -67.509475 0.597221 379.012131 7.901968
132 -7.185274 0.682112 -68.101354 0.720172 381.103001 8.951556
133 -8.356475 0.668702 -65.446886 0.729182 387.449348 11.293957
133 -7.721176 0.763574 -66.140828 0.551107 386.178170 10.023359
133 -7.415933 0.772146 -65.593837 0.536960 384.363933 9.412875
133 -9.325258 0.727461 -60.615959 0.655713 391.330209 13.231523
133 -8.191055 0.670897 -64.601066 0.759114 390.115527 10.963117
133 -6.276505 0.774285 -68.013627 0.558654 376.680810 7.134017
133 -7.925714 0.795897 -70.863953 0.357082 368.169452 10.432436
133 -10.829356 0.763221 -68.985720 0.262303 386.556121 16.239720
133 -6.853045 0.715176 -67.671203 0.663844 379.746482 8.287098
133 -8.055973 0.698485 -65.713400 0.660538 384.461542 10.692953
134 -7.601408 0.668154 -65.835441 0.800629 390.160391 9.783823
134 -7.562041 0.773611 -65.176915 0.552027 387.507504 9.705090
134 -7.118282 0.754325 -64.509958 0.633428 385.701132 8.817572
134 -9.547713 0.721128 -60.220019 0.674177 392.362200 13.676433
134 -8.630836 0.664137 -65.292285 0.764142 392.397565 11.842680
134 -7.121534 0.758395 -64.568423 0.603219 384.134087 8.824075
134 -7.534468 0.794182 -70.207742 0.380763 369.291682 9.649943
134 -10.832716 0.763372 -68.985927 0.262249 386.608149 16.246440
134 -6.840581 0.745746 -66.974086 0.593626 379.837551 8.262170
134 -8.381521 0.757666 -65.096964 0.557261 387.691350 11.344049
135 -7.821628 0.691387 -64.463016 0.793213 393.449363 10.224263
135 -8.013117 0.768429 -62.281916 0.580717 388.515067 10.607241
135 -6.937622 0.795949 -64.410705 0.557832 386.945458 8.456252
135 -9.119974 0.720679 -60.691995 0.678969 391.883470 12.820955
135 -6.966330 0.767275 -67.242083 0.515684 377.016158 8.513668
135 -6.790258 0.769638 -65.918807 0.563020 381.152139 8.161524
135 -7.719394 0.714288 -65.653002 0.646018 384.735556 10.019795
135 -10.826470 0.764087 -69.032645 0.258930 386.439239 16.233947
135 -9.079944 0.742650 -63.115281 0.639331 396.026083 12.740895
135 -7.818266 0.783431 -65.903370 0.512203 387.237315 10.217540
136 -7.571933 0.704721 -65.028922 0.692748 385.539541 9.724873
136 -6.593945 0.762433 -66.768723 0.578594 378.440475 7.768898
136 -7.435056 0.777729 -63.429081 0.624206 390.663541 9.451120
136 -9.306254 0.708822 -60.617635 0.701718 392.342553 13.193515
136 -8.121107 0.775975 -67.889563 0.442190 375.829832 10.823221
136 -7.682807 0.789240 -67.356460 0.449467 379.671768 9.946622
136 -7.173819 0.727720 -65.468461 0.658314 384.563430 8.928645
136 -10.785046 0.759471 -68.493248 0.283789 386.932866 16.151100
136 -8.932083 0.727696 -61.679370 0.760628 402.905710 12.445174
136 -7.266082 0.776592 -63.925858 0.624710 389.747653 9.113171
137 -7.065195 0.727926 -65.796388 0.653543 382.645077 8.711398
137 -6.504838 0.773897 -67.113645 0.592181 377.799707 7.590684
137 -7.033720 0.774919 -65.202325 0.536539 380.701612 8.648448
137 -8.745811 0.725733 -61.623384 0.672962 392.355728 12.072629
137 -6.343648 0.790119 -67.840170 0.503178 374.864169 7.268303
137 -10.489793 0.781942 -61.239352 0.667453 415.151277 15.560593
137 -7.560852 0.721883 -64.126910 0.688597 388.142426 9.702711
137 -10.106946 0.769540 -62.505447 0.715113 416.972944 14.794899
137 -7.476046 0.739424 -64.243684 0.697598 390.366301 9.533099
137 -7.074549 0.772095 -65.380297 0.534609 380.107285 8.730106
138 -8.619073 0.689991 -63.958769 0.723337 392.287361 11.819153
138 -6.853545 0.773152 -65.045724 0.576999 382.715002 8.288098
138 -7.379528 0.795048 -66.139914 0.476156 383.244884 9.340063
138 -7.713977 0.759572 -64.650512 0.600885 390.233008 10.008961
138 -6.135279 0.799021 -68.945538 0.484765 373.154416 6.851566
138 -9.569067 0.790053 -62.058418 0.650907 412.645023 13.719141
138 -6.733829 0.792648 -66.263941 0.509421 381.406709 8.048665
138 -7.861770 0.797778 -62.917972 0.526618 390.564968 10.304547
138 -6.981488 0.751760 -65.364272 0.661391 386.428659 8.543983
138 -7.053351 0.778073 -64.769499 0.543369 382.251484 8.687710
139 -7.645859 0.685244 -65.119459 0.753309 388.840116 9.872726
139 -6.776194 0.780176 -66.018985 0.533009 380.560332 8.133395
139 -8.753784 0.684480 -63.832466 0.730165 392.306627 12.088575
139 -7.790839 0.786923 -62.784676 0.539876 388.010091 10.162686
139 -6.029605 0.799606 -68.292675 0.529050 375.547530 6.640217
139 -10.121852 0.792704 -61.319229 0.631531 412.679152 14.824712
139 -7.366130 0.766369 -66.019024 0.534591 382.243389 9.313268
139 -8.395156 0.789542 -61.725938 0.559210 393.858819 11.371319
139 -7.533476 0.733063 -67.224739 0.572702 379.576431 9.647959
139 -7.599353 0.798086 -64.232423 0.474204 383.188823 9.779713
140 -8.097482 0.685435 -64.238666 0.754170 391.934529 10.775972
140 -6.999440 0.768213 -64.522078 0.588661 382.327600 8.579888
140 -6.912671 0.713965 -67.733833 0.658603 379.375717 8.406350
140 -7.066182 0.715814 -66.550546 0.666616 382.315418 8.713372
140 -6.726530 0.776397 -66.552654 0.548550 381.713392 8.034068
140 -10.307783 0.789476 -61.135652 0.638348 412.946500 15.196573
140 -7.859589 0.665849 -64.818217 0.805368 390.594210 10.300187
140 -8.479784 0.727766 -62.284551 0.688679 394.265977 11.540576
140 -7.347385 0.797436 -62.894531 0.556678 387.738680 9.275777
140 -6.978404 0.766583 -64.721094 0.589181 381.652199 8.537816
141 -9.019249 0.707127 -61.444728 0.784199 400.887716 12.619505
141 -6.615755 0.760812 -66.250243 0.616180 381.202137 7.812518
141 -7.883948 0.678645 -64.622652 0.815396 394.107382 10.348903
141 -6.866998 0.731832 -66.692254 0.644937 382.172965 8.315004
141 -8.431533 0.657180 -63.944061 0.877328 399.169456 11.444073
141 -9.373927 0.786661 -59.767025 0.656060 405.396166 13.328861
141 -7.218046 0.723338 -66.077265 0.639903 382.231434 9.017100
141 -7.935333 0.646121 -65.976733 0.822230 391.014042 10.451673
141 -8.106580 0.769348 -63.393787 0.585187 392.085312 10.794168
141 -6.721351 0.759424 -65.885433 0.606168 380.650019 8.023709
142 -8.977981 0.605981 -64.207976 0.967356 403.155099 12.536970
142 -7.105299 0.780325 -64.252465 0.607951 387.218839 8.791605
142 -8.837419 0.667804 -64.272942 0.791914 396.804767 12.255846
142 -7.280135 0.696426 -65.802824 0.743322 386.963715 9.141278
142 -8.006971 0.708182 -64.710671 0.692579 390.166804 10.594949
142 -8.679656 0.782652 -61.008025 0.650736 401.641008 11.940319
142 -8.408967 0.763358 -65.348321 0.500740 380.370661 11.398942
142 -7.700939 0.670554 -65.207892 0.804670 390.826538 9.982886
142 -8.551233 0.756447 -62.650779 0.595867 391.191961 11.683474
142 -7.472300 0.694221 -65.211949 0.746971 388.338694 9.525607
143 -6.687996 0.792439 -65.240215 0.553584 383.845760 7.956999
143 -7.775408 0.716619 -63.717453 0.723846 391.624103 10.131823
143 -8.131794 0.686999 -64.231282 0.784768 395.513657 10.844596
143 -6.719940 0.743605 -66.861949 0.621689 380.963104 8.020888
143 -8.104003 0.742654 -63.654823 0.616884 388.985158 10.789014
143 -8.923305 0.782630 -60.853665 0.642476 403.123999 12.427618
143 -7.967654 0.691210 -64.266793 0.752148 391.976128 10.516315
143 -6.629342 0.793738 -66.276710 0.510091 380.463161 7.839691
143 -8.451364 0.687025 -64.071126 0.719522 390.254285 11.483736
143 -7.836508 0.765816 -66.225441 0.519327 382.903618 10.254023
144 -6.544336 0.769294 -66.622833 0.571215 378.386534 7.669680
144 -7.799979 0.736650 -63.773003 0.697488 394.229801 10.180965
144 -8.752808 0.700113 -61.764592 0.771501 397.093183 12.086624
144 -6.989479 0.760596 -68.320126 0.517418 376.140980 8.559965
144 -7.656007 0.780224 -63.000165 0.533489 383.866489 9.893021
144 -8.331918 0.792420 -61.327337 0.611616 398.479183 11.244844
144 -8.036729 0.794916 -65.042759 0.450243 381.568684 10.654465
144 -7.861132 0.782104 -65.528727 0.529369 389.232998 10.303272
144 -6.986323 0.796104 -64.112836 0.567899 387.148648 8.553653
144 -7.127968 0.777540 -67.598129 0.473523 375.541706 8.836944
145 -6.233199 0.784891 -68.301775 0.568070 375.133929 7.047405
145 -8.254524 0.733056 -62.560793 0.717050 396.723001 11.090055
145 -10.567906 0.655232 -63.614844 0.894574 412.006148 15.716821
145 -8.787039 0.750729 -62.458510 0.664407 399.424079 12.155086
145 -7.318679 0.779833 -64.089422 0.547054 385.027029 9.218365
145 -7.000199 0.787734 -64.939535 0.512712 379.443703 8.581405
145 -6.741968 0.789614 -65.338072 0.543988 383.196549 8.064943
145 -8.353783 0.771468 -63.081765 0.623187 398.447523 11.288574
145 -7.410260 0.788826 -63.351197 0.524473 383.895228 9.401527
145 -7.877582 0.794676 -67.804318 0.431977 379.949385 10.336172
146 -6.545736 0.781173 -67.868986 0.509817 376.875844 7.672479
146 -7.320738 0.791410 -65.416435 0.514951 386.468204 9.222484
146 -9.662409 0.644682 -64.605632 0.858863 403.196855 13.905826
146 -8.167632 0.700024 -63.663144 0.745131 393.915044 10.916271
146 -7.378718 0.787377 -62.851242 0.567367 385.134267 9.338444
146 -8.787156 0.759215 -62.354733 0.593766 392.401983 12.155320
146 -7.117901 0.798949 -65.224447 0.475334 381.088631 8.816810
146 -7.755998 0.790315 -63.220518 0.591984 395.738240 10.093003
146 -6.400312 0.799145 -66.478021 0.512433 376.917090 7.381632
146 -8.091357 0.783763 -67.453631 0.445315 378.884465 10.763722
147 -6.789974 0.778991 -66.419752 0.518577 378.705715 8.160955
147 -7.853272 0.759603 -66.004114 0.570576 388.344025 10.287551
147 -10.145103 0.603047 -64.716680 0.959117 407.830757 14.871213
147 -7.295302 0.723393 -64.956572 0.687375 387.025401 9.171612
147 -8.193603 0.748450 -61.935659 0.675846 393.744734 10.968214
147 -9.186660 0.737744 -63.662008 0.634497 394.665592 12.954328
147 -6.911116 0.795667 -64.987298 0.499990 380.596524 8.403240
147 -7.267901 0.743960 -64.770942 0.664024 389.138403 9.116809
147 -7.007210 0.795812 -65.438740 0.528544 386.803363 8.595427
147 -7.596387 0.793368 -67.643544 0.435637 378.564510 9.773781
148 -6.332303 0.783641 -67.783518 0.526450 376.557146 7.245614
148 -7.342328 0.793467 -63.072772 0.572762 388.757780 9.265664
148 -11.536824 0.603251 -61.199892 1.090396 422.805385 17.654655
148 -7.755235 0.789293 -62.644163 0.585357 393.330973 10.091477
148 -9.515087 0.725383 -62.295474 0.698752 400.081847 13.611181
148 -10.000518 0.648824 -61.394133 0.950586 410.180635 14.582044
148 -6.725582 0.783608 -65.400252 0.541031 379.905882 8.032172
148 -8.389271 0.695964 -63.327836 0.774423 397.041801 11.359550
148 -6.217209 0.785685 -67.573497 0.554740 378.096745 7.015425
148 -6.385983 0.762151 -67.474033 0.599068 378.274074 7.352974
149 -6.393730 0.780707 -66.816721 0.565996 377.771482 7.368468
149 -8.170703 0.794606 -62.660995 0.578156 397.883667 10.922413
149 -9.653989 0.638593 -63.812205 0.979560 412.626422 13.888985
149 -7.523270 0.793538 -63.690023 0.520032 386.938997 9.627548
149 -8.916404 0.705991 -62.168532 0.814651 402.751230 12.413816
149 -7.429276 0.742133 -64.232758 0.691201 390.661601 9.439560
149 -6.772674 0.786724 -65.178767 0.569842 385.217027 8.126355
149 -8.346904 0.683139 -63.164707 0.795633 395.591185 11.274815
149 -7.001774 0.776285 -64.405678 0.598724 385.983277 8.584556
149 -6.033063 0.792399 -68.635785 0.539340 375.113179 6.647133
150 -6.496691 0.778182 -66.655293 0.597356 380.818685 7.574389
150 -9.552203 0.757712 -62.636221 0.675618 406.659692 13.685414
150 -10.948251 0.614045 -63.472630 1.050394 420.568814 16.477510
150 -7.537255 0.797899 -64.271921 0.483360 384.181980 9.655517
150 -6.299509 0.792635 -67.068864 0.526036 376.723320 7.180026
150 -8.863819 0.701688 -62.395472 0.823707 403.187516 12.308646
150 -6.931606 0.754807 -66.118683 0.595212 382.976122 8.444219
150 -7.618402 0.717080 -64.217927 0.732868 390.445484 9.817811
150 -7.463648 0.763781 -63.099933 0.608030 385.244878 9.508304
150 -6.193122 0.777219 -68.142599 0.576793 376.221927 6.967252
151 -6.178283 0.778018 -68.966100 0.540299 373.724935 6.937573
151 -8.045269 0.792078 -62.796156 0.578468 396.449188 10.671545
151 -12.254466 0.595066 -63.041866 1.073930 424.079325 19.089940
151 -6.973205 0.795526 -66.309317 0.469960 379.136910 8.527417
151 -6.800284 0.792940 -66.266224 0.485732 378.587007 8.181575
151 -7.130118 0.774690 -64.015788 0.585691 385.351063 8.841244
151 -6.844250 0.765716 -65.885846 0.562351 380.162308 8.269507
151 -7.650052 0.716323 -64.890172 0.709654 391.367790 9.881112
151 -8.294852 0.760920 -62.559212 0.576754 388.264229 11.170711
151 -6.520592 0.787458 -66.664265 0.530452 380.175164 7.622192
152 -6.773337 0.773611 -65.670763 0.554353 380.014748 8.127682
152 -6.407120 0.767171 -68.097045 0.554684 376.187847 7.395247
152 -11.482673 0.595285 -64.242529 1.068034 421.545485 17.546353
152 -7.150645 0.787400 -66.278549 0.508072 383.714766 8.882297
152 -7.293633 0.779881 -63.946925 0.579980 388.446077 9.168273
152 -8.952234 0.706164 -62.461020 0.751959 399.451491 12.485475
152 -7.867699 0.770602 -67.725756 0.472192 378.001066 10.316406
152 -7.384839 0.722010 -64.977868 0.688229 388.035361 9.350685
152 -6.390549 0.793747 -67.846276 0.486732 375.156585 7.362106
152 -6.317126 0.788544 -67.481531 0.531137 378.501673 7.215260
153 -8.116341 0.734150 -63.236699 0.628369 387.485479 10.813690
153 -8.779121 0.712627 -64.755759 0.686037 394.468156 12.139250
153 -12.190793 0.600675 -64.622217 1.002014 421.386186 18.962594
153 -7.492223 0.780628 -65.320922 0.496013 381.176863 9.565453
153 -8.142025 0.767783 -62.135563 0.576986 388.551643 10.865058
153 -6.941451 0.786414 -67.942978 0.468935 376.904420 8.463909
153 -7.210033 0.751735 -65.203957 0.590981 383.127614 9.001073
153 -7.662075 0.753074 -67.376990 0.529403 380.141537 9.905157
153 -7.095670 0.724156 -67.130811 0.627806 380.972475 8.772347
153 -6.394652 0.795454 -69.728851 0.450986 371.082056 7.370311
154 -7.071781 0.733247 -66.261379 0.630312 382.852697 8.724569
154 -8.490662 0.761609 -60.973434 0.586144 387.275721 11.562331
154 -11.458099 0.615435 -64.881484 1.037583 422.156381 17.497206
154 -7.267896 0.707925 -65.675810 0.717193 387.269863 9.116799
154 -6.513073 0.773457 -66.636279 0.564611 379.422846 7.607154
154 -7.522378 0.794722 -68.256892 0.408463 374.083051 9.625764
154 -8.343699 0.744873 -62.067231 0.705254 397.383722 11.268406
154 -7.789732 0.773971 -64.281786 0.550967 388.010598 10.160471
154 -7.209893 0.724799 -67.102186 0.617424 380.869313 9.000793
154 -7.252795 0.755655 -64.206348 0.646411 386.655448 9.086598
155 -7.300363 0.720119 -68.119646 0.596962 377.724098 9.181734
155 -7.936154 0.710456 -64.627867 0.699694 390.957888 10.453317
155 -9.338056 0.669763 -64.266255 0.861183 406.693659 13.257120
155 -7.761774 0.734421 -63.836426 0.667983 390.703388 10.104555
155 -9.095475 0.738486 -60.974761 0.720420 401.543773 12.771957
155 -7.907833 0.660538 -65.433703 0.824884 393.513442 10.396674
155 -7.957969 0.773627 -62.171616 0.621077 393.446143 10.496945
155 -6.878957 0.766773 -65.701705 0.581991 383.571635 8.338922
155 -8.062008 0.704023 -65.379832 0.716285 392.767134 10.705024
155 -8.034493 0.760367 -62.199842 0.615662 390.485040 10.649994
156 -7.365305 0.735035 -68.307775 0.555773 376.865838 9.311617
156 -7.815142 0.743252 -62.829968 0.674417 390.134697 10.211291
156 -10.736562 0.693285 -63.117089 0.826232 412.938065 16.054132
156 -8.620117 0.695614 -64.641564 0.729782 394.988569 11.821242
156 -9.226143 0.719265 -61.238612 0.790834 404.129673 13.033294
156 -7.900114 0.677498 -64.626425 0.761996 389.493110 10.381236
156 -7.495657 0.773085 -62.856253 0.576308 384.160279 9.572321
156 -8.005152 0.781560 -63.394411 0.499232 381.927661 10.591311
156 -8.632163 0.700596 -62.503892 0.726247 393.433794 11.845334
156 -7.751200 0.772789 -67.255875 0.476809 378.669779 10.083408
157 -7.330469 0.773688 -69.241812 0.448047 372.252079 9.241946
157 -7.899207 0.785478 -63.395769 0.502662 383.922149 10.379421
157 -9.784113 0.673219 -62.825685 0.880894 410.218060 14.149233
157 -9.138273 0.665148 -63.451806 0.815201 399.617915 12.857554
157 -7.522508 0.721307 -64.124211 0.690297 387.392330 9.626024
157 -7.280565 0.756126 -64.065404 0.643098 388.130042 9.142137
157 -8.007132 0.764325 -63.779836 0.604636 392.967197 10.595273
157 -7.501328 0.789461 -65.326852 0.501261 385.146620 9.583663
157 -11.396891 0.613613 -60.751099 1.055110 420.396713 17.374790
157 -6.600489 0.785634 -65.576477 0.554781 380.034303 7.781985
158 -7.455136 0.783539 -69.278623 0.424660 372.832670 9.491280
158 -7.588790 0.780576 -66.392954 0.465685 377.713376 9.758588
158 -7.828274 0.736592 -64.041512 0.639163 388.833181 10.237555
158 -8.933084 0.680761 -63.513036 0.769170 396.834393 12.447176
158 -7.296913 0.724836 -67.375911 0.599467 379.131160 9.174834
158 -6.943386 0.746831 -66.060263 0.627546 384.584807 8.467780
158 -9.126187 0.753734 -61.570998 0.677891 402.316022 12.833381
158 -9.031183 0.668379 -62.437916 0.860512 402.454794 12.643374
158 -10.969441 0.584463 -60.787454 1.078282 415.915060 16.519890
158 -6.569437 0.787232 -66.711651 0.529409 380.811661 7.719881
159 -7.743780 0.745545 -63.028253 0.670711 390.976610 10.068567
159 -7.896656 0.753662 -62.728320 0.610814 388.038149 10.374319
159 -7.460889 0.726057 -66.628572 0.602612 380.845364 9.502785
159 -7.169619 0.721247 -65.997464 0.673849 385.506601 8.920245
159 -7.438435 0.702001 -65.726567 0.707380 386.845885 9.457878
159 -7.172554 0.765517 -64.982164 0.600705 387.568874 8.926115
159 -7.825503 0.749701 -64.997751 0.565960 383.700477 10.232013
159 -7.335784 0.771239 -65.072751 0.549375 384.546995 9.252576
159 -10.406381 0.612621 -62.712204 1.014952 414.618653 15.393769
159 -7.105688 0.798921 -64.335575 0.541479 388.320035 8.792384
160 -8.650285 0.717460 -62.179103 0.677534 391.122960 11.881577
160 -8.513507 0.668477 -64.185514 0.795417 395.495925 11.608022
160 -7.280215 0.755662 -64.872280 0.595732 385.171980 9.141438
160 -7.697284 0.723980 -66.549069 0.615510 383.820819 9.975575
160 -6.705170 0.767408 -65.886496 0.601318 383.622041 7.991348
160 -8.027894 0.734328 -63.972489 0.684882 394.780273 10.636795
160 -7.078671 0.758537 -64.486821 0.613175 383.939217 8.738350
160 -6.605702 0.792383 -67.266979 0.479201 375.700387 7.792411
160 -9.616442 0.608872 -64.685654 0.952144 406.067135 13.813891
160 -8.333045 0.730862 -62.589965 0.640004 388.430506 11.247097
161 -6.436506 0.784207 -66.401968 0.578645 380.858337 7.454020
161 -9.216270 0.620288 -64.029704 0.964814 406.515945 13.013548
161 -8.263012 0.713400 -63.608394 0.709567 393.782955 11.107032
161 -6.967591 0.740386 -65.829490 0.628790 382.571299 8.516189
161 -6.268379 0.762660 -68.472702 0.609759 376.409105 7.117766
161 -8.182690 0.758997 -61.602423 0.642839 392.245981 10.946387
161 -6.335850 0.793752 -66.836927 0.522986 377.214852 7.252708
161 -7.285502 0.765807 -66.937682 0.510408 378.477289 9.152011
161 -9.644893 0.648808 -64.030628 0.831404 400.412804 13.870794
161 -7.857481 0.711870 -63.752874 0.722355 391.619596 10.295969
162 -6.682734 0.796952 -65.424837 0.533155 383.518319 7.946476
162 -9.778888 0.621646 -63.402631 0.971354 409.888996 14.138784
162 -7.490882 0.749934 -63.893849 0.614048 385.993353 9.562772
162 -7.030679 0.706156 -67.121946 0.684918 381.987902 8.642366
162 -6.087647 0.789880 -68.812477 0.561282 374.802287 6.756301
162 -8.814588 0.716357 -62.166003 0.727441 397.848833 12.210183
162 -6.806465 0.785519 -65.112109 0.541761 381.840117 8.193938
162 -7.404048 0.754086 -67.820655 0.521557 377.812308 9.389104
162 -9.265486 0.667738 -62.884521 0.836505 402.457222 13.111980
162 -7.548680 0.664641 -66.492696 0.778246 387.163173 9.678367
163 -7.140365 0.792075 -65.559619 0.485458 380.971427 8.861737
163 -7.930305 0.742245 -67.553930 0.543568 380.451123 10.441618
163 -7.322014 0.795890 -64.681032 0.515189 386.975381 9.225036
163 -6.422836 0.796418 -66.395647 0.519846 377.206473 7.426680
163 -6.083386 0.797244 -68.564744 0.508420 374.031048 6.747779
163 -7.772452 0.745561 -63.131531 0.683668 392.526896 10.125912
163 -7.111644 0.731570 -66.047190 0.646956 384.611657 8.804295
163 -7.831889 0.774972 -67.456981 0.464374 377.868458 10.244786
163 -6.527762 0.784719 -65.952661 0.573849 380.753632 7.636532
163 -7.423162 0.683124 -65.872158 0.786835 388.465850 9.427331
164 -7.479528 0.795094 -66.132522 0.485866 385.395305 9.540063
164 -8.841149 0.756670 -65.947897 0.552213 388.670388 12.263306
164 -6.309338 0.791779 -69.562695 0.471420 371.539855 7.199684
164 -6.569568 0.787288 -68.371678 0.482228 375.505198 7.720144
164 -6.197164 0.789503 -67.678498 0.537971 377.080717 6.975336
164 -8.345995 0.733052 -64.316167 0.658597 393.855123 11.272997
164 -6.773432 0.792866 -66.965138 0.482991 378.938860 8.127871
164 -7.183786 0.788753 -67.527490 0.472810 380.135071 8.948579
164 -7.218143 0.799094 -64.438548 0.503741 385.035747 9.017294
164 -7.429778 0.694691 -65.432379 0.768086 389.792427 9.440564
165 -6.997540 0.723441 -67.785387 0.618747 378.108340 8.576087
165 -8.438821 0.756061 -64.898863 0.618214 395.921857 11.458650
165 -6.583922 0.796653 -70.297333 0.426340 369.098528 7.748852
165 -6.621944 0.761839 -66.736694 0.593851 381.623317 7.824895
165 -7.302467 0.777940 -69.687850 0.433666 371.200020 9.185942
165 -6.039801 0.798685 -68.391097 0.527740 374.679082 6.660610
165 -7.538784 0.799289 -63.639563 0.525828 389.597127 9.658575
165 -7.758769 0.795420 -64.254635 0.483460 384.882775 10.098546
165 -8.014497 0.795724 -65.245190 0.481031 387.165924 10.610002
165 -7.507920 0.750523 -66.429951 0.563058 382.822600 9.596847
166 -6.924229 0.724741 -68.195210 0.613338 377.709491 8.429465
166 -7.345267 0.746471 -64.295443 0.646387 387.960222 9.271542
166 -7.427108 0.724843 -65.209181 0.644682 384.433568 9.435224
166 -8.659667 0.716435 -63.719507 0.762559 402.418815 11.900342
166 -9.460177 0.706639 -61.035123 0.770470 402.140351 13.501361
166 -6.064405 0.793249 -69.253945 0.510134 372.544670 6.709817
166 -6.657956 0.782451 -65.437796 0.581095 382.833787 7.896920
166 -6.664885 0.777579 -65.926828 0.548829 379.325162 7.910777
166 -7.860986 0.798127 -63.474279 0.506794 388.893269 10.302980
166 -7.825380 0.746172 -63.145496 0.689175 393.954812 10.231767
167 -6.885640 0.758915 -65.302797 0.633064 384.006189 8.352287
167 -6.897205 0.736269 -66.043151 0.643165 381.941775 8.375417
167 -7.454341 0.718313 -65.377051 0.655603 384.489080 9.489690
167 -8.773320 0.710828 -64.275803 0.763540 402.524209 12.127648
167 -7.724184 0.731024 -63.860171 0.725469 393.549359 10.029376
167 -6.982976 0.754272 -66.476804 0.586392 382.711815 8.546959
167 -6.515542 0.770747 -67.178728 0.561623 379.423826 7.612092
167 -8.211852 0.763853 -63.762538 0.590907 392.336266 11.004712
167 -6.872832 0.793988 -65.266144 0.531106 384.720599 8.326671
167 -8.857124 0.718989 -61.801729 0.776962 400.786208 12.295255
168 -7.286646 0.791703 -65.311495 0.477483 380.454402 9.154300
168 -6.987467 0.746260 -66.559451 0.601131 382.382240 8.555941
168 -7.373796 0.731090 -64.688485 0.698548 390.176665 9.328599
168 -8.775815 0.728966 -62.255844 0.727070 400.480155 12.132637
168 -7.914973 0.769409 -63.430545 0.585872 390.937932 10.410953
168 -7.945476 0.714373 -63.048080 0.718254 390.186836 10.471960
168 -7.421534 0.769782 -66.378526 0.519281 381.791536 9.424075
168 -8.088287 0.761323 -62.135644 0.608633 390.271917 10.757581
168 -6.239888 0.793439 -68.028554 0.510746 376.716690 7.060783
168 -7.446148 0.791132 -64.181239 0.511067 385.099282 9.473303
169 -6.863454 0.771573 -65.204803 0.606906 386.101600 8.307916
169 -7.256677 0.796286 -67.638082 0.446152 379.209864 9.094361
169 -7.479770 0.744284 -63.826866 0.671527 389.829161 9.540547
169 -7.455760 0.741226 -64.068662 0.627593 384.750367 9.492527
169 -6.983646 0.770228 -65.642160 0.562601 383.355959 8.548299
169 -7.792467 0.795062 -65.425960 0.474328 384.885798 10.165942
169 -7.009138 0.776175 -67.104165 0.491861 376.366577 8.599284
169 -9.483913 0.745915 -62.904866 0.646447 399.107990 13.548834
169 -6.424487 0.791598 -68.195409 0.491503 376.490410 7.429981
169 -7.619333 0.741161 -63.820848 0.694454 392.791313 9.819673
170 -7.340778 0.728079 -65.249255 0.656991 386.171916 9.262565
170 -7.019396 0.780534 -66.610377 0.507377 380.508585 8.619800
170 -7.610871 0.724946 -63.692603 0.685849 387.145567 9.802749
170 -6.441558 0.795349 -67.566216 0.492566 377.661355 7.464123
170 -7.129877 0.717912 -65.772881 0.720970 386.721014 8.840762
170 -7.754404 0.747722 -65.364018 0.555458 380.896751 10.089816
170 -8.310149 0.759717 -63.981408 0.567916 388.593603 11.201305
170 -9.519927 0.663329 -62.268560 0.893672 407.395182 13.620861
170 -8.091323 0.762489 -63.955320 0.554553 386.331087 10.763654
170 -7.700187 0.739579 -63.600061 0.696075 392.991772 9.981381
171 -6.506689 0.763615 -67.055937 0.584846 379.521625 7.594385
171 -6.911645 0.750295 -65.540072 0.621085 381.310236 8.404298
171 -8.862195 0.710848 -63.408931 0.664962 390.105333 12.305397
171 -6.741116 0.740450 -66.464134 0.651373 381.199753 8.063239
171 -6.835349 0.772557 -65.428502 0.593166 385.294682 8.251706
171 -7.461039 0.786512 -65.217474 0.493936 382.599040 9.503085
171 -7.117176 0.727460 -67.600347 0.602217 378.854832 8.815360
171 -9.577273 0.650302 -63.334596 0.893541 406.716321 13.735553
171 -6.494606 0.774173 -66.728481 0.570058 380.420790 7.570220
171 -7.069363 0.796779 -63.943730 0.532467 384.937738 8.719733
172 -8.669533 0.690047 -66.221920 0.673731 387.357635 11.920074
172 -8.853492 0.735114 -63.501951 0.671986 397.810656 12.287992
172 -8.816478 0.699092 -63.730844 0.688998 390.553965 12.213963
172 -8.885226 0.730347 -62.289371 0.674189 395.588218 12.351460
172 -6.898418 0.758455 -66.041954 0.572961 379.465642 8.377843
172 -6.940762 0.773041 -66.223316 0.542106 381.829906 8.462531
172 -6.952884 0.727500 -68.504451 0.597327 376.077192 8.486775
172 -9.349429 0.641851 -63.411274 0.884274 403.254761 13.279865
172 -8.041219 0.731808 -66.161939 0.620084 388.287169 10.663446
172 -8.989340 0.743982 -64.883090 0.604553 392.510154 12.559687
173 -8.661759 0.636939 -64.073798 0.924430 401.767873 11.904525
173 -8.378263 0.735754 -64.610039 0.685966 398.120245 11.337534
173 -7.867495 0.652396 -65.505081 0.851378 393.680107 10.315997
173 -8.643249 0.788827 -61.011286 0.593550 397.999742 11.867506
173 -7.741792 0.721159 -67.270819 0.597127 381.058015 10.064591
173 -8.313549 0.756841 -66.252788 0.500777 378.532290 11.208105
173 -7.878322 0.718089 -68.535925 0.562576 375.871942 10.337651
173 -6.718940 0.767276 -66.584604 0.553004 378.935594 8.018888
173 -7.097118 0.724404 -65.910868 0.679429 385.884646 8.775243
173 -6.280109 0.772337 -67.771729 0.573962 377.175678 7.141226
174 -8.737198 0.697611 -64.349088 0.687638 390.268007 12.055404
174 -9.433315 0.735854 -62.019124 0.729001 405.797653 13.447638
174 -8.523854 0.707973 -62.836313 0.735988 396.044838 11.628716
174 -8.789477 0.749473 -61.567051 0.644780 395.354495 12.159962
174 -8.077816 0.690198 -67.030204 0.655989 382.624253 10.736640
174 -6.714256 0.757208 -66.272524 0.607429 382.346445 8.009519
174 -7.877631 0.724084 -68.707033 0.545670 375.069372 10.336269
174 -6.773075 0.790135 -65.684560 0.519013 381.331462 8.127157
174 -6.795968 0.736767 -67.007213 0.625252 379.283000 8.172944
174 -6.125847 0.797481 -67.889756 0.520930 376.553491 6.832702
175 -7.792526 0.711508 -66.203647 0.629718 382.509038 10.166059
175 -9.790518 0.724346 -60.499416 0.798248 408.776056 14.162044
175 -7.963041 0.700143 -64.223265 0.748500 393.425657 10.507089
175 -9.328888 0.673238 -62.026743 0.881044 404.518081 13.238783
175 -6.716768 0.776849 -65.640465 0.575631 383.277812 8.014543
175 -6.668599 0.742344 -66.688504 0.648203 381.158368 7.918206
175 -6.802164 0.755328 -66.160996 0.589475 380.198108 8.185335
175 -7.466311 0.709762 -64.719601 0.706302 386.840246 9.513630
175 -6.387755 0.758637 -69.276784 0.559749 373.334027 7.356517
175 -6.467261 0.791012 -66.625180 0.538236 381.450127 7.515530
176 -6.405130 0.799389 -67.275041 0.484654 376.698644 7.391268
176 -6.606982 0.769499 -66.376801 0.612608 381.343673 7.794972
176 -8.858043 0.689503 -62.519428 0.840186 402.566846 12.297094
176 -8.801632 0.682788 -62.640818 0.842900 400.576018 12.184272
176 -8.705587 0.684108 -63.475319 0.798896 399.408214 11.992182
176 -9.202660 0.651647 -65.190098 0.781647 393.909123 12.986328
176 -7.033212 0.734585 -66.857203 0.609032 380.618393 8.647431
176 -7.230757 0.712068 -65.385054 0.713182 386.207541 9.042522
176 -9.103835 0.795267 -61.025473 0.584745 392.486580 12.788678
176 -6.378212 0.766888 -68.167330 0.562523 375.318460 7.337432
177 -7.678950 0.766389 -66.665250 0.530647 384.200692 9.938907
177 -6.246411 0.788015 -67.322100 0.549414 376.903710 7.073829
177 -9.304352 0.663604 -62.048046 0.888844 404.807897 13.189711
177 -7.874306 0.762133 -63.848313 0.616217 392.894255 10.329620
177 -7.067357 0.770040 -66.399823 0.547793 383.101990 8.715721
177 -7.075855 0.748512 -66.751724 0.566059 379.045458 8.732717
177 -8.411014 0.704587 -65.516044 0.652472 386.755210 11.403036
177 -8.546501 0.672327 -63.726501 0.796180 396.081918 11.674009
177 -7.931035 0.799554 -61.979941 0.540224 391.271787 10.443078
177 -6.317409 0.770678 -67.842682 0.566670 376.770409 7.215825
178 -6.572041 0.756463 -69.054566 0.544633 373.872345 7.725089
178 -7.023669 0.797493 -64.939653 0.484043 380.039441 8.628346
178 -6.444888 0.799074 -68.052680 0.474500 376.852160 7.470783
178 -6.943300 0.750348 -65.784627 0.629750 385.310342 8.467608
178 -8.019907 0.775251 -63.237792 0.532673 385.699502 10.620821
178 -6.885514 0.766443 -65.250735 0.602234 384.801683 8.352035
178 -8.045413 0.701048 -65.256741 0.676257 387.035115 10.671834
178 -8.749544 0.666748 -64.640266 0.768432 393.645424 12.080096
178 -7.641686 0.769825 -63.179096 0.616628 391.564555 9.864379
178 -6.988129 0.750000 -65.096595 0.635876 384.511055 8.557265
179 -7.122363 0.714812 -66.756372 0.657182 381.845623 8.825733
179 -6.771601 0.747704 -66.934293 0.609468 381.687778 8.124209
179 -6.566625 0.796821 -68.152186 0.455126 373.818152 7.714258
179 -7.704937 0.778910 -64.939717 0.491805 380.706538 9.990881
179 -9.145639 0.717390 -61.025427 0.740646 399.414742 12.872285
179 -6.928061 0.741714 -65.702912 0.648373 384.336098 8.437131
179 -7.449273 0.792773 -65.043912 0.500832 385.481533 9.479553
179 -8.176412 0.661529 -64.231400 0.846984 395.927823 10.933832
179 -8.922201 0.726690 -61.790763 0.758919 402.851287 12.425409
179 -8.608625 0.708508 -65.677896 0.653693 388.889662 11.798258
180 -8.793176 0.735018 -62.426914 0.662480 395.053728 12.167360
180 -6.098536 0.794641 -68.035865 0.550249 376.537197 6.778080
180 -6.716903 0.759177 -69.206067 0.521130 373.248485 8.014814
180 -7.824941 0.713063 -64.877128 0.731559 394.201442 10.230890
180 -6.913834 0.750246 -65.465489 0.636081 382.055395 8.408676
180 -7.644319 0.741990 -63.732637 0.662943 390.634236 9.869646
180 -7.965690 0.671743 -64.698772 0.805270 393.526694 10.512388
180 -8.574244 0.686694 -62.464722 0.792620 396.453035 11.729495
180 -7.266955 0.793837 -68.885825 0.411423 372.869220 9.114918
180 -8.274003 0.693150 -64.511001 0.756956 395.410399 11.129014
181 -6.700926 0.790986 -65.445879 0.520333 379.228735 7.982860
181 -6.261722 0.767537 -68.042264 0.595754 377.088695 7.104451
181 -6.679720 0.761929 -68.857945 0.522980 374.008564 7.940447
181 -8.235385 0.703822 -64.728866 0.748326 396.693839 11.051778
181 -6.634627 0.791882 -65.601973 0.530318 380.980365 7.850262
181 -8.050926 0.773144 -61.889989 0.635079 393.799095 10.682859
181 -7.018173 0.782757 -64.639948 0.548573 383.818630 8.617354
181 -8.839943 0.728839 -62.548893 0.644807 391.230403 12.260894
181 -7.474001 0.783591 -69.186065 0.429946 373.913194 9.529010
181 -7.237762 0.706236 -66.371263 0.681327 383.227149 9.056532
182 -8.357050 0.769272 -62.585653 0.533170 384.263046 11.295108
182 -7.668186 0.780998 -65.204093 0.534469 388.138269 9.917379
182 -6.518285 0.764135 -68.435922 0.541161 375.181572 7.617577
182 -6.698950 0.790041 -65.169514 0.554422 383.066354 7.978908
182 -6.955898 0.792937 -65.472429 0.526849 385.198858 8.492803
182 -7.131836 0.746569 -64.892178 0.655386 387.339984 8.844679
182 -7.743380 0.771648 -65.571944 0.513225 382.804626 10.067768
182 -7.910224 0.732571 -64.476425 0.669771 392.505917 10.401456
182 -7.752352 0.751277 -63.433666 0.596686 385.625248 10.085711
182 -6.971109 0.701041 -67.049806 0.724973 382.962871 8.523225
183 -6.945929 0.782774 -66.153931 0.498914 378.212467 8.472866
183 -7.113242 0.769282 -65.904394 0.560067 384.413323 8.807492
183 -7.362304 0.761682 -64.416801 0.597917 387.184427 9.305615
183 -6.490531 0.784387 -69.038395 0.479160 372.484062 7.562069
183 -6.875083 0.791264 -65.163320 0.543990 385.263664 8.331173
183 -6.485041 0.775011 -66.579860 0.574380 380.580670 7.551089
183 -6.346060 0.799172 -66.835992 0.504423 376.613086 7.273128
183 -6.832416 0.744255 -66.261360 0.628954 382.770905 8.245840
183 -7.047755 0.783435 -64.700005 0.541235 383.614775 8.676518
183 -7.021815 0.696834 -67.245299 0.746883 383.363097 8.624638
184 -7.518920 0.764981 -63.579628 0.654861 391.695788 9.618847
184 -7.784917 0.766902 -65.061060 0.557014 387.523358 10.150842
184 -6.180589 0.788534 -68.887816 0.508887 373.303039 6.942185
184 -7.236114 0.781010 -67.870706 0.458663 375.567719 9.053236
184 -7.142937 0.779269 -67.597696 0.496062 380.159179 8.866881
184 -6.942401 0.796900 -64.083300 0.556558 384.951804 8.465810
184 -6.690874 0.791664 -65.727729 0.532612 382.622800 7.962756
184 -6.947348 0.728588 -66.463301 0.647689 382.231788 8.475703
184 -7.200260 0.792943 -64.628846 0.496844 381.992915 8.981527
184 -6.754577 0.731006 -67.562778 0.631178 378.621383 8.090162
185 -8.810932 0.747547 -61.366990 0.666070 397.108242 12.202871
185 -6.944589 0.767204 -66.941629 0.534237 379.609481 8.470187
185 -6.945888 0.731876 -66.613864 0.629668 381.025288 8.472784
185 -7.908592 0.764819 -63.450352 0.618791 393.550580 10.398192
185 -7.461894 0.789162 -68.638886 0.418677 373.642443 9.504796
185 -6.363124 0.773882 -67.196073 0.576722 379.255433 7.307255
185 -7.717034 0.761592 -63.321588 0.623060 391.271744 10.015076
185 -7.074775 0.763770 -65.442415 0.586741 385.166198 8.730558
185 -6.751319 0.794416 -65.408280 0.504812 379.033141 8.083645
185 -8.093986 0.696051 -64.734742 0.691381 387.423255 10.768979
186 -6.856216 0.798359 -64.552072 0.563964 384.911472 8.293439
186 -6.909606 0.773790 -65.983742 0.544317 381.688994 8.400219
186 -6.385644 0.774622 -68.005552 0.538588 376.186313 7.352295
186 -7.879442 0.791302 -63.441075 0.564282 394.409247 10.339891
186 -7.525136 0.777574 -67.028518 0.472663 378.187485 9.631279
186 -7.100704 0.766225 -64.444867 0.612355 386.713570 8.782416
186 -7.635146 0.755791 -63.394411 0.658716 392.345174 9.851299
186 -8.845498 0.731810 -62.044874 0.726402 401.140327 12.272004
186 -7.467649 0.729824 -66.407145 0.594311 380.377444 9.516305
186 -6.803536 0.765551 -66.442850 0.556810 380.030576 8.188080
187 -7.312373 0.728266 -65.479741 0.650210 385.467975 9.205754
187 -7.766129 0.730266 -64.886140 0.637615 387.566830 10.113266
187 -6.588209 0.764837 -67.714726 0.547441 376.944149 7.757426
187 -7.860994 0.796047 -64.015012 0.537697 393.255634 10.302995
187 -6.321176 0.765751 -67.724637 0.601345 377.777988 7.223359
187 -8.134155 0.739431 -64.908282 0.639044 392.432697 10.849317
187 -6.580482 0.794349 -66.069115 0.508965 378.990062 7.741971
187 -7.110317 0.777743 -65.540054 0.549417 385.104109 8.801641
187 -7.401005 0.733208 -64.504200 0.647784 385.606284 9.383017
187 -7.230353 0.755070 -66.699343 0.538374 378.212171 9.041713
188 -7.969858 0.771583 -66.794239 0.507353 383.949388 10.520723
188 -8.298267 0.742626 -63.420593 0.639546 392.776317 11.177542
188 -7.824382 0.793847 -64.503737 0.518260 390.269109 10.229771
188 -7.225101 0.787351 -64.357939 0.567655 389.335401 9.031209
188 -6.540280 0.759565 -66.746617 0.619085 380.004401 7.661567
188 -7.338657 0.784338 -63.204362 0.583734 387.928618 9.258322
188 -6.634467 0.785232 -66.403004 0.525081 379.888817 7.849941
188 -7.141964 0.797395 -64.712584 0.526940 387.301646 8.864935
188 -7.750743 0.721655 -63.780974 0.712662 388.638405 10.082494
188 -6.260658 0.789049 -67.172656 0.545881 377.359421 7.102323
189 -7.757740 0.755501 -64.828955 0.548954 382.124578 10.096488
189 -7.191633 0.778553 -64.769126 0.570658 387.602955 8.964274
189 -6.465428 0.765692 -68.000353 0.552680 376.233520 7.511864
189 -7.831748 0.742019 -63.261903 0.633361 388.195981 10.244503
189 -7.509655 0.777878 -63.940910 0.558172 387.482138 9.600318
189 -6.319412 0.792962 -69.777654 0.464358 371.010151 7.219832
189 -6.589858 0.770013 -66.304988 0.573416 378.945872 7.760724
189 -6.521697 0.796250 -65.664773 0.548308 382.200873 7.624402
189 -7.842964 0.725448 -63.218780 0.675717 388.536301 10.266936
189 -7.486871 0.746894 -63.858804 0.664366 390.260721 9.554750
190 -7.548842 0.742504 -65.515885 0.603397 385.563282 9.678691
190 -7.185353 0.753445 -65.704527 0.576723 382.246088 8.951714
190 -7.342234 0.729532 -66.448566 0.637211 385.464598 9.265476
190 -6.554345 0.799129 -65.451098 0.542422 382.379481 7.689697
190 -6.540650 0.770334 -66.842531 0.559121 378.189240 7.662307
190 -7.500093 0.762401 -68.177578 0.488981 376.137603 9.581194
190 -6.354410 0.791191 -66.730246 0.539667 379.504953 7.289828
190 -6.502111 0.792809 -67.804311 0.494717 378.214186 7.585229
190 -7.618089 0.769421 -66.061681 0.542771 386.108291 9.817185
190 -7.400526 0.781876 -63.653201 0.593471 390.880643 9.382060
191 -7.312074 0.764518 -65.824656 0.572754 386.279161 9.205155
191 -7.046022 0.769080 -65.504267 0.571448 384.615800 8.673051
191 -6.175640 0.779604 -69.729989 0.523345 371.681714 6.932288
191 -6.455977 0.754421 -67.364796 0.625032 379.211358 7.492961
191 -8.139885 0.749812 -63.608410 0.602900 389.288122 10.860777
191 -6.536443 0.769976 -66.583459 0.577703 380.328756 7.653894
191 -7.143272 0.776060 -64.576779 0.539364 380.985178 8.867552
191 -6.651932 0.791980 -66.368643 0.496279 377.185769 7.884871
191 -6.985365 0.776586 -65.380956 0.554179 383.808791 8.551737
191 -7.745231 0.708945 -64.221905 0.695962 387.834429 10.071470
192 -7.441386 0.767696 -64.627993 0.572746 386.867392 9.463779
192 -7.418479 0.705522 -65.547984 0.700992 386.546534 9.417965
192 -6.566464 0.776860 -66.031946 0.593292 382.806448 7.713936
192 -7.035417 0.773783 -65.390682 0.572676 385.841856 8.651841
192 -6.637977 0.753275 -67.551718 0.583881 378.908164 7.856961
192 -6.679217 0.766943 -66.330212 0.567320 378.682729 7.939442
192 -6.301859 0.789316 -68.066283 0.509002 375.999781 7.184726
192 -7.013641 0.781966 -67.550483 0.493891 379.652899 8.608290
192 -6.969408 0.795635 -64.065912 0.562273 385.783546 8.519824
192 -7.937694 0.678401 -64.281252 0.801788 393.137645 10.456395
193 -9.151803 0.736519 -62.598325 0.656856 396.439803 12.884613
193 -7.617706 0.776344 -65.136783 0.540411 387.108876 9.816419
193 -6.808246 0.796290 -65.920186 0.516250 383.918680 8.197500
193 -7.611852 0.793811 -65.742077 0.454270 380.364407 9.804711
193 -7.241273 0.748229 -67.159196 0.560795 380.299113 9.063553
193 -7.415911 0.774118 -67.027295 0.497092 380.265355 9.412830
193 -6.481117 0.792468 -67.866497 0.479396 374.607766 7.543241
193 -8.708913 0.754120 -61.558202 0.682905 400.016674 11.998834
193 -6.680941 0.756167 -69.127879 0.532991 373.393785 7.942890
193 -7.439378 0.689575 -66.660722 0.703964 383.986889 9.459764
194 -7.316346 0.773351 -66.240532 0.502235 379.327784 9.213699
194 -8.176343 0.760680 -64.543746 0.575297 389.891882 10.933693
194 -6.481803 0.788137 -67.223176 0.506878 375.815807 7.544614
194 -5.997138 0.787640 -70.411805 0.548849 370.889031 6.575284
194 -7.064292 0.730741 -67.432019 0.608654 380.270924 8.709592
194 -6.522808 0.790737 -66.747189 0.517600 379.717114 7.626623
194 -8.244672 0.754609 -65.720569 0.586931 390.957649 11.070351
194 -7.902799 0.750940 -62.342598 0.647860 390.012549 10.386606
194 -6.947546 0.787176 -65.246525 0.539778 384.564046 8.476099
194 -7.337870 0.692317 -66.766425 0.701157 383.207431 9.256748
195 -7.414517 0.777467 -67.140831 0.478785 378.548684 9.410041
195 -6.135736 0.786066 -68.287401 0.542114 375.763340 6.852480
195 -6.656554 0.777762 -65.581688 0.573704 381.639930 7.894116
195 -6.011325 0.785441 -70.392570 0.554530 371.044751 6.603657
195 -7.005304 0.764305 -66.232469 0.547991 380.460141 8.591615
195 -6.477922 0.794246 -66.539624 0.521399 380.342189 7.536851
195 -8.114039 0.712472 -63.429450 0.734139 394.643448 10.809086
195 -7.387796 0.733389 -64.333584 0.665248 384.612959 9.356600
195 -6.684858 0.791595 -65.311076 0.540764 382.287905 7.950723
195 -7.366957 0.776112 -63.461000 0.616050 389.675023 9.314921
196 -6.647287 0.796744 -68.538695 0.454400 375.661163 7.875581
196 -6.755017 0.763307 -65.740970 0.602469 382.975587 8.091041
196 -7.371045 0.791581 -63.774998 0.516132 384.398661 9.323097
196 -6.202746 0.776375 -69.499723 0.530461 372.463093 6.986499
196 -7.339453 0.742001 -64.476740 0.624322 384.312151 9.259913
196 -6.004221 0.791991 -69.581818 0.550919 372.814162 6.589450
196 -8.301921 0.676516 -63.626070 0.828186 395.784371 11.184850
196 -7.965110 0.722762 -63.582802 0.711090 393.673933 10.511228
196 -7.934311 0.761714 -63.244502 0.566912 385.829623 10.449630
196 -8.100612 0.671588 -64.542885 0.823534 396.039546 10.782231
197 -6.505821 0.787759 -68.970110 0.470733 372.311087 7.592649
197 -7.506679 0.781430 -64.337369 0.573889 391.062240 9.594366
197 -6.444444 0.744710 -68.080440 0.638580 377.762340 7.469895
197 -7.553165 0.775745 -65.425559 0.525438 384.658927 9.687338
197 -8.015312 0.695128 -65.095404 0.694521 387.534516 10.611632
197 -5.956906 0.795496 -69.934895 0.537051 371.738144 6.494819
197 -6.927551 0.760780 -65.404631 0.599774 383.929723 8.436109
197 -7.119884 0.744828 -65.198900 0.679542 387.458892 8.820775
197 -7.147677 0.767583 -65.001361 0.583985 385.992532 8.876361
197 -8.109928 0.691592 -65.771009 0.710140 389.740902 10.800864
198 -8.053591 0.757551 -65.304587 0.523100 380.782208 10.688189
198 -8.795285 0.734540 -61.136296 0.710634 397.678876 12.171577
198 -7.145930 0.759669 -64.456248 0.643033 387.529355 8.872868
198 -6.805376 0.797601 -69.262725 0.423204 372.569852 8.191759
198 -7.931626 0.718874 -67.231436 0.588696 380.139553 10.444260
198 -5.941839 0.794187 -70.288628 0.532363 370.971254 6.464686
198 -6.768799 0.755908 -66.204298 0.591337 380.259120 8.118605
198 -7.020614 0.743113 -65.396928 0.666769 386.990312 8.622235
198 -8.302844 0.727804 -64.076278 0.612702 385.506410 11.186696
198 -9.182108 0.677652 -62.556867 0.812510 401.170003 12.945223
199 -7.189700 0.752866 -65.033641 0.594067 383.330379 8.960408
199 -7.893689 0.756754 -65.805430 0.522752 380.238692 10.368386
199 -7.451195 0.758917 -63.526050 0.637414 389.191711 9.483398
199 -7.260954 0.795106 -68.790870 0.415389 374.122678 9.102915
199 -6.928182 0.737216 -65.762472 0.652948 383.440129 8.437372
199 -6.090237 0.792803 -70.176698 0.553526 371.509083 6.761482
199 -7.354332 0.777409 -65.035546 0.510237 380.600007 9.289671
199 -6.582411 0.774888 -67.745783 0.518041 375.785695 7.745830
199 -8.650700 0.719515 -63.817444 0.686443 394.957499 11.882408
199 -8.043367 0.774006 -65.482008 0.533344 388.134701 10.667741
200 -7.534627 0.794536 -63.311542 0.520964 386.688449 9.650261
200 -7.702105 0.756409 -62.977392 0.610728 387.434674 9.985217
200 -8.119154 0.745812 -62.852082 0.645701 392.283281 10.819316
200 -8.721485 0.731728 -61.376975 0.728249 397.350472 12.023977
200 -8.247809 0.729354 -62.976198 0.719697 397.150560 11.076626
200 -6.027517 0.792184 -69.897330 0.517362 371.172604 6.636041
200 -8.605090 0.760585 -62.180830 0.640365 397.712076 11.791187
200 -7.005453 0.764821 -65.755288 0.590259 385.576263 8.591914
200 -10.535377 0.696097 -61.582332 0.813119 409.989571 15.651762
200 -7.778067 0.762815 -64.768058 0.566844 387.315004 10.137142
201 -7.593982 0.792008 -62.836154 0.529661 386.436333 9.768972
201 -8.521305 0.725448 -62.083001 0.693675 394.163900 11.623617
201 -8.017415 0.693422 -63.616129 0.764941 392.692061 10.615838
201 -6.992325 0.773848 -64.692764 0.590726 385.805318 8.565658
201 -7.241682 0.772283 -63.693306 0.588536 382.912371 9.064371
201 -6.217411 0.790647 -67.376272 0.541862 377.409274 7.015830
201 -7.360428 0.766783 -65.357456 0.557976 384.929307 9.301863
201 -8.219857 0.764666 -64.030162 0.632982 398.062928 11.020721
201 -8.449588 0.747854 -62.721984 0.683620 399.006737 11.480183
201 -7.439090 0.795945 -64.334372 0.511115 386.905876 9.459188
