#Nsample
#ln(Lhood)
#O1 : emass
#O1 : theta (deg)
#O1 : rc (arcsec)
#O1 : sigma (km/s)
#O2 : gamma
#O2 : theta (deg)
#Chi2
1 -2.167066 0.204460 -26.168257 0.407190 144.855396 0.953215 87.926198 1.624635
1 -3.946042 0.334426 -6.398127 0.429088 238.583214 0.796484 -16.996781 5.182588
1 -2.899460 0.446839 -26.499298 0.181370 124.972962 1.036523 76.987851 3.089423
1 -1.492110 0.750654 -13.663491 4.963225 374.254919 0.572069 77.133612 0.274724
1 -2.917425 0.589185 -7.952887 0.460548 174.499937 0.776418 -48.235123 3.125354
1 -1.933415 0.066479 39.641986 1.216420 281.708944 0.320383 11.020731 1.157334
1 -1.408658 0.415247 5.213993 0.470262 168.072047 0.299127 85.609998 0.107819
1 -1.949946 0.426770 88.613010 0.547342 258.923516 0.897923 -17.380415 1.190396
1 -2.371411 0.515845 80.737735 0.454905 211.847970 0.814309 44.985826 2.033326
1 -2.608592 0.537866 -41.430239 0.876565 273.226497 0.869054 -6.476681 2.507687
2 -1.617182 0.145612 -22.342284 0.067966 106.601804 1.032491 85.937178 0.524868
2 -2.424760 0.258114 1.891960 1.457910 301.405374 0.602638 -19.959122 2.140023
2 -1.671493 0.499463 69.898854 0.269521 120.046745 1.096785 74.588601 0.633489
2 -1.899354 0.758233 -10.487294 5.167550 380.080638 0.598706 75.908683 1.089212
2 -1.806036 0.710092 -7.887229 0.184575 116.962515 1.015649 -73.652188 0.902576
2 -1.657372 0.051359 5.074740 1.386947 297.305831 0.403510 -10.347577 0.605249
2 -1.400711 0.475658 -4.852005 0.676868 192.677996 0.192978 80.038906 0.091926
2 -1.827195 0.422466 -89.219897 0.564084 254.005755 0.894280 -21.718961 0.944894
2 -2.850212 0.249036 81.971356 0.623195 230.039908 0.516172 44.812437 2.990928
2 -1.933543 0.541642 -33.725388 1.366264 295.061451 1.064853 -18.463546 1.157589
3 -1.440666 0.250411 -26.398039 0.219130 109.568875 0.995456 -85.253805 0.171837
3 -3.041311 0.159791 10.303356 1.105938 286.740537 0.721172 -32.241764 3.373125
3 -1.752530 0.434445 79.940939 0.404586 129.650830 1.043833 79.971100 0.795563
3 -1.441796 0.693609 -11.077674 4.696798 375.409413 0.536448 85.480022 0.174095
3 -1.760572 0.674151 -20.998030 0.589966 148.375898 0.953291 -79.013917 0.811649
3 -1.597529 0.012820 4.219637 1.428592 298.875879 0.382447 2.229681 0.485562
3 -3.802155 0.668526 -26.886910 1.383076 261.840553 0.389634 8.843854 4.894814
3 -1.816409 0.043234 72.977302 0.800404 240.620434 0.509048 11.370821 0.923322
3 -2.538396 0.369797 -71.883880 0.298175 212.807878 0.638987 20.973174 2.367297
3 -2.507228 0.634623 -45.447440 1.192013 278.927514 1.077121 -36.910813 2.304959
4 -1.973225 0.368721 -11.777654 0.706562 137.854172 1.056321 -77.476547 1.236954
4 -2.777019 0.216733 8.451052 1.160946 286.374678 0.741674 -32.027182 2.844542
4 -2.706749 0.204956 -7.229670 1.395580 265.610936 0.361089 46.015574 2.704003
4 -1.458519 0.701558 -7.428323 4.526396 364.486374 0.563593 81.316641 0.207541
4 -1.605989 0.536945 -21.596198 0.428090 142.614499 0.893151 -75.928364 0.502481
4 -2.995632 0.052457 28.160456 0.699339 249.649237 0.683133 -37.997202 3.281769
4 -2.791213 0.622080 -15.849583 1.210128 252.062993 0.369081 15.668787 2.872929
4 -1.573770 0.073494 71.924978 0.706337 235.455555 0.506516 -9.397585 0.438045
4 -3.021030 0.282382 -66.875157 0.324177 214.840114 0.523908 25.863085 3.332563
4 -3.256011 0.589306 -45.026898 1.061365 282.698617 1.060684 -32.625822 3.802525
5 -2.050484 0.354747 -14.624576 0.846098 142.708524 1.072236 -72.699377 1.391472
5 -1.609405 0.258286 -1.152170 0.766433 226.702831 0.824361 -11.260526 0.509314
5 -2.900803 0.241186 7.268419 1.382899 269.539061 0.427700 35.562401 3.092109
5 -1.509077 0.746102 -3.986555 4.667050 370.601498 0.534586 78.251778 0.308657
5 -1.944437 0.617064 3.636703 0.816212 170.234360 0.833193 -77.704512 1.179379
5 -2.145930 0.285369 80.377776 0.192003 216.084461 1.194484 0.534216 1.582364
5 -1.667173 0.714307 0.359542 2.744951 341.823290 0.297026 -12.267951 0.624850
5 -1.646646 0.031839 45.709876 1.212010 273.434787 0.266577 6.178659 0.583795
5 -2.603338 0.250273 -80.137537 0.461086 209.704064 0.393137 37.658537 2.497180
5 -1.742101 0.237734 -70.287661 0.741179 253.665013 0.864885 4.361598 0.774705
6 -1.625980 0.353968 38.217344 0.558146 108.988611 1.171861 73.807259 0.542464
6 -3.638699 0.238101 -3.500743 0.256626 228.656221 0.936507 -21.523032 4.567902
6 -2.768281 0.223800 13.584312 1.290640 263.612574 0.425134 33.394201 2.827065
6 -2.016860 0.691242 -11.881434 4.726435 386.697849 0.478660 75.923715 1.324223
6 -2.154604 0.628691 8.560633 1.439158 197.975193 0.860135 -69.154886 1.599712
6 -1.715825 0.364102 74.631076 0.560466 255.922566 1.139983 -12.288068 0.722153
6 -2.069821 0.769255 -2.896207 2.107712 302.288614 0.409784 -28.973392 1.430146
6 -1.728897 0.050742 67.090815 1.209336 279.934716 0.405084 13.319425 0.748297
6 -2.937730 0.212739 -70.233620 0.431607 211.256673 0.357333 34.073421 3.165964
6 -2.386523 0.094465 -58.813646 0.987487 276.301588 0.660392 15.379938 2.063550
7 -1.492986 0.438485 12.568384 0.520549 186.463926 0.107764 76.679703 0.276476
7 -2.499887 0.277700 -54.166617 0.586220 248.648849 0.924723 -20.031544 2.290278
7 -1.718907 0.355496 -5.417317 2.648642 352.364424 0.224068 27.221342 0.728317
7 -1.470809 0.746876 3.093715 4.101298 386.533628 0.096556 74.925775 0.232121
7 -2.142840 0.684364 14.609047 1.450657 189.256730 0.893387 -66.411962 1.576185
7 -1.545470 0.265501 -83.099005 0.860265 274.082221 1.099662 -0.621173 0.381444
7 -2.731526 0.780721 -4.193206 1.685548 262.790905 0.584477 -49.237984 2.753556
7 -1.777807 0.004742 71.288365 1.004962 266.846541 0.473327 1.513164 0.846117
7 -2.495792 0.196456 -61.107004 0.614975 244.090640 0.645350 12.676777 2.282087
7 -2.483654 0.278123 -83.724390 0.295721 223.173178 0.877410 11.644005 2.257812
8 -1.419640 0.626060 7.190110 0.191963 157.770350 0.164465 2.659481 0.129784
8 -1.783712 0.418464 15.398284 2.592551 343.541225 0.073091 22.716116 0.857928
8 -1.571487 0.391043 3.918536 2.558542 354.817129 0.392403 16.237007 0.433478
8 -1.562317 0.753553 7.420265 4.174986 390.647271 0.073593 72.494353 0.415138
8 -1.714621 0.446232 11.869571 4.645308 435.543039 0.167074 -76.620061 0.719745
8 -1.867635 0.219858 -54.466675 0.613456 244.843673 1.185458 -15.602894 1.025774
8 -1.449309 0.735849 -3.267557 0.849785 229.151502 0.595196 -2.598030 0.189122
8 -1.955782 0.023436 76.392761 0.633903 235.918646 0.509428 -6.493083 1.202067
8 -1.609623 0.357624 -84.588406 0.670611 250.090078 0.629111 -4.928871 0.509750
8 -1.842680 0.140030 73.368973 0.987289 283.878411 1.111235 10.437009 0.975864
9 -1.579804 0.681055 16.323048 0.246779 157.174542 0.012948 31.356300 0.450112
9 -1.720275 0.481807 8.659717 2.536267 342.401849 0.149735 14.845020 0.731053
9 -1.606807 0.339133 4.990845 2.756669 371.311232 0.353392 16.344344 0.504117
9 -1.523089 0.679328 5.227747 4.491654 415.346233 0.021174 81.199719 0.336681
9 -1.715040 0.389569 11.805650 4.396461 426.480487 0.196684 -78.617905 0.720584
9 -3.215952 0.199255 -54.031157 0.630545 216.316906 0.017802 -54.921821 3.722407
9 -1.869349 0.781968 -3.537349 2.411496 313.277455 0.444448 26.235595 1.029201
9 -1.947506 0.055672 83.319247 0.586997 219.760631 0.588262 12.469474 1.185516
9 -2.441978 0.286139 -48.058532 0.961073 276.689839 0.609178 5.235793 2.174459
9 -1.488827 0.784104 -16.497230 1.215137 250.556433 0.738231 -19.195775 0.268157
10 -1.474598 0.592470 -2.778422 1.183612 202.083086 0.586519 79.282189 0.239699
10 -1.892614 0.510929 17.756642 2.774870 351.731913 0.140228 16.140838 1.075731
10 -1.616543 0.337162 3.927298 3.207713 393.607417 0.322909 22.500121 0.523589
10 -1.620849 0.680101 7.459331 4.643326 422.279244 0.029764 82.889211 0.532201
10 -1.726846 0.409179 9.635458 4.516345 432.313610 0.185001 -74.037023 0.744195
10 -3.186798 0.205804 -52.483048 0.624195 214.730097 0.007019 -50.543434 3.664099
10 -1.606940 0.710366 1.292524 2.060396 308.978137 0.514100 11.735826 0.504385
10 -2.011684 0.355035 64.565535 0.579400 252.493112 0.925841 -27.622968 1.313872
10 -2.623247 0.304143 -43.537796 0.484372 226.876399 0.860752 17.100090 2.536998
10 -1.831944 0.762305 -16.118225 1.266678 252.515442 0.709156 -32.344808 0.954391
11 -1.459138 0.628480 -18.595675 0.059726 120.837189 0.745454 -88.388814 0.208780
11 -1.742532 0.361727 81.881564 2.684371 423.954343 0.001889 33.000288 0.775567
11 -1.530579 0.378610 14.568406 3.559211 413.351978 0.335980 28.951963 0.351663
11 -1.451532 0.749078 0.580343 4.932651 419.706267 0.121196 75.457606 0.193569
11 -1.601935 0.362992 -1.099719 4.275898 427.129304 0.183609 -75.169966 0.494374
11 -3.578990 0.214745 -52.107440 0.496723 207.330622 0.009703 -44.812863 4.448484
11 -3.419222 0.796474 -31.454533 3.241844 361.751440 0.353302 -7.012993 4.128948
11 -2.690027 0.487248 74.150014 0.208782 241.430928 0.946314 -19.917959 2.670558
11 -2.118811 0.247720 -13.288340 0.518793 200.088597 0.950508 7.430708 1.528126
11 -3.548854 0.717091 -1.877636 1.820042 287.723819 0.712739 -23.615058 4.388212
12 -1.485431 0.669048 -12.185532 0.193566 125.825482 0.701864 -79.286440 0.261365
12 -1.451125 0.355912 79.787956 2.533720 409.383467 0.000267 33.742112 0.192754
12 -1.622395 0.389477 15.629099 3.607977 413.236457 0.276789 31.907092 0.535294
12 -1.474289 0.788538 -8.664952 4.939399 420.948232 0.042403 72.408910 0.239082
12 -1.538686 0.346800 0.133471 0.799330 210.790686 0.279245 46.388838 0.367876
12 -2.708610 0.420196 -80.465341 0.427342 235.017322 1.193515 32.194843 2.707724
12 -2.083743 0.791999 -16.409038 3.310091 368.032366 0.267057 -6.929450 1.457990
12 -1.651197 0.499893 67.037453 0.412259 240.938086 1.007186 -4.411920 0.592899
12 -1.763608 0.199306 -8.140442 0.465736 215.921287 0.977333 -11.270197 0.817720
12 -1.712393 0.785101 -5.507458 1.947251 303.720828 0.586316 -11.842806 0.715290
13 -1.502973 0.591472 -4.826126 0.170680 115.077484 0.862315 -76.154273 0.296449
13 -1.507209 0.361469 81.409559 2.647325 418.863425 0.028665 49.108007 0.304921
13 -1.530031 0.412626 10.540194 3.557322 408.207912 0.319549 28.479668 0.350565
13 -2.117550 0.234511 24.601468 3.935658 433.615313 0.017447 68.967033 1.525603
13 -1.610066 0.315820 -19.642814 1.016093 230.887084 0.053674 78.910603 0.510637
13 -3.849830 0.396360 -62.246679 0.561744 241.572091 0.029132 63.260817 4.990165
13 -1.668849 0.785933 -17.104879 3.335950 365.038876 0.297086 -6.319633 0.628202
13 -2.297348 0.430271 69.113438 0.266545 238.742688 1.059884 -6.175679 1.885200
13 -1.759483 0.595840 -29.341502 2.518703 336.871880 0.371691 -43.549605 0.809469
13 -2.141819 0.758327 -16.876537 0.944975 240.367378 0.725492 -30.006875 1.574142
14 -2.537730 0.666753 0.563577 0.550423 117.239160 1.142334 -89.776038 2.365964
14 -1.450990 0.333069 81.317307 2.729757 421.377499 0.021196 34.239693 0.192483
14 -1.466765 0.406301 9.426018 3.635485 418.793499 0.345018 15.317418 0.224034
14 -2.021767 0.215527 24.266003 3.706057 422.893615 0.038798 68.682220 1.334037
14 -1.448041 0.294828 -9.554398 0.932044 222.504303 0.042470 80.253083 0.186586
14 -3.238873 0.365642 -75.049168 0.427663 226.834323 0.032588 45.967061 3.768250
14 -5.372399 0.797574 -28.400737 2.863636 342.359620 0.423293 10.085172 8.035301
14 -3.164539 0.290895 -57.141812 0.590602 262.273095 0.948804 -14.473621 3.619582
14 -3.621093 0.488435 -78.811172 0.610471 259.636142 0.719182 -49.217399 4.532690
14 -1.845077 0.539236 6.284965 0.235293 171.726291 0.431762 20.898551 0.980657
15 -1.440591 0.692017 37.016943 0.197016 92.388246 1.133152 83.464638 0.171687
15 -1.514693 0.348149 79.354745 3.017961 445.202552 0.088254 34.095925 0.319890
15 -1.599191 0.417759 4.847278 3.668529 417.306220 0.323547 18.038033 0.488885
15 -1.767036 0.203713 17.443786 3.533970 413.864694 0.029364 68.207420 0.824576
15 -1.671362 0.180120 -12.933680 0.689031 213.331664 0.014737 82.823766 0.633229
15 -3.000618 0.724871 -60.265113 0.322111 165.912775 0.834633 -36.608183 3.291739
15 -1.573207 0.799365 -0.206526 2.977503 356.108637 0.476811 0.729352 0.436918
15 -2.353107 0.249789 -9.930173 1.114893 281.377183 0.749518 -9.838343 1.996717
15 -2.850270 0.366762 85.162612 0.695048 269.403784 0.581770 -39.479941 2.991045
15 -2.703109 0.393169 -74.787834 0.495273 247.979744 0.399599 -11.669473 2.696722
16 -1.461806 0.696563 30.864164 0.133129 90.512571 1.145305 85.007140 0.214117
16 -1.474399 0.310632 75.917170 3.050093 441.267149 0.082316 33.290199 0.239302
16 -1.449930 0.432215 6.550777 3.637973 416.191680 0.332928 12.958328 0.190363
16 -1.580517 0.017874 17.012498 3.202636 411.341077 0.056887 66.091005 0.451537
16 -1.565276 0.149331 -14.665657 0.869258 229.631113 0.019426 -60.300671 0.421056
16 -2.149349 0.732811 -58.488633 0.152330 154.702710 0.880057 -39.808112 1.589203
16 -1.624550 0.764959 3.719287 3.094134 365.371131 0.483521 4.880495 0.539604
16 -1.579046 0.440797 9.115094 0.760369 232.813790 0.969840 1.493085 0.448596
16 -1.654239 0.270290 85.841368 0.838706 268.214616 0.565489 -15.104332 0.598982
16 -2.400388 0.596918 -8.668548 0.423687 186.327652 0.518687 -73.472267 2.091280
17 -1.563240 0.640435 22.769515 0.205312 76.368850 1.190338 -83.343273 0.416983
17 -1.531159 0.308620 72.591377 3.113703 445.190216 0.035433 33.582615 0.352822
17 -1.868283 0.570385 -10.455001 4.184332 427.811790 0.255088 4.436359 1.027070
17 -1.612243 0.008502 13.274473 3.198759 410.806434 0.044963 65.262067 0.514990
17 -1.411980 0.157371 -9.772519 0.793862 219.212724 0.071415 -78.563327 0.114464
17 -2.113664 0.748426 -57.344968 0.325716 178.812541 0.796074 -40.721343 1.517832
17 -1.524319 0.772819 -13.383875 2.057584 303.134605 0.483375 -12.777022 0.339141
17 -2.256380 0.389142 32.125497 0.309461 215.565043 0.693121 -2.829493 1.803264
17 -1.758836 0.280890 -73.535881 1.078191 290.447239 0.610718 -17.441019 0.808176
17 -2.020753 0.479800 -26.035309 0.051851 153.090517 0.292203 85.699708 1.332010
18 -2.180601 0.622504 9.481649 0.474570 97.499059 1.198380 83.827016 1.651707
18 -1.869268 0.290845 65.341971 3.303832 456.245137 0.014720 36.735171 1.029039
18 -2.259939 0.543443 -14.207358 4.369765 438.943974 0.222426 1.982923 1.810383
18 -1.507331 0.016477 11.067865 3.132642 406.329626 0.052710 64.412426 0.305166
18 -1.602341 0.145420 -24.161685 0.762060 216.344031 0.188934 -87.340459 0.495186
18 -2.160592 0.128777 7.307109 1.208684 294.031910 0.866378 -22.707734 1.611687
18 -1.518722 0.776479 -11.655813 1.983112 299.561187 0.486039 -11.296392 0.327948
18 -2.479260 0.314723 40.438809 0.417179 230.875786 0.633926 -20.060572 2.249024
18 -1.807069 0.208041 -82.956416 0.878204 268.454381 0.606900 -22.340512 0.904642
18 -2.838567 0.315595 -29.464734 0.015392 155.291648 0.094936 45.703817 2.967638
19 -1.710175 0.612885 4.768907 0.235846 91.110661 1.161091 69.109722 0.710853
19 -1.819657 0.277144 71.259298 1.868234 328.431690 0.374789 57.838825 0.929818
19 -1.647630 0.521439 -3.650292 4.513398 440.806362 0.093918 -19.831346 0.585764
19 -1.540280 0.107502 4.505976 1.956471 294.458847 0.407610 -82.747627 0.371063
19 -1.408974 0.143321 -22.525447 0.717952 208.020125 0.209178 -82.196989 0.108452
19 -2.254287 0.163712 5.239101 1.378436 307.667247 0.769884 -15.350414 1.799078
19 -1.541950 0.763312 -8.704093 1.592402 263.259539 0.356808 -38.880086 0.374403
19 -1.760032 0.225196 66.625558 0.639724 248.163443 0.679955 -11.119386 0.810568
19 -2.535648 0.192740 75.701900 1.122031 302.088738 0.794065 -34.172164 2.361799
19 -3.390266 0.183345 -55.067139 0.874833 273.598570 1.153871 41.458186 4.071036
20 -1.550090 0.693109 -1.676633 0.049176 81.759614 1.102470 -79.409389 0.390683
20 -2.431576 0.445427 -27.525979 1.050839 238.449362 0.064341 36.475747 2.153657
20 -1.652908 0.577714 -9.565462 4.436183 430.545429 0.094665 -32.633537 0.596320
20 -1.537063 0.112000 0.615041 2.016630 299.025510 0.390006 -81.539163 0.364629
20 -2.853482 0.398603 -22.619713 0.326438 189.377853 0.288931 83.948737 2.997469
20 -1.957308 0.182415 2.765306 1.580470 320.965879 0.812972 -14.385497 1.205119
20 -1.851969 0.708202 2.837641 0.352017 167.589241 1.087603 -1.921475 0.994441
20 -1.833676 0.101061 53.167165 0.446093 212.693807 0.533671 -5.561187 0.957855
20 -1.516969 0.236122 76.916508 0.905664 276.990652 0.906781 -11.292719 0.324441
20 -3.480477 0.222991 -36.412100 0.992000 282.889054 1.069872 44.593021 4.251458
21 -1.495424 0.781495 2.538390 0.053781 75.713848 1.155826 -85.642467 0.281352
21 -2.157509 0.327515 -20.554699 1.479403 277.407674 0.031204 26.423842 1.605521
21 -1.882064 0.378025 53.079868 0.281355 205.450956 0.669428 3.810182 1.054633
21 -1.933289 0.089851 13.310409 2.295079 303.708106 0.621072 66.226226 1.157083
21 -1.464639 0.355016 -31.695183 0.918001 222.788179 0.453923 -57.544218 0.219781
21 -2.283952 0.241329 27.964845 1.509639 308.658219 1.191271 26.296989 1.858407
21 -1.860630 0.743029 26.945970 0.059372 147.840684 0.161112 79.698474 1.011763
21 -1.642460 0.003612 67.096207 1.142247 278.411550 0.434086 -12.912620 0.575424
21 -1.846042 0.121532 -7.161503 0.147997 134.072928 0.866747 83.188198 0.982587
21 -2.291589 0.240783 -61.223953 0.770495 266.189224 1.017745 16.746806 1.873681
22 -2.301009 0.101339 10.815086 0.005743 93.454066 1.130500 68.066219 1.892521
22 -2.361274 0.095091 -6.210797 1.796518 310.813272 0.126644 27.015497 2.013051
22 -1.691797 0.270471 71.719863 0.490381 234.827025 0.882840 -13.354271 0.674098
22 -1.504752 0.404351 0.432896 2.064879 301.143511 0.236541 61.134374 0.300008
22 -2.487376 0.530385 -40.995621 0.221695 168.065997 0.235793 -77.668657 2.265255
22 -2.078284 0.212883 20.586214 2.027968 352.073713 1.129574 21.580524 1.447072
22 -1.618937 0.553358 -5.324346 0.634870 180.477810 0.481954 51.559845 0.528379
22 -1.852274 0.065829 79.482982 0.931606 263.007415 0.334140 -12.482818 0.995053
22 -2.309138 0.255554 -17.779474 0.895208 213.136792 0.484716 60.934175 1.908779
22 -2.854521 0.168435 -61.128024 0.872133 274.786377 1.048175 29.121771 2.999546
23 -1.586359 0.142217 10.381803 0.083749 106.731434 0.896031 72.368728 0.463221
23 -2.622201 0.068157 -7.680836 1.842332 311.927051 0.159849 37.043758 2.534906
23 -1.673228 0.288086 76.512824 0.496845 236.300593 0.925758 -15.103725 0.636960
23 -1.526925 0.446541 12.357368 1.964521 297.280562 0.232153 56.551493 0.344354
23 -1.721037 0.525581 -2.396996 0.072285 138.550620 0.459674 -48.867088 0.732578
23 -1.698353 0.181467 11.711154 1.968870 351.413965 1.136925 11.232774 0.687211
23 -3.289882 0.586907 -16.372181 0.516607 198.744424 0.430215 47.651934 3.870268
23 -1.529715 0.122962 -60.528202 1.422220 299.204638 0.368944 -16.140494 0.349933
23 -2.995264 0.378520 -81.231398 0.613042 242.717958 0.252251 57.387541 3.281032
23 -2.907153 0.167022 -67.563419 0.874542 263.483269 1.007014 40.321345 3.104809
24 -1.561178 0.092339 -16.549288 0.147436 117.530071 0.960093 -84.263347 0.412861
24 -2.891659 0.071432 -10.792064 1.927385 318.477538 0.166429 35.454505 3.073821
24 -1.794992 0.283679 39.608217 0.178616 178.241463 1.144227 3.303248 0.880489
24 -1.582932 0.359052 16.521187 2.101676 315.361222 0.332941 48.253405 0.456368
24 -1.484863 0.562986 -2.758160 0.298094 163.590847 0.321731 -58.345685 0.260229
24 -1.755218 0.177890 9.727153 1.850782 341.472134 1.053437 10.865651 0.800940
24 -1.854424 0.581189 -7.068658 0.270710 164.175592 0.382701 45.501629 0.999351
24 -1.718406 0.196517 -66.639378 1.394299 303.126420 0.295351 -19.961466 0.727315
24 -1.498812 0.286263 61.038177 0.866638 270.628494 1.122963 4.716586 0.288128
24 -1.870264 0.067080 -67.666848 1.179538 194.464149 0.927714 76.250371 1.031031
25 -1.661553 0.353508 7.970855 0.601131 223.750318 0.955878 -7.756979 0.613609
25 -4.727193 0.066063 -15.408464 1.680611 310.815337 0.097612 32.259829 6.744889
25 -2.168474 0.296207 54.868484 0.124299 191.554581 1.092436 6.678402 1.627452
25 -1.539164 0.452010 1.121032 2.147161 311.571413 0.048126 58.859928 0.368832
25 -1.935642 0.318908 -5.246047 1.133719 251.478616 0.098370 -65.692920 1.161787
25 -1.986419 0.173382 1.596174 1.076804 284.873849 1.109105 -6.286573 1.263341
25 -1.928367 0.535606 -12.718075 0.436971 172.144213 0.428508 50.842905 1.147238
25 -2.058581 0.337211 -77.470500 0.803711 260.808470 0.464959 23.359749 1.407665
25 -1.655366 0.236252 72.235635 0.989321 289.642395 1.137073 5.572606 0.601235
25 -1.443382 0.037926 -50.494411 1.708642 213.727932 0.962427 81.379935 0.177267
26 -1.420358 0.486812 -4.568337 2.253955 314.333552 0.008110 -55.257406 0.131220
26 -1.785657 0.617801 8.927734 0.838851 224.506894 0.140363 33.093618 0.861817
26 -1.970975 0.301476 44.666273 0.268643 205.389243 1.090387 7.299095 1.232455
26 -1.614431 0.457262 9.900334 2.435619 327.836002 0.008454 50.788860 0.519365
26 -1.486989 0.281307 -10.780208 0.938996 231.553168 0.077324 -59.002056 0.264481
26 -1.715903 0.242699 -42.597288 1.902187 333.476478 0.511193 -30.809064 0.722309
26 -1.484319 0.600910 37.206614 0.469029 174.139968 0.759349 57.760274 0.259143
26 -2.039858 0.378935 -84.654438 0.602672 242.197201 0.275619 17.261249 1.370220
26 -1.507216 0.249981 84.817954 1.144970 308.018230 1.119095 0.138532 0.304935
26 -1.517341 0.013395 -41.676390 1.674504 206.284240 0.996467 88.832139 0.325186
27 -1.682509 0.785935 -22.659019 1.009568 201.740931 0.771917 -63.857032 0.655521
27 -1.538166 0.623169 18.642920 0.142885 155.872420 0.422572 66.502315 0.366835
27 -2.066036 0.309923 87.776303 1.970749 367.319029 0.365142 -44.310496 1.422575
27 -1.601169 0.434683 13.499828 1.791045 288.574047 0.100063 50.483485 0.492842
27 -1.473893 0.257619 -2.368036 1.007780 237.971982 0.033523 -60.395890 0.238290
27 -2.342079 0.257340 -45.525739 1.294603 305.360205 0.770160 -16.137458 1.974663
27 -1.509778 0.626070 36.696465 0.546933 174.069750 0.697383 67.775812 0.310059
27 -3.253522 0.444487 -84.865217 0.458292 238.816390 0.285184 51.007723 3.797548
27 -2.034730 0.320014 -87.227828 0.761892 281.839407 1.125130 0.841383 1.359964
27 -1.553167 0.772632 -18.839566 1.864849 214.135019 0.801110 78.032996 0.396837
28 -2.866921 0.723213 -32.290953 0.594864 204.700062 0.585476 -79.177506 3.024345
28 -2.365185 0.632240 11.734583 0.432149 190.626425 0.644995 36.758902 2.020874
28 -1.700335 0.253317 66.830493 1.837194 370.784334 0.720047 -14.316671 0.691174
28 -1.679954 0.476865 11.265113 1.720414 282.242736 0.210847 55.805179 0.650412
28 -1.410798 0.236299 -9.127994 0.947737 229.342698 0.003047 -65.701794 0.112100
28 -1.545621 0.559531 -6.143138 2.060635 303.761661 0.117903 -31.538639 0.381745
28 -1.765903 0.696619 23.784517 0.254617 131.638105 1.001955 70.053919 0.822310
28 -1.627266 0.501134 76.443262 0.805513 263.240477 0.125940 54.876145 0.545036
28 -1.889284 0.169092 -73.979415 0.401266 215.248957 0.891041 3.748908 1.069072
28 -1.442784 0.782643 3.734090 0.273550 134.838947 0.789556 -89.724073 0.176072
29 -2.308942 0.701248 -40.789029 0.381759 186.558273 0.569590 -69.815323 1.908388
29 -1.590331 0.571592 -17.712806 0.133130 122.907552 0.792605 77.775856 0.471166
29 -1.802516 0.228676 79.374104 2.469003 421.578880 0.703936 -20.715749 0.895535
29 -1.648396 0.434347 17.557787 1.287922 249.594395 0.109185 52.535464 0.587296
29 -2.954640 0.193394 -20.713114 0.441405 197.569765 0.101499 -51.684580 3.199783
29 -2.047369 0.724345 -7.272142 2.349333 318.741748 0.193858 16.365196 1.385243
29 -1.935340 0.527050 30.798172 0.179323 141.230303 0.886103 76.163041 1.161184
29 -1.629977 0.505627 69.526549 0.402617 240.925811 1.086026 -3.681496 0.550457
29 -2.136361 0.153361 -73.015815 0.342148 220.519899 0.903252 -4.064882 1.563226
29 -1.825552 0.565686 6.742272 0.823002 220.973852 0.017398 87.256667 0.941607
30 -2.298743 0.700932 -27.756887 0.306919 183.633860 0.597621 -64.426434 1.887989
30 -1.871989 0.674184 10.898583 0.986223 183.870984 0.872956 66.944769 1.034483
30 -1.790266 0.252064 75.771009 2.370346 416.133703 0.692844 -21.861717 0.871036
30 -1.477848 0.282798 -1.107873 1.280404 262.402948 0.181101 17.706494 0.246199
30 -1.982969 0.179139 -17.538679 0.706226 219.782081 0.070291 -55.161156 1.256442
30 -1.424583 0.162698 -28.586804 1.711229 283.528462 0.339528 -81.344862 0.139669
30 -1.537549 0.472152 42.314017 0.351920 139.499442 0.958245 72.572642 0.365601
30 -2.840666 0.514777 -66.798672 0.453690 237.424020 0.181768 -29.692120 2.971836
30 -2.311883 0.472974 -75.425928 1.433884 363.698351 0.847747 14.020478 1.914270
30 -1.728514 0.792446 10.936072 0.906692 222.535589 0.105293 51.781436 0.747531
31 -2.284108 0.741266 -40.391370 0.352016 188.855816 0.676184 -57.297634 1.858720
31 -1.746099 0.598460 -19.764150 0.356701 136.088804 0.944312 -72.409246 0.782701
31 -2.314383 0.157602 86.554843 2.103041 379.606529 0.654098 -33.083287 1.919270
31 -1.872968 0.351966 7.781117 1.195689 240.641906 0.517131 40.025299 1.036439
31 -1.707116 0.205906 -16.089826 0.821066 227.123477 0.071000 -58.318409 0.704735
31 -1.444046 0.144411 -22.549594 1.928079 305.174670 0.225193 -87.480568 0.178596
31 -3.321772 0.501386 2.331701 0.624225 205.805408 0.564335 59.238183 3.934047
31 -4.112424 0.659281 -84.818491 0.236252 239.436949 0.070367 87.635548 5.515351
31 -1.652638 0.488317 -85.184287 1.293845 345.716951 0.842856 4.540828 0.595779
31 -1.424947 0.222812 9.500832 0.416445 177.154869 0.202655 60.413732 0.140398
32 -3.480791 0.787352 -35.386682 0.064626 176.330537 0.801570 -52.041029 4.252086
32 -1.633621 0.604848 19.002118 0.102671 98.697676 1.016397 -77.364156 0.557747
32 -2.426585 0.164275 -88.856186 2.042818 371.350771 0.683327 -38.779301 2.143673
32 -1.724996 0.304004 4.991518 1.169062 236.357382 0.451047 55.740404 0.740495
32 -1.687128 0.135654 -16.004578 1.222533 247.474597 0.337380 -60.217639 0.664761
32 -2.275702 0.153773 -42.822213 1.921020 320.337045 0.113932 -61.149422 1.841909
32 -1.521363 0.255004 87.364495 1.966041 380.207076 0.761440 3.447597 0.333230
32 -1.752536 0.596343 -89.892473 0.631324 255.748154 0.062062 41.817489 0.795576
32 -1.965146 0.474952 -72.172522 0.640377 255.347009 0.539785 6.440954 1.220796
32 -2.440899 0.280275 -17.952915 0.847234 220.124958 0.407807 81.154075 2.172302
33 -2.753764 0.796919 -11.873364 0.782869 240.315902 1.143633 -4.046679 2.798031
33 -1.619201 0.160536 -29.387317 1.415258 304.663800 0.778334 -4.960334 0.528905
33 -2.088348 0.731009 -21.691311 0.054977 157.756882 0.111907 -11.422796 1.467200
33 -1.575313 0.291602 28.742705 1.140610 237.093782 0.543278 58.527553 0.441129
33 -1.408394 0.220815 9.940794 1.233291 216.338784 0.668077 79.592047 0.107292
33 -2.178958 0.161932 -33.777529 1.788712 307.195071 0.039839 -54.329155 1.648421
33 -1.484841 0.253854 88.250060 1.913419 377.551356 0.772168 -9.374625 0.260185
33 -2.092890 0.695353 -81.574917 0.213624 208.982250 0.063857 24.673195 1.476283
33 -2.449782 0.395111 -78.458907 0.993916 287.724695 0.600848 -39.232041 2.190068
33 -1.463394 0.593454 -12.339442 0.255853 160.352637 0.076198 -53.947553 0.217291
34 -2.136961 0.028598 -13.587511 0.528926 242.317421 1.133783 -9.294147 1.564426
34 -1.499518 0.133214 -23.569483 1.435399 303.673878 0.770491 -9.164029 0.289539
34 -1.964625 0.614035 -19.929145 0.308346 186.458135 0.257062 -35.161653 1.219754
34 -1.575623 0.360133 26.280573 1.060052 229.639750 0.380661 70.751461 0.441749
34 -1.777586 0.183665 4.373660 1.480127 241.865351 0.644547 85.650191 0.845675
34 -1.782957 0.091639 -21.750665 1.514895 290.022673 0.022015 -47.082739 0.856418
34 -1.542042 0.259630 80.863651 2.000120 393.127677 1.018218 -0.829585 0.374587
34 -2.066100 0.715197 -81.116623 0.187705 207.088534 0.063779 28.858476 1.422704
34 -2.710826 0.054774 -7.023155 0.020575 103.569458 1.139783 3.645405 2.712155
34 -1.647668 0.610153 -26.261572 0.788422 175.531112 0.853119 -68.814772 0.585840
35 -2.098777 0.008289 -0.023278 0.577579 230.021790 1.167714 17.646790 1.488058
35 -1.654294 0.108306 -8.496284 1.766211 338.024767 0.859943 -10.105216 0.599091
35 -1.889566 0.647567 4.159608 0.673355 191.002431 0.449449 -43.344022 1.069636
35 -1.436556 0.336241 11.563269 0.735937 203.391563 0.192847 78.464340 0.163616
35 -1.445818 0.175719 8.249303 1.547243 244.145123 0.619165 87.865150 0.182140
35 -1.492762 0.049629 -23.292380 1.489049 288.338177 0.046035 -49.980911 0.276027
35 -1.610311 0.260386 77.033018 1.897730 386.887523 1.132567 -17.569611 0.511125
35 -2.108016 0.781592 -75.759363 0.085839 199.559827 0.082025 67.802895 1.506536
35 -1.692940 0.201476 14.955599 1.119614 228.058348 0.417582 -79.732883 0.676384
35 -3.047539 0.634757 -31.455257 0.481960 175.626044 0.734487 76.432941 3.385583
36 -1.968607 0.055428 -38.006654 0.315208 207.290024 0.874511 -13.711383 1.227718
36 -2.372507 0.112629 3.590118 1.527979 314.290828 0.791513 21.355878 2.035518
36 -2.965154 0.601729 2.325672 0.613647 193.508969 0.697307 -15.085719 3.220811
36 -1.578062 0.361936 19.911832 0.607673 191.699749 0.101749 63.147578 0.446627
36 -2.176786 0.206275 -65.581803 0.786899 268.048940 0.855064 4.365331 1.644075
36 -1.463668 0.015271 -25.572263 1.522585 288.499263 0.078154 -73.570689 0.217840
36 -1.590387 0.136735 -83.080182 1.486382 302.123062 0.079140 -17.366748 0.471277
36 -2.912216 0.797699 -56.836783 0.058141 194.198790 0.069327 53.023753 3.114936
36 -1.723167 0.766380 8.767307 0.299127 184.265256 0.011483 -44.663576 0.736838
36 -2.356321 0.710712 -26.302552 0.644869 171.146656 0.767064 71.267027 2.003146
37 -1.613411 0.700359 15.248668 0.273084 162.340017 0.058581 -57.722900 0.517327
37 -1.829435 0.056853 -0.311722 1.790064 343.834822 0.773025 -9.753346 0.949374
37 -2.866169 0.655845 5.937129 0.523609 182.962300 0.696110 -15.917732 3.022842
37 -1.421619 0.354198 5.263077 0.355981 167.459929 0.336858 83.310793 0.133742
37 -3.012859 0.254245 72.100389 0.372645 242.250525 0.651811 -26.957928 3.316222
37 -2.445780 0.763101 -66.534572 1.246728 330.736349 0.446461 -67.535095 2.182064
37 -1.950696 0.017287 -76.419137 1.043129 273.909886 0.419053 -18.539969 1.191896
37 -2.397813 0.654881 -79.657350 0.466191 243.652246 0.174181 78.450305 2.086131
37 -2.046795 0.687851 -0.063807 0.180954 181.183578 0.009243 -48.386022 1.384094
37 -3.452004 0.770120 -14.559458 0.206249 185.013836 0.474105 55.584138 4.194513
38 -1.754417 0.294201 38.181860 0.404487 217.934382 0.899618 -7.503279 0.799339
38 -1.654030 0.070440 5.242214 1.829240 342.262827 0.721105 -16.548468 0.598563
38 -1.448797 0.710924 -12.237967 0.479718 179.417018 0.236930 -64.708748 0.188097
38 -2.276691 0.236615 -11.546766 0.351589 181.049263 0.415679 78.336723 1.843885
38 -1.633315 0.073316 84.906596 0.727460 244.570615 0.847992 -20.006414 0.557134
38 -2.482142 0.734104 -68.228792 1.322023 333.054868 0.452018 -66.244634 2.254787
38 -2.941637 0.741594 -75.024018 0.346345 275.513397 0.480182 -8.974911 3.173778
38 -1.873630 0.695293 -88.069403 0.483065 251.433751 0.090492 44.965293 1.037763
38 -1.519492 0.775315 -14.453939 1.066351 222.424103 0.056384 -31.194010 0.329487
38 -1.667104 0.108644 -22.073548 1.397887 288.047781 0.313147 -12.436965 0.624713
39 -2.075853 0.328081 34.696429 0.286167 212.413246 0.913164 -1.975902 1.442209
39 -2.694665 0.783782 -13.103768 3.653061 400.463231 0.775427 -5.679016 2.679833
39 -1.840200 0.380955 25.573099 0.458962 168.070950 0.346432 -74.939062 0.970903
39 -1.543485 0.226301 -20.076377 0.607974 188.636199 0.263400 79.505470 0.377473
39 -1.529559 0.083305 -68.820030 0.842950 256.498459 0.869169 -9.095393 0.349622
39 -2.224374 0.700454 -71.953449 1.220385 327.091149 0.382228 -54.731298 1.739251
39 -1.822821 0.773224 79.801372 0.665312 317.460883 0.509691 -13.999149 0.936145
39 -2.343542 0.679740 -85.381322 0.462025 259.310367 0.067419 41.719236 1.977588
39 -1.854705 0.645935 -22.659746 0.404121 188.746378 0.228129 -40.181755 0.999913
39 -1.754924 0.765679 10.969099 1.094179 239.036668 0.564717 5.292405 0.800351
40 -3.342664 0.340334 -22.861931 0.523929 198.707142 0.496787 74.629237 3.975832
40 -1.902318 0.781708 -15.109349 3.662921 399.280502 0.744463 -10.356021 1.095140
40 -1.570210 0.395737 -19.631821 0.386295 182.367799 0.245152 -52.047493 0.430924
40 -1.513223 0.197395 3.194398 0.857880 246.875550 1.094361 -0.078227 0.316949
40 -2.286642 0.139575 -64.452246 0.564050 247.084415 0.906596 -13.631871 1.863787
40 -2.222488 0.630645 -81.460417 1.304644 340.794638 0.377986 -44.276623 1.735479
40 -1.507855 0.577876 -7.135568 0.828468 199.954928 0.332914 63.920841 0.306213
40 -2.156603 0.705936 84.040497 0.392685 256.087041 0.071850 33.486603 1.603709
40 -1.688226 0.586313 9.536310 1.226020 239.598992 0.110083 -31.063863 0.666957
40 -2.401758 0.571561 -17.313124 0.204145 156.396499 0.753288 -86.777475 2.094020
41 -1.634858 0.314992 -21.745122 0.717926 204.625000 0.167504 84.954366 0.560219
41 -2.227304 0.025011 16.819780 2.960236 433.241689 0.695065 -28.830377 1.745111
41 -1.685607 0.490552 -9.052799 0.317915 168.587681 0.444940 -55.729589 0.661717
41 -1.945677 0.137191 1.838077 0.974076 264.457137 1.169201 15.441176 1.181859
41 -1.978507 0.124739 -70.503599 0.470776 227.951551 0.848497 -20.758309 1.247518
41 -2.681021 0.683279 86.580119 0.376733 272.463282 0.449189 -25.821341 2.652546
41 -3.679525 0.598995 -28.063630 0.825240 224.459868 0.286619 55.044498 4.649554
41 -2.480016 0.656827 88.660169 0.428717 258.967205 0.148592 31.942034 2.250536
41 -2.009296 0.548319 19.671352 1.421215 253.227691 0.071221 -20.217037 1.309096
41 -1.517808 0.527161 -4.052354 0.793757 187.514036 0.495184 59.355414 0.326119
42 -1.633484 0.291071 4.074256 0.593699 191.963540 0.260612 -67.264392 0.557473
42 -2.165467 0.051995 14.982916 2.976808 432.745088 0.665361 -26.256784 1.621438
42 -2.360683 0.368162 -19.459757 0.555170 190.040496 0.534233 81.308551 2.011870
42 -1.786709 0.198564 -2.207711 0.504553 146.140724 0.905414 67.885218 0.863921
42 -3.211428 0.108999 -74.614843 0.274701 226.330525 0.775903 -2.409622 3.713359
42 -3.102224 0.022173 23.090635 0.602253 233.041879 0.510962 21.261771 3.494952
42 -2.529853 0.480565 -24.784048 0.781174 219.913775 0.108036 15.818813 2.350209
42 -1.541219 0.232016 58.652850 0.927258 254.783265 0.314383 19.630548 0.372942
42 -1.598063 0.585449 11.261172 1.474728 262.485127 0.160469 15.950521 0.486631
42 -2.016085 0.486941 -10.823402 0.733936 210.258607 0.251609 44.821930 1.322674
43 -1.779915 0.682835 -0.355160 1.961175 286.526124 0.116193 75.852827 0.850333
43 -1.466261 0.712135 2.416088 0.836058 211.196288 0.228248 -8.904238 0.223026
43 -1.550230 0.279472 8.039313 0.799618 209.478727 0.310045 85.515531 0.390963
43 -1.818762 0.206571 -3.291075 0.662680 151.275344 0.964801 -87.138864 0.928027
43 -1.896769 0.313294 -71.981120 1.819907 371.496441 0.631997 3.334185 1.084043
43 -1.659341 0.102449 22.803832 0.952239 254.543659 0.530879 6.028229 0.609186
43 -2.780521 0.423080 -27.926011 0.824247 221.627122 0.142315 24.051067 2.851545
43 -2.188489 0.260978 63.863132 0.830446 251.647033 0.348301 33.517130 1.667481
43 -1.832384 0.663849 11.224899 1.492195 261.227349 0.022834 1.924843 0.955272
43 -1.719368 0.128872 15.122946 0.660083 228.355138 1.020423 8.674508 0.729240
44 -1.434572 0.161893 -39.787252 0.235424 105.957443 1.040922 -87.952203 0.159647
44 -2.226966 0.687815 -12.367935 0.452393 196.047133 0.320445 15.915724 1.744436
44 -1.670094 0.384507 15.451024 1.094918 218.723696 0.354551 -80.871590 0.630692
44 -1.499289 0.045949 -0.530318 0.094547 97.594808 1.017590 77.326318 0.289083
44 -1.979643 0.254935 -72.551420 1.796330 364.785004 0.636944 4.321374 1.249790
44 -1.721308 0.077975 27.239768 1.057347 262.538503 0.552684 11.135865 0.733120
44 -1.538476 0.761853 -21.460856 1.150539 200.496453 0.633176 -85.224536 0.367456
44 -1.842931 0.462723 68.292537 0.817279 267.124071 0.173101 33.108916 0.976366
44 -1.517757 0.644087 -13.800840 1.746553 272.087230 0.054761 -6.746503 0.326018
44 -2.248936 0.191941 -22.300023 0.579895 231.184025 0.971447 9.362842 1.788376
45 -1.963040 0.110653 -30.889256 0.744610 124.465927 1.144823 -84.276635 1.216584
45 -1.797446 0.608111 -7.328120 0.782240 209.530106 0.362863 29.196075 0.885396
45 -1.616206 0.265124 5.038153 1.306849 260.171145 0.069542 -55.438790 0.522916
45 -1.574629 0.071408 7.911290 0.379917 125.990763 1.016070 81.439268 0.439761
45 -2.611002 0.256875 -1.809931 0.154181 151.949878 0.610141 52.948813 2.512508
45 -1.778494 0.085290 24.521310 1.278433 279.609604 0.376409 12.982029 0.847493
45 -1.523392 0.791854 -15.755740 1.241330 207.693953 0.508350 -81.414130 0.337288
45 -2.065100 0.668042 49.458490 1.083020 267.058906 1.198317 27.681111 1.420704
45 -1.758929 0.458045 5.703254 1.567500 274.234349 0.134846 -28.216541 0.808363
45 -1.863043 0.193636 -33.076258 0.877971 256.348757 0.948170 6.255164 1.016589
46 -1.390653 0.748702 -3.004134 0.075628 146.720780 0.005418 48.390361 0.071811
46 -1.615653 0.756229 -6.159498 0.420058 185.824423 0.452962 7.773761 0.521810
46 -1.467838 0.621229 2.985417 1.506557 239.634965 0.340825 84.771383 0.226180
46 -1.510920 0.063059 65.874069 0.649892 142.251346 0.989234 -85.159808 0.312344
46 -1.884219 0.254985 7.663864 0.112687 144.298266 0.690381 76.624146 1.058942
46 -2.352348 0.165595 26.075543 1.232472 276.193586 0.398909 19.480573 1.995200
46 -1.784518 0.634282 -5.734098 1.457481 221.963716 0.658818 83.495520 0.859540
46 -2.058691 0.612911 51.759587 1.046274 264.876931 1.174601 28.037661 1.407885
46 -1.447058 0.192119 -17.258268 1.078768 247.703769 0.215393 -33.307426 0.184619
46 -2.196124 0.378131 -31.723472 1.319655 300.323630 0.869204 -6.000612 1.682752
47 -2.811701 0.563874 -12.565358 1.275291 256.823929 0.631100 -33.304382 2.913907
47 -1.805656 0.650894 14.451340 0.302375 179.793333 0.331862 14.447182 0.901816
47 -1.458525 0.595701 10.978600 1.278796 224.071242 0.444519 73.476812 0.207555
47 -1.611132 0.055223 50.365943 0.357086 127.309876 1.005230 -87.682768 0.512768
47 -1.368869 0.257188 6.702653 0.240791 140.500001 0.591300 82.304524 0.028242
47 -2.019463 0.149703 28.863650 1.326204 287.580318 0.393583 16.833324 1.329430
47 -1.603043 0.616495 -26.600550 1.813129 257.160477 0.487254 -87.510838 0.496590
47 -3.653913 0.431351 65.226114 1.180212 288.475214 1.096831 36.041347 4.598330
47 -2.025754 0.668532 23.208703 0.936926 213.241640 0.016170 -67.173936 1.342012
47 -1.686471 0.424525 -45.388533 1.560024 316.192774 0.788660 -19.414459 0.663447
48 -1.492466 0.678557 9.235079 1.779114 279.014625 0.363008 37.440771 0.275436
48 -1.956904 0.366411 4.661742 2.537088 371.201656 0.713656 7.247639 1.204311
48 -1.586589 0.675481 18.140582 0.585873 192.815869 0.254742 30.541925 0.463681
48 -2.541021 0.044837 53.965538 0.752284 166.465967 0.982533 79.804789 2.372545
48 -1.410766 0.441268 -4.561635 0.064230 111.971929 0.765410 88.903044 0.112036
48 -1.910529 0.125485 12.408599 1.592168 314.946452 0.458008 2.783621 1.111563
48 -1.502532 0.528844 -18.179399 1.471845 216.188259 0.769303 -76.678812 0.295568
48 -1.723980 0.614581 -23.863475 2.096664 331.243180 1.098047 -22.626748 0.738464
48 -1.939717 0.606165 19.807221 1.109787 223.616365 0.047091 -74.013207 1.169938
48 -2.041557 0.383280 -37.984552 1.116028 274.302302 0.724488 -5.421896 1.373618
49 -1.603490 0.678397 8.681809 1.811342 282.594734 0.382280 38.012705 0.497485
49 -1.699155 0.335260 -2.096354 2.462557 370.511235 0.724298 -4.297127 0.688814
49 -1.465819 0.662708 11.663008 0.626670 200.944114 0.253374 33.012523 0.222142
49 -1.435454 0.015204 74.997103 1.037879 180.221550 0.927672 82.675845 0.161412
49 -2.086598 0.330498 -0.460724 0.779691 181.235283 0.794903 81.582736 1.463700
49 -2.297649 0.213554 8.232490 1.332354 294.956755 0.539276 -13.138470 1.885801
49 -2.262686 0.519252 -29.332827 1.268206 225.409363 0.689204 -84.438241 1.815875
49 -2.273330 0.574460 -20.254831 2.032536 339.751323 1.133800 -17.436439 1.837164
49 -4.172411 0.254729 51.172314 1.029006 280.637206 0.234968 -82.378110 5.635325
49 -2.785914 0.311936 -41.479628 1.282341 312.848802 0.693628 16.721076 2.862331
50 -1.887082 0.584634 7.487181 1.271896 259.888881 0.506902 0.598523 1.064668
50 -1.498358 0.381061 -8.225633 2.575074 376.833748 0.899521 -6.202412 0.287220
50 -1.669771 0.713310 4.027107 0.567857 203.158048 0.038773 17.348571 0.630046
50 -1.476997 0.019812 77.538642 0.852847 160.064419 0.977629 -88.400833 0.244498
50 -1.812849 0.220682 0.223375 0.903830 183.862581 0.813123 63.712026 0.916202
50 -1.706854 0.185700 35.276777 1.131836 282.181818 0.564850 -7.150141 0.704212
50 -1.934668 0.546544 -13.779229 1.049183 196.483333 0.782660 -72.240354 1.159840
50 -1.483999 0.523328 -11.310084 1.862771 319.822656 1.130976 -11.037938 0.258502
50 -1.902987 0.148700 -89.600119 0.909234 269.573867 0.435403 -9.994324 1.096479
50 -2.281647 0.347172 -63.520471 0.821243 272.784357 0.629919 8.672328 1.853798
51 -3.116603 0.529450 -23.829825 1.227559 251.723835 0.411019 1.680325 3.523710
51 -1.751261 0.349005 -3.563477 2.512959 381.082623 0.985698 -12.996605 0.793025
51 -1.554309 0.214302 10.125074 0.181479 156.817921 0.217358 65.541453 0.399122
51 -1.656728 0.055019 71.525419 0.668778 156.271574 0.890860 -78.505984 0.603959
51 -2.363212 0.065779 -34.853876 0.342024 153.255906 0.730656 60.233433 2.016929
51 -1.686270 0.099700 83.678290 0.766445 247.769254 0.545363 0.529988 0.663043
51 -1.637725 0.678539 20.449800 1.054435 196.138222 0.578099 88.616298 0.565954
51 -1.931393 0.517755 -9.020654 1.773120 317.814605 1.085027 -17.301464 1.153291
51 -2.709625 0.087185 59.648039 0.562669 245.725378 0.536966 -6.865422 2.709754
51 -2.541503 0.264642 -82.322009 0.633087 252.857974 0.606912 -34.242759 2.373511
52 -1.419311 0.537970 -6.080117 0.313007 162.222058 0.002058 27.935564 0.129126
52 -1.578598 0.502368 11.123653 2.308878 351.515948 1.041202 9.000235 0.447700
52 -1.375750 0.195406 12.889352 0.632258 193.343216 0.273303 81.396064 0.042004
52 -1.528272 0.043251 71.750857 0.685914 158.047013 0.905615 -83.918183 0.347047
52 -1.663265 0.168168 -60.493176 0.638155 176.274637 0.790579 -81.021775 0.617034
52 -1.842118 0.170474 69.344885 0.971619 255.542891 0.446894 25.409978 0.974740
52 -1.556017 0.789455 5.707107 0.737313 195.098037 0.295052 -82.733908 0.402538
52 -2.126896 0.412294 0.304973 1.935663 317.775810 0.534143 5.563878 1.544297
52 -2.895143 0.030617 89.434046 0.600327 248.586665 0.509543 -20.701440 3.080791
52 -2.066498 0.390071 79.847772 0.780776 270.075028 0.337443 -33.488862 1.423500
53 -2.000735 0.560372 4.753767 0.781359 223.762284 0.023692 17.261239 1.291974
53 -2.085438 0.570270 -4.797284 2.426094 361.115679 1.045875 0.614644 1.461380
53 -2.282359 0.789844 -15.031439 1.150616 222.897599 0.551420 -86.309771 1.855222
53 -1.507958 0.066579 78.327510 0.714604 159.878238 0.906391 -84.731823 0.306420
53 -1.622973 0.235890 -0.971341 1.067322 150.463492 1.062838 -80.810086 0.536450
53 -1.622212 0.018165 -78.082437 0.841134 248.816056 0.592580 -0.072570 0.534928
53 -1.535398 0.758266 3.319097 0.546371 170.644536 0.194148 -83.845696 0.361300
53 -3.104212 0.376554 -1.824604 1.924550 315.312100 0.511365 8.317324 3.498928
53 -2.408045 0.070182 -82.170361 0.833639 249.336861 0.649667 28.476269 2.106594
53 -3.273490 0.577450 42.871782 0.844511 286.185668 0.196682 -7.252988 3.837483
54 -2.268887 0.482017 4.350122 0.379648 186.505565 1.196916 14.378807 1.828277
54 -2.251684 0.410065 -22.022907 2.432615 373.515885 1.090023 -23.224699 1.793873
54 -1.462091 0.576058 -7.648114 1.961803 243.704457 0.678234 73.966908 0.214685
54 -1.585594 0.014973 76.196297 0.850234 165.398240 0.946501 -83.691506 0.461692
54 -1.615591 0.161671 -3.809752 1.031377 158.920959 1.028166 -85.362633 0.521685
54 -1.617295 0.003969 -63.166400 0.946075 260.789023 0.697203 3.093169 0.525094
54 -1.583144 0.724635 -4.661049 0.029773 145.478983 0.382099 69.326266 0.456792
54 -1.464475 0.423823 -6.473518 2.008830 312.493482 0.304424 -18.432713 0.219454
54 -2.402127 0.200742 -74.699536 0.692748 251.512721 0.503912 13.950913 2.094759
54 -2.139783 0.658391 -86.495534 1.193370 329.487427 0.332119 -57.858701 1.570070
55 -1.603776 0.504612 15.631918 0.449805 178.219883 0.023747 20.497149 0.498055
55 -2.120654 0.447693 -20.168649 2.435017 368.688038 1.096508 -25.294415 1.531812
55 -1.501179 0.574578 -7.809420 1.904693 239.855057 0.660882 79.169055 0.292863
55 -1.428769 0.026044 75.282075 0.768361 140.869258 1.052450 82.744444 0.148041
55 -1.515851 0.207473 -12.787078 1.031225 158.376571 1.009847 -82.654732 0.322206
55 -2.886864 0.697540 -60.010995 0.535397 279.871007 0.695900 8.845455 3.064231
55 -2.049623 0.726720 -3.837353 1.618825 262.672544 0.267218 66.603907 1.389749
55 -2.214721 0.482728 -15.824661 1.933902 315.337889 0.329333 -12.240398 1.719946
55 -1.641083 0.340862 -84.411005 0.982413 283.096964 0.429717 -0.854159 0.572670
55 -1.966418 0.549095 -70.042641 1.400724 327.779259 0.204697 -45.644695 1.223340
56 -1.463166 0.590364 18.437993 0.366477 108.400478 1.092387 69.982594 0.216836
56 -1.420712 0.434362 5.374032 0.332554 168.670601 0.044928 -55.792562 0.131927
56 -1.535254 0.638229 0.627337 1.592797 221.512765 0.639288 84.637450 0.361013
56 -1.796773 0.002001 73.922756 0.762775 144.109572 1.059396 74.279926 0.884049
56 -1.919035 0.222773 -13.612110 1.016593 145.016792 1.094750 -72.171353 1.128573
56 -2.100850 0.760894 -76.120614 0.481751 272.936073 0.649700 22.185364 1.492205
56 -1.829965 0.777024 -24.072656 1.364737 249.442297 0.124496 -50.606624 0.950433
56 -1.664761 0.538236 -14.715203 1.816485 292.685262 0.221794 -2.642411 0.620027
56 -1.825182 0.273155 -86.284374 0.993606 285.200976 0.456897 -3.908474 0.940867
56 -2.389670 0.544211 -68.724856 1.716945 361.736108 0.120464 -61.369138 2.069844
57 -1.938767 0.003350 21.785761 0.346584 192.786952 1.164384 12.384613 1.168037
57 -1.428851 0.570966 -10.637898 0.301862 165.433962 0.077820 -60.426005 0.148206
57 -1.564595 0.635200 6.754988 1.511671 212.714257 0.717572 -84.326421 0.419694
57 -1.483542 0.003455 -86.363899 0.805531 142.194824 1.064978 83.549327 0.257589
57 -3.296361 0.233753 5.486913 0.501370 129.897694 1.110004 73.411447 3.883225
57 -2.240659 0.248366 -1.277900 0.541668 206.110480 0.829394 10.842808 1.771821
57 -1.412668 0.204584 -16.913402 1.431662 262.059877 0.266380 -81.012705 0.115839
57 -3.221194 0.482747 -41.095399 1.950118 342.654119 1.169688 -35.793499 3.732893
57 -1.955381 0.237573 -76.378494 0.836164 261.471181 0.450153 9.218182 1.201266
57 -1.656963 0.362287 -79.076253 1.552628 341.062307 0.361780 -6.240906 0.604430
58 -2.212292 0.132209 53.313018 0.134236 193.016317 1.117094 4.039788 1.715087
58 -1.441607 0.602946 -1.526875 0.508685 174.575559 0.173044 -59.457925 0.173718
58 -1.705517 0.601330 13.836208 1.473466 206.205316 0.766109 -79.372269 0.701538
58 -2.176769 0.030493 58.427429 0.013122 100.965428 1.085521 69.856340 1.644041
58 -1.974092 0.424664 10.678786 0.481783 156.716478 0.590043 -55.816155 1.238688
58 -1.602284 0.367696 17.233658 0.692647 225.831013 1.110118 7.805316 0.495073
58 -1.758344 0.268039 -27.171930 1.601909 275.859837 0.295847 -87.549396 0.807192
58 -2.587570 0.523339 -61.065187 0.934925 279.529216 0.127321 -31.059955 2.465645
58 -3.258035 0.181301 -39.355154 0.488761 222.644083 0.452771 17.152663 3.806573
58 -2.361564 0.274477 -54.262252 1.218652 290.009048 0.499435 -32.168582 2.013631
59 -1.645174 0.314886 73.089492 0.960532 266.924499 0.016436 9.699275 0.580851
59 -1.631467 0.189198 -59.457675 1.900752 266.253089 0.783400 -83.060759 0.553439
59 -1.663786 0.614793 -5.899685 1.837965 236.694271 0.701388 78.963519 0.618075
59 -1.442405 0.736064 44.882403 0.174725 121.760982 1.013374 72.962910 0.175314
59 -1.653013 0.294455 -15.127202 0.748419 201.116116 0.282904 64.622995 0.596529
59 -2.753025 0.482473 31.553243 0.402165 231.830122 0.990657 8.983638 2.796554
59 -1.577650 0.261029 -4.972022 1.264738 240.930632 0.390726 -75.322465 0.445803
59 -2.084648 0.512570 -69.953824 0.832639 259.813173 0.018992 -54.063702 1.459800
59 -1.898544 0.073323 -53.087729 0.819578 239.209524 0.429558 5.041044 1.087592
59 -1.878678 0.270646 -47.339605 0.543542 199.012120 0.389260 -63.726231 1.047860
60 -2.673247 0.295723 -73.764432 0.776330 253.720543 0.428588 40.629895 2.636997
60 -1.626588 0.189784 -66.695506 1.811211 261.052551 0.795522 -79.561776 0.543680
60 -1.917878 0.591202 -21.397875 1.750461 242.875274 0.620368 77.068821 1.126260
60 -3.319697 0.208023 -46.487501 0.817165 260.857400 0.990795 43.560559 3.929897
60 -1.546913 0.387867 -10.523915 0.593798 173.082848 0.472093 68.543384 0.384331
60 -1.946511 0.498206 39.656691 0.671628 227.276778 1.102603 23.684240 1.183525
60 -1.628886 0.288266 -42.250171 0.490637 143.329652 0.946749 88.863054 0.548275
60 -2.837813 0.512924 -61.146842 0.966788 293.827669 0.288969 -12.270809 2.966130
60 -1.832421 0.144746 11.881801 0.589322 228.289566 0.776814 -16.893096 0.955346
60 -3.156558 0.271508 -21.205467 1.547702 303.480465 0.409799 -9.707101 3.603619
61 -1.860559 0.511383 -78.055179 0.812024 276.358243 0.392066 12.993882 1.011622
61 -1.629003 0.183076 -66.328899 1.940366 267.740750 0.801551 -82.796471 0.548510
61 -1.885607 0.591354 -31.396479 1.753914 240.044550 0.617259 72.619052 1.061718
61 -2.012018 0.098409 -40.490240 0.384357 174.075641 0.373763 69.979261 1.314540
61 -1.566297 0.629878 6.089829 0.771793 169.039436 0.688099 -78.253609 0.423098
61 -1.692923 0.312713 87.824031 0.586184 250.297747 1.137924 4.605372 0.676350
61 -2.255100 0.209163 -31.907409 0.592887 139.548256 1.056679 88.384392 1.800704
61 -1.817910 0.293437 -73.982080 1.289427 300.857259 0.380284 -34.059024 0.926323
61 -1.625802 0.159609 -18.404619 1.094873 276.830411 0.916796 -7.945093 0.542108
61 -1.704553 0.779644 0.151181 0.813298 233.283866 0.460758 -0.802300 0.699609
62 -2.726379 0.232214 -23.353984 0.936144 208.657154 0.644839 64.463908 2.743262
62 -1.536054 0.595697 0.282009 1.597014 260.086746 0.197578 -64.081493 0.362612
62 -2.491650 0.723413 -14.125328 2.099165 269.358383 0.540225 60.702036 2.273803
62 -1.608326 0.034343 -63.557152 0.437404 182.575304 0.334625 82.458772 0.507156
62 -1.753096 0.332727 -33.509167 0.598259 178.947538 0.724896 -73.107843 0.796695
62 -1.732354 0.304110 85.594414 0.542289 245.120803 1.126815 5.351718 0.755211
62 -2.658273 0.131299 -20.284681 0.153203 124.912058 1.031070 80.203847 2.607050
62 -2.226297 0.296071 -76.271888 1.211448 303.317264 0.308493 -21.346137 1.743097
62 -1.534718 0.154197 -35.910193 1.187176 285.023022 0.954406 -4.731353 0.359939
62 -1.707049 0.779487 9.061128 1.037682 242.714257 0.524708 7.148237 0.704601
63 -1.465041 0.032353 -29.213240 0.770735 194.748389 0.611327 -88.565372 0.220586
63 -1.521282 0.600474 5.959682 1.397070 248.697039 0.012497 73.061647 0.333067
63 -4.494457 0.757520 -26.469941 2.102506 297.369624 0.392299 24.562060 6.279418
63 -1.622249 0.234317 -21.492848 1.427557 257.238133 0.396505 -85.734841 0.535001
63 -3.711921 0.093266 -30.076275 0.004177 153.594459 0.613664 62.251991 4.714345
63 -1.708540 0.321848 78.008914 0.246941 198.404172 1.140889 1.748726 0.707584
63 -3.295716 0.787619 -2.925305 0.362009 195.614498 0.546466 73.014174 3.881936
63 -1.732154 0.119055 -32.333394 2.642003 384.233258 0.291331 -27.342601 0.754813
63 -1.883835 0.356860 2.994716 1.285395 271.311999 0.739390 5.122998 1.058174
63 -1.496012 0.725346 9.568547 1.193338 235.751498 0.668422 31.375570 0.282528
64 -2.021534 0.760035 -29.108322 0.782105 199.142791 0.602470 -82.513847 1.333571
64 -1.639505 0.732397 11.554347 1.432184 248.400533 0.034935 70.392428 0.569513
64 -2.437832 0.795578 -17.803442 1.185613 264.448943 0.383102 -18.677710 2.166168
64 -1.657803 0.129412 -24.874283 1.971101 306.215962 0.316226 -89.741232 0.606109
64 -1.696031 0.085571 -33.183472 0.195606 154.548349 0.527009 82.285896 0.682565
64 -1.823288 0.331809 83.845485 0.492336 229.395662 1.135088 16.225932 0.937079
64 -1.914255 0.792315 -10.608769 0.864225 184.203187 0.789050 -74.413104 1.119015
64 -1.990510 0.140897 -33.398547 2.332454 363.165732 0.263019 -12.287967 1.271524
64 -1.535551 0.186134 -0.066226 1.011221 259.932263 0.740863 -4.199440 0.361605
64 -1.427766 0.771280 10.468870 1.163420 236.732181 0.671985 27.903599 0.146035
65 -2.100773 0.765531 -32.159339 1.065884 224.113728 0.459122 -81.576926 1.492049
65 -1.628824 0.564930 17.703796 0.710457 203.555686 0.139265 48.733474 0.548152
65 -1.490737 0.772540 1.422894 0.484677 174.710171 0.169524 -37.207638 0.271977
65 -1.726541 0.152757 -31.807971 1.893250 296.066052 0.318077 75.507195 0.743585
65 -1.499490 0.032061 -38.632296 0.462250 178.578506 0.455745 83.826398 0.289484
65 -2.708868 0.208051 39.081381 0.556072 202.895027 0.871083 32.418555 2.708240
65 -1.671215 0.697882 -13.912887 0.433197 129.150690 1.001409 -78.327090 0.632933
65 -1.880056 0.707412 -14.523315 2.343690 322.582254 0.376228 -33.032329 1.050615
65 -1.837990 0.060605 32.273605 1.232049 287.344210 0.775547 15.777606 0.966483
65 -1.839128 0.711327 7.559175 1.179288 238.118553 0.674118 32.303290 0.968760
66 -1.556015 0.099656 -15.980844 1.464607 267.904971 0.301670 -70.260693 0.402534
66 -1.796361 0.206762 -22.145873 1.337333 303.826429 1.144061 -12.221070 0.883227
66 -2.393403 0.029402 40.494070 0.298151 224.418048 1.099494 -12.121033 2.077309
66 -2.347830 0.187428 -35.835598 2.075335 314.061176 0.266435 73.798633 1.986164
66 -2.282046 0.141231 -39.461066 0.649195 196.290293 0.409980 64.616141 1.854596
66 -1.866751 0.413056 69.917748 0.855439 267.560753 0.004193 13.567108 1.024007
66 -1.848197 0.762087 -26.073254 0.638350 144.247547 0.973862 82.630764 0.986898
66 -1.730815 0.697661 -19.673824 2.328586 326.908857 0.472130 -25.085164 0.752134
66 -1.858193 0.089054 33.224987 1.399865 302.511739 0.771308 17.044105 1.006890
66 -1.644945 0.190368 -17.896615 1.461573 312.611710 1.099939 -2.085502 0.580394
67 -1.720805 0.250806 -16.264025 1.246491 237.843735 0.513675 -67.354606 0.732114
67 -2.426238 0.152612 -30.364892 0.845890 228.029157 0.030471 -14.372309 2.142979
67 -2.451749 0.007406 16.333094 0.308295 200.874381 1.046892 19.932259 2.194001
67 -2.087530 0.292041 -30.560510 1.330316 254.848973 0.248121 73.773307 1.465563
67 -1.959888 0.225349 -34.589028 0.809498 205.012907 0.404028 70.292513 1.210280
67 -2.263793 0.405065 -29.691874 0.679205 225.800106 0.783548 -0.647983 1.818089
67 -1.803624 0.744399 -35.805733 1.468541 194.836006 0.915219 86.119857 0.897751
67 -1.725978 0.780117 -27.863270 2.615973 332.400072 0.512675 -39.083970 0.742460
67 -1.462915 0.698650 -4.402129 4.012176 387.186595 0.096556 84.112072 0.216333
67 -2.238981 0.162742 -9.614513 1.494803 316.229048 1.122364 20.871959 1.768465
68 -1.814397 0.258484 -17.241568 1.258349 237.822991 0.538333 -54.615385 0.919298
68 -1.720914 0.090305 -38.781393 0.548779 228.668521 1.199849 -18.875793 0.732333
68 -1.651699 0.225229 -69.089537 1.534748 251.101364 0.754983 -78.381302 0.593902
68 -2.076792 0.045658 1.947646 1.117898 250.625377 0.282204 69.040989 1.444087
68 -1.598036 0.262569 -25.076709 0.773288 208.043395 0.245003 86.989781 0.486575
68 -1.516413 0.159977 -2.679201 1.691218 329.176329 1.194051 0.736551 0.323329
68 -1.814216 0.719673 -35.462926 1.674262 212.269455 0.829158 81.079250 0.918935
68 -1.470476 0.780083 -15.146590 1.620840 278.564846 0.734809 -17.675793 0.231455
68 -1.512171 0.625815 -15.065393 3.465831 357.644805 0.226124 73.911615 0.314846
68 -1.622505 0.245558 -14.011541 1.534555 312.589658 1.012489 -10.149491 0.535513
69 -1.941176 0.224685 -11.217003 1.082939 226.015224 0.524539 89.533023 1.172855
69 -2.619716 0.089280 -4.452125 0.583071 243.726349 0.800182 -23.440608 2.529936
69 -1.734184 0.261402 -59.845456 2.082735 305.956209 0.616168 -78.510368 0.758873
69 -1.927865 0.109852 2.207447 1.017325 238.117454 0.307641 65.690398 1.146234
69 -1.445379 0.781759 -2.919516 1.962885 297.897995 0.704923 2.240173 0.181262
69 -1.827011 0.179614 17.505979 1.523660 315.954242 1.053932 11.220919 0.944526
69 -2.231699 0.724733 -14.745889 1.741311 213.462114 0.857137 77.137264 1.753902
69 -2.999871 0.696544 -15.749221 0.922966 231.608751 0.765516 -34.000210 3.290246
69 -1.529903 0.635955 -7.967133 3.393994 362.905008 0.195135 48.574912 0.350309
69 -1.436544 0.286734 -18.023819 0.574151 179.690396 0.438454 -66.465297 0.163592
70 -1.411079 0.133311 -13.567110 0.828207 209.048025 0.374999 87.032869 0.112662
70 -3.171876 0.290195 6.527809 0.498896 224.158524 0.512644 -21.880510 3.634256
70 -1.489203 0.280079 -57.959899 2.320152 317.994784 0.625488 -77.492761 0.268910
70 -1.819934 0.382090 -9.038564 1.064967 240.650454 0.346732 3.055709 0.930371
70 -1.578937 0.767227 -14.016129 2.323632 326.956245 0.686984 -18.795521 0.448377
70 -1.978135 0.099933 21.893497 1.456456 317.584929 1.138413 13.283434 1.246774
70 -2.591609 0.717923 -20.512117 1.799144 216.180104 0.864784 69.809852 2.473722
70 -1.901633 0.730910 -16.783874 0.525379 200.773306 0.657954 -35.779330 1.093770
70 -1.528189 0.623264 2.289598 2.918575 343.362015 0.131754 54.425512 0.346882
70 -1.714907 0.303900 -29.503131 0.012079 127.714895 0.516979 75.456352 0.720318
71 -1.484033 0.157887 -9.562112 0.472485 178.577514 0.385323 80.724913 0.258569
71 -1.520125 0.557201 -3.528948 1.752632 285.993754 0.331494 -20.654883 0.330753
71 -2.094456 0.167159 -63.316598 1.767479 277.504127 0.621756 84.870447 1.479415
71 -1.580980 0.400974 19.658319 0.540249 207.548117 0.832060 4.530470 0.452463
71 -1.433722 0.776639 -4.422050 2.860416 349.084520 0.556654 -0.767655 0.157948
71 -2.077971 0.034267 12.601308 1.548070 329.008922 1.089866 14.849645 1.446445
71 -1.518529 0.491117 -4.854764 0.708621 189.856798 0.382580 57.735454 0.327561
71 -2.137792 0.606090 -26.968311 0.888100 204.112541 0.636349 -83.966415 1.566087
71 -1.716893 0.652972 5.163250 3.096241 353.046726 0.071420 58.698366 0.724290
71 -1.501875 0.349809 -24.779748 0.435856 170.302480 0.513639 -82.074496 0.294254
72 -1.802684 0.063324 -13.184443 0.683056 210.539553 0.282692 81.106651 0.895872
72 -2.190725 0.169396 20.782500 1.369100 294.812099 0.694475 18.979535 1.671953
72 -1.506330 0.111550 -57.466624 1.709639 271.044988 0.591134 88.565436 0.303163
72 -2.520842 0.727227 -4.635034 0.725498 205.232042 0.537903 56.383632 2.332188
72 -1.453840 0.746424 -10.743269 2.158299 310.833756 0.538785 -17.765729 0.198183
72 -1.540297 0.315223 56.113759 0.602322 245.876448 1.137666 -4.163268 0.371099
72 -3.340642 0.521702 -30.151937 0.255505 168.942357 0.697020 78.155359 3.971789
72 -1.638622 0.574347 -10.089995 0.711837 175.305740 0.667681 74.902354 0.567747
72 -1.700253 0.666338 13.444458 2.972043 343.702669 0.053338 59.462653 0.691011
72 -1.660529 0.452602 -30.448172 0.368389 159.536800 0.527363 87.048653 0.611561
73 -3.776944 0.261630 -52.804118 0.328240 197.970797 0.255776 44.995534 4.844391
73 -1.592317 0.133978 29.496566 1.480504 305.172064 0.416005 -4.452193 0.475138
73 -2.078394 0.109361 -59.399314 1.656984 272.124928 0.583377 83.716435 1.447292
73 -2.061451 0.793786 -17.472984 0.709281 228.424950 0.353546 -26.890446 1.413406
73 -1.714508 0.765746 -21.548085 2.127140 309.539834 0.503818 -31.994355 0.719521
73 -1.724376 0.361044 26.976680 0.700258 242.659040 1.077398 4.661874 0.739257
73 -1.430896 0.535991 -16.851373 0.203498 146.546081 0.327195 -70.333764 0.152296
73 -2.064978 0.555947 3.321693 0.467763 177.202346 0.625937 37.802534 1.420460
73 -1.626915 0.723261 10.268300 2.447288 310.187054 0.011568 56.803207 0.544333
73 -1.676563 0.611391 -5.539550 1.580192 261.342758 0.209508 -77.793569 0.643629
74 -3.202750 0.331393 -57.921109 0.867597 263.016567 0.290999 49.457076 3.696003
74 -2.524062 0.215636 33.695472 0.774733 258.727303 0.512926 -16.463972 2.338629
74 -1.405221 0.040340 -64.241336 1.116848 228.605980 0.528398 86.021478 0.100945
74 -1.396656 0.721747 -2.906183 0.881377 222.547386 0.663145 -5.300281 0.083817
74 -1.983539 0.725080 -16.172028 2.180582 322.391853 0.533609 -15.416721 1.257582
74 -4.370036 0.447892 64.137326 0.290734 266.534821 0.680330 -18.290897 6.030575
74 -1.423274 0.558468 -17.431501 0.198256 148.933906 0.325457 -68.957718 0.137051
74 -1.564024 0.721843 2.969956 1.339850 222.702472 0.453783 -77.660937 0.418552
74 -1.656213 0.767666 10.545631 2.613016 317.355224 0.032444 56.597394 0.602931
74 -1.448905 0.597708 2.875940 0.462034 171.583400 0.228159 -69.312905 0.188313
75 -3.838697 0.369334 -28.323483 0.805403 251.405590 0.355449 26.810995 4.967897
75 -3.253430 0.129654 30.550483 0.749671 259.789951 0.484599 -29.595061 3.797363
75 -1.742857 0.009766 -71.810835 1.178691 230.350009 0.581023 68.239778 0.776219
75 -1.464554 0.760387 4.393696 0.462451 193.047270 0.540872 17.046271 0.219612
75 -1.679804 0.611482 -14.162238 2.842044 360.818240 0.379499 -17.820693 0.650112
75 -1.458620 0.686897 -14.492074 1.156069 242.210536 0.421399 -22.386591 0.207743
75 -1.633469 0.035798 17.662166 0.705694 208.628528 0.281008 69.359719 0.557443
75 -2.917010 0.642657 -9.265257 0.522175 198.562941 0.466292 71.715004 3.124524
75 -1.533701 0.738124 4.947585 2.733239 323.705563 0.034575 52.597470 0.357906
75 -1.576556 0.672324 -7.203004 0.802148 202.223951 0.296869 70.093520 0.443616
76 -3.363342 0.314961 -28.138008 0.774367 242.796245 0.446289 20.488006 4.017187
76 -1.698551 0.060032 40.696294 0.969055 260.959319 0.384854 -1.532666 0.687606
76 -1.876811 0.012369 -71.743163 1.187338 232.235023 0.591293 68.103037 1.044126
76 -1.462930 0.788493 -0.224098 0.826543 211.603104 0.541154 16.066344 0.216363
76 -2.115778 0.588338 -15.354063 2.693538 358.826166 0.417648 -14.907174 1.522060
76 -1.577590 0.788957 -16.364637 1.264866 244.612349 0.329285 -14.975075 0.445683
76 -1.505574 0.542359 -7.985434 0.726822 194.730707 0.316634 76.111951 0.301651
76 -3.030897 0.252283 53.317808 0.977390 284.340561 0.301799 -32.336616 3.352297
76 -1.522413 0.698975 -9.949393 3.019247 342.816601 0.070598 48.903220 0.335330
76 -1.605832 0.792254 12.744425 1.144124 225.777836 0.112364 43.964649 0.502167
77 -3.220551 0.274656 -58.613618 0.392329 209.384354 0.344033 23.111631 3.731606
77 -1.652522 0.734168 10.782023 0.893284 201.755664 0.368838 -85.013417 0.595547
77 -1.449961 0.108367 -31.556967 0.739010 198.684450 0.420401 84.892291 0.190425
77 -1.955989 0.006409 -2.984317 0.733622 237.458850 0.545414 8.757262 1.202482
77 -1.656951 0.468830 -24.539042 2.603276 356.857828 0.443414 -27.260712 0.604407
77 -1.786880 0.019100 -71.850185 1.057928 267.189114 0.267002 -11.793226 0.864265
77 -1.723656 0.678995 4.577187 1.704287 268.057676 0.162568 80.313607 0.737815
77 -1.857011 0.005993 -34.568380 2.131243 378.330259 1.012062 13.220298 1.004525
77 -1.555838 0.628962 -16.263958 4.195614 406.863343 0.030054 84.859655 0.402181
77 -1.548760 0.184774 -82.925928 1.570417 332.040752 0.561069 0.965894 0.388025
78 -2.767517 0.369821 -67.054230 0.591300 228.938920 0.240047 51.109179 2.825538
78 -1.558065 0.019590 17.419785 0.925833 227.163910 0.328889 75.042986 0.406633
78 -2.201870 0.068863 -36.384530 0.079728 150.596892 0.485953 71.823824 1.694245
78 -1.534883 0.196822 -24.147416 0.931089 252.493774 0.876749 -8.728743 0.360270
78 -2.048333 0.478862 -28.848589 2.416285 348.393353 0.497976 -29.860891 1.387169
78 -1.619941 0.383351 -9.261229 0.547892 197.600642 0.077894 -83.376628 0.530385
78 -1.655952 0.672279 14.303477 1.493405 244.882259 0.208046 82.082182 0.602409
78 -1.497880 0.060382 -28.022997 2.193764 379.026950 0.990614 -1.428691 0.286264
78 -1.743350 0.625064 -13.148158 4.138109 405.246426 0.049855 84.705726 0.777204
78 -1.904972 0.297768 80.109266 1.916981 379.554285 0.514894 -11.187047 1.100448
79 -2.333490 0.481843 -81.417176 0.348486 204.442133 0.159437 62.767123 1.957484
79 -1.431216 0.725808 4.685777 0.693990 195.996638 0.314278 55.538313 0.152935
79 -1.824428 0.119316 -19.624072 0.123923 148.891004 0.479678 73.637214 0.939360
79 -1.781090 0.235734 -8.336457 0.947600 250.820002 0.781923 2.291588 0.852685
79 -2.174270 0.656307 1.713006 1.567803 218.390242 0.770543 -76.706769 1.639043
79 -1.527858 0.376475 -20.670709 0.621324 194.757249 0.124649 -52.310266 0.346220
79 -3.045843 0.543154 -4.334574 0.896710 234.326565 0.431648 30.318546 3.382190
79 -1.938523 0.232391 -40.770775 1.514463 321.744507 0.976673 -15.967370 1.167549
79 -2.189928 0.662685 -19.076401 4.015568 397.705640 0.049554 78.412993 1.670359
79 -1.971798 0.239260 85.920486 1.820676 364.392701 0.508691 -14.243373 1.234100
80 -2.670262 0.104859 -52.063646 0.666812 228.895734 0.341735 19.485352 2.631028
80 -1.432621 0.722147 8.638797 0.211100 159.696136 0.461161 30.904971 0.155745
80 -1.912735 0.096457 6.845076 0.391200 172.564093 0.585043 75.258622 1.115974
80 -2.526087 0.336526 -7.525454 1.204109 283.499276 0.743803 -16.504511 2.342677
80 -1.644304 0.641930 -23.822729 1.297407 260.130797 0.584456 -27.604987 0.579111
80 -1.395119 0.285349 -14.650668 1.039358 232.228475 0.202932 -62.327385 0.080741
80 -1.440548 0.382670 -8.736518 0.608534 198.167623 0.013713 -9.281252 0.171600
80 -1.692325 0.331788 -66.566763 1.509764 337.752061 0.892837 -13.885954 0.675154
80 -1.568610 0.676303 -15.459409 4.017698 392.673275 0.050003 69.623032 0.427725
80 -1.469799 0.259942 -88.299033 1.867194 363.813134 0.489333 -11.062409 0.230101
81 -3.553137 0.259257 -67.177626 0.408450 228.414983 0.276904 23.480599 4.396778
81 -1.415108 0.796919 5.941332 1.103273 211.527213 0.456470 63.481363 0.120719
81 -2.866095 0.340071 -4.757594 0.442198 172.663085 0.638023 40.859174 3.022693
81 -1.659966 0.173865 39.694655 0.844515 261.399162 0.851800 -5.185003 0.610435
81 -1.533581 0.529712 -25.468698 1.249287 242.894756 0.472331 -57.171140 0.357665
81 -2.763071 0.261898 -26.067821 1.244618 266.200797 0.024892 71.430687 2.816647
81 -1.843448 0.257234 -22.456480 0.704388 210.207704 0.001092 -16.547628 0.977401
81 -3.017630 0.288183 -45.812151 1.641032 327.563772 0.885236 -34.485884 3.325763
81 -1.680469 0.637767 -20.273962 4.146436 403.590043 0.031918 64.458099 0.651443
81 -1.906220 0.275114 -87.513764 1.935386 368.373825 0.489485 -30.556290 1.102944
82 -4.153352 0.316239 -45.387176 0.987690 235.625670 0.199481 38.174277 5.597207
82 -2.488529 0.780435 -20.058184 1.038932 250.942687 0.265083 -18.247521 2.267561
82 -1.908540 0.305634 3.503071 0.739939 187.890199 0.654266 52.084192 1.107583
82 -2.074251 0.075536 38.440959 0.601252 237.604106 0.954352 10.544589 1.439005
82 -2.562877 0.672932 -13.029784 0.823792 206.671071 0.713538 -52.671325 2.416258
82 -1.549148 0.380037 -14.646057 1.294485 254.818440 0.004833 65.918457 0.388799
82 -2.428068 0.082742 15.463644 0.708031 254.265499 0.800345 -21.817781 2.146640
82 -1.595603 0.166423 -47.909609 1.528255 316.955075 0.771880 -19.250738 0.481709
82 -2.670488 0.671611 -29.003989 4.474353 419.686247 0.026214 31.465448 2.631480
82 -2.082903 0.256640 -89.069225 2.110088 377.290162 0.452716 -38.467571 1.456310
83 -3.695305 0.303684 -57.752923 0.500061 233.086437 0.240648 36.073298 4.681114
83 -1.410027 0.118220 -45.524078 0.629660 197.324255 0.331508 -84.167577 0.110558
83 -3.210890 0.269327 -4.207397 0.790052 198.613522 0.705997 50.558128 3.712283
83 -1.509045 0.573908 -22.235029 1.759577 264.388569 0.418345 -75.055931 0.308595
83 -2.181340 0.739119 -15.923039 2.053919 270.017489 0.745149 -55.238324 1.653183
83 -1.873064 0.498339 25.260943 0.704859 196.839408 0.095261 57.685647 1.036631
83 -1.585661 0.171880 23.874395 1.008619 269.045445 0.783657 -3.225474 0.461825
83 -1.859017 0.069768 -40.875204 1.681007 334.317527 0.656667 -2.096206 1.008538
83 -2.578338 0.616155 -31.443152 4.176175 410.141252 0.035906 32.605707 2.447180
83 -2.157963 0.235708 88.774128 2.373760 397.360423 0.467040 -39.131436 1.606429
84 -2.885421 0.212253 -84.588602 0.534972 240.291699 0.595804 24.841353 3.061345
84 -1.941145 0.113336 -51.096685 0.586658 198.598909 0.397280 83.982268 1.172795
84 -2.151048 0.320585 -47.278688 0.275892 153.495359 0.646538 74.933892 1.592599
84 -1.516947 0.471140 -27.273013 1.334417 258.765482 0.504701 -46.061773 0.324397
84 -1.938881 0.740942 -24.851603 1.803779 277.804488 0.764811 -45.689912 1.168266
84 -1.735414 0.544272 19.721380 1.311397 248.586653 0.149389 55.546086 0.761332
84 -2.665857 0.142104 33.999949 0.531030 241.135740 0.606188 -21.297279 2.622218
84 -2.868629 0.213836 -52.993243 2.271733 386.015714 1.167776 -33.376853 3.027762
84 -2.772016 0.579451 -38.825927 3.951412 403.446674 0.002376 31.151023 2.834536
84 -2.315599 0.256138 80.265923 3.377931 460.144359 0.145658 -53.791250 1.921702
85 -3.801626 0.206989 -73.078214 0.436471 225.446257 0.506332 43.169011 4.893756
85 -1.528363 0.015620 -38.304428 0.597509 193.623420 0.411257 81.191165 0.347231
85 -1.799114 0.201570 5.271675 0.133956 150.172902 0.479775 66.499705 0.888732
85 -2.184290 0.496526 -14.559266 1.489637 264.110183 0.529374 -47.111358 1.659083
85 -3.594474 0.689571 -37.614552 1.169705 252.382314 0.765374 -59.299788 4.479451
85 -3.307849 0.044266 85.084517 0.805817 239.106767 0.174087 11.982915 3.906202
85 -1.703422 0.286615 64.694277 0.795117 255.992898 0.269302 -4.131404 0.697347
85 -2.856590 0.240718 -51.431732 2.541483 400.369644 1.104869 -35.439573 3.003683
85 -3.201977 0.589146 -39.803749 3.934506 403.191890 0.003843 30.204393 3.694457
85 -1.773383 0.273839 -34.087351 1.717327 326.124804 0.897610 -22.645891 0.837270
86 -3.881630 0.435125 -55.979432 0.707948 269.701832 0.778709 -28.209380 5.053764
86 -1.686863 0.005447 -39.450922 0.549048 192.472744 0.399111 78.517879 0.664229
86 -2.342851 0.134187 13.859394 0.529172 186.621452 0.513704 52.917836 1.976207
86 -2.138802 0.492025 -22.239139 1.243802 252.852439 0.459595 -55.334081 1.568108
86 -1.653102 0.091174 84.638089 1.335217 287.141518 0.078662 4.468831 0.596708
86 -1.397026 0.574790 4.197182 0.011479 121.146554 0.724195 82.324767 0.084557
86 -1.523811 0.257998 75.277560 0.934020 262.698179 0.193499 -0.159590 0.338127
86 -1.460064 0.485277 -8.284855 0.172669 142.911679 0.477995 -61.491426 0.210632
86 -3.125375 0.581907 -41.604301 3.952840 403.969159 0.002983 31.344136 3.541254
86 -2.175252 0.272230 -41.131242 0.961454 263.670475 1.032667 -31.921420 1.641008
87 -2.224727 0.125271 82.759581 0.962983 266.544256 0.165001 6.305130 1.739959
87 -1.922795 0.105409 -16.039433 1.088491 230.213266 0.531896 -88.567089 1.136093
87 -2.384584 0.667561 -25.854548 0.696924 196.776331 0.450052 71.574442 2.059672
87 -1.877500 0.506338 16.969284 2.236616 310.737806 0.065224 -86.263652 1.045503
87 -1.633659 0.228071 74.211974 1.264631 291.727485 0.078524 -30.570976 0.557822
87 -1.444506 0.444958 9.748253 0.093147 143.375756 0.044478 49.725086 0.179516
87 -1.960375 0.230362 -83.623432 0.783327 239.896353 0.039999 18.715910 1.211254
87 -1.676238 0.547057 -16.214555 1.029995 217.049727 0.396582 89.478452 0.642980
87 -3.795732 0.246798 -2.180650 0.394965 246.606647 1.132735 -18.571028 4.881968
87 -1.513277 0.135038 -45.392066 0.959825 262.419488 0.878202 -12.446399 0.317059
88 -2.218589 0.142001 -9.860703 1.135580 280.592969 0.521270 -12.857242 1.727683
88 -1.785929 0.186539 -15.279846 1.467993 251.035580 0.547233 -88.098465 0.862362
88 -1.388396 0.575677 -1.711859 0.462919 174.189369 0.062466 72.367398 0.067296
88 -1.724619 0.516105 14.044760 2.160829 304.679463 0.042141 -83.536991 0.739742
88 -1.512316 0.212562 77.364756 1.266446 289.602066 0.089657 -13.960272 0.315136
88 -1.490346 0.496342 14.469163 0.096236 146.382650 0.121450 51.960054 0.271196
88 -1.973006 0.210781 -88.043210 0.756930 235.817446 0.066567 27.919304 1.236516
88 -2.934995 0.610845 -27.653343 0.380742 200.018784 0.116910 -58.794291 3.160493
88 -2.432764 0.706539 27.576033 2.790291 316.649756 0.692342 61.243085 2.156031
88 -2.687525 0.780391 -29.731242 2.852249 335.013583 0.059743 17.237799 2.665553
89 -3.123819 0.250300 -20.631415 1.146415 276.955130 0.468918 6.676369 3.538142
89 -1.526929 0.174504 -23.890915 0.903064 216.869510 0.402560 -89.333001 0.344361
89 -1.900028 0.682075 5.161055 0.442111 111.259572 1.131463 77.906091 1.090559
89 -1.689265 0.535395 7.563032 2.589728 324.441701 0.176615 -63.088134 0.669033
89 -1.900078 0.487536 67.305415 0.755218 262.602379 0.011851 -59.630834 1.090659
89 -1.548191 0.588940 13.807589 0.160016 142.471327 0.013402 -78.790086 0.386885
89 -1.910777 0.112984 70.080075 0.925467 249.663949 0.174328 21.232345 1.112057
89 -1.807187 0.612307 -7.653137 0.603514 207.711845 0.022112 -42.878493 0.904878
89 -2.259428 0.704817 28.365984 2.770837 315.416863 0.691122 61.764885 1.809359
89 -1.587232 0.688994 -6.821890 2.828893 339.523065 0.058618 9.381647 0.464967
90 -1.464996 0.287158 -0.892044 0.964885 237.646018 0.162633 -7.941780 0.220497
90 -1.551766 0.293052 0.518974 1.164014 241.306157 0.261050 69.374281 0.394035
90 -1.598646 0.560973 -32.104890 0.680362 109.286076 1.151517 -82.072100 0.487796
90 -1.656040 0.563525 5.798463 2.728541 333.734396 0.128291 -62.915347 0.602585
90 -2.403061 0.425693 84.603064 0.454956 238.341778 0.134941 -22.134844 2.096625
90 -1.597640 0.425403 10.864200 0.175093 149.923089 0.086127 -39.849708 0.485784
90 -1.759536 0.141711 75.752923 1.129920 272.038651 0.341503 23.077468 0.809576
90 -1.417987 0.697427 -0.580560 0.368957 175.906511 0.154031 -35.535244 0.126478
90 -2.344463 0.709865 27.787855 2.784112 316.202871 0.692422 61.156194 1.979431
90 -2.479181 0.016197 -49.822733 0.782958 244.902900 0.926764 28.526840 2.248865
91 -3.318276 0.376757 -55.477254 0.743428 246.854749 0.091374 -49.125170 3.927056
91 -1.894248 0.142894 -17.711727 0.864942 232.301528 0.000372 39.280676 1.078999
91 -2.452471 0.585944 -18.775176 0.401480 102.779744 1.181035 -78.124957 2.195445
91 -1.710319 0.754484 14.547730 2.736600 318.826083 0.130183 82.475252 0.711141
91 -1.717995 0.444343 80.260213 0.619486 245.195754 0.099684 -18.811656 0.726493
91 -1.721920 0.007742 47.386943 0.655649 234.680572 0.639890 -17.604716 0.734344
91 -1.762149 0.103304 70.889139 1.774284 329.101023 0.129568 17.111953 0.814802
91 -1.414827 0.708559 -4.543038 0.131468 143.863452 0.280225 -47.916619 0.120158
91 -2.020606 0.717287 28.223517 2.722962 311.772702 0.669908 62.519974 1.331716
91 -1.724341 0.204866 55.804711 1.119343 293.725451 0.897325 5.664983 0.739185
92 -3.124135 0.264328 -60.121417 0.951624 265.668519 0.061547 -34.979483 3.538774
92 -2.030568 0.179556 -25.778335 0.702221 209.753353 0.010181 29.182887 1.351639
92 -1.521222 0.568261 -28.666623 0.076518 77.016594 1.170749 -88.780612 0.332947
92 -1.680935 0.745875 12.484592 3.002780 333.050992 0.116436 77.630822 0.652374
92 -1.896322 0.444116 82.110147 0.720132 280.468674 1.191817 -24.371214 1.083149
92 -1.781975 0.022956 58.862582 0.711508 240.227468 0.576844 -20.957825 0.854453
92 -1.777654 0.112626 81.614465 1.738292 328.898875 0.148887 13.590905 0.845813
92 -1.768255 0.788410 8.383902 0.989971 211.464816 0.319383 -53.067431 0.827013
92 -1.430049 0.634605 -3.229137 0.081171 138.181541 0.433771 -66.907234 0.150602
92 -1.516464 0.128107 54.817355 1.088308 280.913797 0.999333 5.717998 0.323431
93 -3.141778 0.504660 -18.482688 1.380451 272.059759 0.331006 5.001212 3.574060
93 -3.695357 0.207517 -35.940151 0.867090 248.886670 0.151881 15.999404 4.681218
93 -1.894126 0.584626 -45.530887 0.092085 88.580412 1.188034 -83.200956 1.078755
93 -1.605863 0.642601 4.525439 2.916598 343.835269 0.026450 64.217508 0.502229
93 -1.747548 0.682639 -82.955045 1.791649 412.718872 0.159679 6.070033 0.785599
93 -2.195169 0.789465 68.511892 0.421474 295.480096 0.655260 -19.235488 1.680843
93 -2.355443 0.030334 -80.256653 1.464351 295.508521 0.122070 24.337824 2.001391
93 -2.489569 0.755022 -0.357260 0.787136 221.020898 0.323934 -60.801465 2.269643
93 -1.747123 0.599971 15.767859 0.178172 128.714269 0.459821 -67.221432 0.784749
93 -2.152208 0.053349 56.787409 1.279668 302.056392 0.938011 19.481764 1.594919
94 -1.586238 0.634846 -2.522855 1.206674 251.155244 0.431654 -13.632524 0.462979
94 -3.967637 0.229221 -28.320166 0.968904 258.868119 0.197724 28.315981 5.225777
94 -2.736924 0.678101 -29.245749 0.644062 142.012963 1.082214 -84.769977 2.764352
94 -1.737449 0.751009 14.074651 2.731447 326.236231 0.073422 47.413681 0.765402
94 -1.728885 0.682396 89.899585 1.817578 416.804591 0.154163 6.582784 0.748274
94 -3.217418 0.584557 -38.728428 2.378836 287.655227 0.512890 50.677880 3.725340
94 -2.230452 0.023758 -78.642026 1.248730 282.009004 0.231653 17.170373 1.751408
94 -1.540110 0.275806 8.658232 0.293763 156.316143 0.439310 -77.923544 0.370724
94 -1.417396 0.451795 -0.601447 0.074359 136.699524 0.329445 -70.021827 0.125296
94 -1.625539 0.122683 74.628284 0.868347 265.637676 0.869839 2.979644 0.541583
95 -1.476681 0.633377 3.598655 1.134770 225.868625 0.103531 -79.406875 0.243866
95 -1.932827 0.329091 -25.963185 1.281534 226.496213 0.571443 68.308324 1.156158
95 -3.787453 0.782779 -17.902918 0.674685 179.403105 1.012763 -46.787774 4.865409
95 -1.880151 0.797766 18.617043 2.779706 324.631325 0.093599 38.742664 1.050806
95 -1.624141 0.685188 86.711103 1.857770 417.676452 0.093714 8.236615 0.538785
95 -3.699136 0.673020 -25.818315 2.326321 314.260152 0.229363 30.023481 4.688775
95 -2.043670 0.063148 -81.400367 1.408737 299.059930 0.231176 16.484361 1.377845
95 -1.590541 0.286220 7.529607 0.905630 211.534591 0.326523 -75.661668 0.471586
95 -2.022904 0.638712 27.025325 0.326633 164.457336 0.084596 -74.028838 1.336311
95 -2.287797 0.168094 71.473323 0.576103 248.221836 0.775744 5.335944 1.866099
96 -1.459240 0.689144 -0.249641 1.011230 213.461990 0.219966 -79.352445 0.208984
96 -2.631305 0.315253 -30.298200 1.422775 241.691620 0.575351 65.167215 2.553114
96 -2.010985 0.689637 -16.811382 0.310370 149.072269 0.877112 -55.861046 1.312473
96 -1.699848 0.778514 14.612414 2.868754 330.064291 0.115434 46.604194 0.690199
96 -1.456386 0.684918 84.190136 1.877885 418.460126 0.117545 9.545142 0.203276
96 -3.327375 0.644894 -31.168815 2.532746 328.310125 0.130449 17.520759 3.945253
96 -1.839062 0.127900 -83.864779 1.559561 315.557484 0.218805 16.984308 0.968627
96 -1.969193 0.466780 39.779770 0.319405 212.737464 1.193458 10.151467 1.228890
96 -1.782575 0.626003 24.045732 0.380014 161.594582 0.116177 82.122123 0.855653
96 -2.219899 0.181126 41.169727 0.173751 146.541379 0.733024 7.529186 1.730302
97 -1.949815 0.669168 -38.963056 1.927883 265.251695 0.523517 89.323912 1.190134
97 -1.412008 0.390370 18.716224 0.050240 130.526351 0.540371 70.154281 0.114520
97 -1.386239 0.680702 7.407558 0.118560 136.293662 0.368508 87.191113 0.062981
97 -2.263032 0.677708 0.188344 1.422458 253.671541 0.353077 -52.195583 1.816568
97 -1.435673 0.679046 80.838442 1.952302 424.648309 0.128969 7.252689 0.161850
97 -1.932215 0.630484 -15.307842 2.444823 327.865898 0.226944 4.737343 1.154934
97 -1.711463 0.087388 -78.107856 1.397896 301.192655 0.283846 1.593046 0.713430
97 -1.546695 0.467039 32.916139 0.586956 233.155273 1.193523 0.333434 0.383894
97 -1.456479 0.728914 -9.045929 1.944571 279.937898 0.087084 -65.420808 0.203461
97 -2.197260 0.171669 40.440927 0.108181 138.810283 0.779037 6.293600 1.685025
98 -1.648985 0.353151 -21.510063 1.069200 247.811793 0.264173 -39.464126 0.588473
98 -1.543244 0.358876 -14.720856 0.438140 168.581822 0.246594 75.843312 0.376991
98 -1.408778 0.582247 0.189793 0.033391 139.376825 0.349318 86.652397 0.108060
98 -1.858549 0.229898 4.427352 0.466071 221.263836 1.025869 -7.976688 1.007603
98 -1.433441 0.680001 80.771017 1.998348 432.270124 0.161963 2.362040 0.157387
98 -2.783148 0.674177 -19.051206 2.248074 311.158864 0.336986 16.120161 2.856800
98 -1.903660 0.022923 -79.291995 1.507767 303.867172 0.183378 6.172797 1.097823
98 -1.872724 0.534075 15.146329 0.749854 211.323080 0.170463 1.488007 1.035952
98 -1.627670 0.769316 4.450826 2.327006 293.288725 0.215120 -64.400833 0.545844
98 -2.243156 0.187399 39.954713 0.161307 140.072255 0.718391 3.540841 1.776815
99 -1.622015 0.486399 3.717917 0.595079 191.890222 0.219008 -46.775543 0.534533
99 -1.859344 0.441971 -20.102638 0.385778 178.863178 0.047857 60.135595 1.009191
99 -2.905389 0.691335 3.335113 0.677375 211.084889 0.527577 58.807497 3.101283
99 -2.056271 0.359645 16.112162 0.663381 243.368933 0.949728 -7.891896 1.403045
99 -1.638665 0.707921 88.978265 1.758972 413.141010 0.083372 -8.966930 0.567835
99 -1.608991 0.671003 14.370511 0.237216 149.819036 0.102057 20.167466 0.508486
99 -1.654145 0.115067 -71.872711 1.085797 273.795578 0.452830 0.990023 0.598793
99 -2.302108 0.633919 26.983549 0.596019 184.633551 0.119116 -14.296998 1.894720
99 -1.524170 0.730918 -1.940415 2.377842 300.044361 0.189038 -70.262294 0.338845
99 -2.364829 0.188823 36.897770 0.218118 143.305057 0.681578 7.101362 2.020161
100 -1.714663 0.347731 -27.779029 1.709760 282.977541 0.189052 -84.713245 0.719830
100 -2.587691 0.609043 35.147376 0.077901 125.624050 0.090343 16.580029 2.465886
100 -1.496649 0.567608 -17.487007 1.102494 220.394152 0.291628 -86.080933 0.283801
100 -1.855310 0.434213 25.611765 0.734654 244.114996 0.798841 2.799125 1.001125
100 -1.539793 0.718801 79.917191 0.684670 309.165075 1.146595 2.175977 0.370089
100 -1.453206 0.479632 -7.950673 0.534463 185.239208 0.069658 20.960692 0.196916
100 -1.771680 0.159859 -54.783709 1.057480 277.489366 0.615027 -3.662070 0.833863
100 -1.971449 0.621717 5.274543 1.087670 242.519000 0.168325 -18.221863 1.233403
100 -1.510911 0.674952 -9.102342 2.115154 290.746216 0.115272 78.299468 0.312326
100 -1.728906 0.134503 46.737461 0.340659 183.970966 0.964011 -3.908864 0.748317
101 -1.761610 0.794855 15.841520 0.153879 149.267348 0.631780 -81.008689 0.813725
101 -1.424326 0.607460 6.418667 0.148021 147.434184 0.317155 47.593154 0.139156
101 -3.672678 0.555513 -24.207834 0.467535 213.426829 0.328994 -72.986134 4.635860
101 -2.348800 0.755114 -10.996141 0.951485 216.836838 0.738349 -42.718855 1.988103
101 -1.611651 0.723415 87.726303 0.600951 301.323118 1.191084 -2.468354 0.513805
101 -1.593959 0.605228 17.226777 0.437391 114.309154 0.993325 -85.879354 0.478421
101 -2.368909 0.174177 -52.343353 0.895897 266.821188 0.599024 11.498399 2.028322
101 -1.873484 0.543721 7.711243 0.664234 208.348156 0.152140 -23.293665 1.037471
101 -1.463948 0.060048 32.471475 1.919626 307.160921 0.280705 77.409117 0.218399
101 -1.626006 0.271705 -12.205712 1.020347 224.447605 0.416161 -67.393416 0.542516
102 -1.760542 0.591102 1.546806 0.245417 149.872822 0.654371 -71.271311 0.811589
102 -1.696616 0.621552 0.483580 0.184368 166.481458 0.272977 46.727306 0.683735
102 -1.430224 0.609828 -14.778488 0.417030 171.060140 0.285479 -48.384632 0.150952
102 -1.892891 0.595366 18.273881 1.433562 251.647000 0.037199 -49.480711 1.076286
102 -2.261343 0.735559 72.177237 0.341424 284.474743 1.159506 -17.276061 1.813190
102 -1.844243 0.638722 14.669268 0.040870 107.431511 1.064510 84.492372 0.978990
102 -2.537476 0.246922 -52.796316 0.410019 217.251761 0.564088 3.652115 2.365455
102 -2.272824 0.502899 19.905034 0.734940 200.874960 0.227865 -16.249997 1.836151
102 -1.431030 0.033988 39.245344 1.963159 320.617958 0.167854 77.792675 0.152564
102 -1.482244 0.368777 -21.587893 0.928289 226.333505 0.189696 -51.857760 0.254992
103 -2.126050 0.666096 -10.158720 1.119007 226.220894 0.409851 62.806040 1.542604
103 -1.853193 0.432574 -2.285937 0.976935 255.204271 1.170161 6.782116 0.996889
103 -1.387246 0.659183 -0.444147 0.017801 139.030622 0.190606 -21.623796 0.064996
103 -1.761667 0.532516 30.728711 0.035650 136.093463 0.237876 60.621450 0.813837
103 -2.094430 0.775429 77.915036 0.393441 295.736962 1.010674 -16.559950 1.479364
103 -2.409849 0.651479 36.403633 0.075411 118.462484 1.092736 70.960003 2.110203
103 -3.127497 0.206001 -87.346261 0.215004 190.561808 0.790039 8.451275 3.545499
103 -2.455866 0.553856 32.644499 0.460522 168.056911 0.085499 -0.162951 2.202237
103 -1.553968 0.014339 33.650253 1.779077 304.234288 0.195399 69.789110 0.398440
103 -1.466381 0.574322 -15.403051 0.485326 179.460590 0.145518 -54.400462 0.223265
104 -1.654589 0.779276 0.776504 1.183190 246.849069 0.806320 8.825231 0.599682
104 -1.837316 0.315588 -6.630558 1.113748 245.345315 0.154565 60.088376 0.965135
104 -1.566019 0.595201 8.239636 0.389634 168.907082 0.252607 1.472780 0.422541
104 -1.775539 0.533936 31.121663 0.047203 137.137274 0.240785 59.822722 0.841581
104 -2.553692 0.778393 88.806777 0.575930 317.675727 0.871227 -25.644197 2.397888
104 -2.074523 0.550180 32.153011 0.177481 113.574453 1.103298 67.939367 1.439551
104 -2.163946 0.295047 75.591369 0.151964 145.179770 0.709012 13.275948 1.618395
104 -2.936884 0.483527 36.830924 0.377030 158.380292 0.093283 12.489312 3.164271
104 -1.664652 0.057214 22.292297 2.024130 323.376202 0.189073 54.821024 0.619809
104 -1.614924 0.585413 -11.570761 0.716625 204.557951 0.216030 -76.237961 0.520352
105 -1.726386 0.789317 7.758380 1.206736 247.761462 0.905913 13.529578 0.743275
105 -1.374686 0.420996 1.041439 0.699512 199.951891 0.072562 72.703403 0.039876
105 -1.718502 0.666382 -15.603105 0.496203 190.681533 0.041540 9.596306 0.727507
105 -1.639873 0.484872 2.018593 0.568720 197.568839 0.155304 76.489747 0.570249
105 -1.579635 0.747531 81.952657 0.879260 342.998043 0.798399 -8.024144 0.449773
105 -1.575594 0.682690 22.747617 0.272638 143.012733 0.825634 80.484711 0.441691
105 -2.225174 0.341840 84.515083 0.063725 126.986450 0.725478 -2.160823 1.740851
105 -2.738730 0.443901 36.011371 0.453718 166.762826 0.045631 17.441409 2.767964
105 -1.929786 0.130449 -12.746574 2.110023 321.433717 0.210405 54.233173 1.150076
105 -1.492824 0.422220 -4.643917 0.502971 173.229234 0.178434 75.414174 0.276151
106 -1.553571 0.772913 5.980192 1.675965 277.764924 0.838962 14.129890 0.397645
106 -1.404940 0.643361 -3.048011 0.387369 170.890259 0.197415 87.095230 0.100383
106 -2.228186 0.774498 16.728234 0.249388 184.475611 0.209637 -1.298885 1.746875
106 -1.537845 0.674410 20.029665 0.411362 144.693720 0.843825 83.741140 0.366193
106 -1.665743 0.767157 88.949373 0.762449 330.249603 0.792041 -8.490748 0.621989
106 -2.019581 0.646143 15.270814 0.092821 153.362535 0.655027 77.158625 1.329666
106 -2.162944 0.147911 -50.719703 0.792221 261.613470 0.927618 -21.087172 1.616392
106 -1.891739 0.195781 42.367237 0.700837 236.209088 0.248863 3.965854 1.073983
106 -2.695197 0.122106 -15.948383 2.176791 328.098428 0.237708 46.750197 2.680897
106 -1.375079 0.451233 5.613318 0.529717 178.541174 0.300534 75.516297 0.040661
107 -1.962783 0.770622 11.305732 1.811797 288.074694 0.684892 4.794932 1.216070
107 -2.001617 0.159036 -36.486451 0.876944 219.509972 0.403184 78.956588 1.293738
107 -1.762247 0.749874 10.841618 0.449869 192.697887 0.287056 -3.483670 0.814998
107 -2.041981 0.713076 19.039040 0.238416 142.004479 0.413092 -43.899405 1.374466
107 -2.179342 0.684295 76.679980 0.781659 326.223626 0.894762 -20.125878 1.649189
107 -1.822038 0.662117 22.189805 0.235139 151.278102 0.815596 70.848324 0.934580
107 -1.545746 0.181078 -48.512730 0.734893 245.417964 1.167467 -9.550563 0.381995
107 -2.171456 0.241199 64.182747 0.835430 266.562360 0.291302 -0.304627 1.633415
107 -1.555473 0.285362 28.898164 2.530047 381.217395 0.690792 15.705953 0.401449
107 -1.537364 0.499265 14.292561 0.894390 200.870605 0.351353 86.270814 0.365233
108 -1.425396 0.731730 2.711808 1.034016 234.785400 0.723854 7.257476 0.141295
108 -1.868900 0.176861 -29.554968 0.886869 218.493742 0.427638 83.731779 1.028304
108 -1.899660 0.279235 -38.032825 1.889696 339.643842 0.690954 -22.166010 1.089825
108 -1.460435 0.662052 0.956629 0.330763 152.646059 0.339427 -72.326747 0.211373
108 -1.475080 0.136266 55.762067 1.491224 317.830077 0.576027 -5.853538 0.240663
108 -2.432320 0.617132 14.731967 0.237379 159.814574 0.791254 67.758483 2.155144
108 -1.984227 0.123331 -55.769196 0.502464 238.020905 1.177406 -5.075020 1.258958
108 -1.726213 0.284531 78.164639 0.888639 268.597444 0.286795 -20.722507 0.742931
108 -1.573214 0.285950 26.997425 2.527367 380.306812 0.688049 14.985308 0.436933
108 -2.148851 0.542932 8.158480 0.668895 199.846380 0.504286 71.093026 1.588207
109 -1.486961 0.700054 8.586449 1.113844 246.614087 0.718157 8.296344 0.264425
109 -1.385338 0.137655 -8.791166 0.820816 204.847763 0.403220 89.089408 0.061179
109 -1.721304 0.262076 -33.748187 2.187248 371.226584 0.816158 -3.656034 0.733112
109 -1.484797 0.528367 -10.446746 0.539679 175.143717 0.168948 -75.905909 0.260099
109 -1.563803 0.146726 -83.914801 1.589774 332.979685 0.588106 -7.822872 0.418110
109 -1.493821 0.677079 26.160842 0.208101 125.881395 0.746142 81.215242 0.278146
109 -2.130712 0.252488 -5.961620 0.837272 258.161779 1.135813 5.770474 1.551927
109 -1.655539 0.213973 83.664143 1.520327 324.583905 0.278129 -13.189343 0.601582
109 -1.785170 0.196294 21.519130 2.756662 403.598072 0.753440 11.732136 0.860844
109 -1.450151 0.603175 -13.747643 0.132470 142.753465 0.551112 -73.753742 0.190807
110 -2.250426 0.747593 -1.673029 0.640545 198.496277 0.751333 16.581627 1.791356
110 -2.059190 0.630879 12.605713 0.106440 119.868681 0.752198 -52.759872 1.408883
110 -1.708707 0.254058 -76.299970 1.148240 300.402676 0.684141 1.356360 0.707918
110 -2.012233 0.355081 -33.101311 1.697952 291.427900 0.209951 -65.893628 1.314970
110 -1.749483 0.227868 -74.202752 0.987914 274.516722 0.529226 5.642450 0.789470
110 -3.038740 0.564717 16.046554 0.419932 238.712245 1.039229 -3.049684 3.367985
110 -1.914339 0.292486 -13.684214 0.327961 204.914827 1.086765 -11.664098 1.119182
110 -1.557278 0.306315 -79.832354 1.214564 299.684503 0.440951 -20.043650 0.405060
110 -1.514788 0.184019 21.413032 2.670410 397.937723 0.762240 8.566322 0.320080
110 -1.531569 0.651699 -35.086807 0.080544 144.197177 0.548731 -60.056944 0.353641
111 -2.279483 0.067607 4.372309 0.496273 212.034448 0.667919 11.982506 1.849470
111 -1.985044 0.538568 16.331921 0.280105 135.346678 0.567711 -55.416373 1.260592
111 -2.341236 0.039694 9.936537 0.939742 259.863268 0.398172 8.951983 1.972975
111 -1.910281 0.684128 -11.489201 0.358210 180.936333 0.396086 -80.063933 1.111066
111 -1.948670 0.305011 -66.045335 1.060359 289.831037 0.622291 -15.094308 1.187844
111 -2.084413 0.473449 21.099970 0.640688 243.587889 1.034094 -1.627135 1.459329
111 -1.552207 0.011991 -80.968176 1.866840 357.395453 1.014135 -12.789863 0.394918
111 -1.444333 0.081053 -78.025652 0.959502 224.992084 0.460882 -86.717630 0.179169
111 -1.510557 0.152074 24.085218 2.734457 415.770369 0.874051 -6.158617 0.311618
111 -2.099600 0.698260 -13.610065 0.758543 213.273294 0.438606 9.665959 1.489704
112 -6.270511 0.140121 24.011641 0.271326 260.494505 1.059847 -28.884660 9.831525
112 -2.093832 0.525474 4.586620 0.509360 170.856103 0.685940 -79.840287 1.478168
112 -1.587490 0.140274 -10.021376 1.286215 259.267922 0.127055 57.206969 0.465484
112 -1.783273 0.643393 -17.948521 0.060257 146.257628 0.366961 75.713137 0.857049
112 -4.026928 0.305922 -24.725404 0.670014 243.002630 0.797063 -38.930821 5.344359
112 -1.823210 0.533578 26.119991 0.382360 213.658337 1.069153 3.463465 0.936924
112 -1.468081 0.004731 -58.384796 1.596146 329.976893 1.005990 -12.086015 0.226665
112 -2.081481 0.037501 -85.408366 0.818211 211.023919 0.568540 74.193376 1.453465
112 -1.504903 0.050672 -27.312669 2.631509 409.156297 0.848400 -9.881055 0.300309
112 -2.387352 0.530035 -25.045986 0.932656 231.992344 0.116077 -4.589385 2.065208
113 -1.994063 0.797479 -84.315916 0.429180 291.497207 0.757502 2.605638 1.278629
113 -1.424407 0.258438 -2.325116 0.296598 116.178314 0.976740 -88.888693 0.139317
113 -1.494175 0.197097 -1.723218 1.076020 238.943790 0.202921 69.292896 0.278854
113 -1.682531 0.665437 -14.380205 0.106519 145.101198 0.296603 66.059737 0.655566
113 -2.127692 0.293144 -32.023976 0.577177 224.517225 0.725863 -22.111463 1.545888
113 -1.600209 0.388495 39.631607 0.387469 201.223040 0.774197 4.777943 0.490922
113 -3.006801 0.270458 -13.304259 0.815326 264.583746 0.853908 -18.443017 3.304106
113 -1.928953 0.075434 -84.513814 0.850431 211.265668 0.557957 72.363012 1.148409
113 -2.162600 0.032099 -70.084747 1.716237 339.420915 0.840834 -33.277211 1.615703
113 -2.233509 0.586241 -24.108103 0.768534 218.857959 0.161622 -13.082382 1.757521
114 -1.658401 0.142206 64.315264 0.941400 264.462253 0.702356 -20.979836 0.607306
114 -2.726198 0.344567 3.880032 0.416912 127.846607 1.079018 69.640269 2.742900
114 -1.846281 0.273095 84.675842 1.862022 366.699955 0.386123 -11.587248 0.983066
114 -3.313866 0.556292 -27.637447 1.292463 258.656645 0.133053 56.162364 3.918236
114 -2.060325 0.130264 25.691161 0.658708 245.852229 0.809585 -1.143156 1.411155
114 -1.502700 0.156589 8.173569 1.136300 271.871465 0.694103 -1.048366 0.295904
114 -1.438592 0.739415 -7.718856 0.798367 209.282830 0.344887 -8.398711 0.167688
114 -3.090936 0.574468 -86.572133 0.158402 180.968109 0.937118 31.711811 3.472377
114 -2.904028 0.008347 -56.577103 1.726903 344.866543 0.903267 -39.246416 3.098560
114 -1.823443 0.440711 -0.062253 0.761519 225.462590 0.261283 -6.509750 0.937390
115 -1.453710 0.146554 41.085897 1.152322 285.000108 0.820267 -1.709538 0.197923
115 -2.352462 0.374750 7.077939 0.257712 135.330408 0.895149 51.357943 1.995428
115 -2.227252 0.054682 12.413604 0.605667 248.028009 1.064200 0.796181 1.745008
115 -1.428293 0.391463 11.812698 0.092599 74.919429 1.169565 81.611807 0.147089
115 -2.773108 0.001108 25.213033 0.370666 231.560537 1.170088 -27.746857 2.836719
115 -1.889318 0.130250 -7.218303 1.166822 283.565420 0.683466 -14.471163 1.069139
115 -1.914955 0.786626 -9.496815 1.370671 259.163409 0.064240 -18.077382 1.120414
115 -2.436127 0.388898 75.830292 0.456309 225.473380 0.985237 31.038694 2.162757
115 -2.712366 0.106638 -53.291569 1.695567 337.954408 0.921554 -36.586941 2.715237
115 -1.557165 0.653200 4.169603 0.818776 204.812323 0.139157 3.861691 0.404835
116 -1.512355 0.118557 -3.733745 1.121155 267.926529 0.653036 -4.481638 0.315213
116 -2.381485 0.488881 -19.404632 0.516014 137.451907 0.997396 65.716349 2.053473
116 -1.652341 0.035586 -9.776607 0.421444 207.996584 1.015191 -3.249931 0.595186
116 -1.619171 0.487993 14.223187 0.122052 91.192270 1.145475 81.408928 0.528846
116 -1.734371 0.648399 29.890768 0.443473 132.117509 1.020674 84.746619 0.759245
116 -1.797409 0.031170 -40.690305 1.205028 296.103646 0.854385 -14.793930 0.885323
116 -1.693956 0.274739 -16.937637 1.168926 272.007804 0.800188 -19.195488 0.678417
116 -2.422880 0.486892 -89.084047 0.332450 209.407023 0.721588 38.114595 2.136263
116 -1.413324 0.057140 39.175639 0.394474 167.930489 0.377745 89.272246 0.117151
116 -1.458392 0.635691 1.655884 0.850313 211.858788 0.245585 2.325033 0.207288
117 -2.649158 0.112682 -17.613654 1.059129 276.802862 0.899127 -35.957194 2.588819
117 -1.555519 0.657112 -11.024493 0.490672 137.380653 0.904284 79.167423 0.401542
117 -1.798553 0.014373 -10.355904 0.507581 226.541666 1.072184 -19.473768 0.887610
117 -1.799613 0.625494 -11.114215 0.328056 175.091633 0.212186 51.653465 0.889730
117 -3.715002 0.063884 -50.492002 0.759943 262.346302 0.746119 -40.711153 4.720507
117 -2.549990 0.285845 -39.744324 0.420627 218.637273 0.772638 5.721913 2.390485
117 -1.861735 0.280340 -14.749458 0.916517 247.656169 0.669390 -7.142564 1.013973
117 -2.778496 0.662544 -77.147918 0.204741 188.595370 0.578031 66.942876 2.847496
117 -1.435909 0.004719 46.302358 0.433573 175.226501 0.368489 81.549272 0.162323
117 -1.941402 0.638197 -88.558482 0.863045 290.653222 0.304523 47.444848 1.173309
118 -1.641777 0.081466 -12.717575 1.130406 278.279508 0.905114 -20.445008 0.574057
118 -1.761272 0.769929 -0.509827 1.211283 195.150481 0.793104 74.147180 0.813047
118 -2.968951 0.799569 -21.300268 0.016702 121.333687 1.170300 -13.118460 3.228405
118 -1.468081 0.516288 6.388317 0.370044 174.949126 0.082842 -85.265203 0.226665
118 -2.141971 0.318230 63.487424 0.399752 230.370482 0.657435 -25.631711 1.574446
118 -2.223523 0.430512 -56.479550 0.427967 224.997453 0.711696 -0.778466 1.737550
118 -1.596567 0.222074 19.506729 0.532500 186.584407 0.058372 62.973604 0.483639
118 -1.951501 0.696922 -87.666481 0.158181 173.662719 0.388975 65.872087 1.193506
118 -1.805076 0.064266 16.479003 0.657863 205.248162 0.385777 78.015469 0.900656
118 -2.137400 0.614785 -84.143509 0.844213 286.859279 0.309703 48.375222 1.565304
119 -1.982131 0.182720 -53.281391 1.269481 304.609482 0.841384 -16.114687 1.254765
119 -1.478128 0.080085 8.066016 1.003398 200.152886 0.716194 -87.842081 0.246759
119 -3.241667 0.787350 -14.323765 0.141701 112.996143 1.189128 -8.589718 3.773838
119 -1.879600 0.457378 -22.634103 0.150020 162.362522 0.162523 -83.293753 1.049703
119 -1.598436 0.181780 61.820694 1.281651 303.876152 0.544316 -13.949933 0.487375
119 -2.318314 0.394899 -48.472238 0.574072 231.021551 0.641328 4.938351 1.927132
119 -1.431779 0.351354 -2.626283 0.454068 177.187159 0.235841 68.717842 0.154061
119 -2.360936 0.712620 -70.983971 0.130333 178.747682 0.397982 -84.964229 2.012376
119 -2.459664 0.040820 14.246020 0.760083 216.063539 0.458425 69.708123 2.209831
119 -2.225948 0.776861 -84.276814 0.693181 304.932269 0.330011 41.575945 1.742400
120 -2.059699 0.335631 -75.688298 1.605630 351.025259 0.847849 -22.507188 1.409901
120 -3.429020 0.600464 -3.735640 0.082635 163.257186 0.686211 70.873899 4.148545
120 -3.124760 0.798694 -13.412211 0.163205 120.497504 1.161691 -10.612418 3.540024
120 -1.778750 0.365168 -5.387889 0.775688 232.136721 1.017420 3.268053 0.848004
120 -2.273024 0.272200 41.002901 1.253174 309.401795 0.623131 -19.071178 1.836551
120 -2.107969 0.432974 -71.377844 0.521572 225.495871 0.509938 18.921850 1.506441
120 -1.899851 0.415677 6.591846 0.668922 209.949679 0.259431 62.173018 1.090206
120 -2.226792 0.669577 -70.286121 0.409867 213.983525 0.278925 -77.353578 1.744087
120 -1.594291 0.029693 43.189495 0.580083 192.758995 0.449832 80.168117 0.479087
120 -1.935664 0.726325 -88.489268 0.972816 328.146314 0.254490 35.369237 1.161831
121 -1.707374 0.239587 -66.421411 1.449900 321.287780 0.879785 -23.100300 0.705251
121 -1.394720 0.697394 0.803554 0.095855 119.850062 0.758675 86.375262 0.079943
121 -3.127573 0.798134 -17.423146 0.042738 124.309251 1.172897 -12.309305 3.545650
121 -2.407607 0.361322 -39.386515 0.730665 248.184340 0.706504 -2.578700 2.105719
121 -2.259089 0.263458 38.615167 1.113968 293.917295 0.627190 -15.442899 1.808682
121 -1.812477 0.511259 -84.363961 0.548827 235.926039 0.626779 4.682914 0.915458
121 -1.377241 0.561157 6.775195 0.442385 165.310314 0.384183 76.320403 0.044985
121 -2.133892 0.723061 -81.009182 0.316721 181.612736 0.229244 -70.722851 1.558288
121 -1.499691 0.092633 22.829981 0.451885 180.101586 0.347277 70.457687 0.289886
121 -1.452111 0.571598 77.897767 1.471379 336.758573 0.160775 67.326458 0.194725
122 -2.078124 0.266065 -51.219468 1.330225 310.033750 0.859338 -17.383575 1.446751
122 -2.602277 0.765291 -10.770574 1.059707 250.840865 0.903021 -12.988030 2.495057
122 -1.376028 0.773004 0.213085 0.192188 156.775792 0.006498 -5.598946 0.042561
122 -1.795021 0.277518 -10.678117 0.482844 183.241296 0.461276 89.899128 0.880546
122 -1.669102 0.305169 21.941733 1.417953 241.285968 0.505918 -87.773296 0.628707
122 -2.089848 0.391902 -68.053725 0.718897 259.961096 0.677492 15.237313 1.470200
122 -1.580616 0.000905 24.251468 0.822273 219.218316 0.314217 76.926360 0.451737
122 -1.548984 0.178374 -3.556951 1.779137 323.417254 0.542794 -3.237858 0.388471
122 -2.379899 0.066703 52.529481 1.132854 282.897442 0.263269 -24.075640 2.050302
122 -1.478870 0.552867 79.019122 1.539524 342.046711 0.193716 60.744305 0.248243
123 -1.847128 0.395389 -69.887231 0.987326 294.491115 0.876408 -12.018915 0.984759
123 -2.450703 0.785978 -4.701029 1.300533 247.484577 0.778725 -24.354488 2.191910
123 -1.569668 0.752886 13.842846 0.163150 159.948917 0.004457 -13.395147 0.429839
123 -2.286636 0.346055 -41.685152 0.336317 180.501677 0.341613 -85.594243 1.863775
123 -2.506390 0.730330 63.733624 0.561579 268.227265 0.289707 63.563417 2.303283
123 -1.507038 0.238767 -75.218733 1.488388 332.269159 0.837580 -8.278865 0.304580
123 -2.875161 0.715694 -16.043208 0.858616 217.678023 0.424220 50.694886 3.040825
123 -1.691453 0.151681 11.478182 2.504234 381.001825 0.478840 2.648053 0.673410
123 -1.924312 0.220833 53.772001 0.806788 257.504721 0.358037 -7.835562 1.139129
123 -1.631311 0.426970 -12.529724 1.560688 275.317660 0.000607 70.939397 0.553125
124 -2.905526 0.387740 -28.761445 0.526527 241.121348 1.004067 -10.590939 3.101557
124 -2.021023 0.711939 -12.697907 1.338578 274.587734 0.569468 -14.647081 1.332550
124 -1.645943 0.200315 13.416381 0.542079 190.268261 0.033037 -8.402592 0.582390
124 -1.667274 0.717171 16.677263 0.093535 105.423743 0.995329 58.744607 0.625051
124 -1.674910 0.483534 5.902327 2.934783 359.966038 0.036557 22.409624 0.640324
124 -1.736986 0.239348 -54.763324 2.178134 378.654584 0.664846 -12.671287 0.764475
124 -1.533913 0.697195 -11.434857 1.213248 234.197116 0.100033 76.697538 0.358330
124 -1.705842 0.259261 -3.830394 2.576526 382.655153 0.690160 -1.087228 0.702187
124 -2.112106 0.196893 63.920190 0.916001 271.025413 0.393870 -26.866548 1.514716
124 -1.645269 0.435878 -20.683011 2.116011 308.990406 0.004572 76.215489 0.581042
125 -1.706345 0.631497 -9.388804 0.150356 165.112190 0.367183 -30.616502 0.703195
125 -1.989521 0.705174 -28.573597 1.186719 258.369280 0.766074 -36.227568 1.269546
125 -1.845519 0.115724 0.621677 0.259439 90.536640 1.180057 73.508999 0.981542
125 -1.553631 0.731121 20.300334 0.304322 133.496534 0.972087 61.613459 0.397765
125 -1.463820 0.541343 15.561309 2.138852 306.317618 0.377849 44.965491 0.218143
125 -1.728767 0.236910 -57.499078 2.340593 395.969635 0.726099 -10.885350 0.748037
125 -1.750203 0.255683 -28.926913 1.297822 256.259675 0.119817 87.300498 0.790909
125 -1.599765 0.108282 50.907092 2.031973 366.423067 0.647531 -4.399655 0.490033
125 -2.405694 0.293197 43.227689 0.687598 244.559488 0.181230 13.512455 2.101891
125 -2.264164 0.496588 -28.465941 1.473112 264.703234 0.074706 68.683495 1.818832
126 -1.379772 0.564866 -6.157818 0.334015 171.813352 0.396052 -17.461217 0.050048
126 -1.931589 0.737172 -25.556061 1.587892 281.363942 0.603681 -38.232949 1.153682
126 -1.778644 0.065198 0.793414 0.860664 111.200781 1.197502 -86.155516 0.847791
126 -1.641460 0.539064 0.823625 0.766764 177.916538 0.710625 86.006558 0.573423
126 -1.741971 0.601098 6.685403 1.938272 284.511159 0.208469 74.974938 0.774446
126 -1.907591 0.263629 -49.691707 2.421484 396.474456 0.699333 -12.397504 1.105686
126 -2.495856 0.222343 -42.799691 1.079612 245.405047 0.105366 88.162127 2.282216
126 -1.887871 0.096161 39.929763 2.133040 377.359439 0.733218 -13.789050 1.066245
126 -1.980614 0.394733 55.862208 0.497133 234.569959 0.314825 -3.545403 1.251731
126 -2.096660 0.507713 -20.646316 1.404856 251.592607 0.276042 70.978852 1.483823
127 -1.712570 0.503249 2.803347 0.221481 143.139300 0.418898 -44.633219 0.715644
127 -2.019760 0.789362 -25.999242 1.408525 269.447931 0.582262 -27.745015 1.330024
127 -1.810601 0.068591 -8.380985 0.945379 128.499396 1.144979 -74.914202 0.911706
127 -1.487050 0.595307 -14.803434 0.664982 167.956523 0.610185 83.670528 0.264604
127 -1.610918 0.782885 4.479784 0.612252 180.055819 0.036335 -64.527349 0.512341
127 -1.895738 0.278746 -62.612078 2.640219 428.921663 0.798373 -10.576099 1.081980
127 -2.685799 0.124445 -35.383540 1.274024 270.108469 0.024142 -89.395500 2.662101
127 -1.797695 0.070112 38.003368 2.288938 389.577553 0.801344 -13.357359 0.885894
127 -1.914402 0.342294 52.415140 0.461353 224.800189 0.410188 5.548077 1.119308
127 -1.509701 0.391555 -8.209941 1.094478 235.254868 0.134237 27.526202 0.309905
128 -1.473989 0.628371 -2.354709 0.195520 153.765639 0.348389 -33.308458 0.238481
128 -1.551805 0.450636 -19.238568 1.883627 324.611465 0.929490 -11.103487 0.394114
128 -1.499062 0.084457 -9.183910 0.163239 89.744188 1.129456 -84.161182 0.288628
128 -1.703939 0.441092 -19.430062 0.928970 211.770979 0.557673 -65.385364 0.698382
128 -2.068541 0.735147 0.516009 0.278764 188.799435 0.151913 -69.031000 1.427586
128 -1.858029 0.028715 -36.893528 1.222959 166.277962 1.076159 83.507278 1.006562
128 -2.230151 0.491830 -37.486361 2.384225 326.206168 0.173805 -73.333220 1.750805
128 -1.575747 0.078408 39.970327 2.257786 386.533809 0.846731 -7.814525 0.441998
128 -2.389433 0.310176 54.131889 0.359479 222.360415 0.595444 6.220685 2.069371
128 -1.953066 0.634443 -16.792749 0.788854 199.014125 0.429777 67.849692 1.196635
129 -1.969094 0.313957 63.747298 0.532681 234.544279 0.839140 16.482731 1.228692
129 -1.731431 0.477934 -25.470152 1.969628 333.502431 0.910719 -16.928255 0.753366
129 -1.444347 0.076291 3.303459 0.367061 92.397834 1.167614 83.418625 0.179197
129 -2.147934 0.469509 -19.392274 1.282935 236.478612 0.525064 -84.161377 1.586373
129 -2.104795 0.648725 2.928666 0.091015 161.715726 0.294210 -39.772408 1.500093
129 -1.484238 0.018822 -40.599393 1.206623 151.117344 1.116080 -89.602212 0.258981
129 -2.262207 0.425460 -35.463600 2.070470 315.349798 0.236491 -64.520918 1.814917
129 -1.456923 0.014992 41.530247 2.419373 397.040431 0.891775 -0.865414 0.204349
129 -2.963649 0.476634 43.186916 0.271857 234.643824 0.547701 -13.896224 3.217802
129 -1.461653 0.533389 0.049236 0.285073 171.597858 0.002003 21.797843 0.213809
130 -1.724256 0.292221 60.393236 0.569140 226.632073 0.835999 16.733954 0.739016
130 -2.141407 0.425366 -17.435164 2.153857 353.659348 0.923594 -8.529387 1.573318
130 -1.501989 0.084944 12.239674 0.565253 109.779149 1.142955 -89.640960 0.294482
130 -2.018147 0.625653 -36.245300 0.528121 191.017759 0.516758 -74.076556 1.326798
130 -2.061973 0.728749 -32.251952 0.039729 156.635913 0.294781 -61.555768 1.414449
130 -1.465223 0.045281 -40.628632 1.166166 145.308006 1.122713 -89.896939 0.220949
130 -1.518802 0.442373 -20.556476 2.346939 325.025848 0.195904 -57.325018 0.328108
130 -1.645228 0.012837 39.482464 2.433581 399.924053 0.894426 2.713215 0.580959
130 -2.477831 0.440986 40.636140 0.366968 226.708389 0.625459 6.112671 2.246166
130 -1.883218 0.606184 25.726291 1.019688 198.683197 0.496884 -80.660406 1.056940
131 -1.585821 0.342926 58.259136 0.446929 221.794982 0.781209 -0.129227 0.462145
131 -1.814257 0.538932 -41.634623 1.330762 291.313391 0.934343 -23.218484 0.919018
131 -3.299770 0.316877 -10.329819 1.089133 279.251894 1.079236 -39.825496 3.890043
131 -1.581153 0.576659 -14.773509 0.425216 179.380742 0.470370 -51.952560 0.452810
131 -1.502482 0.740788 -5.187878 0.710704 194.782162 0.279539 80.020680 0.295468
131 -1.565333 0.040649 -42.453542 1.047282 140.647364 1.125967 -84.640012 0.421169
131 -1.713229 0.401438 -20.302999 1.825574 302.512314 0.219182 -37.581784 0.716962
131 -1.657742 0.013357 39.504099 2.481332 403.816715 0.877169 -1.151203 0.605987
131 -6.261399 0.440536 5.810159 0.731117 276.523022 0.941609 -58.606471 9.813302
131 -2.124827 0.582779 19.531491 0.960119 198.764398 0.425316 -54.445131 1.540158
132 -1.943501 0.233849 67.368137 0.571139 247.128305 0.925238 -21.272088 1.177506
132 -1.943456 0.567156 -39.237700 1.225046 285.586472 0.948376 -17.812117 1.177415
132 -2.257451 0.337173 -0.704911 1.407665 304.792986 0.992035 -16.185942 1.805405
132 -2.290836 0.288772 -32.578863 1.348252 297.535561 0.567347 1.697035 1.872176
132 -1.562422 0.787172 -7.617074 1.008591 221.737973 0.136130 66.397543 0.415347
132 -1.716653 0.063446 -26.740634 0.765182 144.165289 1.020013 -74.630495 0.723810
132 -1.629397 0.055040 1.093050 1.215698 282.632966 0.689447 5.577191 0.549297
132 -1.513943 0.051415 49.981924 2.188949 379.668024 0.859273 2.336685 0.318391
132 -1.796511 0.410595 -26.077789 0.519616 191.441995 0.188604 -36.397575 0.883527
132 -1.438034 0.510291 -9.616026 0.924238 208.777319 0.323794 -66.006998 0.166572
133 -2.189394 0.211764 -46.086216 0.368646 202.199751 0.923957 11.588421 1.669291
133 -1.828316 0.508643 -15.818176 0.895226 240.633949 1.083249 -21.067440 0.947136
133 -1.883622 0.298264 10.706285 1.407243 307.938605 1.032469 -14.190626 1.057748
133 -6.933607 0.356750 -21.311509 0.832165 245.422063 0.381989 18.383499 11.157718
133 -2.051383 0.706250 -16.507301 1.339785 252.203958 0.078462 65.265698 1.393270
133 -1.502939 0.132034 -28.077151 1.078111 157.421558 1.041844 -86.064676 0.296382
133 -2.398729 0.186189 60.369119 0.505384 216.354972 0.508869 22.462006 2.087962
133 -1.500099 0.013902 -58.069239 2.036773 368.575331 0.946586 0.595245 0.290702
133 -1.389512 0.467222 -0.413569 0.220373 159.970632 0.082407 -25.878804 0.069528
133 -2.562071 0.562081 30.194175 1.192428 240.371039 0.268445 20.933744 2.414645
134 -2.185277 0.179254 -84.545014 1.229556 313.028615 0.780766 -15.816804 1.661057
134 -2.168032 0.527045 -75.503030 1.391685 341.495274 0.160193 -6.187520 1.626567
134 -2.002282 0.273992 8.422135 1.202433 291.090603 1.001457 -11.922716 1.295067
134 -1.405072 0.497467 -0.198390 0.539299 176.316760 0.267793 68.306931 0.100648
134 -1.941183 0.588647 -5.894979 0.909415 230.710255 0.060407 43.157310 1.172869
134 -1.470806 0.152439 -48.703383 1.354055 175.587304 1.045258 83.850466 0.232116
134 -1.949491 0.115306 78.435480 0.731934 255.165680 0.707430 3.281520 1.189486
134 -1.723466 0.185159 -26.664612 2.458077 384.180283 0.656002 -8.396839 0.737436
134 -1.521145 0.425606 -13.022839 1.114569 243.465122 0.102669 -33.329444 0.332794
134 -1.718535 0.638664 -2.984025 2.613322 343.497264 0.345315 7.938038 0.727574
135 -1.657311 0.064031 55.868557 0.817447 262.114978 1.028147 -4.197586 0.605127
135 -3.002078 0.627509 -66.942746 0.505313 257.848960 0.152855 27.016919 3.294659
135 -2.757160 0.278026 -5.308862 1.127942 280.242547 0.999013 20.709483 2.804823
135 -1.399946 0.566734 5.167483 0.543970 187.218936 0.061369 60.287858 0.090396
135 -1.683212 0.565734 -14.741539 1.107287 230.108195 0.168853 68.152017 0.656928
135 -1.766716 0.249243 -38.860742 1.105693 161.813666 1.049361 82.340947 0.823935
135 -2.131048 0.230900 76.171974 0.659487 241.741556 0.428089 21.140151 1.552600
135 -1.774368 0.201739 -28.181606 2.546133 388.204682 0.669971 -15.929789 0.839240
135 -1.784598 0.488079 12.385526 0.927613 225.738513 0.020561 -8.524148 0.859699
135 -1.900047 0.610915 -7.371896 2.722452 357.171882 0.490823 0.748480 1.090597
136 -2.291386 0.027715 -12.595733 0.124110 130.258973 0.817848 5.629407 1.873275
136 -1.461563 0.756400 9.366683 1.371507 257.838621 0.515995 23.074149 0.213630
136 -1.913512 0.191348 -16.141502 0.913210 261.160229 1.001967 5.479146 1.117529
136 -2.609349 0.462725 -16.477418 0.695782 212.236249 0.279316 62.776230 2.509201
136 -2.139004 0.591826 -3.988489 0.837802 230.163967 0.025760 33.112626 1.568512
136 -1.894479 0.110102 -14.786143 0.906042 143.261644 1.087713 71.259798 1.079462
136 -1.478383 0.203583 69.030030 1.083642 276.501843 0.350659 -2.334226 0.247269
136 -1.650513 0.261872 -40.560030 2.550533 392.222156 0.596990 -13.271974 0.591530
136 -2.387661 0.734200 -19.915377 1.202448 227.342340 0.605385 -77.851797 2.065826
136 -1.418934 0.631971 -5.148098 2.831559 359.207530 0.483183 -4.909306 0.128371
137 -2.215383 0.050510 -14.323387 0.091869 132.062332 0.774452 5.407522 1.721270
137 -2.273737 0.022022 12.503824 0.239371 213.358925 1.103811 -16.350996 1.837978
137 -2.395672 0.209271 -25.671906 0.146225 189.103879 1.192662 8.062647 2.081848
137 -3.914064 0.481723 -35.760835 0.263740 191.719071 0.599123 31.740313 5.118632
137 -1.943710 0.486855 -29.905339 1.242895 288.245372 1.106099 -13.105828 1.177923
137 -1.721687 0.601433 6.875528 0.887842 148.837563 1.033244 69.020816 0.733877
137 -1.569692 0.057336 62.841876 1.202982 283.040635 0.366605 -1.959086 0.429888
137 -1.592104 0.211300 -34.952801 2.361101 372.916146 0.543904 -13.598549 0.474713
137 -2.115106 0.100873 -10.185506 1.346741 218.237803 0.781021 -62.265738 1.520715
137 -1.851138 0.604275 -7.870990 2.855855 366.871966 0.447504 -6.950632 0.992780
138 -2.262454 0.059850 -13.132569 0.144577 137.191248 0.763347 5.948535 1.815412
138 -1.937020 0.064448 -29.008017 0.980567 274.347170 1.149943 -25.054744 1.164544
138 -2.241443 0.266868 -25.132682 0.314030 195.977674 1.167445 12.392470 1.773391
138 -2.544733 0.359980 -41.784699 0.474187 214.696562 0.596685 4.965465 2.379969
138 -1.683442 0.414621 3.583671 0.880370 246.149168 1.151551 4.746629 0.657387
138 -1.744564 0.661472 6.422971 0.696345 138.973471 1.040959 63.528487 0.779632
138 -1.527317 0.033714 64.232632 1.489409 304.285172 0.275880 -11.087533 0.345137
138 -1.752258 0.178921 -29.845169 2.913280 406.387451 0.425235 -17.675037 0.795021
138 -2.139138 0.114453 -12.075961 1.497167 227.875479 0.797896 -63.996569 1.568780
138 -1.554410 0.796024 -1.072922 2.940079 353.473881 0.543587 8.441028 0.399324
139 -2.299163 0.044599 -16.912246 0.167947 137.896211 0.786734 2.847326 1.888830
139 -1.929286 0.005113 -25.180405 0.997524 284.576127 1.182763 2.264261 1.149075
139 -1.974329 0.267092 -29.810597 0.386235 205.815121 1.169944 5.474210 1.239162
139 -3.307533 0.435022 -35.534957 0.572938 232.696973 0.498143 10.629907 3.905570
139 -1.504611 0.737146 33.375474 0.366236 170.174353 0.804018 46.401553 0.299726
139 -1.514819 0.756679 3.012897 0.393734 184.254459 0.192117 56.682454 0.320142
139 -1.709996 0.028371 64.148183 1.432224 303.865175 0.315557 -12.240471 0.710496
139 -1.938312 0.152685 -22.315325 3.053406 414.603491 0.433692 -22.721954 1.167127
139 -2.167249 0.133220 -13.350967 1.488056 229.861338 0.782603 -63.373187 1.625001
139 -1.437390 0.140909 -4.275917 2.810577 404.458079 0.631369 -6.470087 0.165283
140 -1.540309 0.796529 18.946182 0.141997 155.257188 0.210391 33.465897 0.371122
140 -1.597306 0.023894 -16.695279 1.452153 316.568146 1.042553 5.684870 0.485116
140 -1.944452 0.272019 -37.489128 0.610133 232.996389 0.994286 2.078928 1.179408
140 -2.292465 0.007250 61.666907 0.451967 170.228154 0.522179 57.081042 1.875433
140 -1.547718 0.774655 35.374541 0.311831 161.935388 0.715432 49.553842 0.385941
140 -2.363373 0.561872 -68.110661 1.116767 295.767586 0.453469 -47.321825 2.017250
140 -1.754653 0.005023 50.229189 2.127893 355.901846 0.269663 -21.876314 0.799809
140 -1.574526 0.208089 -25.743373 3.141210 416.571479 0.478564 -20.859883 0.439555
140 -1.891711 0.117536 -11.028107 1.493147 227.339397 0.785780 -68.415022 1.073926
140 -1.524827 0.123116 -5.473778 2.754108 401.436171 0.599439 0.667170 0.340158
141 -1.839254 0.498272 1.340296 4.985033 446.108605 0.233552 66.363410 0.969011
141 -1.582008 0.351871 -24.473208 1.252194 278.609067 0.905335 -17.817192 0.454519
141 -2.396197 0.233763 -41.088782 0.556470 239.002153 0.937463 -22.724844 2.082897
141 -1.742316 0.121133 68.134423 0.293613 166.655961 0.462874 73.742484 0.775136
141 -1.500089 0.723589 37.714348 0.122919 143.716780 0.710638 68.096408 0.290682
141 -2.887384 0.605257 -51.710983 1.208632 301.464796 0.473775 -35.164105 3.065272
141 -2.940552 0.221292 -12.433600 0.837321 180.395785 0.868453 57.329531 3.171608
141 -1.697794 0.228441 -24.962723 3.440261 433.636530 0.440629 -17.978877 0.686093
141 -1.617201 0.180620 -2.321992 1.635313 227.587607 0.806787 -77.626100 0.524905
141 -1.507693 0.138732 -20.165024 2.453413 384.028340 0.715577 -11.490565 0.305890
142 -1.616105 0.506316 0.576419 4.931075 440.608596 0.244989 67.384579 0.522714
142 -1.946853 0.349584 -29.450323 1.112898 281.990511 1.034240 -5.766075 1.184209
142 -2.277385 0.274695 -36.859896 0.517278 228.554892 0.882417 -25.200820 1.845274
142 -2.029542 0.086123 73.665450 0.234867 164.533675 0.434998 71.944993 1.349588
142 -1.435798 0.729755 26.601725 0.444823 113.596154 1.078908 80.994244 0.162101
142 -3.205373 0.599065 -53.162905 1.119677 298.987609 0.471555 -33.121667 3.701250
142 -2.100021 0.758387 7.580913 1.574447 227.074675 0.739680 71.870997 1.490546
142 -2.058193 0.239277 -29.903837 3.241889 432.895406 0.457534 -7.909909 1.406891
142 -1.642941 0.212081 -6.455821 1.465803 228.356135 0.733398 -89.724518 0.576385
142 -1.518242 0.111493 -17.015900 1.540340 313.429634 0.848718 -2.365088 0.326989
143 -1.581861 0.533168 -1.259359 4.737382 428.586547 0.247769 67.150622 0.454226
143 -2.084736 0.427952 -50.871375 0.884648 268.163267 0.696090 2.068768 1.459976
143 -2.053585 0.043895 2.650494 0.240648 184.164536 1.098894 10.555523 1.397674
143 -1.982028 0.088605 71.195619 0.233254 163.027008 0.420309 70.195121 1.254560
143 -1.538119 0.708995 26.690013 0.552681 118.593421 1.116798 79.012933 0.366741
143 -1.486231 0.400824 7.417006 4.739051 417.221191 0.445535 86.997787 0.262965
143 -2.072594 0.216383 -2.583825 1.838277 296.108316 0.294001 66.981750 1.435692
143 -2.011865 0.217628 -26.632082 3.256252 431.895078 0.518460 -11.209267 1.314233
143 -1.468325 0.451860 -21.190174 0.204532 142.457814 0.662204 -80.747447 0.227154
143 -2.202479 0.784170 -10.534169 0.363078 201.391245 0.024550 20.703541 1.695463
144 -1.542021 0.552275 -3.764341 4.865262 433.714951 0.200036 73.178641 0.374545
144 -2.070752 0.397664 -56.236493 0.962279 280.015963 0.775566 -16.473827 1.432008
144 -1.783595 0.736682 -2.133197 3.354596 361.042941 0.014394 74.399888 0.857693
144 -1.968860 0.090549 72.191417 0.229497 163.124751 0.380953 71.239786 1.228223
144 -2.245613 0.678033 24.927011 0.461937 120.187016 1.137559 76.048028 1.781729
144 -1.680743 0.411646 4.322222 4.619579 409.872095 0.460377 87.050721 0.651989
144 -1.706150 0.145135 5.941581 1.434014 271.335014 0.267173 59.041018 0.702803
144 -1.921479 0.232127 -27.208577 3.321994 434.436828 0.461907 -8.724049 1.133461
144 -1.466866 0.397447 -19.179966 1.225404 199.216075 0.787717 -86.829263 0.224236
144 -1.592233 0.630112 2.142290 1.026283 236.019977 0.161543 2.550321 0.474969
145 -1.657305 0.550045 -2.943740 4.894197 436.026786 0.201073 72.106277 0.605114
145 -1.846064 0.023635 81.826571 2.300873 383.980570 0.548112 -8.050272 0.982632
145 -1.460516 0.615701 -4.534640 1.826011 275.643781 0.129994 71.476944 0.211537
145 -2.366633 0.219927 81.822497 0.857721 244.203175 0.461670 44.452241 2.023770
145 -1.643559 0.738749 18.329264 0.754660 129.467587 1.055397 -84.398915 0.577623
145 -1.577985 0.427019 5.372469 4.647415 408.960831 0.465478 86.114693 0.446474
145 -1.852185 0.253303 5.182885 0.706265 211.459847 0.293091 46.677739 0.994874
145 -1.695470 0.241910 -26.591935 3.378679 434.056971 0.494561 -13.279614 0.681444
145 -1.454063 0.631038 12.965027 0.277676 144.909733 0.742843 70.510634 0.198630
145 -1.403362 0.717589 0.181172 0.450051 178.200381 0.207299 -9.870056 0.097228
146 -1.434942 0.517177 1.424419 4.847112 431.981734 0.247828 76.459088 0.160387
146 -1.505728 0.058746 82.980433 2.200983 375.414317 0.569912 3.456073 0.301959
146 -2.083707 0.691274 -12.388412 1.278985 253.525783 0.021900 53.404585 1.457917
146 -2.320282 0.353138 89.556677 0.725660 232.640436 0.370150 60.031663 1.931067
146 -1.454736 0.049719 33.605420 0.155926 107.289692 1.028897 -88.811680 0.199975
146 -1.464193 0.427421 5.453718 4.667561 408.798054 0.466355 86.117166 0.218891
146 -1.501643 0.344164 -4.215481 0.947356 211.066120 0.368174 61.747615 0.293789
146 -1.725625 0.235479 -29.304635 3.390368 437.472742 0.508198 -14.414712 0.741753
146 -1.562042 0.682654 1.841688 0.720257 179.443580 0.663316 61.171956 0.414588
146 -2.429724 0.739157 1.382735 0.375635 208.835319 0.134961 -1.509016 2.149952
147 -1.667361 0.547421 -6.616109 5.075269 430.717679 0.323722 82.547262 0.625227
147 -1.578933 0.169159 83.345762 2.244614 385.112464 0.508003 12.989605 0.448370
147 -2.284715 0.768492 -18.395846 0.420874 160.603821 0.758063 65.820077 1.859933
147 -2.267254 0.372202 80.751045 0.689201 222.271872 0.339355 65.514042 1.825012
147 -1.490769 0.007636 17.961729 0.467655 119.039303 1.063650 -85.458551 0.272043
147 -1.494818 0.404811 6.340105 5.421767 450.547712 0.396945 89.038049 0.280139
147 -1.937497 0.266904 19.157535 1.224362 248.474567 0.451419 62.233392 1.165498
147 -1.514959 0.232976 -28.770373 3.443824 436.775749 0.530034 -19.699087 0.320422
147 -1.976055 0.614105 -15.825522 0.785866 191.114535 0.584697 73.438427 1.242614
147 -1.902670 0.782055 19.875752 0.269388 168.864321 0.169775 -2.366240 1.095843
148 -1.796653 0.536960 -4.239883 5.078560 443.420520 0.211217 -89.737342 0.883810
148 -1.850611 0.188752 83.978849 1.435776 327.843607 0.618325 -1.438678 0.991726
148 -2.414317 0.720437 -12.328097 0.461377 159.431730 0.850822 77.044559 2.119138
148 -2.960750 0.374661 84.571468 0.535339 225.563956 0.392429 56.079398 3.212003
148 -1.592617 0.768512 3.338360 0.051702 92.067186 1.017953 -75.909297 0.475737
148 -1.498670 0.405156 7.344566 5.384991 449.775218 0.394142 88.139971 0.287845
148 -6.646991 0.490080 -30.487543 0.115393 190.505457 0.324654 35.195060 10.584485
148 -1.784008 0.186727 -29.546631 3.589321 451.653732 0.419904 -10.107290 0.858521
148 -1.751534 0.662327 11.399526 0.201934 149.156462 0.689570 42.268694 0.793572
148 -1.771643 0.755046 1.746150 0.767647 220.343220 0.173224 -19.375444 0.833789
149 -1.557746 0.570326 1.680231 4.222883 401.308462 0.215398 84.623396 0.405995
149 -1.892533 0.183607 85.794774 1.139326 301.899980 0.695973 -7.187601 1.075570
149 -1.915768 0.725901 1.649559 0.172672 142.291545 0.816179 -82.088588 1.122040
149 -2.028761 0.689911 89.695928 0.018550 157.184672 0.060610 -15.737725 1.348025
149 -1.718219 0.778828 14.411872 0.700638 131.001287 0.971720 -76.941906 0.726943
149 -1.510763 0.405941 8.350568 5.373992 448.293940 0.404015 88.277049 0.312029
149 -1.706482 0.700854 -3.911869 2.054202 224.292816 0.851094 86.991860 0.703467
149 -1.588923 0.152025 -34.361949 3.206027 424.203686 0.338610 -16.842053 0.468349
149 -2.246409 0.644589 -5.662950 0.072649 133.216408 0.743903 47.138478 1.783323
149 -1.559769 0.791110 7.630649 1.414605 249.491653 0.075119 12.770475 0.410042
150 -1.564322 0.600207 7.415890 4.535790 412.967047 0.190269 -85.098759 0.419148
150 -2.657577 0.225238 80.038031 0.334783 235.937629 0.764112 -9.525727 2.605657
150 -1.462730 0.716497 -10.811011 0.444185 174.719914 0.508207 -36.770187 0.215964
150 -1.911776 0.634320 -79.448182 0.095343 162.573714 0.149737 15.852895 1.114056
150 -1.625849 0.766412 -13.726744 0.677648 153.721005 0.713344 -81.900805 0.542202
150 -1.529173 0.486684 -18.278035 3.791450 400.329558 0.062557 -71.985027 0.348849
150 -1.675825 0.604231 -9.325053 0.897928 186.949192 0.705809 -80.998664 0.642153
150 -1.731328 0.162339 -39.102622 3.313413 435.417623 0.351719 -16.561860 0.753159
150 -1.540141 0.614058 -0.129026 0.855034 184.424553 0.665533 75.523792 0.370786
150 -2.054143 0.798986 21.379733 1.671913 264.018031 0.119858 9.856497 1.398789
151 -1.453185 0.606896 -1.931046 4.300564 400.017187 0.217893 -86.330759 0.196873
151 -1.596673 0.002183 -53.309292 1.127720 287.062155 0.929854 -14.368965 0.483850
151 -1.530694 0.743583 -4.427514 0.778151 196.850811 0.409714 -46.463156 0.351892
151 -1.920841 0.646256 -77.275710 0.140537 175.620604 0.025197 13.395335 1.132185
151 -2.028696 0.592151 -43.914052 0.704810 178.305438 0.916009 -73.830672 1.347895
151 -1.444738 0.482683 -3.672512 2.468860 326.540025 0.024556 73.428802 0.179981
151 -1.716438 0.738982 -11.352640 1.275536 199.963116 0.732816 65.727537 0.723379
151 -1.508745 0.154208 -41.123578 3.536032 449.490341 0.395203 -19.193200 0.307995
151 -1.694647 0.338628 13.290584 1.494725 243.712448 0.491945 -79.396359 0.679797
151 -2.540748 0.061994 34.632123 1.502272 293.665482 0.167003 18.152277 2.372000
152 -1.661161 0.565695 -4.110034 4.390285 412.020173 0.189374 81.352425 0.612825
152 -1.686864 0.348226 -66.548143 0.878270 276.804262 1.078382 1.792752 0.664231
152 -1.722628 0.701530 -5.201103 1.438443 238.986182 0.582787 -43.718001 0.735759
152 -1.892428 0.629609 -82.038363 0.098143 162.310591 0.084504 -13.238484 1.075360
152 -2.179614 0.457378 -21.977675 1.097896 210.282072 0.681630 85.668617 1.649732
152 -1.555021 0.636060 -1.870510 2.547888 316.358820 0.106823 -71.674370 0.400546
152 -1.518134 0.746945 -2.228112 1.341007 210.539072 0.679968 59.651077 0.326771
152 -1.756113 0.089068 -27.275670 3.290580 432.864390 0.397417 -25.331241 0.802729
152 -1.855693 0.401197 16.438878 1.598428 245.082759 0.497797 -71.204503 1.001889
152 -2.096166 0.004622 30.019240 1.337322 285.539949 0.183899 11.688441 1.482835
153 -1.498144 0.633587 -9.207789 4.429269 406.880391 0.198982 -82.385874 0.286792
153 -2.360786 0.490067 -82.532181 0.650454 279.975129 0.737809 -9.990398 2.012075
153 -1.792002 0.712394 -2.707383 1.470387 238.433455 0.580757 -46.058247 0.874508
153 -1.987088 0.619924 -75.459580 0.193989 166.638012 0.121962 11.094008 1.264679
153 -2.139951 0.398475 10.164162 0.988306 230.738200 0.282381 -15.873986 1.570405
153 -1.685511 0.517834 -6.834744 1.997182 297.085742 0.086110 86.002547 0.661525
153 -2.292070 0.739691 1.042359 1.190023 224.064601 0.586181 66.278754 1.874644
153 -2.448706 0.189494 -36.589726 3.906731 459.406955 0.367005 -36.234005 2.187916
153 -1.853773 0.354367 15.582744 1.560879 246.221637 0.502872 -72.261654 0.998050
153 -1.949416 0.033237 33.188491 1.205439 273.373261 0.188393 6.347160 1.189337
154 -1.429518 0.631508 -2.927569 4.547227 409.546975 0.197552 86.805980 0.149539
154 -1.675964 0.534040 81.823461 0.789816 290.472369 0.635935 -11.411969 0.642432
154 -1.767939 0.779238 -30.374349 1.791812 284.603984 0.578266 -43.472952 0.826381
154 -1.941730 0.757670 -87.991233 0.091917 157.003681 0.228401 25.807142 1.173963
154 -2.761871 0.357401 24.750820 0.616135 239.725595 0.263282 -0.488342 2.814246
154 -1.665772 0.605660 11.555859 1.996767 291.431121 0.016933 64.913450 0.622047
154 -3.311997 0.708202 -19.057301 0.721016 181.365978 0.792132 49.711201 3.914497
154 -1.577340 0.196589 -38.036539 3.864113 457.490755 0.370649 -32.043832 0.445183
154 -1.540203 0.344781 11.978480 1.949204 274.833918 0.481959 89.893451 0.370909
154 -2.031134 0.012927 28.321953 1.204770 275.358399 0.174944 -0.212586 1.352772
155 -1.460353 0.664394 -1.534350 4.895946 421.793035 0.194467 86.848724 0.211210
155 -1.531800 0.526431 81.880386 0.866578 294.600183 0.619101 -5.388616 0.354105
155 -3.841042 0.765639 -3.143180 1.057901 225.106847 0.767686 -42.246985 4.972588
155 -2.127263 0.703803 89.233838 0.190315 162.452511 0.227779 30.606104 1.545031
155 -2.752307 0.364546 21.946563 0.861798 254.791868 0.274507 -0.628078 2.795117
155 -2.396777 0.778156 -16.133780 0.090284 171.661082 0.194859 45.044653 2.084057
155 -1.411399 0.393193 4.894627 0.217382 158.201955 0.173033 54.439492 0.113302
155 -1.772325 0.183710 -46.670715 3.975248 482.217457 0.332754 -14.297892 0.835155
155 -1.602203 0.422951 19.164051 0.771231 208.624200 0.477513 57.178723 0.494909
155 -1.493244 0.059919 35.698425 1.769084 323.650857 0.240153 -2.191374 0.276991
156 -1.817064 0.711433 -3.051804 5.010485 424.718400 0.181711 -88.535050 0.924632
156 -1.479096 0.586153 76.707613 0.648601 267.752600 0.746816 3.794385 0.248696
156 -2.304841 0.661427 -73.097295 0.747305 293.198397 0.468059 27.994758 1.900186
156 -2.211046 0.618474 -69.401855 0.389084 197.961811 0.121576 73.464811 1.712595
156 -2.799498 0.379902 14.911799 0.789249 247.654478 0.288922 6.037879 2.889500
156 -2.503175 0.722522 -14.816529 0.452279 201.671750 0.173721 45.235421 2.296854
156 -1.617326 0.419768 4.984202 0.111817 155.127217 0.135330 65.624596 0.525155
156 -1.738434 0.213063 -46.545574 4.050416 487.395602 0.369326 -16.286461 0.767371
156 -2.081894 0.590496 -7.703386 0.290211 167.740191 0.567224 82.736150 1.454292
156 -2.098766 0.156695 36.170759 1.694055 325.889121 0.254164 -7.893959 1.488036
157 -1.749363 0.747704 8.030281 4.687873 403.648885 0.213008 -84.178110 0.789231
157 -1.609931 0.607405 74.311186 0.573687 260.659468 0.708615 14.158200 0.510366
157 -2.108294 0.532017 -84.435761 0.941210 297.267358 0.518789 31.479989 1.507091
157 -1.934493 0.619857 86.442469 0.238806 181.651822 0.323480 28.310989 1.159490
157 -1.844716 0.369133 16.764625 0.830748 220.350480 0.302551 12.491128 0.979935
157 -1.530532 0.706495 -3.990413 1.075397 225.860415 0.256626 44.688248 0.351567
157 -3.448318 0.174287 20.821904 1.302393 292.701798 0.008843 -57.584080 4.187140
157 -2.086540 0.175206 -23.924187 2.897683 407.117212 0.508936 -21.380635 1.463585
157 -2.448922 0.759607 -77.726731 0.916955 332.550374 0.096017 -10.945946 2.188348
157 -1.536655 0.619103 13.617663 1.049302 226.032520 0.207564 56.236765 0.363814
158 -1.717753 0.695599 -5.593713 4.643083 414.219522 0.138024 82.796355 0.726009
158 -2.258005 0.033850 75.049280 0.803932 244.640396 0.630829 23.301009 1.806513
158 -3.650597 0.658976 -18.504758 1.979929 277.862317 0.505629 44.774786 4.591699
158 -2.551087 0.477463 -63.465766 0.052588 174.992291 0.520100 10.087615 2.392677
158 -1.699473 0.088662 35.993407 0.558047 220.762394 0.523325 -8.906933 0.689449
158 -1.579046 0.502154 -12.165688 1.235751 248.378000 0.107751 10.438384 0.448596
158 -3.459876 0.174667 18.423207 1.224895 286.298780 0.012912 -57.598522 4.210256
158 -1.908570 0.160539 -15.953545 2.915711 407.610355 0.526487 -23.024330 1.107644
158 -2.517260 0.788810 -71.228637 0.965640 345.000697 0.179737 -12.926458 2.325024
158 -1.984893 0.568470 0.939871 0.993387 234.267050 0.205350 53.164638 1.260290
159 -1.707373 0.725991 -7.716787 4.551333 410.323262 0.094190 77.789762 0.705249
159 -2.251653 0.030401 70.828336 0.492083 225.963713 0.626906 2.822477 1.793809
159 -3.102535 0.497290 -9.745643 1.203557 264.634855 0.551538 -1.910103 3.495575
159 -1.964154 0.543974 -85.212495 0.097287 150.671301 0.371749 9.653464 1.218812
159 -2.199652 0.143007 56.915497 0.421303 217.925641 0.508313 -1.003976 1.689808
159 -2.191765 0.591977 -2.651434 0.353222 197.370220 0.224972 -3.137239 1.674035
159 -3.371322 0.142668 3.844794 1.767426 296.048501 0.325875 -27.467160 4.033149
159 -1.886119 0.341082 -8.711576 2.608601 381.782023 0.747142 -7.754694 1.062741
159 -2.564366 0.787482 -62.314791 1.047714 352.199343 0.195311 5.084178 2.419235
159 -1.762825 0.614707 -5.935694 0.615078 201.667018 0.251204 35.756275 0.816154
160 -1.634213 0.549712 -11.026633 4.302429 406.033488 0.244657 -87.260230 0.558930
160 -2.187189 0.793120 72.363507 0.261536 200.065891 0.602570 36.434722 1.664881
160 -1.379660 0.508823 -5.913935 1.426415 272.753013 0.515653 -8.272116 0.049824
160 -2.468258 0.639642 -60.214343 0.178853 180.924950 0.752310 -10.882126 2.227020
160 -1.712331 0.505942 -6.301643 0.186782 160.544597 0.343500 -27.683604 0.715166
160 -3.232899 0.726413 -15.955953 1.073675 260.187224 0.207427 -4.611117 3.756302
160 -1.987959 0.449259 8.582606 0.341813 149.878671 0.576435 -52.425342 1.266421
160 -2.032975 0.374247 -10.580468 2.640307 382.169925 0.739968 -2.846797 1.356454
160 -2.762513 0.788032 -61.469377 0.948406 340.444197 0.174671 10.131840 2.815530
160 -2.209308 0.564653 -9.749777 1.382431 238.259918 0.494171 72.417662 1.709120
161 -1.517784 0.566973 -2.159307 4.625757 418.549462 0.223932 -86.394025 0.326072
161 -1.837900 0.139409 73.347866 1.322805 300.981916 0.607453 20.886053 0.966304
161 -2.098412 0.485613 -7.884033 1.607463 283.792902 0.447327 -28.002868 1.487328
161 -2.415957 0.642546 -56.491360 0.260425 180.252420 0.706360 -12.860873 2.122418
161 -1.582988 0.539974 -16.508422 0.687387 214.331006 0.408401 -22.769004 0.456479
161 -2.037492 0.688803 -5.956592 1.551524 266.822037 0.393665 28.360938 1.365489
161 -1.912559 0.411885 10.623291 0.119095 119.879231 0.626355 -56.879150 1.115622
161 -1.713147 0.419945 -4.934122 2.805719 384.759681 0.735990 -2.336213 0.716797
161 -2.068697 0.717597 -85.059328 0.432561 270.383345 0.480721 -14.794912 1.427897
161 -2.197252 0.571704 -6.587579 0.581418 182.598351 0.626085 74.823357 1.685007
162 -1.451850 0.579352 -7.566393 4.582553 418.779247 0.183235 -87.523637 0.194204
162 -2.219290 0.230741 67.762004 0.624095 243.904692 0.349648 8.853082 1.729083
162 -1.700608 0.535755 -1.099688 2.022914 306.760264 0.304477 -21.016192 0.691720
162 -2.230271 0.586351 -56.890118 0.636084 250.162303 0.782841 -24.226307 1.751045
162 -2.395703 0.464021 -59.731342 0.707861 239.586810 0.267373 -39.907677 2.081910
162 -4.282815 0.725665 -18.892174 1.270670 254.871173 0.539413 17.782647 5.856134
162 -1.632840 0.508960 -38.887855 0.562474 163.219410 0.825814 -81.254134 0.556183
162 -2.347771 0.406133 -14.973479 2.349139 367.064050 0.768628 -0.008709 1.986046
162 -2.133555 0.763144 82.120587 0.709257 326.112490 0.509237 -16.387476 1.557614
162 -1.772780 0.608826 7.731735 0.185419 153.288407 0.633092 59.114417 0.836065
163 -1.614130 0.578021 -7.463518 4.629216 422.754434 0.175410 -87.295284 0.518764
163 -1.529140 0.185329 75.421619 0.920229 258.183317 0.282789 0.571690 0.348783
163 -1.459338 0.544506 -14.226453 2.007708 302.842121 0.261553 -25.944372 0.209180
163 -2.335306 0.628761 63.737825 1.162030 341.556348 0.279298 -32.662166 1.961116
163 -2.103649 0.635239 -70.381076 0.276133 185.093550 0.234716 -1.256693 1.497801
163 -1.561281 0.736502 -6.080845 1.946795 289.660261 0.380962 15.995565 0.413065
163 -2.288137 0.521873 58.395409 0.436770 247.072451 0.373125 -1.834173 1.866779
163 -1.942811 0.401358 -15.524670 2.332664 360.849165 0.769581 -5.017966 1.176125
163 -1.993045 0.780826 -87.692346 0.866991 343.624444 0.481669 14.893115 1.276594
163 -2.412345 0.705175 -10.977618 0.081758 154.489064 0.626138 68.250798 2.115195
164 -1.727063 0.594093 -16.718984 4.560604 423.482851 0.126355 -85.606315 0.744630
164 -2.534833 0.219945 70.902263 0.374529 237.842690 1.172507 -26.712987 2.360171
164 -1.859488 0.563521 -19.160668 2.185970 319.147366 0.210458 -21.127558 1.009481
164 -1.749555 0.631028 83.168729 1.066631 325.874071 0.270570 -27.657855 0.789613
164 -1.845395 0.606227 -4.716859 0.666503 215.552746 0.290311 -26.279979 0.981294
164 -2.447426 0.763474 -32.059273 1.421185 254.040843 0.009285 33.810430 2.185355
164 -1.676199 0.561993 61.829382 0.468177 238.031654 0.448542 8.948505 0.642901
164 -2.485326 0.016992 49.253733 0.315188 209.139214 1.155081 18.903502 2.261155
164 -1.874746 0.579511 -85.043109 1.083732 318.280233 0.257438 18.267449 1.039995
164 -1.761760 0.782517 9.948633 0.073532 156.866884 0.589308 48.550552 0.814024
165 -1.765034 0.565740 -7.970590 4.539983 419.597050 0.215648 -77.756167 0.820572
165 -1.700806 0.230840 55.781077 0.295404 207.636700 1.059853 -7.918317 0.692115
165 -1.818848 0.386657 -13.986442 4.217896 444.260673 0.141159 -19.713950 0.928200
165 -2.245526 0.731496 85.672466 0.471576 283.515253 0.304932 -17.142828 1.781557
165 -1.516310 0.484898 -22.151893 0.430123 183.184545 0.378045 -30.712991 0.323125
165 -1.823590 0.129869 5.885768 0.244646 162.647841 0.323866 61.167635 0.937684
165 -1.450608 0.273437 76.872068 1.470163 337.826155 0.823472 -5.498617 0.191719
165 -2.061636 0.522113 -17.541814 0.524992 191.589984 0.243262 6.910963 1.413776
165 -1.709889 0.603875 84.752792 0.813427 286.935003 0.220551 20.195007 0.710281
165 -2.806516 0.621367 -10.713924 0.006930 128.266439 0.856166 52.093947 2.903535
166 -1.774774 0.576276 -16.922272 4.863245 443.404991 0.094740 -71.590783 0.840052
166 -2.090505 0.411703 -71.773218 0.407171 194.669382 0.144937 -0.473916 1.471514
166 -1.758303 0.340094 -7.524393 4.328345 453.334864 0.164427 -24.125832 0.807110
166 -3.792416 0.635497 61.828855 1.199799 355.792263 0.463667 -51.849955 4.875337
166 -1.783759 0.636120 -2.905683 0.206993 176.267049 0.054197 -40.126956 0.858021
166 -1.443599 0.187845 8.660884 0.073919 138.545963 0.345255 77.973449 0.177701
166 -1.498096 0.326038 84.940822 1.241066 318.817369 0.833567 -14.929068 0.286697
166 -2.434271 0.313440 80.970806 0.756298 257.734212 1.051574 31.537572 2.159045
166 -1.555543 0.622461 70.819734 0.900835 294.965942 0.229307 18.225084 0.401590
166 -1.567525 0.724411 -9.444796 0.033194 129.860558 0.497998 69.588474 0.425554
167 -1.443554 0.483768 -10.566355 4.710928 440.828783 0.160688 -66.355002 0.177611
167 -3.856507 0.314283 -64.920822 0.285262 186.423940 0.053153 -19.641015 5.003518
167 -1.634572 0.208568 14.057248 0.659274 196.303528 0.190719 -72.307864 0.559647
167 -3.948981 0.629468 40.630117 1.042928 331.491115 0.445115 -53.842766 5.188466
167 -1.567435 0.507541 3.824800 0.714184 202.769249 0.152073 -71.559488 0.425373
167 -1.532221 0.198269 4.475347 0.027686 138.279956 0.373217 74.905011 0.354946
167 -2.114053 0.230242 -2.770764 0.619104 235.917107 0.807531 -7.465929 1.518609
167 -1.883971 0.243611 -74.377311 1.204776 309.262605 1.108064 15.868424 1.058447
167 -1.483315 0.635793 80.446270 1.030649 312.490997 0.194582 2.216489 0.257134
167 -1.908908 0.106351 44.597559 0.509351 214.692293 0.727953 11.172312 1.108320
168 -1.661197 0.467921 -9.585826 4.778750 446.636319 0.167113 -66.607338 0.612897
168 -2.732553 0.317887 -65.499216 0.328289 188.821535 0.054416 -17.530086 2.755609
168 -1.430674 0.762786 -2.488604 0.501137 166.428227 0.394302 -85.535012 0.151852
168 -1.993849 0.620903 72.037267 0.291419 209.244773 1.046668 26.443640 1.278201
168 -1.556164 0.482227 -3.747770 0.325049 176.821622 0.102498 -63.440148 0.402832
168 -1.522051 0.280152 8.211688 0.162847 154.758267 0.274930 73.942944 0.334606
168 -2.069928 0.144583 -67.780771 0.811720 259.407353 0.675285 -26.453566 1.430361
168 -2.787759 0.194488 -87.060819 0.942532 276.521118 1.126927 35.481701 2.866022
168 -2.065044 0.580129 62.715144 1.001907 305.195706 0.117690 1.700218 1.420592
168 -1.675375 0.184853 47.287113 0.601711 220.680421 0.658794 11.107452 0.641255
169 -1.495525 0.472473 -12.064408 5.097898 453.729920 0.171909 89.495780 0.281553
169 -2.198811 0.409824 -62.836078 0.409789 193.216743 0.134260 -20.751569 1.688125
169 -2.096369 0.783588 11.683573 1.689297 240.689163 0.527569 -60.491590 1.483243
169 -2.092308 0.648521 78.418458 0.207925 201.712551 1.054250 26.363995 1.475119
169 -2.004451 0.558615 -21.170291 0.583072 205.601440 0.254200 -63.757974 1.299405
169 -1.612344 0.240700 -15.664131 2.077955 320.688512 0.020181 40.180405 0.515192
169 -1.930507 0.079108 -85.656169 0.489251 215.284516 1.098193 15.220410 1.151519
169 -1.623130 0.086175 30.069056 1.043247 269.365803 0.687951 6.252998 0.536763
169 -1.591070 0.654822 77.909936 0.945984 316.232843 0.323176 2.566879 0.472644
169 -1.522052 0.059824 48.825305 1.057232 277.574305 1.009412 3.587073 0.334608
170 -1.945827 0.495512 -12.082203 5.379615 472.382354 0.076707 83.851279 1.182158
170 -2.107906 0.372938 -64.897301 0.410131 188.474237 0.198464 -19.799134 1.506316
170 -1.698897 0.717518 -12.106939 1.669324 245.704091 0.553726 -72.861274 0.688298
170 -2.081306 0.617103 75.593713 0.309819 208.331849 1.091024 29.901056 1.453116
170 -1.589241 0.539778 7.690752 0.846239 205.933511 0.173840 -63.997754 0.468985
170 -1.585630 0.188200 -14.125890 2.132778 328.827979 0.006614 39.173180 0.461764
170 -2.058346 0.115874 -87.362510 0.334028 201.978449 1.046145 15.118196 1.407196
170 -1.585682 0.000369 -12.762893 0.971737 259.179366 0.471533 -16.448822 0.461867
170 -2.161005 0.577605 88.159401 0.552173 283.083876 1.093792 -14.387384 1.612514
170 -1.589106 0.094486 61.417857 1.092660 286.409230 0.934362 3.513986 0.468715
171 -1.663439 0.519220 -13.765975 5.435199 470.698287 0.079544 77.678918 0.617381
171 -2.120547 0.549707 -61.668386 0.267504 178.707336 0.227711 -33.155649 1.531597
171 -1.676141 0.706107 -28.813674 1.288681 217.722516 0.654709 -68.206541 0.642786
171 -2.484821 0.009879 77.835766 0.447821 235.643266 1.152378 9.398002 2.260146
171 -1.988993 0.556059 -21.845816 0.637203 208.064246 0.103833 -61.317371 1.268489
171 -2.706688 0.052578 0.035143 1.934858 318.369513 0.206886 47.298130 2.703880
171 -2.356268 0.012198 88.599521 0.347033 188.848729 1.093528 23.863012 2.003040
171 -2.461000 0.015700 -11.781608 0.704401 250.075746 0.593199 -26.624376 2.212505
171 -3.571806 0.664268 -74.108339 0.408880 270.824038 0.155528 -0.227354 4.434116
171 -2.143581 0.225936 41.371789 0.590130 245.130618 0.918546 -21.614672 1.577666
172 -1.549898 0.547520 -16.628795 5.231220 455.857445 0.109872 81.625288 0.390301
172 -2.326620 0.640912 -71.845130 0.285235 168.294817 0.345162 -29.648278 1.943744
172 -1.578414 0.600636 -15.118376 0.655884 180.756037 0.602472 -75.010429 0.447332
172 -1.891504 0.084631 58.238981 1.011547 273.985068 0.863928 15.388699 1.073511
172 -1.708171 0.415323 -1.037863 0.304531 178.410998 0.062622 -14.123874 0.706845
172 -1.431045 0.077972 7.373660 2.398374 354.741257 0.041951 53.114661 0.152594
172 -1.710790 0.377920 -50.735514 1.065654 193.688528 0.864571 87.804904 0.712085
172 -2.255288 0.330218 -44.510437 0.225708 129.960935 1.015392 -87.800633 1.801079
172 -1.705649 0.635780 -83.256529 0.768487 305.400348 1.081655 2.796677 0.701801
172 -1.552967 0.485398 -3.313345 2.956958 356.486435 0.111522 -55.588911 0.396438
173 -1.935113 0.555966 -16.569532 5.250395 456.259100 0.126081 81.217154 1.160729
173 -1.534478 0.438746 28.299610 1.184160 267.931447 0.734339 18.318848 0.359460
173 -1.649564 0.727511 -4.653997 1.103441 223.981865 0.292038 -81.653784 0.589631
173 -2.221804 0.039196 -1.128062 0.622040 187.568847 0.630566 64.719242 1.734112
173 -1.547645 0.371018 -2.564351 0.311708 173.095770 0.130474 -29.598976 0.385793
173 -1.420663 0.047077 11.005934 2.379149 355.735128 0.030817 59.232204 0.131829
173 -1.891223 0.391564 -51.672090 0.743520 172.609805 0.882258 86.256095 1.072949
173 -1.911051 0.355442 -53.021809 0.197343 115.832462 1.075929 -86.952783 1.112605
173 -2.096671 0.521566 -67.723274 1.393432 365.517473 1.050328 15.366516 1.483847
173 -1.835248 0.528886 7.900222 4.397684 430.298733 0.044274 -28.277792 0.961000
174 -1.920065 0.558702 -17.030850 5.038375 439.490909 0.209001 69.337344 1.130633
174 -2.431343 0.552238 61.918238 0.378446 247.970320 0.601375 -29.995086 2.153189
174 -1.911967 0.679825 11.105079 1.513212 256.754925 0.186886 -35.707181 1.114437
174 -1.487728 0.076045 -79.519141 0.935264 173.063489 0.939584 -86.078109 0.265959
174 -1.428547 0.378110 1.638990 0.631072 201.214570 0.006492 -35.587754 0.147597
174 -1.568812 0.062731 12.792386 1.876790 317.504770 0.004298 50.423330 0.428127
174 -1.923890 0.389828 -54.261262 0.759430 174.202708 0.856773 81.970181 1.138284
174 -2.618629 0.414143 -52.769423 0.559412 147.225786 1.031601 82.683886 2.527762
174 -2.054451 0.514236 -69.965480 1.536951 378.414998 0.972988 18.861895 1.399406
174 -1.625295 0.556793 2.290907 4.221371 418.643975 0.028039 -34.028078 0.541093
175 -1.581429 0.434126 0.088326 0.895587 211.156725 0.380658 70.903123 0.453362
175 -2.585911 0.548713 54.978590 0.304624 245.303298 0.685962 -16.638946 2.462325
175 -2.007090 0.683779 10.649715 1.341801 246.439974 0.227337 -35.718409 1.304684
175 -1.589438 0.100439 -76.858916 0.826555 168.768733 0.930716 -82.116891 0.469379
175 -1.388390 0.424170 -9.303388 0.109514 146.392374 0.241825 -67.764641 0.067283
175 -1.476043 0.075522 11.575895 1.886960 318.411356 0.025041 42.554125 0.242590
175 -1.539080 0.608358 -2.755663 0.107194 158.618377 0.025625 -77.461368 0.368665
175 -1.916050 0.233876 -50.039899 0.672611 145.331469 1.049420 -82.838430 1.122604
175 -2.521048 0.548689 -64.892682 1.505086 381.170519 0.891821 23.618577 2.332599
175 -1.443850 0.535076 -1.260294 4.210854 418.189783 0.008707 -50.223167 0.178204
176 -1.446937 0.498132 9.833104 0.593820 177.662947 0.326410 72.525168 0.184379
176 -2.830606 0.700682 -73.133078 1.326880 380.082029 0.386779 26.996618 2.951715
176 -1.829588 0.684340 7.912407 1.679623 265.149088 0.188839 -52.462981 0.949680
176 -1.486258 0.065018 -74.464628 0.823958 161.214610 0.946727 -87.001767 0.263020
176 -1.509231 0.285883 -2.592257 0.613577 199.282800 0.155162 -65.199241 0.308965
176 -1.532861 0.110684 12.076395 1.741820 307.131640 0.069075 40.256044 0.356226
176 -1.530406 0.690645 -10.520709 0.501108 188.881000 0.018500 -74.167005 0.351316
176 -1.793931 0.208787 -28.200109 1.067164 156.504141 1.069621 -79.055960 0.878365
176 -2.295848 0.463478 -65.512111 1.152654 324.581739 0.977290 -6.303455 1.882200
176 -1.620947 0.611454 3.373538 3.750488 389.040016 0.025003 -63.465069 0.532399
177 -1.762077 0.542964 24.988773 0.654664 193.155201 0.293592 41.780366 0.814657
177 -2.037652 0.736626 -76.711332 1.305643 383.248996 0.395674 7.435895 1.365807
177 -1.754728 0.685367 3.783979 0.013477 152.300746 0.210607 -62.834554 0.799959
177 -1.510649 0.080593 -73.791638 0.681342 155.579636 0.917931 -83.099140 0.311802
177 -1.364604 0.403466 -1.185726 0.403093 174.533814 0.094786 -85.929587 0.019711
177 -1.461723 0.125578 6.932054 1.592926 291.139823 0.010388 9.625294 0.213949
177 -1.699485 0.710288 -18.325986 0.029515 151.666997 0.117606 -72.583426 0.689474
177 -2.414727 0.661862 3.376968 0.082527 146.591589 0.559196 -27.051769 2.119957
177 -2.359590 0.459063 -54.684271 1.111272 316.695176 1.048916 4.185082 2.009684
177 -1.566970 0.606295 3.085037 3.733115 385.837837 0.101017 -53.020721 0.424444
178 -2.866801 0.674503 -18.978516 0.209286 172.421168 0.353775 27.059879 3.024105
178 -1.935060 0.696448 -81.346563 1.386583 385.255485 0.440427 6.480071 1.160624
178 -1.389875 0.634686 -1.424526 0.063485 143.843773 0.240042 -81.215824 0.070254
178 -1.492047 0.304766 -36.011003 0.396869 136.566068 0.916603 -80.480431 0.274597
178 -2.405397 0.522301 -72.244185 0.449245 208.595302 0.278201 -87.916281 2.101298
178 -1.507583 0.126326 11.045732 1.531425 320.468075 1.144564 0.070497 0.305669
178 -1.556305 0.730761 -15.080514 0.448049 180.326820 0.063255 -64.720162 0.403113
178 -1.880812 0.491824 -17.951473 1.434448 248.810394 0.442156 -80.449026 1.052127
178 -4.572558 0.441122 -42.374949 0.552881 245.582917 1.032378 -42.978114 6.435619
178 -1.492583 0.616924 2.540417 3.680174 382.891719 0.035716 -65.118170 0.275670
179 -1.486955 0.592365 1.211050 0.788913 183.677229 0.571903 57.751032 0.264413
179 -2.036667 0.694224 -84.420748 1.428338 392.472222 0.451761 2.170281 1.363837
179 -1.549044 0.728381 -16.116170 0.056107 143.624303 0.137786 -65.205936 0.388591
179 -1.630679 0.261119 -44.672642 0.417406 112.605511 1.099047 -76.158394 0.551862
179 -1.908401 0.023537 54.951599 1.002872 220.433027 0.622487 79.172795 1.107306
179 -1.829570 0.186394 17.628604 1.484458 318.619289 0.951261 -7.306442 0.949643
179 -2.791124 0.716800 59.508620 0.451891 279.454909 0.337463 -17.546211 2.872752
179 -1.597830 0.341414 3.959871 0.607836 162.309679 0.783638 -87.396256 0.486163
179 -3.486683 0.386611 -27.528632 0.721890 247.820671 1.186850 -38.588138 4.263870
179 -1.547778 0.572698 3.267934 3.839595 393.128706 0.068939 -87.559178 0.386061
180 -1.495314 0.566901 7.839044 0.816366 187.089994 0.655168 66.081060 0.281131
180 -1.751541 0.696359 -84.406748 1.613007 408.352234 0.387240 3.689803 0.793586
180 -1.446824 0.706863 -13.335057 0.066408 143.007907 0.196513 -60.323249 0.184152
180 -1.761493 0.193440 54.678360 1.544878 318.703696 0.236891 -12.929152 0.813489
180 -1.675813 0.783640 30.734690 0.905134 186.424767 0.708494 77.158244 0.642130
180 -1.469312 0.202529 9.224881 1.266450 288.268690 0.944702 -4.405053 0.229128
180 -1.635892 0.776547 68.590783 0.632733 296.117216 0.278307 -3.051928 0.562287
180 -1.620080 0.321058 -6.841533 0.636928 165.548723 0.770791 -78.302777 0.530663
180 -2.111597 0.248954 -42.863462 0.599201 235.887280 1.067251 -26.789905 1.513698
180 -1.544556 0.612345 -7.404838 4.384660 413.676364 0.112409 63.383640 0.379616
181 -1.421481 0.601146 11.133280 0.564166 165.338010 0.690605 65.256419 0.133466
181 -1.787548 0.682160 -88.063978 1.410194 386.549187 0.492277 -6.949158 0.865601
181 -1.636465 0.549353 -20.220154 0.189769 163.709822 0.212560 -64.777531 0.563434
181 -2.049750 0.212812 4.856850 2.396339 353.804962 0.234078 -3.640961 1.390004
181 -1.524776 0.674115 31.458492 1.051344 211.042517 0.779880 60.841121 0.340055
181 -2.333268 0.153503 -4.457694 0.539527 238.053691 0.936549 -16.384271 1.957041
181 -2.550386 0.756442 69.551702 0.217701 265.225762 0.436193 -3.222491 2.391275
181 -1.589500 0.111200 8.731139 0.599099 157.361963 0.802313 -78.650477 0.469505
181 -1.745818 0.306809 -38.698312 0.763313 244.438211 1.022647 -20.857254 0.782139
181 -1.641626 0.614031 -14.847326 4.482925 416.799243 0.117571 61.034579 0.573756
182 -1.664691 0.727599 -16.448939 1.959185 210.783019 0.912110 87.604682 0.619886
182 -1.817809 0.695691 -87.522081 1.402663 388.811570 0.475212 -5.502772 0.926121
182 -1.463033 0.470432 -22.772572 0.054552 143.431886 0.414992 -59.925093 0.216570
182 -2.154817 0.191256 3.632488 2.410564 352.853174 0.220471 -9.259553 1.600139
182 -1.515897 0.674871 28.757530 1.189347 216.213620 0.720648 65.206988 0.322298
182 -1.873348 0.114939 -12.671588 1.062638 276.184122 0.782348 -17.020084 1.037200
182 -2.557630 0.752533 68.241264 0.223316 264.487904 0.411205 -3.866987 2.405763
182 -1.928812 0.073481 -17.439511 0.876628 182.385967 0.872064 -89.379551 1.148128
182 -2.978556 0.429864 -35.542151 1.003660 281.604986 1.064622 -21.591581 3.247616
182 -1.943093 0.627596 -14.479346 4.576169 417.831787 0.157939 65.399862 1.176689
183 -1.568786 0.716984 20.513087 0.313508 119.878593 0.919561 -84.323592 0.428075
183 -1.818753 0.707020 -86.820076 1.212200 363.968379 0.404189 -13.263523 0.928011
183 -1.375995 0.475502 3.383410 0.232917 150.547855 0.390488 75.732876 0.042494
183 -2.232420 0.204282 4.533580 2.273369 344.464642 0.236708 -6.282639 1.755344
183 -1.402054 0.646141 36.488083 0.044133 115.716901 0.884407 72.160271 0.094612
183 -1.741774 0.152516 -8.756327 1.092549 277.216574 0.824250 -8.575281 0.774053
183 -1.984379 0.775030 -89.733711 0.250141 210.297798 0.430649 32.784114 1.259262
183 -1.682500 0.736425 3.645873 0.644649 174.682585 0.679574 83.463913 0.655503
183 -1.869457 0.390292 -48.011897 2.850721 395.744121 0.693557 -39.466851 1.029417
183 -1.432069 0.615399 -4.192390 5.202055 439.698487 0.196987 79.587978 0.154642
184 -1.592047 0.707641 31.539130 0.480654 134.891495 0.910212 87.313789 0.474597
184 -1.593815 0.479319 -31.245449 0.452727 169.494277 0.644403 -75.708270 0.478133
184 -1.406058 0.527328 4.204830 0.500338 182.932048 0.186485 70.861577 0.102619
184 -2.524751 0.154102 5.397543 1.657045 317.238913 0.360030 -18.168693 2.340006
184 -2.516328 0.689922 -0.126457 0.398502 197.274949 0.649337 8.981073 2.323161
184 -1.465143 0.572127 70.886978 1.634242 313.916922 0.618453 66.185159 0.220791
184 -2.017635 0.685699 74.203299 0.224664 171.579639 0.511321 49.445597 1.325774
184 -1.588467 0.204701 12.343183 0.913036 251.207158 0.651768 -1.136536 0.467437
184 -2.343559 0.184314 -39.709878 2.823681 407.318195 0.754394 -36.355113 1.977623
184 -1.426263 0.633012 -3.868635 5.173550 438.322185 0.170622 80.743472 0.143029
185 -1.463034 0.719211 25.779020 0.089563 113.098678 0.913625 89.166281 0.216572
185 -1.754125 0.465690 -36.503609 0.566385 179.777779 0.652553 -81.825915 0.798753
185 -1.477588 0.628750 -7.592357 0.451665 178.385991 0.115413 36.571783 0.245680
185 -1.568670 0.107515 -4.335423 2.039398 347.816826 0.501878 -13.863339 0.427844
185 -1.455914 0.699271 10.276270 0.881935 228.028582 0.600799 12.355852 0.202331
185 -2.578079 0.525305 80.202018 1.637052 320.184064 0.576203 85.235217 2.446663
185 -2.080805 0.732668 79.108213 0.188992 172.029355 0.483889 61.798270 1.452114
185 -1.905264 0.067282 -39.549300 0.982701 273.898204 0.741855 -13.714453 1.101033
185 -2.285413 0.559883 -75.789735 0.271870 191.895347 0.296841 56.029793 1.861330
185 -1.500449 0.671776 -10.861746 4.356623 407.905377 0.037641 83.520819 0.291401
186 -1.636519 0.644951 29.624866 0.478828 140.726845 0.861148 -88.370227 0.563542
186 -2.275163 0.491976 -34.667949 1.260818 219.042064 0.700805 82.572528 1.840831
186 -1.823857 0.721824 21.130068 0.102833 155.438289 0.075681 84.192509 0.938217
186 -1.644717 0.091877 1.677499 2.010844 346.437841 0.503284 -16.657129 0.579938
186 -2.213764 0.681627 4.376010 0.538258 215.709764 0.576735 9.030487 1.718031
186 -2.177087 0.540857 82.594756 1.622940 316.946177 0.587110 84.354108 1.644678
186 -2.031458 0.676010 77.616808 0.122587 148.392362 0.618470 42.415328 1.353420
186 -2.172069 0.196491 24.573312 0.107046 117.693303 0.994134 64.363693 1.634643
186 -3.240051 0.678270 -18.317853 0.284572 184.215916 0.382371 26.907632 3.770606
186 -2.779125 0.747288 2.792973 4.100985 389.842833 0.447491 44.946728 2.848755
187 -1.573343 0.673042 25.639964 0.867598 178.532465 0.781117 80.519738 0.437191
187 -2.255319 0.500101 78.168183 0.487456 237.396317 0.155954 48.699701 1.801141
187 -1.389866 0.789940 6.557296 0.233216 169.449556 0.203286 40.324544 0.070236
187 -1.499317 0.014354 16.508160 2.061274 356.780300 0.485532 -11.001818 0.289138
187 -2.512986 0.726270 -3.975600 0.362945 185.329545 0.633959 15.735533 2.316476
187 -1.525301 0.567665 79.928756 1.245431 317.362405 0.107701 80.838462 0.341107
187 -3.308441 0.770067 -71.568874 0.058660 222.977111 0.296990 40.140894 3.907386
187 -1.464644 0.186859 4.571371 0.530627 124.353971 1.036641 76.484591 0.219791
187 -1.752700 0.550641 -4.011999 2.838522 316.657434 0.485389 -75.691291 0.795903
187 -2.571659 0.750715 3.513415 4.092748 388.614879 0.446699 45.481740 2.433822
188 -1.701139 0.672722 -7.428742 0.298049 141.224106 0.821038 77.383812 0.692782
188 -1.699580 0.487880 72.517794 0.724638 257.489139 0.117569 33.763066 0.689663
188 -1.387672 0.794349 2.424591 0.385432 172.295470 0.215060 58.170335 0.065848
188 -1.574415 0.037173 30.469087 1.684287 329.958595 0.587318 -12.854842 0.439334
188 -2.153885 0.177606 -50.376823 1.551580 316.064052 0.612714 -32.275856 1.598273
188 -2.077755 0.315056 52.881102 0.468820 206.571233 1.196263 25.120068 1.446014
188 -2.678068 0.731778 -72.376420 0.175839 208.196490 0.445080 40.706372 2.646639
188 -1.848162 0.173991 2.963350 0.221664 98.404732 1.148077 85.029899 0.986829
188 -1.741184 0.540819 -24.252351 2.840100 319.442756 0.523023 -84.257247 0.772872
188 -1.678551 0.281995 1.866363 3.684059 417.123448 0.120333 42.202168 0.647606
189 -1.726869 0.799047 7.641635 0.645799 137.725144 0.916079 -70.364913 0.744243
189 -1.917198 0.539339 62.602864 0.957140 286.538840 0.131900 36.890089 1.124900
189 -1.436925 0.780280 5.948175 0.772407 202.495451 0.203750 57.818757 0.164353
189 -2.893497 0.125497 57.563764 1.664848 346.828125 0.729808 -38.013744 3.077498
189 -1.953905 0.197713 -45.234196 1.594829 319.557038 0.505273 -19.527788 1.198313
189 -2.339672 0.448929 44.275007 0.258064 182.587668 1.157958 25.791689 1.969848
189 -2.499104 0.778290 -75.175423 0.088506 209.987865 0.405876 32.762714 2.288713
189 -2.046813 0.728372 7.073918 0.389906 120.658006 1.015543 -62.550831 1.384130
189 -2.096667 0.601576 -2.111239 2.886828 325.057756 0.433638 -66.820763 1.483837
189 -1.661917 0.241587 1.051315 3.600669 418.637468 0.070900 28.972610 0.614338
190 -2.729800 0.757871 -22.467350 0.347937 147.527412 0.972252 -89.337831 2.750104
190 -2.134952 0.543831 64.328419 0.946936 291.189912 0.087270 36.020561 1.560408
190 -1.727714 0.760331 7.426343 0.620068 203.743010 0.096443 79.853581 0.745932
190 -4.071094 0.145322 54.380273 1.823386 364.255351 0.766919 -50.254608 5.432692
190 -2.638826 0.028977 -27.438754 1.253895 304.793020 1.135951 -36.155492 2.568156
190 -1.715654 0.555728 11.331957 1.734569 244.035264 0.718809 65.373062 0.721811
190 -1.779714 0.454415 -81.679937 0.525439 247.135592 0.777153 -16.173082 0.849933
190 -1.418418 0.237320 9.163229 1.738111 275.262185 0.402041 70.318891 0.127341
190 -1.526914 0.591309 -14.921861 3.420336 361.923294 0.314989 -71.233832 0.344332
190 -1.427716 0.181397 8.981927 3.337700 405.275253 0.104867 47.726587 0.145936
191 -1.920183 0.731269 7.080828 0.704862 126.189493 1.057299 -66.292255 1.130870
191 -2.228535 0.573487 75.094667 0.629297 268.954250 0.058220 17.754929 1.747573
191 -1.965503 0.760201 -0.715447 2.198671 287.048070 0.328656 72.070174 1.221510
191 -1.890711 0.214238 74.476714 0.605875 240.588153 0.443353 -21.859582 1.071925
191 -2.131755 0.156142 -49.931679 1.127357 287.221675 1.131825 -30.274415 1.554013
191 -2.678830 0.515078 -1.000463 0.966539 197.250808 0.783688 65.172975 2.648164
191 -3.022212 0.336346 -87.241065 0.573770 262.047979 0.944784 -33.405598 3.334928
191 -1.478728 0.150850 9.374286 2.422442 331.941889 0.342563 71.311193 0.247960
191 -1.829835 0.607269 -8.859981 3.317191 356.256041 0.286314 -73.295701 0.950174
191 -1.603775 0.310084 1.250000 3.546915 411.784766 0.084948 10.218404 0.498053
192 -2.136785 0.706432 8.103655 0.355657 110.018652 1.060275 -59.126726 1.564073
192 -1.675954 0.548660 80.482358 0.858415 280.098205 0.002506 17.474991 0.642412
192 -1.478181 0.795823 4.936639 2.002236 266.664937 0.283692 84.109063 0.246866
192 -1.550738 0.238014 78.196625 1.096707 292.385058 0.571528 -9.710072 0.391979
192 -1.609672 0.210596 -49.575382 1.425635 316.425323 0.985112 -1.473915 0.509848
192 -1.458644 0.533974 -15.065789 0.974149 166.211974 0.884042 -89.592329 0.207793
192 -2.022654 0.322388 -61.057457 0.906543 276.827453 0.688626 -0.343001 1.335812
192 -1.459698 0.179119 7.025400 2.708207 344.787884 0.365413 73.037675 0.209900
192 -1.718123 0.401844 -39.949429 2.682242 358.184223 0.396770 -55.343245 0.726749
192 -1.522010 0.315272 1.894838 3.621884 413.418691 0.082794 7.950878 0.334524
193 -2.102739 0.611071 3.326334 0.412972 125.036654 1.027068 -69.754970 1.495982
193 -1.722936 0.608761 -83.142567 0.622374 281.686756 1.198762 5.202594 0.736376
193 -2.500933 0.083982 20.133002 0.840852 217.283310 0.418192 48.029482 2.292370
193 -2.137969 0.162971 87.704009 0.777796 257.550594 0.604408 15.645275 1.566441
193 -1.582625 0.082550 -61.644700 1.741018 348.648382 1.023206 -10.120670 0.455753
193 -2.306836 0.576220 -38.024946 0.129958 128.741189 0.946872 80.276662 1.904175
193 -1.918016 0.374526 -54.225357 1.430076 311.388661 0.433256 -17.624093 1.126536
193 -1.518976 0.173698 13.458889 2.603765 338.428568 0.381404 77.659541 0.328456
193 -1.559749 0.474419 -23.402713 3.061012 365.418242 0.178191 -58.259398 0.410001
193 -1.520207 0.312269 3.455780 3.616470 414.382125 0.078227 9.026348 0.330917
194 -1.514541 0.277513 -30.942951 0.580524 174.352299 0.659676 -84.762774 0.319586
194 -1.844786 0.686835 -83.621185 0.713276 271.220462 0.170347 22.037045 0.980075
194 -2.009277 0.096254 21.279302 0.540291 182.526958 0.535090 58.226056 1.309058
194 -1.739374 0.176357 89.939774 1.112100 282.611718 0.585728 15.345717 0.769253
194 -1.947172 0.160807 -58.098167 2.795076 409.485945 0.210843 -12.122084 1.184848
194 -1.802112 0.632049 -47.663108 0.403731 143.584601 0.996731 -77.212947 0.894728
194 -2.473945 0.161182 -56.909772 1.132221 281.642364 0.319829 -28.116850 2.238394
194 -2.138427 0.219128 -9.622522 1.967160 284.798272 0.521316 73.409212 1.567357
194 -1.588914 0.454984 -20.281140 3.795245 405.315140 0.167136 -62.220800 0.468331
194 -1.741778 0.258317 5.624131 3.894349 434.514834 0.059667 5.292044 0.774059
195 -1.723507 0.354263 -29.672437 0.921919 202.254886 0.537483 78.598924 0.737517
195 -1.841325 0.765198 69.278591 0.661626 294.706702 0.068783 18.898588 0.973154
195 -1.460193 0.610524 -7.768958 0.752079 154.241628 0.855804 -85.620436 0.210890
195 -1.550119 0.243189 67.589109 0.622964 240.210549 0.790662 -0.016622 0.390741
195 -1.865126 0.122225 -50.738044 2.979707 421.416541 0.280648 -3.109632 1.020755
195 -1.726977 0.054621 2.619223 1.642309 253.642282 0.687254 82.883694 0.744457
195 -2.462190 0.192939 -86.957777 0.808078 266.154454 0.527983 -32.588385 2.214884
195 -1.438075 0.218548 5.565215 2.349736 306.661821 0.503918 76.447296 0.166654
195 -1.623939 0.434682 -8.717175 3.338037 377.548307 0.214067 -62.511926 0.538382
195 -1.615349 0.254702 5.905225 3.774682 430.766703 0.109689 6.196359 0.521202
196 -2.019243 0.282340 -35.422810 0.217571 143.419235 0.833663 84.548641 1.328990
196 -2.543410 0.114310 33.426887 1.759015 298.964012 0.062627 -56.138010 2.377324
196 -1.453064 0.632005 -8.221474 1.710587 214.817839 0.787639 80.186029 0.196632
196 -1.728228 0.318689 -89.397123 0.500634 218.972769 0.773259 4.199081 0.746959
196 -1.771097 0.126590 -51.204950 3.000048 421.387352 0.277779 -4.559558 0.832698
196 -2.455393 0.170986 1.224356 1.318472 191.766746 0.977608 67.912850 2.201289
196 -2.880638 0.212071 -85.862480 0.506422 248.735146 0.526273 -13.018106 3.051779
196 -1.688427 0.354592 14.782108 0.578198 161.331001 0.739873 -80.357576 0.667358
196 -1.674573 0.434636 -12.113423 3.229885 372.617792 0.219926 -64.151076 0.639649
196 -2.365175 0.260909 19.689203 4.196436 447.451697 0.083746 -10.727770 2.020854
197 -1.993245 0.362766 -25.542757 0.139728 113.711414 1.044154 83.238111 1.276993
197 -2.486000 0.115247 32.732092 1.747167 298.408365 0.062570 -56.025044 2.262503
197 -1.945493 0.539236 1.027053 2.179095 252.581652 0.756387 -76.657177 1.181491
197 -2.998851 0.250557 -4.921271 1.301915 219.092506 0.799522 52.692882 3.288206
197 -1.991004 0.122536 -45.764705 3.151854 425.506902 0.189229 -7.909929 1.272513
197 -1.500603 0.185307 -16.600804 1.428410 216.388415 0.812756 -87.584483 0.291709
197 -2.290250 0.468045 -14.749031 2.766583 359.662923 0.424811 -36.693515 1.871003
197 -1.471978 0.142412 -12.531454 0.366958 137.606461 0.760485 87.811682 0.234461
197 -2.565417 0.338957 -75.781893 0.308839 210.333824 0.990636 28.984226 2.421337
197 -2.446374 0.262305 19.874503 4.186491 446.949122 0.087315 -11.031896 2.183252
198 -1.871888 0.317879 -22.118700 0.159328 128.569012 0.934063 -85.732680 1.034280
198 -2.500204 0.115492 33.504229 1.909720 313.225540 0.013653 -62.042739 2.290911
198 -2.570334 0.466941 57.809395 1.674570 376.421964 0.504524 -39.315748 2.431172
198 -2.764703 0.242712 -7.073722 1.297564 217.847388 0.791631 55.586791 2.819910
198 -2.681846 0.021560 -51.880817 0.738820 234.445252 0.303240 17.087667 2.654195
198 -1.461314 0.164463 -13.490050 1.263913 208.711188 0.756436 85.387821 0.213133
198 -1.844057 0.432849 3.465899 2.185441 289.494193 0.455168 -70.958738 0.978617
198 -1.609579 0.062527 -16.604771 0.566394 173.229648 0.647737 -76.782971 0.509661
198 -1.694126 0.225478 -88.677210 0.516849 230.761351 0.786306 -1.743323 0.678755
198 -2.084282 0.253053 17.874931 3.768494 424.720188 0.070088 -10.896695 1.459067
199 -1.580188 0.317283 -14.155990 1.182852 133.007485 1.135804 85.632468 0.450879
199 -2.506506 0.106086 33.801003 1.896123 313.546002 0.005637 -58.701338 2.303515
199 -2.830772 0.477685 60.607854 1.852330 397.948887 0.495870 -34.583793 2.952048
199 -1.725354 0.220787 -30.637622 0.900022 194.059935 0.759434 -72.090902 0.741211
199 -2.456720 0.003984 -15.276794 1.408185 279.875874 0.211412 65.659379 2.203943
199 -1.593544 0.182612 -23.711106 1.073730 199.608510 0.731239 73.675517 0.477591
199 -2.181828 0.437795 -12.784574 1.771181 267.265823 0.593463 -61.526246 1.654160
199 -1.460867 0.013082 -25.103440 0.506048 169.351119 0.615444 -82.833528 0.212237
199 -2.026203 0.163638 75.197373 0.424959 231.819148 0.856681 -13.680050 1.342910
199 -2.115396 0.248047 21.761354 3.798068 429.003864 0.059250 19.297062 1.521295
200 -2.015244 0.317655 -15.956349 1.304913 126.946898 1.193996 85.195073 1.320991
200 -2.816891 0.085445 36.680847 1.659878 316.667786 0.001577 -61.473065 2.924285
200 -2.344660 0.487062 58.332822 1.773600 390.158180 0.515450 -29.205503 1.979825
200 -1.384292 0.349367 2.369814 0.154859 140.425819 0.483680 -85.928384 0.059087
200 -1.469692 0.004150 -17.630954 1.559320 284.723945 0.200991 78.922444 0.229889
200 -1.467359 0.160470 -10.360241 0.865855 193.383065 0.648401 80.374916 0.225222
200 -2.446966 0.437140 -10.821442 1.770356 268.365908 0.594865 -59.857269 2.184435
200 -1.729338 0.684032 -7.732000 0.613684 180.367894 0.569979 84.923127 0.749179
200 -1.669079 0.162345 88.514918 1.125986 289.928363 0.698147 9.854964 0.628662
200 -2.219902 0.237042 24.320819 3.806000 429.337526 0.044533 19.429340 1.730307
201 -1.446634 0.335846 -13.621656 1.358057 164.773237 1.046540 83.569906 0.183771
201 -4.001954 0.090357 33.935819 1.631164 313.514199 0.003075 -56.706762 5.294413
201 -1.620242 0.411963 69.895778 2.112924 406.891802 0.477376 -15.906257 0.530988
201 -2.072837 0.540798 -23.971955 0.154629 130.535078 0.885531 75.994318 1.436178
201 -1.462998 0.025175 -25.414886 1.852809 297.692778 0.331474 87.222487 0.216500
201 -1.402427 0.093327 -15.218072 0.294648 141.649907 0.691868 83.638684 0.095357
201 -1.740321 0.410060 -13.522713 2.015299 280.584260 0.540889 -70.137085 0.771146
201 -2.265169 0.506698 -27.549292 1.754902 285.225786 0.027367 53.739759 1.820842
201 -2.198268 0.187237 88.848322 0.919491 271.905725 0.577944 -35.579975 1.687040
201 -2.200987 0.194861 23.385181 3.890448 438.030694 0.043338 16.176600 1.692477
202 -1.469372 0.284902 -8.069135 1.611980 189.860769 1.000305 -89.025926 0.229248
202 -2.777883 0.068126 35.054476 1.568352 309.514856 0.019335 -50.614991 2.846271
202 -2.177562 0.418673 73.621501 2.160161 414.186594 0.456537 -24.675313 1.645628
202 -2.360686 0.486443 -25.213397 0.024666 127.025791 0.920309 80.617518 2.011875
202 -1.729523 0.747063 -24.076385 2.881176 313.976332 0.294991 72.780685 0.749549
202 -1.741599 0.797774 10.865190 0.202167 128.607223 0.983741 62.596154 0.773703
202 -2.639608 0.493298 -68.610554 0.153338 184.414756 0.054098 39.918934 2.569720
202 -2.355432 0.519585 -35.531141 0.977974 222.091845 0.249160 75.365697 2.001367
202 -2.701784 0.144296 -52.417156 0.662484 234.562149 0.288923 1.253845 2.694073
202 -1.673138 0.354232 9.581991 4.211448 439.578113 0.113246 42.396536 0.636781
203 -1.606006 0.206320 -16.226271 0.980358 163.424730 0.981814 78.711725 0.502516
203 -3.993710 0.090227 33.704953 1.562409 308.205710 0.013594 -54.599447 5.277924
203 -1.617289 0.616403 78.076138 0.672016 284.285187 0.626534 -10.853879 0.525081
203 -2.196355 0.434085 -27.387522 0.781763 167.544418 0.852897 66.265810 1.683213
203 -1.950224 0.754703 -23.721792 3.355399 330.059378 0.397711 60.544992 1.190952
203 -2.046365 0.615551 18.242173 0.172186 120.198980 1.044125 81.531023 1.383234
203 -2.322987 0.410335 -65.144632 0.285257 205.162340 1.166131 22.492778 1.936478
203 -1.658750 0.499177 -27.068660 0.385230 176.401679 0.242217 -57.214442 0.608005
203 -2.129024 0.036993 -46.112085 1.154396 266.964514 0.264305 10.872871 1.548552
203 -1.674180 0.180123 57.386824 2.961902 417.647160 0.147306 23.435065 0.638864
204 -1.624470 0.197992 69.674696 0.842845 258.191184 0.849519 12.292744 0.539444
204 -2.087100 0.152972 78.762465 1.416360 302.413517 0.116966 -56.375233 1.464704
204 -1.657374 0.671202 76.722137 0.358783 247.622338 0.773061 2.672070 0.605253
204 -2.088984 0.382193 -86.601739 1.097195 306.378915 0.682288 22.657558 1.468471
204 -1.669250 0.748815 -3.005065 3.378473 329.833190 0.460731 70.467921 0.629003
204 -1.422543 0.422076 6.559970 0.451018 108.615126 1.080944 86.165809 0.135590
204 -2.351409 0.380282 -71.841817 0.413836 202.937332 0.040894 44.373629 1.993321
204 -1.604112 0.272480 -9.474056 0.858406 208.883811 0.418377 -63.085433 0.498728
204 -2.032029 0.037474 -40.280380 1.119546 265.569310 0.267969 8.276184 1.354561
204 -1.548426 0.183278 61.573366 2.824792 409.595926 0.161821 23.896160 0.387356
205 -1.552039 0.153892 35.638101 0.830533 249.141190 0.994601 6.825092 0.394581
205 -1.958782 0.102366 77.065852 1.617469 314.784984 0.102472 -48.990326 1.208068
205 -2.031732 0.673258 -79.396540 0.388057 250.350411 0.808104 15.413671 1.353969
205 -1.903347 0.438820 -85.146431 1.124749 314.677236 0.647719 18.318176 1.097198
205 -1.451626 0.746306 1.468900 3.255733 328.616762 0.397055 72.021551 0.193755
205 -1.815501 0.426686 8.405054 0.884578 143.726702 1.059898 86.008281 0.921505
205 -1.901999 0.261076 -74.808275 0.822172 277.481664 1.050694 -7.433936 1.094501
205 -1.654489 0.259822 -19.535588 0.733244 204.756499 0.431173 -63.360884 0.599482
205 -2.043375 0.002696 -36.648487 1.226814 282.597900 0.309857 9.683057 1.377254
205 -1.599216 0.118713 62.633202 2.813772 405.983596 0.177706 18.939090 0.488935
206 -2.354571 0.485429 -82.840161 0.251164 216.080641 1.174263 24.015783 1.999646
206 -1.865352 0.097151 78.866094 1.589265 310.191158 0.077271 -55.810974 1.021209
206 -1.755736 0.110647 70.349800 0.782676 255.238112 0.958979 10.031070 0.801975
206 -1.405033 0.310401 14.010544 1.581962 278.302263 0.280015 48.273686 0.100569
206 -1.606476 0.754853 -2.766416 3.408309 332.211482 0.422790 75.315308 0.503456
206 -1.620243 0.612974 13.082813 0.357972 146.051359 0.853350 66.755894 0.530989
206 -1.867453 0.296624 86.507150 1.084945 309.401251 1.169656 9.989765 1.025411
206 -1.744248 0.178477 -37.149410 0.859132 209.898502 0.556324 -64.513030 0.779000
206 -2.015362 0.038292 -45.091393 1.127488 275.341268 0.329431 2.245657 1.321228
206 -1.672904 0.107057 62.459860 2.748740 396.818602 0.197332 31.062037 0.636312
207 -1.386918 0.509573 1.109106 0.256626 151.331303 0.203953 82.643510 0.064339
207 -2.185906 0.074161 76.081872 1.797000 328.830942 0.026365 -48.342301 1.662315
207 -2.491351 0.344420 -6.961450 0.479967 231.573785 1.051215 -17.145331 2.273206
207 -1.805618 0.336494 -16.124530 1.380724 249.993230 0.391289 87.374722 0.901740
207 -2.018158 0.784395 -6.704030 3.338938 336.494412 0.360218 67.385140 1.326820
207 -1.443328 0.614945 -8.183839 0.250392 126.585945 0.809685 -82.866150 0.177160
207 -2.011998 0.269615 -61.527470 1.305833 325.900704 1.099202 2.517225 1.314499
207 -2.361121 0.178810 -52.874258 0.917494 219.256604 0.540248 77.794890 2.012745
207 -2.119896 0.536200 -84.419748 0.273176 163.796728 0.234372 -44.318198 1.530296
207 -1.867879 0.094125 49.786471 2.636244 385.890789 0.172864 30.322052 1.026262
208 -1.424018 0.503041 8.609393 0.104632 146.688154 0.317770 76.873977 0.138540
208 -1.850003 0.118867 87.249836 1.644560 318.233525 0.032228 -29.748573 0.990509
208 -1.434883 0.284311 -6.545771 1.362174 260.758867 0.028358 -62.655718 0.160269
208 -1.871757 0.331677 -19.815190 0.909628 222.434753 0.338185 -86.250644 1.034018
208 -2.043922 0.799600 -5.600350 3.295511 334.126551 0.357686 68.244511 1.378349
208 -1.473199 0.639386 12.310536 0.952521 190.083256 0.595563 83.837431 0.236902
208 -2.248494 0.331286 -61.069033 1.037312 306.491357 1.161408 7.176945 1.787491
208 -1.812632 0.257214 81.220679 0.722430 239.977736 0.509621 23.331728 0.915767
208 -1.975097 0.465725 -69.493184 0.426575 192.432340 0.239215 -50.196457 1.240697
208 -1.842151 0.115470 46.825992 2.386077 366.000564 0.207165 33.865537 0.974806
209 -1.482240 0.561954 -4.729915 0.241365 154.294795 0.277972 61.927423 0.254984
209 -1.662001 0.138991 82.515470 1.868322 343.269821 0.155993 -11.050877 0.614507
209 -1.386040 0.234860 -10.026896 0.767407 208.184087 0.125865 -76.040367 0.062585
209 -2.806844 0.294513 -22.149161 1.102790 236.814561 0.583736 -38.913326 2.904191
209 -1.420383 0.789658 1.411963 3.303532 335.612396 0.307046 64.342215 0.131270
209 -1.632390 0.652101 3.959626 0.424635 172.637899 0.505587 77.302874 0.555284
209 -2.178695 0.363840 -50.403552 0.949727 288.725136 1.192647 16.826789 1.647893
209 -1.836278 0.082334 -78.888745 1.679331 333.770598 0.442693 2.785717 0.963059
209 -2.299246 0.478449 -65.655119 0.347902 190.939649 0.255962 -59.409969 1.888995
209 -1.678017 0.063450 57.001895 2.366992 366.289212 0.139969 25.726536 0.646538
210 -1.939416 0.587281 -12.487691 0.208057 162.741430 0.432521 74.901910 1.169337
210 -2.154923 0.167153 42.178081 1.609455 324.456553 0.288558 -14.280001 1.600350
210 -2.589359 0.411553 -46.485237 0.253614 147.680341 0.866942 -27.055593 2.469222
210 -2.690313 0.307782 -10.863069 1.415555 258.344560 0.552893 -38.607706 2.671130
210 -1.560241 0.791543 -1.735376 3.287022 335.149169 0.302701 68.438788 0.410986
210 -1.478710 0.588238 20.856288 0.112160 148.461177 0.514290 60.584182 0.247925
210 -3.053346 0.382676 -51.044976 0.837512 279.717921 1.112640 39.133254 3.397196
210 -1.490493 0.134974 81.810338 1.461456 317.348824 0.522110 -1.959194 0.271489
210 -1.909580 0.527375 -76.128427 0.238295 168.350281 0.318838 -53.822109 1.109663
210 -2.371265 0.029233 57.107857 2.175255 351.758344 0.094626 27.297533 2.033034
211 -2.232571 0.635372 28.924070 0.934587 198.917685 0.276431 -67.273757 1.755645
211 -1.458901 0.125531 75.089853 2.242815 371.836778 0.223340 -8.197672 0.208307
211 -2.531858 0.484523 -53.288157 0.151754 166.699440 0.830000 -1.956206 2.354221
211 -2.305363 0.373318 18.376299 1.194141 254.771519 0.319506 10.177867 1.901229
211 -1.790955 0.764763 -19.656440 2.655653 310.678998 0.200593 60.581241 0.872413
211 -2.858041 0.459271 9.195504 0.322417 179.674238 0.605522 71.428023 3.006586
211 -3.266462 0.502972 -58.301534 0.187496 196.267006 0.003433 31.717194 3.823428
211 -1.790205 0.154898 -65.696493 1.505910 315.226157 0.382274 5.534869 0.870913
211 -1.954306 0.416776 -74.584109 0.494192 193.852254 0.325802 -58.267157 1.199115
211 -1.626259 0.054216 57.938447 2.350157 361.013006 0.064830 36.231081 0.543022
212 -1.963755 0.586558 0.597714 0.647392 186.753637 0.538805 -53.866550 1.218014
212 -1.728136 0.121453 61.130407 2.094424 360.930607 0.238991 0.986535 0.746776
212 -2.369939 0.560945 -48.380882 0.156010 158.221168 0.832537 -10.407875 2.030382
212 -1.783339 0.143423 12.969769 1.480782 295.786134 0.437233 10.529145 0.857182
212 -1.621828 0.781963 -13.166223 2.711651 314.493321 0.192785 53.706749 0.534160
212 -1.748022 0.307043 4.929484 0.538008 183.705912 0.470633 -84.607535 0.786548
212 -2.971319 0.455304 -48.547500 0.433821 231.591681 1.186524 34.201893 3.233141
212 -2.399529 0.036602 -59.793387 0.717855 234.918059 0.304271 4.644025 2.089563
212 -2.237360 0.444309 -68.398051 0.479677 194.833325 0.334281 -28.467156 1.765223
212 -4.520350 0.050490 54.803392 2.310852 358.621909 0.096623 41.659654 6.331205
213 -1.485723 0.608011 -4.224849 0.666345 184.993247 0.403335 -67.930424 0.261950
213 -1.631667 0.082193 57.610297 2.293202 370.678962 0.206527 -0.955346 0.553839
213 -2.291898 0.571229 -71.466753 0.055613 158.821310 0.835376 -9.918991 1.874300
213 -2.401475 0.148928 3.713027 1.211079 273.977174 0.441480 12.391718 2.093453
213 -1.850881 0.766905 -19.105866 2.722617 317.161078 0.172105 56.212118 0.992265
213 -1.411152 0.374679 -0.253845 0.124475 129.770900 0.587394 78.157479 0.112807
213 -1.545084 0.177081 -23.181823 0.810637 174.471290 0.816409 79.742195 0.380671
213 -1.825941 0.185509 -72.754688 0.699111 233.263240 0.287147 -9.250400 0.942385
213 -2.281511 0.395955 -60.293774 0.965453 277.054403 0.474714 -24.066069 1.853526
213 -1.500601 0.092590 46.355252 2.789751 393.397481 0.131621 27.433261 0.291705
214 -1.479206 0.561153 -8.601917 0.637589 187.144518 0.376684 -77.130547 0.248916
214 -1.837761 0.155500 82.123203 2.140745 372.777121 0.317067 -25.859510 0.966026
214 -2.941438 0.552144 -76.089494 0.030310 183.507488 0.842314 -5.526511 3.173380
214 -1.497104 0.167763 34.017335 1.245480 279.580093 0.381232 7.494795 0.284712
214 -1.435052 0.675502 -7.961764 2.738208 327.034458 0.046354 68.341388 0.160607
214 -1.410035 0.348114 -3.296832 0.076747 126.727977 0.562115 80.683100 0.110575
214 -2.217536 0.775435 -2.499559 0.026616 122.889437 1.000300 85.416764 1.725575
214 -1.735199 0.182918 -73.575445 1.217851 287.503752 0.412533 -33.711180 0.760903
214 -1.551039 0.154463 84.656634 1.492796 321.471290 0.543567 -20.460640 0.392582
214 -1.778756 0.180062 73.237769 2.207291 371.517964 0.110681 5.447404 0.848015
215 -1.479110 0.589571 2.434980 0.880385 206.873454 0.168878 -69.108186 0.248724
215 -1.920628 0.157040 69.978562 1.943373 357.984646 0.316394 -25.161240 1.131759
215 -2.729959 0.565647 -70.619522 0.023675 178.165821 0.841996 -1.164115 2.750422
215 -2.034754 0.336360 24.918266 1.083139 243.400605 0.520698 45.945033 1.360012
215 -1.568737 0.718523 -14.454553 2.575806 303.929122 0.265634 65.084157 0.427978
215 -1.372267 0.297456 3.658544 0.190868 144.834726 0.446209 80.323728 0.035038
215 -1.444034 0.757820 -6.749800 1.592273 246.233362 0.242516 -75.666943 0.178572
215 -1.745555 0.127875 -63.974818 0.556445 228.427343 0.875018 -0.057451 0.781613
215 -1.524740 0.043524 -76.461516 1.572102 315.833211 0.398816 -3.156818 0.339984
215 -2.031186 0.214272 63.717718 2.122556 368.136247 0.092170 -8.826638 1.352876
216 -1.650709 0.564405 5.684059 0.857402 214.014843 0.136423 -70.041568 0.591921
216 -1.871735 0.169817 66.989784 2.028930 370.839139 0.450391 -23.900930 1.033975
216 -3.287050 0.756178 -67.297921 0.245896 209.495754 0.653386 46.622243 3.864605
216 -1.556354 0.553323 -8.071460 1.481335 235.440209 0.501373 78.986455 0.403212
216 -1.518648 0.623858 3.919053 0.973275 163.399337 0.888291 -84.812862 0.327800
216 -1.422821 0.368179 -4.467096 0.188337 148.008461 0.464838 -85.846583 0.136146
216 -1.607523 0.207135 6.374093 1.227721 250.903563 0.096102 -58.840467 0.505551
216 -2.248503 0.153757 -58.862296 0.746244 259.087238 0.848436 8.810011 1.787510
216 -4.183007 0.750047 -63.003915 0.341670 275.123282 0.389337 -20.333033 5.656518
216 -1.614883 0.239668 79.778035 2.272367 382.233763 0.144733 15.496252 0.520270
217 -1.883094 0.430734 -32.999102 0.460578 188.175947 0.402597 -73.643255 1.056692
217 -1.850427 0.051657 74.106900 1.887080 353.829303 0.557995 -2.701399 0.991358
217 -2.774569 0.731021 -48.624366 0.273897 165.696529 0.805818 -89.400677 2.839642
217 -2.816757 0.376008 22.510634 0.511884 247.048149 1.024852 -13.372669 2.924017
217 -1.934188 0.553863 -21.211892 0.177620 118.642302 1.030978 -84.046421 1.158879
217 -2.039591 0.686343 -57.033717 0.082674 131.781895 0.968766 -87.350838 1.369685
217 -1.482170 0.476035 1.745023 0.769762 211.047120 0.039036 -51.917049 0.254843
217 -1.989625 0.014632 -20.262942 1.517309 216.693861 0.901995 65.975561 1.269754
217 -2.150877 0.716799 -78.717305 0.615967 285.687104 0.522691 -26.340780 1.592258
217 -1.830994 0.211801 68.557990 1.555027 316.008588 0.001425 14.216161 0.952491
218 -2.194555 0.382624 -25.717075 0.500137 188.380222 0.377023 77.490549 1.679614
218 -1.511101 0.039133 62.105691 1.530141 321.457937 0.695348 -6.417733 0.312705
218 -2.341326 0.743784 -32.559424 0.621426 185.632496 0.754970 -82.926595 1.973156
218 -1.680559 0.186007 21.823882 0.411862 208.894509 1.003129 -1.127791 0.651621
218 -5.239206 0.528431 -9.970318 0.352400 142.462821 1.067121 83.492507 7.768916
218 -2.111003 0.672878 -56.525163 0.214276 146.575495 0.891640 -86.835697 1.512509
218 -1.669217 0.382892 20.310016 0.805092 210.998175 0.111147 72.451869 0.628938
218 -1.581947 0.007655 -16.492863 1.672190 228.879798 0.883461 83.508430 0.454397
218 -3.153568 0.699352 -68.003645 0.373877 248.606869 0.440071 49.035876 3.597640
218 -1.412377 0.569542 -1.885825 0.663751 195.475829 0.149461 -29.563567 0.115258
219 -1.672358 0.285722 -4.155406 0.209073 156.935518 0.180116 55.162356 0.635220
219 -2.048197 0.086668 68.733226 1.391281 315.956481 0.559545 -13.058395 1.386898
219 -2.497071 0.562349 -30.322216 0.022282 160.806489 0.386852 -56.231004 2.284646
219 -2.273946 0.348942 4.697754 0.209317 192.699716 1.138941 4.195638 1.838397
219 -1.907653 0.559521 -12.620739 0.901320 147.567819 1.042478 -86.232380 1.105809
219 -2.047845 0.664516 -57.983687 0.199738 146.550188 0.931325 -81.728959 1.386194
219 -1.962089 0.506847 -7.461321 0.604854 209.707781 1.175364 5.337031 1.214682
219 -2.765960 0.426996 -37.157728 0.537995 225.565039 0.841252 20.461906 2.822423
219 -2.103179 0.774012 -79.216212 0.348630 212.912366 0.499496 82.588032 1.496861
219 -2.258647 0.675991 -20.294709 0.600550 217.256091 0.263920 -28.440267 1.807797
220 -1.669463 0.548705 -28.901145 1.228057 222.217803 0.475474 87.251535 0.629430
220 -1.548139 0.084057 61.442688 1.496048 317.960536 0.788960 8.114553 0.386781
220 -2.267251 0.485041 -24.011054 0.309222 180.160803 0.003607 -30.101948 1.825006
220 -2.345279 0.396786 2.971676 0.106484 178.771885 1.183592 3.505499 1.981061
220 -1.637213 0.528064 -10.508476 1.204487 150.744507 1.075568 -83.272161 0.564931
220 -2.970073 0.657383 -7.535440 0.045172 140.566981 0.851472 62.508518 3.230650
220 -1.900642 0.360068 16.015251 0.127719 147.457285 0.650216 63.308318 1.091787
220 -3.110843 0.699927 -77.234758 0.050792 130.360793 1.129262 17.679466 3.512190
220 -2.939565 0.696166 -84.709249 0.116194 135.557159 0.940796 -24.657632 3.169634
220 -3.049818 0.639284 -27.520866 0.125275 176.041300 0.093835 -13.522038 3.390139
221 -1.493113 0.225178 37.591298 0.234592 103.890495 1.050887 -85.804200 0.276729
221 -2.031602 0.070338 32.731902 1.619722 324.057350 0.405176 -15.236885 1.353707
221 -2.259712 0.485300 -18.720640 0.272364 182.077521 0.022879 -24.772941 1.809928
221 -2.810800 0.552734 75.669150 1.082127 337.518056 0.711623 -30.945021 2.912104
221 -2.088559 0.655268 -30.185432 0.693282 136.320327 1.087610 -85.745368 1.467621
221 -1.789007 0.771423 9.126287 0.716844 160.621605 0.846872 -80.933005 0.868517
221 -1.658703 0.364272 17.615146 0.247278 124.520589 0.931708 63.131442 0.607909
221 -1.562044 0.572939 -22.520585 1.199505 202.331135 0.749789 -82.489417 0.414592
221 -2.511778 0.638568 -78.085729 0.085112 133.843708 0.891432 12.187082 2.314059
221 -1.614276 0.650668 -12.734438 0.258672 172.181414 0.064020 -26.493428 0.519055
222 -1.451389 0.239720 40.473858 0.348282 106.546323 1.084656 89.993698 0.193282
222 -2.510835 0.145037 43.370456 1.871844 351.351556 0.352280 -22.821338 2.312175
222 -2.086060 0.308735 -27.202887 0.868921 260.500575 0.974029 -2.945675 1.462623
222 -3.544874 0.753361 86.751188 0.162457 247.961421 0.508961 9.583460 4.380251
222 -1.727794 0.596277 -20.388940 0.934996 140.907703 1.073131 89.226380 0.746091
222 -1.918982 0.762689 12.683178 0.733678 155.839028 0.896121 -77.181224 1.128468
222 -2.077827 0.412263 21.551960 0.036692 126.914971 0.867725 60.080460 1.446157
222 -2.916335 0.767159 4.997948 1.072454 132.230745 1.170337 68.632366 3.123174
222 -2.812072 0.662553 -87.306320 0.149958 148.003779 0.892018 -13.603833 2.914648
222 -1.481415 0.444708 -8.774205 0.365746 174.065431 0.048794 20.942524 0.253333
223 -1.397538 0.217682 49.499899 0.153354 99.616082 1.053624 87.156640 0.085580
223 -2.091564 0.052331 46.993358 1.319587 294.531260 0.349409 -28.941544 1.473631
223 -2.192056 0.184968 -30.545623 0.722838 236.861380 0.668576 6.983478 1.674616
223 -3.105014 0.724732 -64.070117 0.402345 264.703480 0.444159 -15.308151 3.500531
223 -1.632384 0.763209 -24.969853 1.836575 173.318369 1.060526 81.341759 0.555272
223 -2.102499 0.022545 20.963982 1.240702 174.249849 1.051111 72.302041 1.495502
223 -1.448703 0.437289 22.425825 0.069883 108.007764 0.960090 72.204260 0.187909
223 -1.952004 0.349524 -3.368057 2.097788 225.164682 0.950672 79.497049 1.194512
223 -2.558025 0.660397 -83.556724 0.120783 149.008466 0.892805 -7.249288 2.406553
223 -1.510392 0.453308 -10.526880 0.444780 177.292794 0.057081 34.485559 0.311288
224 -1.798299 0.239605 41.854537 0.175283 90.601049 1.176186 89.925153 0.887103
224 -2.367092 0.059661 44.377171 1.485485 311.541534 0.369203 -32.843753 2.024689
224 -2.329059 0.044944 -31.722100 0.972406 273.799006 0.543244 -3.890201 1.948622
224 -4.313017 0.770327 -52.433984 0.026303 230.117672 0.424892 -2.865643 5.916539
224 -2.839002 0.669582 -2.034818 1.900117 208.067038 0.973154 71.109391 2.968508
224 -2.453955 0.701019 15.747925 0.566747 171.007121 0.907057 60.177844 2.198414
224 -1.676707 0.465914 9.541224 0.024054 104.527691 0.992870 67.089830 0.643918
224 -1.638215 0.296133 2.643960 2.198987 220.082102 0.994333 89.258661 0.566933
224 -1.945152 0.180760 -87.970260 1.800543 264.935418 0.784334 80.456898 1.180808
224 -3.046442 0.527990 -28.295417 0.520790 205.684953 0.039034 18.098683 3.383389
225 -1.627990 0.211427 30.747895 0.137710 95.269609 1.118087 -85.413997 0.546483
225 -5.340939 0.009039 64.383947 0.209246 173.478263 0.580525 47.534630 7.972381
225 -1.895487 0.018666 -36.985681 0.755330 232.100647 0.547616 9.295406 1.081477
225 -3.733926 0.735494 -5.860818 0.361975 211.199034 0.502706 -36.229424 4.758357
225 -2.332097 0.134300 7.536375 0.097580 133.682407 0.865673 68.282144 1.954698
225 -2.244755 0.374044 -64.154291 0.720710 253.270571 0.377308 -18.202650 1.780015
225 -1.596943 0.596786 27.524234 0.262058 121.855792 0.870276 -84.510948 0.484390
225 -1.635686 0.344369 -5.709938 2.309808 236.873059 0.931775 78.869875 0.561875
225 -1.482955 0.288024 86.381510 1.244475 221.322910 0.830688 89.907453 0.256413
225 -1.480553 0.604100 -2.646433 0.981855 225.085920 0.060599 -42.264512 0.251610
226 -1.788765 0.133450 34.937994 0.356315 119.961263 1.074951 86.859594 0.868033
226 -2.212537 0.794673 66.821182 0.171395 172.704007 0.558042 50.295703 1.715577
226 -2.316772 0.052458 -45.803645 0.737542 242.918936 0.584240 14.951084 1.924047
226 -2.114137 0.043315 11.281229 0.899185 248.861963 0.416884 12.243937 1.518777
226 -1.432168 0.250807 1.814417 0.113965 112.875987 0.832354 80.731090 0.154840
226 -2.886050 0.620798 -59.741797 0.564470 236.062246 0.280523 -42.691293 3.062603
226 -2.087609 0.229897 -42.517541 0.614052 230.760366 0.731911 3.235103 1.465721
226 -2.458386 0.406994 -30.605626 2.063917 238.970047 0.844920 60.360545 2.207277
226 -2.171407 0.267423 83.266728 1.040453 222.106708 0.768384 79.333716 1.633318
226 -1.640678 0.676144 6.222928 0.710121 201.089210 0.180188 -38.134452 0.571860
227 -1.738559 0.129106 38.234980 0.456193 124.872439 1.067501 -89.043630 0.767621
227 -2.243956 0.028069 82.393729 0.482328 179.537622 0.635428 69.941059 1.778415
227 -2.445977 0.211670 -47.340657 0.557627 238.532118 0.711021 -3.235060 2.182457
227 -1.958369 0.211947 37.100714 0.893520 267.390667 0.654093 -10.443299 1.207242
227 -1.689910 0.330630 -2.679004 0.096020 142.934373 0.623271 88.230587 0.670324
227 -2.134677 0.569700 -67.122444 0.532634 217.054410 0.280183 -57.921067 1.559858
227 -2.001391 0.029978 -59.214573 0.686500 246.574820 0.781836 3.052319 1.293285
227 -1.605223 0.219908 -27.926130 2.320520 270.066448 0.779708 74.991394 0.500951
227 -1.878448 0.339363 -78.587595 0.867809 199.415368 0.826122 85.829336 1.047399
227 -1.697095 0.614033 16.344482 0.664749 177.288056 0.347774 -79.018785 0.684693
228 -1.617430 0.105633 31.807341 0.643428 136.337500 1.058719 80.493818 0.525363
228 -2.181651 0.060985 -77.266129 0.522976 183.291804 0.620611 72.521823 1.653807
228 -1.800568 0.254502 -14.447170 0.473299 151.591039 0.875261 -85.371854 0.891639
228 -2.010439 0.070608 -18.817454 0.854116 257.728603 0.596464 -17.200566 1.311381
228 -1.485000 0.193139 -24.620156 0.140272 104.496201 1.011402 81.262128 0.260503
228 -1.745437 0.519641 79.288195 0.643530 261.605727 0.272719 -21.669659 0.781377
228 -1.747535 0.120826 69.523255 0.595630 235.019149 0.582276 -10.046263 0.785574
228 -1.504302 0.149307 -27.545905 2.260390 274.029570 0.763432 80.893745 0.299108
228 -1.816377 0.369459 -85.343257 0.532401 185.121879 0.708954 86.692804 0.923258
228 -1.808553 0.089125 84.909607 0.836213 262.978981 0.959619 9.161843 0.907609
229 -2.367134 0.723457 42.700167 0.331979 122.556459 1.152926 70.906138 2.024771
229 -1.620798 0.099618 -66.263078 0.695885 185.599643 0.668074 78.166242 0.532100
229 -2.034579 0.030402 31.933220 1.196890 220.254887 0.734702 63.867239 1.359662
229 -1.885237 0.023336 -8.866082 0.398731 210.821913 0.714572 -11.874200 1.060979
229 -1.483026 0.157816 -23.891354 0.108998 92.651271 1.037442 85.518113 0.256555
229 -2.461216 0.798528 10.294107 0.522635 180.203761 0.622120 -32.974749 2.212937
229 -1.677816 0.264303 41.636762 0.700223 222.784352 0.538769 18.486122 0.646136
229 -1.505553 0.321698 4.067017 1.890149 242.707761 0.758936 -87.949714 0.301610
229 -1.531259 0.367555 -86.919875 0.657228 186.652879 0.790010 87.891711 0.353022
229 -2.147451 0.672170 81.529776 0.146172 169.421176 0.337261 54.673603 1.585405
230 -1.925023 0.694215 34.955886 0.100396 104.604953 1.138793 77.310076 1.140551
230 -1.814257 0.257361 89.526917 2.094840 367.075956 0.024672 13.701411 0.919018
230 -1.801203 0.343657 7.427456 1.084795 219.128710 0.528096 89.410571 0.892910
230 -1.902118 0.793478 -34.676201 1.182373 239.294922 0.748210 -56.237192 1.094740
230 -1.863996 0.029173 -22.027500 0.216659 123.003999 0.989342 74.308255 1.018495
230 -1.627125 0.623448 -0.543530 1.481746 253.473511 0.415484 42.489000 0.544753
230 -1.966022 0.785810 -18.545392 0.885988 224.893093 0.553686 -50.276280 1.222548
230 -1.575325 0.355840 -5.314616 1.729900 226.358343 0.815549 -85.204784 0.441153
230 -1.406379 0.328963 -82.188734 0.700036 195.580549 0.686667 -87.907279 0.103263
230 -2.263784 0.655847 82.695766 0.142131 169.874240 0.330152 54.338919 1.818072
231 -1.676756 0.670038 -5.953492 0.513014 147.930364 0.867270 -76.900074 0.644016
231 -1.881139 0.272081 -79.294433 1.737245 338.273516 0.055494 17.537164 1.052781
231 -2.162129 0.259949 -3.989151 0.865813 199.545611 0.683413 80.249220 1.614762
231 -1.853280 0.763045 -36.621900 1.903418 281.306596 0.569978 -61.618967 0.997064
231 -2.464877 0.300149 2.965346 0.321211 124.821391 1.066239 81.288305 2.220259
231 -2.886975 0.655517 -17.271614 1.622611 274.156907 0.313959 26.548623 3.064454
231 -2.243574 0.769492 8.912220 0.388008 170.058308 0.688151 -8.985209 1.777651
231 -1.886513 0.416150 -1.955704 1.395147 205.686024 0.836054 -78.947003 1.063531
231 -1.878692 0.429961 -78.764713 0.689145 171.463256 0.951211 84.755674 1.047889
231 -1.954371 0.581677 -78.413199 0.330929 195.963408 0.052998 47.888651 1.199246
232 -1.748709 0.551994 14.663960 0.427422 137.252040 0.806422 -71.833188 0.787922
232 -1.881066 0.294044 -78.830016 1.811320 345.769056 0.026362 1.434797 1.052636
232 -1.980855 0.209427 -29.867417 0.809123 172.463038 0.906138 -71.764707 1.252214
232 -1.591429 0.769350 -25.331533 1.649668 263.015078 0.675802 -49.503662 0.473361
232 -2.350826 0.781026 -3.122277 0.500180 203.037644 0.401343 -56.093681 1.992156
232 -1.796150 0.733115 -9.369415 1.478438 264.735041 0.175749 12.575080 0.882804
232 -2.835051 0.756965 11.615685 0.257884 159.246737 0.681317 -21.741878 2.960606
232 -2.614649 0.633104 -6.267956 0.205884 136.158331 0.951105 69.426263 2.519801
232 -2.556322 0.377352 -66.144367 0.302246 140.224428 1.021807 89.350147 2.403147
232 -1.481982 0.038255 12.749399 1.347654 290.696961 0.429598 -6.198007 0.254468
233 -1.669500 0.396430 4.005950 0.612395 146.174347 0.928670 -83.346715 0.629504
233 -1.474416 0.129337 -84.707134 2.045503 352.194203 0.163371 -19.922169 0.239336
233 -1.483157 0.157099 -18.825537 0.556466 148.169108 0.898426 -86.478415 0.256818
233 -2.051918 0.676596 -35.190657 2.040569 301.824987 0.619635 -55.942273 1.394341
233 -1.578590 0.000319 -12.170647 1.418645 262.711943 0.410988 -83.611733 0.447683
233 -1.915983 0.770011 -11.107680 1.713628 271.201415 0.234464 34.424000 1.122470
233 -3.247449 0.637551 -6.452621 0.125493 180.001343 0.426826 13.621581 3.785403
233 -1.483506 0.666009 20.293241 0.501193 128.601927 1.002532 84.557249 0.257515
233 -1.502429 0.320484 70.698872 1.014006 297.047596 0.982958 -7.882058 0.295362
233 -2.208177 0.083605 11.745472 1.228311 285.455130 0.397485 5.535873 1.706858
234 -1.505331 0.573953 -3.077585 0.234848 112.926824 0.862818 89.137005 0.301165
234 -1.450318 0.217418 -5.890792 1.148979 251.649667 0.002947 -45.802006 0.191139
234 -1.678726 0.395884 -34.214102 0.743209 150.885708 1.002198 -84.571369 0.647956
234 -1.398472 0.123150 15.309318 0.843468 221.220544 0.204167 65.631870 0.087447
234 -1.533366 0.088591 -0.781740 1.348136 244.452643 0.467113 -86.970089 0.357236
234 -1.776237 0.739465 8.840988 3.276404 360.838512 0.095527 16.742171 0.842978
234 -1.990520 0.769677 -0.784617 0.065873 166.516728 0.408336 26.018129 1.271544
234 -1.485420 0.740988 11.770859 0.132542 140.711181 0.159990 -82.416722 0.261343
234 -1.756312 0.302438 68.430928 0.997658 299.439135 1.014249 -6.834604 0.803128
234 -2.494240 0.024503 6.585618 0.882350 262.943434 0.484570 -28.053843 2.278983
235 -1.557915 0.486705 -9.672478 0.330767 136.121166 0.813192 75.091177 0.406333
235 -1.440175 0.197799 -7.013462 1.015163 240.825662 0.023535 -50.353511 0.170854
235 -2.419404 0.381030 -38.270112 0.254618 115.999229 1.089698 78.929686 2.129312
235 -1.377692 0.193376 20.260236 0.840563 220.397266 0.227888 57.802324 0.045887
235 -2.108909 0.688575 -16.964513 3.113506 324.322380 0.434752 63.448165 1.508321
235 -1.752254 0.747783 9.923543 3.334353 362.290288 0.093497 17.752991 0.795011
235 -1.669856 0.786054 -4.602035 0.291194 174.697171 0.339970 36.886349 0.630216
235 -1.736120 0.772586 22.115529 0.056695 141.236961 0.376184 -76.537190 0.762744
235 -2.331380 0.375134 54.739638 0.924345 297.790282 0.880191 -22.214991 1.953263
235 -2.013368 0.169757 19.232001 1.443578 302.617547 0.408241 1.892014 1.317240
236 -1.699202 0.471515 14.864039 0.129781 102.796819 1.032702 -76.977567 0.688908
236 -1.811596 0.199974 -27.891119 0.940982 232.606367 0.052132 -55.027762 0.913695
236 -2.061995 0.512759 -37.848104 1.109828 178.102535 0.901982 71.216609 1.414493
236 -1.708126 0.166035 6.575959 0.826103 202.370303 0.548052 61.629409 0.706756
236 -1.848267 0.682313 -19.095634 3.295462 360.579508 0.045188 -85.267534 0.987037
236 -1.984954 0.712825 19.527328 2.656661 323.186140 0.035416 -10.725132 1.260412
236 -1.455714 0.679631 2.939336 1.063450 214.554806 0.343724 75.001187 0.201931
236 -1.490404 0.467282 -6.106459 0.338356 171.684112 0.111688 56.069028 0.271312
236 -1.779603 0.331557 57.468250 0.882891 283.403493 0.900608 -14.494306 0.849710
236 -1.776458 0.209479 10.035455 1.705551 315.615636 0.420853 -3.195750 0.843420
237 -1.668852 0.480972 23.354264 0.176156 106.197370 0.987029 -77.467910 0.628207
237 -2.346529 0.133182 -20.989110 0.938007 244.159195 0.056323 -71.661461 1.983563
237 -3.084295 0.537401 -31.329827 1.381209 205.648376 0.821750 53.368036 3.459093
237 -1.495383 0.357772 -5.682057 0.768399 231.710738 1.182508 -6.154174 0.281270
237 -1.831873 0.774279 -24.899130 3.858642 386.153596 0.147609 -25.314103 0.954250
237 -1.536786 0.718897 3.943652 2.649930 326.402330 0.064252 3.152166 0.364076
237 -2.644724 0.496516 -12.460271 0.621200 196.087938 0.553013 83.432572 2.579951
237 -1.643364 0.559073 1.694038 0.111903 160.125484 0.037617 62.111744 0.577231
237 -1.825720 0.324815 59.059135 0.857974 279.924748 0.922983 -22.221435 0.941943
237 -1.885078 0.093836 6.583034 1.372841 298.719359 0.481384 -14.572302 1.060660
238 -1.666324 0.510839 5.501444 0.547644 105.480952 1.107723 -75.963116 0.623151
238 -1.796056 0.176840 -24.945408 1.316330 265.790101 0.010808 -73.949793 0.882616
238 -2.890390 0.567272 -31.065063 0.449916 162.487546 0.946776 -53.980776 3.071283
238 -2.461828 0.320441 -12.250478 0.724737 251.938376 0.960281 -13.741586 2.214161
238 -3.670169 0.788746 -39.255282 4.183876 406.148137 0.207111 -22.938057 4.630842
238 -1.711235 0.742910 8.307011 2.711880 328.442430 0.043850 10.641679 0.712974
238 -2.257735 0.375042 -20.877134 1.189965 222.009228 0.600826 70.786640 1.805974
238 -1.631392 0.571467 2.730519 0.290744 177.276099 0.062020 74.607458 0.553289
238 -2.435770 0.290612 62.713599 0.535810 258.424831 0.942490 -15.909201 2.162043
238 -1.502216 0.174316 -1.162000 1.705502 314.456636 0.478590 -7.596006 0.294936
239 -1.805902 0.518421 11.558437 0.899525 118.729629 1.130748 -72.370109 0.902308
239 -1.397524 0.250026 -6.994149 0.989594 232.515731 0.028307 72.423361 0.085551
239 -3.061593 0.694180 -27.979991 0.655907 200.282275 0.857626 -52.201198 3.413690
239 -2.426077 0.295918 -24.795132 0.857685 261.015903 0.991682 10.740864 2.142658
239 -1.941737 0.636759 29.860356 0.348196 197.062566 1.117774 16.105489 1.173979
239 -1.602702 0.733955 6.365358 2.817851 335.508062 0.100716 28.507971 0.495908
239 -1.464070 0.343278 7.964091 0.469895 165.908482 0.604549 74.573824 0.218644
239 -1.621597 0.532911 -3.394456 0.060136 142.187886 0.556887 -82.801096 0.533697
239 -2.424819 0.664549 -25.165713 1.553992 276.085763 0.176901 -18.911088 2.140142
239 -2.070319 0.119678 14.572052 1.410779 303.020025 0.633749 11.156523 1.431142
240 -1.440523 0.534439 -5.366765 0.125080 142.929139 0.064864 -80.883943 0.171550
240 -1.613806 0.169096 -3.560980 0.859024 229.310371 0.057656 84.929494 0.518116
240 -3.350715 0.670863 -24.227599 0.328573 163.599662 0.934457 -45.466068 3.991934
240 -1.860084 0.480752 -22.011437 0.691565 200.739182 0.531209 -66.405227 1.010671
240 -2.344065 0.133783 6.898260 0.642806 228.749275 0.984932 20.661576 1.978634
240 -1.745354 0.764515 -2.478681 3.182274 351.881881 0.036695 27.288184 0.781213
240 -1.516895 0.662471 9.386931 0.866018 212.630485 0.334440 21.930808 0.324294
240 -2.047299 0.566988 22.778946 0.139048 125.412456 0.491838 -54.951574 1.385102
240 -2.158514 0.746945 -0.614199 1.373101 256.665556 0.202861 -50.077057 1.607532
240 -1.550289 0.116095 29.164627 1.590938 320.407873 0.659507 2.417082 0.391081
241 -1.550240 0.451745 0.399281 0.010384 142.078295 0.023098 -66.283693 0.390984
241 -1.369916 0.181804 1.092881 0.870238 222.490582 0.061653 69.861267 0.030335
241 -1.999037 0.734251 -33.373148 0.115289 143.043186 0.889214 -73.417818 1.288577
241 -1.722111 0.550217 -25.451006 0.424734 174.970020 0.527508 -78.336435 0.734726
241 -2.210166 0.084264 5.553527 0.289550 193.300573 1.008591 12.580178 1.710836
241 -1.790598 0.758577 -12.661484 2.955899 347.351519 0.156615 -6.251338 0.871699
241 -1.562864 0.566793 7.720992 0.311661 166.955359 0.400344 1.319187 0.416232
241 -1.404093 0.720622 2.143918 0.047712 122.160656 0.633772 78.594276 0.098690
241 -1.692057 0.510625 -13.117982 0.593769 175.587388 0.660855 -68.910240 0.674618
241 -1.458998 0.309106 23.876973 1.306500 290.193637 0.865036 2.924573 0.208499
242 -1.645012 0.478927 -5.558851 0.518753 197.180306 0.016718 -79.411340 0.580527
242 -1.594444 0.169226 -2.086833 0.790826 223.633762 0.006816 73.311542 0.479392
242 -1.985002 0.023813 -29.880876 0.084244 141.884505 0.676953 73.899184 1.260508
242 -2.073972 0.561360 -11.098552 0.651579 201.695618 0.468780 -61.755129 1.438447
242 -1.668374 0.276335 19.837225 0.867884 259.192172 1.048245 -4.771177 0.627252
242 -2.727807 0.724940 -19.167124 3.063270 357.321948 0.278048 7.297339 2.746118
242 -1.837742 0.511686 9.969285 0.515773 188.587701 0.438478 1.851489 0.965989
242 -1.470529 0.578489 -4.769861 0.072655 117.678709 0.792750 -75.387437 0.231561
242 -1.466725 0.561140 -4.650467 1.040045 197.909038 0.591516 -83.417370 0.223954
242 -1.533579 0.337736 39.176203 1.161971 281.958441 0.802486 12.241366 0.357662
243 -1.424744 0.441500 -6.496897 1.123029 232.143898 0.169420 -76.365839 0.139992
243 -1.523941 0.150140 -3.049823 0.519989 194.061845 0.049618 60.698149 0.338386
243 -2.109885 0.028006 -31.470245 0.045876 138.135750 0.677395 69.633343 1.510273
243 -2.132131 0.417952 -16.711271 0.414266 190.878276 0.334606 -12.468218 1.554765
243 -2.004361 0.134681 22.692323 0.790480 261.007882 1.051460 0.307277 1.299227
243 -1.536700 0.608957 5.145617 2.768333 338.510924 0.055807 45.220026 0.363904
243 -1.571124 0.352608 2.337616 0.328606 173.308962 0.227141 55.012439 0.432751
243 -1.604669 0.586814 2.559474 0.062578 110.493245 0.791458 -68.889591 0.499843
243 -2.081337 0.407043 43.307583 0.388483 223.017768 1.051562 10.396606 1.453178
243 -1.500479 0.317737 35.792630 1.287957 291.793629 0.802457 10.534953 0.291462
244 -1.613431 0.472381 -16.763603 0.587687 185.950939 0.199806 70.368285 0.517365
244 -2.127133 0.760383 -29.878184 1.096199 224.637891 0.250099 80.048110 1.544769
244 -1.600151 0.110749 -60.690226 1.451080 231.921530 0.795313 -88.247355 0.490806
244 -2.373952 0.454545 -20.334254 0.586895 209.544328 0.000152 1.670995 2.038407
244 -1.719093 0.191291 32.669125 0.260552 197.665728 1.129191 -5.819267 0.728689
244 -1.524457 0.589724 2.700650 2.912608 347.715046 0.023022 48.820279 0.339417
244 -1.516559 0.328977 0.458682 0.406087 181.268172 0.150528 59.848841 0.323622
244 -1.532723 0.538391 -2.096691 0.219732 114.265102 0.970744 73.982745 0.355950
244 -1.568953 0.401644 51.108697 0.468333 229.662269 1.123260 0.755955 0.428411
244 -1.582251 0.249988 10.081273 1.259761 267.953694 0.262591 18.305714 0.455006
245 -1.617614 0.558127 4.567535 0.214007 161.928199 0.361572 88.177035 0.525732
245 -2.005301 0.603318 -84.035156 0.747329 270.593962 0.100019 -87.923552 1.301105
245 -1.512767 0.057397 -70.103237 1.567322 240.653909 0.764161 -84.019833 0.316037
245 -1.374177 0.444786 5.148848 0.633387 197.761285 0.225198 28.405521 0.038858
245 -1.753487 0.064252 42.733582 0.366442 203.897033 1.140354 5.697268 0.797478
245 -1.438226 0.624940 -1.049384 1.930728 283.104619 0.144134 44.054496 0.166956
245 -1.660434 0.245879 1.131974 0.662576 211.141978 0.111286 41.279435 0.611372
245 -1.766959 0.631651 9.397751 0.148388 112.723102 1.023122 -83.356885 0.824422
245 -2.801071 0.592704 -47.269318 0.073765 142.026836 0.741704 -42.245947 2.892647
245 -2.218214 0.460198 -0.693781 1.349492 252.611225 0.479801 -31.375565 1.726931
246 -2.460441 0.745816 5.673703 0.263399 197.636979 0.019034 53.900983 2.211386
246 -2.648784 0.549895 -84.984621 0.730645 265.493804 0.277054 -79.728570 2.588072
246 -1.652146 0.119204 -50.132142 0.843798 182.459697 0.848899 -87.733931 0.594796
246 -4.065813 0.518631 2.927964 0.624315 248.393026 0.318941 -18.222990 5.422129
246 -2.762754 0.111619 53.815191 0.509959 212.423305 1.156161 35.192520 2.816013
246 -1.423786 0.661925 0.760361 1.253868 241.919757 0.129927 28.680251 0.138076
246 -2.086547 0.339419 -56.399851 1.052858 270.761400 0.649164 -38.457827 1.463598
246 -1.605326 0.598322 -5.046800 0.612083 142.429271 0.936257 -79.741069 0.501157
246 -2.257218 0.572150 -47.042998 0.420048 172.423241 0.766943 -32.116628 1.804940
246 -3.260604 0.627273 -27.219747 0.213970 190.761071 0.151956 -33.878780 3.811712
247 -1.505770 0.501153 34.288306 0.204462 150.376557 0.491588 71.532515 0.302045
247 -2.476995 0.673103 -65.121930 0.677188 265.005343 0.092184 -52.983116 2.244493
247 -2.015159 0.143882 -57.112557 0.826979 178.384853 0.905080 84.329014 1.320821
247 -2.357270 0.638959 17.907382 0.843043 216.090333 0.362239 -2.887656 2.005044
247 -1.756920 0.269342 53.813841 0.292701 204.823921 1.068779 3.909768 0.804344
247 -1.678237 0.756717 -20.718905 0.759412 207.264394 0.236353 -65.591157 0.646977
247 -1.768956 0.764029 -79.518421 0.169305 173.151046 0.438076 -78.860340 0.828416
247 -1.473103 0.686433 1.228752 0.418311 144.688994 0.796841 76.338543 0.236710
247 -2.084165 0.731360 -63.713277 0.225549 188.142639 0.590631 -33.007676 1.458833
247 -1.535938 0.570668 -12.346477 0.261740 160.094907 0.184326 -18.091350 0.362381
248 -1.435746 0.584834 16.902037 0.263567 161.297636 0.197690 46.449810 0.161996
248 -1.878082 0.565856 -89.690418 1.110077 317.084216 0.228671 -33.621415 1.046667
248 -1.433681 0.080181 -52.421840 0.497194 139.152700 0.920147 85.878936 0.157866
248 -2.180663 0.787651 23.026752 0.554888 170.694166 0.318644 -43.337434 1.651831
248 -2.247934 0.228053 56.402061 0.268612 213.209293 1.024872 8.271812 1.786372
248 -1.433025 0.724139 -8.163986 0.739363 194.882355 0.184868 -59.567685 0.156555
248 -2.283390 0.702355 -76.279394 0.266877 208.199812 0.330316 -88.128713 1.857285
248 -2.322795 0.720069 -0.575069 0.650470 187.431749 0.679094 68.727636 1.936093
248 -2.197839 0.764926 -58.758942 0.187029 181.876876 0.646060 -25.785846 1.686183
248 -1.598721 0.544508 -23.893760 0.265315 164.174909 0.233652 -51.182940 0.487946
249 -1.598756 0.794929 14.404608 0.269403 154.248015 0.074526 -73.084901 0.488016
249 -1.455755 0.611331 -9.369076 2.841307 216.525494 1.043376 80.291740 0.202015
249 -2.189768 0.084735 -34.496150 0.844970 181.665348 0.869999 74.612457 1.670039
249 -1.808495 0.793626 15.311031 0.501697 167.456937 0.159160 -58.356896 0.907493
249 -2.016687 0.157096 56.001998 0.398682 224.249869 1.076974 6.041672 1.323878
249 -1.546399 0.757707 -10.543941 0.100524 163.653713 0.305100 -38.291876 0.383303
249 -2.700712 0.728702 -70.072855 0.439373 226.377569 0.333393 62.776496 2.691927
249 -1.549236 0.691855 36.357667 0.390900 166.243899 0.822663 61.060375 0.388976
249 -2.034746 0.740759 -80.793007 0.313614 203.458212 0.115403 28.455668 1.359995
249 -1.844084 0.623258 -21.077444 0.471271 191.463414 0.178334 -70.156442 0.978672
250 -2.377272 0.394304 -80.617111 0.456834 226.217027 0.370559 29.694820 2.045048
250 -1.584239 0.631458 -9.345243 2.627545 209.277346 1.043685 76.876922 0.458983
250 -2.253732 0.148268 -23.235482 0.886826 183.780060 0.833416 64.488076 1.797968
250 -1.387374 0.664941 -0.723498 0.507230 181.584384 0.072760 -6.805604 0.065251
250 -3.313353 0.183738 71.921084 0.248645 214.905486 1.121987 27.461808 3.917210
250 -1.412999 0.746746 -10.526959 0.058374 141.368920 0.440856 -55.170540 0.116503
250 -1.777484 0.593059 22.971440 0.248514 160.025458 0.057487 64.354457 0.845471
250 -1.700104 0.722527 31.498362 0.319241 169.268596 0.775493 58.641808 0.690711
250 -1.535879 0.687961 -8.832971 0.231168 168.674625 0.046094 -82.445178 0.362262
250 -2.239673 0.716594 -4.233062 0.516586 193.714418 0.506099 -55.749423 1.769850
251 -1.634267 0.208087 45.484915 0.969058 261.942875 0.843782 15.068847 0.559038
251 -2.047307 0.631186 -10.170453 2.542312 210.199222 1.039569 77.775066 1.385117
251 -2.094263 0.178075 -21.984221 0.833819 182.043088 0.793352 64.623594 1.479031
251 -1.625303 0.634378 2.296655 0.283703 161.502867 0.366614 -36.825497 0.541110
251 -1.901515 0.198292 50.874583 0.488510 214.681387 1.014886 16.983253 1.093535
251 -2.252781 0.760448 -26.002114 1.452551 249.213591 0.202482 34.584569 1.796065
251 -1.604939 0.449922 55.450758 0.598626 233.688750 0.435585 19.249930 0.500381
251 -1.924819 0.646820 80.245782 0.805243 311.238383 0.761297 -26.555635 1.140141
251 -2.089184 0.179369 55.603907 0.687262 236.251280 0.912508 23.458967 1.468872
251 -1.532917 0.736405 -2.135406 0.546060 173.302565 0.263350 -53.223423 0.356338
252 -1.413108 0.174026 22.659766 1.042004 239.465702 0.263119 58.907362 0.116721
252 -2.386636 0.652579 -8.102986 2.522182 211.546532 1.036249 75.593739 2.063776
252 -1.909080 0.142439 16.566910 0.813428 185.272731 0.791810 63.345064 1.108664
252 -1.762439 0.727046 10.376167 0.499936 180.025045 0.268319 -43.597746 0.815382
252 -1.753792 0.434836 74.993907 0.539478 255.828608 0.872156 -11.911793 0.798089
252 -1.703038 0.687977 4.875933 1.618762 265.130324 0.190482 60.885218 0.696580
252 -1.994665 0.368902 61.914592 0.794936 236.432736 0.598330 40.248991 1.279834
252 -2.108437 0.634197 70.812669 1.074968 345.021961 0.720761 -28.609174 1.507378
252 -1.847088 0.187956 78.492410 0.838703 265.898806 1.061783 15.442474 0.984679
252 -2.376676 0.787864 3.241138 0.623858 209.531516 0.310693 -70.690071 2.043857
253 -1.372311 0.106495 25.750579 0.947597 225.349919 0.311298 74.921476 0.035126
253 -1.920794 0.631172 -8.991162 2.543098 209.921765 1.038599 81.012556 1.132091
253 -2.018413 0.130650 13.413956 0.591087 193.669368 0.539418 75.762521 1.327329
253 -1.431813 0.724787 1.904445 0.190107 162.043304 0.109712 -60.937946 0.154131
253 -2.164663 0.423116 80.599973 0.634389 253.470737 1.092050 25.736731 1.619831
253 -1.780045 0.781075 6.775876 1.830619 275.023346 0.224636 59.567927 0.850593
253 -1.606645 0.436515 70.349317 0.833911 260.129905 0.588779 27.883141 0.503794
253 -2.791911 0.591745 64.650461 0.989461 332.362854 0.737071 -34.495755 2.874325
253 -1.580044 0.208526 89.460080 1.482682 205.458045 0.999069 -87.710957 0.450592
253 -2.022678 0.772977 16.966199 0.177346 162.211418 0.456823 -74.045837 1.335861
254 -3.256610 0.518931 76.325097 0.614954 259.068340 0.416846 -75.640222 3.803723
254 -1.840104 0.639629 -4.110354 2.518318 210.070954 1.034617 77.883492 0.970712
254 -1.663445 0.095726 14.323718 0.596643 183.502992 0.504619 63.986970 0.617395
254 -1.742751 0.662689 13.214485 0.229974 166.981596 0.134914 -67.826788 0.776005
254 -1.983607 0.427229 88.106814 0.470981 235.322271 1.022442 20.507764 1.257718
254 -1.489197 0.782077 -9.703607 1.303369 232.860188 0.261757 -76.068679 0.268899
254 -1.602756 0.447368 72.342004 0.801510 265.573281 0.587943 20.413687 0.496015
254 -2.266153 0.568169 61.000115 1.021996 327.302013 0.727855 -30.244547 1.822810
254 -1.472785 0.212278 89.254353 1.461114 208.378420 0.976923 83.010191 0.236075
254 -2.105632 0.743656 27.169096 0.236851 157.031653 0.168292 13.042891 1.501768
255 -2.124476 0.408597 -74.052952 0.794857 233.370365 0.336996 -75.128294 1.539455
255 -1.518586 0.658118 -10.089749 2.494572 210.555190 1.013497 82.971503 0.327677
255 -1.542258 0.194652 37.769644 0.966443 227.190405 0.467611 59.112556 0.375020
255 -1.682155 0.619592 13.529643 0.653927 186.928335 0.035031 -56.668644 0.654815
255 -2.635611 0.512241 -75.477220 0.283921 240.932006 0.891628 -16.885084 2.561726
255 -1.951145 0.162322 -32.887862 2.107218 363.985127 0.598457 5.758059 1.192794
255 -1.532445 0.559331 85.574124 0.843110 290.138372 0.686068 -1.218333 0.355393
255 -2.554205 0.600258 -86.500358 0.881004 322.196072 0.837518 -17.184671 2.398914
255 -1.610290 0.205816 -86.870588 1.657945 216.852299 0.978850 75.141934 0.511085
255 -1.512006 0.639646 10.148338 0.932861 222.206223 0.181713 37.549187 0.314516
256 -2.576163 0.529543 -73.845673 0.757222 251.908219 0.370741 -72.845334 2.442830
256 -1.695881 0.638921 -7.985297 2.502845 212.873439 1.014959 79.649321 0.682265
256 -1.538329 0.284719 67.498252 0.987739 279.888399 0.495713 -7.471861 0.367162
256 -1.485697 0.011725 34.645816 1.593744 271.056238 0.439950 82.698822 0.261898
256 -2.149988 0.625115 -78.380979 0.281833 236.959910 0.845221 9.757092 1.590479
256 -1.449299 0.602765 12.050060 0.124393 146.050947 0.063275 84.210201 0.189102
256 -2.400339 0.599057 48.834654 0.442575 248.724531 0.775854 -29.616723 2.091182
256 -1.613950 0.651256 83.271788 0.887227 321.803702 0.746401 -5.683490 0.518403
256 -1.721312 0.248378 -81.593162 1.504855 208.635504 0.992775 80.052113 0.733127
256 -1.522827 0.493294 8.700397 0.533197 189.421085 0.150294 80.999014 0.336158
257 -2.860644 0.475389 -67.995273 0.917008 264.618314 0.333950 -67.509156 3.011792
257 -1.502223 0.632763 -8.928860 2.477873 212.882953 1.004324 76.389401 0.294949
257 -1.924703 0.433743 -87.547683 1.255717 322.286877 0.340770 16.638297 1.139911
257 -1.696757 0.020574 40.289321 1.373271 256.633792 0.478515 73.215985 0.684018
257 -1.987138 0.628763 84.511306 0.221114 223.280272 0.854502 13.344185 1.264780
257 -2.611111 0.643262 65.778544 1.657525 420.540297 0.838076 -31.028266 2.512727
257 -3.588487 0.469335 71.528638 0.280324 260.539034 0.724775 -13.344365 4.467479
257 -1.742615 0.553279 -88.728643 1.101062 329.803967 0.687813 8.449254 0.775734
257 -1.896355 0.300513 88.834544 1.507473 215.325035 0.998775 85.798761 1.083214
257 -2.538331 0.761683 -68.760185 0.461433 265.116158 0.208931 27.326267 2.367166
258 -2.104315 0.457762 -62.946390 1.074001 268.514858 0.384545 -52.736922 1.499133
258 -1.859993 0.674334 -10.461089 2.562313 206.319977 1.048195 85.066828 1.010489
258 -1.942911 0.331450 -86.970061 1.008849 271.437913 0.126049 55.236024 1.176326
258 -1.635005 0.025219 48.367779 1.252069 241.039543 0.563953 80.280139 0.560513
258 -2.258990 0.537458 84.088218 0.295089 202.359933 1.018064 33.253038 1.808484
258 -2.757336 0.635857 68.684186 1.643353 419.049740 0.838242 -27.971201 2.805177
258 -3.670748 0.537346 60.025844 0.219121 254.685056 0.659616 -25.403200 4.631999
258 -1.475970 0.600029 83.927672 1.135614 339.573986 0.784361 2.226555 0.242444
258 -1.618094 0.267709 -66.495513 1.444263 208.660030 0.938196 81.206297 0.526691
258 -5.242023 0.799437 -74.984837 0.092121 267.985664 0.226228 32.088140 7.774550
259 -3.308505 0.488142 -56.774228 1.044564 270.896451 0.425022 -57.008804 3.907514
259 -1.679344 0.719632 -9.099859 2.441578 209.108009 1.006299 80.570682 0.649191
259 -2.222753 0.304585 -87.938371 0.883341 260.684145 0.183426 47.900543 1.736010
259 -2.382363 0.029715 64.201148 1.418265 248.857295 0.668694 72.843643 2.055231
259 -1.946897 0.431644 71.604905 0.158589 198.781398 0.985272 5.539353 1.184297
259 -2.516984 0.617700 70.582334 1.672591 417.179841 0.857746 -27.269660 2.324471
259 -1.892619 0.763899 85.235146 1.868546 452.323766 0.202277 -17.914786 1.075741
259 -2.765149 0.756755 -76.268151 0.490490 300.393678 0.727087 11.936179 2.820803
259 -1.626755 0.138709 -29.167408 1.479588 192.897810 1.001303 -81.553597 0.544013
259 -3.312971 0.771277 -67.904899 0.379376 275.472192 0.257252 21.911704 3.916447
260 -2.540378 0.582518 -87.898349 0.787593 281.528877 0.332028 -58.371382 2.371261
260 -2.766271 0.784383 -21.241929 2.741913 230.656436 0.968370 65.882575 2.823045
260 -2.324031 0.237462 -83.249299 0.854474 242.908102 0.144291 69.294016 1.938565
260 -1.961200 0.044749 37.504986 1.174758 230.080064 0.652067 73.806286 1.212903
260 -2.422622 0.440306 85.025276 0.206605 233.809961 1.029911 -2.903016 2.135747
260 -1.846767 0.623813 67.468492 1.631794 411.086727 0.882516 -23.687470 0.984037
260 -1.676432 0.783876 86.766379 1.770281 447.520488 0.178712 -4.333667 0.643367
260 -2.968021 0.683168 -65.402582 0.472296 276.811386 0.724420 18.202370 3.226547
260 -1.617801 0.236200 -45.403440 0.701724 154.716640 0.968174 -76.778037 0.526105
260 -2.332390 0.770985 -84.344444 0.374065 274.036837 0.298347 9.040138 1.955285
261 -3.910379 0.080459 -47.767359 0.993753 273.041730 0.370522 -40.361843 5.111261
261 -2.866269 0.780588 -27.905636 2.704510 231.272567 0.954005 57.675389 3.023041
261 -2.469702 0.275618 -69.491544 0.955093 263.337829 0.005828 72.246764 2.229908
261 -1.447125 0.067903 40.474353 1.169098 227.311022 0.588191 75.539421 0.184754
261 -1.674147 0.414456 -79.107624 0.509565 240.800551 0.955760 -8.418777 0.638798
261 -1.872745 0.607267 64.348524 1.622846 406.621460 0.912042 -25.500635 1.035993
261 -1.753581 0.794450 88.440881 1.723763 446.998559 0.176327 -4.840456 0.797665
261 -2.210871 0.516090 68.497704 0.371590 240.046675 0.297148 -1.764895 1.712247
261 -1.706802 0.324912 -47.197253 0.791907 166.558420 0.932224 87.965154 0.704107
261 -1.863597 0.797583 2.461549 1.428643 263.690570 0.238229 28.285537 1.017699
262 -2.593502 0.119193 -46.473679 0.884480 254.350706 0.427639 -41.649029 2.477508
262 -3.053672 0.788352 -25.858952 2.694521 231.125286 0.959154 57.915829 3.397847
262 -2.155824 0.475222 -73.816809 0.825176 266.388198 0.030363 6.128437 1.602153
262 -2.246719 0.008175 45.728030 0.980642 227.101519 0.521430 69.126286 1.783942
262 -1.732172 0.546759 88.961652 0.374937 223.812494 0.896879 8.906488 0.754847
262 -2.353344 0.538767 82.246705 1.606955 399.704253 1.042477 -17.207270 1.997191
262 -1.681728 0.797203 88.902101 1.731063 448.334373 0.178592 -4.369278 0.653960
262 -1.993443 0.359334 53.923274 0.287958 221.715636 1.039838 -0.509852 1.277390
262 -1.502539 0.317663 -58.722919 0.763110 161.469736 0.962569 -86.687763 0.295583
262 -1.414003 0.759104 8.426757 1.157482 236.724296 0.516272 29.136135 0.118509
263 -1.511610 0.741885 -0.172549 2.309326 269.022777 0.486536 87.097414 0.313723
263 -2.779262 0.761393 -25.503264 2.696241 227.710304 0.973007 58.468275 2.849027
263 -1.713312 0.466092 -85.860869 0.819892 290.107236 1.117970 8.851610 0.717128
263 -1.525102 0.013557 46.294029 1.013952 218.955704 0.511822 75.859811 0.340708
263 -3.530909 0.109835 25.766524 0.159530 227.505918 1.118289 -8.283390 4.352321
263 -1.881796 0.563210 -6.945537 0.171078 113.503873 1.034594 -75.954007 1.054096
263 -1.784601 0.795489 88.585395 1.718937 446.908100 0.171439 -4.007356 0.859706
263 -1.629278 0.415104 69.589738 0.890989 290.900876 0.814315 -13.738123 0.549060
263 -1.665111 0.262535 -74.060982 0.753940 157.365362 1.020533 89.329660 0.620726
263 -1.984476 0.771983 26.427766 0.766745 207.086126 0.256280 39.919842 1.259457
264 -2.777213 0.671537 10.445763 0.545858 203.504919 0.561436 -4.910212 2.844930
264 -2.195622 0.755970 -33.580193 2.665036 214.155922 1.006071 60.610247 1.681747
264 -1.775726 0.494715 -80.218367 0.899027 303.608765 1.108032 8.939409 0.841956
264 -1.963585 0.756457 29.186339 0.248857 158.016875 0.282831 -83.117015 1.217674
264 -3.066364 0.635138 -20.167627 1.283820 236.596196 0.484760 51.637178 3.423231
264 -1.543613 0.537786 -25.613729 0.878211 149.362192 1.004922 -87.973352 0.377730
264 -1.505859 0.794222 85.276223 1.653542 432.450134 0.150606 -3.213493 0.302222
264 -1.929880 0.539928 87.771634 0.798447 292.905318 0.555766 -18.178310 1.150265
264 -1.914109 0.279239 87.823910 0.014301 107.243716 1.045485 74.514435 1.118722
264 -1.803417 0.555352 4.497899 1.184108 207.201727 0.713562 74.094551 0.897338
265 -2.073154 0.445172 -18.124034 1.962610 296.497383 0.173176 76.609500 1.436812
265 -2.118198 0.771407 -29.913667 2.879916 224.759282 0.993777 64.472689 1.526901
265 -3.488630 0.575856 -38.335565 0.196825 175.539397 0.006133 -32.470880 4.267764
265 -1.416491 0.650285 -4.101885 0.442120 172.678716 0.188892 66.941566 0.123485
265 -1.453613 0.634521 1.299817 0.710449 189.483253 0.436639 54.417952 0.197730
265 -2.802495 0.536561 -18.067800 0.748900 183.031703 0.826800 -85.452359 2.895493
265 -1.603075 0.078013 -70.045786 2.780499 397.131050 0.118927 -33.379158 0.496653
265 -1.860448 0.513465 77.328170 1.225531 332.712613 0.478976 -30.188875 1.011399
265 -1.774236 0.099964 79.894282 0.153462 89.132104 1.182094 88.185028 0.838975
265 -1.644189 0.432851 75.986542 1.997367 391.434758 0.261631 -7.354528 0.578883
266 -2.608886 0.455664 -24.868536 2.091162 308.032694 0.127792 50.711390 2.508275
266 -2.141713 0.771523 -34.412897 3.160036 237.614490 0.970788 59.667092 1.573930
266 -3.039477 0.573577 -35.314886 0.239509 175.238301 0.000020 -28.994354 3.369458
266 -1.455365 0.730195 -2.993750 1.880601 265.116069 0.260821 -77.129136 0.201234
266 -1.643500 0.583211 31.282952 1.109463 238.538112 0.561068 42.747918 0.577503
266 -1.638438 0.554295 -20.186938 0.755767 169.679733 0.824459 -81.547666 0.567380
266 -1.759668 0.085359 -66.493847 2.968396 411.762397 0.109452 -22.133490 0.809840
266 -1.862009 0.464468 67.085089 1.590981 362.067653 0.357417 -20.032601 1.014522
266 -1.915068 0.016717 54.748655 0.647106 130.966942 1.104237 88.988539 1.120639
266 -1.622699 0.493577 10.434218 1.072972 239.208221 0.242247 44.258630 0.535903
267 -1.913256 0.157465 17.711561 2.291319 274.114887 0.753921 -71.074641 1.117015
267 -2.926220 0.779483 -31.756923 3.140174 238.555699 0.982389 55.175961 3.142943
267 -1.990660 0.504743 -24.611993 0.850950 221.455576 0.046737 -40.429540 1.271823
267 -1.722410 0.793610 3.516063 2.210351 291.945674 0.142461 -67.052915 0.735324
267 -1.520556 0.577912 28.988241 1.290103 247.378186 0.573135 50.283513 0.331616
267 -1.657792 0.688094 -25.623426 0.786740 156.973570 0.940404 -85.601771 0.606088
267 -1.668411 0.078860 -68.484259 2.917994 405.189801 0.073653 -19.103307 0.627327
267 -1.922350 0.500124 59.812617 1.484428 355.001537 0.383587 -23.994712 1.135204
267 -1.442469 0.048888 51.999923 0.328455 88.752986 1.167095 84.097621 0.175441
267 -1.477653 0.427035 4.038978 1.385122 261.295931 0.161796 41.747985 0.245809
268 -1.911677 0.195347 13.720347 2.378687 274.008450 0.779156 -73.254302 1.113858
268 -1.892880 0.753568 -28.252929 3.195614 247.233803 0.944846 68.099513 1.076264
268 -2.046284 0.454111 -6.325108 1.349661 285.246988 0.964871 3.950872 1.383072
268 -1.519885 0.078586 -7.533395 2.083572 311.489907 0.347857 80.879935 0.330274
268 -1.539251 0.554819 28.769613 1.374501 250.387763 0.548224 52.810077 0.369006
268 -2.998584 0.532617 -35.629338 0.898702 197.520215 0.808247 88.719039 3.287671
268 -1.606692 0.061649 -69.079331 2.961113 408.145345 0.081831 -17.532124 0.503888
268 -1.950109 0.473658 68.107119 1.919119 397.329629 0.395775 -22.449591 1.190722
268 -1.424538 0.033715 49.657262 0.024201 85.055107 1.085554 -88.714257 0.139580
268 -3.663626 0.607856 -15.124425 0.559352 252.433526 1.191230 -5.780589 4.617756
269 -1.850978 0.201430 12.412817 2.455569 282.184169 0.751183 -75.742194 0.992459
269 -2.116368 0.794259 -20.486052 3.004937 249.729724 0.904059 71.697835 1.523241
269 -2.073943 0.362578 -0.319845 1.282170 288.178816 0.942659 -17.768538 1.438391
269 -1.583839 0.041552 -0.344464 1.950975 306.894474 0.332492 84.964542 0.458182
269 -1.507520 0.554479 27.704708 1.357911 249.159525 0.551699 54.407599 0.305544
269 -1.873384 0.596981 -44.760589 1.140739 194.836313 0.865866 -79.491020 1.037273
269 -1.576079 0.110723 -75.535312 3.081852 419.694501 0.076918 -30.457898 0.442662
269 -1.767871 0.473346 71.126187 1.786403 385.242215 0.435736 -21.238827 0.826246
269 -1.488990 0.089980 61.012718 0.204452 109.533686 1.048419 79.539983 0.268483
269 -2.228191 0.589608 -42.720169 0.582794 240.572184 1.198130 -18.504274 1.746885
270 -2.265256 0.283659 1.303561 2.323876 277.405641 0.748469 74.493709 1.821016
270 -1.927433 0.794707 -19.918098 3.065439 246.406205 0.928990 76.295225 1.145370
270 -1.649486 0.490047 -11.357727 1.282557 269.846701 0.887674 -6.967862 0.589476
270 -1.423417 0.080714 -3.034926 2.133240 314.922365 0.328434 80.914560 0.137337
270 -1.402341 0.667827 21.975161 0.231584 151.428662 0.559013 70.319253 0.095185
270 -2.415548 0.606428 -27.747903 0.891452 173.681259 0.946663 -85.206083 2.121600
270 -1.822286 0.069775 -65.218505 3.031195 413.747786 0.076255 -15.237503 0.935077
270 -1.662546 0.440822 79.349044 1.695712 373.105684 0.468177 -13.538635 0.615596
270 -1.401218 0.083897 49.254370 0.439256 128.485480 0.986854 83.520800 0.092940
270 -2.416845 0.514621 -43.701112 0.876203 272.565260 1.112921 -15.453342 2.124194
271 -1.965040 0.262872 7.405191 2.010240 270.780727 0.679253 73.998005 1.220583
271 -1.577492 0.761784 -19.069583 3.117975 247.973265 0.915123 73.590075 0.445487
271 -2.249397 0.774732 7.242285 1.448771 264.401833 0.839229 20.609373 1.789297
271 -1.471476 0.070821 4.127095 1.818224 296.065256 0.297764 70.499973 0.233455
271 -1.515724 0.744446 9.462466 0.258232 160.170768 0.590589 35.531953 0.321951
271 -2.390848 0.582449 -13.072510 0.178605 131.798353 0.913456 64.630287 2.072199
271 -1.561121 0.037209 -41.349951 3.140053 419.796869 0.167700 -14.735710 0.412745
271 -2.074865 0.495742 84.114116 1.524401 362.242026 0.487382 -29.083734 1.440234
271 -1.437805 0.072999 56.176784 0.539147 145.599992 0.924227 89.739489 0.166114
271 -1.491589 0.779139 11.994641 0.149805 137.355658 0.375279 63.019651 0.273682
272 -1.544960 0.316016 -7.274934 2.188112 262.920783 0.743270 84.522746 0.380423
272 -1.603604 0.640603 -20.759730 2.710067 242.358777 0.916388 79.882088 0.497711
272 -1.464480 0.713711 18.032126 1.373505 259.155672 0.811692 25.846226 0.219465
272 -1.616551 0.135150 20.208465 1.357118 265.512462 0.240927 79.629992 0.523605
272 -1.609520 0.737150 -1.416900 0.087899 150.072313 0.363300 36.968217 0.509543
272 -2.230833 0.652527 -25.305821 0.297897 150.670987 0.820212 82.315794 1.752169
272 -1.720646 0.076392 -44.626774 3.281270 431.922844 0.205191 -10.362667 0.731796
272 -1.855083 0.449015 88.750836 1.621751 359.687474 0.446681 -30.494459 1.000669
272 -1.420407 0.030523 60.475745 0.706422 168.573058 0.809700 89.106722 0.131317
272 -1.533032 0.495972 17.865751 1.489025 270.698715 0.325313 34.248143 0.356569
273 -1.575710 0.148648 -14.215053 2.846021 315.691155 0.705242 -81.759143 0.441925
273 -2.210126 0.708968 -16.877833 2.908482 243.212364 0.943164 66.997838 1.710756
273 -1.714939 0.040993 19.457074 0.715804 245.942008 0.817158 -9.703041 0.720382
273 -1.596973 0.193841 -21.151085 1.966306 299.051727 0.296579 76.874869 0.484450
273 -1.460775 0.689864 14.651833 0.095734 152.059480 0.452883 26.749503 0.212054
273 -2.081421 0.711601 8.536069 0.149966 125.411272 0.961483 -75.678110 1.453346
273 -1.845028 0.073300 -43.348061 3.409334 438.009655 0.176931 -14.829577 0.980560
273 -1.893901 0.181729 -48.942862 1.564766 324.510864 0.628192 -11.061112 1.078306
273 -1.453525 0.118312 59.391106 0.099892 122.988986 0.875033 86.639093 0.197554
273 -1.759937 0.571669 22.190646 1.234783 245.380053 0.277786 35.453172 0.810378
274 -1.685023 0.144337 -17.440566 2.909907 322.767122 0.690879 -82.949301 0.660549
274 -1.744255 0.714779 -17.583096 2.984467 241.836598 0.945333 69.028070 0.779014
274 -1.566047 0.099772 22.582561 0.666916 234.085638 0.932144 -12.336458 0.422597
274 -2.126768 0.307136 -20.950713 1.673954 282.930114 0.268299 -88.421440 1.544039
274 -1.773468 0.724904 7.330219 0.214894 174.603812 0.609265 14.576106 0.837439
274 -1.671884 0.786104 17.575780 0.628450 133.884233 0.943986 -79.204733 0.634272
274 -1.562838 0.209791 13.508644 0.550670 144.814183 0.946741 79.588293 0.416180
274 -2.170688 0.294154 -49.306319 1.757473 351.006282 0.650953 -1.017246 1.631879
274 -2.203020 0.357825 -25.750175 0.711340 244.492357 0.944508 -5.912467 1.696544
274 -1.693833 0.427641 18.455772 1.211766 249.091279 0.198842 25.932055 0.678170
275 -1.475332 0.182180 -31.323097 2.881281 318.219202 0.711371 -84.985692 0.241169
275 -1.595673 0.694139 -21.756131 3.049872 242.845723 0.951333 74.945539 0.481850
275 -2.022801 0.121782 18.367013 0.886922 253.410967 0.993584 17.962943 1.336106
275 -1.644927 0.242695 -15.108607 1.273359 223.053206 0.654046 -68.586460 0.580358
275 -1.542607 0.747324 14.019652 0.177896 163.449312 0.632744 19.641453 0.375717
275 -1.560259 0.488512 18.160140 0.519468 179.659226 0.527186 71.902004 0.411022
275 -1.475832 0.246848 25.466646 0.368158 130.385378 0.903841 72.806659 0.242168
275 -1.758619 0.299670 -57.419492 1.758138 344.257959 0.596939 -16.857818 0.807742
275 -2.572905 0.299077 -29.965172 0.860406 270.386380 1.088271 8.738910 2.436313
275 -1.719576 0.403425 11.809928 1.024429 234.176922 0.107889 -5.076472 0.729656
276 -1.493607 0.213477 -35.645394 3.010397 335.858278 0.616683 86.952141 0.277718
276 -1.752795 0.648161 -16.900953 3.518804 255.836396 0.982545 70.790203 0.796095
276 -1.539567 0.052932 21.601405 1.047431 274.585850 1.094224 3.920046 0.369638
276 -2.075374 0.389145 -35.508947 1.008459 220.556665 0.577932 -84.883040 1.441251
276 -1.527905 0.678972 -0.796312 0.224665 132.110199 0.844729 85.803722 0.346314
276 -1.594233 0.574210 19.764125 0.701320 178.040224 0.711952 76.977436 0.478969
276 -2.194877 0.286863 29.297942 0.096597 136.467459 0.878597 73.791319 1.680257
276 -3.090163 0.352486 -57.071655 1.387309 304.695443 0.742015 -43.586470 3.470830
276 -2.944566 0.281890 -39.208729 0.682435 262.360372 1.030728 7.993024 3.179635
276 -1.862602 0.301883 15.412210 1.631825 281.169057 0.071406 -64.700863 1.015708
277 -1.594429 0.209664 -10.207760 2.314884 259.951760 0.845977 82.973278 0.479362
277 -1.786049 0.605848 2.911640 3.540135 255.833412 0.999980 86.491363 0.862601
277 -1.460163 0.025406 -42.039528 1.319847 302.860595 1.025768 -9.946736 0.210829
277 -2.085119 0.463786 -7.237121 1.029348 220.130888 0.535170 -59.317573 1.460742
277 -2.510662 0.150823 -17.795375 0.814679 180.229703 0.876622 75.720528 2.311828
277 -1.839414 0.624491 5.393673 1.182253 211.005030 0.617134 -89.813551 0.969332
277 -1.392964 0.343491 34.461636 0.140274 128.344010 0.737727 75.413825 0.076431
277 -2.857521 0.343613 -59.651092 1.400804 312.555128 0.736885 -37.134310 3.005546
277 -1.975507 0.272191 -18.151176 0.554340 230.446531 1.174375 0.622139 1.241518
277 -1.817201 0.311593 11.270351 1.779632 293.595898 0.058570 -65.879995 0.924906
278 -1.450417 0.195774 -11.342104 2.020522 248.986824 0.814692 89.217643 0.191339
278 -1.586806 0.589232 6.773023 3.278344 242.276774 1.009586 -81.587156 0.464115
278 -2.539909 0.040570 -45.581360 1.323753 312.049310 1.035175 -30.762543 2.370321
278 -1.412981 0.408719 -13.563320 1.374241 266.630452 0.267522 -22.849444 0.116466
278 -1.909672 0.086707 -9.030358 1.404587 207.069349 0.913291 79.689422 1.109848
278 -1.657284 0.756612 24.775439 0.220877 131.842020 0.702041 -82.400804 0.605072
278 -1.460004 0.214858 17.492099 0.423417 120.983453 0.985967 -89.822197 0.210512
278 -2.299802 0.403074 -67.107937 0.941105 285.369953 0.584396 -20.495177 1.890109
278 -1.709782 0.197833 -10.267279 0.816893 221.140687 0.093011 19.040792 0.710068
278 -2.115863 0.241519 20.976714 1.658014 282.285748 0.122372 -54.375712 1.522231
279 -1.540810 0.222090 -8.655778 1.939549 251.405770 0.761986 -79.671397 0.372124
279 -1.703373 0.569430 8.565060 3.079697 232.478158 1.026283 -79.484139 0.697249
279 -2.099612 0.019718 -44.218348 1.178263 293.079126 1.116787 -32.165816 1.489728
279 -1.657742 0.520994 -9.530289 1.336677 256.246565 0.107271 27.058010 0.605987
279 -1.733865 0.022586 -59.526137 1.328641 225.214502 0.767560 -83.557299 0.758234
279 -1.643592 0.700976 1.120588 0.558193 156.279225 0.825994 64.086530 0.577688
279 -1.423650 0.514923 19.147754 0.350434 151.040998 0.561917 68.063813 0.137803
279 -2.065991 0.671585 2.541166 0.997584 226.713892 0.246613 -74.009125 1.422486
279 -1.429396 0.218995 -5.808717 0.657098 206.471245 0.044214 3.367664 0.149296
279 -2.821501 0.618673 26.545843 1.693277 204.990003 0.970864 79.312619 2.933505
280 -1.991378 0.735461 -20.842542 1.270238 222.872382 0.452474 61.136491 1.273261
280 -3.007141 0.599953 9.432494 3.141241 237.330197 1.026967 85.928892 3.304786
280 -1.547731 0.080888 -35.932204 1.123796 285.746824 1.087120 -12.232237 0.385966
280 -1.592166 0.798925 -7.934075 1.325392 252.840048 0.200565 2.929339 0.474836
280 -1.856998 0.036024 -57.473992 1.717833 266.474427 0.657700 86.706189 1.004499
280 -1.863528 0.746071 -25.333019 0.326681 185.503985 0.393763 -44.707133 1.017561
280 -2.097027 0.007055 -11.682576 0.621196 242.604720 0.748072 -2.609196 1.484557
280 -1.443109 0.585797 0.656118 1.732766 261.044321 0.263089 87.910589 0.176723
280 -1.848531 0.210606 -1.456752 0.523363 196.190373 0.165189 30.942949 0.987566
280 -2.153823 0.631928 24.190655 1.638724 199.635515 0.958093 79.005228 1.598150
281 -1.739485 0.588279 -14.382378 1.585126 233.290545 0.599812 70.460127 0.769474
281 -2.073104 0.471640 -8.143060 2.286485 257.786092 0.789917 69.254605 1.436711
281 -1.583461 0.090149 -28.875200 0.933531 262.905648 0.871031 -8.193635 0.457425
281 -1.978594 0.716265 0.833134 1.371256 259.980223 0.054144 26.276227 1.247691
281 -2.262387 0.015210 -63.984645 1.463547 261.271668 0.538053 69.413569 1.815278
281 -2.919193 0.627162 -24.675228 0.021908 165.304432 0.450463 -46.335080 3.128890
281 -1.913167 0.183777 -28.072871 0.899282 250.218944 0.633918 0.372959 1.116837
281 -1.518886 0.418956 27.548975 1.057063 227.697266 0.515261 62.022847 0.328275
281 -1.684538 0.210462 -1.203621 0.518290 193.769454 0.143278 36.307628 0.659580
281 -1.521264 0.640148 22.974739 1.692836 201.010170 0.937255 83.270558 0.333031
282 -1.913628 0.428421 4.904943 2.004133 304.615935 0.402850 38.042964 1.117761
282 -1.949086 0.254374 42.833794 1.938998 339.253687 0.262369 27.384025 1.188676
282 -1.795101 0.021268 28.051134 1.240115 298.395851 0.748036 -5.927401 0.880706
282 -2.153279 0.133057 -89.207335 0.731288 251.439119 1.047913 21.742513 1.597062
282 -2.025701 0.149935 -61.820704 1.641168 280.291908 0.412212 77.665883 1.341906
282 -1.827955 0.765608 -10.151660 0.351951 190.886916 0.231898 -57.569512 0.946414
282 -1.714413 0.142846 -63.626516 0.858874 258.670255 0.643686 -3.701077 0.719330
282 -1.410015 0.519050 8.498549 1.116284 219.619440 0.447520 64.736491 0.110533
282 -1.383453 0.273072 4.974397 0.762320 211.233027 0.020678 35.733714 0.057409
282 -1.512059 0.633671 22.862223 1.504493 195.393758 0.923988 81.357282 0.314621
283 -1.766844 0.483996 -6.822481 2.189491 316.777583 0.212163 25.817623 0.824193
283 -1.954026 0.252489 41.314902 1.916947 335.072222 0.300601 29.923981 1.198557
283 -1.484570 0.042233 75.512023 1.616118 335.017849 1.027859 1.370531 0.259643
283 -2.315182 0.157932 84.052428 0.411791 223.949035 1.132410 18.972300 1.920867
283 -1.633557 0.056698 -81.700743 1.556708 308.730743 0.182282 -23.999813 0.557617
283 -1.530834 0.643721 -9.887478 0.502879 187.787968 0.242889 -64.616231 0.352172
283 -1.604108 0.137342 -50.710552 0.831824 255.549214 0.912539 -13.547453 0.498720
283 -1.397150 0.379373 0.693415 1.000094 224.848694 0.094109 73.347793 0.084804
283 -1.722030 0.576490 -8.290936 1.236157 248.783446 0.051321 -62.686279 0.734564
283 -1.460023 0.623241 -3.995276 1.734711 171.634641 1.056198 78.723725 0.210550
284 -1.672438 0.534317 22.743182 1.851048 291.517678 0.342828 42.259202 0.635379
284 -2.321020 0.520420 -70.060280 0.650415 252.923705 0.338516 33.503946 1.932543
284 -1.666587 0.075946 73.546837 1.340432 316.788928 1.055425 -0.415027 0.623677
284 -2.003037 0.066447 74.246564 0.682655 252.929700 1.104253 -23.458970 1.296578
284 -1.577823 0.107611 -83.806110 1.450078 298.921205 0.115954 -25.045981 0.446149
284 -1.655687 0.738934 -10.737758 0.236937 169.322881 0.473860 -53.381613 0.601878
284 -2.146480 0.028938 -14.361357 1.026422 284.868876 1.181189 12.086825 1.583463
284 -1.381531 0.334126 1.894723 0.857058 217.035516 0.068222 71.800113 0.053565
284 -1.996412 0.526199 -22.933301 1.509946 269.250081 0.091264 -70.616949 1.283328
284 -2.062285 0.571005 -5.768340 1.821833 191.537697 1.018445 -85.121321 1.415074
285 -1.430388 0.539983 2.902659 1.862957 279.529608 0.365013 46.867129 0.151280
285 -2.531628 0.126595 70.217560 0.514618 226.539190 0.920353 25.649797 2.353761
285 -1.579985 0.023525 86.605988 1.747366 341.102401 0.793682 -19.288383 0.450474
285 -1.516731 0.148760 86.314228 0.729936 250.173272 1.059241 -1.780080 0.323966
285 -1.610993 0.116820 -81.163441 1.077340 270.434615 0.262614 -19.749601 0.512489
285 -1.694142 0.087317 52.854907 0.822956 242.560695 0.430898 9.031423 0.678788
285 -1.721035 0.783519 -10.748093 2.053450 297.816198 0.161749 -15.408161 0.732573
285 -1.744339 0.439673 -5.915463 0.810626 212.795502 0.264383 64.485480 0.779182
285 -1.836362 0.521960 17.455897 1.526414 253.020800 0.191707 -74.596857 0.963228
285 -1.643491 0.676581 -8.327237 1.406497 155.631044 1.072212 78.155364 0.577487
286 -1.659188 0.488149 12.424901 1.735434 286.679018 0.291993 43.555255 0.608879
286 -2.392017 0.569180 -61.399747 0.818598 199.953178 0.929628 -70.534523 2.074537
286 -1.651935 0.030216 -61.408185 1.572039 330.152975 0.964148 -17.657554 0.594374
286 -1.820468 0.050761 -89.796632 0.438116 214.495611 0.995443 6.564790 0.931440
286 -2.181946 0.165651 -77.826367 1.193635 296.979311 0.398464 -19.480657 1.654397
286 -1.899371 0.060674 36.644267 1.230943 290.238920 0.402281 -9.613868 1.089245
286 -1.873581 0.755980 -2.132584 2.090054 304.774023 0.209533 -11.405206 1.037665
286 -1.686806 0.527640 -23.914305 0.495188 182.734565 0.391682 -81.195575 0.664116
286 -1.744330 0.509855 22.219885 0.045365 128.641335 0.188291 -70.539186 0.779164
286 -1.600891 0.680810 -9.752038 1.636171 159.335269 1.088798 75.248525 0.492285
287 -1.549890 0.521553 15.101879 1.683533 280.349574 0.234672 36.061250 0.390283
287 -2.260478 0.503523 -22.747541 0.455159 162.820532 0.851795 -65.842916 1.811459
287 -1.498456 0.205174 32.098533 0.712556 138.665840 1.024752 -88.274997 0.287415
287 -1.794344 0.079299 84.935076 0.412039 214.613806 0.893546 0.889070 0.879192
287 -1.614114 0.080131 27.914409 1.024822 272.615754 0.803733 -15.130022 0.518732
287 -1.961307 0.047331 52.999777 0.945923 265.922325 0.575272 8.593084 1.213118
287 -2.185971 0.624453 3.791482 1.511036 261.957103 0.267528 -48.619654 1.662446
287 -2.352897 0.457659 -24.239255 0.430518 187.958321 0.499603 -79.734256 1.996298
287 -2.083926 0.510235 32.034142 0.005070 118.723663 0.212013 -65.153373 1.458355
287 -1.470156 0.732033 8.737321 1.559866 247.355287 0.305403 62.245993 0.230815
288 -1.610531 0.753214 10.200490 1.955345 276.785825 0.061377 71.013521 0.511566
288 -2.506955 0.606419 -29.850149 1.261291 222.241100 0.672682 86.341023 2.304413
288 -1.665605 0.608274 -8.174585 0.244176 160.287938 0.401338 70.508763 0.621714
288 -1.794487 0.092667 55.900854 1.147115 276.821154 0.632642 18.298144 0.879479
288 -1.526969 0.138707 7.455642 1.339322 295.129312 0.856238 2.087164 0.344441
288 -2.453679 0.024174 84.733002 0.691556 242.062646 0.434525 8.063689 2.197861
288 -1.458112 0.573027 -9.884871 1.913233 289.157206 0.150361 -48.058985 0.206728
288 -1.551258 0.571713 4.484696 0.352747 138.724327 0.637528 -76.375859 0.393019
288 -2.355856 0.512594 35.767703 0.187986 135.918201 0.199163 -55.037833 2.002216
288 -1.804592 0.793983 -4.412478 5.063234 432.482182 0.069976 28.244506 0.899688
289 -1.637407 0.780554 11.836048 1.799870 262.191331 0.149252 -87.480901 0.565318
289 -1.479318 0.604168 -10.355919 0.731681 193.720496 0.421495 -59.769893 0.249139
289 -2.302066 0.399943 -8.296467 0.718388 206.798172 0.442564 -88.982514 1.894636
289 -2.648887 0.117753 48.955289 1.310398 288.626134 0.635919 35.399620 2.588278
289 -1.580768 0.201210 37.528438 1.403014 315.651877 0.899212 -8.544233 0.452039
289 -2.257467 0.155344 84.793322 0.592252 224.502885 0.267834 17.828289 1.805438
289 -1.757523 0.523308 -11.985266 3.881587 403.087165 0.238670 -54.298393 0.805551
289 -1.737942 0.545895 5.266141 0.702002 165.088088 0.642659 -69.542266 0.766387
289 -2.794401 0.500630 40.966107 0.209038 133.331960 0.160541 -53.981278 2.879305
289 -1.468808 0.799811 -3.916805 4.983863 423.462993 0.029754 26.995823 0.228119
290 -1.637574 0.364920 -21.790030 1.300021 264.443633 0.318790 -23.522186 0.565652
290 -2.514915 0.603291 -46.035876 0.053057 159.942284 0.541357 -82.044655 2.320335
290 -1.638346 0.357949 -15.690803 0.535249 180.228796 0.499374 88.756168 0.567196
290 -1.436546 0.241506 52.316000 1.634758 282.987676 0.525886 64.460351 0.163596
290 -2.708506 0.355962 46.646254 1.070585 315.525901 1.179158 -35.431011 2.707516
290 -2.712049 0.099375 -88.872661 0.667675 232.422751 0.294808 26.916386 2.714603
290 -1.740464 0.499739 -9.051084 3.576408 384.039830 0.279589 -58.494106 0.771433
290 -1.615542 0.482151 -42.815552 0.139028 140.664373 0.617491 -84.126333 0.521587
290 -1.396256 0.596984 2.613589 0.060807 140.089664 0.086678 -15.548093 0.083015
290 -1.634527 0.780744 -14.762635 4.752348 417.736139 0.006901 28.782400 0.559557
291 -2.545223 0.555975 31.337639 0.798716 188.202459 0.319704 -47.878958 2.380950
291 -2.617628 0.605408 -41.822287 0.393024 187.415220 0.616151 -77.101462 2.525760
291 -1.500896 0.528671 3.425584 0.080542 118.894482 0.564499 -80.672163 0.292295
291 -1.684336 0.208654 49.135787 1.905968 303.434987 0.503244 67.110861 0.659175
291 -1.624995 0.798080 0.056737 0.657211 181.658612 0.654992 48.031492 0.540493
291 -1.899804 0.155859 -40.656929 0.853316 132.721124 1.128081 -73.883386 1.090112
291 -1.890377 0.504072 -13.622903 3.473607 374.884517 0.308673 -68.769156 1.071257
291 -2.033053 0.494199 -43.598523 0.416176 161.711837 0.749917 86.244380 1.356609
291 -1.464845 0.657465 9.881599 0.326487 168.474457 0.058687 -0.074334 0.220194
291 -1.940142 0.563443 -27.859959 1.500736 307.541523 1.097460 -7.076766 1.170787
292 -1.631478 0.434233 8.899766 1.268310 231.098456 0.362757 -75.230664 0.553461
292 -3.090070 0.595865 -39.481132 0.489089 196.964284 0.685667 -74.501757 3.470643
292 -1.504256 0.552563 4.285988 0.367672 161.380035 0.533714 86.431852 0.299015
292 -1.502380 0.201005 68.767983 1.429845 273.502744 0.454396 75.204440 0.295264
292 -1.431272 0.128317 -47.916119 0.343057 141.072592 0.819102 -82.500816 0.153048
292 -1.805785 0.155874 -40.758285 0.869226 133.631662 1.123798 -74.519431 0.902074
292 -1.735162 0.522534 -19.408216 3.400883 368.922214 0.340018 -70.959449 0.760828
292 -1.619139 0.542855 -50.013419 0.130650 135.307642 0.836136 -81.831774 0.528781
292 -1.690536 0.423964 14.622691 0.502702 183.364096 0.066900 -24.148520 0.671575
292 -2.685231 0.547787 -16.450298 0.485708 229.622491 1.034354 -14.010084 2.660965
293 -1.537704 0.354619 -2.846805 0.810395 197.587167 0.492474 -88.220692 0.365912
293 -1.700385 0.572979 -37.989091 0.606936 194.532264 0.715001 -54.897998 0.691273
293 -1.502525 0.496955 2.449638 0.482368 164.968180 0.552142 -82.515059 0.295553
293 -2.355015 0.160078 66.616474 1.411189 262.641769 0.597578 70.165620 2.000533
293 -2.053490 0.033796 -52.442114 0.574783 142.597158 1.028842 77.515594 1.397483
293 -1.816922 0.136707 0.951405 1.090231 150.670151 1.096386 87.053826 0.924348
293 -1.486444 0.510691 -17.199294 3.592769 377.205962 0.347448 -66.276110 0.263392
293 -2.430492 0.424419 -44.979320 0.140085 136.861651 0.923368 85.107089 2.151488
293 -1.667628 0.391370 13.210829 0.623180 194.234789 0.073684 -22.828670 0.625760
293 -2.982712 0.218379 57.819561 1.689027 347.130367 0.475924 -47.402860 3.255928
294 -2.138522 0.347232 28.511613 1.040894 209.269886 0.455797 -67.247902 1.567549
294 -1.948759 0.662199 -89.629217 0.229068 180.579197 0.149688 -0.097662 1.188022
294 -1.490028 0.168522 -29.928258 0.195711 141.210427 0.579517 82.209476 0.270560
294 -1.677101 0.182086 59.349512 1.866890 291.434640 0.597426 73.793775 0.644706
294 -2.340981 0.718532 32.874138 0.086324 124.640518 0.006013 85.180150 1.972467
294 -1.621713 0.035521 15.806267 0.978148 120.039561 1.185330 75.307511 0.533930
294 -1.487127 0.519913 -21.926774 3.753174 393.923665 0.341137 -59.776867 0.264757
294 -1.389630 0.232169 7.764659 0.389126 146.333886 0.738681 80.891111 0.069763
294 -1.511864 0.399203 9.082372 0.768052 206.640212 0.021645 -44.767202 0.314231
294 -2.017383 0.219519 63.286552 1.691246 345.231794 0.456210 -32.560738 1.325270
295 -1.612565 0.425213 20.335978 1.781370 278.526644 0.292884 74.751576 0.515633
295 -1.557652 0.602401 23.564772 1.163949 236.352481 0.421256 48.694468 0.405808
295 -1.635922 0.136831 -6.620686 0.330975 158.998460 0.475344 68.591707 0.562348
295 -2.011093 0.353931 11.929984 0.983886 242.919462 0.427255 22.845818 1.312690
295 -2.340675 0.745090 37.006137 0.014148 124.682189 0.029917 -66.033135 1.971853
295 -1.617985 0.119540 6.761407 0.839416 126.461259 1.135061 -88.290731 0.526474
295 -1.684943 0.523798 -28.189757 3.378738 375.652657 0.338334 -66.090583 0.660390
295 -2.552651 0.413398 60.998502 3.272539 484.023961 0.137029 -38.210159 2.395807
295 -1.457618 0.383738 3.972128 1.179946 244.587234 0.013910 -12.283064 0.205740
295 -2.381796 0.216536 73.776657 1.632369 347.550768 0.556277 -28.854343 2.054096
296 -1.464097 0.448660 11.754861 2.143316 298.307727 0.306088 70.504392 0.218697
296 -1.825091 0.616387 30.582768 1.421873 254.949713 0.454314 51.267944 0.940685
296 -2.592268 0.115566 13.996377 0.772975 210.335444 0.463971 46.676166 2.475039
296 -2.163837 0.340613 1.102582 1.267389 267.713314 0.372087 13.601172 1.618178
296 -2.425162 0.726223 39.503062 0.035015 125.318978 0.095342 -65.664662 2.140827
296 -2.495349 0.193869 15.965411 0.433096 151.709053 0.923155 64.559309 2.281202
296 -1.447045 0.638197 -13.743606 3.013562 333.012508 0.297861 -79.189330 0.184594
296 -2.757814 0.417103 67.356632 3.226428 482.783494 0.153805 -38.171417 2.806132
296 -2.130891 0.238612 -25.343983 1.048091 241.862835 0.046382 31.897038 1.552287
296 -2.259466 0.106715 68.602313 0.832439 266.138729 0.561959 -23.109802 1.809435
297 -1.669265 0.642983 5.238503 2.267338 294.035930 0.275907 87.331553 0.629033
297 -1.757891 0.619062 28.938805 1.446320 254.890386 0.455067 52.700632 0.806287
297 -1.428561 0.121130 -3.109078 0.534659 170.617578 0.505480 -88.261884 0.147627
297 -1.529520 0.366120 -7.952651 1.248601 264.090883 0.283815 -7.796609 0.349544
297 -2.312201 0.712294 36.464145 0.023789 121.536273 0.038051 -64.899376 1.914907
297 -1.430135 0.156811 31.772665 0.020346 109.236458 0.816135 -85.526018 0.150773
297 -1.769846 0.501856 22.170147 1.647432 271.071304 0.193276 61.383471 0.830196
297 -2.503647 0.418579 60.500162 3.222328 482.278268 0.150616 -35.932254 2.297798
297 -2.084166 0.233802 -24.862505 0.658554 211.177205 0.062463 86.087373 1.458836
297 -1.480689 0.220917 69.794260 0.995414 274.630311 0.698685 3.445996 0.251882
298 -1.535462 0.664506 -17.729447 1.318213 242.764849 0.119348 -43.848477 0.361427
298 -1.678281 0.627778 27.883131 1.304146 245.643626 0.452879 52.187577 0.647065
298 -1.390677 0.281751 -12.019277 0.436276 169.526708 0.332533 -69.722507 0.071858
298 -1.823663 0.528794 -17.141350 0.908110 227.878953 0.069275 -53.915626 0.937830
298 -2.736910 0.718854 38.905826 0.093854 125.094961 0.033094 -64.090364 2.764324
298 -1.947644 0.138600 35.330739 0.691533 153.751285 1.001817 82.820774 1.185792
298 -1.827977 0.530369 22.758162 1.597316 267.419996 0.150524 63.468707 0.946458
298 -2.412964 0.363344 58.160593 3.128545 469.277779 0.202811 -32.069615 2.116431
298 -1.541091 0.201621 31.352951 0.819699 179.103098 0.748841 -87.619209 0.372687
298 -1.519754 0.193554 74.331395 1.256563 306.684640 0.659169 -8.656354 0.330011
299 -1.789151 0.757300 -6.746454 1.246230 250.525279 0.076145 -12.798026 0.868805
299 -1.545970 0.682172 -8.157432 1.779516 229.123595 0.707475 -88.774072 0.382444
299 -1.810032 0.197313 -6.033063 1.521664 284.111663 0.073973 -89.077482 0.910567
299 -1.490438 0.410429 -9.699216 0.724601 200.510206 0.343953 -54.153485 0.271380
299 -2.862039 0.671448 42.260077 0.157076 128.118260 0.052582 -56.884014 3.014581
299 -1.780686 0.083663 48.897624 1.120529 185.923233 0.961247 82.132120 0.851875
299 -1.932004 0.529392 25.585415 1.628321 268.321769 0.152942 68.081683 1.154511
299 -3.107557 0.364030 67.045492 2.809172 446.164848 0.209919 -44.842799 3.505618
299 -1.662914 0.425592 -5.372184 0.797693 205.484009 0.379074 -70.190438 0.616332
299 -1.925354 0.208798 73.725195 1.124013 297.810271 0.566559 -19.758711 1.141212
300 -1.645121 0.428983 0.162334 1.576092 268.761788 0.193843 78.198022 0.580746
300 -2.184384 0.769642 4.477161 1.777201 246.564591 0.674426 64.513562 1.659272
300 -1.455302 0.310954 -10.434059 1.856058 298.589980 0.039927 -83.639063 0.201107
300 -1.528088 0.356504 -17.222136 1.114078 241.493577 0.051973 -43.978519 0.346681
300 -1.593396 0.790653 -12.937748 2.140045 291.479889 0.018904 49.614038 0.477296
300 -1.771241 0.016443 43.189691 0.196921 119.508614 0.993678 73.494428 0.832986
300 -2.161899 0.557581 -17.626115 1.045856 246.653028 0.197789 -13.450986 1.614302
300 -3.244272 0.364828 65.459828 2.812889 446.114864 0.211564 -48.368034 3.779048
300 -1.687634 0.125156 -17.242347 1.223927 261.953941 0.141082 -71.820933 0.665771
300 -1.469687 0.291490 81.905436 1.140788 301.078091 0.660297 -5.461893 0.229878
301 -1.516733 0.506762 0.323423 1.578158 256.773775 0.256947 -69.633215 0.323969
301 -1.483494 0.769994 -4.126885 1.124095 199.793105 0.594760 60.621450 0.257491
301 -1.466733 0.360124 -11.473645 1.880054 296.804549 0.050205 -85.217267 0.223971
301 -1.642089 0.280910 -19.426053 0.781813 218.707204 0.058467 -47.867293 0.574682
301 -1.871258 0.765211 -6.464659 2.087398 294.301139 0.060328 60.035717 1.033019
301 -1.499826 0.438395 82.544910 1.070676 291.590086 0.126391 -1.311448 0.290156
301 -1.855255 0.652917 -28.384458 1.339918 255.951217 0.294104 -42.354632 1.001014
301 -2.915605 0.315486 70.378037 2.793027 437.205409 0.253635 -48.291301 3.121715
301 -1.458348 0.798510 -10.376453 0.933293 192.425441 0.502478 -85.095013 0.207199
301 -1.573046 0.280463 84.976493 1.063657 294.816701 0.721450 -16.448350 0.436596
302 -1.813137 0.354543 10.093037 0.583870 165.291556 0.742590 -79.315411 0.916778
302 -1.421587 0.707583 17.633996 1.010935 196.662021 0.717514 63.633053 0.133678
302 -1.586987 0.653105 -20.428212 1.197486 231.352655 0.171574 -78.991753 0.464479
302 -2.043334 0.217951 -20.027261 1.293241 264.892039 0.186486 -80.680805 1.377171
302 -1.882937 0.795011 -11.494156 2.272994 303.070913 0.084909 38.241201 1.056378
302 -1.672987 0.612212 -1.339218 1.565260 269.966280 0.277033 -28.059872 0.636478
302 -2.841895 0.516168 -2.511553 0.363005 156.175972 0.852759 57.116786 2.974293
302 -2.811283 0.249735 71.050493 2.385819 406.593724 0.433227 -42.474997 2.913071
302 -1.474845 0.780953 -8.393708 0.854555 187.421032 0.543400 -88.176073 0.240194
302 -1.490686 0.265859 81.001580 1.233309 307.820008 0.587278 -9.980628 0.271876
303 -1.621978 0.441947 21.036399 0.641307 180.108306 0.502848 -88.717910 0.534460
303 -1.531609 0.743915 27.672187 0.871733 201.142443 0.749595 58.835320 0.353723
303 -1.849363 0.634929 -19.483228 0.965665 236.749149 0.582750 -17.963577 0.989229
303 -2.323037 0.224527 -11.388121 1.152207 246.621889 0.384944 -37.658584 1.936578
303 -1.517650 0.696917 -9.625854 2.097685 291.273060 0.070761 60.044910 0.325805
303 -1.595267 0.513744 -5.584472 1.701303 278.320872 0.232041 -46.210893 0.481038
303 -1.686704 0.589409 20.922659 0.775296 188.264909 0.401213 -87.620798 0.663911
303 -1.797689 0.211835 61.736257 2.096098 386.459750 0.643550 -16.348844 0.885881
303 -1.573825 0.602080 -4.507470 0.342515 142.250758 0.463484 -83.981898 0.438154
303 -1.871146 0.293262 84.370650 1.122495 307.011045 0.628059 -8.909225 1.032795
304 -1.800632 0.417798 32.556920 0.156390 145.504015 0.747823 61.682236 0.891768
304 -1.899300 0.287382 44.402620 1.594346 326.590987 0.368200 4.023543 1.089104
304 -1.436451 0.724053 -12.103055 1.041832 231.944388 0.612609 -19.721172 0.163406
304 -1.923591 0.311434 -38.107870 0.778089 251.123927 0.962085 -0.797227 1.137686
304 -1.671735 0.667302 17.991610 1.565584 263.557998 0.267177 50.463385 0.633974
304 -1.424345 0.535383 -1.794833 1.627404 275.122707 0.148099 -4.459042 0.139193
304 -1.581881 0.673583 4.721609 0.891426 210.906892 0.394853 59.259193 0.454266
304 -2.034440 0.145145 53.632112 1.919468 367.832252 0.736287 -23.303106 1.359384
304 -1.504395 0.688541 -1.941091 0.192091 142.222297 0.613548 -72.135108 0.299294
304 -1.842871 0.061337 56.111332 1.284589 298.256989 0.449141 -6.842450 0.976247
305 -1.441533 0.588043 25.359658 0.477650 158.269071 0.667686 76.405186 0.173570
305 -1.907477 0.275843 45.364691 1.627685 331.179067 0.379914 1.190684 1.105457
305 -1.478566 0.774667 -14.769075 0.900065 228.741763 0.694802 -23.167841 0.247637
305 -2.125364 0.406283 -49.444749 1.758427 281.820932 0.405981 -87.632903 1.541233
305 -1.583231 0.737795 2.787099 1.056756 230.555361 0.058120 48.159649 0.456966
305 -1.433507 0.562940 -3.497604 1.588145 269.120552 0.128140 -15.313764 0.157519
305 -1.584691 0.737471 3.661813 1.103662 237.966491 0.178388 -1.474830 0.459886
305 -2.332912 0.170812 64.147724 2.063932 384.220777 0.685967 -26.343136 1.956328
305 -1.556980 0.750029 -6.969343 0.991010 212.681163 0.390624 -64.664786 0.404463
305 -1.776860 0.095268 34.960465 1.319741 290.045150 0.561048 15.989421 0.844223
306 -1.524025 0.571506 28.364853 0.326372 154.300885 0.718441 75.985070 0.338553
306 -3.202219 0.306414 42.558064 1.413497 318.201154 0.140593 -25.257666 3.694941
306 -2.400110 0.068670 5.678053 0.547548 238.480595 0.762211 -3.223169 2.090724
306 -2.005447 0.447607 -41.453881 1.791887 285.697848 0.410193 -77.829672 1.301398
306 -2.079602 0.797899 -11.936902 0.845044 229.094470 0.007455 35.967663 1.449707
306 -1.421998 0.476360 5.266235 1.085989 242.666960 0.266792 16.325719 0.134500
306 -1.837494 0.703079 11.473675 0.964101 252.617171 1.119354 7.667206 0.965493
306 -1.628314 0.240892 71.424449 2.198503 397.066008 0.619172 -20.543888 0.547131
306 -1.810886 0.030782 -77.611013 2.558851 353.802310 0.328375 80.162323 0.912277
306 -2.039184 0.299335 3.236525 1.086386 233.472921 0.460976 50.133194 1.368871
307 -1.500526 0.361410 -0.116225 0.463118 147.787851 0.800955 -85.451326 0.291556
307 -3.470918 0.406635 37.681694 2.073527 386.944011 0.126508 -40.529378 4.232341
307 -1.646216 0.033508 7.372594 0.439161 208.282988 0.833271 -9.622816 0.582937
307 -1.911194 0.498992 -32.563400 1.663446 270.756041 0.385699 -79.759792 1.112893
307 -1.548981 0.708094 9.300028 1.612761 269.582496 0.219615 22.105787 0.388465
307 -2.064704 0.727581 13.253161 1.808732 279.098317 0.195220 -17.496353 1.419912
307 -1.734972 0.410010 -24.023711 0.032441 145.201941 0.173416 88.959491 0.760448
307 -2.694548 0.273559 -88.884664 2.238461 404.865131 0.648806 -26.006455 2.679600
307 -1.424234 0.032956 -77.684832 2.716179 361.920024 0.327489 85.435067 0.138973
307 -2.537983 0.262583 -7.774976 0.405172 183.090586 0.455936 59.850713 2.366471
308 -1.447537 0.397414 -18.322782 0.282484 152.778849 0.558986 -68.214929 0.185578
308 -2.023599 0.012348 55.209046 2.710046 409.672860 0.479657 -21.597775 1.337702
308 -2.059212 0.773445 -4.916849 0.913204 249.611740 0.605211 -2.763015 1.408928
308 -2.171303 0.446856 -39.581997 1.724916 277.569950 0.432493 -83.923691 1.633110
308 -1.502617 0.104078 -6.212670 0.299065 155.183433 0.622933 88.920412 0.295737
308 -1.981407 0.725399 13.285499 1.876362 280.775748 0.179866 -21.118845 1.253317
308 -1.510823 0.545324 -1.803315 0.050974 146.344706 0.264653 74.480822 0.312151
308 -2.325044 0.245104 87.935229 2.136103 386.387976 0.572747 -34.581560 1.940591
308 -1.542299 0.037762 -81.146149 2.493854 347.322215 0.335537 78.194914 0.375102
308 -2.344239 0.268482 55.413267 2.513126 415.064107 0.322775 -36.751393 1.978982
309 -1.491679 0.343660 -12.893255 0.523402 178.402492 0.464991 -71.597611 0.273861
309 -1.716080 0.034277 63.671593 2.586549 401.948826 0.530092 -24.230482 0.722664
309 -1.833844 0.723743 2.905528 0.530844 192.432644 0.671810 19.465501 0.958192
309 -1.582171 0.735766 -8.400210 0.658541 184.480919 0.360801 -39.903185 0.454845
309 -1.443849 0.043384 -17.299681 0.950885 200.565915 0.653744 -88.614571 0.178202
309 -1.819544 0.501517 17.247873 0.828054 217.220948 0.156561 13.252325 0.929592
309 -1.462170 0.451006 -18.316612 0.231721 157.960606 0.228524 -75.928295 0.214844
309 -1.951020 0.199034 31.337224 0.838142 261.252945 0.718810 -3.884809 1.192544
309 -1.533700 0.063814 -78.588375 2.570540 356.910804 0.320380 -84.669028 0.357904
309 -2.194607 0.280375 54.234170 2.500573 415.181264 0.322927 -26.453831 1.679718
310 -1.542558 0.430861 -6.863327 0.571289 178.689576 0.412782 -53.516367 0.375619
310 -2.884051 0.306228 -51.534904 0.010736 118.390622 0.922378 -32.720042 3.058607
310 -1.369217 0.748364 7.327294 0.674514 205.131242 0.527380 18.737413 0.028937
310 -1.476258 0.593733 -18.754582 1.423513 261.618521 0.357750 -35.079118 0.243020
310 -1.911686 0.639513 19.118521 0.719573 188.128567 0.240460 -60.675633 1.113876
310 -1.444273 0.342059 2.951060 1.496675 281.327761 0.240455 11.573940 0.179050
310 -1.563909 0.226220 69.372175 2.992968 453.940911 0.537696 -18.205639 0.418322
310 -2.706027 0.298797 89.676146 1.839816 383.587475 1.041340 -26.090560 2.702558
310 -1.603527 0.060149 -76.410334 2.592277 358.084754 0.324678 -84.578360 0.497557
310 -2.112812 0.285503 53.358541 2.513226 415.232254 0.306524 -29.230061 1.516128
311 -1.986514 0.422609 13.490747 0.616676 181.864565 0.366979 -51.524514 1.263532
311 -2.547025 0.321524 -51.432501 0.155430 132.537859 0.898141 -20.044656 2.384553
311 -1.469603 0.783991 -13.727716 1.485957 263.697062 0.551188 -17.701941 0.229709
311 -2.249086 0.551449 -24.588927 1.735273 300.560531 0.399635 -30.251752 1.788675
311 -1.673300 0.653460 12.658299 0.284596 148.502535 0.318077 -60.212918 0.637104
311 -2.097921 0.402150 11.784020 1.706500 288.460541 0.267803 -8.583199 1.486346
311 -1.721870 0.188511 66.688185 2.717336 431.329669 0.572987 -15.813624 0.734244
311 -1.880718 0.335581 -71.141061 1.421507 346.033186 1.083363 8.459017 1.051939
311 -1.742133 0.201502 -68.688639 2.971941 390.872705 0.331879 -77.506141 0.774770
311 -1.907513 0.437018 -74.812194 1.292910 339.265612 0.857739 -1.116377 1.105529
312 -2.143586 0.542203 8.191982 0.198531 150.300934 0.485337 -42.053175 1.577676
312 -2.263660 0.281778 -59.694450 0.114540 140.355292 0.727981 -22.627326 1.817824
312 -1.470086 0.726772 -13.048137 2.044942 305.619994 0.525401 -16.942601 0.230675
312 -1.604398 0.482040 -22.008360 1.631748 288.697355 0.387422 -31.200943 0.499300
312 -1.525019 0.712381 6.592089 0.281467 165.324839 0.338563 -88.189345 0.340542
312 -1.646225 0.378829 -3.608027 1.589241 288.826513 0.321662 7.127353 0.582954
312 -1.751014 0.159697 -74.179954 3.537956 468.112569 0.352094 -19.971231 0.792532
312 -2.731918 0.422588 -61.342022 0.720857 281.948846 1.012611 9.340749 2.754339
312 -2.650516 0.183314 -71.556234 3.252057 410.808659 0.258117 -80.886677 2.591535
312 -2.235565 0.464164 -73.252021 0.822189 293.307574 0.894568 -5.749788 1.761633
313 -1.743042 0.441589 -7.650959 0.839045 205.029651 0.490490 -52.859440 0.776587
313 -2.382154 0.272012 -58.799790 0.177365 139.934508 0.779309 -18.731151 2.054812
313 -1.908331 0.774971 0.603949 1.743198 279.588494 0.521838 -19.487248 1.107166
313 -3.968171 0.451179 -53.664873 0.286540 245.354282 0.802482 10.444594 5.226845
313 -1.483843 0.595974 14.530846 0.187454 141.754168 0.238031 88.004059 0.258189
313 -3.331212 0.322858 35.046203 1.364354 309.967296 0.176064 -9.830941 3.952929
313 -1.765471 0.192803 -81.246639 3.430335 474.017356 0.394637 -5.346500 0.821445
313 -2.253071 0.447907 -58.437600 0.527248 251.841660 1.094692 4.812507 1.796647
313 -2.081904 0.164771 -73.109115 3.195133 407.757901 0.270337 -82.060976 1.454311
313 -3.030210 0.533259 -61.960702 0.749382 283.559574 0.785905 37.732523 3.350923
314 -1.479946 0.435465 -29.724575 1.037254 225.308927 0.514049 -53.946668 0.250396
314 -2.369700 0.331211 -46.202039 0.121432 145.836297 0.893632 -4.838477 2.029904
314 -2.668255 0.798040 -65.111993 0.321793 226.714977 0.135416 -89.738740 2.627013
314 -1.909451 0.260171 -67.420820 0.718206 257.027035 0.782146 -1.140935 1.109406
314 -1.407563 0.610515 11.992369 0.195537 146.555100 0.281699 86.026469 0.105631
314 -2.276682 0.457229 56.491911 0.768896 263.185554 0.069852 -11.490007 1.843868
314 -2.040184 0.213310 -68.761301 1.593522 328.157908 0.402568 -24.701864 1.370872
314 -2.492619 0.368059 -71.791960 0.533786 258.592743 1.021818 -14.514441 2.275742
314 -1.488114 0.166435 -76.272913 3.246040 412.029380 0.288024 -79.819311 0.266733
314 -3.034010 0.116568 -58.232861 0.402750 236.396111 0.833406 5.224484 3.358524
315 -2.083061 0.487357 -26.418910 1.009346 238.998346 0.354200 -60.344763 1.456627
315 -4.254470 0.335062 4.979899 0.520667 172.822488 0.679750 -19.220820 5.799444
315 -3.880186 0.441964 -0.191902 0.700651 252.336725 1.049913 -34.471470 5.050876
315 -1.587149 0.157242 78.662131 0.782669 255.294657 0.910791 5.158790 0.464801
315 -1.399817 0.547762 -0.657753 0.326982 156.273197 0.244042 78.282384 0.090139
315 -2.394727 0.420190 70.444709 0.637594 256.509801 0.035300 -30.168806 2.079958
315 -4.559834 0.635812 -62.062508 0.886298 282.820861 0.072980 -69.915722 6.410171
315 -1.867101 0.423676 -64.185595 0.997887 283.388577 0.858993 -24.800201 1.024705
315 -2.082409 0.220617 -61.169389 3.177274 391.060920 0.313663 -88.757055 1.455322
315 -2.300982 0.131996 67.078352 0.292703 216.480121 1.044440 8.196340 1.892467
316 -1.583893 0.712857 11.502763 0.587115 175.726706 0.197091 -85.463141 0.458289
316 -3.798534 0.337324 9.706289 0.595089 178.390616 0.648316 -23.880132 4.887572
316 -3.593904 0.113960 -45.796580 0.307603 229.825151 1.000251 17.871364 4.478311
316 -1.649998 0.295013 76.845443 0.771880 271.396947 0.939807 -5.947374 0.590500
316 -1.506643 0.480891 5.391943 0.026952 140.680291 0.362058 89.913274 0.303790
316 -2.003301 0.319110 81.069341 0.834386 265.518733 0.144560 -31.052764 1.297106
316 -2.022119 0.146312 -34.707918 0.931251 258.009120 0.770781 11.154334 1.334742
316 -2.442056 0.486134 -61.217781 0.807453 270.744254 0.760306 -26.440932 2.174615
316 -1.982136 0.217639 -60.467147 3.183411 390.511723 0.319288 -88.508521 1.254776
316 -2.696199 0.149170 -60.901201 0.388511 237.061601 0.984387 -2.081777 2.682901
317 -1.512021 0.616565 1.267798 1.227241 228.122390 0.243924 -67.940319 0.314545
317 -2.768061 0.245906 -37.659024 0.278475 223.442939 1.151908 -17.902094 2.826625
317 -2.034209 0.403634 -80.383905 0.814309 265.745481 0.347594 26.140274 1.358921
317 -1.930336 0.285082 75.521281 0.574518 251.532431 0.930856 4.040125 1.151177
317 -1.634259 0.011395 -10.519208 1.197480 287.899736 0.784680 5.492709 0.559022
317 -3.912449 0.419274 -49.055431 1.315837 301.232938 1.194757 -43.348950 5.115401
317 -1.845736 0.327274 -2.525799 1.518391 288.448962 0.220664 6.000440 0.981975
317 -1.821495 0.363692 72.678023 1.223510 316.493633 0.435361 -18.442615 0.933493
317 -2.158689 0.230664 -63.408351 3.240698 397.959390 0.321096 -85.533166 1.607882
317 -3.076916 0.020541 -41.928486 0.312267 230.362380 0.971287 -25.685160 3.444335
318 -2.069082 0.708094 -9.841155 0.548049 203.073361 0.248495 -76.639417 1.428667
318 -1.956390 0.255606 -50.210989 0.733943 244.692623 0.886048 -28.846110 1.203285
318 -1.744344 0.412564 -81.957209 0.969914 284.250882 0.560241 3.550851 0.779192
318 -1.998772 0.357201 46.475748 0.624913 223.011258 0.699537 25.633469 1.288048
318 -2.793668 0.678122 -79.447297 0.407799 241.961621 0.154800 -77.799132 2.877840
318 -1.699554 0.303319 -26.392751 1.271190 284.900550 1.084582 -22.320148 0.689612
318 -2.005102 0.283547 -13.630339 1.885757 311.270662 0.086649 8.283185 1.300709
318 -2.472817 0.302429 -46.850130 0.453001 213.682048 0.895767 20.719505 2.236138
318 -1.949182 0.247438 -53.811625 3.250234 395.589304 0.320484 -79.780328 1.188869
318 -2.638921 0.043761 -32.233543 0.519359 239.123030 0.981796 -28.810287 2.568345
319 -3.351173 0.745856 -24.387044 0.035957 178.962994 0.384389 -89.173971 3.992850
319 -2.159304 0.293489 -32.180816 0.986890 258.666382 0.595040 -25.469675 1.609113
319 -1.865645 0.789329 -16.017415 0.529635 201.132189 0.128117 -73.472152 1.021794
319 -2.081803 0.297625 2.410940 1.225023 284.736776 0.839721 3.357098 1.454111
319 -2.792747 0.582607 87.146018 0.717823 283.059740 0.265753 -54.394807 2.875998
319 -2.047914 0.408269 -1.135031 1.352680 288.094486 0.849190 1.999037 1.386332
319 -2.589628 0.171494 -9.955202 2.181935 336.965257 0.147905 26.796077 2.469760
319 -2.309011 0.377851 -55.842756 0.491764 221.758056 0.807104 17.863380 1.908525
319 -1.788803 0.219609 -46.666872 3.363017 405.384602 0.355721 -68.511930 0.868110
319 -1.628372 0.560292 21.564861 0.463034 169.649263 0.284904 88.438373 0.547249
320 -2.102778 0.716697 -24.773433 0.504572 188.076074 0.323655 80.684063 1.496060
320 -2.622013 0.331739 -32.638468 1.088593 244.464761 0.561940 -41.395433 2.534530
320 -1.959117 0.743144 -27.252884 0.942544 219.663617 0.181896 -80.366418 1.208738
320 -2.045114 0.379534 49.611068 0.213695 210.059275 0.809734 -6.272055 1.380732
320 -2.513939 0.623525 89.411180 0.457728 267.381917 0.355763 -25.112201 2.318381
320 -2.096656 0.268955 11.622437 0.823704 253.610480 0.916948 -20.082483 1.483816
320 -2.873329 0.300694 -27.525071 2.769200 365.859183 0.082823 11.417581 3.037161
320 -1.418958 0.688555 -1.749269 0.326859 164.195003 0.136779 3.661767 0.128420
320 -1.692938 0.205112 -42.411867 3.396629 401.115862 0.349594 -73.796342 0.676379
320 -1.515979 0.576241 12.099987 0.586254 176.887663 0.257459 87.890110 0.322462
321 -2.899996 0.687646 -81.790409 0.531727 269.530952 0.158922 88.453301 3.090495
321 -2.402135 0.521687 -53.230651 1.979453 359.180575 0.898649 -29.583574 2.094775
321 -1.945393 0.661070 1.043280 1.669646 264.642523 0.333738 63.934208 1.181290
321 -1.502853 0.271447 37.622833 0.793460 246.264446 0.815003 5.220960 0.296210
321 -2.770392 0.565280 -88.581460 0.476513 262.073560 0.358645 -35.338257 2.831288
321 -2.884358 0.317331 63.190134 0.950367 300.230443 0.794913 -31.647982 3.059219
321 -1.434764 0.484896 -5.220823 1.954495 290.245765 0.125088 -70.556313 0.160032
321 -3.811964 0.696397 -15.572160 0.128612 183.169331 0.425370 64.403829 4.914432
321 -2.075500 0.641838 -7.321940 1.636367 304.321711 1.061714 -3.295608 1.441503
321 -1.426943 0.596158 11.492693 0.416643 171.472410 0.257372 77.630818 0.144390
322 -1.483004 0.478782 -32.250892 0.666096 197.915408 0.515546 -57.119846 0.256512
322 -2.036508 0.530442 -48.520099 2.058996 358.813863 0.900843 -27.133519 1.363520
322 -1.798021 0.562041 -17.578066 1.745487 257.548013 0.426873 69.273352 0.886546
322 -1.814927 0.314878 57.353017 0.495247 217.071874 0.857784 18.751088 0.920357
322 -2.226678 0.559485 -82.764959 0.969863 310.569224 0.388092 -17.990337 1.743860
322 -1.840775 0.477502 63.321595 0.759682 281.440740 0.708053 -10.262502 0.972054
322 -1.700466 0.619441 -21.368364 1.543844 262.607667 0.039106 -52.664345 0.691436
322 -2.064432 0.648092 28.726838 0.573988 187.729000 0.495635 29.762880 1.419368
322 -2.410214 0.583732 -14.098716 1.389927 293.517959 1.000301 -8.999805 2.110933
322 -2.818965 0.780215 -19.998370 0.522816 196.362844 0.456045 65.800270 2.928434
323 -1.937562 0.730707 8.670071 0.384528 171.833647 0.429989 -48.133283 1.165627
323 -1.924390 0.495293 -43.368078 1.665313 319.796910 0.795577 -26.095478 1.139284
323 -1.396965 0.609133 8.932395 0.613388 181.777872 0.344732 70.625907 0.084433
323 -1.854039 0.318474 47.830622 0.470597 209.590780 0.545209 16.027657 0.998581
323 -1.899987 0.597433 89.968749 0.894237 303.417121 0.257665 -10.247386 1.090479
323 -3.555555 0.408099 70.346415 0.660964 284.501109 0.966256 -37.484019 4.401614
323 -1.527764 0.597766 -19.768091 2.027545 293.132480 0.166128 -54.890384 0.346031
323 -1.401841 0.608289 22.996986 0.761116 210.433441 0.600883 37.338596 0.094185
323 -2.761532 0.558494 -6.453627 1.491387 304.717743 1.080133 -17.203224 2.813568
323 -1.964970 0.689744 -18.712051 0.121312 161.518051 0.113851 66.426430 1.220443
324 -1.918450 0.753212 9.810543 0.094910 158.786972 0.298626 -49.688474 1.127404
324 -2.368854 0.533292 -38.389616 1.700190 309.097058 0.741522 -32.270757 2.028212
324 -1.448299 0.631879 -5.882075 0.034500 145.992275 0.229236 -69.869886 0.187102
324 -2.705906 0.317891 88.086237 0.234174 194.059487 0.541079 18.727339 2.702316
324 -1.546539 0.562106 86.991302 1.043345 310.369034 0.287580 -0.034287 0.383581
324 -2.908420 0.320107 -85.724762 0.839143 281.838820 0.876767 -36.064194 3.107343
324 -1.961030 0.610548 -31.467393 0.954582 219.602783 0.351020 -81.477632 1.212564
324 -1.502646 0.675478 23.126908 0.732775 206.632007 0.491813 43.882073 0.295795
324 -2.176485 0.769522 -73.125598 0.298462 201.587854 0.110134 17.774192 1.643474
324 -1.604626 0.754732 -1.619543 0.236301 177.033860 0.071280 61.498128 0.499756
325 -1.792118 0.759486 13.332291 0.152248 160.203358 0.222495 -15.877547 0.874741
325 -2.260633 0.535200 -44.622197 1.579782 306.301687 0.776806 -35.077260 1.811769
325 -1.993769 0.592708 -34.760638 0.213542 161.498103 0.312185 -78.580254 1.278042
325 -1.596812 0.179169 67.456622 1.598148 337.777744 0.895288 9.873057 0.484128
325 -1.692325 0.609298 71.719478 0.941204 306.767351 0.252721 -19.811179 0.675153
325 -1.578336 0.283942 -85.775221 1.139082 302.896351 0.834065 -17.389651 0.447176
325 -1.437241 0.628677 -1.360357 0.360124 171.803766 0.202582 -54.991545 0.164986
325 -1.440548 0.655812 21.072850 1.048875 218.906110 0.566621 51.473740 0.171601
325 -2.051160 0.750444 -81.220223 0.265824 198.551144 0.225627 9.078184 1.392825
325 -1.580728 0.742180 -3.925904 0.074820 160.619255 0.075392 59.486739 0.451959
326 -2.138628 0.755622 -2.833593 0.435602 212.059181 0.290381 -0.548073 1.567760
326 -3.016942 0.792992 -71.520118 0.337882 239.826368 0.352606 31.114870 3.324388
326 -1.887283 0.599881 -6.233579 0.178333 167.208559 0.347741 -86.334614 1.065071
326 -1.850523 0.180528 -80.014525 0.842382 252.694904 0.613997 13.293242 0.991549
326 -2.394233 0.655678 -59.923805 0.886103 296.776952 0.284633 1.354790 2.078970
326 -1.679643 0.390990 80.307347 0.825682 281.268729 0.752706 -16.981327 0.649790
326 -2.010823 0.599382 -20.971611 0.081835 163.084149 0.254013 -76.157044 1.312149
326 -2.451162 0.566533 14.580310 0.353255 189.912845 0.491747 53.849765 2.192828
326 -2.074808 0.792222 -78.410398 0.242122 220.209105 0.124158 32.663688 1.440120
326 -1.429140 0.575193 3.692521 0.332169 172.720138 0.105178 72.425834 0.148783
327 -1.739859 0.674879 -6.263522 1.086540 247.551654 0.294719 -8.472144 0.770222
327 -1.667704 0.595163 -85.039532 1.119428 329.045686 0.428197 -7.198022 0.625911
327 -1.711623 0.386413 -2.212659 0.900272 213.903642 0.405295 50.769410 0.713750
327 -2.667562 0.192687 -75.540879 0.815530 261.252799 0.576744 28.903782 2.625628
327 -2.758294 0.582254 -36.120261 0.139918 155.555113 0.464353 66.012045 2.807092
327 -1.874710 0.396165 61.315832 0.946507 290.490143 0.697169 -28.281145 1.039924
327 -2.044915 0.619684 -33.573033 0.076816 146.422206 0.335989 85.215465 1.380334
327 -1.631318 0.638263 3.180244 0.452629 177.006982 0.516653 41.673141 0.553141
327 -2.368677 0.060308 -37.476764 0.748302 221.590677 0.225125 73.878213 2.027858
327 -1.633056 0.556630 -11.185373 0.327500 174.941248 0.107696 74.346444 0.556616
328 -1.408618 0.549592 -7.563825 0.949471 231.540887 0.465453 -6.944105 0.107740
328 -2.382784 0.622457 26.966202 0.393258 118.112543 0.916194 -54.806095 2.056071
328 -1.915668 0.416198 -5.409990 0.929344 218.516966 0.403095 43.920324 1.121840
328 -1.681297 0.253545 45.540091 0.183221 114.325901 1.052450 85.116435 0.653098
328 -2.639488 0.577725 -49.988208 0.042981 145.315725 0.441309 78.890262 2.569480
328 -2.068093 0.275583 43.359724 0.588548 245.628214 0.816982 0.179175 1.426690
328 -1.442098 0.383282 -4.804512 1.028076 234.590989 0.057980 -44.851118 0.174699
328 -2.673396 0.656092 1.734650 0.641513 203.905508 0.602873 43.330426 2.637295
328 -4.041249 0.546125 -7.280858 0.582131 222.795831 0.291009 47.367997 5.373001
328 -2.074065 0.227161 -47.946551 0.749687 257.183636 0.928933 2.136425 1.438635
329 -1.605743 0.562682 -12.247735 0.834985 217.415251 0.493373 -33.939542 0.501990
329 -1.693958 0.217212 16.738796 0.527450 207.533471 0.627514 -0.264057 0.678420
329 -1.552816 0.453632 5.660140 0.587533 190.187506 0.405533 53.152724 0.396135
329 -1.412061 0.242195 42.850973 0.326273 118.209032 1.015227 86.314646 0.114625
329 -3.791429 0.431380 -31.958191 0.508969 213.439209 0.075930 -39.333219 4.873361
329 -2.499932 0.104051 72.381963 0.318032 219.988145 0.965566 10.164957 2.290367
329 -1.630048 0.233058 -1.643559 1.189918 244.946629 0.212540 -51.739267 0.550599
329 -1.588365 0.334546 -14.822290 1.179253 213.698445 0.670068 -78.376536 0.467234
329 -1.797514 0.741471 -7.382527 0.861216 218.330731 0.256780 40.170487 0.885532
329 -2.280148 0.456455 -53.464292 0.688694 242.669666 0.532118 -24.973641 1.850799
330 -2.923126 0.433257 -30.480771 0.660189 198.479794 0.465217 63.489291 3.136755
330 -1.947249 0.206616 15.787709 0.535518 213.143147 0.605492 0.897617 1.185003
330 -1.930493 0.707836 -13.119631 0.121184 167.479679 0.180667 82.360240 1.151490
330 -1.641829 0.328897 31.787628 0.209501 110.011623 1.074702 73.166552 0.574162
330 -1.577020 0.570530 19.730438 0.868086 197.077373 0.776776 47.851410 0.444543
330 -1.692085 0.339070 72.176167 0.644528 233.571315 0.726197 19.919129 0.674673
330 -1.961118 0.264357 -24.099623 1.153145 256.722494 0.251780 -55.486171 1.212740
330 -2.081522 0.373909 -84.699001 0.602016 252.324982 0.494844 8.279222 1.453548
330 -2.103278 0.777939 10.223160 0.825522 223.133819 0.249812 64.828287 1.497061
330 -2.303179 0.379740 -34.636491 0.592709 201.830628 0.155602 -46.310337 1.896862
331 -1.817762 0.649511 -7.792494 0.212984 168.193888 0.238142 46.670525 0.926028
331 -1.995435 0.096120 -0.390368 0.771956 246.845884 0.633631 0.076254 1.281374
331 -1.424465 0.646159 9.893199 0.164751 150.375650 0.058993 -88.206875 0.139434
331 -1.725455 0.322636 43.721429 0.004689 105.478967 1.002737 67.091324 0.741414
331 -1.477303 0.691248 -4.206409 1.329130 225.440262 0.455798 59.716231 0.245109
331 -1.476309 0.319616 58.488766 0.870907 260.355003 0.515100 7.478812 0.243122
331 -2.025276 0.195055 -43.131733 0.830727 228.901657 0.285466 -72.907547 1.341056
331 -1.766793 0.146252 33.533667 1.063940 277.750019 0.608644 -4.513139 0.824089
331 -2.493529 0.679297 -24.258827 1.544395 245.282539 0.448114 59.944881 2.277561
331 -1.467655 0.302385 -12.113636 0.427290 171.970601 0.218241 -56.387890 0.225814
332 -1.825412 0.462690 7.986254 0.689192 216.190911 0.169042 39.715963 0.941328
332 -2.855395 0.656697 -47.122454 0.149457 137.987411 1.029463 -33.765681 3.001295
332 -2.090604 0.618264 13.456920 0.104566 176.631321 1.172449 1.602180 1.471712
332 -1.492816 0.350266 29.896270 0.065298 112.387414 0.962251 75.011662 0.276135
332 -1.751005 0.717763 -9.176791 1.056134 176.952378 0.863056 80.482125 0.792513
332 -2.647238 0.486945 42.703837 0.771221 258.811937 0.296402 13.665663 2.584979
332 -1.534154 0.243476 -38.299105 0.859352 223.568200 0.261052 -61.813713 0.358811
332 -1.915571 0.138072 36.128606 1.122574 280.940722 0.475543 4.064891 1.121646
332 -2.365324 0.733216 -24.808071 1.521661 247.104617 0.422712 79.230107 2.021152
332 -1.524028 0.324856 -0.139701 0.341272 165.935356 0.291827 -64.133394 0.338560
333 -1.405080 0.376846 5.065653 0.900956 217.982688 0.096586 52.153626 0.100664
333 -2.910998 0.590589 -67.036477 0.178401 144.389766 0.973062 -17.070096 3.112500
333 -1.459088 0.549817 1.861636 0.194714 159.976558 0.197373 63.553232 0.208679
333 -1.388288 0.363757 27.983817 0.299088 125.529089 0.898439 79.652483 0.067080
333 -1.750282 0.613359 0.484484 0.417630 192.618186 0.013474 -85.909274 0.791068
333 -2.219628 0.438662 44.789865 0.783897 250.217851 0.283302 20.688506 1.729759
333 -2.454291 0.786601 -21.864845 0.892999 224.472554 0.392059 -80.277871 2.199086
333 -1.587151 0.072368 34.994481 1.037893 267.403499 0.458959 -3.789260 0.464805
333 -1.665938 0.764211 2.427883 1.474209 242.595656 0.294674 -43.320161 0.622380
333 -1.453498 0.269050 0.138903 0.287797 155.746611 0.313457 -70.027162 0.197499
334 -1.507476 0.409220 -6.495343 0.893446 209.739766 0.153880 68.490552 0.305455
334 -2.292485 0.585478 -61.200780 0.019364 140.443998 0.918062 -5.887094 1.875474
334 -2.468643 0.401680 2.158484 0.192097 165.830515 0.425232 34.567920 2.227790
334 -1.538809 0.337138 19.046083 0.168813 111.515051 0.997650 -86.811026 0.368122
334 -2.313855 0.594984 -13.764751 2.374270 356.983306 0.943674 -3.875188 1.918215
334 -1.557535 0.475872 79.871826 1.115385 299.168536 0.293263 29.505571 0.405573
334 -1.952186 0.790591 -22.373206 0.986429 228.960029 0.249266 -68.015229 1.194875
334 -1.712682 0.091155 14.319230 0.867337 240.092393 0.365732 0.366737 0.715869
334 -1.824984 0.784905 4.426658 1.626229 259.144162 0.268592 -48.006131 0.940472
334 -1.471406 0.258765 18.517692 0.914433 216.568770 0.262611 79.758817 0.233316
335 -1.936603 0.281587 9.274455 0.618907 234.450668 0.856058 -9.619929 1.163710
335 -2.124258 0.641751 -57.712161 0.076614 155.594353 0.743245 -21.870894 1.539019
335 -2.235088 0.499507 -4.922848 0.615661 191.033962 0.546581 62.128519 1.760681
335 -1.405397 0.337643 15.004048 0.262195 111.803519 0.976687 86.726400 0.101298
335 -3.259343 0.703976 -36.959899 2.246345 344.770892 1.181262 -37.703370 3.809189
335 -1.854852 0.439233 77.544481 0.712025 255.925449 0.160970 31.436767 1.000208
335 -1.795280 0.482983 -88.261060 0.826822 280.537296 0.407269 -23.524414 0.881065
335 -2.205435 0.190895 13.119416 0.883968 257.306150 0.460450 -7.744146 1.701374
335 -1.559665 0.755321 -6.933025 0.760589 202.183871 0.331963 -62.677937 0.409834
335 -1.594211 0.216894 19.795109 0.456667 179.232279 0.070678 81.388974 0.478925
336 -1.764876 0.297513 10.298569 0.685899 235.640577 0.830414 -7.094541 0.820256
336 -1.661417 0.584182 80.110979 0.755307 298.552214 0.918422 -11.205677 0.613338
336 -2.264124 0.501544 -1.482438 0.658784 196.826767 0.533197 61.803565 1.818751
336 -1.671621 0.014137 30.940283 0.420752 202.917448 0.910357 -1.116750 0.633745
336 -3.100039 0.707858 -39.676350 2.173143 346.429161 1.154960 -34.998161 3.490581
336 -1.533851 0.410961 75.977624 0.746341 245.769073 0.233651 27.119765 0.358205
336 -1.701034 0.328401 83.662778 1.042276 289.726197 0.349464 -20.105146 0.692571
336 -2.328776 0.219925 16.624999 0.878658 250.829079 0.606371 11.387108 1.948055
336 -1.481227 0.543870 1.628045 0.556884 180.131884 0.122950 -50.663082 0.252958
336 -1.522106 0.287853 11.208350 0.389448 169.286533 0.180933 -74.299099 0.334715
337 -3.744619 0.231936 15.965477 0.377506 243.688133 0.881771 -20.347819 4.779741
337 -2.088476 0.471707 -82.237075 0.864264 302.506065 0.910862 -3.564608 1.467456
337 -1.429890 0.790494 17.125909 0.353367 171.661695 0.328325 45.987652 0.150284
337 -2.018447 0.065325 4.862799 0.607241 237.576666 0.900154 3.894340 1.327397
337 -2.077408 0.702527 -31.618958 0.800421 242.986642 1.137430 -26.636386 1.445319
337 -1.512436 0.555887 78.012337 0.821166 267.468332 0.173392 47.275435 0.315376
337 -1.806566 0.387319 -84.622540 0.978701 280.222474 0.149586 -22.983105 0.903637
337 -2.509857 0.749855 3.378100 0.552891 224.660945 0.502456 15.907579 2.310217
337 -2.323231 0.439976 -36.089943 0.347477 140.335769 0.975393 87.409609 1.936965
337 -1.431329 0.698277 2.856482 0.128758 144.488489 0.220104 -54.785175 0.153162
338 -1.779450 0.357653 34.360205 0.421833 207.237618 0.774799 8.439854 0.849404
338 -2.138814 0.726366 68.841625 0.522459 274.419047 0.023318 -24.893953 1.568131
338 -1.867562 0.712661 29.150330 0.425868 166.496646 0.350227 49.601852 1.025627
338 -3.977991 0.014168 -16.210436 0.239917 242.080494 1.150805 -5.677191 5.246485
338 -3.175241 0.697428 -18.785848 0.764245 235.138564 0.015027 -14.914910 3.640986
338 -1.627266 0.555979 73.132793 0.883369 276.679779 0.168143 53.430801 0.545035
338 -1.718723 0.415632 -84.264238 0.979670 278.248640 0.085952 -23.626474 0.727949
338 -1.738915 0.797301 -11.052046 1.454732 259.822790 0.450039 8.206400 0.768333
338 -2.217021 0.493716 -38.215788 1.155860 169.403000 1.034438 85.789014 1.724546
338 -1.761683 0.495291 -0.108893 0.257775 163.503879 0.430573 -69.788723 0.813870
339 -1.553881 0.236813 57.152130 0.647815 239.015252 0.822713 -11.711953 0.398265
339 -3.403236 0.771253 62.558017 0.379189 285.527574 0.124097 -42.016274 4.096977
339 -1.716775 0.743704 -16.921582 0.456548 184.227312 0.055688 57.718293 0.724054
339 -1.956609 0.066584 -20.336127 0.573321 241.086298 1.119969 -5.666203 1.203722
339 -1.548616 0.784581 -7.127808 0.633357 210.144567 0.313903 -1.467638 0.387735
339 -2.170327 0.532249 70.287144 0.496051 244.795926 0.134020 39.482059 1.631157
339 -1.896548 0.367797 82.203737 0.964351 274.906804 0.251383 -54.945168 1.083600
339 -1.445072 0.748782 -10.851318 1.584633 266.360685 0.425881 -23.170680 0.180648
339 -2.296506 0.515668 -30.428284 0.532416 146.618755 0.977268 83.631958 1.883516
339 -2.306918 0.465295 -6.538742 0.564526 193.249569 0.501864 -76.082348 1.904340
340 -3.224416 0.155958 86.643375 0.625565 260.594219 1.070532 -36.146067 3.739336
340 -3.175143 0.797106 -89.701308 0.452075 319.572092 1.149076 -22.930515 3.640789
340 -2.926987 0.051213 -25.089473 0.409076 203.060882 1.116567 34.722544 3.144478
340 -2.172230 0.092154 -34.840471 1.503391 326.306753 1.051258 -19.915021 1.634964
340 -3.510660 0.472778 -80.759782 0.488662 266.079932 0.788456 -30.413678 4.311824
340 -1.857028 0.541236 85.720664 0.753326 266.338734 0.185419 46.932121 1.004560
340 -2.399404 0.381799 89.661931 0.971661 280.768092 0.239372 -59.306791 2.089313
340 -1.544733 0.623830 8.470744 0.883284 190.668082 0.422403 -87.356223 0.379970
340 -2.040949 0.415464 -17.934267 0.421008 136.569759 0.994272 -85.092792 1.372401
340 -2.768885 0.590208 57.969823 0.459209 256.683465 0.296817 -35.859585 2.828274
341 -4.839041 0.128887 31.964092 0.524850 254.267149 0.430921 -30.246395 6.968586
341 -1.473149 0.025563 81.672208 1.765559 351.658421 1.167422 -11.226639 0.236803
341 -1.783388 0.207077 5.680872 1.421644 303.353822 0.938215 6.378417 0.857280
341 -2.077017 0.117389 -37.167179 1.411758 315.133352 1.199099 -26.502853 1.444539
341 -1.623686 0.426521 76.031169 0.565122 249.691538 0.838299 -18.509429 0.537876
341 -1.957388 0.235318 -26.656653 0.634522 196.839095 0.366848 74.476607 1.205279
341 -2.074301 0.522989 -71.809841 0.401193 201.125777 0.115999 -13.196524 1.439106
341 -2.135799 0.589992 23.631615 0.237190 154.780218 0.315597 13.932895 1.562102
341 -1.900424 0.308647 -26.069593 0.354484 137.173993 0.909455 -64.087917 1.091351
341 -1.783989 0.346950 78.142545 0.583156 239.007563 0.245551 -22.980286 0.858481
342 -2.287490 0.620217 -55.479331 0.867974 291.078755 1.138268 -11.327836 1.865484
342 -1.500135 0.233320 64.640032 1.570843 339.614491 0.927843 5.596587 0.290773
342 -1.826793 0.172648 -18.002189 1.785459 343.386042 1.078867 5.044674 0.944089
342 -1.526644 0.351227 74.748528 0.606953 243.144427 0.961878 -10.822834 0.343791
342 -1.589537 0.130920 3.108724 1.663635 320.180789 0.635243 -14.009616 0.469578
342 -1.432829 0.319475 -10.923279 0.472426 183.400924 0.056984 -85.251825 0.156162
342 -1.937181 0.791326 88.834672 0.005912 143.668640 0.234687 38.935083 1.164865
342 -1.841537 0.574765 -7.397194 0.437012 175.238913 0.399684 12.993535 0.973577
342 -1.594757 0.122646 -74.831252 1.114965 209.118728 0.808280 -87.017036 0.480018
342 -2.239094 0.264254 -38.822641 1.096629 283.018930 0.738249 -15.016761 1.768692
343 -2.165954 0.533758 -54.089240 1.089458 307.973394 1.094273 -8.370631 1.622412
343 -1.682078 0.195615 53.498110 1.436735 320.342258 0.847576 7.121379 0.654660
343 -1.761199 0.163886 -4.417935 1.726958 332.991358 1.098259 10.355716 0.812902
343 -2.837562 0.490082 -86.982259 0.322086 228.825157 1.150539 32.244155 2.965627
343 -1.711191 0.036007 -0.607108 1.840653 345.404349 0.818615 -23.443809 0.712886
343 -1.473057 0.372508 -12.790962 0.356014 170.024663 0.040991 -73.187487 0.236618
343 -2.216023 0.761600 89.756071 0.159894 156.993571 0.180214 28.625334 1.722549
343 -2.080096 0.677099 62.921824 0.050533 146.639304 0.580239 24.624013 1.450695
343 -1.710744 0.035032 -61.184157 1.012727 211.596278 0.701705 89.796304 0.711992
343 -2.122588 0.227977 -49.659353 1.241170 301.797257 0.759079 -12.554719 1.535680
344 -2.557779 0.541555 -57.626432 0.893039 296.234154 0.681343 26.147740 2.406061
344 -1.872669 0.381946 0.840827 0.537069 184.651869 0.495191 56.851098 1.035841
344 -1.755715 0.193951 -7.929918 1.688849 328.630299 1.138530 9.269647 0.801935
344 -1.737134 0.406101 -75.509202 0.590991 251.128604 1.116856 4.951313 0.764771
344 -1.539817 0.699486 25.134256 0.869128 215.296316 0.537258 43.870367 0.370139
344 -1.405596 0.398767 4.351107 0.169648 151.111115 0.046889 -69.785708 0.101696
344 -2.071054 0.796426 82.812283 0.112619 155.309865 0.270857 36.615476 1.432612
344 -2.136100 0.680496 62.463516 0.005780 141.416698 0.511149 23.213977 1.562704
344 -1.438253 0.065185 -71.443115 0.700366 190.529730 0.559970 -82.643769 0.167009
344 -1.630666 0.272672 -46.867537 1.485190 312.273239 0.825905 -20.173270 0.551837
345 -3.345449 0.482572 -53.566357 0.583482 255.842958 0.731535 38.656493 3.981402
345 -1.648143 0.534247 -19.075777 0.702088 208.019374 0.447109 -48.603991 0.586790
345 -1.533509 0.249571 26.947375 1.566589 327.592033 1.137597 -5.342415 0.357522
345 -1.773002 0.308510 -71.632575 0.625087 249.154110 1.159220 7.202534 0.836508
345 -1.545849 0.657868 25.245201 0.843665 211.740133 0.546483 52.989144 0.382202
345 -1.629962 0.365562 12.470387 0.223469 155.930370 0.138700 -66.449137 0.550427
345 -1.900980 0.784795 -88.653547 0.044201 153.958659 0.259631 33.258227 1.092464
345 -1.978977 0.613169 83.826137 0.033307 146.172243 0.616471 19.177358 1.248457
345 -1.462034 0.054665 -17.550963 0.203638 150.515344 0.513081 84.313499 0.214572
345 -1.934626 0.370913 -35.812000 1.463836 310.616342 0.854883 -11.093822 1.159756
346 -2.989941 0.486890 -63.065864 0.708676 269.733035 0.737752 40.420426 3.270385
346 -2.540452 0.582294 -64.467012 0.061362 173.064289 0.052433 28.868742 2.371408
346 -1.577660 0.261993 25.142846 1.496724 319.301447 1.163220 -1.449185 0.445823
346 -1.669365 0.417046 -82.015897 0.919673 271.631479 0.170300 -7.994200 0.629233
346 -1.720015 0.686278 31.176928 0.931599 216.585488 0.523556 51.057435 0.730535
346 -1.584204 0.719711 7.942181 0.591794 198.401716 0.024059 19.693840 0.458911
346 -2.518032 0.041778 75.180337 1.190411 274.014467 0.281774 32.295129 2.326568
346 -1.925949 0.323419 67.061627 0.143809 184.724583 1.194710 8.464582 1.142402
346 -1.498623 0.159347 -27.014976 0.165806 141.766598 0.648977 87.037771 0.287750
346 -2.070959 0.378427 -20.877137 1.664963 321.831267 0.887004 -0.204055 1.432423
347 -3.398195 0.500879 -61.149092 0.532134 252.840506 0.641870 41.458111 4.086895
347 -3.065108 0.503938 -69.638546 0.141538 200.509736 0.160932 18.107931 3.420719
347 -1.499180 0.260531 27.717648 1.462046 316.068117 1.177983 -0.735625 0.288865
347 -2.126980 0.393406 73.672576 0.786792 269.886147 0.158321 1.827706 1.544464
347 -1.703037 0.702915 28.101067 0.586143 185.689099 0.409798 68.740105 0.696578
347 -1.581730 0.783967 -1.048044 0.167401 174.197921 0.063113 14.677932 0.453963
347 -1.745708 0.080500 -77.900939 3.226407 468.337786 1.015067 13.450477 0.781920
347 -2.148333 0.316736 64.348994 0.779038 256.407930 0.022362 -3.383273 1.587171
347 -2.571626 0.081222 -26.816519 0.007933 130.421825 0.886176 73.501860 2.433756
347 -2.176600 0.399705 1.410505 0.994669 267.841354 0.920105 -6.609546 1.643703
348 -2.613851 0.551716 -69.502783 0.617958 272.851101 0.638193 20.087879 2.518207
348 -3.206367 0.620042 87.932747 0.288896 250.524171 0.136507 5.706252 3.703238
348 -1.832818 0.295122 -83.992575 0.582583 227.406304 0.463149 12.487558 0.956141
348 -1.654086 0.535627 75.976952 0.550067 264.157466 1.068731 -17.972063 0.598675
348 -1.567202 0.772648 23.548839 0.361148 178.933242 0.415412 55.677549 0.424909
348 -2.816895 0.779715 4.281929 0.626548 193.181810 0.667456 87.175914 2.924294
348 -1.772543 0.089019 -78.490039 3.218838 469.700617 1.013052 12.345324 0.835590
348 -2.161312 0.745651 -25.673601 1.297605 225.787906 0.698164 -76.405474 1.613127
348 -1.892520 0.087902 -9.905654 0.304196 137.865989 0.871734 68.202173 1.075545
348 -2.160766 0.294862 10.898608 0.550157 205.593815 0.878852 13.309448 1.612036
349 -2.578718 0.613409 -82.057588 0.438323 246.314086 0.143420 -65.851176 2.447941
349 -2.017088 0.647296 27.472282 0.270807 146.764577 0.033636 -81.556176 1.324679
349 -2.170602 0.397106 -79.950468 0.389426 221.965539 0.327544 1.565760 1.631708
349 -2.134063 0.583468 -88.084442 0.941797 300.832826 0.050093 -29.111026 1.558629
349 -1.979698 0.639992 20.073929 0.689957 194.464535 0.134628 -56.625873 1.249900
349 -1.485651 0.730443 9.763187 0.241292 123.678207 0.756994 -89.562131 0.261806
349 -2.020431 0.091661 -76.481184 3.325022 477.035900 0.990407 17.738886 1.331366
349 -3.011385 0.790509 -18.131947 1.066553 235.432246 0.736312 -50.830463 3.313273
349 -1.859590 0.324573 -20.324978 1.086924 270.480339 0.930279 -0.472515 1.009683
349 -2.662191 0.262346 -16.121978 0.496887 206.225612 0.895706 19.240414 2.614887
350 -1.806055 0.626747 17.153826 0.843105 205.553008 0.050536 -45.068122 0.902614
350 -1.494198 0.786118 12.852518 0.124830 128.714705 0.849213 59.965458 0.278899
350 -1.729721 0.712409 14.076247 0.291419 138.093098 0.737430 -71.954082 0.749946
350 -2.204626 0.308143 75.670204 0.919665 272.287217 0.263656 -49.439877 1.699755
350 -2.064535 0.684261 -11.408391 0.306582 189.999605 0.048212 -62.331878 1.419574
350 -2.443659 0.528719 -21.971807 0.329243 189.644368 0.351369 -69.395702 2.177821
350 -1.910669 0.091010 -78.713775 3.340334 477.721060 1.009307 17.942240 1.111842
350 -1.935717 0.753508 -24.919895 1.691085 278.657154 0.748938 -41.766873 1.161938
350 -3.131799 0.290902 -21.453758 0.467990 236.057901 0.941528 0.328843 3.554102
350 -2.452561 0.283513 -2.417608 0.840116 253.058568 1.016852 13.505306 2.195626
351 -1.846592 0.639977 20.589512 0.584286 183.345744 0.020670 -46.226078 0.983688
351 -2.863671 0.317695 9.001663 0.129629 196.598829 1.155442 6.593537 3.017845
351 -1.766307 0.549058 10.652597 0.949295 230.878570 0.233353 47.569273 0.823118
351 -2.194304 0.316204 76.341170 0.852782 265.941395 0.305900 -49.674600 1.679112
351 -1.899329 0.553605 -2.669779 0.313132 183.502447 0.225047 -34.421670 1.089162
351 -2.586576 0.399627 -39.617794 0.696039 215.741289 0.521897 -70.446046 2.463656
351 -1.685235 0.157545 -71.203927 2.701361 440.053801 1.083258 2.476613 0.660973
351 -1.959024 0.757920 -27.665129 1.347306 268.153240 0.770265 -36.863378 1.208551
351 -2.305530 0.241828 -12.283519 0.593478 238.448318 1.005770 0.392077 1.901563
351 -1.826217 0.198663 -10.364436 0.776289 247.089562 0.948951 -0.694120 0.942938
352 -1.804409 0.598696 15.344345 0.865255 215.021825 0.015193 -39.590310 0.899322
352 -2.275462 0.353621 -0.223322 0.423222 214.769321 1.197704 9.346610 1.841428
352 -1.476390 0.632574 6.047669 0.999316 221.158353 0.028572 39.792208 0.243285
352 -2.583272 0.293117 66.861570 0.844791 269.881227 0.346731 -45.026882 2.457047
352 -1.766430 0.209339 -63.888172 0.480589 217.884894 0.806919 -2.954096 0.823363
352 -1.394385 0.489226 -20.489640 0.137941 151.194674 0.365739 -51.231026 0.079275
352 -1.670233 0.163916 -67.524306 2.593523 431.294501 1.101666 2.206797 0.630969
352 -2.054660 0.785104 -30.701655 1.041049 230.508649 0.820444 -50.691896 1.399823
352 -2.266667 0.219820 20.513216 0.392692 220.741572 1.172991 8.706914 1.823838
352 -3.871531 0.192621 -1.051293 0.234421 232.401330 0.999939 -18.788625 5.033566
353 -1.427500 0.537553 -5.984166 0.782624 211.435717 0.273167 -27.819393 0.145504
353 -2.023026 0.359363 64.243975 0.264016 225.652198 1.136674 -14.910920 1.336555
353 -2.277720 0.721742 -19.403149 1.936429 278.006445 0.342617 33.258074 1.845944
353 -1.623315 0.411600 0.244449 0.982338 236.493923 0.056445 -2.460209 0.537134
353 -1.998430 0.211712 -45.257644 1.113017 287.708863 0.766421 -0.273624 1.287364
353 -1.421505 0.570175 -22.312687 0.173559 145.182290 0.451491 -59.655023 0.133514
353 -2.092359 0.109733 -75.960127 1.728078 359.282983 1.180144 13.307958 1.475221
353 -2.361932 0.782942 -21.122565 0.895952 203.577514 0.770326 -68.742504 2.014367
353 -2.459845 0.048349 30.701459 0.434937 217.204415 1.032362 20.237819 2.210194
353 -2.498872 0.089911 -0.359984 0.575895 247.459286 0.987423 -16.658312 2.288247
354 -1.595054 0.557353 16.877507 0.314796 153.402261 0.308765 -78.473706 0.480613
354 -1.554235 0.246410 44.565079 0.800822 254.608412 1.160179 6.787467 0.398974
354 -2.626108 0.692750 -20.576740 1.905460 277.481095 0.369425 35.163461 2.542721
354 -1.707119 0.529511 -1.648048 0.947986 233.195844 0.066141 -0.186130 0.704742
354 -2.317164 0.229125 -45.812146 0.961867 275.117071 0.673398 -9.781933 1.924831
354 -1.400159 0.534633 -25.135375 0.251178 155.051153 0.494875 -52.055066 0.090821
354 -1.619135 0.151464 -89.328259 1.790382 361.968101 1.074361 9.270347 0.528773
354 -2.429480 0.099888 -27.658998 1.125280 275.353142 0.394219 8.150547 2.149463
354 -2.181574 0.047356 0.283291 0.602107 219.907237 0.871158 19.212924 1.653651
354 -3.104979 0.104339 -14.832535 0.381930 192.143480 0.919848 34.872438 3.500461
355 -2.284241 0.528906 -13.724933 0.275829 161.564275 0.640865 72.282529 1.858986
355 -1.932627 0.188639 30.308942 0.292281 201.430775 0.937095 0.878643 1.155758
355 -1.592940 0.634584 -4.217810 1.982917 280.515519 0.236190 82.279032 0.476384
355 -1.461656 0.537621 3.167319 0.775675 209.952898 0.019108 -9.505921 0.213816
355 -1.666968 0.241183 -44.410470 1.265301 221.269096 0.786331 -76.961769 0.624439
355 -2.748588 0.660040 -40.803197 1.054430 246.781754 0.450451 -48.191734 2.787680
355 -3.569645 0.061355 -59.106638 1.573420 326.030951 0.747575 -47.172018 4.429794
355 -1.474431 0.120494 -33.335328 0.375114 168.733388 0.375873 86.117000 0.239366
355 -1.584815 0.008596 -7.962318 0.793474 248.768308 1.196544 4.065326 0.460134
355 -1.553917 0.244738 81.008834 0.585955 230.813040 0.884577 -5.477798 0.398339
356 -1.590185 0.565755 -17.115061 0.913980 187.271130 0.697914 -88.337097 0.470873
356 -3.530899 0.258426 -0.299536 1.019705 262.422905 0.733598 31.019891 4.352303
356 -1.450587 0.539277 -13.303875 2.106038 295.636704 0.152071 -80.726747 0.191679
356 -1.671446 0.794650 18.662132 0.474542 163.810387 0.338579 -85.994311 0.633396
356 -2.247483 0.266515 -1.730040 0.599003 171.670210 0.810713 79.509176 1.785470
356 -2.100831 0.684606 -15.436509 1.366238 265.223778 0.176745 -29.883005 1.492166
356 -2.701901 0.019573 -48.319800 1.094021 282.818503 0.734579 -38.237475 2.694305
356 -1.418103 0.315325 -3.189148 0.472956 159.388787 0.627768 -86.415950 0.126710
356 -1.758094 0.786978 -12.832814 0.543069 201.585777 0.011080 -11.963965 0.806692
356 -1.917974 0.200898 79.364998 0.549196 221.633362 0.899414 19.767851 1.126452
357 -2.331839 0.616426 -31.304862 0.630255 192.227417 0.719312 -73.836917 1.954181
357 -2.469907 0.277705 15.812281 0.612891 238.050361 0.701482 0.696427 2.230319
357 -1.603496 0.548552 -15.273825 2.335714 310.268777 0.181748 -85.396391 0.497495
357 -1.848984 0.707436 1.931549 0.638229 201.167025 0.281543 84.649852 0.988472
357 -1.627769 0.614009 -4.912112 0.559375 187.272126 0.446108 -40.210342 0.546041
357 -2.208373 0.737055 2.692332 0.918563 244.211308 0.292938 13.995449 1.707250
357 -3.089862 0.007176 -46.908839 1.066465 284.733449 0.648885 -37.049018 3.470227
357 -1.570663 0.260904 -26.568811 0.905522 206.319510 0.593924 -76.705508 0.431830
357 -2.123612 0.753970 -6.529453 0.065216 175.121544 0.067760 13.782051 1.537728
357 -4.234329 0.104630 48.110482 0.801983 263.923780 0.593017 -53.471972 5.759162
358 -1.814658 0.190055 25.440613 0.202037 182.810793 1.072180 -0.772120 0.919820
358 -2.377668 0.055271 26.993871 0.684924 259.571997 1.009026 -3.904382 2.045840
358 -1.735982 0.466047 -2.599924 2.277326 311.389482 0.196042 85.326423 0.762468
358 -1.396665 0.737793 1.453708 0.342353 162.550761 0.346117 78.163783 0.083833
358 -2.744431 0.346527 11.914634 0.955065 266.044093 0.669700 -14.341744 2.779365
358 -2.192374 0.734993 9.980775 0.554789 192.467349 0.483294 86.985869 1.675251
358 -2.713493 0.202069 -86.847925 0.509575 242.096848 0.417551 -13.153593 2.717489
358 -1.586518 0.118607 -39.814385 0.803462 198.929328 0.521317 78.151964 0.463539
358 -1.862254 0.764347 6.008021 0.394236 201.501146 0.187698 20.198678 1.015012
358 -3.737792 0.104598 57.074382 0.455144 243.002057 0.675184 -39.592061 4.766087
359 -1.774352 0.186234 62.771348 0.331010 197.897350 0.962402 7.885307 0.839207
359 -1.846249 0.318566 86.990851 0.570420 237.239233 0.805835 16.867575 0.983002
359 -1.599347 0.449420 0.626082 2.247592 318.135946 0.033219 -87.585009 0.489198
359 -1.777831 0.708293 -18.914528 0.056855 148.768058 0.174690 76.045462 0.846167
359 -3.705331 0.368543 15.747453 1.013369 268.449917 0.442602 -5.113822 4.701165
359 -1.656349 0.689918 1.968033 0.052275 131.444565 0.481686 -44.885350 0.603201
359 -3.295731 0.188829 -89.419083 0.321837 215.492518 0.580919 28.030599 3.881965
359 -2.443673 0.133473 -21.325082 0.715336 209.513965 0.462547 75.143298 2.177850
359 -3.237482 0.697933 -28.337902 0.669106 222.783717 0.316922 -15.228511 3.765468
359 -2.730973 0.517045 -44.156428 0.802280 255.584824 0.770940 -25.418371 2.752451
360 -2.089816 0.118293 67.365514 0.368403 208.349073 0.880155 13.417238 1.470137
360 -1.898910 0.292956 -59.433897 0.667698 244.817842 1.053458 9.933920 1.088323
360 -1.806911 0.422653 -4.902911 2.257199 321.763395 0.055203 -86.298754 0.904326
360 -1.471385 0.628926 -3.392512 0.087628 132.221480 0.273086 79.945591 0.233274
360 -1.874937 0.260908 -72.216465 1.610659 306.319986 0.312072 -66.154538 1.040377
360 -1.974214 0.704018 11.593287 0.176435 144.190281 0.558582 -51.230770 1.238932
360 -3.398665 0.174890 -50.417403 0.281828 205.862873 0.867101 33.501103 4.087834
360 -2.843290 0.455371 -68.240563 0.416512 229.350641 0.131155 15.111668 2.977083
360 -3.438451 0.365162 -57.360133 0.641586 248.685583 0.568774 45.859340 4.167405
360 -1.489712 0.221133 56.803841 1.041229 276.584162 0.623720 5.834468 0.269927
361 -1.906709 0.481291 21.526420 0.425314 203.528452 0.921072 8.771587 1.103922
361 -2.142333 0.486747 -2.084594 0.764121 171.354575 0.856905 59.196321 1.575169
361 -1.506376 0.404533 -15.361974 2.384886 327.994828 0.007093 -86.816434 0.303257
361 -1.790200 0.431595 -16.499035 0.623853 199.967844 0.252873 89.840226 0.870903
361 -2.151772 0.239301 -75.376278 1.723069 315.020445 0.268051 -74.543816 1.594048
361 -1.658116 0.767243 7.928926 0.123760 145.118101 0.349984 -27.410768 0.606735
361 -1.409718 0.033113 -35.329384 0.995499 233.396346 0.230079 -84.919305 0.109940
361 -2.384486 0.059761 -56.410810 1.360385 303.519908 0.722119 -37.047068 2.059476
361 -1.600725 0.034025 -0.155039 1.322741 298.502862 0.835810 -19.293354 0.491954
361 -1.568769 0.222875 58.476917 0.967637 271.040088 0.655314 8.476294 0.428041
362 -1.915575 0.385048 18.317793 0.417711 213.909328 0.935876 0.513087 1.121654
362 -2.472166 0.480217 -6.708900 0.030452 129.969218 0.793266 54.627961 2.234835
362 -1.737549 0.401969 -9.707655 2.300072 327.687533 0.001735 -89.328659 0.765601
362 -1.534544 0.669113 -13.647121 0.685910 208.203781 0.398937 -36.821596 0.359591
362 -2.423250 0.527528 85.447704 0.557659 261.165288 0.287228 -40.320976 2.137003
362 -1.879838 0.765562 12.083040 0.144394 140.864041 0.413086 -23.142619 1.050179
362 -1.491353 0.714160 -11.222874 3.099257 365.779994 0.474108 -6.694019 0.273211
362 -1.639303 0.614767 25.746926 0.516758 158.789526 0.890788 67.211572 0.569109
362 -1.539998 0.064255 3.631566 1.402499 302.892722 0.727955 -14.640984 0.370499
362 -1.898340 0.337031 86.248677 0.978846 292.225005 0.509990 -15.215538 1.087183
363 -2.067379 0.269841 23.708751 0.496220 226.053537 0.984308 -20.575263 1.425262
363 -1.525719 0.400776 -15.206451 0.850612 195.395825 0.480371 76.950616 0.341941
363 -1.650791 0.501127 -12.169240 2.592008 335.753064 0.044341 -84.002393 0.592086
363 -1.437156 0.596549 -13.713941 1.147762 238.222664 0.329776 -28.061895 0.164815
363 -2.034612 0.086572 -68.438868 0.696861 226.156111 0.378013 10.400971 1.359727
363 -2.241991 0.791935 13.044250 0.201469 166.983563 0.416928 -30.609629 1.774485
363 -1.698906 0.707196 2.216456 2.962999 365.236684 0.580163 -2.160116 0.688316
363 -1.564357 0.734360 26.041249 1.597196 198.911368 0.920444 81.559234 0.419218
363 -2.757903 0.189285 -11.325278 1.008965 270.512333 0.492689 -15.225763 2.806309
363 -1.962944 0.300642 87.318438 1.566292 340.259472 0.441528 -29.702065 1.216392
364 -2.327390 0.152427 -6.321676 0.757608 256.159549 0.983092 -21.067105 1.945284
364 -1.413191 0.531429 -8.065163 0.347833 152.990284 0.418581 -78.237050 0.116885
364 -1.440060 0.387735 -11.016448 2.388333 326.937327 0.061267 89.518030 0.170625
364 -2.171725 0.755259 -1.914544 0.111118 178.355448 0.209790 -47.433685 1.633954
364 -3.173864 0.313668 -56.896145 0.445900 211.661626 0.295358 27.749206 3.638231
364 -2.012887 0.688055 -69.129992 0.092524 168.353518 0.140020 -53.630396 1.316278
364 -1.680310 0.752720 1.390134 2.506025 340.577457 0.644973 3.788462 0.651124
364 -1.556997 0.735485 24.769568 1.605778 199.287565 0.912651 82.370249 0.404498
364 -1.452294 0.687260 4.105288 0.202062 162.870485 0.077815 -49.031067 0.195093
364 -1.679086 0.296969 -77.496311 1.882757 361.018475 0.491098 -26.227592 0.648676
365 -2.201243 0.242363 25.318447 0.422067 226.182320 1.151055 -22.334295 1.692989
365 -1.440059 0.526097 -9.588284 0.405302 165.477857 0.448055 -68.782002 0.170623
365 -2.551841 0.361874 -36.760574 2.381271 334.307411 0.040320 -88.130214 2.394187
365 -1.927801 0.665314 -7.068295 0.061643 165.817937 0.015311 -67.751202 1.146105
365 -2.616957 0.272301 -45.113721 0.639787 222.087651 0.338881 7.782503 2.524419
365 -1.886907 0.663574 -85.855677 0.097200 163.335849 0.027575 -59.068064 1.064318
365 -1.858468 0.504677 6.103638 0.800226 174.675030 0.790624 -84.282330 1.007441
365 -1.599718 0.729645 18.202097 1.579370 196.132975 0.874712 -88.853081 0.489940
365 -1.463005 0.771687 4.052595 0.461281 183.387375 0.069168 -69.792885 0.216514
365 -2.056416 0.296684 -61.691460 1.697702 334.180940 0.316498 -26.411803 1.403336
366 -1.937867 0.346667 2.073105 0.400924 209.011366 0.874328 -12.491966 1.166238
366 -1.647962 0.576067 9.434461 0.083684 134.044800 0.484453 -64.783648 0.586427
366 -1.441358 0.660394 7.523166 1.609854 258.839171 0.287997 49.888257 0.173219
366 -1.894992 0.684089 -15.543392 0.240311 177.227662 0.034870 -70.814635 1.080487
366 -2.864380 0.130088 -34.698990 2.051559 362.535989 0.488536 29.899823 3.019264
366 -2.071939 0.574714 87.081462 0.320419 180.483988 0.038381 -49.557221 1.434381
366 -1.831232 0.427498 -20.073351 0.525783 194.549808 0.021619 -59.462972 0.952968
366 -1.509679 0.683774 0.507245 0.377954 138.965528 0.762166 -77.534781 0.309862
366 -1.652593 0.714581 2.606861 0.830098 201.282878 0.354283 -54.007187 0.595690
366 -1.932342 0.306914 -69.790500 1.650216 333.150119 0.173300 -23.045587 1.155188
367 -1.653338 0.121053 -3.857688 0.844820 249.264780 0.914106 2.968571 0.597179
367 -1.666501 0.696344 14.823639 0.064762 114.495931 0.563402 -78.156376 0.623507
367 -1.592206 0.639635 12.187419 1.123337 232.663976 0.091302 40.386462 0.474916
367 -1.440415 0.799211 -8.373725 0.548195 184.450870 0.240449 -58.954257 0.171333
367 -1.847691 0.158311 -43.519287 1.772835 353.190752 1.193354 -7.515522 0.985886
367 -1.885513 0.707591 89.046518 0.125044 164.952792 0.004926 -57.898309 1.061530
367 -1.399648 0.572914 -5.966355 0.154371 142.729404 0.293885 85.736289 0.089799
367 -2.115181 0.723826 11.141575 0.428838 138.641987 0.799840 -50.793347 1.520865
367 -1.478540 0.709604 -7.311496 0.731748 191.607758 0.231155 -51.190053 0.247584
367 -1.793146 0.288184 -66.820075 1.072449 274.697996 0.293289 -26.331546 0.876795
368 -2.369761 0.101400 41.914569 0.485121 240.589821 1.013969 0.250686 2.030026
368 -2.556081 0.601208 -4.631558 0.943782 190.160934 0.818707 -61.964107 2.402666
368 -1.507623 0.705877 5.331743 1.140924 226.692185 0.027686 27.822425 0.305751
368 -1.549084 0.736907 3.433497 1.338930 227.283294 0.350624 -73.419726 0.388673
368 -2.500591 0.120715 -39.023739 1.849239 362.168257 1.136126 28.781765 2.291685
368 -1.972718 0.690771 84.624365 0.194373 172.912690 0.037516 -64.667905 1.235939
368 -1.593476 0.596367 -18.352171 0.251036 163.369618 0.222528 -81.448280 0.477455
368 -4.286818 0.648921 4.952472 0.526365 150.940831 1.007321 -50.031546 5.864140
368 -1.586701 0.763885 17.565005 0.006658 134.087454 0.023829 19.030623 0.463906
368 -1.942893 0.263811 -82.812522 1.166206 295.333075 0.274385 9.499164 1.176289
369 -1.890877 0.121725 34.436496 0.358551 216.127545 1.139301 -17.518451 1.072258
369 -1.435389 0.611981 10.904647 0.500031 133.708177 0.892155 86.681117 0.161282
369 -1.575798 0.784458 7.527087 0.595534 201.606421 0.120912 47.639084 0.442099
369 -2.009488 0.157374 -23.110136 0.551221 202.608377 0.033069 -53.197071 1.309480
369 -2.129218 0.176736 -36.200663 1.751316 353.868723 1.176750 17.727131 1.548939
369 -1.660553 0.287381 -75.445015 1.003018 291.378056 0.988192 3.441505 0.611609
369 -1.711769 0.380271 -85.416786 1.058446 283.953081 0.231864 -41.739139 0.714042
369 -2.433383 0.529968 -60.203997 0.821291 255.486464 0.640944 -43.325012 2.157271
369 -1.481195 0.704965 12.172340 0.040004 140.710048 0.072181 6.270167 0.252895
369 -2.251736 0.305342 -76.378402 1.474484 316.559952 0.195878 51.056617 1.793975
370 -2.584499 0.027433 29.601031 0.365128 224.314808 1.104612 12.122620 2.459501
370 -1.401956 0.586184 2.329862 0.183898 134.905056 0.642801 -87.094784 0.094416
370 -2.312428 0.188259 -71.259174 0.550831 223.613130 0.266324 -0.025742 1.915360
370 -1.409960 0.225352 -0.345159 0.194332 152.371115 0.196973 82.297570 0.110423
370 -2.274468 0.180526 -40.984069 1.796551 360.100732 1.133833 22.723099 1.839439
370 -1.676629 0.302595 -65.183344 0.939694 277.360513 0.881176 -12.503367 0.643762
370 -2.279823 0.387763 -74.096344 0.978934 283.581843 0.368084 -32.684072 1.850151
370 -2.252509 0.412029 -61.986059 1.069110 309.135226 1.027076 -6.689113 1.795521
370 -1.756214 0.676160 19.059741 0.500444 176.789078 0.020868 -67.602373 0.802931
370 -3.019781 0.286017 -73.828000 1.459564 315.218877 0.360427 59.452544 3.330066
371 -3.199634 0.028726 38.602480 0.206776 227.440521 1.162605 0.369891 3.689772
371 -1.540307 0.636735 10.733546 0.086247 134.931728 0.716299 65.204753 0.371118
371 -2.872410 0.266279 -55.943743 0.639627 224.762863 0.091784 -6.465486 3.035324
371 -1.381471 0.240262 3.027633 0.175835 148.901378 0.232191 85.867455 0.053445
371 -1.778677 0.563218 -15.456706 3.012089 372.707777 0.319661 -17.566019 0.847858
371 -1.518713 0.308127 79.871657 1.528839 351.213553 1.068554 -11.368131 0.327930
371 -2.719178 0.437718 -61.676359 0.703520 246.128432 0.029759 -36.009811 2.728860
371 -2.379095 0.310031 -85.049912 1.285971 328.267015 1.008981 -25.703055 2.048694
371 -1.762949 0.578183 7.740289 0.339477 182.218079 0.047067 -63.308749 0.816402
371 -3.277532 0.276777 -71.896653 1.445968 313.597600 0.372795 61.922437 3.845568
372 -1.541326 0.131005 71.400197 0.519094 221.129931 0.955859 -7.931687 0.373156
372 -1.681605 0.662022 -19.972990 0.683021 160.418170 0.668791 -77.923508 0.653714
372 -2.442213 0.482051 -62.384942 0.505871 232.672919 0.261702 -3.017939 2.174929
372 -1.846876 0.239730 -40.612222 1.049029 245.013880 0.241231 -67.775357 0.984256
372 -1.759988 0.539628 1.144509 2.833933 358.288525 0.206941 -9.810101 0.810479
372 -1.498254 0.285943 -88.497301 1.500472 344.288760 0.915803 -0.655298 0.287013
372 -2.676209 0.397463 -72.614899 0.777940 261.613567 0.014551 -16.058081 2.642921
372 -1.972449 0.329715 -58.393669 0.545265 237.720410 0.916824 -16.366175 1.235401
372 -2.109424 0.693018 0.803633 0.749075 223.534208 0.085923 -35.100736 1.509351
372 -1.986096 0.250833 -87.651558 2.833289 401.036489 0.284784 -80.501398 1.262695
373 -2.722495 0.111863 -80.277555 0.489481 231.336459 1.157472 26.748597 2.735495
373 -1.453859 0.648645 -11.212584 0.442832 148.449416 0.700812 -81.242853 0.198221
373 -2.507998 0.765010 -71.361061 0.445653 261.058992 0.054986 37.857719 2.306499
373 -3.262093 0.339046 -30.260464 0.560236 215.783802 0.168735 -77.776331 3.814689
373 -2.166356 0.447968 23.226440 2.991711 362.099512 0.021929 -23.838717 1.623217
373 -1.497207 0.212528 -17.536933 2.939129 354.500805 0.361124 87.736670 0.284917
373 -2.259961 0.367487 87.638129 0.676195 257.412834 1.174698 26.884661 1.810427
373 -1.663915 0.305075 -85.686881 0.681254 245.279600 0.815375 4.217320 0.618334
373 -2.008717 0.682332 5.535460 0.860546 225.109094 0.144549 -31.886087 1.307938
373 -1.912805 0.290394 -86.533101 2.846157 405.299018 0.266670 88.857257 1.116114
374 -1.608837 0.085045 -61.968052 1.031292 276.481500 0.992503 3.744139 0.508178
374 -1.660373 0.656906 -35.605748 0.037548 137.600051 0.739289 -77.370012 0.611251
374 -3.410039 0.741148 -55.144973 0.512630 265.308023 0.109009 -6.207640 4.110582
374 -2.699607 0.465597 -34.521677 0.442374 190.154076 0.087041 80.390424 2.689718
374 -2.124446 0.271618 -32.792144 3.044060 422.334833 1.031794 -29.736494 1.539395
374 -1.490327 0.341555 -9.459595 2.106566 297.682410 0.349210 -78.273756 0.271157
374 -1.844739 0.382943 89.413579 0.352631 217.983014 1.183227 12.847960 0.979981
374 -1.726096 0.345324 -86.114243 0.607800 243.300895 0.895928 10.454857 0.742696
374 -2.070792 0.586917 -14.237918 1.860401 298.275626 0.163071 -4.808998 1.432088
374 -1.889206 0.300685 -83.912594 2.899730 408.811792 0.288285 -80.794231 1.068915
375 -1.705553 0.000834 -72.009399 1.403064 312.798455 0.905183 -20.582517 0.701610
375 -2.368600 0.590838 -21.491818 0.233443 150.639210 0.725724 68.626013 2.027703
375 -1.902616 0.149456 51.886996 0.667174 243.686147 0.553722 -16.799489 1.095736
375 -2.534770 0.343632 -31.635352 1.655088 288.525738 0.006564 4.241521 2.360044
375 -2.311847 0.244950 -35.302219 3.096514 427.828006 1.009716 -32.611498 1.914198
375 -1.812281 0.299300 -9.734807 2.183350 313.779570 0.265580 -80.466434 0.915065
375 -1.872732 0.458912 -88.198143 0.659511 270.521274 0.824872 6.692949 1.035969
375 -1.912340 0.352726 -88.068460 0.568028 246.474761 1.110411 16.206005 1.115184
375 -1.581078 0.579441 -10.262285 2.050233 299.503851 0.005433 -18.770485 0.452659
375 -1.522441 0.281476 89.005950 3.073831 419.339233 0.247591 87.060063 0.335385
376 -1.551378 0.159111 -72.619794 1.524262 327.728031 0.700235 -3.391372 0.393260
376 -1.684312 0.608217 33.946066 1.149868 218.195356 0.896294 52.723360 0.659128
376 -2.345907 0.142328 51.513882 0.607392 237.937291 0.465059 -30.795246 1.982318
376 -1.431720 0.370373 3.923276 1.357799 270.909401 0.357022 2.782931 0.153944
376 -2.565695 0.186192 -44.768887 3.346178 454.698189 1.078865 -33.184501 2.421894
376 -1.776601 0.209141 -7.026304 2.429441 332.038118 0.285355 -86.311351 0.843706
376 -1.859742 0.458230 -84.099438 0.813216 284.272233 0.639536 5.717810 1.009988
376 -1.660023 0.422002 60.086760 1.001377 279.245521 0.218386 14.798673 0.610550
376 -1.701215 0.723415 -17.416301 3.737311 379.132852 0.004008 -47.613905 0.692934
376 -1.570395 0.298642 85.763593 3.006751 420.707550 0.218977 88.690052 0.431294
377 -1.941105 0.159613 -65.629303 0.873722 266.308475 0.762526 8.564546 1.172713
377 -1.465124 0.444441 21.189057 0.855380 176.993963 0.808798 78.222689 0.220752
377 -1.400187 0.126188 72.278734 0.814337 209.293185 0.495509 86.213140 0.090877
377 -3.988121 0.284934 15.122729 0.870403 271.162640 0.594256 -28.375894 5.266746
377 -1.771768 0.048685 43.663342 2.840844 418.391834 0.602894 13.199827 0.834040
377 -1.479782 0.189256 -11.499523 2.342665 328.834033 0.241188 -89.471733 0.250068
377 -2.437736 0.729489 -12.304311 1.112551 220.981533 0.525055 60.286701 2.165976
377 -1.667688 0.279086 83.396747 1.182981 294.263622 0.183944 2.884407 0.625880
377 -1.996947 0.760118 -28.844535 3.318719 352.992559 0.218273 -75.927195 1.284397
377 -1.500908 0.301600 85.563629 3.026141 421.209324 0.229435 -89.838474 0.292320
378 -1.632949 0.119452 -67.291173 1.024104 276.363987 0.770053 1.183194 0.556402
378 -1.515245 0.449171 6.994583 0.827581 178.433162 0.666112 -83.666881 0.320993
378 -1.382213 0.094207 74.440365 1.029949 227.640452 0.483783 84.068458 0.054929
378 -1.826267 0.247369 9.167667 1.511679 305.827631 0.603006 -5.495634 0.943037
378 -1.844002 0.035609 47.527418 2.805495 414.418846 0.559516 16.422942 0.978508
378 -1.871170 0.188301 -8.031228 2.783049 359.163994 0.260016 -73.357576 1.032845
378 -1.665557 0.710879 -9.376105 0.265092 153.149676 0.550007 66.879075 0.621618
378 -1.669568 0.371847 77.913155 0.939769 276.431431 0.218814 12.999389 0.629639
378 -1.887546 0.797987 -29.549031 3.371361 360.101633 0.217892 -45.917834 1.065597
378 -1.590537 0.280406 86.959045 2.965718 414.137993 0.233702 83.587060 0.471578
379 -1.839963 0.015459 -47.883403 1.178495 292.317725 0.796531 -19.170186 0.970429
379 -1.973261 0.693909 9.620684 0.611761 159.437450 0.700235 -54.599533 1.237025
379 -1.381601 0.090702 69.539896 1.048596 234.078339 0.414741 84.012471 0.053705
379 -1.858143 0.122749 6.083987 0.609073 222.910066 0.701345 3.463449 1.006789
379 -1.574476 0.125082 38.563438 2.679070 407.035837 0.627824 6.130773 0.439457
379 -1.733708 0.163543 -26.917323 2.328099 343.781814 0.174864 -66.061009 0.757919
379 -1.411463 0.750593 2.168495 0.166837 136.645940 0.452691 85.239529 0.113429
379 -1.829062 0.404877 67.938784 0.635477 246.382451 0.200253 15.983120 0.948628
379 -1.717203 0.787117 -25.851531 4.238259 398.696153 0.231409 -54.068374 0.724911
379 -1.746658 0.265148 89.228972 2.861109 407.130837 0.229459 77.809418 0.783819
380 -2.120838 0.167767 -21.566465 0.696597 250.061764 1.005773 -15.065477 1.532180
380 -2.163647 0.713544 22.758538 0.608520 151.805729 0.657925 -60.374161 1.617798
380 -1.466325 0.021234 50.772767 1.462807 264.917796 0.403195 -87.716269 0.223153
380 -1.989288 0.090737 2.680480 0.913475 264.555865 0.689296 -2.553879 1.269079
380 -1.511525 0.121232 39.309673 2.754526 410.735314 0.606088 7.643981 0.313555
380 -2.233634 0.173599 -35.552907 3.159073 399.249106 0.073648 -64.743219 1.757771
380 -1.450856 0.720901 -4.536477 0.628354 173.062154 0.531182 -87.887478 0.192216
380 -1.929066 0.323339 -72.408258 1.126055 281.560936 0.072429 -2.281634 1.148637
380 -1.780019 0.152787 -45.222851 0.961919 255.221391 0.412143 -12.391262 0.850542
380 -1.702157 0.305791 84.767718 2.508169 382.580627 0.285901 76.429366 0.694817
381 -1.447322 0.219199 -10.736580 0.788220 215.679970 0.000493 61.923994 0.185148
381 -2.685796 0.633601 -43.812115 0.681925 196.195042 0.595462 84.573203 2.662097
381 -1.607436 0.051428 59.935649 1.192318 251.493671 0.323255 69.001675 0.505377
381 -3.082078 0.131680 -24.858047 0.780961 240.362255 0.483513 26.203046 3.454660
381 -1.835094 0.260740 -21.037055 3.487195 409.740463 0.114063 -57.373307 0.960691
381 -2.162761 0.205969 -40.321655 3.083617 394.486091 0.132259 -57.435949 1.616026
381 -1.520186 0.757641 15.070588 0.753204 185.043440 0.408088 74.515428 0.330875
381 -1.930931 0.407908 70.247359 0.540632 256.894887 1.150217 -23.781045 1.152365
381 -2.090503 0.110222 -38.730147 1.272577 292.275311 0.425196 -15.681295 1.471510
381 -1.528164 0.286015 77.848337 2.566626 390.576897 0.236856 61.176139 0.346832
382 -1.373499 0.280706 0.969288 0.565092 192.835445 0.072522 82.651872 0.037501
382 -1.510160 0.447341 -18.669602 0.515761 163.354643 0.649004 89.074551 0.310824
382 -1.724021 0.746821 3.469824 1.211285 236.661284 0.169152 84.576818 0.738546
382 -2.040474 0.063237 -38.963240 0.687561 245.217886 0.644027 -13.721154 1.371451
382 -1.626171 0.244023 -24.636376 3.543114 413.025862 0.098013 -59.901026 0.542845
382 -1.654236 0.177499 -43.255725 3.051830 390.637643 0.200821 -69.626583 0.598976
382 -1.430039 0.734823 12.783117 0.617685 176.252752 0.451032 70.717792 0.150581
382 -1.900668 0.228407 65.873768 0.693035 257.005034 0.984112 -25.325016 1.091839
382 -2.332027 0.002964 -25.782804 1.291161 306.283014 0.706250 -21.327458 1.954557
382 -1.894283 0.265356 84.461909 2.657358 396.376273 0.261904 63.908946 1.079069
383 -2.905414 0.068260 62.590646 2.188311 393.148985 1.086113 -40.346286 3.101332
383 -1.982285 0.569219 9.487293 0.061193 124.887976 0.672203 -54.700151 1.255073
383 -1.700588 0.601328 16.879457 1.054936 227.201496 0.194223 68.560318 0.691680
383 -2.211773 0.047219 -0.477574 0.920913 270.098387 0.927503 11.101439 1.714051
383 -2.410442 0.667301 -21.822398 0.455586 192.819294 0.250444 72.695231 2.111388
383 -1.993097 0.179200 -45.036437 2.982729 383.544135 0.191578 -82.361028 1.276698
383 -1.401062 0.660618 12.324764 0.297995 157.873819 0.509511 70.019050 0.092627
383 -1.963663 0.195209 60.066310 0.674486 255.677018 0.973723 -22.261758 1.217830
383 -2.292764 0.278499 -42.360456 0.759430 256.994657 0.844977 2.815017 1.876032
383 -2.601848 0.214330 82.767735 2.138834 343.061940 0.307697 78.136285 2.494199
384 -2.674084 0.046365 53.982842 2.251631 396.575273 1.129295 -39.009281 2.638672
384 -1.985078 0.591583 13.590757 0.087439 113.059523 0.717384 -54.772345 1.260660
384 -1.414044 0.674656 -2.068208 1.008711 216.378516 0.082321 67.557432 0.118592
384 -1.894419 0.073200 -16.557893 0.274728 201.275273 1.042097 -6.365848 1.079343
384 -1.617207 0.754196 9.408528 0.084570 146.974260 0.249094 -45.403736 0.524918
384 -1.980685 0.174671 -49.064417 3.007066 385.787869 0.219193 -82.279768 1.251874
384 -1.801329 0.646581 -15.696495 0.207639 147.670240 0.539568 66.248655 0.893162
384 -2.203367 0.395698 77.885899 0.296627 206.524097 0.761408 23.606701 1.697238
384 -2.354800 0.200768 -51.494210 1.096015 290.261503 0.846087 -21.789919 2.000104
384 -2.718367 0.213653 80.450484 2.198663 348.220493 0.306345 76.697080 2.727237
385 -1.795300 0.171983 17.606977 0.189685 144.252178 0.246722 -65.610112 0.881103
385 -2.262483 0.620205 22.496295 0.031914 111.337757 0.642243 -47.785181 1.815469
385 -1.642159 0.202016 89.211359 1.166780 289.650559 0.374429 7.787867 0.574822
385 -2.099396 0.064106 -21.827919 0.402320 221.148821 1.133456 5.308304 1.489295
385 -1.658362 0.783044 7.251516 0.867186 205.992608 0.229719 -47.079424 0.607227
385 -2.131504 0.190490 -38.845980 3.149141 393.619739 0.177410 -78.856488 1.553513
385 -1.974361 0.422134 -3.882788 1.245715 162.218462 1.049823 -70.900679 1.239226
385 -1.924842 0.314145 83.530896 0.514107 216.814876 0.658685 23.963039 1.140188
385 -1.535734 0.305385 -86.195687 0.828694 267.973763 0.794792 -13.565228 0.361971
385 -2.104811 0.212020 73.024050 2.054762 351.332408 0.141331 75.857025 1.500126
386 -1.461183 0.235771 -53.306285 0.142970 109.264565 0.974842 85.976789 0.212869
386 -2.214753 0.658578 20.886789 0.004659 104.435875 0.653329 -48.620919 1.720010
386 -1.757594 0.287395 65.755372 0.823916 264.667024 0.401950 -1.502799 0.805691
386 -2.025477 0.728704 72.826915 0.621787 286.542085 0.020359 19.537698 1.341457
386 -1.930832 0.666985 5.599399 0.563245 206.403173 0.058876 -29.250010 1.152167
386 -2.039627 0.142009 -44.889657 3.714355 425.566471 0.165690 85.614001 1.369758
386 -1.549456 0.476516 -4.211466 1.025770 148.468907 1.039463 -88.012244 0.389417
386 -2.103066 0.220586 58.757077 0.625118 218.802521 0.663253 28.598444 1.496635
386 -3.214152 0.347814 24.837149 0.469749 232.910456 0.146743 -23.590625 3.718808
386 -2.692161 0.160932 89.125363 1.917794 329.779940 0.213628 78.332918 2.674826
387 -1.589889 0.407083 -35.725036 0.004006 129.535936 0.717899 -87.432482 0.470281
387 -2.553740 0.614181 34.264615 0.200867 116.881942 0.675498 -48.824022 2.397983
387 -1.460155 0.046215 46.772731 0.706229 166.851283 0.823378 -87.487776 0.210814
387 -1.934051 0.769151 75.409612 0.487030 277.148110 0.015868 16.153870 1.158607
387 -2.151797 0.584003 -4.683679 0.701463 222.846484 0.059880 -13.076147 1.594098
387 -1.930680 0.126394 -38.606234 3.942206 438.721749 0.138960 82.690758 1.151864
387 -1.595792 0.660417 24.031226 0.380465 152.840955 0.742861 83.842923 0.482088
387 -3.200520 0.286537 67.639423 0.429593 220.419372 0.601884 34.012335 3.691543
387 -3.096772 0.198168 -35.516070 0.911395 248.936703 0.217668 1.024608 3.484048
387 -1.809873 0.189211 89.491276 1.897682 331.684074 0.217741 -80.966604 0.910250
388 -1.904812 0.388014 -44.221013 0.529725 198.154208 0.427168 -54.808465 1.100129
388 -2.287990 0.575829 27.804695 0.284691 125.315325 0.652225 -55.996808 1.866484
388 -1.410293 0.048400 36.812483 0.079451 101.922139 1.024244 89.280936 0.111090
388 -1.990547 0.685460 70.926841 0.784524 296.627623 0.024308 14.327420 1.271598
388 -1.596001 0.722249 1.846002 0.881342 219.650218 0.112514 52.097085 0.482505
388 -2.253600 0.118051 -35.937962 3.922501 435.909038 0.170571 77.214630 1.797704
388 -1.490007 0.693704 9.986224 0.323002 170.865263 0.525342 37.161649 0.270518
388 -1.916863 0.231880 78.680130 0.480133 232.416815 0.574386 -16.725196 1.124230
388 -3.441025 0.169613 -33.881400 1.151294 271.894840 0.148377 6.393246 4.172554
388 -2.240290 0.236187 -83.005493 1.372094 287.760151 0.212197 84.243128 1.771084
389 -1.503945 0.496725 -19.632914 0.269925 156.389046 0.560721 -70.121596 0.298394
389 -2.388473 0.657801 34.421236 0.094395 103.213870 0.743935 -55.167477 2.067450
389 -1.434214 0.673706 15.823125 0.063356 96.525531 1.070864 85.373910 0.158933
389 -2.476514 0.183914 64.933316 0.213554 219.526693 1.152076 2.916198 2.243531
389 -1.466430 0.757840 12.834515 1.192295 231.551664 0.404252 49.591057 0.223364
389 -1.608719 0.280108 -22.974671 3.655102 402.200202 0.169310 76.907086 0.507943
389 -1.538270 0.670078 8.153473 0.380507 172.829617 0.392489 -0.863550 0.367043
389 -1.821127 0.412557 -71.021231 0.775675 257.138705 0.474255 -27.757380 0.932757
389 -2.251154 0.148938 -25.029408 1.763496 302.073209 0.080556 31.020340 1.792812
389 -2.804380 0.260785 -81.125119 0.778602 222.893404 0.318802 80.187091 2.899265
390 -1.758891 0.390285 15.971255 0.762568 150.648539 0.901320 -74.272426 0.808285
390 -2.539860 0.656127 34.082344 0.126062 114.223364 0.658963 -47.770270 2.370223
390 -2.189131 0.628986 3.485216 0.534792 130.824147 1.056153 -85.647128 1.668765
390 -1.682277 0.196557 61.691101 0.640388 232.744013 1.071755 13.069766 0.655057
390 -1.632532 0.758612 2.673620 1.252366 240.397726 0.382511 43.577330 0.555569
390 -1.473184 0.311043 -14.518929 3.722219 390.069255 0.317833 79.040372 0.236873
390 -1.943057 0.600356 -24.605059 0.668816 202.571585 0.223257 -86.347404 1.176617
390 -2.002707 0.418067 -79.439056 0.571969 247.350568 0.444074 -19.521674 1.295918
390 -2.127217 0.216139 -22.432209 0.703638 215.454727 0.029634 3.746965 1.544938
390 -3.487235 0.278865 -88.939819 0.370620 219.727101 0.442112 40.433623 4.264973
391 -2.554192 0.454651 -24.775393 0.649626 232.971125 0.857904 -3.088415 2.398888
391 -1.930913 0.127229 -21.714343 1.166697 280.686996 0.707257 -24.277608 1.152330
391 -1.696118 0.758568 -17.555146 0.877903 127.159061 1.117583 89.920924 0.682739
391 -2.528199 0.193734 75.282995 0.266668 205.219648 0.882103 19.527602 2.346901
391 -2.216687 0.708943 -14.593344 0.673350 197.687895 0.431237 62.386110 1.723877
391 -1.643517 0.292840 -14.806455 3.656518 393.063363 0.280753 67.621111 0.577537
391 -1.551459 0.422395 11.317922 0.566019 192.486803 0.283523 71.357489 0.393422
391 -2.682353 0.358189 -75.500279 0.644741 261.736402 0.431560 -17.080325 2.655209
391 -1.890464 0.187617 -17.413664 0.853714 229.961178 0.027223 2.847991 1.071431
391 -1.937875 0.447465 81.460084 1.051107 260.975259 0.474249 73.647674 1.166254
392 -2.023458 0.281778 75.884220 1.571310 316.539353 0.183419 82.872042 1.337419
392 -1.574491 0.114914 -7.812059 0.797073 243.393266 0.774702 -7.365044 0.439485
392 -1.625565 0.784999 11.983396 0.537295 99.994406 1.154866 -81.433033 0.541634
392 -2.334367 0.326578 89.677437 0.297912 221.208733 0.958932 15.644746 1.959238
392 -2.301633 0.672724 -18.654455 0.608630 204.099664 0.219080 70.675486 1.893770
392 -1.604983 0.295515 -16.178459 4.254139 432.140915 0.176727 82.419782 0.500470
392 -1.559467 0.363183 7.658380 0.611206 205.384733 0.248057 27.663075 0.409438
392 -1.813342 0.404715 -75.198901 1.045955 296.560966 0.476213 3.327814 0.917188
392 -1.823365 0.349423 0.341223 1.085921 252.423191 0.190658 15.561004 0.937234
392 -2.228698 0.420199 88.599761 1.008673 259.184271 0.433636 76.361508 1.747899
393 -1.884147 0.239138 80.924662 1.704271 321.726889 0.195087 76.067604 1.058797
393 -1.538279 0.130825 11.478219 2.363670 374.642060 0.625904 4.832867 0.367062
393 -1.665901 0.778215 8.239259 0.583489 102.289268 1.142282 -76.577398 0.622305
393 -2.276466 0.300794 -89.375799 0.338467 231.127570 0.917134 5.639937 1.843436
393 -1.695589 0.639752 -24.604317 1.331254 238.827236 0.208038 -89.268864 0.681682
393 -1.514619 0.288321 -13.838436 4.293998 434.944135 0.171101 84.874630 0.319741
393 -1.636474 0.397490 -6.667393 0.632456 197.760509 0.221532 21.404039 0.563451
393 -2.188674 0.418020 57.236963 0.435057 237.729598 0.519372 -21.149031 1.667851
393 -2.968567 0.479549 -25.846650 0.655255 213.943033 0.128647 15.034889 3.227639
393 -2.715896 0.356896 -84.165306 1.129860 282.699511 0.456720 60.188889 2.722296
394 -1.902731 0.395950 70.724121 1.965535 363.910918 0.125125 81.109205 1.095966
394 -1.873363 0.157635 -0.349804 1.799021 332.062754 0.581861 -1.677114 1.037230
394 -1.499056 0.014996 28.323638 0.616444 103.468446 1.182310 80.228121 0.288615
394 -1.942250 0.363827 69.489180 0.222823 214.528544 0.902959 -10.927629 1.175003
394 -1.720637 0.713085 -21.462362 0.689438 202.318896 0.214186 -71.090724 0.731778
394 -1.820904 0.269364 -10.936202 4.332537 442.594492 0.143358 89.919942 0.932313
394 -1.808825 0.378559 -7.208042 0.505892 186.406754 0.246712 22.208170 0.908153
394 -1.753204 0.225388 72.201291 0.788075 240.003494 0.443728 24.393415 0.796911
394 -1.530739 0.432250 -7.945548 1.234721 241.942396 0.179858 37.480488 0.351981
394 -3.637821 0.314082 -59.816166 0.476014 224.298038 0.036616 52.489014 4.566146
395 -1.745949 0.306552 77.765193 2.665148 407.307773 0.118777 89.189597 0.782401
395 -1.949276 0.105099 4.336729 1.808906 336.061914 0.599841 6.044721 1.189055
395 -1.527015 0.685216 26.111096 0.528652 100.424614 1.176986 83.378652 0.344534
395 -2.944327 0.223117 -61.388504 0.607442 250.516592 1.191976 -34.647545 3.179157
395 -2.092723 0.739687 -24.472655 0.265852 178.063351 0.119505 -74.605331 1.475950
395 -1.481049 0.300549 -3.000188 5.180726 483.635886 0.080677 -75.986927 0.252602
395 -2.334526 0.005290 -56.366013 0.524430 230.309150 0.624469 1.527231 1.959556
395 -1.687814 0.323432 78.813873 0.776393 253.382061 0.542784 20.398688 0.666131
395 -1.755544 0.437768 -11.849619 0.965394 222.484277 0.242098 55.736828 0.801592
395 -3.168404 0.273742 -82.723194 0.575645 268.110883 0.900375 -19.651426 3.627311
396 -1.647165 0.294459 74.869005 2.526924 396.668290 0.093470 89.482499 0.584833
396 -2.033820 0.165787 -7.197578 1.263091 285.971654 0.736893 -25.651226 1.358143
396 -1.455860 0.702750 5.694552 0.026286 88.143660 1.029986 84.025407 0.202225
396 -2.514912 0.312336 -67.703040 0.756756 238.711304 0.147939 -10.198801 2.320329
396 -2.465593 0.777043 -22.933864 0.073249 175.210199 0.075291 -50.266008 2.221690
396 -1.598444 0.315353 0.900887 5.195547 484.890219 0.053304 -74.563563 0.487392
396 -2.463368 0.025781 -83.471107 0.413268 233.571730 0.887672 -15.914016 2.217240
396 -2.536722 0.207426 88.528778 0.894798 278.075901 0.751727 -34.873643 2.363949
396 -2.083244 0.574692 -13.996295 1.409175 264.293994 0.045941 -72.670290 1.456991
396 -1.626161 0.248271 81.948441 0.899323 278.139150 0.825855 -15.938937 0.542826
397 -1.697738 0.313781 76.077049 2.333569 385.135410 0.086529 86.614744 0.685979
397 -2.082624 0.211220 1.711012 0.215118 193.381451 1.053755 -2.339401 1.455752
397 -1.566871 0.623171 -8.965214 0.234009 98.172301 1.094968 -78.972992 0.424247
397 -2.591918 0.259140 -75.549733 0.463774 227.123519 0.300663 6.056473 2.474339
397 -1.429064 0.646074 -19.961578 0.108722 151.060001 0.434067 -49.900765 0.148632
397 -1.471068 0.274403 -7.645194 4.377644 448.745883 0.084381 -67.066112 0.232640
397 -1.776377 0.076164 -80.856945 0.408912 220.607526 1.153611 -0.579328 0.843258
397 -1.657157 0.051131 53.400701 0.909883 267.226882 0.893023 -15.563449 0.604818
397 -2.395616 0.584107 -12.295308 0.579507 213.664201 0.160145 -62.465373 2.081736
397 -2.086962 0.262261 62.811976 0.776863 269.133045 0.889588 -28.457169 1.464428
398 -2.017107 0.366577 72.205805 2.437073 405.347007 0.024245 -89.106340 1.324719
398 -1.557927 0.081989 -20.323704 0.649526 231.504108 1.120698 -2.166424 0.406357
398 -1.570335 0.551530 -9.728225 1.094238 148.662520 1.046238 -77.476021 0.431174
398 -2.440531 0.112850 -25.550877 0.915691 263.589585 0.623693 -28.235114 2.171565
398 -1.474363 0.664635 -1.215029 1.324955 243.682302 0.078510 -63.628824 0.239231
398 -1.445835 0.274516 -6.312946 4.358944 446.717493 0.103413 -67.486505 0.182174
398 -1.573098 0.006003 -63.884728 0.820082 252.860050 1.164516 3.626370 0.436699
398 -1.628506 0.044932 41.978281 0.654224 241.829922 1.014871 -7.091429 0.547516
398 -2.206540 0.192173 -44.731202 0.855965 257.255596 0.641820 9.747346 1.703583
398 -1.849322 0.670243 4.192967 0.765198 213.415180 0.280307 60.046675 0.989149
399 -2.285099 0.308930 -24.374260 2.572121 324.634164 0.393086 57.964486 1.860702
399 -1.808088 0.242351 -32.724819 0.740119 238.354254 0.934315 -24.819406 0.906680
399 -1.477260 0.510933 -10.652454 1.191288 156.993654 1.027619 -88.256263 0.245024
399 -1.902904 0.033080 -32.892421 1.181425 288.814111 0.557103 -8.727787 1.096311
399 -1.975064 0.749139 20.079965 1.164696 216.102078 0.224700 -65.613975 1.240633
399 -1.451738 0.293084 -6.256523 4.477987 449.659605 0.124920 -67.749219 0.193980
399 -1.638124 0.035837 -20.786989 0.663475 235.849507 0.790837 -10.875592 0.566751
399 -1.546123 0.088119 46.859762 0.569376 230.451876 1.121439 -9.199963 0.382750
399 -1.608204 0.001771 -11.906347 0.930881 259.966167 0.561417 -8.675605 0.506911
399 -1.901439 0.660457 9.158751 0.628035 201.000603 0.343508 -13.435845 1.093381
400 -1.800162 0.276562 -18.277791 2.560105 324.297049 0.395588 64.303170 0.890828
400 -1.896704 0.237956 11.812193 0.339080 212.027364 1.133785 -7.251317 1.083911
400 -1.522201 0.627420 -1.701698 0.836993 140.716336 1.017742 71.439562 0.334905
400 -1.529445 0.085544 -1.953955 0.922818 252.112299 0.699319 -3.315408 0.349393
400 -1.781650 0.771962 15.792114 1.107886 212.716787 0.209176 -76.389944 0.853804
400 -1.453169 0.242411 -9.347079 4.580293 450.533600 0.228592 -76.235400 0.196842
400 -1.831777 0.763389 -17.505083 0.982157 247.524083 0.734497 -23.162411 0.954059
400 -2.434003 0.036514 44.895728 0.565347 245.466890 1.170538 11.227222 2.158509
400 -1.413111 0.128620 -4.581579 1.370460 276.935598 0.109977 -4.705222 0.116725
400 -1.622657 0.495390 -0.113176 0.902179 229.848759 0.100889 3.787373 0.535818
401 -1.707090 0.293217 84.470566 2.841470 435.999167 0.172996 -14.433032 0.704684
401 -1.556963 0.185627 19.637572 0.581267 224.752828 1.094871 -10.858413 0.404431
401 -2.204093 0.602328 -21.546503 1.689494 225.979564 0.851055 -78.317479 1.698690
401 -2.222698 0.009173 0.147798 0.637308 247.025468 0.734077 -5.506628 1.735900
401 -2.459980 0.457401 -45.900409 0.565210 226.337298 0.557098 1.786858 2.210464
401 -1.799674 0.284381 -6.392171 4.587362 449.788300 0.193666 -80.888038 0.889851
401 -1.470104 0.548348 -21.771771 1.282426 257.402324 0.521360 -28.502920 0.230712
401 -3.001912 0.776158 58.052688 0.497513 286.646893 0.044338 -14.213875 3.294327
401 -1.402191 0.151010 -3.091682 1.414490 277.984083 0.047700 -3.259086 0.094886
401 -1.700404 0.446674 7.405851 0.393092 186.732459 1.196696 3.491517 0.691312
402 -3.380108 0.415175 79.490124 0.294374 252.336819 0.711949 1.172027 4.050719
402 -1.632153 0.119287 27.474218 0.530699 220.854548 1.148759 -16.829544 0.554809
402 -1.717725 0.600460 -20.325176 1.749263 229.731165 0.827616 -73.791644 0.725954
402 -2.292749 0.016967 -2.152345 0.790549 256.775778 0.531877 -4.692109 1.876003
402 -3.928319 0.342751 -41.529935 0.407193 227.385781 0.391107 16.934986 5.147141
402 -1.465235 0.288083 -8.430020 4.147928 424.266933 0.206915 -85.240023 0.220974
402 -2.798290 0.456396 -52.703215 0.394794 202.844867 0.342007 14.372202 2.887085
402 -1.910644 0.131883 57.985334 0.400545 222.611380 1.183884 -21.851206 1.111791
402 -2.140387 0.074224 21.039464 0.722612 258.026348 1.044649 -0.158684 1.571277
402 -1.955846 0.462331 -2.829758 0.320022 177.948203 1.189848 4.984263 1.202196
403 -3.395142 0.503058 76.621292 0.219689 250.082697 0.751910 4.753667 4.080788
403 -1.731955 0.176232 21.862353 0.466634 215.288973 1.066384 -17.474147 0.754415
403 -1.851816 0.549610 1.064429 1.204185 255.455459 0.227668 -11.370346 0.994135
403 -1.831849 0.793750 -4.090347 1.678961 288.362952 0.444002 -5.353479 0.954202
403 -1.980840 0.287740 21.108367 1.160662 285.749797 0.742644 -6.208919 1.252183
403 -1.468607 0.374761 -1.602813 4.486496 437.655771 0.148130 -77.716486 0.227717
403 -2.437817 0.642573 29.384629 2.025607 287.973224 0.036059 -15.343490 2.166139
403 -1.907457 0.204054 -23.503417 1.030642 265.331708 0.924760 7.065839 1.105417
403 -2.292277 0.189820 2.625086 1.801900 343.459749 0.894850 -21.658982 1.875057
403 -1.551708 0.441931 -10.546781 1.396799 262.855105 0.024457 -8.256140 0.393920
404 -2.075911 0.372009 -85.455264 0.465205 248.053568 0.922960 0.968796 1.442326
404 -1.822354 0.138660 26.838085 0.454360 219.981911 1.161639 -20.252397 0.935212
404 -1.509187 0.583993 -2.506859 1.341988 255.009521 0.082765 -6.631935 0.308877
404 -4.758246 0.723881 -30.179455 2.064755 308.334364 0.568212 -8.345131 6.806996
404 -3.608506 0.388413 26.364779 1.274714 293.367002 0.339495 8.427693 4.507516
404 -1.433334 0.432150 -6.545564 4.322864 427.896802 0.105357 -75.542063 0.157171
404 -2.362830 0.572602 21.878137 1.521421 263.614899 0.202326 -6.924998 2.016164
404 -2.486135 0.059866 -11.046447 0.396044 219.842716 0.969224 11.575067 2.262773
404 -1.889095 0.268238 38.915609 0.459908 220.599300 0.652627 1.999023 1.068693
404 -1.596438 0.219606 15.024157 0.777754 230.538370 0.559758 2.066172 0.483379
405 -1.806242 0.333028 72.007387 0.693288 269.652490 1.031722 -14.122375 0.902988
405 -2.530972 0.147471 31.559734 0.429162 238.903612 1.055757 -15.730845 2.352449
405 -1.519705 0.479070 5.134326 0.938197 223.673360 0.156767 -10.937517 0.329915
405 -3.755254 0.777309 -28.094165 2.032857 306.829056 0.564185 -10.667015 4.801013
405 -1.801321 0.421927 0.261617 1.152485 251.074794 0.064901 32.809759 0.893146
405 -1.525499 0.387359 -4.596013 4.177170 422.695237 0.152983 -69.157423 0.341502
405 -1.432434 0.437058 8.408531 0.789556 186.972789 0.518576 85.927864 0.155372
405 -1.715097 0.103185 3.918524 0.554056 220.468853 0.913206 1.989502 0.720697
405 -1.727214 0.220055 54.426179 0.615704 223.593937 0.749488 16.391991 0.744933
405 -1.854212 0.273093 23.331466 0.979303 259.626372 0.524839 7.878068 0.998927
406 -1.812149 0.332667 67.760367 0.351606 221.432816 1.076125 6.534843 0.914801
406 -1.516862 0.365117 48.376284 0.687011 234.963678 0.680060 14.335061 0.324229
406 -1.672557 0.471169 75.003553 0.887078 274.312585 0.024100 -37.988576 0.635617
406 -1.955842 0.750931 -13.699655 1.742867 303.902834 0.858587 -14.802311 1.202189
406 -1.443454 0.480553 -2.896188 1.290428 250.706573 0.055560 38.020956 0.177411
406 -1.666124 0.359130 -12.651625 3.647383 402.915526 0.235367 -57.868495 0.622752
406 -2.177664 0.413305 16.629115 1.450022 218.109257 0.850729 71.908508 1.645832
406 -1.563019 0.063282 -41.444126 0.832842 250.863926 0.777340 -12.886570 0.416542
406 -3.048090 0.517744 17.258721 1.384799 297.888984 0.492342 15.253766 3.386685
406 -2.354669 0.143275 58.785630 0.384404 224.780330 0.821706 6.068152 1.999841
407 -2.373088 0.478398 -76.703224 0.178589 195.622404 1.188670 25.060129 2.036679
407 -1.823205 0.345227 49.063166 0.681623 226.155664 0.781945 25.245168 0.936914
407 -1.743901 0.432344 69.959423 0.265519 219.407850 1.114027 -2.011803 0.778307
407 -1.718653 0.021106 -13.996554 1.560399 321.962970 0.791349 -22.816837 0.727809
407 -1.614108 0.369870 17.821822 1.540478 259.727089 0.287202 81.583772 0.518720
407 -1.726621 0.352389 -16.157043 3.678425 411.027717 0.179689 -53.152415 0.743746
407 -1.935572 0.544588 -3.544886 1.267601 199.409596 0.819103 74.165758 1.161648
407 -1.539173 0.036283 -43.169126 1.037205 268.746894 0.684258 -16.051397 0.368849
407 -1.736597 0.493281 23.586019 1.581741 284.144821 0.526059 26.273422 0.763698
407 -1.425452 0.530837 7.071060 0.726004 192.283282 0.231332 74.673462 0.141408
408 -1.950688 0.503954 -79.306217 0.340185 190.558986 0.028653 18.264611 1.191880
408 -1.745820 0.748404 14.959278 4.410363 402.089078 0.078112 78.408501 0.782145
408 -1.607727 0.419964 64.669140 0.407542 231.593249 1.137621 -12.149334 0.505957
408 -1.623124 0.038649 -28.268978 1.550343 319.841229 0.705736 -15.691541 0.536751
408 -1.581486 0.363363 21.188102 1.332941 243.952943 0.341281 76.914687 0.453475
408 -1.871999 0.268174 -29.478097 2.396806 339.731665 0.289301 -66.543837 1.034501
408 -2.235778 0.564255 -11.942546 0.873350 188.998899 0.739124 77.256344 1.762059
408 -1.632805 0.198213 11.464535 1.630719 287.840981 0.006391 21.428840 0.556113
408 -1.895293 0.448838 8.563216 1.682323 287.003193 0.415319 35.190375 1.081089
408 -1.825675 0.669225 0.657477 0.971337 189.948271 0.702537 -69.597801 0.941854
409 -1.934842 0.636858 84.887376 0.072314 149.251568 0.247759 34.689929 1.160187
409 -1.578279 0.748612 8.686749 4.267534 394.109624 0.086472 80.478401 0.447061
409 -1.949589 0.407832 60.818626 0.427510 229.845406 1.166702 14.072070 1.189682
409 -1.897761 0.138419 0.509918 2.065192 352.619158 0.683441 12.160268 1.086025
409 -1.445607 0.264973 19.898457 1.727140 289.169958 0.372930 51.655668 0.181718
409 -1.811820 0.287917 -35.150333 2.605979 353.106598 0.293895 -67.739536 0.914143
409 -2.868043 0.533875 -16.687689 0.664403 186.010251 0.716644 74.943442 3.026590
409 -1.604011 0.199439 12.290859 1.416980 271.569335 0.000420 12.460672 0.498527
409 -1.542338 0.390398 3.856438 1.949031 313.420745 0.424478 14.634862 0.375179
409 -1.428477 0.691299 -4.918453 0.977993 183.459390 0.646155 84.398765 0.147458
410 -2.127425 0.490820 87.805072 0.567287 223.197964 0.479812 53.229707 1.545353
410 -1.709800 0.799782 13.893827 4.134081 381.132189 0.130073 82.659207 0.710103
410 -1.484147 0.419784 -2.082570 1.202230 270.251258 1.031249 -3.222681 0.258798
410 -1.626635 0.050738 -22.343423 2.248555 381.190529 0.841190 -0.394981 0.543773
410 -1.803267 0.278308 1.809404 1.745009 285.357157 0.392994 42.043256 0.897038
410 -1.512462 0.280929 -71.115759 3.978441 450.557387 0.458181 -72.086680 0.315428
410 -1.595382 0.662154 -25.996862 1.299022 206.414086 0.665100 -86.797885 0.481268
410 -1.561239 0.224380 -26.059256 1.434855 264.370610 0.218956 -74.344214 0.412982
410 -2.099319 0.383525 10.477592 2.048754 319.954715 0.290661 -1.007560 1.489142
410 -2.892788 0.016718 -15.625219 1.914954 356.666494 0.702323 -34.335073 3.076080
411 -2.222404 0.462647 84.891579 0.572933 227.451224 0.470467 51.418943 1.735312
411 -1.715596 0.793697 14.413989 4.136180 382.583701 0.115874 81.391020 0.721697
411 -2.084954 0.541612 7.666170 0.657650 233.680062 1.136264 6.251135 1.460412
411 -1.456380 0.086161 -7.811654 2.474000 389.990427 0.800467 -6.053164 0.203264
411 -1.919780 0.553268 81.433426 0.320709 246.649204 1.053057 -6.344604 1.130063
411 -1.461231 0.288537 -68.878198 3.961013 449.402800 0.460735 -71.111549 0.212966
411 -1.709048 0.744242 -15.086665 2.212868 160.548002 1.152503 87.763507 0.708600
411 -1.490902 0.125178 -25.349753 1.661146 291.586892 0.216992 -73.322993 0.272307
411 -1.822210 0.434590 14.581906 2.042774 314.026588 0.266957 12.570485 0.934923
411 -1.819554 0.055527 -5.284729 1.888891 350.637771 0.731230 -8.350461 0.929611
412 -1.470269 0.138500 -7.806522 2.056845 324.033324 0.041671 43.940413 0.231042
412 -1.731306 0.778432 6.674196 4.357001 398.298558 0.071234 76.944267 0.753116
412 -2.288909 0.480650 23.811604 0.127284 199.805331 1.153150 -2.269457 1.868322
412 -1.452792 0.033286 -5.780350 2.232406 373.864303 0.703856 -10.345653 0.196088
412 -2.318656 0.616023 -76.689315 0.198835 231.586306 1.011904 9.944863 1.927816
412 -1.495056 0.276982 -68.474373 4.053679 453.972904 0.447743 -71.681973 0.280615
412 -1.410942 0.571220 -2.677328 0.773887 198.984787 0.208687 79.464976 0.112388
412 -1.678430 0.368940 -27.621045 0.833739 215.440470 0.399942 -71.989394 0.647365
412 -1.863104 0.395013 16.037330 2.089923 321.320970 0.260955 13.428596 1.016712
412 -2.600967 0.034847 13.304520 1.550939 325.166775 0.603829 -26.993267 2.492439
413 -1.702363 0.128482 -13.745792 2.467324 356.569722 0.020568 43.305078 0.695229
413 -1.764545 0.776086 9.179878 4.587425 411.167763 0.015227 68.785676 0.819593
413 -1.793123 0.601479 21.289827 0.279564 161.670782 0.006957 -13.793237 0.876749
413 -2.367219 0.106800 -52.269637 1.837227 360.980049 0.987985 23.108043 2.024943
413 -2.030892 0.657704 -85.267391 0.444588 254.204990 0.903264 23.022754 1.352287
413 -1.979139 0.288765 -67.316454 4.175322 461.895324 0.433925 -70.947934 1.248781
413 -2.017386 0.503917 -36.521831 1.659672 265.264565 0.334164 85.204359 1.325276
413 -1.937710 0.403214 -35.807154 1.274013 262.663865 0.328889 -47.473262 1.165924
413 -1.844033 0.445937 -7.660659 0.010564 141.627309 0.244082 -39.111703 0.978569
413 -1.522439 0.096982 17.758499 1.665429 316.556464 0.402444 2.640636 0.335383
414 -1.568868 0.134820 -15.992775 2.591606 362.383709 0.019063 52.100731 0.428240
414 -2.416160 0.754676 -28.533371 5.092446 432.238342 0.075979 41.051062 2.122824
414 -1.739931 0.490051 13.284747 0.544599 178.442281 0.113736 -39.456915 0.770366
414 -2.311924 0.283716 -56.436200 0.845794 271.406315 0.902342 18.647301 1.914352
414 -3.602751 0.678147 81.707048 1.174138 314.614247 0.760604 49.708287 4.496006
414 -1.872038 0.286721 -66.067449 4.239163 465.922303 0.451627 -68.966711 1.034579
414 -1.613306 0.528684 -15.146509 1.073224 225.493533 0.416744 -65.402237 0.517116
414 -1.696724 0.324183 -10.936933 1.028657 258.210159 1.114483 -19.924356 0.683951
414 -1.506799 0.383022 -18.715037 0.416531 182.103566 0.161073 -55.695597 0.304102
414 -1.631491 0.102057 22.458211 1.249414 284.223758 0.410554 -1.489582 0.553487
415 -1.700053 0.103026 2.995574 2.426074 354.135920 0.089014 59.106111 0.690610
415 -1.649048 0.682203 -7.106692 5.479100 456.996494 0.111014 45.847056 0.588600
415 -1.619722 0.514604 -4.102938 1.205617 251.867290 0.134540 8.787505 0.529947
415 -2.740928 0.327919 -58.876109 0.540755 258.774792 1.093890 -4.985491 2.772359
415 -1.764806 0.211187 34.812167 1.222324 281.647916 0.552947 16.362437 0.820116
415 -1.567001 0.273591 -65.698674 4.325532 469.255373 0.430364 -68.849212 0.424505
415 -3.023574 0.530510 -26.717488 0.829264 224.797010 0.349168 89.069397 3.337653
415 -1.918247 0.285877 -7.905202 0.631266 232.411858 1.192962 -20.998168 1.126998
415 -1.523522 0.352932 -11.326356 1.575133 277.872632 0.170424 -53.410678 0.337547
415 -1.996453 0.399092 -43.500896 1.786375 275.948135 0.492769 89.970966 1.283410
416 -2.063002 0.145441 -7.911038 2.958147 381.649903 0.152855 50.698716 1.416509
416 -1.574426 0.685269 -9.198769 5.426665 453.310628 0.114935 45.684782 0.439357
416 -1.807180 0.543029 -16.233412 0.988007 233.180838 0.049167 -12.600068 0.904864
416 -3.569251 0.354146 -55.978852 0.072220 121.845582 1.128893 -24.209073 4.429006
416 -1.550839 0.354728 81.851819 1.631167 358.292189 0.573006 -8.639938 0.392181
416 -1.470246 0.268373 -64.941328 4.328655 470.526429 0.434521 -66.829762 0.230996
416 -1.469271 0.703510 -8.063709 1.099990 210.031952 0.291945 89.297484 0.229045
416 -1.603770 0.209367 -5.325237 0.096625 101.158480 1.017025 72.278080 0.498045
416 -1.883439 0.589288 -9.023253 0.816584 207.022366 0.431545 -76.021121 1.057382
416 -2.223834 0.328225 -36.937905 1.549125 280.157083 0.119728 -71.463817 1.738172
417 -1.982634 0.095520 -4.363223 3.277381 414.417579 0.047507 18.811789 1.255773
417 -2.432717 0.676419 -9.346476 5.785361 471.857602 0.126756 43.610632 2.155938
417 -2.515126 0.644877 -25.105193 0.604442 209.039909 0.121708 -6.681520 2.320756
417 -1.611911 0.152777 -11.566941 0.742376 218.712162 0.012255 -63.708175 0.514325
417 -1.595207 0.311223 73.933658 1.738994 361.667952 0.528702 -17.465940 0.480917
417 -1.677710 0.276186 -63.040920 4.386694 472.257513 0.430732 -67.569270 0.645923
417 -1.453119 0.494631 3.181529 0.387875 176.427994 0.177480 77.500720 0.196742
417 -1.489956 0.221760 -5.846211 0.027848 92.131727 0.997197 79.324912 0.270415
417 -1.692400 0.614563 15.365017 0.114036 136.203970 0.215506 -53.913487 0.675304
417 -1.497663 0.351898 -16.950563 1.022221 235.052941 0.096734 -32.275503 0.285829
418 -1.413909 0.115201 -3.128960 4.015132 451.668323 0.032334 19.288108 0.118322
418 -1.566273 0.672304 -7.525096 5.691005 465.078147 0.121487 47.985346 0.423050
418 -1.750231 0.525095 -17.965616 1.628644 266.910034 0.173398 42.719874 0.790966
418 -1.523189 0.104705 -5.272240 0.831244 223.811195 0.002703 -49.116627 0.336881
418 -1.497686 0.309243 74.259079 1.736546 359.769889 0.546281 -14.993164 0.285876
418 -1.476115 0.264375 -65.424761 4.394556 475.150173 0.422500 -67.265477 0.242734
418 -1.812641 0.488985 -15.524774 0.508693 194.353749 0.039404 69.489588 0.915786
418 -1.421209 0.246907 -6.531039 0.269638 112.830490 0.998302 87.658163 0.132922
418 -1.669905 0.580034 9.900849 0.180655 136.679453 0.212091 -68.217699 0.630314
418 -2.025376 0.415312 -11.565597 0.796813 225.370107 0.123636 -64.851585 1.341257
419 -1.502807 0.119830 -6.168223 4.097536 455.585689 0.030845 8.270978 0.296118
419 -1.932387 0.704000 -1.033644 6.314472 485.616634 0.142027 54.680571 1.155278
419 -1.683212 0.589631 -8.705460 0.554185 196.106533 0.203126 21.397250 0.656928
419 -1.503808 0.121951 -7.413183 0.704812 213.605441 0.006231 -46.868431 0.298119
419 -2.209238 0.380078 84.447672 1.748890 373.259066 0.517343 -22.637315 1.708979
419 -1.727136 0.268893 -63.350288 4.415952 468.867289 0.412035 -72.554352 0.744775
419 -1.714665 0.484007 -3.420565 0.293075 175.199017 0.203618 84.883179 0.719835
419 -1.468222 0.284799 -8.076088 0.472337 114.010471 1.076820 82.370324 0.226949
419 -1.884040 0.563594 23.201307 0.157909 141.333731 0.119530 -53.214720 1.058584
419 -1.697321 0.460159 6.896637 1.689894 275.425553 0.141982 -60.040228 0.685145
420 -1.483000 0.115015 -4.410161 3.913333 496.428923 1.178772 -6.774941 0.256504
420 -1.653481 0.703502 -0.771736 6.302921 484.485583 0.141956 54.191837 0.597466
420 -2.200148 0.630139 -14.564448 0.754738 211.906647 0.298721 28.835819 1.690800
420 -1.394618 0.123395 -6.756777 0.965315 235.846573 0.011882 -52.671459 0.079741
420 -2.591330 0.630228 -62.018149 0.261506 203.312500 0.450508 3.243686 2.473164
420 -1.606338 0.256993 -68.165256 4.672957 485.684621 0.419634 -73.703093 0.503179
420 -1.682706 0.434330 23.006383 0.231612 152.978160 0.180925 -85.343607 0.655916
420 -2.018251 0.323459 -22.182734 1.337171 157.759579 1.106267 88.048245 1.327005
420 -1.763585 0.287822 18.240090 0.485349 182.585905 0.026844 -35.044143 0.817673
420 -1.755191 0.482245 0.385257 1.438463 257.850629 0.192027 -82.071540 0.800886
421 -1.788670 0.107704 -14.107414 3.927984 499.689208 1.182077 -11.811193 0.867844
421 -1.741590 0.748006 -1.054656 6.116923 472.931469 0.117092 54.765736 0.773684
421 -1.659153 0.716816 -3.366106 1.243843 256.335704 0.331148 0.356139 0.608809
421 -1.523962 0.304788 -12.201509 0.827769 224.030896 0.100272 -40.855096 0.338428
421 -2.492675 0.627565 -78.065961 0.075874 192.958881 0.482133 25.415786 2.275855
421 -1.498880 0.254556 -68.397765 4.680190 485.906876 0.429163 -72.958185 0.288264
421 -1.611913 0.495424 20.077980 0.263071 150.788555 0.158146 -88.011117 0.514330
421 -2.459638 0.326917 -19.216763 0.801965 138.856215 1.099823 87.173857 2.209780
421 -1.532367 0.201539 10.331141 0.514008 181.552948 0.127621 -80.003966 0.355239
421 -1.426112 0.393178 -0.411967 3.253975 372.770280 0.147774 76.151622 0.142728
422 -1.727089 0.123110 -9.225013 3.410164 464.500351 1.168924 -21.266188 0.744683
422 -1.626157 0.746349 -6.661190 5.759879 447.472740 0.197810 76.897123 0.542817
422 -1.491229 0.687062 12.230846 0.443613 186.951950 0.228029 21.522715 0.272962
422 -1.812985 0.251948 -13.063524 0.258220 169.616857 0.104933 -37.767232 0.916474
422 -2.707271 0.644177 -76.082995 0.224340 206.386396 0.498014 39.064971 2.705046
422 -1.914851 0.241257 -66.837819 4.155697 461.933643 0.390840 -71.627310 1.120206
422 -1.474809 0.446506 -4.984108 0.616930 192.110868 0.262000 -73.791044 0.240122
422 -1.439426 0.339868 -8.468374 0.676481 125.588207 1.052544 84.819211 0.169356
422 -1.485630 0.207344 6.986672 0.553545 186.653569 0.158194 -72.262477 0.261764
422 -1.636313 0.477442 1.844838 4.478080 432.064948 0.117161 -62.765339 0.563129
423 -1.484179 0.148950 -10.377677 4.009230 498.114265 1.188518 -13.484881 0.258862
423 -1.447907 0.761797 -10.447714 4.619154 401.386852 0.155738 79.341421 0.186318
423 -1.624038 0.607491 2.741706 0.764962 219.957795 0.204143 17.909770 0.538580
423 -1.411455 0.491634 -6.889297 0.464191 181.736723 0.135011 -4.517365 0.113413
423 -2.764432 0.747815 -57.024356 0.235099 198.035943 0.475066 18.402395 2.819368
423 -1.680570 0.237119 -66.195172 4.095219 457.189208 0.378698 -72.091326 0.651643
423 -2.018240 0.341133 -29.875655 1.348891 275.812913 0.396116 -42.484571 1.326984
423 -1.856690 0.490535 -15.937962 0.423636 108.964704 1.121387 -72.079095 1.003885
423 -1.427786 0.169287 1.947694 0.499533 183.372034 0.299267 -88.341810 0.146076
423 -1.823161 0.505480 7.713572 4.240397 419.742164 0.109819 -51.605246 0.936825
424 -1.468198 0.159109 -6.938256 3.736991 480.545029 1.190849 -11.458772 0.226899
424 -1.590272 0.761364 -14.885044 3.977897 372.161634 0.239287 -86.678803 0.471047
424 -1.699511 0.497526 -0.093343 1.933124 228.114366 0.839260 -81.501404 0.689526
424 -1.616166 0.517104 -18.852037 1.355702 254.127157 0.042650 -44.395795 0.522836
424 -3.768618 0.655695 -55.577193 0.173153 215.090803 0.626209 7.255410 4.827740
424 -1.516885 0.230998 -67.490787 3.904550 442.050191 0.427831 -73.245265 0.324273
424 -1.636332 0.405511 -32.773168 2.324641 329.397714 0.291152 -56.878776 0.563168
424 -2.448465 0.722356 -14.149483 1.311597 138.195464 1.160091 -82.709990 2.187434
424 -2.910533 0.189306 -12.939839 0.225398 178.333454 0.336277 72.716740 3.111570
424 -1.971503 0.493521 6.228377 4.350831 427.542146 0.109274 -50.587249 1.233509
425 -1.504229 0.179802 -5.612056 3.788675 480.891881 1.144405 -12.326022 0.298962
425 -1.774083 0.776554 -10.249172 3.942555 372.647083 0.208077 -85.475433 0.838669
425 -1.510414 0.602533 -3.749563 2.269680 248.802208 0.768910 78.566661 0.311332
425 -1.364264 0.624874 -2.067102 0.171126 150.199418 0.123371 -67.931786 0.019031
425 -2.529143 0.609475 -54.210475 0.485303 244.432818 0.721733 -10.479424 2.348790
425 -1.730774 0.609937 8.738566 1.265883 241.837075 0.125760 -45.570142 0.752052
425 -1.553746 0.324302 -21.310594 1.789842 305.335880 0.305795 -24.115232 0.397995
425 -1.598309 0.017441 -5.420695 0.552339 109.309215 1.141466 -81.653866 0.487121
425 -1.771301 0.236390 9.817165 1.096295 276.709098 1.196161 7.904147 0.833107
425 -1.789195 0.525317 13.722467 5.736647 487.666069 0.005830 -73.688742 0.868894
426 -1.569851 0.186308 -4.234761 3.574290 467.225049 1.128148 -11.979104 0.430206
426 -1.658843 0.765593 -15.537157 3.434202 358.310201 0.088784 -74.679805 0.608190
426 -1.433489 0.640440 -7.078083 2.246598 240.296474 0.783911 84.098687 0.157482
426 -1.430642 0.587344 -0.850862 0.455170 171.364331 0.074156 -54.647187 0.151789
426 -1.718068 0.585738 -85.776650 0.577647 253.541540 0.662443 8.136648 0.726640
426 -2.012640 0.569650 18.646336 1.263504 239.261340 0.130265 -56.948847 1.315784
426 -2.135720 0.368173 -72.111785 1.367776 312.921259 0.197522 -35.643879 1.561944
426 -1.644558 0.784564 -0.217518 0.240083 79.837553 1.136676 -88.098770 0.579619
426 -1.771733 0.115861 15.033396 3.158413 434.647125 0.711241 10.510158 0.833969
426 -1.749222 0.536887 12.345953 5.684362 482.358180 0.020999 -74.063058 0.788947
427 -1.441100 0.062118 -16.690911 3.416262 469.740096 1.147680 -5.284034 0.172704
427 -1.648484 0.715616 -10.538011 3.490075 369.259594 0.184841 -49.281964 0.587472
427 -1.429251 0.633911 -2.366268 2.167492 232.931079 0.820516 84.180421 0.149005
427 -1.448897 0.618766 -8.677526 0.294272 157.980925 0.096012 -49.028146 0.188297
427 -2.113168 0.596931 -68.665745 1.027414 324.078705 0.739218 18.530224 1.516840
427 -2.064229 0.630343 -3.405924 1.117788 241.122712 0.279473 -46.614919 1.418963
427 -1.597988 0.384015 -86.133926 1.511549 329.004386 0.137599 -32.500693 0.486479
427 -2.900279 0.725120 -7.875255 0.023181 99.742238 1.162069 -83.092707 3.091063
427 -1.746091 0.569742 -21.851997 1.048694 218.625697 0.560821 -70.065951 0.782685
427 -1.724213 0.528319 12.664437 5.713399 485.430776 0.014704 -71.421613 0.738931
428 -1.846643 0.068976 -23.855098 3.599222 485.509114 1.179575 -4.869585 0.983790
428 -1.502034 0.682929 -16.625285 3.516751 370.452149 0.129172 -57.132482 0.294572
428 -1.604159 0.674294 -5.641844 0.664579 150.346127 0.886049 -74.841470 0.498823
428 -2.788098 0.527024 -22.201497 0.801885 234.536946 0.247981 -56.120807 2.866701
428 -2.624389 0.600359 -71.539232 0.949668 323.920402 0.783471 23.958335 2.539281
428 -1.731587 0.628029 -1.713933 0.598517 208.823987 0.281449 -19.045246 0.753678
428 -1.485859 0.359864 83.521704 1.637641 335.523862 0.014213 -21.153536 0.262222
428 -1.762478 0.400200 -9.018299 1.414260 293.798170 0.981650 -1.258900 0.815461
428 -2.254466 0.563157 -33.432041 1.600381 282.925561 0.343922 -53.065057 1.799435
428 -1.894611 0.609142 -18.009448 5.868914 482.355748 0.054548 -81.201494 1.079726
429 -1.666216 0.028758 -10.866354 3.783576 495.770990 1.057992 5.183423 0.622937
429 -1.845673 0.558865 -25.424935 3.066593 365.798525 0.239421 -51.122717 0.981850
429 -1.848851 0.767884 -2.708269 0.218496 137.509760 0.819321 -55.569961 0.988205
429 -2.029974 0.576561 -26.331284 0.799133 216.724175 0.086060 -58.888649 1.350452
429 -2.381386 0.379733 -52.624441 1.159282 309.287078 0.820728 22.166990 2.053275
429 -2.251967 0.598864 6.564035 1.103211 238.069183 0.348283 -27.037662 1.794438
429 -1.540309 0.339003 -86.887331 1.539470 324.962766 0.077523 -27.198227 0.371122
429 -1.955350 0.467381 -3.969345 1.142832 265.318836 0.754902 -8.960835 1.201203
429 -2.045392 0.581615 -66.968869 0.920651 277.122148 0.607100 -38.406174 1.381289
429 -1.654764 0.621317 -21.645142 5.847574 478.277142 0.063560 -82.183462 0.600031
430 -1.437378 0.026365 -1.147438 3.900550 498.788703 0.959544 -3.400614 0.165260
430 -2.266356 0.588854 -29.680819 1.894120 302.071940 0.282519 -33.673957 1.823215
430 -1.700950 0.777652 -4.112676 0.167617 133.874013 0.755665 -53.440608 0.692403
430 -2.255511 0.583253 3.506225 0.926685 223.320284 0.325105 -50.397593 1.801526
430 -3.238957 0.426084 -54.945729 0.832497 284.810822 0.728650 32.285654 3.768417
430 -1.531324 0.570421 3.544306 1.124658 234.154575 0.070305 -42.619250 0.353153
430 -1.794954 0.414321 73.531568 0.756768 266.806792 0.296894 -16.620779 0.880411
430 -1.731648 0.352473 -4.507983 1.490503 298.483463 0.793245 -11.176964 0.753799
430 -3.766089 0.561815 -66.933374 0.346651 258.996593 0.463209 -2.854460 4.822683
430 -1.664308 0.638467 -20.343965 5.879614 477.734047 0.051314 -86.306724 0.619120
431 -1.641190 0.021490 0.400321 3.873887 498.839907 0.945116 -2.167689 0.572884
431 -2.908789 0.635220 -38.492370 1.774003 292.941048 0.266984 -42.820494 3.108081
431 -1.564345 0.767951 -13.972162 0.626509 156.741521 0.725385 -71.662430 0.419193
431 -1.469998 0.619041 -14.750832 0.917693 217.541045 0.191767 -50.691938 0.230500
431 -1.410451 0.326606 26.857697 0.875358 217.762656 0.455656 54.851409 0.111406
431 -2.577599 0.550118 -59.621893 0.858716 272.924814 0.355353 -30.364472 2.445701
431 -1.624411 0.172500 78.227406 1.612206 337.510679 0.567358 2.045761 0.539326
431 -1.521663 0.303000 -4.905302 1.642581 309.087524 0.766077 -10.221978 0.333829
431 -2.607408 0.561693 -64.951758 0.532047 251.813589 0.300318 3.357099 2.505320
431 -1.531377 0.657333 -16.072664 5.701758 468.096947 0.052495 -80.680080 0.353259
432 -1.472214 0.116328 1.163211 3.713179 478.779977 0.996276 -4.108697 0.234932
432 -2.379351 0.653173 -28.297003 1.309845 262.043497 0.288451 -52.432606 2.049207
432 -2.149594 0.791371 -22.705880 0.030179 153.826046 0.732283 -73.638644 1.589692
432 -2.765032 0.604384 -41.627169 0.156278 173.695243 0.338865 -60.344931 2.820567
432 -1.821857 0.178274 77.877896 0.669151 238.873760 0.638353 14.468497 0.934218
432 -1.448359 0.713704 -4.968783 1.802760 266.844019 0.194701 -66.646043 0.187222
432 -3.137890 0.360547 -67.062971 0.291839 237.388100 0.812678 6.237984 3.566284
432 -2.143201 0.323902 80.698062 0.004960 134.807036 0.852368 0.926978 1.576905
432 -1.819571 0.558844 41.041243 0.955481 247.045643 1.047155 27.525993 0.929646
432 -1.828612 0.004055 -48.730208 1.728675 339.791665 0.938853 15.222721 0.947728
433 -1.585162 0.124609 0.299872 3.709799 478.870125 1.000046 -7.546509 0.460827
433 -1.805223 0.638971 -28.817628 1.368867 252.920500 0.226957 -52.296504 0.900950
433 -3.205382 0.051905 -29.624270 0.775091 259.226050 0.901646 -39.381580 3.701269
433 -1.960802 0.432357 -15.804102 1.026004 250.074107 0.315034 -19.022736 1.212108
433 -2.107678 0.155572 -78.433753 0.865790 259.802945 0.714850 22.651653 1.505860
433 -1.616896 0.576293 3.179007 2.199896 284.744145 0.390542 -75.527721 0.524296
433 -1.888901 0.606183 18.399185 0.855060 179.453383 0.880383 68.390320 1.068307
433 -2.427322 0.340977 59.420618 0.047233 119.758962 0.977557 0.137222 2.145148
433 -1.795775 0.579528 24.886520 0.689381 220.191695 0.876424 16.780051 0.882054
433 -1.714935 0.097695 -9.838077 1.191975 291.355259 1.039366 2.467592 0.720373
434 -1.865922 0.766238 16.210395 0.794889 209.222074 0.052934 -77.305294 1.022349
434 -1.406061 0.598406 -0.097373 0.674623 195.415956 0.199590 49.405592 0.102625
434 -2.656138 0.004700 -40.711431 0.810515 269.406094 0.926206 -25.527179 2.602781
434 -1.891150 0.302544 -17.573685 1.495842 287.989708 0.393421 -17.060683 1.072804
434 -2.882032 0.241296 -69.623658 0.967569 282.403511 0.950516 37.777927 3.054569
434 -1.927901 0.568756 -10.943160 2.501701 326.811131 0.281722 -53.486913 1.146306
434 -1.647288 0.608997 -11.578666 1.222979 217.517483 0.615688 -68.422272 0.585081
434 -2.537526 0.350450 52.196147 0.023592 120.023307 1.027437 -3.862988 2.365556
434 -1.674380 0.589073 23.881424 0.877471 242.912490 0.843714 14.341769 0.639263
434 -1.606698 0.064226 43.304616 0.458378 101.094007 1.166114 -86.075255 0.503900
435 -1.967152 0.770506 17.048596 0.693480 205.791716 0.044340 -74.799384 1.224808
435 -1.910251 0.749395 17.851678 0.220335 178.099475 0.129004 31.455402 1.111006
435 -1.701536 0.620435 -17.337079 0.176646 157.648406 0.022249 -15.903219 0.693576
435 -1.373758 0.370346 -13.090866 1.159791 253.645922 0.439108 -17.951158 0.038020
435 -1.830533 0.248987 -80.494117 0.615603 237.025039 0.934410 13.200153 0.951569
435 -2.272247 0.659122 2.891045 2.646590 325.912457 0.315242 -44.202528 1.834999
435 -1.555198 0.684361 -21.180560 1.151922 241.368292 0.499326 -40.751754 0.400899
435 -2.024693 0.309363 26.719764 0.243757 152.407909 0.000754 -11.977482 1.339889
435 -1.432277 0.622493 20.695032 1.529097 279.736487 0.768791 22.755677 0.155059
435 -1.413542 0.088418 5.195287 0.245464 112.826942 0.980174 82.794921 0.117588
436 -1.617334 0.609176 9.179978 0.206197 166.634712 0.006010 -74.352497 0.525173
436 -1.453592 0.739678 9.195338 0.205187 167.693236 0.137065 45.566612 0.197687
436 -1.839608 0.583775 -18.678288 0.096274 155.343713 0.049548 -10.452546 0.969721
436 -1.505011 0.773073 26.650110 0.274481 159.270867 0.606363 70.996937 0.300526
436 -1.686438 0.209164 -88.821268 0.569909 229.875735 0.962541 7.294361 0.663381
436 -1.571898 0.527430 -9.183397 1.365243 207.906142 0.734012 68.950494 0.434300
436 -1.835496 0.734688 -20.908544 1.420410 267.454526 0.550047 -37.337735 0.961496
436 -1.556677 0.644345 -13.546737 1.787935 277.256499 0.013155 -84.600482 0.403857
436 -1.826481 0.639980 6.366930 1.386600 270.916422 0.588773 17.555954 0.943466
436 -1.538905 0.587988 -11.422836 0.258111 122.060085 0.951232 -88.452821 0.368314
437 -1.743410 0.620099 12.853103 0.240183 171.072258 0.007006 -85.294416 0.777323
437 -1.541323 0.775969 17.212346 0.283267 174.151949 0.297073 61.517789 0.373150
437 -2.325909 0.437931 -4.483371 0.897093 195.524711 0.719026 -51.881343 1.942322
437 -1.533670 0.747040 19.166791 0.676200 167.239959 0.640979 83.724582 0.357843
437 -1.824049 0.221252 -83.719891 0.352741 211.896441 0.946987 3.168624 0.938602
437 -1.420658 0.688292 -1.972972 0.988262 189.490152 0.577243 82.128108 0.131819
437 -1.553144 0.766021 -18.506491 1.167378 248.966977 0.610635 -26.608427 0.396792
437 -1.582153 0.735138 0.782207 0.031016 128.705403 0.184640 -56.710805 0.454810
437 -2.504731 0.626507 25.036907 1.684648 271.669395 0.188120 -6.220718 2.299965
437 -1.568040 0.586028 -3.945190 0.320929 125.722001 0.929189 72.652888 0.426584
438 -1.488843 0.571139 -6.600969 0.909648 210.202999 0.005819 65.568138 0.268189
438 -1.495143 0.717630 16.971268 0.555926 185.522814 0.266879 44.726551 0.280790
438 -1.743835 0.417682 -4.449073 0.809931 187.901117 0.636017 -64.576499 0.778174
438 -1.582818 0.767206 0.290386 1.269896 199.951202 0.750755 71.916353 0.456140
438 -1.616556 0.156672 77.077627 0.584248 225.560279 0.553715 -0.651039 0.523616
438 -1.521990 0.779256 -5.155810 0.696698 184.492597 0.455819 -55.731600 0.334483
438 -2.363126 0.158639 -6.864434 0.429226 231.504538 1.079278 -11.018384 2.016755
438 -1.898363 0.711684 22.781359 0.139924 137.890858 0.185367 -51.173699 1.087229
438 -2.631048 0.607196 24.604592 1.717700 271.938259 0.226224 -17.464927 2.552600
438 -1.559733 0.776499 17.384347 1.304558 231.748400 0.399526 64.918999 0.409970
439 -1.632595 0.674750 -8.966522 1.140015 234.461355 0.133214 -77.178855 0.555694
439 -2.793283 0.594416 8.585852 0.119538 142.199762 0.590621 -22.898460 2.877069
439 -1.759145 0.384324 6.641026 1.078030 221.357962 0.588901 44.364150 0.808793
439 -2.268942 0.690367 -7.571832 1.279946 227.409205 0.652104 38.451805 1.828388
439 -1.550751 0.264220 75.194740 1.594144 341.395906 0.480645 -13.589775 0.392006
439 -1.482926 0.772346 -5.626890 0.779537 190.792498 0.420233 80.208495 0.256356
439 -2.590257 0.375076 -10.424701 0.643615 240.898125 1.023976 3.401410 2.471018
439 -1.747776 0.742449 21.384658 0.070102 133.595759 0.163571 -65.299011 0.786056
439 -2.646146 0.598916 23.955865 1.703867 273.632272 0.237924 -12.286272 2.582796
439 -1.998207 0.012391 5.241180 0.844233 219.198536 0.473167 79.540283 1.286917
440 -1.694064 0.699335 -9.444769 0.210123 173.822862 0.019491 -61.268790 0.678632
440 -1.750374 0.423146 76.493097 1.853491 367.900616 0.119242 -43.053571 0.791251
440 -2.111720 0.450103 -15.913532 0.301459 172.518483 0.505055 -88.060740 1.513944
440 -1.844925 0.043788 -45.074481 1.412979 317.768027 0.930672 2.827134 0.980353
440 -1.812332 0.363687 -81.783521 1.861739 358.616099 0.301735 -39.529947 0.915167
440 -1.482532 0.524645 14.747277 1.135184 216.221753 0.463032 73.003067 0.255569
440 -3.109662 0.361469 -12.596409 0.453461 233.940623 0.996266 -3.544205 3.509827
440 -2.612363 0.488980 -7.900574 0.823437 222.584135 0.318746 56.168615 2.515230
440 -2.557731 0.585620 21.213577 1.750873 280.131879 0.257106 -9.172766 2.405966
440 -1.424865 0.038303 0.819777 0.997399 217.181343 0.510741 -87.994528 0.140234
441 -1.473876 0.756759 -8.509320 0.065892 143.565106 0.026329 -76.133886 0.238256
441 -1.689502 0.412970 89.085595 2.111178 386.193176 0.178034 -44.523577 0.669508
441 -1.479885 0.750605 5.350410 0.688805 189.232187 0.088001 58.664500 0.250274
441 -2.035677 0.366403 -58.234599 0.847828 266.727247 0.778668 -20.687993 1.361857
441 -1.582200 0.403003 89.520769 1.750589 360.579046 0.250645 -23.413109 0.454904
441 -1.587935 0.429639 -6.912559 1.502723 231.283540 0.631022 -70.376279 0.466374
441 -2.678878 0.310480 -11.254808 0.811824 255.953854 0.984798 -25.092907 2.648260
441 -1.457816 0.565334 9.360652 0.317020 169.780998 0.359771 52.071326 0.206136
441 -1.690688 0.627336 81.960868 0.443385 260.432187 1.136786 5.100581 0.671879
441 -1.403102 0.068868 11.174251 0.928151 219.960180 0.337739 80.037364 0.096707
442 -2.146435 0.554673 16.958946 0.907310 227.892084 0.500330 11.067042 1.583374
442 -1.640104 0.429379 -83.952681 2.019977 379.593557 0.151349 -36.772531 0.570711
442 -1.527861 0.694767 19.080107 0.115053 144.196915 0.290896 88.786385 0.346226
442 -2.928619 0.368579 -30.591442 0.504791 234.237330 0.921141 8.085423 3.147741
442 -1.714413 0.450813 -82.824529 1.692168 364.095402 0.272385 10.038103 0.719330
442 -1.894054 0.447436 -3.612508 1.482126 232.359078 0.652742 -70.997157 1.078612
442 -2.076855 0.242202 4.161721 0.653100 229.656199 0.863812 -22.834264 1.444213
442 -2.133451 0.497929 -11.977101 0.794961 200.656797 0.482912 38.644265 1.557406
442 -2.181692 0.530761 85.937575 0.510856 247.452435 0.015336 5.135713 1.653887
442 -1.547302 0.122562 16.734925 0.916929 219.063599 0.285445 -82.553599 0.385107
443 -1.590760 0.551414 20.738192 0.615926 205.249175 0.562523 27.042858 0.472023
443 -1.720259 0.425538 -83.025054 2.036296 376.715397 0.131842 -51.153535 0.731022
443 -1.776869 0.670468 31.160315 0.030477 126.143507 0.273912 86.797058 0.844242
443 -1.594759 0.290606 -14.566088 0.637262 217.929940 1.092481 -4.790697 0.480021
443 -1.739791 0.447851 -84.762461 1.604188 358.378667 0.325706 7.528418 0.770086
443 -2.006251 0.456013 11.992343 1.512617 224.504792 0.690575 -68.882417 1.303007
443 -2.256987 0.155749 4.465949 0.494782 226.480892 0.685670 -19.724157 1.804478
443 -3.413258 0.466250 -15.960943 0.597260 191.814327 0.621509 54.675579 4.117020
443 -1.623146 0.518393 74.125486 0.759916 277.669649 0.430416 -7.424727 0.536796
443 -1.489826 0.078297 3.200267 0.999284 229.134214 0.357643 87.681537 0.270156
444 -1.853386 0.597616 25.962854 0.512593 182.919737 0.433983 28.601680 0.997276
444 -1.780913 0.460178 -74.042930 2.081604 383.016653 0.121478 -43.746505 0.852330
444 -1.593142 0.692284 6.535252 0.043676 150.119325 0.417575 72.176535 0.476788
444 -1.916674 0.277361 -32.686648 0.587780 220.767550 1.058688 5.061212 1.123851
444 -2.005839 0.388475 64.119566 1.037485 290.312972 0.157090 -9.707110 1.302182
444 -1.450623 0.653088 -10.979641 0.805054 203.356832 0.374747 -45.808895 0.191751
444 -1.652267 0.195544 9.000534 1.327505 288.819062 0.640401 3.481156 0.595039
444 -1.478979 0.544330 13.881258 0.086495 121.665366 0.778437 65.464199 0.248462
444 -2.338024 0.436636 55.212916 0.951529 296.027775 0.483709 -23.949665 1.966551
444 -1.444270 0.037354 3.647686 0.555322 188.749302 0.236465 -82.888023 0.179044
445 -2.136864 0.595511 16.670624 0.799703 211.244048 0.301336 -4.213322 1.564232
445 -1.977730 0.463255 -37.511074 1.740425 332.146113 1.197809 -19.372176 1.245964
445 -1.371763 0.796811 5.634557 0.115375 146.086301 0.388839 77.174347 0.034030
445 -1.818514 0.117821 -32.503351 0.544685 224.225115 1.142198 6.752488 0.927532
445 -2.145940 0.346785 65.681308 1.019484 282.565711 0.046964 -29.612890 1.582384
445 -1.507926 0.635242 -18.351450 1.012071 217.998580 0.391122 -64.553213 0.306356
445 -1.732637 0.675406 11.332995 1.232690 258.709340 0.507246 13.211154 0.755777
445 -1.445288 0.596558 -8.451392 0.552426 189.791467 0.096989 1.903689 0.181079
445 -1.753106 0.684643 89.482925 0.408598 260.011762 0.724571 -10.597046 0.796715
445 -1.520517 0.478158 5.989919 0.470996 156.631559 0.507991 -79.317138 0.331538
446 -2.476938 0.499440 32.855498 0.505822 176.115614 0.189506 23.145283 2.244381
446 -1.748924 0.131023 76.582052 1.294242 302.068219 0.518688 -25.580505 0.788351
446 -1.690461 0.670585 11.201865 0.162083 139.544130 0.801242 83.633251 0.671427
446 -1.791289 0.079005 -40.436534 0.235267 195.329611 1.182017 -7.631734 0.873081
446 -1.515098 0.114217 -22.495573 1.453093 225.455109 0.769113 79.169425 0.320700
446 -1.491825 0.691442 -6.891442 0.884058 207.208975 0.376306 -46.202721 0.274153
446 -2.379644 0.646919 13.907920 0.902326 216.798282 0.533324 -3.971429 2.049793
446 -1.677041 0.572279 16.656366 0.097704 99.155987 1.100208 69.644190 0.644586
446 -1.852992 0.644691 77.880412 0.476654 272.968281 0.866915 -16.315564 0.996488
446 -2.260070 0.308732 -35.269569 0.143513 138.654677 0.732662 68.154223 1.810643
447 -1.569887 0.613150 12.981242 0.502534 187.291488 0.053850 32.228188 0.430279
447 -1.552657 0.236604 -75.223367 1.494095 317.918664 0.426642 -24.951090 0.395818
447 -1.427468 0.660740 27.507679 0.627821 171.465252 0.766250 66.505945 0.145440
447 -2.184260 0.062190 -30.221532 0.305954 215.199559 1.170214 -21.634674 1.659024
447 -1.733052 0.120097 -13.273840 1.796607 249.866485 0.764498 81.844991 0.756608
447 -1.743589 0.789434 9.390765 0.552893 178.937678 0.341153 -47.418791 0.777683
447 -2.296624 0.589466 3.315815 1.004540 235.787813 0.509014 -14.722899 1.883751
447 -1.521613 0.659318 17.690838 0.187328 104.582250 1.078257 68.267818 0.333729
447 -1.914830 0.590251 -70.586665 0.941891 314.168915 0.960503 -3.375002 1.120164
447 -2.148641 0.648166 75.813266 0.137344 162.205699 0.431592 -1.027336 1.587785
448 -1.798432 0.455681 -12.926649 0.733355 195.251242 0.375543 51.141134 0.887367
448 -1.783052 0.223241 -76.067918 1.547738 323.095307 0.488569 -32.639339 0.856607
448 -1.910745 0.581177 19.551567 0.549798 186.247591 0.730569 43.945650 1.111995
448 -2.803663 0.131212 -35.635784 0.509809 242.409743 1.115390 -26.334781 2.897830
448 -1.874519 0.475843 -3.791041 1.241588 252.529848 0.140946 51.142630 1.039542
448 -1.494695 0.745673 -9.072683 0.558382 190.467814 0.383906 -45.647788 0.279895
448 -2.307398 0.605104 6.200471 0.621106 199.805568 0.502107 -16.541491 1.905299
448 -1.580442 0.587730 6.129614 0.568322 114.502733 1.043336 -84.517213 0.451387
448 -4.284517 0.460030 -30.654890 0.399612 225.850159 0.484149 10.662174 5.859537
448 -2.124268 0.674217 78.893209 0.120911 156.471244 0.438192 2.069308 1.539040
449 -2.089512 0.454360 -10.110815 0.723546 219.813897 0.047136 69.047435 1.469528
449 -2.563369 0.218335 -80.269424 1.692585 338.301842 0.416620 -39.865308 2.417242
449 -2.317263 0.574533 -3.545033 0.590630 169.529663 0.805734 -86.071362 1.925031
449 -2.043761 0.042335 -36.362965 0.443105 228.702044 1.094108 -17.391300 1.378026
449 -1.731198 0.613849 21.615081 0.853748 210.922977 0.277943 69.650852 0.752899
449 -1.965759 0.006735 -14.084740 0.755077 202.379449 0.341911 -66.144256 1.222022
449 -1.695148 0.636990 20.152964 0.810972 211.647259 0.331245 26.964292 0.680801
449 -1.755277 0.603595 5.401169 0.576766 170.223083 0.747156 50.864237 0.801058
449 -2.066561 0.350744 -49.706573 1.836126 302.372211 0.431940 -71.266809 1.423626
449 -2.017543 0.677882 80.086688 0.020559 150.417035 0.534229 1.552323 1.325590
450 -2.107432 0.482783 -0.182725 0.691983 219.822817 0.006283 77.035022 1.505367
450 -1.416386 0.670987 -2.372061 1.982480 292.039792 0.162869 8.818512 0.123275
450 -1.460069 0.549710 15.761432 0.550356 157.734401 0.813351 66.478791 0.210641
450 -1.978648 0.064627 -59.215132 0.487233 229.254967 1.012274 3.363177 1.247799
450 -1.788828 0.580518 9.139812 1.015933 230.680010 0.259734 59.753548 0.868160
450 -1.727587 0.777939 -1.962558 0.577305 200.157688 0.193626 -74.255367 0.745677
450 -1.795208 0.535450 10.748010 0.447091 150.378563 0.786843 -78.073089 0.880919
450 -2.257944 0.592786 -3.310305 0.879640 200.677244 0.636808 68.142923 1.806392
450 -1.480337 0.742453 4.202745 1.853518 287.071795 0.623798 19.840925 0.251177
450 -1.958472 0.713455 85.133050 0.014033 147.804462 0.555922 12.813133 1.207448
451 -1.737819 0.396308 -14.262181 0.769614 202.817777 0.356037 72.459321 0.766141
451 -1.758521 0.689925 8.142423 1.371531 256.346094 0.098236 26.133511 0.807547
451 -1.576496 0.510089 6.822946 0.713997 204.022320 0.306268 61.838416 0.443496
451 -2.541585 0.140471 -56.316263 0.729445 246.230979 0.904179 28.572027 2.373674
451 -1.432989 0.584568 9.235444 1.637472 265.709118 0.322789 46.914428 0.156482
451 -2.480066 0.607847 -23.007568 0.813187 234.919878 0.258750 -36.398020 2.250635
451 -1.466148 0.486901 -19.994970 0.731414 178.192820 0.637311 -82.844337 0.222799
451 -1.615811 0.647148 -7.247736 1.298685 210.521894 0.658932 61.162172 0.522126
451 -2.551701 0.763705 -11.533716 1.585592 290.583006 0.537820 -3.609122 2.393907
451 -2.033115 0.708457 85.723024 0.056931 147.062684 0.532587 10.410570 1.356733
452 -1.781180 0.197656 -1.767811 0.751961 190.232501 0.666529 82.647578 0.852864
452 -1.529349 0.758321 -10.993058 0.627068 193.763713 0.096134 26.567271 0.349201
452 -1.614599 0.569725 12.650288 2.079753 291.380069 0.469132 55.262740 0.519701
452 -3.130391 0.259017 -53.977375 0.662772 248.362075 0.804637 36.168184 3.551286
452 -1.574295 0.327970 5.376907 1.422473 252.301932 0.390143 72.986920 0.439095
452 -1.537286 0.509018 -15.530018 1.101705 246.723268 0.360545 -28.184910 0.365075
452 -1.881606 0.729259 -3.213345 1.146382 250.404182 0.295749 13.905173 1.053715
452 -1.516438 0.608576 -8.905718 1.482575 222.274762 0.625760 81.732778 0.323380
452 -3.105339 0.496561 -11.881819 1.108005 229.783968 0.591021 26.335740 3.501182
452 -2.139685 0.796430 87.866212 0.227043 200.855404 0.325865 -19.777507 1.569874
453 -1.705578 0.193436 -9.992348 0.679225 173.643139 0.734892 69.488810 0.701659
453 -2.171200 0.694042 -70.016966 0.176944 192.043711 0.211470 22.785394 1.632904
453 -2.020888 0.515435 12.105632 2.259744 308.149254 0.480507 53.425447 1.332279
453 -2.553119 0.340177 71.983300 0.278176 211.484480 0.778981 21.547901 2.396742
453 -3.441881 0.285538 7.800027 1.009343 200.660568 0.859039 59.968656 4.174265
453 -1.819146 0.498603 -1.649954 1.819589 303.775954 0.341318 -9.086218 0.928795
453 -3.640040 0.784394 -26.734387 2.117280 309.535026 0.297368 0.128240 4.570583
453 -1.465642 0.542698 -8.761973 1.024589 184.387551 0.751597 -87.972451 0.221787
453 -2.335294 0.388341 -9.904286 1.120759 264.965026 0.655271 -16.265260 1.961093
453 -1.833803 0.461458 71.104940 0.887037 285.572160 0.271694 -11.281366 0.958110
454 -1.513734 0.210781 28.970904 2.362767 368.178720 0.449984 14.058526 0.317973
454 -2.063192 0.661059 -73.053528 0.187062 190.637845 0.203447 13.293386 1.416887
454 -1.518294 0.589327 14.200722 1.982952 275.660311 0.389700 74.433501 0.327092
454 -1.673860 0.001105 -82.898181 0.973036 260.726444 0.844859 -20.670234 0.638224
454 -1.509650 0.211695 -1.814856 0.123819 120.238432 0.818073 -77.524989 0.309804
454 -1.763308 0.454052 -6.954839 1.763797 306.167303 0.496232 -11.262353 0.817119
454 -2.507140 0.728408 -26.768124 2.614626 338.332422 0.248993 -26.563132 2.304783
454 -1.722444 0.533311 0.280712 1.128456 195.855013 0.743543 -81.072952 0.735391
454 -3.625347 0.334165 34.776903 0.604008 250.089849 0.019577 -3.336535 4.541197
454 -1.665113 0.452199 73.691852 1.126344 306.393111 0.265216 -25.950761 0.620731
455 -1.522104 0.209956 27.548527 2.239100 361.590237 0.445986 7.633547 0.334713
455 -2.759542 0.144198 89.317457 1.638214 320.642433 0.242589 -61.805690 2.809588
455 -1.565356 0.167063 47.896943 2.029513 245.799788 0.909937 86.365853 0.421215
455 -1.508778 0.029334 -67.862245 0.849663 254.807785 0.888994 -10.652839 0.308061
455 -1.624361 0.031299 18.795499 0.358288 138.862213 0.915545 -87.551112 0.539225
455 -2.192873 0.230894 2.624018 1.192851 279.872856 0.564224 0.012842 1.676250
455 -2.941906 0.615998 -14.128478 1.124111 262.313335 0.462016 -4.657341 3.174316
455 -1.761232 0.735927 -3.048532 0.730281 177.043324 0.710538 -75.477823 0.812968
455 -1.962260 0.601566 -74.278002 0.225472 177.827320 0.055713 21.450492 1.215023
455 -3.220744 0.069002 16.030426 0.978247 273.210102 0.445583 -34.006963 3.731993
456 -1.640906 0.262456 32.326425 1.180771 271.156255 0.439971 19.129892 0.572316
456 -2.086417 0.018958 -63.531791 0.516737 228.302532 0.667105 -2.899444 1.463337
456 -1.675902 0.174306 47.988904 1.937927 242.097005 0.909892 85.324971 0.642308
456 -3.140343 0.691072 -49.234956 1.233266 299.125317 0.899902 -31.866197 3.571189
456 -1.387408 0.002472 27.038289 0.260139 125.280560 0.899173 89.474303 0.065319
456 -1.665729 0.259621 2.812895 1.232146 275.838657 0.635247 0.662594 0.621962
456 -2.059356 0.786278 8.561905 0.781804 226.943735 0.312730 -5.453813 1.409215
456 -2.028429 0.693031 -14.273476 0.416205 158.083463 0.852193 -51.112341 1.347362
456 -2.071426 0.586163 82.396217 0.327259 186.501767 0.094703 27.904097 1.433357
456 -1.950163 0.074109 13.312123 0.982420 261.575184 0.485463 -23.106047 1.190830
457 -2.928932 0.109279 18.889845 1.340620 299.792245 0.440693 -36.033085 3.148367
457 -2.372209 0.215704 -80.622245 0.526370 236.415732 0.397698 -15.798678 2.034922
457 -1.457089 0.171008 74.664790 2.073031 260.353939 0.890020 77.662541 0.204682
457 -2.034266 0.607445 -8.687240 0.215120 166.166978 0.329705 34.163106 1.359036
457 -1.434965 0.792147 31.723464 0.431280 144.087072 0.934033 68.365027 0.160433
457 -1.798051 0.257750 79.867394 1.027356 281.510284 0.239098 -0.655917 0.886607
457 -1.958487 0.007781 -12.009757 1.564307 312.990544 0.290098 3.796925 1.207477
457 -2.262070 0.604575 -34.903847 0.164696 144.122867 0.883257 -84.619592 1.814644
457 -3.474635 0.778708 -16.519377 0.444063 167.502593 0.997230 -38.464889 4.239774
457 -2.174543 0.074349 24.079340 1.024827 269.832236 0.432245 -24.144437 1.639589
458 -1.710201 0.562963 -13.393840 1.839835 313.803702 1.085562 -17.971574 0.710906
458 -1.808585 0.486573 74.109278 0.391270 213.475855 0.673059 23.473149 0.907674
458 -1.735109 0.115744 85.492889 1.713858 253.665995 0.792967 79.470804 0.760722
458 -1.454622 0.638843 14.924507 0.080314 146.825529 0.179796 38.368594 0.199749
458 -1.949256 0.238822 44.554983 0.160463 158.615716 1.187245 5.149721 1.189016
458 -1.794157 0.230579 -48.718678 1.010461 273.717148 1.160342 -24.288662 0.878817
458 -2.211010 0.058923 -34.055119 1.301148 281.957069 0.213251 5.560457 1.712523
458 -1.903027 0.563191 -24.690264 0.443335 150.639258 0.913025 -64.323595 1.096559
458 -1.754320 0.205629 -33.350863 0.559979 161.975436 0.852165 -84.914184 0.799145
458 -2.357535 0.308387 89.375342 0.687247 257.374032 0.260049 -27.392097 2.005573
459 -2.326164 0.502575 -8.962828 1.992967 338.608357 0.998946 1.999595 1.942831
459 -1.673469 0.672350 75.166856 0.347311 221.736559 0.685114 21.252081 0.637442
459 -1.745651 0.109479 85.937661 1.682840 250.796347 0.783957 72.963784 0.781806
459 -1.791348 0.669668 23.503730 0.178414 145.073300 0.242182 25.718905 0.873199
459 -2.135941 0.692126 -74.618225 0.573142 258.317190 0.198142 41.237537 1.562387
459 -2.350385 0.037742 -83.472461 0.573070 249.790189 0.968903 -4.032694 1.991274
459 -1.560657 0.633572 -17.730175 1.171381 228.657165 0.399698 -68.635250 0.411818
459 -1.769577 0.704492 14.935530 0.899032 214.424800 0.017786 -50.770310 0.829658
459 -1.378930 0.241710 -32.316913 0.398569 168.081866 0.425255 -65.313082 0.048364
459 -2.005087 0.437451 -78.477455 0.504234 238.857031 0.421234 1.752660 1.300679
460 -4.050524 0.576629 -6.361899 0.596901 243.423801 1.003375 3.142416 5.391551
460 -1.779225 0.594227 74.189358 0.341404 228.403022 0.837949 15.917567 0.848954
460 -3.551576 0.759425 -28.628393 0.865728 167.476443 0.940170 51.323093 4.393656
460 -1.499651 0.688850 -0.692168 0.210857 143.058007 0.537858 60.995733 0.289805
460 -2.735479 0.673171 -75.388418 0.440468 250.759685 0.143441 62.855297 2.761463
460 -1.808030 0.066365 -52.465944 0.755692 253.017751 1.190687 -22.496813 0.906563
460 -1.452167 0.611977 -9.250130 1.438023 231.251448 0.410864 76.974731 0.194838
460 -2.021679 0.710309 25.124710 0.498753 170.799365 0.112431 -61.487786 1.333863
460 -1.505713 0.231212 -23.162303 0.878074 205.618645 0.541901 -73.886631 0.301929
460 -3.286957 0.522661 -56.609176 0.323535 215.506568 0.344647 9.940154 3.864418
461 -1.506140 0.258910 -26.850190 1.663663 325.514421 1.145292 -10.823431 0.302783
461 -1.727396 0.702007 76.714542 0.285770 221.317166 0.929853 17.144421 0.745297
461 -3.758196 0.742773 -10.930906 1.016152 188.238528 0.907706 62.568762 4.806895
461 -2.233804 0.743998 -29.022824 1.220180 199.737493 0.701919 61.252966 1.758111
461 -1.947502 0.772779 -76.086100 0.265604 211.607399 0.152176 -74.342069 1.185509
461 -1.648830 0.104004 -61.869835 0.808950 249.161006 1.032865 0.797540 0.588163
461 -1.843611 0.602401 -20.959049 0.940283 196.010459 0.575306 71.121537 0.977726
461 -2.162367 0.682864 9.407296 0.373943 184.244219 0.297606 -58.092987 1.615238
461 -1.533725 0.277987 -13.424534 0.981103 211.851512 0.494381 -67.587052 0.357954
461 -1.894493 0.198192 83.591505 0.750523 252.006849 0.870119 18.438672 1.079489
462 -1.700849 0.238298 -47.889322 1.441365 320.397782 1.147338 -12.786008 0.692202
462 -2.099796 0.799629 -2.210187 0.349487 181.655965 0.523958 -62.244730 1.490096
462 -2.533693 0.794633 -7.879275 1.064148 184.825675 0.888366 68.926281 2.357890
462 -2.038597 0.514355 -19.530091 0.901251 225.116139 0.099557 73.970010 1.367697
462 -2.946797 0.718861 -78.471393 0.222770 233.470519 0.140299 -73.446013 3.184099
462 -1.492651 0.037974 -53.437009 0.821983 253.641174 1.088781 -8.220875 0.275805
462 -1.393131 0.783201 10.470859 0.049698 141.549088 0.175371 81.453709 0.076765
462 -1.625919 0.654202 -5.032584 0.750853 204.213866 0.257186 -77.306894 0.542342
462 -1.680325 0.475229 -8.564582 1.122849 207.042303 0.660573 -78.116328 0.651155
462 -1.747194 0.288143 86.700748 0.401431 222.796586 0.887458 1.164478 0.784892
463 -1.850183 0.379507 -44.223001 1.646161 335.963785 1.161022 -14.008478 0.990870
463 -2.225923 0.586637 77.347997 0.806173 285.984631 0.069030 -80.253198 1.742351
463 -1.794489 0.761309 -32.459762 1.509536 187.945354 0.897823 76.309354 0.879483
463 -1.463646 0.565868 -0.523777 1.117546 228.190423 0.009806 76.655668 0.217795
463 -2.498653 0.626164 -68.287211 0.445355 223.626021 0.023148 -89.583236 2.287809
463 -3.094533 0.776964 -32.730822 0.709356 247.615441 1.080179 -16.955942 3.479569
463 -1.372479 0.636671 9.038455 0.023974 128.592177 0.389662 76.590666 0.035463
463 -1.563104 0.481325 -11.966409 0.196690 138.924614 0.718921 84.332915 0.416712
463 -1.541617 0.476054 1.695585 0.811596 186.898709 0.571475 -80.619525 0.373738
463 -1.661955 0.354789 31.383467 0.370449 203.237042 0.857458 0.163439 0.614413
464 -2.863968 0.436334 8.389783 0.185428 175.820981 0.200307 31.905531 3.018440
464 -2.571750 0.398851 -48.281969 0.899061 265.867010 1.136029 -33.050625 2.434004
464 -1.939558 0.752984 -32.249156 1.463021 184.625953 0.873367 78.402685 1.169620
464 -2.382176 0.608383 -18.267909 0.484070 187.958855 0.316767 36.906515 2.054855
464 -2.136716 0.698911 -76.994390 0.210670 201.524640 0.190021 78.489878 1.563935
464 -2.120276 0.073049 -30.784996 0.617290 241.731817 0.832175 -1.124194 1.531055
464 -1.485795 0.740080 10.334392 0.224459 147.456858 0.271977 -79.206095 0.262093
464 -1.545998 0.495464 1.845233 0.206697 120.181610 0.843516 67.106681 0.382499
464 -1.659344 0.686854 21.854143 0.466233 169.795834 0.507440 85.990212 0.609191
464 -1.702262 0.255080 30.488467 0.440057 217.185913 0.943918 -3.240472 0.695029
465 -1.406052 0.487867 2.721606 0.764105 210.865136 0.093737 24.467774 0.102608
465 -3.973919 0.283915 -55.252956 0.902474 278.549692 1.143533 -40.496485 5.238341
465 -2.005807 0.766138 -35.776763 1.558237 192.222044 0.891855 70.014748 1.302119
465 -1.603062 0.544664 -4.227547 0.385067 174.025850 0.294103 51.788955 0.496628
465 -2.324465 0.720612 -73.168433 0.222552 195.682237 0.411132 54.216809 1.939433
465 -1.534082 0.223500 38.902128 0.548733 150.386889 0.931443 79.858486 0.358668
465 -3.145238 0.723302 20.219132 0.183671 178.391378 0.510080 22.276953 3.580979
465 -1.576861 0.563627 7.809852 0.204594 115.125140 0.905655 63.552131 0.444225
465 -2.497503 0.778840 2.729236 0.882136 177.478138 0.868932 -62.469608 2.285511
465 -1.699393 0.417890 11.352977 0.549383 199.261746 0.962758 3.995328 0.689289
466 -1.476377 0.609448 -3.032086 0.837567 214.972434 0.003205 3.573304 0.243259
466 -1.560081 0.474109 -1.862932 1.164382 243.004591 0.124727 -43.607224 0.410665
466 -1.443785 0.103865 -70.387177 0.809521 166.785297 0.926351 86.870422 0.178074
466 -1.422857 0.769132 16.996941 0.035363 127.252680 0.510679 84.797908 0.136218
466 -2.519164 0.763993 -82.861385 0.170564 225.991095 0.195787 56.056312 2.328833
466 -1.496137 0.263299 38.381425 0.319914 122.659020 1.020181 78.253186 0.282777
466 -1.967841 0.671302 21.116416 0.504901 196.518300 0.343431 20.597967 1.226185
466 -2.068231 0.569352 11.592960 0.333385 131.524288 0.999248 55.988078 1.426965
466 -2.112092 0.756444 0.928809 0.902536 176.924957 0.841757 -69.978762 1.514688
466 -3.753496 0.415146 1.381208 0.451967 229.727416 0.844810 -26.834542 4.797497
467 -1.367297 0.652060 15.297312 0.418092 168.954958 0.439880 55.271324 0.025098
467 -1.538437 0.510798 3.358562 1.128966 229.839622 0.137808 -54.134308 0.367378
467 -2.113111 0.666259 79.613654 0.488542 267.397541 0.140842 -4.633605 1.516726
467 -1.470746 0.705695 -6.171999 0.319088 145.534635 0.538034 75.084618 0.231997
467 -1.979453 0.684690 -76.894075 0.310879 186.458487 0.277721 79.314449 1.249410
467 -2.037729 0.370161 27.610693 1.049896 156.531234 1.082200 76.669458 1.365961
467 -1.406846 0.583001 16.067711 0.462024 183.473930 0.501690 27.455603 0.104195
467 -1.556086 0.700844 13.459540 0.273415 138.882793 0.862777 59.412972 0.402677
467 -3.039798 0.747155 1.338091 1.016664 186.998955 0.887230 -62.093198 3.370100
467 -1.919546 0.185824 11.182724 1.015300 269.107821 0.769405 -18.207843 1.129595
468 -1.920567 0.700346 -8.665225 0.510711 169.979836 0.685651 79.435319 1.131638
468 -1.415414 0.473385 -4.699787 1.229939 242.130055 0.060505 -52.955034 0.121331
468 -1.434448 0.151662 -56.778419 0.359152 148.273446 0.786759 -84.052440 0.159399
468 -1.442625 0.704496 7.806644 0.042500 107.214698 0.809662 89.323607 0.175754
468 -1.929506 0.685322 -86.125381 0.436961 210.043243 0.209910 -88.336544 1.149515
468 -1.432817 0.407246 16.807774 0.812598 136.557944 1.065401 75.091782 0.156138
468 -1.583303 0.655803 2.027044 0.423040 194.102300 0.355730 -0.363683 0.457110
468 -2.648183 0.506963 -29.084776 1.265792 251.795456 0.112190 29.573660 2.586870
468 -2.087800 0.699439 -6.480796 0.527119 154.012098 0.897223 -67.122811 1.466103
468 -1.760548 0.192653 59.669768 0.531543 226.144623 0.935679 11.046602 0.811600
469 -1.941584 0.608405 -30.920680 0.131191 158.607759 0.658135 -60.023192 1.173671
469 -1.798391 0.426148 -14.738755 1.278618 258.695048 0.139381 -53.793224 0.887286
469 -1.700310 0.143269 -48.066316 0.706942 178.307647 0.761474 -71.460971 0.691124
469 -3.137885 0.187301 -52.594295 1.188388 287.951184 0.280985 35.647109 3.566274
469 -1.832094 0.722480 -89.787683 0.234346 192.697757 0.130346 79.509283 0.954691
469 -1.464315 0.399548 19.644297 0.810328 104.201746 1.187117 89.036701 0.219135
469 -3.510632 0.642924 -21.915242 0.340671 231.724551 1.188090 -25.142710 4.311767
469 -2.064986 0.585202 -17.010401 1.441031 259.733651 0.139069 45.397983 1.420475
469 -1.683241 0.718722 -21.398394 1.095654 189.328356 0.830089 -79.489934 0.656987
469 -1.728625 0.276588 66.334660 0.471384 231.661086 0.819155 -14.740220 0.747754
470 -1.621238 0.789353 -19.417532 0.309816 156.069020 0.774731 -58.222175 0.532980
470 -1.788348 0.729166 -6.497417 0.759449 219.423189 0.039604 -4.285347 0.867200
470 -2.090843 0.657049 47.977492 0.581614 214.811625 0.876625 35.387401 1.472190
470 -2.494729 0.061199 -36.625763 1.153769 245.353759 0.399499 64.012069 2.279963
470 -2.016954 0.722458 83.101372 0.341330 200.542475 0.224114 54.009864 1.324411
470 -1.520407 0.374919 19.332971 0.623518 96.447092 1.178400 -86.468608 0.331318
470 -1.443395 0.416708 -5.214099 0.715852 211.388657 0.103634 -18.067875 0.177294
470 -1.435943 0.485826 -1.175547 1.311715 250.602403 0.118720 45.558912 0.162389
470 -2.321973 0.390559 -42.176361 1.106561 275.414573 0.482731 -12.455102 1.934449
470 -1.703279 0.162859 30.634851 0.585848 222.340698 0.511569 -9.352592 0.697061
471 -2.142705 0.558952 -25.190784 0.540389 168.698863 0.865501 -55.546354 1.575914
471 -1.631011 0.486260 1.854059 0.529044 179.502015 0.376197 -62.678445 0.552525
471 -1.995225 0.647208 48.178654 0.621726 217.133596 0.894006 35.366881 1.280953
471 -3.729619 0.773949 77.186796 0.303200 184.202667 0.242472 -33.658311 4.749741
471 -2.445931 0.683657 -65.801569 0.247347 202.927146 0.057713 79.991189 2.182366
471 -1.774823 0.405310 11.747139 0.713014 134.331834 1.030979 -76.792693 0.840151
471 -2.656189 0.369124 -0.298138 0.648227 251.898099 1.189799 -2.576567 2.602882
471 -2.636423 0.588586 -24.780301 0.656756 214.328529 0.119691 85.003295 2.563350
471 -2.251341 0.617748 -77.363570 0.184735 168.659548 0.602309 31.331917 1.793185
471 -2.412363 0.757167 -2.518063 0.944699 256.909449 0.594227 -4.395202 2.115229
472 -2.628110 0.595712 -11.827370 1.029896 211.730073 0.706354 -66.783579 2.546724
472 -1.958335 0.481755 0.127634 0.079989 154.665127 0.460083 77.459640 1.207174
472 -2.367058 0.634750 47.997708 0.629228 213.875499 0.916737 37.727697 2.024620
472 -1.707452 0.124846 -58.041933 1.075343 137.177641 1.148271 76.317816 0.705408
472 -2.257884 0.625471 -72.060849 0.399010 215.042044 0.157155 -83.316903 1.806271
472 -1.436894 0.503264 16.077340 0.498919 137.327583 0.895154 73.063979 0.164293
472 -1.535124 0.380166 -7.431413 0.897310 246.004109 1.095404 -4.448507 0.360751
472 -1.616944 0.667967 11.715971 0.922906 231.324954 0.427215 29.663841 0.524392
472 -1.460083 0.559639 -2.560028 0.679605 200.927393 0.186609 36.887014 0.210670
472 -1.420307 0.760604 9.439327 1.223086 228.913854 0.398656 51.349825 0.131117
473 -1.740462 0.409253 -5.132816 2.023694 248.198857 0.768970 -83.681362 0.771428
473 -1.408821 0.588707 6.655777 0.006026 119.942409 0.763345 86.543703 0.108146
473 -1.903496 0.677167 54.886011 0.407950 205.391863 0.909430 32.573204 1.097496
473 -1.466952 0.151971 -69.234853 0.942571 117.373505 1.189517 83.431390 0.224409
473 -2.152228 0.633155 -73.534028 0.510175 216.765342 0.155975 -83.330715 1.594960
473 -1.568886 0.475437 8.569859 0.680097 157.178356 0.877296 81.339122 0.428275
473 -2.112330 0.361395 0.593830 1.013080 271.328709 1.022107 -11.409848 1.515164
473 -1.574236 0.675713 22.582621 0.744278 197.812145 0.581921 62.164509 0.438976
473 -1.777286 0.598193 10.375971 0.745688 202.214312 0.321217 87.904589 0.845076
473 -2.015601 0.618264 -2.738732 1.343778 203.214677 0.833697 62.482813 1.321705
474 -1.634876 0.413414 -21.249167 1.996742 261.414791 0.603158 71.218990 0.560255
474 -1.739344 0.608853 21.109135 0.243481 145.579004 0.795055 84.231348 0.769192
474 -1.447743 0.514213 -24.596574 0.225509 142.612776 0.644820 -78.061085 0.185990
474 -1.605268 0.146315 -65.819149 0.890491 121.080052 1.170917 -80.055009 0.501041
474 -1.815863 0.566294 -82.199208 0.923714 273.230838 0.219115 -87.816475 0.922229
474 -2.174320 0.417427 -31.547571 0.875039 203.658600 0.547233 75.768197 1.639143
474 -1.949778 0.324267 -2.557667 1.090225 274.053046 1.111428 5.379399 1.190060
474 -1.642608 0.789929 28.862301 0.517533 169.067434 0.650821 58.323476 0.575719
474 -1.560305 0.652445 24.285998 0.246135 161.498703 0.282998 59.119290 0.411114
474 -2.607630 0.498539 -18.739172 1.817825 239.095340 0.755906 65.869133 2.505763
475 -1.500739 0.587120 -20.739198 1.236278 239.365926 0.282869 -57.970158 0.291983
475 -2.135237 0.620487 -6.000068 0.312049 162.556701 0.629264 56.003260 1.560978
475 -2.854076 0.419365 -10.339469 0.133139 147.439575 0.838874 81.243423 2.998655
475 -1.577101 0.169655 -64.551786 0.922070 120.794109 1.184549 -87.911762 0.444706
475 -2.082877 0.445211 -80.287069 1.004384 277.904785 0.142716 76.654856 1.456259
475 -1.880742 0.758566 -20.100583 1.452356 256.688943 0.296228 -62.928952 1.051987
475 -2.246703 0.355856 -32.274959 1.299896 285.641553 1.058500 -32.871707 1.783910
475 -1.494456 0.773275 27.437094 0.288579 164.719818 0.498186 55.503862 0.279416
475 -1.810175 0.765689 18.626981 0.637703 190.362164 0.528556 77.968343 0.910853
475 -2.394006 0.585103 -12.118397 1.919811 250.386158 0.683439 63.840577 2.078516
476 -2.099082 0.618875 -20.056453 1.424123 269.751779 0.235486 -41.170318 1.488668
476 -1.983910 0.564339 -7.094500 0.158192 140.476689 0.826540 -87.190336 1.258324
476 -1.454716 0.401216 -1.922025 0.087370 116.738548 0.694842 -79.496331 0.199936
476 -1.760665 0.220264 -30.448269 0.836177 121.532888 1.157643 83.052116 0.811835
476 -1.838873 0.282673 88.796700 0.621538 257.966554 0.989994 -2.392111 0.968249
476 -1.543568 0.796997 7.644434 0.731957 183.567678 0.462607 -83.227874 0.377640
476 -2.518704 0.370483 -28.765376 1.261424 285.330149 1.046828 -32.253801 2.327912
476 -2.133477 0.075683 -39.332957 0.259184 146.299899 0.580157 61.039341 1.557457
476 -1.954107 0.303939 -46.766342 0.927411 221.933453 0.571285 -79.362399 1.198717
476 -2.007906 0.714068 -2.777036 0.799489 182.428319 0.745736 81.200824 1.306317
477 -2.133651 0.587717 -21.173140 1.661900 278.396948 0.192533 -67.214015 1.557805
477 -1.532119 0.551606 -14.307138 0.362461 144.287996 0.737304 82.142328 0.354741
477 -1.654922 0.425533 16.336704 0.165668 148.976462 0.237181 -75.137360 0.600348
477 -1.935143 0.219750 -31.814383 1.239588 133.150953 1.173558 75.080291 1.160789
477 -1.888173 0.243098 -64.298268 1.502997 334.051549 0.768137 12.396131 1.066849
477 -2.548599 0.453146 -24.900638 0.721724 222.233042 0.056945 -52.507162 2.387702
477 -1.636806 0.427932 -20.024343 1.301468 252.958199 0.060201 -18.971754 0.564116
477 -1.997240 0.005361 -48.965794 0.334209 159.877328 0.643679 67.291293 1.284984
477 -1.879724 0.371952 -41.634260 0.705846 194.781890 0.529182 88.163537 1.049952
477 -2.179097 0.636091 -12.834670 0.306207 188.935720 0.223225 -0.462490 1.648697
478 -1.542911 0.445144 -24.248229 2.220494 312.552350 0.248171 -68.315873 0.376326
478 -2.268108 0.236590 -23.200102 0.812312 231.665312 0.127605 -64.166805 1.826720
478 -1.486359 0.657914 12.594999 0.269611 158.596580 0.184876 -85.412315 0.263222
478 -2.089293 0.248680 -38.550892 0.698657 136.939618 1.062621 71.375001 1.469090
478 -2.178677 0.208850 -60.577704 1.258231 309.382212 0.704916 11.139754 1.647857
478 -1.516755 0.632834 -14.908190 1.908467 279.235530 0.052715 87.647295 0.324014
478 -1.523457 0.577632 -15.567103 0.861728 152.192010 0.940396 80.791564 0.337417
478 -3.183409 0.011824 -52.333206 0.109562 156.563409 0.576896 59.483576 3.657321
478 -1.579417 0.272058 -24.136788 0.098469 143.870035 0.524675 89.595039 0.449337
478 -1.532697 0.602253 -9.361045 0.413504 171.170484 0.142401 3.238082 0.355899
479 -2.214325 0.683216 72.651959 0.452470 242.727015 0.430871 52.157645 1.719155
479 -2.247349 0.191834 21.854247 0.969705 274.912389 0.895843 -25.019070 1.785203
479 -1.484324 0.631060 -5.596116 0.560470 179.595797 0.075550 -37.593966 0.259151
479 -2.357825 0.262769 -44.308487 0.346811 125.270566 1.046648 72.579480 2.006154
479 -1.751685 0.109816 -46.101983 0.715533 241.566065 0.696903 -7.026032 0.793873
479 -1.957094 0.702006 -4.767749 1.207785 234.285899 0.322693 76.896245 1.204691
479 -2.406206 0.426529 -25.766973 0.943405 155.232356 1.048850 85.378212 2.102916
479 -3.110288 0.774363 -15.962500 0.334284 185.416390 0.542707 63.397683 3.511079
479 -1.641929 0.348320 -16.341183 0.297252 160.843130 0.454578 -47.258380 0.574362
479 -2.059739 0.643019 -21.476014 0.286835 185.998517 0.314760 -30.555060 1.409981
480 -2.120349 0.721495 83.027069 0.371765 254.311325 0.251358 32.892917 1.531201
480 -1.571807 0.006700 -3.179760 1.054826 280.501646 1.080349 -15.600702 0.434117
480 -1.610769 0.534516 11.513775 0.588491 191.770597 0.048916 -38.241588 0.512041
480 -1.693195 0.229054 -22.038006 0.587536 143.579068 0.939153 -70.716796 0.676893
480 -2.025780 0.105103 -39.163215 0.769075 234.776475 0.569513 8.299670 1.342063
480 -1.558613 0.656308 -11.164258 1.066071 220.086475 0.221359 43.417282 0.407730
480 -2.048298 0.117881 26.632183 1.219244 299.282669 0.919281 -24.277964 1.387100
480 -1.387319 0.391133 14.189254 0.391463 160.622700 0.535455 67.861308 0.065142
480 -1.372335 0.350889 -21.799900 0.228011 156.311741 0.275918 -62.379609 0.035173
480 -1.546721 0.106944 -34.395522 0.897923 152.651184 1.035501 -85.413167 0.383945
481 -2.717840 0.781450 -71.758302 0.365144 255.601009 0.273845 50.791449 2.726183
481 -2.084732 0.231908 20.751423 0.527109 237.581116 1.132667 -2.138502 1.459967
481 -1.453930 0.453398 3.046239 0.457314 183.085499 0.078045 -42.101791 0.198365
481 -1.939224 0.390788 -30.966746 1.094819 188.908357 0.917430 -79.365793 1.168952
481 -2.117605 0.171984 -69.005386 0.878555 271.079167 0.678925 6.628467 1.525714
481 -1.860899 0.714387 -16.792204 0.836622 213.264590 0.161849 33.964560 1.012301
481 -1.477733 0.301298 -14.761656 0.714866 175.360601 0.702643 88.527401 0.245969
481 -1.366649 0.445769 14.771662 0.359132 159.849802 0.461356 66.761082 0.023801
481 -1.536883 0.389620 -22.080746 0.379526 178.586926 0.248541 -63.271133 0.364269
481 -1.485879 0.120833 -38.777641 2.206232 191.856051 1.127339 -86.417712 0.262262
482 -1.765377 0.611554 86.738029 0.583729 270.336583 0.457740 -1.041858 0.821257
482 -1.924034 0.319263 -59.436080 0.881146 276.695779 1.092722 11.427570 1.138573
482 -1.936721 0.368238 -72.698350 0.757278 247.995327 0.193444 -29.795412 1.163945
482 -1.552331 0.282976 -21.077190 1.215664 176.215266 0.956979 75.772537 0.395166
482 -1.551569 0.098044 83.001534 0.974792 271.366136 0.852512 3.538560 0.393641
482 -1.504878 0.760454 -7.336018 0.666706 203.213833 0.294851 8.387642 0.300259
482 -1.980973 0.263973 -38.072210 1.000111 204.350340 0.769225 -85.715788 1.252450
482 -1.637573 0.483433 8.458110 0.210478 163.545304 0.359310 55.976177 0.565650
482 -1.480651 0.273239 -27.260447 0.377929 164.348613 0.364401 -87.838316 0.251805
482 -1.447171 0.114127 -41.472209 1.957731 191.806781 1.095660 88.075001 0.184845
483 -1.685968 0.591688 81.808517 0.494464 251.752413 0.412869 1.539205 0.662440
483 -1.539200 0.196998 -1.511088 0.621285 221.858264 0.996885 -9.671087 0.368904
483 -2.041180 0.276066 -66.483292 0.992653 267.182550 0.298385 -36.208994 1.372864
483 -1.460609 0.135828 -8.968390 0.565615 165.262825 0.734397 85.265035 0.211721
483 -2.006020 0.144174 89.687653 0.995649 276.415296 0.715031 18.890754 1.302544
483 -1.648311 0.798295 7.280839 0.760466 198.996405 0.243309 -13.332489 0.587125
483 -1.633365 0.247564 -40.814774 0.945443 196.100012 0.787271 -81.073510 0.557234
483 -1.686984 0.468401 2.623964 0.347270 165.134328 0.481594 49.613531 0.664472
483 -1.868275 0.262854 -41.860854 0.315107 166.837210 0.296447 87.632591 1.027054
483 -1.449198 0.115922 -43.641681 2.039189 193.233922 1.101513 84.395935 0.188900
484 -2.585802 0.622948 -52.572755 0.801733 280.867448 0.423377 9.776347 2.462108
484 -1.575566 0.277219 6.704100 0.692861 235.009359 1.092152 -4.193795 0.441635
484 -2.334257 0.366536 -67.878096 0.845152 261.005399 0.114934 -19.205408 1.959018
484 -1.830887 0.156789 -24.588364 0.670143 171.208078 0.814898 78.557115 0.952277
484 -2.056170 0.243601 -66.702823 0.764582 266.347590 0.858556 0.032609 1.402844
484 -2.173792 0.033724 -1.725483 0.756634 256.837326 1.087319 11.100879 1.638087
484 -2.087580 0.254144 -36.410239 1.112944 194.852064 0.893267 -89.997544 1.465663
484 -2.579525 0.508391 7.632920 0.293630 191.314319 0.264278 35.795764 2.449554
484 -1.795025 0.184090 -22.155092 0.254409 165.322160 0.338092 78.625439 0.880554
484 -1.462224 0.069037 -42.772196 1.636358 190.475480 1.049653 88.367294 0.214951
485 -2.870811 0.164110 -28.058059 1.886564 318.585401 0.036712 -3.249242 3.032125
485 -2.408270 0.700401 -5.853427 0.372188 181.862511 0.533551 36.927267 2.107044
485 -2.033102 0.367315 75.385479 1.553430 339.201488 0.158467 -34.560987 1.356707
485 -2.157677 0.331181 -20.645222 0.077396 111.267494 1.053846 81.528675 1.605858
485 -1.484755 0.741510 -11.889729 1.168645 220.461823 0.161222 81.403806 0.260014
485 -1.897010 0.105597 86.090803 0.712464 243.413362 0.351514 -19.245688 1.084523
485 -1.890692 0.475072 25.627805 0.322121 134.211131 0.988956 62.128278 1.071889
485 -1.474965 0.555718 8.685220 1.042596 230.888147 0.152102 21.905535 0.240434
485 -2.429881 0.567922 -6.255073 0.307249 194.669079 0.081911 1.656226 2.150265
485 -1.431981 0.036941 -41.205689 1.794723 196.764487 1.054257 85.471985 0.154466
486 -2.001639 0.478449 3.536271 1.450800 274.506895 0.360204 -10.433732 1.293782
486 -4.955115 0.695596 10.213645 0.471274 211.668616 0.722410 40.713775 7.200734
486 -1.539562 0.181751 -30.825758 0.298844 104.989078 1.071467 -79.359814 0.369629
486 -1.554635 0.399327 -33.557097 0.444224 129.351110 1.007062 -81.587920 0.399774
486 -1.858457 0.584863 17.969960 1.197111 236.757635 0.012787 -55.579249 1.007419
486 -1.735160 0.034637 -67.617720 0.631894 224.668591 0.446660 -8.410014 0.760824
486 -1.479982 0.377938 -2.597688 0.704605 131.364306 1.036819 74.925766 0.250468
486 -2.049563 0.610659 3.164933 0.865697 229.040496 0.024638 -40.630300 1.389629
486 -1.663752 0.429086 -12.736123 1.386692 259.852759 0.202521 15.793161 0.618007
486 -1.496594 0.030593 -43.580319 1.692773 199.399170 1.028821 84.790622 0.283691
487 -2.629112 0.481831 6.044885 1.314948 254.635725 0.471631 -19.310733 2.548727
487 -2.584903 0.788655 8.321390 0.548196 206.689293 0.682549 38.973941 2.460311
487 -1.476485 0.446190 -18.844170 0.174994 128.333327 0.816819 -87.894635 0.243474
487 -3.270346 0.107026 57.395428 0.481814 252.234730 0.811864 -21.724178 3.831196
487 -1.807945 0.257056 13.506055 1.721496 291.577112 0.041777 -17.602296 0.906395
487 -2.607292 0.021592 2.018547 0.894391 263.510716 0.682794 -35.446118 2.505087
487 -1.622827 0.492445 11.960372 0.544200 131.452234 1.023346 83.421485 0.536157
487 -1.743244 0.635645 -8.808464 0.581978 204.906170 0.546244 -4.324700 0.776991
487 -1.511334 0.444648 -9.001641 1.422269 262.468596 0.170575 15.959301 0.313171
487 -1.734635 0.024209 -38.525530 1.739318 199.342898 1.037518 -77.020694 0.759773
488 -1.834797 0.720505 -16.908549 0.888156 211.070581 0.278943 74.768634 0.960099
488 -3.577113 0.747329 -19.657945 0.639433 181.475308 0.779876 45.738730 4.444729
488 -1.437194 0.398094 -12.452771 0.344059 145.608287 0.666626 -76.313063 0.164892
488 -2.505523 0.284950 57.593492 0.339621 229.959196 0.944296 8.008739 2.301550
488 -1.882950 0.248790 14.923930 1.583752 284.002999 0.072920 -8.777903 1.056404
488 -2.293665 0.043359 -7.740449 0.991728 272.719348 0.518756 -21.102919 1.877833
488 -1.516961 0.742560 -0.747769 0.398085 112.633744 0.981275 -88.938283 0.324426
488 -1.598336 0.562763 -11.121998 1.086368 247.502154 0.371947 -11.547358 0.487176
488 -1.910453 0.023123 17.973301 0.275870 182.829327 0.983003 5.821075 1.111410
488 -1.593933 0.012302 -40.859000 1.466309 184.417589 1.043145 -85.945361 0.478370
489 -1.715330 0.666719 -26.099481 1.077579 222.826589 0.238723 -79.465634 0.721163
489 -2.260063 0.668525 14.281850 0.106197 128.827150 0.988367 74.752667 1.810630
489 -1.998545 0.695963 -10.436970 0.908734 204.349703 0.527740 78.841630 1.287593
489 -1.749816 0.224401 31.290470 0.584387 231.616580 0.993288 -16.796810 0.790137
489 -1.578515 0.253392 3.024410 1.545399 285.316002 0.116744 -9.283339 0.447535
489 -2.404081 0.294032 -26.105441 1.424769 269.855279 0.121779 20.719092 2.098665
489 -1.533576 0.418397 16.282386 1.389318 290.565067 1.120173 7.750889 0.357656
489 -2.241636 0.532681 -22.117530 1.005993 243.080504 0.424207 -17.512044 1.773776
489 -1.810375 0.411915 69.050889 1.166748 317.284628 0.520246 -18.133541 0.911253
489 -1.509871 0.015362 -40.738036 1.512337 185.069944 1.042916 -85.396632 0.310245
490 -1.520842 0.705119 -7.348533 0.681653 177.059295 0.364458 -73.037286 0.332189
490 -1.608658 0.651233 1.690334 0.132091 114.758783 0.685004 76.143475 0.507821
490 -1.557583 0.696422 -13.491639 1.050275 191.234118 0.542643 88.951855 0.405670
490 -3.495019 0.124579 51.351581 0.579559 261.820557 0.833457 -26.034621 4.280542
490 -1.583448 0.267085 0.991212 1.675543 295.630862 0.098433 -6.990580 0.457401
490 -1.551893 0.435440 1.467634 0.704286 210.181560 0.091938 -26.362337 0.394290
490 -1.510557 0.413153 19.740128 1.386147 297.686535 1.048705 0.428323 0.311617
490 -1.541079 0.749769 -4.921566 0.594806 193.481696 0.596201 -21.006928 0.372662
490 -1.879229 0.419152 72.109094 1.092473 313.540802 0.575700 -16.190077 1.048962
490 -1.420829 0.102620 -29.110007 0.653803 158.187343 0.857627 -89.951951 0.132162
491 -1.653493 0.457442 -38.999115 1.660073 260.379633 0.534280 -79.829101 0.597489
491 -1.723544 0.095666 49.461476 0.542882 227.732835 1.093821 6.707888 0.737592
491 -1.693496 0.736676 -14.333809 0.743228 186.997080 0.466799 65.012017 0.677495
491 -3.340164 0.092878 25.786656 1.181636 285.930916 0.278116 -35.903091 3.970831
491 -1.895951 0.351544 -11.104726 1.827993 310.761562 0.221411 -14.863979 1.082406
491 -2.906261 0.296929 38.242752 0.962873 294.570138 1.000133 -33.670011 3.103025
491 -1.406036 0.504328 12.599450 0.508026 178.289994 0.207680 66.753148 0.102577
491 -1.816085 0.735235 -16.354679 0.447337 187.325953 0.621907 -46.672459 0.922674
491 -2.117724 0.223175 66.922860 1.427294 311.380813 0.076953 -29.239714 1.525951
491 -1.776252 0.494086 9.598575 0.254767 148.161056 0.286187 -37.857379 0.843007
492 -2.451610 0.437793 -42.994439 0.782382 218.429274 0.654872 -61.467776 2.193724
492 -1.806585 0.706975 -1.066366 0.233757 169.926782 0.397618 -86.369651 0.903673
492 -1.463356 0.643754 1.312944 0.617185 202.148535 0.324672 20.734729 0.217215
492 -2.218345 0.006399 20.801893 1.383000 298.716816 0.262524 5.487389 1.727193
492 -1.583106 0.669353 10.882232 0.239606 145.000383 0.322097 -66.247448 0.456717
492 -2.607722 0.373333 51.718950 0.408701 242.414535 0.852052 -26.523906 2.505947
492 -2.162243 0.509049 -26.929261 1.912866 283.370286 0.230754 58.327732 1.614990
492 -1.372099 0.565958 0.222951 0.404589 176.774597 0.170733 -13.383354 0.034702
492 -1.842085 0.242198 28.782461 0.455672 225.498839 1.089421 -13.150374 0.974674
492 -1.906504 0.457945 9.364878 0.234908 146.490649 0.340913 -34.809547 1.103513
493 -2.539384 0.401559 -45.265045 0.953012 228.174443 0.672931 -50.203475 2.369272
493 -3.087944 0.757230 -6.812581 0.656160 234.527195 0.109976 -39.334283 3.466391
493 -2.366961 0.394865 -7.340054 0.753811 223.112699 0.198589 37.336102 2.024425
493 -2.814207 0.137513 5.575954 0.828967 251.031946 0.300947 -27.655646 2.918917
493 -1.945860 0.413372 -0.759098 0.840426 228.216205 0.146745 43.569217 1.182224
493 -1.779974 0.120525 43.401031 0.479926 219.528756 0.610915 -11.472973 0.850451
493 -1.948566 0.404169 -10.525089 2.095420 314.186294 0.045089 68.920658 1.187635
493 -1.701119 0.607259 15.089026 0.840164 207.720255 0.087068 13.290970 0.692741
493 -3.103914 0.223088 17.943162 0.917708 280.903491 1.018926 -29.971568 3.498331
493 -1.518108 0.332405 -8.049640 0.344109 159.133894 0.535369 -73.296271 0.326721
494 -1.976450 0.440739 -39.026691 0.750792 210.843457 0.593675 -66.627115 1.243403
494 -1.555158 0.799127 -7.306750 0.896460 231.972446 1.183094 -9.654683 0.400820
494 -2.767441 0.472551 -15.558091 1.005041 241.503945 0.164600 44.769589 2.825385
494 -2.829981 0.101216 49.112226 1.901473 365.573765 0.850231 -42.073207 2.950466
494 -2.002148 0.503533 -9.451520 0.864856 220.071104 0.318804 28.832756 1.294799
494 -1.843055 0.498795 0.121647 0.739777 170.455674 0.820237 82.038031 0.976613
494 -2.362133 0.503786 -20.437704 1.728722 284.732512 0.093750 51.034778 2.014769
494 -2.751569 0.195337 23.853839 0.635622 236.248406 0.696951 15.165956 2.793642
494 -2.957329 0.288569 26.182924 0.968142 289.745407 1.027085 -29.262751 3.205161
494 -1.545620 0.358923 -5.043520 0.358398 158.705207 0.524568 -68.667790 0.381744
495 -1.644889 0.679446 -12.372272 0.426512 158.055028 0.725368 -81.272037 0.580282
495 -1.781555 0.292384 -61.727092 1.238925 298.214398 0.482423 -4.402075 0.853614
495 -1.821322 0.423287 -20.808356 0.600405 197.249580 0.133294 78.277134 0.933148
495 -2.575610 0.103326 48.045448 1.976081 371.325436 0.791228 -34.794080 2.441723
495 -2.203483 0.554108 -10.518119 0.900189 226.560228 0.258547 36.418208 1.697470
495 -1.979602 0.507726 -10.991458 0.566561 143.740362 0.975395 85.842453 1.249708
495 -1.999640 0.364572 46.777473 0.870819 256.425420 0.340147 27.715349 1.289784
495 -2.378312 0.624299 10.251868 0.574458 207.202909 0.475811 50.042249 2.047128
495 -3.222457 0.261740 31.661552 1.075317 304.615358 1.090294 -38.780403 3.735417
495 -1.554139 0.308892 -2.423225 0.976631 202.033020 0.623100 75.538879 0.398782
496 -1.442804 0.646594 -9.200625 0.480966 154.346753 0.591786 -86.480908 0.176113
496 -2.380964 0.279767 -54.223205 1.350296 312.581920 0.432625 1.258876 2.052432
496 -1.706488 0.315686 -19.115745 0.741883 200.080755 0.262999 65.506601 0.703481
496 -2.156739 0.138290 13.185497 1.924650 354.252530 0.745412 -22.430958 1.603982
496 -2.401169 0.737546 19.527785 0.047532 135.733626 0.431254 -24.169046 2.092842
496 -2.790964 0.503057 4.224396 0.548201 164.398390 0.894674 66.887248 2.872433
496 -1.627925 0.298364 59.810663 0.650900 229.332539 0.386007 20.477944 0.546353
496 -1.457786 0.755324 13.529762 0.253126 165.587013 0.487820 58.810768 0.206076
496 -1.538082 0.710299 19.623327 0.269032 169.466483 0.246750 48.119566 0.366669
496 -1.633590 0.500628 7.843318 0.933674 196.303135 0.684387 66.829003 0.557684
497 -1.553824 0.654620 -13.865910 0.505848 167.436136 0.599438 -85.950955 0.398151
497 -2.444293 0.231880 -51.831241 2.225360 383.302581 0.338860 20.211030 2.179089
497 -1.600347 0.304701 -28.307344 0.796887 206.387783 0.321487 89.766568 0.491198
497 -1.851944 0.160737 -1.460917 1.922576 347.363629 0.786394 -14.318216 0.994392
497 -1.658080 0.475272 -14.682486 0.623159 189.146976 0.547822 -48.770792 0.606663
497 -1.983535 0.611909 -31.530217 0.854315 214.034846 0.418623 -77.691209 1.257574
497 -2.687882 0.302827 69.472004 0.589592 240.310687 0.288543 27.438833 2.666268
497 -2.532676 0.005246 11.581716 0.066942 154.018000 0.411207 72.362995 2.355857
497 -1.900131 0.701921 23.827796 0.473478 184.432057 0.320381 23.973375 1.090765
497 -3.380037 0.396506 -7.900305 0.821609 222.901118 0.442337 54.222431 4.050578
498 -1.479003 0.772760 11.923180 1.934268 263.973782 0.457301 65.033042 0.248509
498 -3.002442 0.213446 -46.945387 2.274340 386.786172 0.342029 35.659752 3.295387
498 -1.634594 0.485127 11.561145 1.419757 244.520028 0.562118 57.886956 0.559691
498 -3.313166 0.200896 3.547650 1.323745 303.416919 0.694981 -34.302467 3.916837
498 -1.798896 0.483302 -16.409830 0.556020 189.459404 0.552828 -47.330288 0.888295
498 -1.441983 0.217309 -48.331662 0.845680 223.259012 0.373156 -63.927242 0.174469
498 -1.673957 0.240742 62.104058 0.792302 245.195054 0.208516 18.254450 0.638418
498 -4.228587 0.710105 -14.515105 0.317614 209.633076 0.362080 -78.653085 5.747677
498 -1.996889 0.600799 -12.556227 0.889108 209.080598 0.418944 45.626995 1.284281
498 -1.705374 0.608390 -6.294070 1.172774 237.519184 0.491035 15.252531 0.701251
499 -1.881043 0.129338 -5.887712 1.259763 237.139834 0.532450 -69.095280 1.052590
499 -2.700611 0.201863 -51.950616 2.310431 389.522776 0.348446 31.124656 2.691727
499 -2.435520 0.688127 0.272506 0.278125 163.258245 0.737996 66.489091 2.161544
499 -3.258787 0.202598 0.683521 1.292549 302.284023 0.776067 -31.899926 3.808077
499 -2.620052 0.537470 26.198680 0.765492 201.443389 0.296061 2.482227 2.530607
499 -1.504447 0.193741 -50.069725 0.950768 233.081850 0.374597 -62.335671 0.299398
499 -2.017109 0.231639 65.248780 0.801740 260.589554 0.437503 10.740688 1.324723
499 -1.557094 0.775929 6.324573 0.361262 167.776281 0.331146 -68.448859 0.404692
499 -1.476006 0.536470 5.364292 0.722794 187.692196 0.465564 53.174255 0.242515
499 -1.592342 0.720952 10.338900 0.704443 209.615262 0.269170 43.647493 0.475188
500 -2.320595 0.152784 12.289965 1.514168 257.900265 0.457790 -56.300041 1.931695
500 -2.692124 0.193500 -53.931722 2.338716 391.675634 0.339511 27.204341 2.674752
500 -1.486995 0.582522 38.715501 0.126184 120.824140 0.833019 85.584459 0.264494
500 -1.832042 0.055695 36.177794 0.300654 90.762813 1.197197 86.767694 0.954587
500 -2.657783 0.721076 -67.174619 0.709980 307.851231 0.613483 23.628103 2.606070
500 -1.826152 0.189520 -62.198745 1.427678 274.958884 0.422621 -78.518711 0.942809
500 -1.751621 0.040518 26.569887 1.332248 295.391020 0.510448 -21.835456 0.793745
500 -1.448530 0.706749 2.990919 0.006195 139.819422 0.405543 -86.191986 0.187564
500 -2.333762 0.712918 -14.304593 1.208796 256.689250 0.178203 1.092786 1.958027
500 -1.740668 0.625999 -17.913707 0.193623 170.280926 0.288198 -24.591001 0.771841
501 -1.820048 0.084728 7.518975 1.178659 228.664908 0.507497 -70.048925 0.930600
501 -2.711274 0.190236 -57.441007 2.357863 392.353298 0.319160 31.505815 2.713051
501 -1.624157 0.562290 26.376912 0.400744 142.898505 0.906336 81.323030 0.538817
501 -1.955820 0.559960 28.856545 0.349831 155.130229 0.138987 75.874786 1.202144
501 -2.063602 0.608060 -66.488302 0.429341 244.643916 0.828021 -2.918418 1.417707
501 -1.582101 0.319584 -52.308334 1.291277 236.058412 0.711998 -77.434741 0.454706
501 -2.166726 0.048464 17.189580 1.320582 297.059649 0.397283 -20.589313 1.623955
501 -1.572834 0.170130 -12.072890 1.328615 236.660723 0.549240 -73.724605 0.436172
501 -1.958412 0.671341 29.941964 0.230358 145.235006 0.357207 -74.354546 1.207329
501 -1.712474 0.584231 -7.638756 0.896065 226.668928 0.026681 -28.665744 0.715452
502 -1.767343 0.019734 8.605004 1.021965 215.592972 0.546270 -72.856051 0.825190
502 -2.461275 0.164193 -56.267469 2.420459 393.318209 0.326570 27.186234 2.213054
502 -2.160031 0.540123 17.308536 0.340876 140.488213 0.950658 86.412151 1.610565
502 -2.016880 0.607499 28.627617 0.337258 149.822633 0.331022 -68.677357 1.324264
502 -1.449692 0.548734 -8.461108 3.287864 362.420715 0.143909 -77.756632 0.189887
502 -1.702014 0.402750 -46.055041 0.956376 210.448026 0.696560 -78.759904 0.694533
502 -1.794760 0.067273 17.187325 1.264700 290.613663 0.453028 -8.773839 0.880025
502 -1.490208 0.187406 -18.114708 1.348556 236.057015 0.583391 -79.294423 0.270919
502 -1.637686 0.566720 25.222494 0.444002 157.366549 0.492078 -89.724813 0.565875
502 -2.134144 0.568305 18.692857 0.570925 184.232313 0.238087 -20.560159 1.558792
503 -3.543888 0.761659 -11.245935 0.119427 197.244805 0.092651 71.443018 4.378279
503 -1.806309 0.099691 -42.881097 2.540093 389.630992 0.356452 -7.605742 0.903121
503 -1.907470 0.578984 32.272579 0.056982 128.485533 0.945222 69.953547 1.105443
503 -2.590635 0.636044 31.818731 0.124294 131.664856 0.108859 5.574348 2.471775
503 -1.404063 0.503122 0.647530 0.819061 205.166613 0.199647 52.458771 0.098630
503 -1.918031 0.229200 -77.055594 0.570213 125.512492 1.112245 74.976049 1.126565
503 -1.674272 0.066984 23.926697 1.147510 278.336179 0.448895 -4.419213 0.639048
503 -1.492813 0.132085 6.537947 0.596514 182.875318 0.515994 72.059771 0.276130
503 -1.862154 0.619268 30.557942 0.378694 146.903799 0.480058 -86.404559 1.014811
503 -3.714055 0.755039 -15.513297 0.114878 196.203093 0.183318 -89.150903 4.718614
504 -2.397951 0.797400 1.815863 0.197601 189.206895 0.252086 86.081564 2.086406
504 -2.202175 0.116060 -38.664214 2.586003 385.439137 0.361495 -32.309038 1.694853
504 -2.122993 0.565261 24.126943 0.678973 161.378854 0.957127 75.739933 1.536489
504 -2.585755 0.617287 33.099628 0.132906 128.511052 0.139533 -2.471427 2.462014
504 -1.480847 0.400110 -1.868001 0.878727 220.420304 0.084107 -72.852215 0.252198
504 -3.418966 0.177086 -73.882320 0.310091 203.244274 0.514302 26.565362 4.128436
504 -1.838662 0.103412 28.226336 1.537228 311.089940 0.520025 12.742292 0.967828
504 -1.698969 0.048933 -8.191498 0.231317 145.309814 0.746772 77.486651 0.688442
504 -2.073528 0.645963 26.463521 0.895015 171.154726 0.714429 -68.282904 1.437559
504 -4.330944 0.711930 -16.234811 0.230379 209.283739 0.114559 89.527415 5.952391
505 -1.912983 0.712155 20.086969 1.367023 240.475300 0.091140 -79.081581 1.116469
505 -2.017964 0.042278 -49.262716 2.171601 371.945294 0.667378 -26.935342 1.326431
505 -1.730293 0.493531 15.131253 0.196432 107.872786 1.083934 73.406118 0.751089
505 -1.829078 0.587009 13.618837 0.326537 178.537983 1.189635 8.361667 0.948661
505 -1.873943 0.047155 -50.216142 0.647642 249.888851 1.163176 -5.789765 1.038391
505 -2.508951 0.159468 -69.537702 0.895588 260.214925 0.161624 -4.200270 2.308405
505 -3.442691 0.219137 -7.557204 1.854609 303.043728 0.380603 27.025494 4.175886
505 -1.779412 0.545701 -10.505022 0.454091 138.275872 0.917678 70.353611 0.849328
505 -1.625211 0.698209 13.089853 1.336305 202.977143 0.681386 -82.632224 0.540925
505 -3.135752 0.793499 -3.125305 0.365313 218.066319 0.020789 47.207598 3.562009
506 -1.411454 0.685333 -4.545937 0.751011 199.352372 0.072909 -68.833985 0.113412
506 -2.244866 0.075737 -46.391328 2.033081 360.439464 0.776612 -33.444070 1.780236
506 -1.556903 0.439392 34.560620 0.207523 122.695809 0.957810 87.123773 0.404310
506 -1.715896 0.615532 9.642087 0.335954 196.780486 1.112039 -4.764629 0.722296
506 -2.358931 0.135584 -50.436852 0.683757 262.013187 1.167835 -10.705049 2.008366
506 -3.588784 0.563661 -32.781685 0.204876 177.627183 0.117519 17.063174 4.468071
506 -3.698671 0.230427 -10.520288 1.749090 295.526821 0.372219 29.488201 4.687845
506 -3.780711 0.731381 -38.773517 0.469781 172.208175 0.890366 82.827972 4.851925
506 -1.755281 0.691385 14.832691 1.187239 192.004534 0.734717 -78.779698 0.801066
506 -1.495106 0.721032 2.729028 0.724929 199.059186 0.396834 18.865011 0.280715
507 -1.478564 0.724470 5.757121 0.745000 197.047836 0.017173 -77.309660 0.247632
507 -2.745424 0.178597 -43.137632 2.281125 363.158668 0.533930 -41.939488 2.781352
507 -1.960102 0.414302 -61.091120 0.073940 134.574883 0.658928 81.423283 1.210708
507 -2.002409 0.598942 16.853644 0.284728 208.511098 1.128136 -4.310851 1.295321
507 -1.543657 0.060003 -54.437636 0.830679 255.032729 1.188351 -16.260129 0.377818
507 -1.430133 0.096215 35.504765 0.600148 171.984544 0.722626 80.381342 0.150771
507 -1.693121 0.392559 -8.396173 1.278521 256.626926 0.241208 16.842615 0.676745
507 -1.447307 0.060937 -28.201376 0.349479 146.081239 0.731566 -81.225059 0.185117
507 -1.599617 0.721256 23.786492 1.110786 176.965702 0.853953 87.844611 0.489738
507 -1.571265 0.308419 28.819465 0.971253 230.011130 0.294543 48.516160 0.433034
508 -1.740177 0.737409 12.974540 0.885391 201.463282 0.116153 -59.450557 0.770857
508 -2.389523 0.209449 -42.876469 2.339523 365.873834 0.527851 -38.761616 2.069551
508 -1.617057 0.470556 63.698161 0.806767 250.482879 0.354003 46.923403 0.524617
508 -1.414505 0.458909 -0.738221 1.295220 246.146112 0.158661 59.575451 0.119514
508 -1.579371 0.068265 -55.255492 1.060634 283.589963 1.191569 -15.350843 0.449245
508 -1.518820 0.065867 37.919923 0.674347 173.640697 0.714270 -84.019994 0.328143
508 -2.059703 0.152628 38.370492 0.306284 189.651827 0.823413 10.435852 1.409910
508 -1.787230 0.010458 -18.509208 1.820041 239.376643 0.880572 84.732539 0.864964
508 -1.533014 0.637452 27.767087 1.111897 175.311390 0.937913 81.004563 0.356531
508 -1.537090 0.309854 18.363435 0.947297 234.942330 0.220877 40.684840 0.364683
509 -1.431283 0.753491 -0.955622 0.890233 207.537587 0.001936 -43.344631 0.153069
509 -1.731381 0.687994 -21.441894 2.162676 306.935566 0.209784 -27.848373 0.753265
509 -2.266493 0.482730 62.811217 0.709618 252.729395 0.272844 60.244465 1.823490
509 -1.437526 0.463401 -8.671117 1.114100 236.405869 0.000779 49.135142 0.165556
509 -1.885095 0.051215 -60.998649 1.603334 305.181182 0.087829 -20.589526 1.060694
509 -1.504741 0.018889 52.396159 0.554075 156.626302 0.867795 84.336298 0.299987
509 -1.840301 0.222981 -2.022994 0.272954 188.862011 1.095027 -0.392159 0.971106
509 -1.664408 0.010506 -17.287902 1.763328 234.700746 0.883787 85.537427 0.619319
509 -1.524045 0.612900 23.124668 1.117739 173.847234 0.964878 76.232888 0.338593
509 -1.418097 0.182725 22.416761 0.979345 220.961883 0.367633 77.406883 0.126697
510 -1.846299 0.717972 0.614590 0.287461 185.468749 0.109083 -60.365440 0.983102
510 -1.595970 0.701844 -6.265837 1.705711 277.322272 0.219569 -28.934228 0.482444
510 -2.140870 0.521200 62.235762 0.744956 256.444682 0.279608 57.399702 1.572243
510 -1.402026 0.430849 0.794999 1.003531 224.849706 0.101706 48.850398 0.094556
510 -2.828444 0.026334 76.073016 2.318242 393.145153 0.847567 -39.496269 2.947392
510 -1.400817 0.124373 56.269267 0.260441 122.382847 0.947412 80.408065 0.092137
510 -2.499870 0.135911 -25.179734 0.731325 249.812534 0.970224 17.391846 2.290243
510 -1.425683 0.024676 -21.757399 1.791297 238.360916 0.849291 83.480670 0.141870
510 -2.289861 0.691571 9.587952 1.244827 236.654379 0.637757 50.914305 1.870225
510 -1.758643 0.083828 9.446350 0.778936 213.572486 0.395323 74.733751 0.807790
511 -1.943509 0.739488 4.887048 0.518891 205.572229 0.105480 -27.419995 1.177522
511 -1.749863 0.521945 -25.591844 1.746902 284.707218 0.141527 -41.952930 0.790231
511 -2.689951 0.536669 60.118949 0.695230 255.956978 0.339330 65.430225 2.670406
511 -2.471507 0.357134 -28.665809 1.141321 217.487356 0.604983 62.266680 2.233518
511 -2.322718 0.009823 -53.096332 2.445887 407.483405 1.036460 -23.440662 1.935940
511 -1.450738 0.124912 57.854224 0.399584 133.816401 0.942074 76.526165 0.191981
511 -5.194996 0.695535 -30.767028 0.473666 274.399963 1.071795 52.662624 7.680495
511 -1.683642 0.133569 -2.697602 1.934255 250.679841 0.782337 -79.240707 0.657788
511 -2.147215 0.482480 -9.974298 3.025568 295.193024 0.760138 72.437690 1.584933
511 -1.561838 0.060006 -3.306508 0.791492 210.132673 0.337611 70.537737 0.414179
512 -1.450582 0.719095 -6.677672 0.816686 217.189435 0.251138 -14.250738 0.191668
512 -1.595130 0.719105 -16.542397 0.482899 188.633028 0.134542 -45.083424 0.480763
512 -3.430767 0.447006 58.939666 0.677210 253.840966 0.361219 76.438084 4.152037
512 -1.495118 0.681608 7.799051 0.420253 181.730629 0.142864 -5.050394 0.280739
512 -1.874343 0.009014 -45.034895 2.809744 432.708865 1.086417 -24.056227 1.039189
512 -2.600848 0.100660 55.021608 0.738790 165.154166 0.994374 77.195028 2.492199
512 -1.784250 0.063051 37.279490 0.704644 242.660785 0.705709 -18.343441 0.859005
512 -1.674958 0.156072 -5.591993 1.836054 247.446663 0.764227 -75.064256 0.640419
512 -1.856206 0.653296 -0.482368 0.295240 187.013217 0.047924 -7.660363 1.002917
512 -1.445078 0.021837 -4.336825 0.679677 194.302697 0.425675 78.786030 0.180659
513 -1.911068 0.191558 -18.634779 0.528997 211.710430 0.961433 5.773171 1.112639
513 -1.396740 0.637744 -9.205350 0.543418 186.440701 0.251354 -34.396187 0.083984
513 -3.554575 0.367805 48.899827 0.534558 241.402985 0.203771 77.216390 4.399653
513 -1.751492 0.031405 -27.577848 0.734528 245.681869 1.054874 -22.492912 0.793488
513 -1.959089 0.006096 -50.325307 2.797614 432.375969 1.084454 -25.084999 1.208681
513 -1.759677 0.111579 75.825506 0.511693 154.665828 0.883687 71.181966 0.809858
513 -1.599326 0.007026 31.469392 0.710352 242.225292 0.863306 -13.008423 0.489156
513 -1.767816 0.139279 -8.606485 1.898705 254.306137 0.767927 -75.492729 0.826135
513 -1.821120 0.620624 12.964798 0.204589 170.089991 0.137996 12.937262 0.932743
513 -1.695793 0.052518 -30.362045 0.522738 172.310518 0.565182 70.044498 0.682089
514 -1.795863 0.179995 -25.428308 0.586452 233.966126 1.089009 -9.639301 0.882230
514 -1.462941 0.551028 1.701618 0.497972 175.519036 0.246782 -64.688500 0.216386
514 -3.907720 0.409914 47.377051 0.857717 272.096141 0.219634 78.311452 5.105943
514 -2.274532 0.035982 -17.466447 0.815168 259.034961 0.978456 -30.109963 1.839568
514 -1.668111 0.029423 -43.632252 2.802539 431.009893 1.094167 -18.075329 0.626727
514 -1.928004 0.155198 56.209924 0.359549 136.230085 0.989881 72.070410 1.146513
514 -1.721562 0.038547 29.934715 0.459576 214.605897 0.744703 -8.819014 0.733628
514 -1.940726 0.122915 -21.284054 1.842210 251.025829 0.798437 -81.938668 1.171956
514 -1.401066 0.585397 -5.595573 0.666968 195.695292 0.015687 18.056892 0.092636
514 -1.446210 0.083329 -14.931905 0.249983 157.454552 0.435425 -89.076773 0.182923
515 -1.721537 0.170213 13.771236 0.406261 200.719813 0.951305 1.717850 0.733577
515 -1.591409 0.455795 -14.510707 1.231427 176.997832 0.927648 72.667302 0.473322
515 -3.876918 0.445346 52.052393 1.055968 292.300942 0.184766 79.459450 5.044339
515 -1.664187 0.755772 -13.563107 0.755090 212.758327 0.063335 -40.002926 0.618878
515 -1.453374 0.017851 -36.129112 2.816765 431.658327 1.125071 -5.688233 0.197253
515 -1.487472 0.152541 59.142292 0.288048 129.616647 0.885035 -85.649361 0.265448
515 -2.041902 0.058568 26.398995 0.752568 257.441677 0.846079 -4.482483 1.374307
515 -1.581639 0.037451 -14.275467 1.760886 248.976961 0.765614 -81.123014 0.453782
515 -1.588668 0.546484 -10.513463 0.796084 230.974186 1.035874 -12.027279 0.467839
515 -1.376584 0.135163 -12.088535 0.197604 149.918996 0.374581 -89.842551 0.043672
516 -1.738929 0.206700 12.903042 0.581527 229.311834 0.914116 -5.263975 0.768361
516 -1.779819 0.472301 -9.336865 1.287960 195.881663 0.851786 87.462487 0.850141
516 -3.754444 0.428161 60.626528 1.128763 306.484862 0.320418 -71.256120 4.799391
516 -1.458476 0.799701 -6.625683 0.522114 180.498427 0.074778 -12.469526 0.207456
516 -1.443695 0.033589 -38.781727 2.790389 430.142182 1.131373 -4.210013 0.177894
516 -1.713608 0.082921 -52.126915 1.431535 167.906233 1.107576 -85.161328 0.717720
516 -1.697779 0.055194 15.924592 0.499831 205.662137 0.764737 0.932179 0.686061
516 -1.783167 0.028113 -9.399526 2.003513 281.447660 0.655960 -84.987217 0.856838
516 -2.154891 0.542275 -10.708688 0.743372 236.027238 1.028549 -2.257697 1.600286
516 -1.424082 0.126040 -33.901389 0.244441 146.712710 0.574652 -76.261429 0.138667
517 -1.703870 0.269669 6.029280 1.298682 254.218058 0.313996 63.667027 0.698244
517 -1.520554 0.468521 -17.718286 1.387092 193.146223 0.891437 88.456582 0.331612
517 -3.134828 0.151191 64.919692 0.891792 281.525546 1.061622 -41.939056 3.560159
517 -1.929467 0.784920 10.141540 0.061657 167.869407 0.057157 -38.350425 1.149439
517 -1.541634 0.443343 -0.636563 0.203929 122.297362 0.921725 -86.079481 0.373772
517 -1.827644 0.141255 -56.028003 1.499604 170.981781 1.115122 -88.720600 0.945792
517 -1.825147 0.045338 14.940778 0.563989 208.367481 0.775325 4.820295 0.940798
517 -1.603238 0.637453 -11.658147 1.875963 249.656413 0.562537 75.271656 0.496981
517 -1.467054 0.339659 3.220836 0.588163 199.433221 0.075211 -7.868303 0.224611
517 -2.952947 0.650220 -37.396484 1.025446 194.832984 0.942813 -79.089812 3.196397
518 -2.839899 0.321899 -53.252556 0.351486 197.291678 0.493480 -16.696019 2.970301
518 -1.513747 0.521063 -25.184140 1.592646 202.717722 0.914008 -86.744941 0.317997
518 -1.402189 0.071367 -71.449646 0.234090 120.966985 0.938271 -88.142909 0.094882
518 -1.444958 0.690106 1.321933 0.779565 201.845714 0.089168 -7.014824 0.180420
518 -1.809739 0.445840 10.737979 0.148523 140.473688 0.779445 71.969066 0.909982
518 -1.914162 0.476337 73.848585 0.875293 279.938809 0.112320 -38.656463 1.118827
518 -2.403292 0.699349 0.140020 0.513224 207.066644 0.683133 7.828196 2.097088
518 -1.501812 0.453927 -25.476330 0.790327 183.380579 0.633767 -87.167068 0.294129
518 -2.457668 0.289044 -25.514619 0.439402 194.329936 0.016739 -17.183241 2.205839
518 -2.176180 0.764298 -27.249000 1.352524 211.335361 0.681299 69.508954 1.642865
519 -2.812926 0.329846 -62.538199 0.309722 197.744377 0.417744 -15.174628 2.916355
519 -2.716209 0.626021 -11.426818 0.564156 195.862288 0.491485 67.173506 2.722921
519 -2.822752 0.061960 -52.143560 0.214215 136.471300 0.954622 68.556374 2.936008
519 -1.836628 0.202634 -7.784005 1.111568 275.272585 0.789218 -16.245403 0.963760
519 -1.814376 0.491872 2.175551 0.175659 130.358769 0.838503 61.306291 0.919255
519 -1.917180 0.544588 77.510835 0.777572 270.444462 0.174297 -70.192140 1.124864
519 -1.768222 0.017760 15.576030 0.604724 225.379453 0.478633 -13.056087 0.826947
519 -1.517922 0.680588 -6.039570 0.777568 158.803788 0.752889 -86.735835 0.326347
519 -1.848165 0.624334 -14.044049 1.166328 244.997527 0.061562 -52.991315 0.986834
519 -1.660463 0.041589 19.904124 0.728249 243.053514 0.786200 -1.502077 0.611429
520 -2.168483 0.283258 -71.685086 0.359755 182.365306 0.436365 -4.409936 1.627469
520 -1.762008 0.751119 7.249560 0.818497 208.043010 0.563226 50.537322 0.814519
520 -1.561838 0.178204 -40.775788 0.160939 126.277165 0.825462 79.801727 0.414180
520 -1.506031 0.023408 -78.110163 1.626203 335.049646 0.986927 -12.978404 0.302565
520 -4.957434 0.593104 -14.349097 0.711585 180.341956 0.898073 33.898479 7.205372
520 -2.158210 0.519676 85.301135 0.609002 252.962325 0.116899 -80.915541 1.606924
520 -1.974678 0.724791 11.970562 1.330044 199.882704 0.743066 -65.588759 1.239859
520 -1.487553 0.763980 2.831759 0.606280 171.440569 0.630198 51.649522 0.265611
520 -1.494738 0.310514 -41.900305 0.355631 115.187472 1.046228 89.253541 0.279980
520 -1.605111 0.107756 34.517514 1.339573 303.097426 0.786278 2.600509 0.500727
521 -2.146143 0.276048 -70.217965 0.376039 183.057182 0.375149 -4.482957 1.582791
521 -2.004853 0.789255 10.173109 0.685449 216.772035 0.498428 43.167538 1.300209
521 -1.761604 0.255013 -29.740906 0.098245 126.501000 0.894343 86.812710 0.813712
521 -1.501625 0.098960 -59.607935 1.647243 339.215602 1.015998 -4.099645 0.293753
521 -1.893227 0.005632 20.799884 0.825484 159.532361 0.997486 71.287318 1.076959
521 -1.464530 0.798114 11.155435 0.589151 169.494691 0.698096 71.521678 0.219564
521 -1.672867 0.645806 10.127687 1.637019 240.378796 0.557358 82.862464 0.636238
521 -2.673100 0.174882 -69.056959 1.050804 263.730864 0.059795 -65.699027 2.636704
521 -1.402340 0.511607 13.410436 0.200784 98.935265 1.067461 82.802383 0.095184
521 -1.507460 0.203023 31.082070 0.844400 243.551047 0.569740 1.508811 0.305425
522 -2.087836 0.306094 -69.069037 0.291548 168.792388 0.382936 -9.076715 1.466177
522 -3.386948 0.366983 45.950522 0.406914 246.135457 0.909994 -36.487359 4.064399
522 -1.634457 0.410554 -21.723016 1.527902 256.115506 0.491159 -72.074577 0.559418
522 -2.696882 0.089451 -53.795554 1.605577 337.161964 0.971768 32.690546 2.684268
522 -1.757319 0.630546 -0.663423 1.277394 181.828137 0.928555 72.853025 0.805141
522 -2.374325 0.717791 11.725654 0.611056 185.641427 0.717804 74.874414 2.039154
522 -2.386126 0.666282 -27.650646 0.877081 195.706972 0.771730 -83.042380 2.062756
522 -2.466441 0.202452 -78.597237 0.892118 255.673191 0.000038 -68.232896 2.223386
522 -1.807832 0.175645 31.651644 0.895372 185.166244 0.860764 80.612080 0.906167
522 -2.175935 0.043607 68.419657 0.615178 249.542196 0.860484 -12.539752 1.642374
523 -5.263040 0.613255 -0.401884 0.919412 209.212649 0.850154 -33.173758 7.816585
523 -1.401920 0.002565 -28.201090 1.388100 268.789648 0.240002 82.693757 0.094343
523 -1.567300 0.439718 -17.529370 1.546438 220.362135 0.767470 88.365391 0.425103
523 -4.140336 0.162936 -32.604776 0.391175 204.045923 0.459917 33.328824 5.571176
523 -2.276340 0.726465 14.000149 0.222169 131.843423 1.011119 49.574706 1.843184
523 -1.655430 0.583525 -23.953387 0.588051 194.104153 0.404441 -66.084274 0.601364
523 -1.787880 0.703864 -30.489713 0.952427 188.611931 0.821675 -80.093847 0.866264
523 -2.097538 0.231985 -77.187699 0.977405 260.572569 0.012014 -67.892995 1.485579
523 -1.853940 0.093512 37.352924 0.819007 191.725717 0.773138 73.758976 0.998383
523 -1.693792 0.026102 77.804222 1.352549 225.867349 0.761757 -80.901259 0.678088
524 -3.317520 0.700145 -21.103739 0.208354 179.083502 0.749664 -48.235647 3.925544
524 -1.440671 0.758990 -6.340461 2.469594 301.843967 0.157632 -85.701699 0.171845
524 -1.679624 0.527912 -28.711108 1.580892 221.336686 0.703674 82.938005 0.649751
524 -3.111001 0.079870 -33.130761 0.702061 225.700494 0.480554 34.478284 3.512506
524 -1.866904 0.743838 4.616653 0.119913 128.481297 0.862506 49.687275 1.024312
524 -1.862024 0.439956 -3.671678 0.721442 199.754188 0.460196 -33.152181 1.014551
524 -1.654683 0.756762 -10.405903 0.638764 146.506388 0.944724 -80.746711 0.599869
524 -2.167577 0.146393 -76.836270 0.810984 261.185287 0.932587 -32.359762 1.625658
524 -1.451074 0.148430 43.729655 0.738734 180.045279 0.778921 77.736462 0.192652
524 -1.677501 0.706562 -3.519384 1.141681 186.576944 0.819648 72.549191 0.645506
525 -1.531800 0.784071 -14.029039 0.398751 191.918106 0.647974 -21.287090 0.354104
525 -1.460202 0.650109 -5.130926 2.090323 285.796098 0.196576 -85.895614 0.210909
525 -1.605264 0.523308 -37.046509 1.646238 240.088020 0.708068 -83.595144 0.501031
525 -2.184760 0.162935 -35.950888 0.595139 211.675997 0.665620 6.543867 1.660023
525 -1.851512 0.733475 12.293174 0.403597 187.370724 0.255122 82.580868 0.993527
525 -1.590550 0.791893 5.443791 1.092263 213.581177 0.391756 -89.270267 0.471603
525 -1.648150 0.109407 6.313178 0.253368 122.784252 0.870029 -73.991353 0.586804
525 -2.236169 0.205669 -89.625115 0.672400 261.761428 1.175612 13.694434 1.762842
525 -1.416475 0.007511 16.828100 0.575639 152.603361 0.860265 82.454659 0.123453
525 -1.580461 0.704572 2.324719 0.370188 149.684726 0.644077 -69.984040 0.451426
526 -1.920132 0.620752 36.849091 0.424457 208.779975 1.199480 19.106337 1.130768
526 -2.028289 0.771530 18.703362 1.816940 253.357916 0.360898 -63.896126 1.347082
526 -1.754569 0.536980 -27.716199 1.687692 241.190890 0.696181 -86.158799 0.799641
526 -2.263958 0.113087 -27.977157 0.736594 228.958482 0.533157 11.685438 1.818419
526 -2.434840 0.766886 -15.235008 0.553077 215.557863 0.357809 -53.449632 2.160184
526 -1.828191 0.513644 -3.737686 1.829110 238.835580 0.728586 85.103254 0.946887
526 -1.490375 0.092950 -22.628811 0.217585 109.177620 0.955459 85.716968 0.271254
526 -2.044923 0.436287 74.064080 0.647635 267.686554 0.954572 -30.936246 1.380350
526 -2.916415 0.799269 -2.943325 1.062345 218.771338 0.683805 55.639315 3.123334
526 -1.393324 0.124015 2.252324 0.698701 192.698468 0.422259 80.224252 0.077152
527 -1.803494 0.617626 42.778707 0.436626 209.495213 1.165154 20.188592 0.897493
527 -1.720788 0.791735 15.962173 2.007156 262.227248 0.401158 -89.431352 0.732081
527 -1.495734 0.519280 -25.980819 1.770169 250.484323 0.680601 -73.414746 0.281971
527 -1.974845 0.110923 -32.188149 0.850718 250.495482 0.588540 3.253600 1.240193
527 -2.143349 0.215833 -6.155279 0.050743 120.935561 0.884744 63.806208 1.577201
527 -1.543955 0.484899 -8.268664 1.757030 229.789296 0.720717 -89.556442 0.378414
527 -1.523341 0.088651 -22.250468 0.029085 111.740230 0.953420 89.654264 0.337185
527 -1.591300 0.654398 89.994680 0.504006 263.741838 1.183654 -1.663097 0.473104
527 -1.488014 0.567196 -17.214093 0.966251 173.122798 0.833427 -89.185916 0.266533
527 -1.641363 0.127678 -14.893782 0.539962 170.951032 0.581556 69.568435 0.573229
528 -1.744037 0.641625 42.397032 0.461150 205.458785 1.173515 21.493376 0.778577
528 -1.594891 0.752447 5.015769 2.367089 281.116316 0.418263 -87.492828 0.480286
528 -2.033143 0.518381 -20.565109 1.848312 252.513484 0.716754 -77.264841 1.356790
528 -2.104080 0.039564 -3.998330 1.125737 273.295529 0.535532 16.503094 1.498663
528 -2.131482 0.310791 -21.480988 0.486730 148.130083 0.951630 -87.026177 1.553468
528 -2.283876 0.625255 -16.338317 1.364401 216.238965 0.698976 60.798369 1.858255
528 -1.377294 0.065524 -27.082669 0.025187 111.308502 0.874927 88.373146 0.045091
528 -1.743383 0.449630 69.605546 0.232145 212.788573 0.996342 -5.087297 0.777269
528 -1.861584 0.716437 -8.630201 0.688495 176.967024 0.748792 -65.876841 1.013671
528 -2.439119 0.221517 15.183408 1.710192 276.386697 0.561693 59.375549 2.168743
529 -1.981149 0.423978 0.893199 0.204501 171.115788 0.079591 5.171072 1.252802
529 -2.628350 0.718289 27.602104 0.107821 110.341237 1.141364 79.272256 2.547203
529 -1.560661 0.449452 -14.813798 1.579722 236.688245 0.633508 -87.454351 0.411825
529 -2.081119 0.791108 -0.094488 1.267721 251.968095 0.551234 26.998373 1.452742
529 -1.767165 0.394803 11.989852 1.038072 212.648215 0.488521 -79.989039 0.824834
529 -2.830471 0.738298 -21.467831 1.352960 239.575279 0.480826 34.349701 2.951445
529 -1.421572 0.013924 -31.086463 0.282712 119.766888 0.965775 82.414499 0.133649
529 -1.959499 0.492477 56.877831 0.302420 222.848219 1.103024 9.468584 1.209502
529 -1.455415 0.772071 -1.851204 0.869770 179.486985 0.662227 83.319829 0.201333
529 -1.508033 0.333993 1.866627 1.389499 214.915169 0.733828 -85.631280 0.306570
530 -1.655298 0.496476 -0.191105 0.179213 166.107936 0.013298 35.387887 0.601099
530 -1.901746 0.769150 -26.916756 2.367592 307.945144 0.276667 -63.434602 1.093997
530 -1.633201 0.475855 -4.339124 0.763074 208.193552 0.241759 -73.911419 0.556905
530 -1.833586 0.738068 -6.266811 0.707599 205.309021 0.490831 22.097170 0.957676
530 -2.365140 0.489237 22.038092 1.067756 213.141350 0.411381 -50.865160 2.020784
530 -1.373902 0.584170 -15.787783 0.076774 145.670347 0.355700 -43.570539 0.038309
530 -2.201216 0.009994 -32.986903 0.112236 115.521901 1.057536 81.800811 1.692937
530 -3.980098 0.282164 -82.019087 0.333999 252.300515 1.100012 -27.947900 5.250700
530 -1.516369 0.674261 -7.380227 0.898635 175.645061 0.629643 81.204983 0.323241
530 -1.412835 0.261672 -2.677433 0.720615 180.925174 0.563083 89.857298 0.116174
531 -1.379423 0.463628 -0.017479 0.337890 165.707782 0.045723 40.906649 0.049349
531 -1.582748 0.794588 -22.734692 2.421179 301.286588 0.347473 -63.501781 0.455999
531 -1.408903 0.583914 -3.929170 0.881515 212.000560 0.060231 -73.886124 0.108310
531 -3.897584 0.610810 -23.423151 0.506231 182.832322 0.659729 44.363125 5.085673
531 -1.572294 0.651323 -7.307991 1.454863 258.565341 0.165916 -45.441117 0.435091
531 -2.176413 0.487467 -9.119521 0.373851 180.645297 0.485278 -71.360823 1.643330
531 -1.855496 0.100769 -42.292090 1.307961 172.702466 1.045979 67.922373 1.001496
531 -5.855960 0.380064 -71.691925 0.216538 263.386855 0.931385 -15.639695 9.002423
531 -2.352159 0.116375 -10.738539 0.441133 226.036196 0.956521 2.763669 1.994823
531 -1.459129 0.173083 -12.751037 0.667183 169.001075 0.763079 86.178181 0.208763
532 -2.099712 0.498444 21.279700 0.121290 143.172102 0.153491 0.794898 1.489928
532 -1.740976 0.799633 -27.215036 2.397008 304.365891 0.358004 -62.850608 0.772456
532 -1.500484 0.354040 -12.126842 0.367754 177.237649 0.102099 -76.742315 0.291471
532 -1.813052 0.026178 7.512283 1.285249 309.028811 1.177934 1.973285 0.916607
532 -1.844855 0.662432 -13.221599 2.388469 324.173956 0.170838 -6.001455 0.980215
532 -1.477663 0.554828 -9.446266 0.674853 185.713573 0.457932 -67.955476 0.245830
532 -1.820401 0.126207 -43.858838 1.448527 182.398814 1.032243 68.554056 0.931306
532 -2.020157 0.237193 -76.408289 0.871153 273.403325 1.053134 -27.507735 1.330818
532 -1.518541 0.657308 1.411428 0.795350 196.523926 0.495671 38.621237 0.327585
532 -1.707233 0.360997 5.949079 0.627556 197.520662 0.276711 -8.663135 0.704969
533 -1.862137 0.494547 8.538888 0.294970 173.039082 0.188952 -14.588730 1.014778
533 -2.010139 0.716104 3.016226 2.380327 301.294543 0.297224 -59.861512 1.310781
533 -1.447845 0.448882 -4.916131 0.456928 173.842319 0.076100 59.847714 0.186193
533 -1.631862 0.008689 -0.629936 1.643307 341.068918 1.159370 -4.776145 0.554228
533 -1.492670 0.322687 2.620842 0.996439 241.084956 0.176451 12.490307 0.275845
533 -3.082128 0.650477 -30.402678 0.717123 229.619657 0.391958 -61.076115 3.454760
533 -1.717054 0.049533 -32.553608 0.757175 151.688605 1.016374 85.989868 0.724612
533 -2.687363 0.300572 -74.938123 0.794396 262.934619 0.131155 -13.308187 2.665230
533 -2.820243 0.655334 -4.323147 0.383625 209.159316 0.088531 16.100743 2.930989
533 -2.056831 0.403174 10.076261 0.379139 165.212444 0.320294 -24.066417 1.404166
534 -1.596348 0.572332 1.301770 1.873248 288.578584 0.097797 -34.991111 0.483200
534 -1.470659 0.735671 -11.339169 1.258020 234.501476 0.114508 -76.609998 0.231822
534 -1.787783 0.325144 -13.021474 1.193153 220.600672 0.563336 60.222761 0.866070
534 -1.872937 0.026456 -23.806361 0.851957 261.487474 0.889907 4.200679 1.036378
534 -1.950842 0.459515 -11.098278 1.494018 277.410359 0.085615 -9.348400 1.192188
534 -1.836239 0.347112 -63.804029 1.561594 334.786448 0.531715 -15.768529 0.962981
534 -1.821038 0.738210 -30.205488 0.619564 121.106579 1.122970 -88.125176 0.932580
534 -2.886233 0.207640 -73.858984 0.871880 258.848550 0.049986 33.244304 3.062970
534 -2.314460 0.758630 -30.100937 2.492676 319.388811 0.096345 -25.499584 1.919424
534 -2.525036 0.539051 28.600670 0.271074 145.761139 0.289019 -27.770391 2.340575
535 -1.500755 0.589828 -4.510456 1.655786 276.974756 0.166253 -22.556486 0.292014
535 -1.501214 0.708760 3.583500 0.437755 175.179160 0.239427 -66.907171 0.292931
535 -1.644484 0.530092 -8.749841 1.037411 210.893189 0.484901 75.781090 0.579473
535 -1.859604 0.048545 -22.272881 0.892756 266.032039 0.856392 -14.526611 1.009712
535 -1.937026 0.453075 -4.240333 1.746694 292.129614 0.153781 -37.463009 1.164557
535 -2.187547 0.354201 -72.777115 1.218661 312.206288 0.534226 -18.647048 1.665598
535 -1.584503 0.717009 1.680783 0.063512 84.241650 1.162573 80.820627 0.459509
535 -2.203044 0.343370 -61.281324 0.675844 265.108901 1.157097 10.162544 1.696592
535 -2.181958 0.728229 -26.025810 2.462786 318.879078 0.103157 -6.541106 1.654419
535 -1.877803 0.647308 7.955083 0.400267 169.789689 0.405994 -28.711624 1.046110
536 -1.451553 0.635200 -10.681562 1.731472 271.298891 0.002179 -20.155278 0.193610
536 -1.409299 0.793061 -4.666926 0.473506 183.353443 0.218806 -9.661067 0.109101
536 -1.633756 0.523462 -10.676423 1.084958 219.147394 0.380238 65.271290 0.558016
536 -2.397282 0.081200 -8.223051 0.170539 198.717865 1.074760 1.120117 2.085068
536 -1.565455 0.609612 -19.414780 2.118558 307.805424 0.259964 -25.559586 0.421414
536 -3.033719 0.702954 -1.068415 0.415490 214.697298 0.245683 -29.403420 3.357942
536 -1.512436 0.795806 14.495032 0.227788 100.367084 1.088627 65.630207 0.315375
536 -2.528318 0.282484 -53.323303 0.648503 258.653181 1.180147 17.383828 2.347139
536 -1.829950 0.463002 88.541353 0.240552 208.110800 1.043497 6.520322 0.950404
536 -1.786765 0.528559 -1.764498 1.095810 228.033857 0.448797 -32.808928 0.864033
537 -1.621489 0.629743 1.771799 1.561419 267.121800 0.040330 -23.915479 0.533483
537 -2.034537 0.795999 -10.143977 0.026343 172.983476 0.149635 -14.178985 1.359577
537 -1.880323 0.645975 -88.724445 0.449374 271.699863 1.116859 -10.675307 1.051149
537 -1.609438 0.029813 -18.557007 0.628687 221.482789 0.997442 -5.717754 0.509380
537 -1.599441 0.771727 4.437963 1.522656 261.781369 0.294533 36.225292 0.489387
537 -4.423601 0.371709 47.537324 0.345617 256.011736 1.087987 -38.369321 6.137706
537 -4.446449 0.689314 -0.487502 0.171836 118.534178 1.137051 70.031153 6.183402
537 -2.109448 0.324652 -50.293347 0.822001 268.647588 1.071237 12.350600 1.509400
537 -3.580368 0.541097 56.615273 0.172688 236.500757 0.954280 12.103471 4.451239
537 -2.049405 0.558213 3.087527 0.549918 198.682157 0.251548 -76.620185 1.389313
538 -1.453721 0.478503 -6.699070 1.959764 308.101861 0.275602 -13.709607 0.197945
538 -2.009011 0.744188 -6.524734 0.093187 176.038373 0.199432 -17.213603 1.308526
538 -1.892018 0.794164 78.539356 0.219038 247.278323 0.714367 13.770957 1.074539
538 -1.678675 0.033629 9.037498 0.684383 224.236662 0.731566 0.908835 0.647854
538 -1.738910 0.728243 6.012327 0.749226 222.287117 0.240504 10.178720 0.768324
538 -5.409986 0.423171 47.156167 0.338751 260.516369 1.127913 -48.145489 8.110476
538 -1.663487 0.076139 -11.908251 1.138381 159.558106 1.071090 87.873495 0.617478
538 -1.783938 0.239359 -44.279650 1.160103 295.877830 1.091643 -1.239026 0.858380
538 -1.692296 0.120538 83.213511 1.255997 307.779676 0.840107 1.664319 0.675097
538 -1.430730 0.589762 -7.209285 0.348399 173.288251 0.102324 -70.121430 0.151964
539 -2.188599 0.690055 -9.709002 1.665148 288.833360 0.320948 -23.449814 1.667701
539 -1.829507 0.618321 13.823215 0.366905 173.557106 0.582996 68.635448 0.949518
539 -1.977602 0.616771 -86.243226 0.424822 246.467737 0.730620 19.470853 1.245707
539 -1.474935 0.115853 4.083247 1.040119 265.615455 0.831084 -4.901326 0.240373
539 -1.868512 0.694916 14.404328 1.836287 276.013547 0.133713 -18.837684 1.027527
539 -2.304613 0.082928 40.792299 0.457222 192.804460 0.763863 20.148192 1.899730
539 -1.587231 0.060948 -13.581815 1.122124 152.131555 1.096720 87.149717 0.464965
539 -1.580999 0.310398 -26.320154 0.817318 242.484536 1.149647 -5.804475 0.452503
539 -1.913677 0.332996 -84.211086 1.025683 300.436321 0.877196 12.934879 1.117859
539 -1.688155 0.644762 -10.973306 0.358114 186.997729 0.230879 -42.279268 0.666813
540 -1.492854 0.682075 -8.084877 1.925081 291.278683 0.361455 2.834904 0.276212
540 -1.446810 0.475046 2.155496 0.605067 149.599197 0.847500 74.024940 0.184124
540 -2.063278 0.716102 -72.841865 0.260224 199.528534 0.249941 -8.685681 1.417060
540 -1.764077 0.023229 6.448255 0.985020 271.772522 0.916768 -21.440550 0.818658
540 -1.480467 0.746985 0.764282 1.750240 267.870290 0.076475 -24.163486 0.251438
540 -2.124611 0.066558 49.001850 0.514547 225.975736 0.783550 10.217381 1.539725
540 -1.656022 0.107757 0.720838 1.074471 166.503284 1.016503 88.938271 0.602547
540 -2.424981 0.308314 -33.904057 0.254315 197.937622 1.044920 8.746330 2.140466
540 -2.610553 0.172407 -23.893794 2.122237 283.083971 0.651634 64.665800 2.511611
540 -1.888782 0.718663 -28.473403 1.553047 255.956036 0.206954 -81.718708 1.068067
541 -1.986870 0.631313 5.577596 1.722102 278.218574 0.258828 -28.662327 1.264244
541 -1.564540 0.550808 -22.816344 0.631869 169.012161 0.648628 86.814844 0.419583
541 -1.988685 0.624610 -36.447392 1.381497 251.646321 0.412367 -72.667506 1.267873
541 -1.791741 0.108271 -34.168483 1.105987 280.137754 0.719036 -16.590335 0.873985
541 -1.501885 0.793419 3.993634 1.701041 262.558093 0.029766 -36.160411 0.294274
541 -1.464993 0.165632 52.764413 1.339523 304.384659 0.700319 3.729441 0.220490
541 -1.953860 0.307779 -61.017916 1.579751 325.699207 0.679782 -30.394083 1.198224
541 -1.798444 0.165452 -35.767268 0.490391 213.421035 1.154088 5.318697 0.887392
541 -2.512983 0.182959 -29.608014 2.156072 281.347408 0.659042 57.764095 2.316470
541 -1.489629 0.796301 -6.091935 0.750532 194.575714 0.165551 -39.087587 0.269762
542 -2.004051 0.501169 -76.896350 0.302429 166.230275 0.213168 -60.049024 1.298606
542 -1.603975 0.467673 -29.340350 0.345740 137.973235 0.780123 -66.309608 0.498453
542 -1.547995 0.542831 -16.214155 1.391622 236.705173 0.311025 -84.207041 0.386493
542 -1.632099 0.012451 -47.668525 1.151804 287.204575 0.782605 -0.824811 0.554701
542 -1.458855 0.635080 -8.903098 0.022164 129.171014 0.272631 -89.557950 0.208213
542 -2.850082 0.017701 38.379940 0.672259 222.660297 0.650887 34.376755 2.990668
542 -2.542413 0.292475 -69.471093 2.027270 361.069581 0.673603 -42.382823 2.375329
542 -1.669965 0.361454 74.501254 0.357970 216.982812 0.952411 3.800534 0.630434
542 -1.568756 0.140826 25.575620 2.434558 305.032152 0.609489 -87.247641 0.428015
542 -1.461914 0.755267 0.208257 0.719374 197.839172 0.162151 -36.055594 0.214331
543 -1.967108 0.539467 -82.557719 0.192221 153.876712 0.216911 -60.910162 1.224721
543 -1.686798 0.420662 -20.722707 0.568402 162.684104 0.806311 -79.640315 0.664099
543 -2.067349 0.729304 4.145823 1.359875 240.872060 0.352560 -66.212380 1.425202
543 -1.431776 0.306028 -88.998746 1.233872 233.234028 0.744673 87.574292 0.154055
543 -2.694999 0.596717 -8.776552 0.283861 187.684308 0.341434 89.899528 2.680502
543 -3.610324 0.009193 -15.415128 1.142757 296.812657 0.972527 -44.544402 4.511152
543 -2.142299 0.281517 -73.053013 1.809520 345.530357 0.640369 -40.268451 1.575103
543 -2.344187 0.312551 66.316618 0.406776 211.513293 0.926592 28.207451 1.978878
543 -1.520986 0.114017 -0.679287 1.894088 290.799070 0.419541 70.686999 0.332476
543 -2.358344 0.386569 -51.569094 1.261901 296.655494 1.006515 -32.066415 2.007191
544 -2.033172 0.554153 -86.518570 0.290912 168.847111 0.202099 -60.048993 1.356847
544 -1.570069 0.506024 -31.716292 0.083371 137.125801 0.668732 -83.648038 0.430641
544 -1.824067 0.737819 21.069990 0.562468 181.449555 0.114265 -80.999206 0.938637
544 -1.482901 0.294406 -63.053337 0.997047 211.003194 0.736024 -82.636291 0.256306
544 -2.538137 0.601640 -84.854823 0.158358 194.326740 0.586894 37.626995 2.366778
544 -2.022431 0.068108 -1.717100 0.944222 265.729418 0.922330 -27.698479 1.335365
544 -2.203010 0.094507 -36.059869 2.614141 410.755296 0.731253 20.294065 1.696524
544 -1.606786 0.370388 45.825842 0.489740 226.139319 0.968287 3.382268 0.504076
544 -1.893088 0.196392 -12.070840 1.606247 274.584986 0.369558 -86.497897 1.076681
544 -2.237115 0.387426 -43.277664 1.333448 302.499153 0.995596 -24.352451 1.764733
545 -2.067413 0.518585 -86.732722 0.262674 161.434511 0.156289 -56.738044 1.425331
545 -1.448344 0.143689 88.269372 1.545197 231.432419 0.857356 82.210762 0.187191
545 -1.554899 0.157670 -22.527597 0.219903 127.760886 0.861760 78.013498 0.400301
545 -2.071581 0.320787 -48.172004 0.895323 214.419768 0.674979 -77.619235 1.433665
545 -1.474124 0.360918 -24.893970 0.727512 182.715872 0.610225 -86.859207 0.238753
545 -1.867962 0.009902 12.570133 1.539427 331.383837 1.022869 0.599880 1.026429
545 -1.453663 0.032170 -56.272071 2.940699 427.067147 0.610820 -11.319051 0.197830
545 -2.008056 0.458630 59.403913 0.273094 192.289503 0.899488 21.669920 1.306616
545 -1.942895 0.169407 -15.547993 1.953349 299.122038 0.375529 88.741386 1.176293
545 -2.379300 0.393144 -82.257218 0.774337 274.932857 0.877177 26.434989 2.049103
546 -1.990678 0.606004 -80.638785 0.019842 141.993776 0.034426 -89.628243 1.271860
546 -1.760005 0.251955 3.333044 2.278072 336.361477 0.003416 24.300479 0.810513
546 -1.436578 0.014094 -34.889097 0.421734 153.814330 0.734955 -84.981610 0.163659
546 -2.030863 0.582254 -33.543041 0.551611 191.031972 0.435393 -82.207923 1.352229
546 -2.397293 0.469020 -30.911567 0.321632 168.993305 0.573030 79.317577 2.085090
546 -2.791744 0.138146 -59.435316 0.958861 276.313364 0.701439 -33.526603 2.873993
546 -1.487649 0.103759 -80.178422 3.004164 438.343432 0.520555 -4.750280 0.265801
546 -2.076740 0.488283 60.749437 0.219041 192.256550 0.900069 19.840323 1.443983
546 -1.446170 0.101102 -11.139838 2.266096 319.896921 0.367354 89.291929 0.182844
546 -1.764657 0.436636 85.483773 0.593881 239.688823 0.731393 20.910180 0.819817
547 -1.923047 0.598112 -83.586712 0.162785 156.448285 0.025459 81.266399 1.136598
547 -1.449323 0.235863 1.996401 2.303272 335.426961 0.003735 21.216879 0.189151
547 -1.374341 0.033452 -34.107075 0.243377 132.811841 0.792707 -89.181429 0.039185
547 -2.704328 0.495512 -29.643134 0.505938 189.400180 0.433838 71.623517 2.699159
547 -1.571387 0.468531 15.987026 0.311049 152.452684 0.319541 -78.191152 0.433278
547 -1.882807 0.066161 -71.112673 1.385928 303.464396 0.418956 -24.992050 1.056117
547 -1.770736 0.049892 -80.986495 3.119321 439.606613 0.503732 -21.599332 0.831976
547 -1.944167 0.432470 71.314762 0.287908 199.193080 0.979756 20.282882 1.178837
547 -1.593447 0.115767 -0.415851 2.256035 319.899516 0.361255 87.457872 0.477397
547 -2.063905 0.232107 33.455395 0.520720 233.835091 0.775336 -13.820949 1.418314
548 -2.112478 0.600745 -71.065554 0.078466 160.286696 0.026728 81.134932 1.515461
548 -1.551294 0.624624 0.210143 2.171949 326.583690 0.693527 -1.421861 0.393092
548 -1.433409 0.179605 3.641737 0.090228 98.749526 1.043862 82.646066 0.157322
548 -1.832665 0.532072 24.097851 2.285110 330.311138 0.499461 29.757707 0.955833
548 -2.695851 0.248503 -3.490674 0.796105 229.133088 0.232065 58.077841 2.682206
548 -1.873746 0.318825 87.041612 1.455870 332.214245 0.343242 -17.413903 1.037997
548 -1.818255 0.025651 -80.203050 3.214967 445.238443 0.507876 -18.477263 0.927014
548 -2.150387 0.350625 71.489419 0.298687 198.375159 1.018688 24.290107 1.591278
548 -1.603734 0.137627 3.020261 2.542350 333.555476 0.387399 -86.463985 0.497971
548 -2.484076 0.169675 -0.952101 1.129752 283.666759 1.054047 -35.465572 2.258655
549 -2.159737 0.600373 -70.457680 0.368776 192.292046 0.120655 74.001073 1.609977
549 -1.465372 0.691926 7.192670 2.349661 329.931059 0.623460 11.054312 0.221248
549 -1.677364 0.070072 -24.198038 0.584122 145.671182 0.980994 -88.878795 0.645231
549 -1.644481 0.532459 22.292945 2.209077 328.152641 0.534871 28.276867 0.579465
549 -2.361642 0.207286 -26.960398 0.368231 177.859439 0.229023 58.159105 2.013788
549 -1.878036 0.348718 -82.442684 1.617773 342.278086 0.274222 -25.870262 1.046575
549 -1.586423 0.035214 -81.548499 3.248017 447.159657 0.500228 -15.619432 0.463350
549 -2.333699 0.338633 49.998767 0.057914 132.890792 1.006317 8.164424 1.957902
549 -2.237503 0.707357 16.608997 1.963599 252.001717 0.568929 -61.004123 1.765509
549 -2.521535 0.274408 -72.587941 0.674837 239.029546 0.053833 -8.487412 2.333574
550 -2.577483 0.118295 63.151565 0.914097 270.499606 0.529924 -36.587618 2.445470
550 -1.922430 0.664087 7.446644 2.247701 327.323404 0.608036 3.133775 1.135363
550 -1.724450 0.213763 -16.699301 0.226104 122.196454 0.966072 76.632053 0.739403
550 -1.494965 0.491172 18.810181 2.106157 322.064604 0.507611 27.492948 0.280435
550 -1.533181 0.255825 -6.696758 0.044655 139.234712 0.289806 74.977297 0.356866
550 -1.693658 0.372600 -83.817092 1.944139 370.790503 0.292545 -31.472291 0.677820
550 -1.484105 0.051230 -82.012840 3.704128 478.247042 0.527219 -15.938597 0.258713
550 -2.621859 0.297607 60.051852 0.124444 137.717605 1.029151 8.076606 2.534221
550 -1.928298 0.698489 3.780145 2.107485 271.442586 0.481762 -66.121967 1.147099
550 -2.376806 0.049882 -73.043918 0.621092 238.443696 0.513931 -33.174925 2.044117
551 -1.959040 0.285066 78.606183 1.475942 328.536789 0.436887 -37.189685 1.208583
551 -1.829128 0.609486 7.228883 2.105489 319.167805 0.598891 2.861956 0.948760
551 -1.987165 0.188233 -26.742057 0.546227 143.856655 0.970085 72.618187 1.264834
551 -1.519946 0.498760 10.256044 1.984797 304.098033 0.544665 27.957309 0.330396
551 -1.725740 0.245491 -21.483643 0.221459 154.438226 0.306259 72.226241 0.741983
551 -1.769494 0.392428 -70.744821 1.329999 311.865292 0.360550 -25.906243 0.829491
551 -1.440707 0.021679 -82.134249 3.631138 471.788241 0.538520 -9.738904 0.171919
551 -2.467888 0.289876 59.645119 0.077813 132.014816 1.039658 10.325462 2.226280
551 -1.547443 0.645549 -20.824286 2.619822 303.556131 0.522389 -75.386164 0.385391
551 -2.458977 0.785830 -69.837519 0.296552 219.497831 0.416014 -8.763857 2.208457
552 -2.002823 0.675240 -22.344570 1.374899 254.904695 0.023311 -59.286929 1.296150
552 -2.183701 0.523933 18.838486 1.428345 256.450488 0.697459 43.095309 1.657906
552 -2.364095 0.318206 -33.869112 0.777128 186.909102 0.799025 87.561915 2.018694
552 -1.614550 0.366645 70.341793 0.562998 238.020570 0.567482 5.325268 0.519605
552 -2.076920 0.250663 -28.791571 0.300520 156.514600 0.258073 62.651936 1.444344
552 -1.798301 0.416088 -72.239106 2.050236 371.934415 0.335583 -40.767749 0.887105
552 -1.481917 0.000813 -79.505572 3.591603 469.347877 0.582203 -12.529598 0.254337
552 -2.308761 0.281917 73.539098 0.039427 123.142744 0.979747 6.111842 1.908026
552 -1.525723 0.692183 -15.688024 2.498665 297.426550 0.480746 -70.412697 0.341949
552 -2.291920 0.782503 -62.773274 0.241547 190.217741 0.518958 -17.330865 1.874344
553 -1.606481 0.648869 2.610788 0.641368 187.935775 0.292290 -29.661336 0.503466
553 -2.310871 0.521418 16.081023 1.178403 232.394716 0.722990 46.435439 1.912246
553 -1.716466 0.423407 -30.536677 0.692260 178.086066 0.711193 88.654863 0.723437
553 -1.721556 0.424381 79.754352 0.599444 257.954924 0.678394 -6.043543 0.733616
553 -2.277396 0.267555 -28.489385 0.293742 168.227656 0.268988 61.874272 1.845295
553 -1.753249 0.397387 -71.482484 1.984317 364.347152 0.299897 -39.753973 0.797001
553 -1.573077 0.004545 -80.659608 3.558206 469.175732 0.602141 -11.233368 0.436657
553 -3.207921 0.533617 11.355485 0.140229 157.415642 0.796709 59.115584 3.706345
553 -4.111403 0.369172 19.321608 0.867798 266.642606 0.040095 75.312007 5.513309
553 -2.104380 0.760634 -70.014528 0.111717 152.038141 0.621014 -31.737990 1.499264
554 -3.180269 0.524857 -26.491935 1.508791 288.789095 0.324658 -22.424579 3.651043
554 -1.770130 0.463206 -11.556102 0.956511 193.915671 0.651158 60.908676 0.830764
554 -1.482393 0.401835 0.308902 0.082079 97.879009 0.933065 -89.337699 0.255290
554 -1.517722 0.308132 75.275279 0.994138 288.476115 0.683410 -5.517825 0.325948
554 -1.462896 0.297751 -8.192025 0.641878 196.475797 0.232567 82.454948 0.216297
554 -1.661736 0.401938 -72.454675 2.034899 367.471157 0.271328 -42.283059 0.613976
554 -1.727461 0.021554 -83.375605 3.500626 466.966006 0.602613 -18.984409 0.745425
554 -1.406613 0.533623 16.432684 0.639200 155.137240 0.841267 71.356605 0.103729
554 -1.959085 0.632412 -4.566120 0.153782 84.876175 1.138136 -61.643610 1.208675
554 -2.178865 0.721682 -82.329391 0.174995 166.646496 0.600017 -36.091994 1.648234
555 -1.692303 0.561761 -13.569522 1.592233 279.772991 0.298435 -32.922715 0.675111
555 -2.131813 0.567876 4.213550 0.481769 207.640500 0.269479 13.956019 1.554129
555 -1.595994 0.414982 -46.587871 0.079030 93.214125 1.124538 -79.686206 0.482493
555 -2.524712 0.350044 75.910638 0.173371 207.676641 0.898960 13.819931 2.339929
555 -1.371383 0.337253 -1.170817 0.464420 175.752704 0.262119 84.722150 0.033270
555 -2.062230 0.416809 -72.096992 1.706955 345.217092 0.267856 -41.089615 1.414963
555 -1.689064 0.010292 -82.522841 3.515608 467.348993 0.621619 -19.991026 0.668632
555 -1.895070 0.584681 7.155010 0.223565 154.026000 0.542426 -64.717894 1.080643
555 -1.652559 0.715557 15.029504 0.166745 78.875677 1.128485 -81.619490 0.595623
555 -2.011533 0.742440 -75.221326 0.005545 155.407925 0.594167 -36.337645 1.313571
556 -2.028770 0.495907 -73.270930 0.845996 279.223520 0.394982 -19.898994 1.348044
556 -1.772248 0.411239 -85.691832 2.801360 414.213411 0.309863 88.137012 0.835000
556 -1.534408 0.448605 -47.390850 0.131653 91.256652 1.115045 -79.714213 0.359320
556 -2.412068 0.346215 72.249309 0.371626 230.444483 0.839793 16.165166 2.114640
556 -1.851175 0.249683 19.804057 0.763154 188.367704 0.737460 76.194337 0.992853
556 -1.970840 0.438374 -70.972760 1.971318 370.358535 0.139916 -43.608889 1.232183
556 -2.352200 0.017409 -71.790700 3.716759 480.847862 0.614000 -27.194363 1.994903
556 -1.392100 0.581136 -9.812046 0.360728 167.289378 0.306986 -51.455394 0.074703
556 -2.086377 0.734018 17.697897 0.098994 84.635904 1.159242 -67.614499 1.463258
556 -2.157854 0.700150 85.646695 0.105500 160.570315 0.463608 -24.963037 1.606212
557 -1.768558 0.704079 14.923963 0.509209 151.160048 0.662423 -69.585233 0.827619
557 -1.752243 0.408445 -88.571178 2.847826 418.716732 0.294198 87.164952 0.794990
557 -1.670952 0.455159 -62.548462 0.395976 123.645369 1.087713 -76.966106 0.632407
557 -1.793316 0.718490 -6.974861 2.592696 321.515168 0.113215 -66.270315 0.877136
557 -1.373425 0.320654 15.700979 0.078105 120.874296 0.703083 88.850760 0.037354
557 -1.643999 0.447033 -78.513036 2.189960 393.066952 0.126586 -37.793143 0.578502
557 -2.103739 0.032558 -71.283926 3.616619 473.952231 0.643089 -30.808430 1.497981
557 -1.585045 0.574707 -15.837292 0.345453 178.168044 0.201136 -59.646344 0.460594
557 -1.702350 0.799256 26.111180 0.016016 85.073136 1.155042 -81.518208 0.695203
557 -2.092594 0.749825 84.571291 0.031224 147.533518 0.612780 -0.918507 1.475691
558 -1.505803 0.759382 18.213464 0.398572 163.786134 0.454457 49.668060 0.302110
558 -1.497920 0.389135 83.501094 2.802012 419.288760 0.210188 80.110102 0.286345
558 -1.901877 0.448039 -60.796274 0.549626 137.634397 1.080799 -86.645037 1.094258
558 -2.100178 0.677402 -22.520159 2.647771 332.276419 0.189092 -60.039942 1.490860
558 -1.370120 0.303914 10.903362 0.180934 129.180042 0.685258 84.449967 0.030743
558 -1.904825 0.422737 -76.334943 2.017162 381.447554 0.175580 -23.270690 1.100154
558 -2.449805 0.020113 -67.888228 3.560878 470.768482 0.665629 -36.349348 2.190113
558 -1.672618 0.527868 -1.420603 0.370882 178.468720 0.268406 -73.691903 0.635741
558 -3.178655 0.029606 50.336236 0.466677 237.393491 1.132615 -37.970652 3.647815
558 -2.489923 0.727491 75.787473 0.172227 168.170402 0.608595 8.240034 2.270350
559 -1.775090 0.702071 21.822186 0.131348 164.770397 0.519183 51.691542 0.840684
559 -1.676118 0.368385 -88.079226 2.745048 414.631880 0.190711 -84.220273 0.642740
559 -1.736538 0.409123 -80.184158 0.820116 165.467414 1.042783 -85.756899 0.763580
559 -1.466112 0.535868 -14.599260 1.649040 264.622979 0.240306 -76.136501 0.222728
559 -1.441644 0.234249 5.361053 0.262132 138.204045 0.760922 78.796208 0.173792
559 -1.962766 0.452446 -49.031630 1.797968 320.869517 0.616892 -40.318583 1.216035
559 -2.281518 0.035425 -64.807125 3.593167 474.583497 0.698910 -30.002562 1.853539
559 -1.669419 0.125757 -19.175456 1.330232 253.963861 0.376116 79.569042 0.629342
559 -2.201821 0.115186 68.821988 0.420003 234.692991 1.087510 -19.393224 1.694146
559 -2.268115 0.702561 71.965493 0.108483 165.098913 0.633210 -3.441283 1.826734
560 -1.915186 0.602840 5.807315 0.681002 192.326330 0.552395 74.578828 1.120876
560 -1.718517 0.430604 -81.413044 2.800222 428.504502 0.168333 -86.951354 0.727538
560 -1.798704 0.484117 -77.299541 0.855685 168.887890 1.029927 84.494666 0.887911
560 -1.700389 0.456734 -15.606546 2.815548 338.390437 0.266581 88.208088 0.691281
560 -1.453482 0.114389 -13.671704 0.938357 184.269811 0.812234 -88.126831 0.197468
560 -1.479144 0.486029 -8.021287 1.582197 270.093097 0.095931 37.976995 0.248791
560 -2.375018 0.023899 -67.779899 3.626733 478.368084 0.719335 -29.839841 2.040540
560 -1.484383 0.172721 11.519084 0.519241 179.299359 0.502304 76.856089 0.259270
560 -2.553730 0.539754 -0.337253 0.665186 214.657975 0.482420 -18.896823 2.397963
560 -2.129528 0.722888 83.924262 0.005622 134.049493 0.613321 2.487161 1.549560
561 -1.704444 0.687654 15.068567 0.448621 151.394538 0.797658 -87.752598 0.699392
561 -1.646567 0.447207 -81.651741 2.522377 411.869529 0.153446 -72.229463 0.583637
561 -2.116184 0.570426 -51.571101 0.266684 106.749061 1.143490 84.695678 1.522872
561 -2.317126 0.521141 6.670321 0.589945 237.734644 1.148881 1.460333 1.924756
561 -1.641480 0.084627 -23.010325 0.715253 163.395470 0.888902 76.011354 0.573464
561 -1.524060 0.396178 0.976912 1.570213 264.780675 0.312312 61.784783 0.338625
561 -2.497987 0.001815 -78.695214 3.742526 488.892463 0.784382 -29.491686 2.286477
561 -1.398665 0.179233 -5.899924 0.202360 135.197837 0.629204 -81.969349 0.087833
561 -2.295945 0.795264 -0.824055 3.450339 344.009071 0.466292 53.970708 1.882395
561 -2.466647 0.779100 68.858405 0.094019 156.752515 0.631012 -7.777427 2.223799
562 -1.476348 0.577413 -16.318648 0.854260 163.803010 0.824044 85.972949 0.243200
562 -1.664790 0.529846 -89.893231 2.352424 417.252119 0.116709 -72.804797 0.620084
562 -1.880925 0.044935 43.426187 1.329634 307.919520 0.845907 6.014121 1.052355
562 -2.548966 0.523042 -12.342494 0.299759 191.463592 0.161515 1.635830 2.388436
562 -1.466991 0.131434 -34.759615 0.475477 138.100997 0.948042 89.737100 0.224485
562 -1.558863 0.553683 22.332026 0.317363 163.197941 0.406769 80.832476 0.408231
562 -2.723027 0.003602 -77.295044 3.702283 485.667167 0.786333 -37.141380 2.736558
562 -1.356812 0.213390 1.274916 0.087476 128.398904 0.586173 -89.376659 0.004128
562 -2.058053 0.788701 4.381115 4.208110 382.474203 0.406950 55.027955 1.406609
562 -1.762919 0.304940 84.005489 0.430638 222.504289 0.876781 8.676992 0.816343
563 -1.802760 0.663104 -14.711574 0.752845 194.740105 0.515751 -87.221068 0.896023
563 -1.568562 0.611207 82.600151 2.384907 437.257070 0.087387 86.662811 0.427627
563 -1.473186 0.109400 46.141349 1.212981 287.250800 0.725279 -0.127425 0.236876
563 -3.642448 0.532885 -7.778568 0.400515 213.798462 0.067709 16.141175 4.575400
563 -2.033270 0.175399 -38.456766 0.556651 152.813347 0.956431 88.177454 1.357044
563 -1.460463 0.613823 24.346721 0.177780 150.194101 0.338039 59.505342 0.211429
563 -2.609327 0.009712 -83.859312 3.421862 466.117789 0.754380 -38.143847 2.509157
563 -1.557422 0.236382 29.699841 0.205190 134.390953 0.593784 -82.565826 0.405348
563 -3.169263 0.030608 -3.636309 2.941442 369.774157 0.390340 47.777622 3.629029
563 -2.295577 0.340246 64.006979 0.517677 247.936833 0.510146 0.293780 1.881657
564 -1.851091 0.665605 0.653904 0.805128 211.895537 0.582244 -16.094584 0.992686
564 -1.717554 0.596437 80.973012 2.471078 441.846254 0.094620 89.566595 0.725611
564 -1.572695 0.115615 52.087377 0.707755 239.623208 0.758501 2.470655 0.435893
564 -1.559087 0.493269 -14.151129 0.643193 196.334040 0.036442 40.442802 0.408677
564 -1.450218 0.125848 -42.287079 0.193994 108.715843 1.034012 89.756170 0.190940
564 -1.377126 0.650491 11.235845 0.400277 171.403965 0.313296 60.668324 0.044757
564 -2.926074 0.032471 -89.437241 3.232756 454.120755 0.744362 -42.251590 3.142653
564 -1.401260 0.341571 35.251154 0.072726 129.383490 0.592327 80.326910 0.093023
564 -1.781861 0.153106 13.331867 2.915514 375.383778 0.262910 57.724992 0.854226
564 -1.867055 0.305952 84.164270 0.655100 257.352071 0.610259 -11.259636 1.024614
565 -2.084228 0.741166 -3.255449 0.497814 212.866384 0.619501 -0.169781 1.458960
565 -1.476817 0.595544 81.653760 2.435022 438.402196 0.071921 86.600279 0.244138
565 -1.964278 0.181753 61.589891 0.808989 260.967198 0.723171 -28.381893 1.219060
565 -1.617244 0.410914 -20.481351 1.417538 259.476692 0.082624 -89.792671 0.524992
565 -1.494524 0.117436 -54.778548 1.398600 207.063120 0.896253 80.605030 0.279552
565 -1.759495 0.533567 -18.397603 0.461848 140.544855 0.937509 -66.122117 0.809495
565 -1.556952 0.394427 -15.044158 0.730968 195.577976 0.306768 73.679447 0.404408
565 -1.596850 0.233155 -6.271174 0.310798 154.205588 0.549766 -69.318316 0.484203
565 -1.410596 0.220546 20.511567 2.910395 370.860216 0.311839 54.726178 0.111697
565 -1.413398 0.062246 7.502940 0.467326 149.433771 0.800340 80.659225 0.117301
566 -2.422448 0.642168 1.448926 0.996943 232.472518 0.525720 -23.713279 2.135400
566 -1.741193 0.584998 81.067674 2.441123 437.044283 0.092076 88.657992 0.772890
566 -1.732491 0.085155 44.394258 0.304606 194.496228 0.898711 -3.170382 0.755487
566 -1.878539 0.414522 -21.680806 1.572584 275.441099 0.053919 84.392718 1.047582
566 -1.480602 0.109362 -37.426759 1.731030 225.556919 0.898116 82.757306 0.251708
566 -2.003240 0.502694 -21.512205 0.046163 108.770414 0.969888 -57.141790 1.296983
566 -1.380288 0.216831 -9.850132 0.544335 176.251609 0.451513 -89.435681 0.051079
566 -1.999510 0.242812 15.260231 1.299494 245.854643 0.321559 -64.434125 1.289524
566 -1.525439 0.213582 23.213692 2.799801 365.329797 0.336888 55.584527 0.341381
566 -1.578067 0.133285 -16.091636 0.022345 112.640051 0.784596 74.149735 0.446637
567 -1.673564 0.649077 -0.037144 0.622456 194.260096 0.568289 -13.956187 0.637633
567 -1.703124 0.570094 80.435824 2.502052 435.703276 0.129661 85.486968 0.696751
567 -1.812681 0.081415 45.587905 0.291265 194.768528 0.888871 -0.709339 0.915865
567 -1.941545 0.413838 -19.922100 1.599547 280.329709 0.018267 -82.842982 1.173594
567 -3.031543 0.368615 -53.544414 0.697258 272.573391 0.962658 -6.717612 3.353591
567 -1.829233 0.645512 -24.356469 1.347521 190.845970 0.930327 -84.256358 0.948970
567 -1.416232 0.125192 16.986972 0.967429 207.123648 0.566799 83.200241 0.122967
567 -1.368647 0.321386 -0.210615 0.037342 128.185887 0.557601 -89.487909 0.027797
567 -1.722940 0.245628 25.641415 2.698063 363.010649 0.358000 50.126439 0.736383
567 -1.365130 0.111869 -12.369658 0.065315 120.230597 0.729746 87.953911 0.020764
568 -1.630407 0.720566 4.507387 1.116572 247.760869 0.405498 5.083517 0.551317
568 -1.714191 0.554218 82.103967 2.497408 435.470080 0.086972 75.463683 0.718887
568 -2.093380 0.027353 42.435670 0.368788 220.927040 0.933687 -17.276740 1.477264
568 -2.073463 0.401726 -19.793059 1.301998 259.480755 0.080884 86.574871 1.437429
568 -1.974186 0.268939 -64.648984 0.523584 240.003552 1.151076 7.129158 1.238876
568 -1.739741 0.688194 -7.589567 1.249909 194.072320 0.803399 83.958827 0.769985
568 -2.058482 0.627888 19.991181 0.495159 165.976239 0.534997 -65.677110 1.407468
568 -1.549423 0.365962 -3.509862 1.035223 208.199607 0.539318 60.853969 0.389350
568 -1.456241 0.295024 16.284774 2.800737 367.250317 0.221187 41.837472 0.202985
568 -1.496926 0.149449 -5.341437 0.557992 170.274182 0.517266 -86.875074 0.284355
569 -1.773849 0.623230 14.187427 0.265986 177.877467 0.277095 57.413474 0.838201
569 -1.638816 0.567687 80.995495 2.402471 428.655438 0.104830 73.644549 0.568135
569 -1.974555 0.429013 -32.095798 0.990916 145.706955 1.064424 71.121053 1.239615
569 -1.943159 0.465313 -34.644571 0.588093 201.953796 0.377059 -66.259459 1.176822
569 -2.442869 0.290114 -54.859960 0.914358 284.462664 0.958061 15.141376 2.176241
569 -1.705104 0.762528 -16.154180 1.359721 201.371565 0.722942 65.039340 0.700712
569 -1.425019 0.408112 11.220052 0.380854 156.375361 0.453371 -88.809886 0.140542
569 -1.908257 0.372429 0.413404 1.612236 265.084246 0.440114 60.911253 1.107017
569 -1.435593 0.371098 4.293910 2.031095 304.783725 0.124803 54.894785 0.161691
569 -1.530071 0.219752 -0.313452 0.695847 187.965506 0.390013 -78.286247 0.350645
570 -1.792419 0.615392 13.930919 0.447961 197.541535 0.308706 36.687657 0.875341
570 -1.834059 0.594782 75.675993 2.380359 431.348881 0.133376 84.998100 0.958622
570 -2.227833 0.383116 -35.622517 1.019028 145.649710 1.100890 78.259342 1.746170
570 -1.843067 0.296081 -28.882551 0.716287 189.741696 0.608236 81.993707 0.976637
570 -2.266673 0.241080 -65.227123 0.632144 246.893787 1.067149 -30.482219 1.823851
570 -2.030459 0.670897 -72.003428 0.329963 199.721865 0.042317 -44.480663 1.351421
570 -1.518754 0.461604 19.360349 0.257858 144.780691 0.507013 -84.973269 0.328013
570 -2.250314 0.264668 -26.239058 1.332970 255.095233 0.348329 78.470009 1.791133
570 -1.552340 0.358414 15.286348 1.590326 291.831953 0.375349 24.366583 0.395183
570 -1.733567 0.517636 -77.594508 0.741384 277.936136 0.880717 3.979159 0.757638
571 -1.713770 0.768526 3.805405 0.376579 182.182445 0.280814 -45.877918 0.718043
571 -1.667829 0.595099 78.086786 2.357325 427.309871 0.152811 87.949598 0.626161
571 -1.785377 0.340848 -36.035064 1.292141 165.442039 1.071336 86.059873 0.861257
571 -2.039404 0.355338 -59.018997 0.508666 191.089796 0.514071 -81.307315 1.369313
571 -3.305240 0.246931 -78.869010 0.405682 244.645853 1.116567 -32.697929 3.900983
571 -2.055244 0.676973 -72.410060 0.323959 199.440964 0.162865 -17.881968 1.400992
571 -1.885794 0.413856 31.988837 0.473347 153.910683 0.575670 -77.013591 1.062091
571 -2.893853 0.291194 -24.554833 1.209153 243.878243 0.348775 36.747921 3.078210
571 -2.210190 0.417837 26.874855 1.652891 284.791643 0.243288 28.078727 1.710884
571 -3.220501 0.480365 -77.893791 0.298002 259.159617 1.065947 -2.618390 3.731506
572 -1.969448 0.785772 23.530201 0.280474 152.594177 0.177049 -50.289247 1.229400
572 -2.047848 0.561261 81.122799 2.558094 433.143421 0.213305 87.260365 1.386200
572 -1.803682 0.398354 2.354889 2.945247 260.362644 0.938524 -80.758181 0.897869
572 -1.764595 0.166535 -12.521809 0.771473 186.331898 0.692138 -71.660515 0.819695
572 -2.522135 0.097531 -80.665811 0.854877 255.108843 0.208694 10.010570 2.334773
572 -2.782442 0.744100 -66.355163 0.065422 206.970502 0.028851 -38.800855 2.855388
572 -1.529443 0.379864 18.088859 0.273942 143.351837 0.582807 -82.184959 0.349390
572 -2.477060 0.133998 -42.595540 0.923749 221.179437 0.491277 70.533960 2.244624
572 -2.987852 0.344399 39.942398 0.641998 244.238865 0.137181 44.628918 3.266208
572 -1.607671 0.782264 -6.639120 2.304552 306.698445 0.086081 6.294514 0.505845
573 -1.762061 0.757550 3.672806 0.850072 221.273030 0.031511 -59.529056 0.814625
573 -1.947289 0.564052 82.897529 2.540751 430.620357 0.228359 88.825469 1.185081
573 -1.709772 0.485199 5.136130 3.314342 291.069745 0.845371 85.371323 0.710048
573 -2.357631 0.498872 -29.036676 0.540013 178.447717 0.520660 64.179280 2.005766
573 -1.994114 0.059486 -82.631818 1.362065 297.421029 0.286560 13.171002 1.278732
573 -2.252482 0.746036 -72.599975 0.285304 220.289366 0.119152 -65.165482 1.795468
573 -2.309815 0.307254 70.982056 0.874095 278.096323 0.663723 -38.482254 1.910134
573 -3.345362 0.099120 -50.718337 0.576514 197.194066 0.512855 60.870122 3.981228
573 -3.430860 0.405365 46.103774 0.948216 275.912654 0.113750 38.159554 4.152225
573 -1.892935 0.147857 -8.162044 0.709509 250.264773 1.179780 -12.953588 1.076374
574 -1.425175 0.700607 -8.605789 0.837294 206.875936 0.128009 -45.953152 0.140854
574 -1.644043 0.558523 85.764722 2.599635 437.568998 0.177372 -84.490545 0.578590
574 -1.527753 0.003047 -75.728602 0.668974 234.511625 1.012423 -3.696408 0.346011
574 -2.482051 0.539903 0.367466 0.574210 213.695223 1.100015 11.947239 2.254606
574 -1.368758 0.471518 6.370858 0.264668 161.841620 0.140641 63.689959 0.028019
574 -2.293995 0.609478 -68.523742 0.603150 229.771042 0.256719 -70.147397 1.878495
574 -1.834884 0.246127 64.714125 1.037010 287.547090 1.038550 14.530155 0.960272
574 -2.064161 0.408197 23.966350 0.630523 226.424801 0.408436 12.134964 1.418826
574 -2.288512 0.704387 -42.401049 0.151726 151.734464 0.889425 -22.484278 1.867527
574 -1.550821 0.289227 0.834315 1.489825 302.932010 0.885739 -5.951267 0.392146
575 -1.803910 0.740372 7.966235 0.870387 216.263462 0.131232 -62.028048 0.898324
575 -1.844529 0.560143 85.694604 2.609853 438.722922 0.187268 -85.671313 0.979561
575 -1.955189 0.032061 -88.288187 0.240417 191.240280 1.016376 4.258233 1.200883
575 -1.518767 0.626038 -10.192356 1.000217 185.700539 0.735752 -79.580673 0.328038
575 -2.066171 0.475076 -18.977887 0.437735 183.194259 0.325448 72.604495 1.422846
575 -2.312720 0.695450 86.213620 0.362025 187.323079 0.257201 -75.459290 1.915944
575 -1.509948 0.228042 78.573320 1.660918 343.470733 0.567170 7.005557 0.310400
575 -1.696920 0.728518 20.475077 0.159183 120.853671 1.019017 78.316756 0.684345
575 -2.749819 0.644666 -73.105642 0.027983 115.463462 1.054429 -20.483264 2.790142
575 -1.549034 0.323001 14.975882 1.185210 270.073982 0.860091 7.908021 0.388571
576 -2.592085 0.629882 -7.836166 0.877943 227.286331 0.281483 -81.403997 2.474673
576 -1.589365 0.579306 89.916043 2.642951 443.527390 0.183232 -85.755747 0.469234
576 -2.229368 0.055456 -75.805223 0.555821 217.653367 1.037439 23.445922 1.749241
576 -1.710307 0.588557 11.859019 0.996977 224.303228 0.573807 43.474844 0.711118
576 -2.541393 0.427411 -36.446432 0.359366 174.271261 0.308298 68.286900 2.373291
576 -2.068865 0.720152 -86.875329 0.288952 177.837569 0.310192 -66.216651 1.428234
576 -1.718196 0.220544 89.252485 1.613863 340.626306 0.520328 -18.715643 0.726896
576 -2.054586 0.706692 -2.722549 0.585700 151.698232 0.933741 86.809669 1.399676
576 -3.479032 0.615978 -64.378026 0.122476 136.518543 1.112509 -7.411457 4.248568
576 -1.677674 0.293241 4.203564 1.302723 284.802039 0.930645 5.980377 0.645852
577 -1.502633 0.665403 14.442645 0.919746 204.728967 0.515206 66.340886 0.295771
577 -1.771924 0.565047 -85.958659 2.560647 436.672298 0.158116 -80.805147 0.834352
577 -1.528351 0.067372 -64.868294 0.837905 254.050270 0.971660 -3.057296 0.347206
577 -1.603118 0.522773 9.766902 0.619781 205.932054 0.504742 20.404252 0.496741
577 -2.655175 0.312306 -39.286784 0.336701 174.239220 0.330272 67.135186 2.600854
577 -1.878958 0.712498 -76.296148 0.112282 156.881552 0.398564 -51.623635 1.048419
577 -1.992174 0.184298 -78.825380 1.899497 360.000142 0.496609 21.588464 1.274852
577 -2.057775 0.701550 21.624563 0.429589 128.821660 0.883306 -63.370508 1.406054
577 -2.008407 0.243680 -89.582738 2.033896 386.693903 0.755770 16.894540 1.307317
577 -1.634130 0.475522 20.717293 1.002185 252.522666 0.920828 12.721729 0.558765
578 -1.863589 0.632075 30.375119 0.428612 150.391831 0.514512 -84.102392 1.017682
578 -1.950891 0.545994 89.463999 2.595537 438.307860 0.159569 -76.134417 1.192286
578 -2.086423 0.228189 -56.225362 0.447455 205.571393 1.003392 12.446392 1.463350
578 -3.427383 0.449853 2.811018 0.599049 209.178891 0.525129 42.733027 4.145270
578 -1.434777 0.376552 -8.371598 0.203311 144.982874 0.336392 81.796954 0.160057
578 -2.070535 0.573123 89.903288 0.271683 181.967660 0.317825 4.810996 1.431574
578 -2.047927 0.222905 -76.415501 1.767821 352.678060 0.522003 23.245916 1.386357
578 -1.946105 0.719351 17.423673 0.671941 138.986534 0.907115 -66.114875 1.182714
578 -2.543216 0.224912 -83.117234 2.000206 382.096088 0.768150 26.314533 2.376935
578 -1.691221 0.524141 30.408690 0.974672 246.366533 0.899168 21.521932 0.672946
579 -1.440675 0.589197 -8.509447 0.634022 169.219648 0.535439 -83.182663 0.171854
579 -1.986076 0.531799 86.663853 2.568905 435.445670 0.139527 -77.182623 1.262657
579 -2.605740 0.228516 -52.925925 0.240367 194.604385 0.915855 20.124674 2.501983
579 -1.614323 0.675379 -5.978428 0.612987 205.118323 0.189798 -36.266052 0.519149
579 -1.430374 0.300493 -12.501831 0.581180 180.728716 0.294927 -85.002540 0.151253
579 -1.930394 0.613753 -83.440453 0.073686 151.512439 0.301524 -3.039072 1.151291
579 -2.107311 0.220775 -73.561288 1.857036 362.830288 0.515332 17.143734 1.505125
579 -1.489490 0.781996 17.482031 0.969056 206.269541 0.635405 59.507640 0.269483
579 -2.197963 0.276885 -85.317792 2.059935 393.632711 0.786125 20.810280 1.686430
579 -1.686846 0.557683 30.791328 0.694176 223.633416 0.880106 19.280289 0.664195
580 -2.471559 0.570239 -18.012061 0.329250 159.681903 0.822576 -50.098696 2.233621
580 -2.035505 0.503952 79.195585 2.443934 418.022068 0.160653 89.147065 1.361514
580 -2.092392 0.267628 -59.444884 0.795001 263.738981 0.858176 11.639257 1.475288
580 -2.089878 0.570957 67.062328 1.537135 356.107286 0.037741 74.918022 1.470261
580 -1.484524 0.302579 -20.186573 0.179493 152.521304 0.248156 -88.148524 0.259551
580 -1.560477 0.272352 -4.576651 0.778746 106.046788 1.187622 85.654336 0.411457
580 -1.952802 0.621711 -30.547483 0.819817 175.843883 0.909695 -75.840001 1.196108
580 -1.532192 0.742347 35.100792 0.635448 177.944702 0.828041 65.009660 0.354889
580 -2.648761 0.283159 -80.817703 2.053348 395.337859 0.796767 25.437655 2.588026
580 -2.103808 0.552927 48.892645 0.462125 217.790214 0.832647 26.141405 1.498119
581 -2.042766 0.641129 5.024650 0.623982 171.807192 0.693544 -62.990935 1.376035
581 -1.755318 0.471737 78.348129 2.435469 418.039640 0.095351 -71.761282 0.801139
581 -2.278712 0.283206 -84.023994 0.372494 228.776308 0.609206 -8.190481 1.847927
581 -2.205352 0.600626 64.720224 1.583509 361.806571 0.107704 73.557869 1.701208
581 -1.405025 0.316923 -4.905594 0.290328 162.219113 0.088437 84.139883 0.100553
581 -1.536842 0.277273 -5.594559 0.173097 90.803081 1.135112 80.530357 0.364188
581 -1.675937 0.708912 -33.360471 1.055522 177.864225 0.861997 -83.525587 0.642378
581 -1.902287 0.560728 -14.126732 0.833867 214.346954 0.223835 35.893983 1.095077
581 -1.986219 0.255423 86.110652 1.973269 383.472621 0.870618 17.648445 1.262941
581 -2.016821 0.517966 44.884041 0.542384 223.920001 0.836434 23.804525 1.324146
582 -2.022450 0.645797 4.149265 0.533108 168.734552 0.631127 -48.040038 1.335403
582 -1.815232 0.425498 -84.250053 2.516381 416.071632 0.067722 -68.574299 0.920968
582 -2.241118 0.255313 -72.157757 0.351576 221.826771 0.699177 -9.692099 1.772739
582 -2.387182 0.596952 64.589432 1.586131 362.946412 0.105502 77.342407 2.064869
582 -1.424982 0.157815 12.977662 1.353665 194.200198 0.930895 83.270031 0.140468
582 -2.347122 0.210218 -30.447234 0.676893 146.081408 1.034155 76.342723 1.984747
582 -1.782680 0.784288 -36.103404 1.439102 224.405641 0.772533 -70.384612 0.855864
582 -3.528611 0.616953 -17.383741 1.296761 265.594407 0.279639 17.905314 4.347726
582 -2.128423 0.259434 87.238920 1.985436 386.175906 0.858091 17.627459 1.547349
582 -2.166802 0.432106 39.746926 0.531795 212.975067 0.930164 24.646791 1.624108
583 -1.601068 0.643192 -14.604514 0.410909 170.007244 0.532491 -75.868961 0.492640
583 -1.894943 0.360392 -80.304142 2.517306 399.702549 0.149237 -82.465231 1.080390
583 -2.135148 0.270212 -65.449670 0.344712 217.106474 0.804833 -0.982262 1.560800
583 -2.175569 0.599459 68.288903 1.692528 371.380834 0.138809 82.139976 1.641643
583 -1.630994 0.178434 2.693042 1.470392 188.502893 1.001326 86.552196 0.552491
583 -2.199975 0.206606 -11.864551 0.096939 114.364496 1.045439 79.820393 1.690453
583 -1.572704 0.139862 -20.054881 0.999492 193.196151 0.769602 -76.589772 0.435912
583 -3.359899 0.606678 -11.999196 0.433322 199.775729 0.394030 34.670656 4.010301
583 -2.094998 0.400662 -85.802122 1.593952 365.162961 0.731522 16.391811 1.480500
583 -2.115660 0.405408 43.083413 0.777574 233.254828 0.968402 29.120204 1.521824
584 -2.217999 0.723860 -25.816425 0.090792 157.805431 0.731936 -68.366996 1.726502
584 -1.538888 0.559838 84.670512 1.552140 358.126676 0.096793 -26.930255 0.368280
584 -2.312593 0.344005 -63.303424 0.235283 206.720156 0.837181 4.188109 1.915689
584 -2.615434 0.720513 59.011226 1.484700 384.198605 0.036825 85.357918 2.521372
584 -3.254015 0.799799 -67.863700 0.313402 228.583758 0.545216 25.416509 3.798534
584 -3.196800 0.346317 -6.585730 0.696171 169.448142 0.925015 74.291331 3.684104
584 -1.852546 0.112516 -29.933720 0.784042 198.581377 0.650070 88.779678 0.995595
584 -2.476650 0.394628 -12.335292 0.295269 176.818808 0.329938 52.797733 2.243803
584 -2.313321 0.311281 -81.600995 1.855776 378.279064 0.710458 22.221654 1.917146
584 -1.797435 0.444234 37.346431 0.632946 215.534138 0.980277 21.320438 0.885373
585 -1.585192 0.663652 -21.018367 0.439746 178.612815 0.549984 -58.540237 0.460887
585 -1.721915 0.561160 70.224892 1.542110 362.275289 0.149317 -19.310426 0.734333
585 -2.309484 0.379051 -51.482914 0.505775 234.303673 0.791288 1.696419 1.909471
585 -2.051133 0.367379 83.694120 0.672227 246.646788 0.117993 -62.150077 1.392769
585 -1.971049 0.033710 -15.767316 0.841077 262.912435 1.095239 -23.568967 1.232602
585 -1.428010 0.160077 -23.220622 0.434643 172.154706 0.465056 -86.664871 0.146525
585 -2.562616 0.446572 -14.855830 0.873748 209.369276 0.582479 88.042355 2.415736
585 -1.609901 0.414901 3.204808 0.369905 177.373041 0.276606 76.627559 0.510306
585 -1.937701 0.284996 -79.143696 1.825621 373.539931 0.771671 16.523889 1.165905
585 -1.619051 0.476721 32.440759 0.414939 214.348565 1.139465 2.744875 0.528605
586 -1.697053 0.670486 -6.881532 0.793583 207.648640 0.327927 -66.962545 0.684610
586 -1.654836 0.556672 -89.075660 0.938855 284.157920 0.104139 -66.866456 0.600177
586 -3.004397 0.467717 -67.369202 0.354961 234.093333 0.658550 27.768699 3.299298
586 -2.088258 0.328637 76.865396 0.729053 251.934420 0.023496 -72.833725 1.467019
586 -1.886896 0.091058 -44.769733 1.255377 307.577119 1.126425 3.189781 1.064296
586 -1.523703 0.167058 10.878389 0.424744 159.059305 0.670348 71.017888 0.337909
586 -2.019113 0.271900 -21.206151 1.438358 304.686425 0.821155 4.542440 1.328730
586 -1.853761 0.647217 -3.993629 0.652526 193.218592 0.482528 49.073405 0.998027
586 -2.237078 0.327951 -58.168006 1.875019 383.153173 0.902559 22.611532 1.764661
586 -2.170930 0.492843 20.022705 0.497348 229.689218 1.122948 5.082342 1.632363
587 -2.134018 0.693877 -21.965424 0.885036 224.846991 0.275210 -71.632308 1.558540
587 -2.558747 0.203535 -28.003139 0.604042 229.505814 1.165352 25.805143 2.407998
587 -2.081838 0.551958 84.851794 0.547494 252.770429 0.532987 28.854173 1.454181
587 -1.979843 0.308446 82.264047 0.781269 253.280826 0.088060 -60.625400 1.250190
587 -1.645724 0.509504 6.222782 0.936969 196.719937 0.594450 -88.193472 0.581951
587 -1.466913 0.171934 -9.844633 0.484270 154.296673 0.777091 82.786801 0.224329
587 -3.386557 0.233228 -1.934053 1.223437 288.582733 0.587900 -28.248038 4.063617
587 -1.947835 0.554484 -16.909322 1.015236 224.412557 0.315546 86.494072 1.186173
587 -2.135872 0.386151 -64.859665 1.825195 386.614681 0.923837 22.416660 1.562248
587 -1.775609 0.410296 0.742308 0.570438 223.700444 1.134094 -13.072809 0.841721
588 -1.429639 0.086534 -13.326777 1.027352 244.139414 0.036628 -73.946633 0.149782
588 -2.544542 0.208380 -16.341316 0.425001 208.092115 1.191868 22.881464 2.379588
588 -2.181683 0.762913 -73.431458 0.324308 207.079013 0.150795 -8.352387 1.653869
588 -2.343899 0.213862 67.424183 0.805922 253.978165 0.041478 -66.037180 1.978303
588 -1.434454 0.641205 3.250102 1.331954 211.587824 0.633571 78.889745 0.159411
588 -2.041389 0.186663 -6.190278 0.347659 150.257739 0.854585 81.909858 1.373282
588 -2.666922 0.167845 9.471854 0.994833 272.277076 0.485958 -15.552586 2.624347
588 -1.864749 0.520755 -7.625791 0.802005 199.915154 0.506023 88.126193 1.020003
588 -2.115385 0.369723 -65.501925 1.869672 391.122383 0.985694 22.314113 1.521275
588 -3.148088 0.355994 -1.165840 0.699862 248.961379 1.155902 -33.645918 3.586679
589 -1.449875 0.621027 -13.287444 1.725910 280.855909 0.287138 -29.628357 0.190254
589 -3.167062 0.368345 -35.706913 0.399197 227.359373 0.925289 16.878894 3.624627
589 -2.424894 0.707895 -72.156556 0.258932 209.374250 0.454505 6.915502 2.140292
589 -1.872306 0.331054 73.089744 0.896987 262.971428 0.069431 89.037719 1.035116
589 -2.185876 0.315376 -31.357956 1.193208 254.055196 0.509822 -47.456661 1.662257
589 -1.746417 0.159050 2.331464 0.982745 164.453424 0.999942 85.695850 0.783339
589 -1.722393 0.231179 -32.352341 1.185212 284.997655 0.892017 -15.370679 0.735290
589 -1.764233 0.508946 23.344771 1.274289 236.537309 0.287309 84.301537 0.818970
589 -2.073035 0.350691 -69.400804 1.322993 316.175775 0.311280 13.909958 1.436574
589 -2.019745 0.302816 -15.348034 0.747130 241.170848 1.168684 -24.802628 1.329993
590 -1.519590 0.703965 -18.422506 1.725122 267.374868 0.178220 -55.785958 0.329684
590 -2.582469 0.434496 -60.132571 0.493046 240.013536 0.579966 12.326309 2.455442
590 -2.889781 0.647452 -72.398812 0.335429 253.611705 0.373689 5.917569 3.070066
590 -1.894510 0.285241 76.567887 0.890517 256.573350 0.111829 79.324457 1.079523
590 -1.635590 0.100408 -40.126836 1.837653 346.094273 0.821203 -15.520856 0.561684
590 -2.383128 0.128907 2.372412 0.979972 159.612319 1.053780 73.631251 2.056759
590 -1.945440 0.272650 -28.046165 1.112550 279.728052 0.869058 -3.310411 1.181385
590 -1.858127 0.333379 -2.833567 0.526103 185.129394 0.424324 55.571930 1.006758
590 -2.721776 0.514525 -62.765291 1.302556 322.746599 0.024616 -16.884026 2.734056
590 -2.174477 0.391656 -16.519870 0.484005 218.712701 1.036879 -1.604183 1.639458
591 -1.727599 0.757594 -15.289234 0.806805 215.044213 0.012049 -61.926916 0.745702
591 -2.566542 0.417651 -57.016494 0.755117 270.029833 0.632850 6.010369 2.423588
591 -1.847328 0.586293 37.069715 1.108345 179.533992 1.019485 73.399419 0.985160
591 -2.423226 0.275368 79.068463 0.951229 261.342612 0.171281 78.122010 2.136955
591 -1.624062 0.090119 -41.022217 1.810060 343.697276 0.718329 -5.660709 0.538628
591 -2.752740 0.132658 9.055408 0.936726 167.659803 1.010574 61.471904 2.795983
591 -1.989618 0.239170 -22.373919 1.272206 292.768338 0.889475 6.637817 1.269740
591 -1.785290 0.196703 1.130504 0.707072 187.744459 0.575499 57.376485 0.861084
591 -1.593625 0.795443 -4.618970 0.813879 211.638950 0.621050 9.388645 0.477753
591 -2.318899 0.472317 9.300599 1.373234 288.255321 0.990299 12.914459 1.928303
592 -1.471328 0.790029 4.308761 0.844851 204.249505 0.036944 -78.924820 0.233160
592 -1.819043 0.436367 -74.651672 0.752573 269.872913 0.693042 2.453908 0.928590
592 -1.503889 0.580423 46.088936 0.934810 173.256510 0.995417 73.780590 0.298281
592 -2.251429 0.331216 64.760811 2.030288 363.595654 0.103286 74.671597 1.793362
592 -1.801354 0.077108 -44.990527 1.630986 328.433121 0.625681 3.678147 0.893212
592 -1.888104 0.120254 2.673518 0.996991 139.376565 1.125637 72.580751 1.066712
592 -2.018245 0.267830 -11.343581 1.884710 339.359019 0.890870 9.453533 1.326993
592 -2.276502 0.027888 12.378797 1.051057 238.119035 0.415468 63.633605 1.843508
592 -2.020000 0.716819 -0.694061 1.006876 207.223980 0.727977 39.705313 1.330503
592 -1.703626 0.320304 12.433048 2.303033 336.972761 0.315112 35.824770 0.697756
593 -2.263260 0.553082 -19.229355 0.893630 227.883401 0.468111 -55.556762 1.817023
593 -2.439828 0.430327 -64.668079 1.072215 307.021128 0.556525 20.026119 2.170159
593 -1.470985 0.572951 44.141601 0.828811 170.558202 0.967963 71.682924 0.232475
593 -2.264088 0.355736 67.068223 2.293687 389.208014 0.083115 75.585485 1.818681
593 -1.636315 0.039108 -64.173796 1.362598 309.083660 0.766591 -6.444880 0.563134
593 -2.865339 0.171401 -1.939577 0.820327 141.663365 1.105503 69.850556 3.021182
593 -1.574575 0.165375 -34.460175 1.657522 329.907427 1.071630 -16.576116 0.439654
593 -2.229561 0.045365 6.416215 0.857725 210.695411 0.563602 61.902131 1.749626
593 -2.725887 0.789986 -8.780355 1.126729 234.407397 0.653248 24.428488 2.742278
593 -4.115907 0.076769 -32.992233 0.281124 240.095008 1.033800 5.347951 5.522318
594 -1.626890 0.326957 -1.252133 1.214071 237.602711 0.338128 -66.559280 0.544284
594 -1.378089 0.434354 15.082384 0.567936 175.492292 0.489187 70.832683 0.046682
594 -1.587665 0.593537 39.780725 0.787046 168.165103 1.003732 65.752504 0.465834
594 -1.862507 0.384206 64.116333 2.357860 399.286658 0.031469 44.567752 1.015518
594 -1.782425 0.138656 -68.796291 1.360805 314.191641 0.747070 -12.730127 0.855353
594 -1.650732 0.225203 8.764890 1.105336 150.527383 1.060900 -78.529682 0.591967
594 -2.147800 0.194203 -40.867498 1.723393 342.383256 1.023283 -17.318432 1.586104
594 -1.744004 0.142946 11.231944 1.183395 241.073230 0.248887 -75.513215 0.778511
594 -1.852636 0.717148 2.893809 0.359230 187.741274 0.676561 9.089840 0.995776
594 -2.608599 0.060144 -30.331600 0.242357 218.752723 1.043702 -11.656520 2.507701
595 -1.869415 0.369133 19.192775 1.181946 234.826716 0.248287 -75.621613 1.029333
595 -1.498572 0.448521 11.489763 0.249411 142.599497 0.631274 -83.743069 0.287648
595 -1.423691 0.749791 -2.165112 0.082737 149.333783 0.131889 29.224215 0.137885
595 -1.516300 0.303640 65.428867 2.580838 397.069606 0.201770 45.161328 0.323103
595 -2.412055 0.203466 -46.790624 1.448232 319.212156 0.641752 22.140654 2.114614
595 -1.639171 0.198747 15.232273 0.870269 131.676088 1.110627 -84.838315 0.568846
595 -1.647995 0.223260 -37.999436 1.723381 340.746990 1.089564 -7.314688 0.586495
595 -1.475297 0.222813 -13.370222 0.566622 190.277638 0.120017 82.176526 0.241098
595 -1.949907 0.729622 -3.397650 0.665410 191.222836 0.570739 54.942713 1.190317
595 -2.409976 0.028870 84.980195 0.942400 283.795161 0.988740 -19.655207 2.110456
596 -1.873534 0.399954 8.066007 0.542227 172.636711 0.452382 -54.817113 1.037572
596 -1.479843 0.438499 -26.463677 0.988216 198.984808 0.681491 -75.268709 0.250190
596 -1.475847 0.726259 -3.982506 0.355077 176.091413 0.352664 8.642827 0.242198
596 -2.773835 0.136234 34.991923 0.992700 266.028307 0.020673 -21.922877 2.838175
596 -2.444211 0.201134 -43.727568 1.199232 294.730425 0.559555 3.543458 2.178925
596 -1.620231 0.207820 -5.779811 0.832452 146.212197 1.025016 -80.766967 0.530966
596 -2.418012 0.251650 -49.252750 1.737044 341.081538 0.962164 -26.736555 2.126528
596 -1.382731 0.170922 -3.591054 0.420519 173.471009 0.245365 83.423191 0.055966
596 -1.423534 0.659071 9.134295 0.408537 135.584721 0.865455 83.306068 0.137572
596 -3.054723 0.074099 65.868565 0.717118 256.832247 0.965415 -41.849032 3.399949
597 -2.213197 0.572358 18.667035 0.242343 120.082622 0.740894 -51.827885 1.716897
597 -1.810190 0.381587 -33.404130 1.172226 216.279700 0.627620 81.395194 0.910884
597 -1.508302 0.652134 3.374330 0.700903 210.231142 0.266500 27.047200 0.307108
597 -5.191220 0.031228 53.274294 0.237531 194.205426 0.857391 36.373909 7.672944
597 -2.226742 0.359946 -59.906821 2.055969 348.784018 0.333118 -53.835131 1.743987
597 -1.551371 0.252925 -3.224205 0.226307 100.384447 1.095614 -84.448543 0.393246
597 -1.543803 0.291826 -39.522291 1.726699 334.868928 1.012637 -10.841347 0.378110
597 -1.432589 0.111784 -3.604450 0.551982 191.314063 0.179533 -75.294141 0.155683
597 -1.900167 0.588175 24.536092 0.386794 137.776166 0.776419 -71.611753 1.090837
597 -2.436080 0.044476 78.719928 0.458301 234.762255 0.850369 2.675504 2.162664
598 -2.300154 0.504548 16.394117 0.067667 107.459593 0.757080 -47.466904 1.890811
598 -3.984863 0.103359 -28.661023 1.689522 339.209632 1.024763 -50.031710 5.260231
598 -2.269224 0.608990 -16.469275 1.436348 271.530944 0.133234 -9.425039 1.828952
598 -2.167313 0.034587 40.006193 0.405027 211.169620 0.725690 6.489769 1.625130
598 -2.043279 0.372685 -61.613588 2.046071 350.079927 0.326617 -53.192314 1.377061
598 -1.474908 0.297496 -3.010270 0.590049 134.983764 0.938860 86.726231 0.240320
598 -1.544547 0.389168 -85.689213 1.465663 344.478758 0.617286 -2.446169 0.379597
598 -1.508975 0.112185 -7.180803 0.522664 187.651452 0.149860 -60.978949 0.308453
598 -2.025138 0.490172 10.567030 0.014189 109.095640 1.050204 87.034066 1.340780
598 -2.371633 0.792238 -88.157902 0.412379 262.920540 0.846700 40.102084 2.033769
599 -2.530249 0.544241 17.935530 0.183139 119.478266 0.779306 -42.202488 2.351003
599 -2.789007 0.071678 -15.405005 1.789843 346.729646 1.045799 -42.113077 2.868517
599 -1.409514 0.560183 0.708004 0.758378 209.469777 0.198845 -7.949981 0.109532
599 -2.055908 0.021110 38.481398 0.402463 211.980451 0.706379 -0.086304 1.402319
599 -2.483842 0.372943 -57.441339 1.934943 341.101517 0.301767 -54.461771 2.258189
599 -1.617743 0.199594 -0.214390 1.440058 162.352542 1.089549 -79.376015 0.525990
599 -1.556143 0.392506 24.033411 1.778821 316.964398 0.759403 16.512450 0.402789
599 -1.519684 0.105124 -6.840170 0.545520 189.852172 0.147587 -61.485695 0.329872
599 -1.664797 0.560217 -26.419299 0.970067 145.460217 1.053206 84.834289 0.620098
599 -2.495225 0.768928 -86.858230 0.300295 247.734616 0.908450 36.520258 2.280953
600 -2.459688 0.532034 14.322952 0.271463 126.283349 0.813106 -44.981077 2.209880
600 -1.913216 0.176428 -14.597093 1.998222 358.577615 1.050556 -11.707145 1.116937
600 -1.437386 0.597868 -9.704052 0.862912 211.673321 0.154858 -22.582191 0.165276
600 -2.004474 0.130294 49.230340 0.749821 248.432266 0.340638 -6.656812 1.299453
600 -2.247467 0.411576 -63.955420 1.437303 304.283665 0.289506 -58.410658 1.785438
600 -2.358036 0.742862 8.488266 0.530529 153.804433 0.926213 -85.882698 2.006575
600 -1.485757 0.392567 22.938521 1.545531 296.192371 0.693042 15.419575 0.262017
600 -1.462734 0.283650 6.236531 0.252236 160.256607 0.074662 -77.024858 0.215973
600 -1.825962 0.505635 -23.420281 0.430926 127.972842 1.034430 -87.559919 0.942428
600 -1.987013 0.743740 88.691405 0.379106 250.459756 0.852436 28.027854 1.264529
601 -1.679312 0.402763 12.447231 0.176179 110.117923 0.908051 -72.526273 0.649128
601 -1.612560 0.120062 -13.117933 1.686411 333.810357 1.078400 -14.328045 0.515624
601 -1.422310 0.784762 -3.201814 1.253054 239.713156 0.215474 -0.653480 0.135124
601 -2.062620 0.126413 50.776737 0.780530 252.294464 0.344326 -3.514395 1.415744
601 -1.947802 0.423764 -69.177592 1.432494 309.540902 0.290820 -54.027094 1.186107
601 -1.683973 0.713482 29.559642 0.517765 140.442124 0.864868 -86.764461 0.658449
601 -1.494486 0.399670 31.958686 1.497634 296.427673 0.754646 19.528161 0.279476
601 -1.628441 0.260889 -13.602015 1.019141 240.565387 0.112105 -66.662026 0.547385
601 -1.473733 0.437284 -33.407259 0.501209 157.809943 0.749969 -76.378224 0.237971
601 -2.040707 0.631681 89.880943 0.345538 237.597037 0.814012 21.893749 1.371919
602 -1.630793 0.417730 -2.618659 0.029076 106.080118 0.907287 -70.586033 0.552091
602 -1.522517 0.260367 -22.311514 1.335967 292.345188 1.106943 -5.594743 0.335537
602 -2.164617 0.728703 -27.426584 1.179834 244.597670 0.208948 -22.964869 1.619738
602 -2.764635 0.059142 38.951478 1.631386 327.945674 0.415858 -34.362547 2.819773
602 -2.351689 0.389858 -68.080379 1.032346 269.468756 0.174920 -69.224013 1.993882
602 -2.599191 0.739770 -8.690738 0.475706 180.650915 0.659560 42.034174 2.488886
602 -1.378039 0.450254 15.218180 0.507576 177.208341 0.328656 62.030953 0.046581
602 -1.661598 0.142715 -18.023175 1.257563 262.793924 0.150618 -77.737643 0.613699
602 -1.633262 0.596070 -24.159338 1.067095 208.832431 0.455374 83.996430 0.557027
602 -2.048328 0.728963 -78.556122 0.305052 250.559995 0.996385 12.358989 1.387161
603 -2.427256 0.673532 -65.698600 1.226104 314.726250 0.560528 -46.023609 2.145017
603 -1.617094 0.330146 -24.246378 1.509668 306.273468 1.179936 -18.697312 0.524692
603 -1.819469 0.250761 -13.987984 0.930155 263.208444 1.027613 -11.097909 0.929442
603 -1.605376 0.080624 -86.925242 2.202736 371.807230 0.349800 -0.932165 0.501255
603 -2.051178 0.436434 -73.260957 0.805942 254.444173 0.123317 -53.698578 1.392859
603 -2.489683 0.595362 -20.021425 2.463699 333.886816 0.219886 0.548156 2.269870
603 -1.792308 0.581666 -6.666428 0.558292 186.605254 0.398557 42.543550 0.875119
603 -2.168401 0.175874 -35.810723 0.811594 228.619826 0.163667 -77.055697 1.627306
603 -1.584762 0.203824 -26.606421 0.332288 166.085632 0.430934 85.852959 0.460028
603 -1.979491 0.754468 -85.885237 0.237773 248.786801 0.978069 8.962161 1.249487
604 -3.110869 0.626641 -70.988640 0.880472 293.298241 0.614025 -40.817775 3.512242
604 -1.792805 0.319734 -35.662845 1.143511 283.089482 1.135561 -18.471534 0.876113
604 -1.582558 0.377908 -12.912951 2.109420 299.230225 0.268723 68.969514 0.455619
604 -1.626259 0.101201 -68.523368 0.312464 133.081471 0.929169 78.311067 0.543021
604 -2.610690 0.547354 -74.318701 0.626691 248.245923 0.197385 -82.130410 2.511884
604 -1.733948 0.529444 -16.828036 2.646477 338.775222 0.002479 -14.724670 0.758400
604 -2.344708 0.534329 -32.293898 0.487700 219.906286 0.964588 -17.192613 1.979920
604 -1.388801 0.397306 -14.869394 0.642900 195.864708 0.217745 -59.123995 0.068106
604 -1.869479 0.141694 -0.926801 0.559537 184.843463 0.589054 88.168664 1.029463
604 -1.979060 0.780860 85.012051 0.173951 259.923356 1.169041 -9.344266 1.248624
605 -2.405392 0.679160 81.886348 0.798135 309.275514 0.505977 -41.758548 2.101288
605 -1.700360 0.305919 -29.636729 1.618366 318.189540 1.096843 -20.225290 0.691223
605 -1.766789 0.356086 -19.989506 1.946809 288.349393 0.296215 65.703345 0.824081
605 -2.408826 0.190258 5.350127 0.090912 140.175875 0.732044 60.236948 2.108156
605 -2.712835 0.532248 -75.382658 0.554891 244.986287 0.337708 -57.245781 2.716175
605 -1.458709 0.540796 -8.000521 2.702732 340.648150 0.068254 -12.670748 0.207921
605 -1.954213 0.391297 -15.665234 0.557225 213.655662 1.192286 6.298421 1.198930
605 -1.498224 0.370397 2.340099 0.839045 195.535511 0.475153 -80.841621 0.286952
605 -1.598252 0.052479 10.842704 0.369087 154.295881 0.759032 -89.336879 0.487008
605 -2.866607 0.757102 -85.055254 0.257908 283.799214 0.949715 -11.990186 3.023718
606 -2.797138 0.678442 84.110719 0.678458 290.295184 0.541016 -52.685988 2.884779
606 -2.491353 0.293840 -24.461098 1.771926 327.084341 0.963703 -33.771458 2.273209
606 -2.172666 0.374374 -23.084159 2.182252 308.674009 0.252035 70.107365 1.635837
606 -1.633101 0.170975 4.406289 0.021010 117.081696 0.751669 69.311150 0.556706
606 -1.931114 0.527687 85.222121 0.666000 254.424604 0.148751 -81.972505 1.152732
606 -1.449735 0.577670 -1.152421 1.887368 304.504918 0.509692 3.601707 0.189974
606 -3.205730 0.446553 -33.701716 0.356670 233.016724 1.088817 -2.128424 3.701964
606 -2.663493 0.404147 33.192933 0.507794 148.057049 1.028351 75.120943 2.617490
606 -1.570194 0.079412 33.038285 0.447806 153.041115 0.772704 70.139179 0.430892
606 -1.884280 0.658159 79.586165 0.544154 278.696904 0.519863 -12.172740 1.059064
607 -5.007068 0.662663 84.512774 0.209996 289.690605 0.654466 -16.489986 7.304640
607 -2.144188 0.119378 -55.187754 1.432452 322.993970 0.906657 -15.021783 1.578879
607 -2.550851 0.403127 -28.506287 2.222742 313.310212 0.212139 67.977358 2.392206
607 -1.505055 0.224341 -4.743263 0.023609 119.758079 0.725556 75.477226 0.300615
607 -2.176724 0.478522 -74.950948 0.655177 237.448266 0.205000 -71.000620 1.643952
607 -1.582053 0.583178 -0.852186 2.832838 339.990620 0.264673 45.781897 0.454610
607 -1.668590 0.386423 32.064754 0.419387 220.024683 1.193031 -5.342504 0.627683
607 -2.347770 0.463397 27.237054 0.324530 139.628799 0.999313 62.828933 1.986044
607 -2.101630 0.049919 37.317733 0.357516 148.113668 0.865590 67.264181 1.493765
607 -2.727878 0.629010 -49.869386 0.904997 280.820793 1.018638 -21.214013 2.746260
608 -1.448616 0.559662 -8.351155 1.618879 273.497835 0.101869 -19.048204 0.187736
608 -1.886169 0.063944 -57.336959 1.653616 329.141324 0.742089 -29.353971 1.062842
608 -2.385006 0.329665 -31.592676 2.079893 306.809243 0.241536 73.258180 2.060516
608 -1.518030 0.190549 4.771973 0.026424 117.294998 0.740328 73.337707 0.326563
608 -2.197403 0.556199 -62.873288 1.045103 285.091654 0.318223 -42.069936 1.685309
608 -1.501385 0.654067 10.492535 2.174314 295.021537 0.353959 54.623063 0.293274
608 -2.297500 0.450420 56.363183 0.311481 205.243289 1.168382 24.656893 1.885503
608 -2.028362 0.711924 14.342956 1.401000 253.603494 0.081794 -23.417442 1.347228
608 -1.736916 0.791960 20.512608 0.531666 181.122790 0.828382 51.791906 0.764336
608 -2.549248 0.262888 -81.485348 0.352994 236.692836 1.039291 8.380044 2.389000
609 -1.870982 0.724503 -3.060118 0.644225 210.461968 0.083621 -82.030147 1.032468
609 -2.713798 0.186989 -37.589411 1.479136 310.468162 0.710155 -33.884184 2.718099
609 -2.285162 0.322543 -35.992190 2.151556 312.460683 0.172471 66.359985 1.860828
609 -1.612767 0.143965 -15.060197 0.233514 139.890591 0.795403 82.016201 0.516038
609 -2.543304 0.534052 -67.634851 0.811809 289.763585 0.488245 -2.392096 2.377112
609 -2.050245 0.551319 9.777205 1.769721 273.282218 0.536727 52.630477 1.390993
609 -1.953977 0.428948 54.117707 0.328587 207.806040 1.121576 17.318645 1.198457
609 -1.453233 0.622172 -10.952839 0.643886 194.911657 0.049926 -29.604522 0.196971
609 -1.760269 0.775635 25.400565 0.561188 177.943197 0.883237 55.419127 0.811041
609 -2.993936 0.271303 -59.762926 0.214825 227.614263 1.175594 6.633907 3.278376
610 -1.617806 0.685020 -9.922784 0.459034 114.096964 1.085707 84.605745 0.526117
610 -2.191867 0.150951 77.080456 0.958549 281.394250 0.651859 -25.124621 1.674238
610 -2.757724 0.297259 -37.845079 1.604867 280.265446 0.200134 69.765030 2.805952
610 -1.863623 0.136276 -6.364720 0.070118 124.717175 0.865360 72.514343 1.017749
610 -2.706449 0.583392 -62.542335 0.506646 262.018769 0.685364 -1.950902 2.703401
610 -1.626622 0.510970 17.800444 1.419398 254.667009 0.522714 52.067566 0.543749
610 -2.348571 0.272906 21.420843 0.285043 199.656298 1.187576 15.442300 1.987646
610 -1.851634 0.579085 -14.854330 0.339838 188.284227 0.289672 -36.672825 0.993773
610 -1.621388 0.751277 29.314387 0.162872 126.784319 0.966680 82.245886 0.533280
610 -2.726122 0.286054 -50.419298 0.465024 241.241483 1.022940 10.181320 2.742748
611 -2.230668 0.689212 -8.488660 1.089588 165.327183 1.005603 -77.612283 1.751840
611 -1.710778 0.134172 79.574208 0.595456 230.269575 0.534771 -0.680838 0.712060
611 -2.622548 0.272857 -38.445712 1.379810 268.090329 0.225120 84.094115 2.535600
611 -1.933700 0.036923 -38.475429 0.425698 160.830012 0.753631 71.561222 1.157903
611 -2.192118 0.637587 -65.367140 0.620602 271.390216 0.660077 -5.600449 1.674740
611 -1.493788 0.784367 4.216094 1.750390 276.257491 0.423183 27.402407 0.278080
611 -1.962849 0.283283 32.172459 0.153804 173.940113 1.174307 7.955270 1.216203
611 -1.808646 0.392608 -20.686653 0.033977 148.880409 0.044604 -51.803693 0.907797
611 -1.801488 0.740415 -6.858517 1.748811 152.408492 1.134618 -86.411607 0.893481
611 -1.603565 0.489264 75.364975 1.059885 315.785941 0.676315 -17.548093 0.497633
612 -1.608849 0.539918 -29.625460 0.679716 141.619141 0.966044 -77.784573 0.508203
612 -1.626988 0.084364 -76.584532 0.444221 206.477576 1.152867 -3.004440 0.544480
612 -1.764730 0.265199 -32.527400 1.228132 247.944427 0.202283 86.878880 0.819964
612 -1.561104 0.037129 -19.826754 0.455492 161.957301 0.709654 77.841283 0.412711
612 -2.705048 0.647490 -79.158174 0.266384 253.646201 0.639693 -11.262015 2.700600
612 -1.867738 0.538823 -26.366833 0.974174 233.171664 0.251240 -34.312396 1.025979
612 -3.225840 0.105098 29.568885 0.325994 210.624005 1.194852 30.050886 3.742183
612 -1.443370 0.492791 2.037705 1.780057 286.359359 0.338068 28.609835 0.177245
612 -1.471364 0.765305 -9.633247 1.739276 153.226045 1.109494 -87.647618 0.233232
612 -1.766369 0.446540 74.491683 1.228747 330.912873 0.652486 -21.850004 0.823242
613 -1.796751 0.514367 9.126267 0.842378 137.232349 1.061558 -83.396343 0.884005
613 -2.798432 0.140370 75.027825 0.238049 225.996941 0.979559 -1.645055 2.887369
613 -1.828381 0.207839 -38.990463 0.974636 242.786861 0.255200 -56.257397 0.947267
613 -1.404543 0.083578 -25.310229 0.510989 160.604507 0.685700 86.344145 0.099589
613 -2.706403 0.046656 69.771187 0.903029 262.392522 0.531699 -41.674812 2.703309
613 -1.772610 0.551602 -21.321367 1.317646 258.778796 0.272468 -47.529665 0.835724
613 -1.986511 0.053912 25.087774 0.678189 248.869075 0.977178 2.709796 1.263525
613 -1.582627 0.507950 13.697947 1.801413 294.819353 0.341912 32.357507 0.455757
613 -2.245006 0.765723 13.879956 2.087158 196.034047 1.016231 82.417221 1.780515
613 -1.775724 0.458295 73.933675 1.206596 329.879206 0.649087 -22.137961 0.841953
614 -1.472779 0.516497 6.397327 0.874630 144.259714 0.998118 -88.945654 0.236062
614 -1.799745 0.191020 71.861412 0.682310 253.744119 0.907003 4.283540 0.889994
614 -1.748079 0.039909 -57.773858 1.562954 332.571725 1.132555 -20.337600 0.786661
614 -2.273096 0.752838 -23.891706 0.870518 189.912659 0.712490 77.723948 1.836696
614 -1.691566 0.121730 -33.572989 1.645711 310.005856 0.320173 -12.416686 0.673636
614 -1.796165 0.579516 -17.451219 1.334439 261.198864 0.259254 -40.627154 0.882834
614 -2.730707 0.000461 46.429981 0.575649 245.051637 0.812323 -29.254782 2.751919
614 -1.429960 0.395393 6.560523 1.861987 301.178487 0.340769 24.856221 0.150424
614 -1.523470 0.795948 10.508823 2.203902 195.069404 1.024536 84.159702 0.337445
614 -1.714422 0.348164 64.003907 1.545503 350.656403 0.654401 -16.930046 0.719347
615 -1.944146 0.463055 5.944089 0.662509 154.578487 0.944075 75.314659 1.178795
615 -1.856847 0.383750 -89.952649 0.564588 234.101071 0.871519 19.795949 1.004198
615 -2.443466 0.219930 -85.786993 1.628856 348.482600 0.828515 -29.665369 2.177436
615 -4.119518 0.704739 -26.417299 0.103507 178.072982 0.592491 81.331061 5.529540
615 -1.748702 0.158220 -55.656521 1.436611 303.469747 0.404430 -4.469789 0.787908
615 -1.552538 0.598698 1.761496 1.176300 239.092637 0.032241 -68.919040 0.395579
615 -1.831990 0.700627 15.841694 1.527170 243.626157 0.711162 55.092815 0.954483
615 -2.220054 0.384043 -4.794137 1.527756 278.481995 0.300115 28.716402 1.730612
615 -1.918174 0.783643 -0.328295 1.804704 187.214766 1.002337 -78.449894 1.126851
615 -1.626569 0.325651 67.130705 1.378109 331.158767 0.658730 -15.708529 0.543641
616 -1.998331 0.517038 0.055913 0.761125 175.386677 0.797904 89.127661 1.287167
616 -1.757682 0.791636 89.943535 0.465817 208.306054 0.657946 80.989123 0.805867
616 -1.608988 0.670449 8.869964 0.140947 156.362570 0.459222 75.732360 0.508479
616 -1.752157 0.643063 17.790621 0.325113 154.398520 0.634880 -83.133799 0.794818
616 -1.855073 0.170247 -65.456172 1.681111 333.400704 0.355546 -7.076466 1.000650
616 -1.951129 0.563653 8.279038 2.285615 306.841361 0.261658 -43.953534 1.192762
616 -2.092591 0.546946 13.947473 1.637261 257.369269 0.635376 58.062450 1.475686
616 -2.022566 0.659014 -13.160107 0.413281 176.048795 0.431660 57.331256 1.335636
616 -1.811112 0.097821 -3.585405 0.784975 150.002507 0.996634 -73.716327 0.912727
616 -2.286407 0.276190 56.019530 1.308630 324.134366 0.670101 -22.865046 1.863319
617 -1.893585 0.679548 3.060607 0.535733 162.428640 0.693569 -55.987086 1.077673
617 -1.504943 0.062388 84.698646 0.915121 202.987511 0.652823 76.209030 0.300390
617 -2.096230 0.639221 -10.860845 0.381048 183.349418 0.302321 49.757291 1.482963
617 -1.720037 0.605083 0.759635 0.183092 146.589400 0.673927 68.392029 0.730578
617 -1.735855 0.134772 -79.891608 1.596919 324.098855 0.295657 -14.179516 0.762214
617 -2.351160 0.518969 -22.379620 0.214007 175.169168 0.069010 76.672057 1.992823
617 -2.276916 0.422507 13.994887 1.784599 278.444289 0.640725 44.875487 1.844335
617 -2.272370 0.490506 46.013439 0.806124 263.193371 0.267555 5.134473 1.835243
617 -1.798272 0.106795 -6.876165 1.044748 165.434056 0.998954 -73.543488 0.887047
617 -2.176026 0.278837 56.859534 1.349934 325.654882 0.690764 -32.202865 1.642555
618 -1.729728 0.721785 0.170280 0.580556 166.450886 0.655511 -57.381527 0.749960
618 -2.318295 0.222814 -56.615463 0.157035 141.414721 0.669132 67.350435 1.927094
618 -1.656570 0.620146 -22.156265 0.735221 193.973007 0.322518 86.985696 0.603644
618 -1.484489 0.705401 -14.204966 0.009067 116.270557 0.687954 86.501789 0.259481
618 -1.669347 0.016542 -73.605416 1.855502 338.592561 0.339627 -0.950333 0.629197
618 -1.516225 0.344422 8.882018 0.285594 156.456597 0.103829 -64.717690 0.322953
618 -1.712518 0.417669 9.431620 1.396406 245.821664 0.507943 63.413182 0.715539
618 -3.383913 0.449959 35.101844 0.517418 240.154009 0.321746 -12.315335 4.058330
618 -1.886751 0.064356 -0.816136 1.012146 162.102685 1.006129 -71.063452 1.064006
618 -2.130390 0.275443 60.124997 1.391010 328.000919 0.661212 -34.097862 1.551283
619 -1.585352 0.757957 -13.828916 0.290650 158.026067 0.661957 -60.633590 0.461207
619 -2.006799 0.210348 -48.390996 0.008309 121.771124 0.794279 70.215401 1.304103
619 -2.134089 0.193196 -38.809492 1.282733 304.189794 1.089637 -20.078975 1.558683
619 -1.488897 0.748151 -7.102941 0.019238 117.350303 0.681308 78.050612 0.268297
619 -1.481322 0.014308 -69.774560 1.583058 312.674195 0.355971 -7.866463 0.253148
619 -2.034630 0.402151 76.393389 0.588236 242.936054 0.041350 16.290947 1.359763
619 -1.925367 0.528165 -41.319102 1.515100 234.045472 0.676851 84.833376 1.141237
619 -3.195298 0.420090 49.100393 0.631033 260.338906 0.332790 -36.057005 3.681100
619 -1.660987 0.157122 33.419919 0.835439 145.267818 1.072523 73.492131 0.612477
619 -1.468051 0.113931 56.895909 1.555462 326.306232 0.764996 -7.330084 0.226605
620 -1.494047 0.468960 -7.461949 1.050584 223.209043 0.327061 -58.232102 0.278598
620 -2.257258 0.240086 -44.075302 0.071453 133.113170 0.784190 70.854448 1.805019
620 -1.652188 0.210710 -28.129041 1.038325 275.050054 1.195686 1.096511 0.594879
620 -1.423329 0.667788 -1.924809 0.393127 158.164272 0.487782 74.874169 0.137162
620 -1.411865 0.395069 9.937248 1.341093 235.715431 0.479292 68.481153 0.114234
620 -1.799176 0.429887 -88.996970 0.701442 246.108524 0.147699 36.698607 0.888855
620 -2.216766 0.640329 -34.776184 0.618206 187.492091 0.534160 83.972604 1.724036
620 -1.465305 0.058983 49.709356 2.068191 365.402192 0.719565 2.006940 0.221114
620 -1.642669 0.466534 19.393075 0.120324 106.844514 1.060708 84.077432 0.575842
620 -2.351025 0.499154 -18.190361 0.388967 212.854799 1.106515 -3.681261 1.992553
621 -2.109296 0.507403 36.226806 0.790612 202.514973 0.257267 64.531117 1.509096
621 -1.583863 0.410225 -24.494244 0.105007 140.257260 0.434072 84.710601 0.458230
621 -1.625011 0.079540 -41.496124 1.207261 291.006202 0.916065 -18.538392 0.540525
621 -3.069797 0.124760 -0.398669 0.175625 134.479370 0.994445 75.808111 3.430099
621 -1.881215 0.447375 -2.404919 1.214281 240.447763 0.323526 72.149818 1.052934
621 -2.510124 0.473831 -75.569826 0.750106 267.425578 0.212605 34.398650 2.310752
621 -2.186215 0.563109 -44.168227 0.736499 178.562827 0.822454 86.081850 1.662933
621 -1.631779 0.138854 69.624517 2.077926 372.238172 0.496728 -2.947039 0.554063
621 -1.992071 0.555410 14.694774 0.144360 117.558265 1.040643 77.830725 1.274646
621 -2.224909 0.444053 -18.360623 0.600617 227.776001 1.115379 4.679978 1.740322
622 -2.158927 0.501245 36.631189 0.837167 206.090799 0.259149 65.619443 1.608358
622 -1.469166 0.533496 8.297664 0.174107 146.489031 0.177662 -66.874251 0.228836
622 -2.100208 0.029107 -42.840155 1.017985 278.670186 0.824692 -24.643033 1.490920
622 -1.450697 0.109413 28.440469 0.213601 121.403731 0.907033 -86.019553 0.191899
622 -2.609897 0.289044 -14.784685 1.036971 246.914048 0.140197 49.731356 2.510297
622 -1.927748 0.526191 -82.444018 0.353320 192.423417 0.031361 35.259032 1.146000
622 -1.896715 0.578959 10.799132 0.940637 179.240926 0.749667 -67.978789 1.083934
622 -1.502129 0.195287 70.903103 2.046435 370.044130 0.444936 4.399274 0.294762
622 -2.390939 0.526371 14.789171 0.007029 107.651956 1.084413 70.415837 2.072382
622 -4.038910 0.221566 21.761591 1.771785 337.184400 0.171915 -28.729611 5.368324
623 -1.612961 0.772636 12.481122 0.399835 178.884870 0.152901 -5.096901 0.516425
623 -1.681354 0.735810 17.361849 0.003351 125.159491 0.159187 -60.890789 0.653212
623 -3.806224 0.121100 -48.435201 1.159750 291.224707 0.794783 -45.129815 4.902952
623 -1.406315 0.191570 46.508452 0.093131 89.709691 1.115108 81.796102 0.103133
623 -1.541737 0.353997 0.058626 1.202400 243.270701 0.287613 49.306030 0.373978
623 -1.978446 0.759243 86.519147 0.015006 145.424581 0.060618 -13.913168 1.247397
623 -2.299525 0.666493 -19.327120 0.755797 179.840232 0.805572 -88.893459 1.889555
623 -1.550501 0.218697 72.232509 1.904545 357.041949 0.458574 14.741181 0.391506
623 -1.462720 0.640764 -4.183990 0.005182 143.102750 0.097289 55.499445 0.215944
623 -3.191677 0.193235 22.062021 1.810726 335.057338 0.217820 -18.742315 3.673858
624 -1.478499 0.578726 6.941307 0.982260 231.951721 0.329362 7.043218 0.247501
624 -1.419479 0.630090 -3.979053 0.920248 206.095117 0.221762 -84.656645 0.129463
624 -2.911187 0.172415 -87.042620 1.375895 318.628915 0.697580 -39.304539 3.112878
624 -1.440448 0.400504 81.140346 0.039893 92.134604 1.092580 81.239872 0.171399
624 -3.199343 0.433883 -22.548021 1.253811 262.549960 0.102471 41.373553 3.689189
624 -1.930232 0.707538 -87.855089 0.039669 145.015744 0.030508 -17.159407 1.150967
624 -1.992639 0.791848 28.718096 0.175040 114.204235 0.708370 -73.963843 1.275782
624 -1.561006 0.342220 74.923474 1.301160 313.262639 0.293192 2.667841 0.412517
624 -1.617670 0.633180 -12.026323 0.063688 149.142346 0.081585 59.160164 0.525844
624 -2.660769 0.198606 26.114567 1.851320 337.882589 0.244428 -12.478982 2.612042
625 -2.868173 0.601800 -28.023209 0.819569 223.209872 0.283819 -6.608823 3.026850
625 -1.910600 0.418336 -25.486200 1.647892 268.858993 0.269510 74.685344 1.111704
625 -4.310010 0.149179 74.732054 2.233374 396.060409 0.814437 -49.275516 5.910523
625 -1.416033 0.326003 87.121863 0.271672 115.824911 1.035125 84.314918 0.122569
625 -2.028388 0.440080 -33.528086 1.097753 229.233850 0.312329 81.106112 1.347279
625 -1.963169 0.712318 -89.445641 0.013262 139.736262 0.014814 -37.719308 1.216842
625 -2.421846 0.070466 49.940090 1.408366 329.601137 1.155433 -24.356483 2.134195
625 -2.436880 0.296736 -71.211311 0.508133 238.495837 0.452172 -3.222054 2.164263
625 -1.533565 0.474086 8.917478 0.213695 158.878197 0.357094 83.167539 0.357634
625 -2.177813 0.166795 31.319501 1.925730 344.803754 0.295066 -6.795534 1.646131
626 -2.160541 0.602313 -20.832270 0.923796 233.185696 0.280799 -10.927586 1.611586
626 -2.961836 0.385567 -64.887102 0.699204 259.231918 0.592256 -34.062358 3.214175
626 -3.751179 0.137241 71.606507 2.200700 394.144459 0.859046 -46.634190 4.792861
626 -1.439982 0.292320 81.563213 2.851699 457.623817 0.694286 -3.133410 0.170467
626 -1.922767 0.294269 -20.016574 1.476140 262.023413 0.465207 -66.996031 1.136039
626 -2.006748 0.642960 -71.000163 0.193731 180.056902 0.155548 -69.314884 1.304000
626 -2.332245 0.049211 42.386048 1.580134 307.434172 0.024739 -34.804671 1.954994
626 -3.292495 0.279655 -65.653765 0.581660 232.972511 0.635014 47.587911 3.875495
626 -1.522252 0.384578 -5.246379 0.373317 156.869101 0.293397 -85.187212 0.335008
626 -2.263404 0.154802 19.456486 1.822771 330.955856 0.290629 -6.251993 1.817311
627 -1.761603 0.083780 -30.298223 0.955778 251.787652 0.374912 -8.173004 0.813709
627 -2.400970 0.565877 -66.419325 0.087972 180.658097 0.246794 10.787207 2.092444
627 -3.624773 0.129387 68.552052 2.251472 397.316503 0.858612 -47.329644 4.540051
627 -1.446524 0.289773 83.453631 2.857406 459.917492 0.752845 -3.060910 0.183551
627 -1.897665 0.706196 -24.913772 1.280880 243.298260 0.265789 -74.468357 1.085834
627 -2.801518 0.705298 -1.648990 0.715090 188.393944 0.742090 83.048274 2.893540
627 -4.768285 0.280358 69.186784 0.459663 250.536324 0.842130 -55.063212 6.827073
627 -1.791170 0.119289 -53.023754 1.087846 279.767811 0.626179 0.331971 0.872844
627 -1.442421 0.334534 -10.289985 0.390757 163.967825 0.374604 -61.072752 0.175347
627 -2.095824 0.013729 52.379476 1.700186 331.383831 0.404764 -19.784530 1.482151
628 -2.230015 0.108733 -20.531798 0.873725 249.163718 0.400717 -7.373317 1.750535
628 -2.886166 0.595477 -53.488195 0.030459 175.300266 0.286222 20.082423 3.062836
628 -1.359808 0.535935 -3.362396 0.514984 188.428835 0.202439 -10.962840 0.010120
628 -1.505776 0.293261 83.823813 2.817417 458.217491 0.745440 -1.619958 0.302056
628 -1.468436 0.767259 -9.225604 0.927576 209.494994 0.268739 -69.234571 0.227376
628 -1.426091 0.723369 6.928407 0.960122 179.454746 0.740815 68.823498 0.142685
628 -5.119249 0.292612 59.386184 0.321243 249.371814 0.862975 -47.996235 7.529001
628 -1.666121 0.170533 -48.962287 1.476900 301.081950 0.460461 -31.314620 0.622747
628 -1.369857 0.273010 -7.986222 0.170154 145.268917 0.333839 -75.846673 0.030217
628 -1.998921 0.026135 46.935651 1.572374 319.569789 0.392384 -20.215639 1.288346
629 -1.803617 0.160387 3.860852 1.167732 274.504282 0.439582 -5.000785 0.897737
629 -4.413120 0.540267 -29.166945 0.173524 199.823840 0.499921 9.551502 6.116744
629 -1.553559 0.506727 -9.180772 0.337619 166.897959 0.165378 -8.005924 0.397622
629 -1.637057 0.339367 85.807646 2.833902 466.579358 0.735208 0.928680 0.564617
629 -1.554331 0.757751 5.712904 0.572596 185.880515 0.230180 -70.732284 0.399166
629 -1.856680 0.083246 4.855332 0.806439 185.064727 0.796078 74.180246 1.003865
629 -1.590008 0.366532 70.944067 0.558490 235.313018 0.804403 10.095307 0.470519
629 -2.212556 0.232781 -57.860988 1.395640 301.580219 0.444069 -37.709254 1.715616
629 -1.373203 0.247684 -23.543865 0.358413 162.690450 0.421181 -80.369368 0.036910
629 -1.555787 0.506066 -1.058129 1.654120 279.591421 0.166271 30.644645 0.402077
630 -2.354151 0.722567 -7.580381 1.212585 251.789281 0.300028 -48.251025 1.998805
630 -2.656814 0.665262 -58.424389 0.793537 276.280747 0.655527 -29.112306 2.604132
630 -1.830331 0.512048 9.178200 0.769841 206.578038 0.277315 -17.494787 0.951167
630 -1.626612 0.348989 -86.325322 2.901499 472.725395 0.726454 4.096580 0.543728
630 -1.802376 0.676606 30.095143 0.504188 183.123346 0.323830 58.105449 0.895255
630 -1.448697 0.709870 -10.102315 1.419363 231.316535 0.383981 -85.878215 0.187898
630 -1.846848 0.063512 68.861158 2.222459 376.272144 0.597799 16.675358 0.984200
630 -1.739815 0.239916 -58.130902 1.417699 297.396363 0.457175 -38.670294 0.770133
630 -1.567438 0.235633 8.996025 0.883933 227.301242 0.066543 -3.409029 0.425381
630 -2.634587 0.716772 -12.633563 0.795811 215.236856 0.481992 -75.884367 2.559678
631 -4.413872 0.614642 70.908809 0.246888 284.341195 0.836446 -15.647486 6.118247
631 -2.193985 0.411521 -42.503641 1.179088 277.749312 0.548787 -22.358222 1.678473
631 -1.822009 0.720749 -10.617087 0.238064 170.253791 0.346044 81.944606 0.934521
631 -1.699719 0.360438 -86.147481 2.842028 468.765799 0.730133 -8.266680 0.689943
631 -1.932905 0.612224 31.386257 0.832915 208.679363 0.312916 53.142278 1.156313
631 -1.563984 0.778139 16.470872 1.252654 213.119499 0.502928 79.178790 0.418472
631 -1.880428 0.048870 62.681824 2.286687 379.655034 0.589618 16.691643 1.051359
631 -1.537679 0.135711 -42.739645 1.495916 304.523599 0.500271 -20.897306 0.365861
631 -1.378073 0.195529 -3.768634 1.188460 254.883118 0.055286 5.839719 0.046651
631 -1.453448 0.733506 -0.198284 0.839045 183.488795 0.496915 -85.860453 0.197399
632 -2.559768 0.718662 68.198558 0.197262 260.911962 0.726707 -16.987776 2.410040
632 -2.923464 0.214073 -37.462463 0.814134 260.064383 0.582392 -19.998773 3.137431
632 -1.381073 0.794547 9.737547 0.232052 169.257793 0.259943 25.684930 0.052650
632 -2.170320 0.346030 -87.877764 2.691278 455.660854 0.765872 -15.758738 1.631143
632 -1.988481 0.612177 -16.554881 1.460122 245.194296 0.381673 48.285482 1.267466
632 -1.503349 0.720996 0.369937 0.356189 147.966753 0.456847 -76.443765 0.297203
632 -1.779079 0.053534 88.420014 2.405144 383.005675 0.353994 15.366829 0.848662
632 -1.726723 0.216109 -55.998756 1.006521 272.539070 0.674414 -2.260866 0.743949
632 -1.672058 0.192213 1.807484 1.173239 261.210291 0.117242 12.994481 0.634619
632 -1.609077 0.791941 -9.466190 1.317791 224.087082 0.502216 -77.796947 0.508659
633 -3.720370 0.532511 58.375021 0.330186 268.169464 0.778385 -21.085238 4.731243
633 -1.579649 0.397801 -26.849286 1.328182 270.444728 0.451915 -31.643440 0.449802
633 -3.664729 0.674949 -2.876010 0.413683 217.710218 0.162641 48.878953 4.619962
633 -2.407649 0.332917 89.012888 2.631447 450.057764 0.753759 -18.158534 2.105801
633 -2.160353 0.650529 -1.796478 2.801112 344.790493 0.285857 31.140297 1.611209
633 -1.582947 0.758436 12.509341 0.344714 147.659897 0.501580 -77.552614 0.456398
633 -1.935512 0.039048 83.595078 2.746927 406.231514 0.324077 15.606341 1.161527
633 -1.633899 0.243572 -57.426259 0.811998 251.353533 0.730562 -15.737725 0.558301
633 -2.715249 0.674369 -29.279977 2.151178 305.646832 0.022601 8.767983 2.721003
633 -1.986122 0.640628 -0.385133 2.487587 301.491015 0.400503 -73.813467 1.262748
634 -1.636942 0.742546 -2.844895 0.551057 130.038670 0.879182 -84.669162 0.564388
634 -2.781578 0.383374 -12.289536 0.526013 163.004010 0.827595 -44.918751 2.853659
634 -2.185930 0.742930 -16.222754 0.537182 202.115905 0.152772 41.064824 1.662363
634 -2.193901 0.277178 -85.388025 2.727716 449.122531 0.823399 -17.558753 1.678305
634 -1.504721 0.662324 -0.351301 2.205554 295.555672 0.359754 44.981430 0.299946
634 -1.873148 0.784774 34.681521 0.113530 132.714876 0.369752 80.599286 1.036800
634 -1.654218 0.065149 -86.774858 2.729366 408.725727 0.359548 9.815743 0.598939
634 -1.911453 0.224089 -51.937503 0.745503 249.608349 0.730513 -18.249802 1.113410
634 -2.159025 0.655359 -26.829976 2.206613 306.350607 0.020506 -15.311396 1.608554
634 -1.434837 0.591569 -2.196542 1.828171 252.842118 0.467088 87.163271 0.160178
635 -1.434845 0.608466 5.184862 0.747572 118.902784 1.097850 86.923597 0.160194
635 -2.341293 0.395223 -39.731830 0.254544 166.260622 0.528325 83.301159 1.973089
635 -1.577007 0.739629 -14.270114 0.504529 183.539769 0.070094 72.609870 0.444518
635 -2.484497 0.327738 -81.630653 2.809112 456.652680 0.742576 -19.122991 2.259497
635 -1.470546 0.630437 13.208763 2.688114 323.223219 0.397796 56.675660 0.231596
635 -1.838432 0.618635 14.383853 0.675796 207.092477 0.173248 67.949151 0.967367
635 -2.008496 0.091318 -81.039146 2.216803 372.293413 0.349011 21.245070 1.307496
635 -2.071065 0.418661 -36.070542 0.660738 211.968749 0.525443 -52.617302 1.432634
635 -1.784235 0.672950 -22.792758 2.160947 298.440929 0.000077 -12.870980 0.858973
635 -1.967555 0.592057 -2.849680 1.900177 264.576921 0.490977 81.330102 1.225614
636 -1.452419 0.651357 1.812210 0.567827 115.589472 1.077330 86.405505 0.195342
636 -1.550720 0.686408 13.854414 3.383303 357.798051 0.425519 53.975910 0.391944
636 -1.509155 0.775575 -0.168103 0.324344 175.259448 0.212704 -84.480881 0.308814
636 -1.809084 0.286827 88.806156 2.798857 455.207067 0.734283 -14.863189 0.908671
636 -1.770465 0.581019 -3.403882 0.093952 161.865604 0.152727 14.891800 0.831433
636 -1.574398 0.612789 9.013481 0.326573 139.235055 0.642315 -74.739284 0.439301
636 -2.630142 0.014199 -77.878556 1.073351 282.809867 0.431840 -26.851642 2.550788
636 -1.588202 0.351681 -31.826416 0.836467 221.221986 0.307306 -58.554897 0.466908
636 -1.703254 0.619393 -18.511775 1.556137 265.608760 0.029596 -13.817129 0.697011
636 -1.752414 0.625663 13.910717 1.496385 231.752285 0.509292 -80.941917 0.795333
637 -1.817819 0.383560 -17.519267 0.969518 174.437753 0.915849 -85.619837 0.926141
637 -2.645182 0.541465 0.732967 0.216187 142.899838 0.679504 -24.841980 2.580868
637 -1.625648 0.683510 13.026228 0.318542 167.450484 0.262080 -79.784902 0.541799
637 -1.749155 0.294808 89.647980 2.729181 451.679999 0.728916 -9.873747 0.788814
637 -2.479036 0.625008 -14.376635 0.552406 208.132647 0.147708 36.977124 2.248576
637 -2.004754 0.590419 0.638079 0.403159 153.483228 0.696045 -46.847861 1.300013
637 -2.320351 0.011336 -62.733592 0.726428 254.705433 0.594627 -9.473570 1.931205
637 -2.713058 0.135288 -40.361204 0.703356 244.209751 0.665672 20.032556 2.716619
637 -2.228668 0.216113 31.177133 0.579058 246.360623 1.069087 -18.894474 1.747839
637 -1.692615 0.650644 13.799762 1.702977 238.621941 0.512504 -82.297093 0.675733
638 -1.568356 0.132219 -28.990853 0.369227 152.305303 0.696839 78.102710 0.427216
638 -2.067052 0.449833 18.404901 0.413776 138.151648 0.675928 -62.229244 1.424607
638 -2.045525 0.776612 28.540458 0.639176 182.317734 0.241330 -83.486080 1.381554
638 -1.610431 0.264767 81.094582 3.009008 469.168683 0.750077 -15.983452 0.511365
638 -2.195568 0.660281 3.787436 0.485662 211.662401 0.306882 17.724894 1.681640
638 -2.169125 0.773235 21.514139 1.502074 258.453669 0.168345 8.667917 1.628753
638 -2.498052 0.768673 -67.060868 0.182092 193.090931 0.727927 -11.800717 2.286608
638 -3.645943 0.045475 68.639811 0.466805 216.068422 0.506655 36.042272 4.582389
638 -1.511894 0.380313 -14.199402 0.292984 151.847166 0.636285 -81.748507 0.314291
638 -1.663576 0.070108 50.523044 1.762290 289.655450 0.380849 -85.700574 0.617656
639 -1.433143 0.075336 -8.041786 1.872156 277.228258 0.558324 89.930593 0.156789
639 -1.739324 0.586557 4.871921 0.271797 127.714420 0.678807 -65.298637 0.769151
639 -1.923814 0.144533 -2.933068 0.499278 185.862083 0.453383 69.159994 1.138132
639 -2.897667 0.283598 74.464247 2.528247 440.036444 0.894993 -32.234995 3.085837
639 -1.464957 0.640324 9.863849 1.068329 231.373377 0.403709 39.058115 0.220417
639 -2.202906 0.694816 22.784645 1.502415 254.909234 0.140149 -4.753201 1.696317
639 -2.130850 0.712918 -76.215115 0.037612 170.272967 0.704019 11.713732 1.552204
639 -1.807076 0.057891 60.187525 0.518810 215.043663 0.585501 3.268588 0.904655
639 -1.989362 0.343839 -16.086211 0.883781 200.391296 0.680382 -62.905701 1.269227
639 -1.383493 0.015320 47.472731 1.049385 233.736204 0.352857 88.147526 0.057490
640 -2.026634 0.121085 -8.327195 1.948543 292.859045 0.473886 -63.035302 1.343772
640 -1.426204 0.386075 -13.359940 0.253966 134.257076 0.735452 -78.950336 0.142912
640 -1.450594 0.609160 -15.440339 0.091166 138.625009 0.503161 -84.562277 0.191691
640 -2.126563 0.306161 69.621857 2.468868 438.157679 0.850647 -22.947094 1.543630
640 -1.595127 0.547790 6.001666 1.324529 258.571250 0.546385 21.551960 0.480758
640 -2.189740 0.126434 -15.071316 0.266868 169.128084 0.261585 58.684489 1.669984
640 -2.638653 0.698821 -62.117518 0.049897 161.065216 0.947335 -23.426241 2.567810
640 -2.000616 0.056531 65.877540 0.478519 210.719052 0.514260 4.851931 1.291737
640 -1.427020 0.609301 0.654052 1.746071 271.162628 0.124148 53.313172 0.144543
640 -1.893024 0.757403 -3.792014 0.747513 220.295342 0.149934 35.007469 1.076551
641 -2.111684 0.224574 0.529740 1.612728 263.377695 0.493888 -66.082580 1.513872
641 -1.500269 0.450540 11.282196 0.204024 119.503528 0.800523 74.688067 0.291041
641 -1.645344 0.609501 18.103689 3.032859 389.354410 0.932269 15.493552 0.581191
641 -1.916238 0.291301 65.354827 2.507890 434.573042 0.757395 -26.221812 1.122979
641 -2.050689 0.778066 10.196193 0.030499 113.164949 1.029737 -77.074194 1.391881
641 -1.838951 0.186507 -31.816169 1.562706 279.491945 0.155834 78.224824 0.968406
641 -2.515495 0.534319 -58.586428 0.056082 150.783202 0.952302 -4.599508 2.321494
641 -2.238957 0.242413 56.561504 0.442609 230.855574 0.859718 -29.290431 1.768417
641 -1.571617 0.675821 3.596353 1.936821 284.124920 0.135073 58.810225 0.433737
641 -2.617372 0.639241 -45.543112 0.621192 196.810772 0.591007 -87.903487 2.525247
642 -1.520101 0.311424 0.729305 1.348632 225.629921 0.578302 -82.968015 0.330705
642 -1.649424 0.529960 18.278556 0.255389 145.952006 0.721468 89.917307 0.589353
642 -2.027180 0.634434 16.494226 2.927470 380.183849 0.967065 16.472240 1.344864
642 -3.306554 0.302210 62.241323 2.601333 445.454136 0.717346 -36.745050 3.903613
642 -1.601387 0.713945 0.676385 0.118430 108.401407 0.846600 -72.918466 0.493279
642 -2.342889 0.227766 -25.796507 1.681470 295.513070 0.064750 74.648623 1.976283
642 -2.853358 0.562167 -59.309160 0.110074 157.413494 0.988285 -3.860045 2.997219
642 -2.330207 0.191186 47.662298 0.399669 233.425480 0.837661 -9.791769 1.950918
642 -1.969488 0.609979 -5.269505 1.120877 250.662010 0.293649 -23.740297 1.229479
642 -2.961050 0.618232 -35.594280 0.654454 203.026291 0.589505 -88.113958 3.212604
643 -1.433929 0.200271 -2.029459 1.245983 232.738014 0.460517 -88.067135 0.158363
643 -1.868150 0.572408 31.350429 0.970907 226.189198 0.517524 39.367573 1.026803
643 -1.582391 0.630707 11.801128 2.908364 381.993927 0.936488 7.534102 0.455286
643 -2.539998 0.295178 67.103533 2.219986 411.067259 0.663480 -28.728580 2.370499
643 -1.522348 0.693121 1.476958 0.085775 109.089185 0.871256 -75.646099 0.335200
643 -1.620682 0.799208 -7.418000 4.144040 387.233421 0.118777 47.392701 0.531868
643 -3.251881 0.643971 -57.563747 0.308112 160.749422 0.880262 -26.898028 3.794265
643 -1.921580 0.167737 66.991869 0.870509 275.567172 0.894919 1.263527 1.133663
643 -1.499199 0.601777 -8.600251 1.099087 239.015454 0.289681 -28.689050 0.288901
643 -1.443511 0.522450 11.692706 0.311126 159.158144 0.468337 80.996811 0.177525
644 -2.220915 0.162293 19.453766 0.853224 221.878820 0.467693 64.817649 1.732334
644 -1.475119 0.594981 15.895614 0.922954 220.715202 0.501500 43.175223 0.240742
644 -1.803656 0.630770 8.603401 2.838824 376.131062 0.979411 8.669924 0.897816
644 -3.080555 0.226557 -43.831887 0.359524 228.431343 0.793304 -4.125822 3.451613
644 -1.965065 0.717557 1.308856 0.099171 120.730600 0.825317 -49.945814 1.220634
644 -1.445947 0.675533 -6.247193 4.282383 406.948048 0.028681 36.843651 0.182398
644 -2.832190 0.369787 -50.787284 0.641374 259.899059 0.853425 12.393275 2.954884
644 -1.711872 0.175806 58.808773 1.073775 292.267098 0.888188 -3.074805 0.714248
644 -1.573677 0.766976 9.697779 1.187939 247.281875 0.426490 13.016252 0.437857
644 -1.681765 0.491503 0.941488 0.289909 162.925829 0.512673 77.504865 0.654034
645 -1.721703 0.639740 -24.484950 0.483206 185.746097 0.383459 -71.488200 0.733910
645 -2.301607 0.541662 24.483152 0.860347 221.025411 0.475338 20.329279 1.893718
645 -1.505507 0.598084 4.235494 2.755736 372.322909 1.031964 3.687769 0.301518
645 -1.576948 0.248841 -3.124693 0.739562 225.465158 0.717068 -6.569600 0.444399
645 -2.276800 0.728582 -7.131243 0.093020 139.022490 0.859855 -59.214434 1.844104
645 -1.700384 0.669234 -6.326465 4.338921 413.320333 0.010440 37.390218 0.691271
645 -2.853677 0.383934 -25.897574 0.616811 242.216210 0.925444 4.177297 2.997857
645 -1.614867 0.165696 45.249008 1.233245 297.476952 0.765785 1.038013 0.520238
645 -1.997585 0.769493 2.160605 1.514708 276.587937 0.493846 18.431189 1.285674
645 -1.589076 0.657207 11.367561 0.198830 139.798945 0.183387 85.590388 0.468655
646 -1.876801 0.743639 -2.707391 0.190265 171.569101 0.350325 82.222469 1.044106
646 -1.618834 0.646670 26.037760 1.419668 264.807440 0.608969 35.428652 0.528171
646 -1.595775 0.596922 6.011460 2.585196 362.157279 1.061247 6.336650 0.482054
646 -1.927580 0.186727 3.353964 0.507058 219.048198 0.880389 -20.224887 1.145664
646 -2.349853 0.678116 -22.896353 0.835684 183.676967 0.895723 -67.901630 1.990209
646 -1.438161 0.656094 -3.429164 4.275269 408.891535 0.021209 38.511872 0.166825
646 -1.800215 0.681232 25.310872 0.426103 178.843424 0.546176 27.208276 0.890934
646 -1.517966 0.211211 47.947645 1.312976 306.158859 0.840609 2.960931 0.326437
646 -3.002509 0.096412 -4.873285 0.510447 220.430422 0.799436 25.632365 3.295521
646 -1.704341 0.665395 23.662412 0.189128 145.061618 0.127265 84.086346 0.699185
647 -2.253415 0.717460 -6.903003 0.993669 224.828476 0.351896 71.173503 1.797334
647 -1.820599 0.706074 -19.060206 0.646630 201.795485 0.140918 -86.129335 0.931701
647 -1.571073 0.555184 12.994968 2.672790 376.383713 1.092375 7.547278 0.432649
647 -2.193498 0.192262 -6.104665 0.764677 225.632010 0.637910 7.443042 1.677500
647 -2.477074 0.641256 -10.327713 0.860015 174.785970 0.913784 -68.506503 2.244651
647 -1.595280 0.534299 8.147577 4.932383 460.145618 0.145330 19.998507 0.481064
647 -1.704145 0.667724 16.183287 0.361413 178.225841 0.651265 18.988419 0.698793
647 -1.458211 0.214221 47.974828 1.270720 301.580724 0.841922 0.767118 0.206926
647 -1.440201 0.790136 -3.770537 0.560788 188.668670 0.112307 78.321065 0.170906
647 -1.663976 0.617764 18.983259 0.275364 149.565355 0.109975 85.486969 0.618455
648 -1.608229 0.749117 5.452074 0.196234 173.415777 0.140252 61.657735 0.506962
648 -1.666404 0.331499 68.479081 0.516343 243.157156 0.975400 -7.325312 0.623313
648 -1.488764 0.553300 18.740226 2.579256 373.507919 1.126343 9.196749 0.268031
648 -2.036126 0.175080 1.326361 0.733525 231.945403 0.671628 7.151203 1.362756
648 -2.143495 0.025739 -14.364704 0.623824 236.943007 0.812642 9.936914 1.577494
648 -1.644948 0.553074 9.206035 4.908405 456.548482 0.120334 22.861926 0.580400
648 -1.570363 0.596272 2.869012 0.114117 158.027792 0.319624 14.466675 0.431229
648 -1.700833 0.279662 34.724647 1.442000 304.824248 0.803980 14.586970 0.692171
648 -2.008774 0.246539 89.672749 1.200360 284.229564 0.140373 -76.720866 1.308051
648 -1.477841 0.573325 8.715432 0.043433 146.628352 0.239350 61.946478 0.246185
649 -1.851128 0.745386 20.202519 0.620127 183.497061 0.002998 37.685588 0.992759
649 -1.535413 0.204029 66.452435 0.696128 252.079698 1.012558 -8.297470 0.361331
649 -1.462474 0.524500 18.293788 2.595953 380.278829 1.162079 5.586705 0.215453
649 -1.614572 0.002289 -13.279139 0.961988 267.841552 0.734294 -8.339717 0.519648
649 -1.622305 0.024842 -13.499418 1.306555 298.414800 0.922081 6.642954 0.535115
649 -1.754069 0.554514 6.795926 4.786571 445.142537 0.007175 22.405508 0.798642
649 -1.613471 0.768916 13.816554 0.037062 142.666868 0.206875 -1.289435 0.517445
649 -1.526229 0.267822 21.264793 1.480249 302.484343 0.852092 8.670241 0.342961
649 -1.936939 0.218882 78.653940 1.005535 264.712598 0.138991 -75.220750 1.164382
649 -2.065229 0.466222 11.244849 0.992738 224.977912 0.624013 37.707482 1.420962
650 -2.002600 0.787095 26.206105 0.197600 161.082579 0.017546 40.136583 1.295703
650 -1.513817 0.157389 64.955518 0.833424 265.208887 1.053083 -7.913294 0.318138
650 -1.638206 0.531824 -3.363518 2.553176 370.876360 1.144338 -2.842155 0.566915
650 -1.699453 0.074308 -32.961388 1.076545 270.121707 0.578074 1.119469 0.689410
650 -1.916247 0.157647 2.611016 1.003337 256.001187 0.799490 11.136960 1.122998
650 -1.524486 0.529283 5.544420 4.484103 432.763560 0.016540 29.381808 0.339476
650 -2.011548 0.709748 29.211632 0.209466 147.609235 0.129460 33.662111 1.313599
650 -1.616517 0.230748 23.450135 1.034948 271.223904 0.818743 -0.828495 0.523539
650 -2.127210 0.699483 -39.332480 0.554698 179.601545 0.721469 -84.733118 1.544925
650 -1.501666 0.149964 40.936856 1.849032 295.539971 0.470473 62.483328 0.293837
651 -1.427288 0.694919 2.928817 0.243442 169.056513 0.130271 42.057158 0.145080
651 -2.514191 0.173969 61.060359 0.327584 236.700384 1.160672 -12.554244 2.318886
651 -1.445023 0.389745 3.495205 2.934688 407.665862 1.186635 -2.776883 0.180549
651 -1.888265 0.072606 -22.872596 1.166593 278.068665 0.573353 8.618203 1.067034
651 -2.160630 0.125589 5.170366 0.905599 262.232588 0.873405 10.938936 1.611764
651 -1.669300 0.590269 0.258707 4.315437 420.058803 0.005497 22.082906 0.629103
651 -2.082454 0.357816 49.226391 0.343351 226.756452 0.801593 -5.133863 1.455411
651 -2.141064 0.256489 20.451321 0.628924 245.069451 0.916546 -9.427786 1.572631
651 -2.169226 0.642430 -6.133743 1.511517 248.969649 0.526835 45.500258 1.628955
651 -2.141800 0.159022 45.908686 1.988645 308.461991 0.513313 60.035248 1.574103
652 -1.594570 0.712567 13.141439 0.350173 182.470302 0.322430 54.624882 0.479644
652 -2.897266 0.137004 62.405150 0.213217 230.510973 1.177280 -11.987576 3.085035
652 -1.693864 0.408157 -9.720003 3.551791 441.976930 0.974213 -0.727173 0.678232
652 -1.819483 0.047265 63.960273 0.784488 258.525570 0.799925 -8.918544 0.929469
652 -2.081878 0.053160 17.872068 0.302736 214.432275 1.015311 -12.080815 1.454259
652 -1.441210 0.588848 -6.215254 4.354469 420.117134 0.029351 26.327356 0.172924
652 -2.755670 0.076220 38.661715 0.853505 276.335627 1.015133 -27.783234 2.801845
652 -3.159628 0.171333 31.419992 0.603005 258.597288 0.824224 -19.687841 3.609759
652 -1.724987 0.481122 -15.834645 1.054769 228.321621 0.171727 57.433977 0.740478
652 -2.450443 0.157084 47.561940 2.053531 315.515180 0.502807 58.231412 2.191390
653 -3.065747 0.756394 -10.014219 1.255750 241.986807 0.447742 61.133208 3.421998
653 -1.490623 0.127080 -84.478617 0.891848 265.459784 1.066550 -6.831199 0.271750
653 -1.428955 0.330718 10.664159 2.821279 407.567040 1.175163 -1.825296 0.148413
653 -2.355135 0.025124 82.822331 0.326406 223.921366 0.947505 -13.196608 2.000775
653 -1.907301 0.016603 85.168219 0.668776 236.119571 0.609189 5.073987 1.105106
653 -1.777660 0.539217 14.190292 4.448129 432.957252 0.052228 21.826777 0.845823
653 -2.333140 0.064567 46.924233 1.096442 290.309802 0.964726 -32.852833 1.956783
653 -1.570105 0.144679 49.698057 0.709244 231.805751 0.667055 6.085156 0.430714
653 -2.271412 0.480279 -22.354629 0.390781 185.474861 0.113440 59.679856 1.833328
653 -1.425714 0.436332 18.729717 1.180328 238.394285 0.513496 46.457388 0.141931
654 -2.037740 0.740931 20.854591 0.191453 175.020238 0.575858 57.945237 1.365984
654 -1.657494 0.010047 86.159362 0.617564 233.122983 1.080984 4.086399 0.605491
654 -1.495307 0.322720 5.836251 2.856817 410.391727 1.139492 -6.494380 0.281118
654 -1.733261 0.001869 57.965335 0.641890 242.154552 0.982985 -13.180971 0.757027
654 -2.070326 0.018882 80.727702 0.789295 255.450415 0.518298 -7.768540 1.431157
654 -1.850802 0.444228 -13.700788 4.330881 436.096042 0.024769 19.027191 0.992108
654 -2.430942 0.064476 -62.720511 0.428575 222.505543 0.572622 -21.779176 2.152388
654 -1.850344 0.077217 44.331720 1.122765 283.347398 0.672850 -24.350309 0.991191
654 -1.734830 0.473050 17.853433 0.387638 135.557264 0.877621 -79.011174 0.760163
654 -1.864422 0.371937 16.905016 1.448561 264.609779 0.515027 46.591882 1.019347
655 -1.414339 0.773809 1.034166 0.248375 158.915841 0.249679 40.712955 0.119181
655 -1.597119 0.010915 85.734921 0.655668 236.016108 1.102684 2.550769 0.484741
655 -1.574118 0.322699 5.595213 2.964581 418.471455 1.117901 -7.846243 0.438741
655 -2.264401 0.087827 14.199576 0.483161 234.939052 0.943845 -16.513245 1.819305
655 -1.912802 0.098426 -76.108006 1.148905 279.265006 0.513000 15.211732 1.116107
655 -1.567994 0.419331 -4.716945 4.321832 438.178668 0.037842 19.490883 0.426493
655 -2.083380 0.121167 -62.772152 1.401122 255.464975 0.595438 87.924147 1.457264
655 -2.099363 0.101782 52.278099 1.028948 282.303825 0.553000 -7.446083 1.489231
655 -1.423633 0.414724 22.465446 0.232526 125.179666 0.837673 88.861494 0.137770
655 -1.491620 0.468130 -4.797352 0.008508 134.794907 0.443969 77.961706 0.273744
656 -1.527575 0.665722 1.701905 0.760144 203.037528 0.234157 74.180051 0.345654
656 -1.889853 0.024319 73.547684 0.534967 215.900101 0.881657 12.324281 1.070210
656 -1.583100 0.324357 5.786229 2.958804 417.827583 1.116424 -7.249421 0.456704
656 -1.677537 0.085400 40.526644 0.971787 273.186464 0.918399 1.640898 0.645577
656 -1.867051 0.004852 -66.885610 0.985252 267.783886 0.570190 5.297171 1.024607
656 -1.457681 0.413058 3.835285 4.181475 432.511398 0.086947 27.999936 0.205865
656 -1.425682 0.232146 -18.358199 0.362478 153.158517 0.574769 -74.599687 0.141868
656 -1.493132 0.226140 58.110321 1.216912 285.237403 0.271157 10.273504 0.276767
656 -1.516826 0.405607 -9.790962 0.642511 164.069214 0.763059 86.776535 0.324156
656 -1.625350 0.372114 -1.203920 0.510060 189.014150 0.245359 41.130788 0.541204
657 -1.448596 0.621524 2.206221 0.793928 192.407210 0.427633 79.829883 0.187696
657 -1.621971 0.027704 86.610356 1.672377 338.036146 1.040601 -20.908269 0.534445
657 -2.458133 0.287055 -33.823372 2.770225 368.598004 0.100364 -60.667884 2.206770
657 -2.292843 0.034270 18.853830 0.373737 220.650099 0.922876 -25.164329 1.876191
657 -1.834496 0.112269 -21.868829 1.611067 322.109928 0.795450 -22.845205 0.959496
657 -1.773022 0.466559 -5.302806 4.152588 425.930651 0.106085 30.717819 0.836548
657 -1.752243 0.235803 -19.403406 0.469989 177.467081 0.540731 87.433166 0.794990
657 -1.455114 0.179272 56.654429 1.262991 291.193097 0.472433 6.862563 0.200731
657 -2.404271 0.162522 -8.808790 0.003448 131.875240 0.847057 74.553315 2.099046
657 -1.780500 0.655982 -1.319123 0.239684 180.413572 0.051926 14.484863 0.851504
658 -1.421431 0.047724 21.399102 1.669511 302.273489 0.049770 56.906826 0.133367
658 -1.868788 0.083429 87.627202 1.261781 312.890221 1.048490 -13.619786 1.028080
658 -1.874584 0.524848 -28.685411 1.481430 261.404558 0.086076 -72.180448 1.039671
658 -2.366999 0.048105 22.971953 0.403896 226.598677 0.987528 -24.731259 2.024503
658 -3.083152 0.622685 -75.085524 0.207963 157.563453 0.928699 -8.459303 3.456807
658 -1.480352 0.498929 -6.919866 3.377192 383.313646 0.066119 11.465008 0.251208
658 -2.606763 0.307584 -21.828608 0.265811 157.759407 0.656953 62.224158 2.504030
658 -1.501359 0.078770 69.862811 1.004278 266.012247 0.522298 -10.555629 0.293222
658 -1.374798 0.367511 -19.651421 0.339498 166.994995 0.256461 -55.604294 0.040099
658 -1.931932 0.642316 -1.964731 0.396966 197.447664 0.079561 3.512574 1.154368
659 -1.579619 0.230954 -5.655256 1.801813 299.892249 0.087605 63.877798 0.449741
659 -2.529493 0.129843 -81.549454 0.633610 254.149738 1.144229 -30.447457 2.349491
659 -2.705992 0.418761 -22.297273 1.328769 269.353448 0.045002 -66.046737 2.702487
659 -2.118890 0.018258 21.020454 0.506212 232.838959 0.772703 -8.500180 1.528283
659 -2.747702 0.662195 -72.788692 0.115331 155.616386 0.970878 -18.669921 2.785907
659 -2.357715 0.472730 -19.834871 3.581110 400.781632 0.148250 5.204129 2.005934
659 -1.748341 0.123524 8.648413 0.424120 165.873118 0.589964 64.094122 0.787186
659 -2.043924 0.101968 79.691056 0.958287 256.270048 0.069244 -9.183197 1.378352
659 -1.643433 0.383841 -31.905010 0.287906 170.337806 0.267027 -51.859601 0.577370
659 -1.563199 0.733816 -15.518525 0.894783 212.365824 0.081528 -10.712588 0.416902
660 -1.453736 0.302729 1.180010 2.352689 333.598067 0.013112 -88.452015 0.197976
660 -1.753878 0.136468 -82.716531 0.874570 269.344829 1.178407 -23.766261 0.798260
660 -1.901497 0.351794 -9.461818 0.561791 205.506371 0.050477 -68.196030 1.093498
660 -2.492116 0.152677 -14.971954 0.534428 226.484165 0.559110 -29.247576 2.274736
660 -2.680643 0.660861 -73.205326 0.082156 147.965496 0.986496 -20.060442 2.651791
660 -1.744187 0.402751 -9.668048 4.128261 429.696569 0.023124 27.966342 0.778878
660 -2.317618 0.793444 -33.348529 1.078316 193.052810 0.718231 66.872341 1.925740
660 -2.572701 0.058368 64.885292 1.066570 276.748742 0.156066 -22.510722 2.435906
660 -2.600280 0.367795 56.770725 0.342396 236.187104 0.681021 1.193301 2.491063
660 -1.476089 0.797744 5.008048 0.709259 199.416911 0.099767 -6.695091 0.242682
661 -1.766273 0.292316 4.521774 2.317454 334.754427 0.020132 -86.878898 0.823049
661 -1.781082 0.174134 -76.010008 0.749560 259.045957 1.038219 -19.195140 0.852668
661 -1.819669 0.513455 -24.619346 0.358637 176.180025 0.237704 -31.758837 0.929842
661 -1.726364 0.138008 11.310417 2.360479 323.288135 0.422315 77.076719 0.743232
661 -2.431342 0.739330 -22.172879 0.277643 186.387565 0.636570 -52.013510 2.153187
661 -2.489124 0.277978 22.846678 0.353888 223.740161 1.093080 -22.994247 2.268751
661 -1.589684 0.131506 61.508616 1.654346 252.445290 0.767393 75.766280 0.469872
661 -2.272531 0.146540 44.010381 0.363430 222.320220 0.769605 -4.099985 1.835565
661 -1.636973 0.564811 61.727242 0.347662 219.501498 0.561920 8.878997 0.564450
661 -1.722873 0.624428 -10.136878 0.770728 215.981219 0.260685 -48.580317 0.736249
662 -2.411093 0.647167 -33.421431 3.133819 355.239300 0.029751 74.875982 2.112689
662 -1.979420 0.045991 -73.227067 0.303120 209.571750 0.930586 -7.741272 1.249344
662 -1.464123 0.551513 -12.123620 0.935745 221.487338 0.108571 -49.043232 0.218750
662 -1.729552 0.168562 18.441719 2.488351 329.403255 0.446333 76.000155 0.749608
662 -1.555659 0.704506 -21.763990 1.169824 236.940185 0.341235 -45.783379 0.401822
662 -2.043296 0.149708 17.923061 0.515804 231.591588 1.188352 -22.432126 1.377095
662 -1.969666 0.086835 62.475089 1.722088 252.942728 0.793386 70.040117 1.229837
662 -1.661184 0.203107 66.290878 0.459444 221.733500 0.730042 -11.479264 0.612871
662 -1.900959 0.409808 75.525910 0.496857 225.745445 0.859807 24.620855 1.092421
662 -1.544823 0.580455 -1.408869 0.363021 170.643715 0.315469 13.317881 0.380150
663 -2.425038 0.576731 -34.823741 3.031222 353.754571 0.066351 76.089750 2.140579
663 -1.605468 0.047573 -82.464949 0.511931 218.950922 0.844993 -8.922093 0.501440
663 -1.554201 0.543824 5.488991 0.832859 206.938161 0.129776 -41.409850 0.398905
663 -1.623867 0.128813 12.371656 2.482558 333.185335 0.406130 73.150183 0.538237
663 -1.465410 0.773409 -13.221240 0.362279 172.427698 0.370705 -57.639776 0.221323
663 -2.451959 0.272682 -11.202454 0.550614 219.248402 0.998106 15.349268 2.194422
663 -1.573426 0.108883 76.391885 1.781653 255.744552 0.795593 76.091175 0.437355
663 -2.206816 0.182757 -68.925057 0.458857 209.918305 0.853604 20.760186 1.704135
663 -2.096982 0.332225 80.601504 0.440218 230.755604 1.080613 18.779092 1.484467
663 -1.829510 0.455042 -15.793127 0.654637 189.026435 0.410933 63.203718 0.949523
664 -2.670673 0.615967 -31.001887 2.904235 348.267965 0.021519 54.484235 2.631850
664 -2.334959 0.677116 -82.308670 0.239745 190.039420 0.967594 6.574145 1.960422
664 -1.848838 0.676014 1.643144 0.497694 198.714345 0.222218 -34.026474 0.988180
664 -1.768553 0.102713 11.594057 2.852586 361.100588 0.391254 59.783357 0.827611
664 -1.513347 0.297049 -13.669209 2.670640 371.867071 0.328252 -14.924050 0.317197
664 -1.642264 0.206658 -23.278050 0.500126 216.213713 1.092786 -9.751789 0.575031
664 -1.765708 0.062427 -84.753781 1.791303 225.731430 0.959756 89.642314 0.821920
664 -2.166709 0.192947 -78.327258 0.352907 204.726071 0.841048 17.089245 1.623921
664 -1.507125 0.223524 71.555601 0.830880 268.876880 1.043737 -10.848608 0.304753
664 -1.471475 0.799676 15.299046 1.590171 256.353402 0.717296 39.986714 0.233454
665 -2.898742 0.604100 -35.743843 2.964383 352.491716 0.013033 57.922677 3.087988
665 -2.111619 0.077555 -40.547858 0.511948 234.951820 1.167967 6.687064 1.513743
665 -5.153024 0.752101 -40.781131 0.320224 264.592575 0.640881 5.693309 7.596553
665 -2.000005 0.092296 8.451713 2.835245 361.847883 0.382515 55.180683 1.290513
665 -2.292208 0.301441 -47.126751 1.693330 318.226421 0.724110 -39.725074 1.874920
665 -1.905637 0.136628 -29.570737 0.574552 236.278099 1.087783 -15.749913 1.101778
665 -1.697712 0.291684 -71.616739 1.189535 204.505622 0.914657 87.144909 0.685927
665 -1.739012 0.101198 -81.674291 0.658077 233.627430 0.637308 4.303371 0.768529
665 -2.079850 0.307751 86.397908 0.201394 210.266237 0.981381 0.212975 1.450205
665 -1.500535 0.786519 16.242674 2.426823 298.615334 0.704177 46.097564 0.291575
666 -2.241708 0.591909 -28.782296 3.042983 352.727794 0.072455 69.023619 1.773920
666 -2.543660 0.198013 -32.108698 1.142650 257.533338 0.143606 -30.381793 2.377824
666 -5.257476 0.652499 -33.076071 0.340055 249.838218 0.632831 25.067821 7.805456
666 -1.500146 0.143315 4.411423 3.015304 368.738358 0.339536 64.916586 0.290797
666 -2.045765 0.412706 -34.947958 1.563443 307.660170 1.117937 -29.812906 1.382033
666 -2.545768 0.362782 -65.545805 0.579705 223.729441 0.103153 -33.305282 2.382039
666 -1.424961 0.291973 5.512644 1.440744 226.584874 0.664028 82.089041 0.140426
666 -1.719469 0.111574 -18.503822 0.719609 227.940019 0.627741 -2.274566 0.729441
666 -2.019165 0.343057 -77.910153 0.292987 211.504301 0.885180 7.042604 1.328834
666 -1.466824 0.798352 17.690636 2.512910 306.637864 0.703941 44.026801 0.224151
667 -2.100628 0.540787 -32.017839 2.799114 337.003174 0.146544 68.530678 1.491760
667 -2.237743 0.703667 -27.574518 3.100974 364.541812 0.275127 -28.788979 1.765989
667 -1.678279 0.013427 -67.525950 0.398330 155.497857 0.808654 87.585661 0.647061
667 -1.430195 0.240815 -1.373863 2.534000 325.591528 0.367033 81.232988 0.150894
667 -1.824911 0.351480 -47.118975 1.195501 288.279015 1.078618 -24.697528 0.940326
667 -2.153320 0.360893 -64.678113 0.615726 213.582779 0.181178 -34.937280 1.597144
667 -1.520765 0.158757 34.900038 0.667295 168.865676 0.795254 89.920238 0.332034
667 -1.463273 0.075202 -8.569105 1.308167 301.162255 1.151342 -5.232917 0.217049
667 -2.679394 0.659606 75.137904 0.980730 313.980447 0.861918 24.000641 2.649293
667 -1.952197 0.789372 8.379045 2.391839 288.929335 0.635740 53.691096 1.194897
668 -3.926607 0.404918 -49.845242 0.297986 225.727705 0.957011 39.038290 5.143718
668 -1.490519 0.785863 -12.702483 2.998391 344.375311 0.354470 -28.697071 0.271542
668 -1.637923 0.133592 -58.076568 0.537483 164.170842 0.801724 82.954392 0.566350
668 -1.664727 0.243619 -7.156482 2.523390 326.368041 0.385481 72.221780 0.619957
668 -1.732833 0.388567 -39.199541 1.324372 296.912103 1.102844 -19.241011 0.756169
668 -2.739512 0.434650 -57.027932 0.547829 239.256949 0.365352 -15.069698 2.769529
668 -1.449969 0.239087 44.133827 0.634607 182.079003 0.687738 75.212755 0.190442
668 -1.632801 0.575848 32.759526 0.447406 207.873886 1.061927 12.505812 0.556106
668 -2.250059 0.663882 79.447072 1.026049 320.696980 0.882667 23.508237 1.790621
668 -2.607816 0.771220 -2.605414 2.106632 269.393374 0.664610 51.432658 2.506135
669 -1.434509 0.616456 -10.140284 0.370392 176.853395 0.133574 -37.463814 0.159521
669 -1.751413 0.459670 -14.707054 2.052700 347.219983 1.173591 0.431317 0.793329
669 -1.923099 0.790215 83.140812 0.279312 166.783662 0.732740 73.603914 1.136702
669 -1.727599 0.237494 -0.671043 2.485558 327.708212 0.389791 63.235765 0.745703
669 -2.544390 0.486650 -21.995099 0.651005 226.275424 0.889932 2.411150 2.379284
669 -2.050059 0.495467 -71.777133 0.588963 248.786626 0.368860 -11.205263 1.390621
669 -1.957832 0.259878 14.855616 1.016448 213.775741 0.669311 51.621818 1.206167
669 -1.374155 0.541504 14.374452 0.257796 145.843942 0.477033 74.154225 0.038815
669 -2.803139 0.652170 77.389434 1.033960 318.120254 0.915025 26.342699 2.896782
669 -1.567111 0.618305 -23.114090 2.176400 254.238588 0.695827 84.992463 0.424726
670 -1.888342 0.625075 10.698364 0.107005 156.175588 0.174311 -44.225894 1.067188
670 -2.013317 0.454866 -13.539109 1.949322 342.075365 1.170230 -0.899429 1.317138
670 -3.044212 0.795703 -84.763531 0.325070 213.398763 0.763719 71.626334 3.378928
670 -1.438149 0.673248 5.321975 0.196257 105.994912 0.960721 87.221358 0.166802
670 -1.775362 0.789589 -15.218864 0.638354 164.687727 0.870592 -66.467779 0.841228
670 -2.295487 0.547541 -66.133152 0.594516 255.425142 0.424598 -12.075290 1.881477
670 -1.419384 0.153658 -5.578116 0.637392 178.418831 0.564185 79.845246 0.129271
670 -1.362798 0.561331 18.033053 0.081939 135.260653 0.480973 73.408193 0.016099
670 -2.587405 0.691598 78.275670 1.049726 328.173159 0.888439 25.293119 2.465313
670 -1.539093 0.614784 -23.932323 1.978501 236.665002 0.815719 -82.841089 0.368689
671 -1.906203 0.473952 -5.917509 0.534299 199.327077 0.189589 -81.389870 1.102911
671 -1.978240 0.462840 -20.359911 1.888493 343.046256 1.150445 2.739540 1.246983
671 -1.509782 0.024909 -84.538088 0.490570 161.407763 0.681335 76.791526 0.310068
671 -1.827623 0.661737 -1.435580 0.351312 132.526215 0.962036 71.689471 0.945750
671 -2.948615 0.631075 -17.371438 0.545307 183.490839 0.656538 66.107332 3.187734
671 -1.467408 0.161455 -17.084461 0.323054 153.319377 0.550648 -73.318378 0.225320
671 -1.852195 0.371452 -27.037538 0.397660 164.587349 0.660240 -50.921968 0.994894
671 -2.519865 0.728061 3.089689 0.433801 187.790362 0.582827 68.207245 2.330235
671 -2.593911 0.713127 79.487432 1.049735 327.837553 0.897472 29.059589 2.478326
671 -3.150419 0.579738 -29.843741 1.529331 301.829956 1.002016 -32.054051 3.591342
672 -2.608782 0.478666 -6.195205 3.269829 201.964952 1.151808 78.274700 2.508068
672 -1.413198 0.551310 -6.955403 0.941353 218.435412 0.054486 -62.582180 0.116899
672 -1.553872 0.129683 -77.760335 0.435552 162.785313 0.752660 87.268828 0.398249
672 -1.654354 0.783297 8.534181 0.610036 156.447658 0.876274 80.088873 0.599211
672 -1.511090 0.628966 14.000968 0.473811 152.348304 0.590315 -89.344826 0.312684
672 -1.435166 0.164472 -17.343803 0.332055 156.750975 0.522389 -75.537023 0.160835
672 -1.519703 0.330912 -22.735633 0.273341 145.353927 0.462127 87.268146 0.329910
672 -1.938342 0.331689 -38.374666 0.892910 249.457556 0.626170 -14.139798 1.167188
672 -2.485312 0.733650 80.236123 1.043669 331.174539 0.861242 29.709435 2.261128
672 -2.118004 0.633239 -28.197070 1.492127 295.480070 1.031952 -24.725760 1.526512
673 -1.907276 0.358104 -20.828266 1.616748 267.730213 0.350124 83.071726 1.105057
673 -1.561698 0.679156 -10.199078 2.218527 307.958254 0.239606 -36.339863 0.413899
673 -1.525711 0.015155 -82.734178 0.565161 173.909204 0.616341 75.239515 0.341925
673 -1.606405 0.687555 10.251015 0.605424 130.244352 1.011046 -84.580959 0.503313
673 -1.814753 0.534577 3.659207 0.872739 199.303598 0.520464 -76.072707 0.920009
673 -1.721385 0.388641 -16.842904 0.278363 160.668880 0.541724 88.292597 0.733274
673 -2.133617 0.524866 -4.392891 1.479738 243.482935 0.524641 70.482317 1.557737
673 -2.184679 0.296819 -30.794253 1.003340 267.456236 0.801771 7.406392 1.659862
673 -1.690264 0.036566 20.976440 1.143109 227.160847 0.595333 -85.254441 0.671032
673 -2.004050 0.693389 -23.014465 1.711147 301.992989 0.991681 -18.911594 1.298603
674 -1.586059 0.444982 -18.905483 3.578294 407.309179 0.258802 -24.580206 0.462622
674 -1.550065 0.660971 -10.118892 2.043176 298.510231 0.250662 -35.788675 0.390634
674 -2.098400 0.781265 -84.861646 0.120645 171.749144 0.608419 70.926546 1.487303
674 -1.411555 0.565452 7.099674 0.608526 139.034622 0.931109 78.163300 0.113613
674 -1.429402 0.784294 -1.702948 0.025427 149.458534 0.205476 -77.363926 0.149308
674 -1.424706 0.310024 -5.510354 0.312270 159.084136 0.456292 -89.833057 0.139916
674 -1.654789 0.320267 -9.511481 1.905454 286.310816 0.380502 -75.897799 0.600081
674 -2.408520 0.235712 -42.039462 0.250723 208.847216 1.024909 0.133571 2.107544
674 -2.069835 0.269802 -42.169181 0.639935 242.056190 0.899200 -2.210769 1.430174
674 -1.926081 0.503619 -60.402480 3.227778 386.996671 0.678566 -68.739352 1.142666
675 -1.665940 0.303451 -15.374229 3.576373 416.498682 0.287662 -35.158394 0.622383
675 -2.227986 0.799509 9.563059 1.666817 261.963588 0.652487 47.290243 1.746475
675 -1.918077 0.124016 -76.117956 0.333288 164.830043 0.592070 75.621686 1.126658
675 -2.049724 0.491473 4.167902 0.794331 159.891455 0.942488 -88.473562 1.389952
675 -2.230544 0.152177 -33.695341 1.909737 315.667728 0.015647 -54.425184 1.751592
675 -1.370416 0.255495 -3.460919 0.297867 152.558834 0.461004 -84.254612 0.031336
675 -1.570148 0.264675 -1.511490 2.443174 323.169450 0.333225 -89.580398 0.430800
675 -2.141849 0.627427 -27.848286 1.396002 291.509971 1.008823 -14.325208 1.574203
675 -2.034339 0.162084 -34.374770 0.593405 234.405352 0.906935 2.276887 1.359182
675 -1.928995 0.498041 -61.308671 3.219844 387.785510 0.686874 -68.378103 1.148493
676 -2.716460 0.395269 -18.076579 3.639343 419.621002 0.357167 -5.163613 2.723425
676 -1.812550 0.667862 14.556007 1.891634 301.680441 0.507935 15.877161 0.915604
676 -1.416317 0.256983 81.739843 1.045764 219.190805 0.715407 86.680762 0.123137
676 -3.663277 0.545027 -12.581048 0.218310 154.746541 0.895091 87.065872 4.617057
676 -2.324398 0.151250 -34.143993 1.947328 318.691189 0.009369 -55.910665 1.939300
676 -1.459562 0.300331 2.355837 0.083442 125.156128 0.580267 -76.363636 0.209629
676 -2.048688 0.327385 -11.813486 2.949359 362.393797 0.204129 56.584475 1.387880
676 -1.714116 0.697834 11.054337 0.338528 176.632100 0.121918 -47.315072 0.718735
676 -1.925202 0.214928 -25.480426 1.241989 283.776068 0.662021 -23.026909 1.140907
676 -2.235692 0.486546 -65.951586 2.901446 392.430065 0.634760 -64.647003 1.761888
677 -2.419603 0.419823 -13.801049 3.508840 416.255066 0.377228 -8.192871 2.129710
677 -1.495650 0.589998 -10.646181 2.192957 320.551207 0.480302 -8.691993 0.281804
677 -1.409090 0.266356 86.909060 1.112780 220.928374 0.756442 87.441730 0.108685
677 -1.435784 0.312315 -0.882278 0.294596 133.483235 0.702362 84.551073 0.162072
677 -1.458675 0.747395 -8.886671 0.359858 177.334223 0.082575 -45.622035 0.207853
677 -1.417251 0.273185 -0.950242 0.421533 148.961530 0.687426 -85.509448 0.125007
677 -2.815852 0.284704 -22.997932 3.215455 383.421858 0.196088 38.211005 2.922208
677 -2.829583 0.750556 -9.736170 0.054507 183.457084 0.237655 -47.363347 2.949670
677 -2.787240 0.154783 -37.363277 0.460745 229.022259 0.681233 -25.811344 2.864983
677 -1.927996 0.494019 -65.942315 2.845146 396.198608 0.641079 -59.340058 1.146496
678 -1.820018 0.547796 3.557357 0.816650 224.631825 0.067898 -1.076334 0.930539
678 -1.811163 0.760753 -26.049077 0.980082 232.212388 0.416147 -35.470818 0.912830
678 -1.632170 0.253098 81.862161 0.849520 197.625737 0.806022 83.914127 0.554845
678 -1.394041 0.237805 1.227837 0.126477 122.394767 0.814756 89.836187 0.078585
678 -1.615999 0.623447 -19.073049 0.314975 174.121129 0.259569 -30.611864 0.522502
678 -1.692151 0.281405 -28.574092 0.072675 131.974198 0.636847 76.779934 0.674806
678 -1.782051 0.279306 0.806955 3.377039 388.716588 0.229989 64.552185 0.854607
678 -1.704452 0.718385 -8.281413 0.707577 212.188886 0.186638 -48.588287 0.699408
678 -1.540955 0.009518 -32.497655 0.840940 245.221617 0.747259 -6.849160 0.372414
678 -2.888176 0.413293 -33.703989 2.669350 381.935547 0.787356 -34.117731 3.066857
679 -2.788210 0.142485 -68.888081 0.548395 233.102546 0.505237 20.293540 2.866924
679 -1.564996 0.639398 8.702504 0.628536 193.859921 0.082152 -70.722023 0.420496
679 -1.728494 0.325504 86.466960 1.303578 241.695614 0.766111 80.887766 0.747491
679 -1.794480 0.284092 6.262938 0.086244 124.978107 0.909556 82.789816 0.879463
679 -1.656540 0.729781 -18.419388 0.619070 199.681506 0.335228 -60.382791 0.603583
679 -2.053532 0.307570 -16.680450 0.999267 247.084668 0.127323 -38.106918 1.397567
679 -1.649576 0.204004 3.156663 3.298336 401.796187 0.096605 47.175034 0.589656
679 -1.736229 0.723254 -16.288581 0.329788 181.406006 0.082369 -34.567591 0.762961
679 -1.912674 0.700904 -5.963920 0.623904 207.061275 0.308395 -50.460140 1.115851
679 -1.698141 0.431889 -37.868394 2.736998 383.085200 0.736944 -32.059820 0.686785
680 -1.550940 0.774679 13.548190 4.106635 389.765549 0.314287 48.314542 0.392384
680 -1.473543 0.696412 1.594446 0.553100 191.578276 0.064093 -88.316200 0.237590
680 -1.720480 0.335465 86.559444 1.325032 243.689429 0.759669 79.766801 0.731463
680 -1.769506 0.001381 3.127326 0.979899 187.425009 0.835816 -74.948839 0.829516
680 -2.174175 0.132233 0.822429 0.334807 176.747710 0.278315 52.695491 1.638853
680 -2.109338 0.259965 -12.927012 0.858357 232.429030 0.070927 22.657471 1.509180
680 -1.566433 0.256224 -10.374647 2.942422 375.380211 0.031172 51.023910 0.423369
680 -1.416579 0.656463 -2.655819 0.917418 206.760952 0.232275 70.161995 0.123661
680 -2.581606 0.372916 -35.816067 0.539454 235.245968 0.929845 -22.923812 2.453715
680 -1.856748 0.448130 -67.956555 1.462024 318.880218 0.343344 -41.216849 1.004000
681 -1.544974 0.746670 6.318240 4.116336 386.467441 0.317509 53.455829 0.380451
681 -1.716054 0.572870 -12.358685 1.120799 247.719049 0.257026 -7.926884 0.722611
681 -1.994527 0.335647 78.679759 1.485719 268.919965 0.684630 76.632863 1.279558
681 -1.585250 0.794374 6.895486 1.175198 190.858696 0.645594 -88.185748 0.461004
681 -2.262517 0.664310 -5.286652 0.907652 168.515829 0.930609 77.511158 1.815538
681 -3.563925 0.028301 -8.778619 0.543276 213.741425 0.338347 25.544489 4.418354
681 -1.500365 0.258961 -4.090755 1.770395 293.442445 0.141186 54.362357 0.291233
681 -1.418879 0.478560 11.614923 0.032140 135.728359 0.205983 60.949913 0.128262
681 -1.806200 0.396345 -56.459439 0.930609 275.464762 0.932537 -14.863475 0.902903
681 -1.757686 0.132166 -14.633180 1.503193 245.088133 0.614948 65.490091 0.805876
682 -1.520117 0.122520 39.269729 0.644790 184.770975 0.531875 -87.253572 0.330737
682 -2.472091 0.526224 -25.487558 1.272691 263.218659 0.283512 -18.390168 2.234686
682 -1.756100 0.322283 83.178459 1.356374 260.318826 0.647951 80.333177 0.802703
682 -1.643189 0.553271 -14.156202 0.011925 131.497925 0.732929 -83.533522 0.576882
682 -1.770938 0.750921 -12.965025 1.914860 232.450555 0.726596 72.216651 0.832379
682 -2.019824 0.342027 2.606007 0.380528 178.257614 0.393984 44.423701 1.330152
682 -1.847977 0.191202 -13.115949 1.905795 308.010043 0.183080 -79.043810 0.986458
682 -1.548868 0.540736 23.832457 0.175380 154.728198 0.274694 54.417845 0.388239
682 -2.446990 0.413775 -59.725783 0.912565 283.150695 1.017567 -22.396087 2.184483
682 -2.313371 0.497090 -80.948471 0.499099 217.756182 0.260268 65.509509 1.917247
683 -1.609297 0.789907 30.974785 0.486913 168.683788 0.642337 72.600106 0.509097
683 -1.741006 0.493914 -20.470368 1.304911 263.450120 0.301600 -23.650093 0.772515
683 -1.748997 0.344985 82.046852 1.345177 260.466068 0.635194 78.444594 0.788498
683 -1.590061 0.437560 5.286400 0.366632 125.682104 0.969531 68.143611 0.470625
683 -1.583784 0.106544 -24.458634 1.074646 194.224929 0.842714 -85.771349 0.458071
683 -4.234049 0.234344 20.357584 0.515646 201.353572 0.409829 23.415088 5.758602
683 -1.647659 0.261045 2.057222 1.865155 266.806958 0.582588 88.516176 0.585821
683 -1.633648 0.519484 31.059759 0.211668 151.371602 0.378944 47.698639 0.557799
683 -1.643934 0.140494 85.530894 0.365697 202.506889 1.159019 -0.035020 0.578372
683 -2.091894 0.507201 -75.916828 0.444815 205.575286 0.123337 70.631167 1.474292
684 -1.476156 0.017912 30.780388 0.709090 174.075253 0.735957 79.747263 0.242816
684 -1.729887 0.471224 -17.158287 1.690131 291.599448 0.411831 -12.410979 0.750277
684 -1.438928 0.345966 -84.842320 1.380433 262.320726 0.641106 -87.825159 0.168360
684 -1.639227 0.419667 8.611519 1.557304 149.080390 1.131857 -79.338203 0.568958
684 -1.815131 0.076580 -23.530073 1.038637 184.065910 0.922640 -86.410306 0.920766
684 -1.842670 0.012875 43.009884 0.542457 220.736335 0.509903 -9.039364 0.975845
684 -1.423906 0.223454 -7.171337 1.667935 250.459983 0.605078 82.693079 0.138315
684 -1.461138 0.545455 21.079941 0.100261 145.604213 0.282349 60.398224 0.212780
684 -1.945458 0.166783 77.548242 0.512889 232.552974 1.120555 13.002289 1.181420
684 -2.333524 0.347501 -74.379852 0.617355 217.232780 0.159982 76.019182 1.957552
685 -1.561582 0.763103 31.412774 0.915552 181.998645 0.840414 73.449485 0.413668
685 -1.435335 0.490801 -15.662460 1.751752 291.917161 0.341849 -25.291226 0.161173
685 -1.575813 0.327584 -82.840605 1.187761 242.407486 0.642198 88.686145 0.442130
685 -1.868685 0.439997 3.250424 1.531436 148.947114 1.138334 -79.640084 1.027873
685 -1.833855 0.066759 -45.713158 0.668264 185.401502 0.722705 -88.805621 0.958214
685 -2.182958 0.025835 44.724974 0.812424 256.740814 0.478472 -2.772163 1.656421
685 -1.524739 0.173374 -8.780852 1.482272 254.976030 0.468383 -86.947618 0.339983
685 -1.493755 0.582353 -7.879023 0.594266 182.368580 0.124907 52.343398 0.278013
685 -1.601930 0.289864 73.982815 0.569249 242.216773 0.950639 1.065542 0.494364
685 -2.133325 0.431735 -84.784215 0.919689 271.668999 0.290105 -62.473807 1.557153
686 -1.558849 0.585981 10.157336 0.292587 148.608959 0.732023 77.358907 0.408203
686 -2.112209 0.493295 -26.254072 1.645459 288.041340 0.324750 -22.047854 1.514921
686 -1.373093 0.316281 -83.123844 1.235947 254.783754 0.560011 -84.550659 0.036690
686 -1.779160 0.413034 -2.287446 1.653154 141.674783 1.175643 -87.559770 0.848823
686 -1.773067 0.035341 -59.940685 0.857652 208.480458 0.593287 78.086387 0.836639
686 -2.375308 0.047483 41.323615 0.506128 233.847079 0.667266 -24.545005 2.041121
686 -1.955225 0.071512 -35.172356 1.608747 261.395131 0.601257 -66.881227 1.200953
686 -1.861469 0.600820 25.099121 0.437239 174.167378 0.192248 -88.171959 1.013441
686 -3.236785 0.253635 53.509067 0.256220 228.421915 1.057519 12.171624 3.764073
686 -1.984925 0.338570 -49.056692 1.721340 294.836627 0.405781 -70.108713 1.260354
687 -3.217055 0.493401 24.078713 0.546068 194.390636 0.745742 37.537307 3.724613
687 -2.276878 0.525138 -25.609285 1.557089 282.362868 0.415127 -49.297448 1.844260
687 -2.396744 0.332115 -83.442911 1.035583 245.065467 0.513972 -86.253360 2.083992
687 -1.764564 0.444472 3.912450 1.492881 139.298223 1.168217 80.865626 0.819632
687 -3.195964 0.013002 -71.622661 0.888490 224.270791 0.541385 64.791334 3.682431
687 -2.372250 0.117224 9.674225 0.698538 242.670798 0.818536 -30.171533 2.035005
687 -1.851079 0.181404 -23.183528 1.609446 261.418783 0.585550 -74.844068 0.992662
687 -1.516429 0.222097 0.901513 0.623433 199.652105 0.218719 89.661883 0.323362
687 -1.605680 0.372644 73.522964 1.033951 279.508354 0.034081 5.546347 0.501864
687 -2.341085 0.737083 -9.309595 1.340380 266.820466 0.424854 -31.415014 1.972674
688 -2.118720 0.502776 -0.205802 0.149084 150.408905 0.679072 67.614265 1.527944
688 -1.622253 0.534128 -18.382783 1.338783 264.060047 0.345692 -32.445486 0.535010
688 -2.910227 0.364756 85.809536 0.926819 249.967972 0.449146 73.987735 3.110959
688 -2.417749 0.498534 4.938660 1.790688 144.733102 1.185450 81.100326 2.126002
688 -2.298806 0.785977 -85.035929 0.358694 187.008582 0.557908 -68.147375 1.888116
688 -1.767853 0.051213 14.335786 0.533910 223.793766 0.925605 2.637094 0.826210
688 -1.625136 0.184954 -31.835147 1.546861 255.672582 0.609006 -72.338114 0.540775
688 -1.477136 0.242352 8.811968 0.689239 193.242379 0.258193 -86.684550 0.244775
688 -1.620803 0.339151 68.710512 1.107516 282.752971 0.058317 21.923160 0.532110
688 -2.331309 0.626796 -26.805455 1.422137 276.703685 0.482081 -41.559118 1.953122
689 -1.369989 0.546220 1.777183 0.115351 130.152442 0.595399 89.226068 0.030481
689 -2.345258 0.599083 -18.110352 1.610620 288.803841 0.300625 -14.623988 1.981020
689 -1.937476 0.494080 -9.712053 0.007638 144.621105 0.229274 42.443821 1.165455
689 -1.438777 0.420833 6.457413 1.509100 130.731731 1.182794 87.560205 0.168059
689 -1.795176 0.758366 -79.151551 0.208762 172.855623 0.409311 -79.467155 0.880855
689 -1.621602 0.720687 -1.503571 0.113486 135.073848 0.208662 53.751961 0.533709
689 -1.786142 0.185904 -29.652949 1.566458 260.742085 0.579435 -61.593845 0.862788
689 -1.441343 0.250305 -5.081090 0.622778 192.862027 0.222311 70.455192 0.173190
689 -2.272901 0.304115 57.777514 1.331116 308.624941 0.094908 -4.496962 1.836306
689 -2.351325 0.722873 -16.443535 1.078023 252.247209 0.436146 -7.646610 1.993154
690 -1.467606 0.379760 4.672858 0.415662 152.515477 0.518663 82.556114 0.225716
690 -1.539558 0.661671 -11.732445 0.659944 203.646923 0.377079 -7.369390 0.369619
690 -2.659219 0.468485 -40.417128 0.299238 175.515139 0.155745 -64.415656 2.608943
690 -1.387139 0.384408 11.385349 0.489902 178.293675 0.190836 74.278594 0.064782
690 -1.974626 0.764728 -79.715274 0.205638 162.593393 0.451918 -65.358544 1.239755
690 -2.168262 0.664577 -14.346122 0.691468 211.967912 0.307908 -73.121821 1.627028
690 -2.681393 0.195438 -45.972738 0.190683 156.576619 0.750834 80.702471 2.653290
690 -1.978369 0.249335 21.057660 0.750733 193.506578 0.411961 -66.260793 1.247241
690 -2.495578 0.482674 -33.001076 2.642465 342.717209 0.016304 -0.182389 2.281660
690 -1.975300 0.021267 -58.087969 0.973235 234.452320 0.378091 77.535001 1.241104
691 -1.426806 0.376075 -9.561588 0.560057 157.198364 0.710973 -85.454742 0.144115
691 -2.598880 0.666059 -18.808038 0.842955 219.369702 0.332381 25.884722 2.488264
691 -2.393042 0.583025 -24.462445 0.844160 215.413977 0.214275 50.608379 2.076588
691 -1.362274 0.416231 1.941846 0.341634 166.228346 0.187472 77.806119 0.015051
691 -1.628080 0.726424 -17.949939 1.986869 289.200622 0.150333 -46.967551 0.546663
691 -2.881919 0.097852 -27.541092 0.817075 223.640742 0.219306 49.210728 3.054341
691 -2.195450 0.259760 -49.629939 0.758400 165.344726 0.932079 74.551444 1.681403
691 -1.559674 0.249268 1.250756 0.830391 192.690063 0.541822 -75.772119 0.409852
691 -2.453142 0.469818 -31.968903 2.688327 346.308394 0.004371 5.685366 2.196787
691 -2.820183 0.312966 -45.781585 1.071561 300.870558 1.158783 33.792478 2.930870
692 -1.551794 0.450756 -16.854294 0.172423 123.415390 0.747347 -66.597025 0.394091
692 -2.484216 0.646533 -16.165819 0.928960 216.676533 0.416570 50.899508 2.258936
692 -3.137140 0.569149 -31.452127 0.912285 218.114402 0.413429 64.255662 3.564784
692 -1.406792 0.440455 21.841600 0.419279 113.904912 1.059019 77.172258 0.104088
692 -1.650457 0.717300 -1.236249 3.059844 343.519427 0.221171 -46.822316 0.591419
692 -1.680685 0.792483 12.300577 0.494988 181.715940 0.190736 -14.296324 0.651873
692 -2.073893 0.152325 2.590401 1.830764 346.032867 0.924221 -24.341682 1.438291
692 -1.991931 0.331481 -9.077053 0.624051 237.507529 1.096565 -9.352603 1.274366
692 -1.811940 0.657692 -2.282394 0.488185 132.878639 1.007473 81.660430 0.914384
692 -2.618634 0.257022 -39.035398 1.008422 290.168574 1.180542 21.278814 2.527773
693 -1.695055 0.354513 2.784392 0.248696 116.804382 0.901326 -69.941871 0.680613
693 -1.855730 0.489042 7.968900 0.030962 136.948135 0.586085 52.516916 1.001964
693 -3.637240 0.542286 -54.777902 0.449950 239.297727 0.358589 45.780297 4.564984
693 -1.830918 0.377415 -2.548387 0.450657 124.361065 1.054807 -89.755512 0.952340
693 -3.085475 0.771789 -9.574594 0.267784 210.071494 0.395456 -7.740117 3.461453
693 -2.296268 0.172974 8.524896 0.635462 205.861079 0.313297 40.664248 1.883040
693 -1.947864 0.165995 -4.434206 1.875477 342.217180 0.713796 -6.865298 1.186232
693 -3.100787 0.343445 25.428507 0.362698 240.704416 1.162632 -1.845226 3.492077
693 -1.591054 0.680854 8.081085 0.016095 90.634717 0.969576 -78.388168 0.472611
693 -2.681810 0.331634 -24.023928 0.693896 215.525054 0.317758 85.572585 2.654124
694 -2.497331 0.409676 -70.799123 0.593929 230.045151 0.228762 49.208030 2.285166
694 -3.341014 0.519568 -9.403127 0.301535 175.629580 0.600110 49.827147 3.972532
694 -1.686299 0.723152 -17.320240 0.349811 145.725016 0.834994 -85.511713 0.663103
694 -2.623628 0.424208 -23.764652 0.462120 197.087108 0.078298 52.679118 2.537760
694 -2.527206 0.761354 -11.524323 0.337436 208.757135 0.418378 -22.533390 2.344915
694 -1.732702 0.250138 -64.036558 0.624673 242.914245 1.091265 -18.302110 0.755908
694 -1.520449 0.197022 -3.767223 1.962229 341.516149 0.720255 -11.014420 0.331402
694 -1.979352 0.326068 -16.695493 1.482858 247.699014 0.498377 62.709199 1.249207
694 -2.309513 0.590534 11.534517 0.024283 107.399986 0.774028 -43.911631 1.909529
694 -1.834473 0.506136 -25.290554 0.862310 211.229339 0.495836 -75.739028 0.959450
695 -2.179100 0.466503 -68.280552 0.429035 196.503636 0.021405 41.591752 1.648704
695 -1.534183 0.601604 0.886400 0.525880 187.547646 0.386196 30.302469 0.358870
695 -1.720383 0.718818 -19.737380 0.748547 173.976129 0.761798 -88.853068 0.731270
695 -1.527166 0.464443 7.769326 0.817302 222.796830 0.265955 7.716119 0.344837
695 -3.154450 0.700524 -21.714114 0.557792 227.786995 0.349398 -37.013607 3.599404
695 -2.214559 0.126378 -63.188396 1.268686 312.768631 1.026665 -17.552396 1.719622
695 -1.741400 0.116278 -9.556073 1.933248 346.082794 0.757546 7.969301 0.773304
695 -3.324083 0.387114 -37.908561 0.880314 228.795191 0.066273 13.201341 3.938670
695 -2.659066 0.593864 23.783353 0.148379 112.846419 0.765635 -38.869985 2.608635
695 -1.552021 0.515497 -2.901776 1.409947 229.519848 0.538548 -76.369699 0.394546
696 -1.888331 0.550000 15.528029 1.188207 226.611694 0.652279 59.394745 1.067166
696 -1.416474 0.787328 -3.136824 0.375055 179.658023 0.325879 5.851348 0.123451
696 -1.814028 0.776617 -11.407308 0.681559 172.748048 0.752645 86.284659 0.918561
696 -2.102126 0.474083 25.195237 0.880424 219.064965 0.224871 22.027067 1.494755
696 -4.102745 0.726460 -27.492641 0.163827 197.746213 0.161152 -20.249411 5.495994
696 -1.818667 0.270493 -61.028619 1.381781 327.583353 0.990120 -0.829902 0.927837
696 -4.625217 0.295774 8.953483 0.003407 118.556717 0.873881 16.279405 6.540937
696 -1.955311 0.283165 11.724814 1.024103 278.429264 1.187107 -16.552925 1.201126
696 -2.060805 0.632203 22.986953 0.137349 114.228621 0.685936 -58.777516 1.412114
696 -1.499716 0.630747 -14.558410 0.541443 169.524556 0.411002 83.909445 0.289937
697 -2.860707 0.718474 -41.511922 0.609120 181.930318 0.989675 -59.750716 3.011918
697 -2.745026 0.468664 2.080071 1.179812 197.440076 0.850147 -56.287135 2.780555
697 -1.415785 0.001372 -15.565094 0.296279 149.080010 0.669896 82.448770 0.122075
697 -2.018224 0.541964 23.105784 0.982863 227.397053 0.139714 26.497289 1.326951
697 -3.144731 0.704630 -18.997469 0.031930 177.287858 0.190897 -4.388417 3.579967
697 -2.167953 0.239574 -57.242598 1.278922 315.615527 0.926974 -6.757163 1.626409
697 -4.726028 0.286965 10.544406 0.010425 121.353580 0.863223 17.422907 6.742559
697 -1.886850 0.342927 17.095182 1.045607 271.421935 1.117481 8.104715 1.064203
697 -2.337569 0.472410 1.577685 1.414813 293.148429 0.952919 6.960386 1.965641
697 -1.557191 0.633148 -11.239462 0.596294 185.975289 0.431123 -71.940666 0.404885
698 -3.276666 0.797900 -31.914436 0.809835 181.421003 0.968840 -81.973861 3.843836
698 -1.584043 0.483532 15.545236 1.589245 248.350381 0.605074 67.253635 0.458590
698 -1.706478 0.105881 0.562538 0.227702 147.851176 0.677810 73.621215 0.703459
698 -3.752330 0.544049 -84.968932 0.607371 271.607388 0.887568 -45.536781 4.795165
698 -1.931684 0.608257 -5.309827 0.193744 176.428199 0.279066 -2.984306 1.153872
698 -1.886815 0.285827 -28.071485 1.677437 335.436961 1.133949 -1.017894 1.064134
698 -5.463433 0.267282 -3.894251 0.124474 138.178851 0.816884 10.553180 8.217369
698 -1.602531 0.380442 16.035721 1.094252 274.460261 1.064440 -4.757454 0.495565
698 -1.957000 0.380069 15.991213 1.544008 299.220948 0.919502 16.379880 1.204504
698 -2.848430 0.301607 -62.231513 0.547467 212.330188 0.084379 -73.938480 2.987364
699 -4.419362 0.722310 -36.306788 0.541241 167.917217 1.004315 -86.803740 6.129228
699 -2.720829 0.515783 -1.986507 1.923360 259.652653 0.695226 60.017668 2.732161
699 -1.725281 0.085661 2.803994 0.298540 157.529862 0.678988 85.249229 0.741065
699 -3.597235 0.617998 -42.040278 1.364222 339.466714 0.089799 -6.120821 4.484975
699 -1.725590 0.720488 -15.441244 0.573628 194.121533 0.128409 18.179316 0.741683
699 -1.691158 0.277235 -25.078516 1.632022 326.274258 1.106794 1.593263 0.672821
699 -1.485089 0.486832 -3.961129 0.872983 225.322894 0.459024 -12.217062 0.260682
699 -2.140408 0.278288 14.854728 0.635895 243.192643 1.108029 -19.430457 1.571321
699 -1.702892 0.433191 19.316142 1.832206 321.693410 0.876399 14.006027 0.696288
699 -2.839370 0.298983 -65.058942 0.750401 236.223916 0.126972 -73.495996 2.969243
700 -2.424645 0.742630 -47.428798 0.559224 164.887844 0.958811 -86.355721 2.139794
700 -2.289338 0.502243 -1.583084 1.731479 249.405406 0.682754 58.071954 1.869179
700 -1.388840 0.202858 -5.586618 0.219599 138.278448 0.562088 -84.569731 0.068183
700 -1.944245 0.513866 -45.813517 1.107038 289.427186 1.161152 -15.043206 1.178994
700 -1.937265 0.718015 -14.860664 0.423894 190.145687 0.108955 39.123587 1.165033
700 -1.641560 0.203052 -24.327901 1.753304 338.548881 1.079459 1.175815 0.573623
700 -1.920268 0.513375 -19.078588 0.051333 154.201300 0.068786 -15.466201 1.131040
700 -1.930103 0.185956 16.189207 0.476022 228.045665 1.128397 -14.528116 1.150710
700 -1.495198 0.383957 18.769341 1.901165 330.751742 0.977009 9.580139 0.280899
700 -2.698960 0.358474 -59.815417 1.068954 277.507699 0.011224 -66.508343 2.688425
701 -1.755971 0.681804 -25.283162 0.132185 139.230599 0.840393 -57.113160 0.802446
701 -1.908809 0.551244 13.962190 1.594985 243.771779 0.720681 59.543007 1.108121
701 -1.621913 0.342222 7.772372 0.072012 146.359463 0.423948 80.731083 0.534329
701 -1.497967 0.647853 -2.134050 0.984554 219.748153 0.173055 66.556669 0.286438
701 -2.994166 0.755647 -57.882396 0.730455 310.000283 0.461266 10.198919 3.278835
701 -1.763124 0.152201 -42.971874 1.473805 297.933059 0.333183 -29.592007 0.816753
701 -2.034136 0.654128 86.093276 0.255187 248.322613 0.981006 1.432706 1.358775
701 -2.251068 0.185120 0.181692 0.803954 250.867610 1.034040 -29.260016 1.792639
701 -2.043661 0.415985 19.551788 1.957246 327.389848 0.904187 19.753525 1.377826
701 -2.687577 0.448465 -67.186662 0.939338 272.811353 0.124090 -67.636707 2.665659
702 -2.066842 0.724570 9.549429 0.725228 183.105686 0.591515 -56.728928 1.424187
702 -1.577874 0.471824 -11.425392 1.658071 237.811996 0.624375 67.464501 0.446252
702 -1.949834 0.274536 -10.274161 0.257522 169.333054 0.413343 85.244263 1.190173
702 -1.721431 0.522781 -12.524696 0.883538 216.592977 0.180769 58.278739 0.733366
702 -2.128720 0.060725 -47.355472 0.899259 247.040755 0.497666 13.559759 1.547944
702 -1.904563 0.185325 -50.658392 1.524244 307.742572 0.339436 -27.467957 1.099630
702 -2.581382 0.600544 -88.064224 0.207410 240.199937 1.058806 15.611647 2.453267
702 -2.362480 0.133406 -5.688562 0.513352 234.759463 1.076772 5.951382 2.015464
702 -2.851958 0.788136 4.140812 0.066742 100.617111 1.154330 -69.342928 2.994420
702 -3.958652 0.505266 -48.827298 0.667912 247.116587 0.182714 -43.518312 5.207808
703 -1.467679 0.712157 -0.296136 0.463255 168.232302 0.219513 -63.317015 0.225861
703 -3.132638 0.434338 -68.969972 1.005482 292.081442 1.058268 -36.990974 3.555779
703 -2.783690 0.012690 -55.394032 0.741850 236.886748 0.970149 35.475036 2.857883
703 -2.668389 0.746798 -37.209189 0.933514 213.699451 0.442867 77.197152 2.627282
703 -2.262172 0.068892 -47.428190 0.871248 252.052143 0.602535 19.708702 1.814849
703 -1.635585 0.194464 -53.586003 1.520466 311.624113 0.436794 -13.819762 0.561675
703 -2.090088 0.625154 -87.433930 0.241698 245.896369 1.094009 -4.608602 1.470681
703 -2.263271 0.083553 -9.762863 0.752707 256.020363 1.103252 11.275117 1.817046
703 -1.481052 0.595059 -3.424401 0.162725 135.140232 0.724800 -88.747553 0.252609
703 -3.763729 0.456152 -49.935734 0.480649 235.021228 0.169140 -9.531750 4.817961
704 -1.429506 0.672791 -6.137413 0.262185 160.557149 0.332010 -64.754997 0.149515
704 -2.795341 0.283479 65.398945 0.285655 195.097871 0.963548 33.364059 2.881186
704 -2.107400 0.135375 -60.967659 0.212239 182.462844 1.179359 12.920908 1.505303
704 -2.644910 0.447709 -26.854997 0.840458 200.989149 0.545993 57.575947 2.580324
704 -2.134099 0.042265 -51.024436 1.195588 291.556216 0.568149 7.205109 1.558702
704 -1.571633 0.140222 -62.118307 1.281025 303.647648 0.918107 -14.682623 0.433770
704 -2.101093 0.668956 -68.608348 0.383872 253.635021 1.061143 -6.006841 1.492691
704 -1.874873 0.366196 9.162827 0.861826 237.698141 0.813065 8.336003 1.040250
704 -2.123350 0.559920 -17.358802 0.451534 178.874636 0.468145 70.792007 1.537204
704 -2.648897 0.501028 -64.004859 0.814925 266.253944 0.083053 -39.385105 2.588298
705 -1.441186 0.535341 -8.434002 0.406131 163.593334 0.461750 -68.740885 0.172877
705 -1.649621 0.265344 -81.889488 1.716233 334.471531 0.065011 -2.344807 0.589746
705 -2.932658 0.234691 14.761910 0.528739 249.888069 1.152329 -18.995776 3.155819
705 -2.067272 0.379885 -7.106364 0.729995 186.305315 0.631419 49.679516 1.425048
705 -2.213386 0.768248 20.893526 0.310742 152.270971 0.868449 88.876396 1.717276
705 -2.898059 0.153439 -47.870442 0.972240 282.462159 1.045231 -29.911071 3.086623
705 -1.930027 0.542094 86.999927 0.455551 262.959487 1.163792 1.899734 1.150557
705 -3.011185 0.418468 -21.075143 0.626382 223.304383 0.798789 15.933632 3.312874
705 -1.499037 0.755357 -3.182185 0.660489 179.104637 0.320330 56.820185 0.288578
705 -1.956551 0.500363 -77.833180 0.721256 255.669516 0.169378 -43.779127 1.203605
706 -1.420762 0.523424 -21.617780 0.225302 148.195073 0.547947 -53.923918 0.132027
706 -1.661612 0.251867 -81.148494 1.714445 334.419819 0.093866 0.189515 0.613727
706 -2.817668 0.252703 22.616319 0.509461 240.853266 1.039236 -27.706771 2.925840
706 -1.628874 0.742736 -2.506330 0.894921 132.700733 1.082759 -88.761651 0.548251
706 -1.533081 0.750806 13.346313 0.099687 111.898608 0.916325 61.759030 0.356666
706 -2.435351 0.229417 -29.319462 0.717524 250.959717 0.993824 10.946296 2.161207
706 -3.649338 0.410247 76.301928 0.961931 305.115835 1.084245 -47.040005 4.589179
706 -1.659466 0.774548 26.496806 0.040967 150.110495 0.339615 67.030427 0.609436
706 -3.560615 0.526589 -14.445584 0.485234 202.085987 0.417763 64.790813 4.411734
706 -2.072437 0.559195 -65.094164 0.582218 213.378355 0.391090 -48.246514 1.435377
707 -2.411588 0.546398 -12.603366 0.987127 209.249963 0.642839 -83.587496 2.113680
707 -1.693645 0.190449 73.954983 2.102648 364.034557 0.105383 0.742231 0.677793
707 -2.534779 0.176346 -19.043584 2.143063 362.140770 0.796182 -33.259236 2.360061
707 -1.581995 0.725255 -5.707251 0.766263 130.576124 1.057341 -81.727396 0.454494
707 -1.738648 0.713979 -8.538213 0.028979 123.103628 0.830724 70.848674 0.767800
707 -3.868043 0.243908 -30.775959 0.725106 251.959581 0.987287 47.373310 5.026590
707 -2.424902 0.450190 52.897882 0.732518 280.569983 1.120832 -36.195656 2.140307
707 -1.596918 0.029295 -48.386684 0.734686 214.836711 0.164786 82.781923 0.484340
707 -2.593064 0.494036 -23.929390 0.629073 189.230031 0.528854 60.979828 2.476631
707 -3.656717 0.760415 -54.745996 0.599013 277.458082 0.207332 -33.267640 4.603938
708 -1.819651 0.467276 -25.841195 1.566857 217.227520 0.833901 87.857939 0.929806
708 -1.464268 0.283369 73.782302 1.713465 329.780291 0.113602 47.825113 0.219040
708 -2.331320 0.198350 -55.573861 2.299151 375.720158 0.772191 -37.884930 1.953144
708 -1.467277 0.779104 -0.239767 0.414440 125.491812 0.956672 -88.587791 0.225059
708 -2.070841 0.549637 -11.409824 0.328034 133.576903 0.941805 68.741443 1.432186
708 -2.656661 0.375027 -71.623169 0.375140 233.678209 1.159181 24.264106 2.603826
708 -2.827358 0.320253 80.752458 1.064975 317.390465 1.070333 -27.230331 2.945219
708 -1.406624 0.000520 -48.885561 0.878230 226.996541 0.167638 86.143667 0.103752
708 -1.637064 0.573601 -18.419491 1.034124 185.021102 0.651901 84.227874 0.564632
708 -2.603148 0.731060 -73.017691 0.510225 274.002709 0.158847 -12.405447 2.496799
709 -1.817628 0.513957 -30.318042 1.217218 173.401622 0.956540 74.090170 0.925760
709 -1.513050 0.279794 71.388950 1.625267 324.184935 0.088944 38.198377 0.316603
709 -2.629071 0.233027 -60.996195 2.336742 381.024948 0.713688 -39.006085 2.548645
709 -1.747816 0.793645 11.235354 0.503893 145.640146 0.867339 -77.909253 0.786136
709 -1.492681 0.413324 -22.583778 0.038738 121.325224 0.826752 -84.393333 0.275866
709 -3.234721 0.368725 -58.483430 0.240762 231.870639 1.078193 14.784811 3.759947
709 -1.583974 0.444650 81.067681 0.393906 228.908564 1.032647 -9.359571 0.458451
709 -1.495922 0.598801 -13.818940 1.456562 251.942259 0.074497 82.082424 0.282347
709 -1.420862 0.545550 16.590235 0.959148 187.283491 0.776802 67.133288 0.132227
709 -2.729052 0.584123 46.381438 0.812893 278.188142 0.121868 -9.286409 2.748607
710 -1.480243 0.500434 -17.732210 1.092808 170.963405 0.887907 85.789451 0.250990
710 -1.540174 0.309444 66.777470 1.625439 323.837038 0.108173 38.928466 0.370852
710 -2.123780 0.143877 -74.033983 1.965940 357.637934 0.606961 -34.238827 1.538064
710 -1.867703 0.640452 13.138363 0.516823 181.691955 0.636389 65.066814 1.025911
710 -1.433409 0.414209 -24.565907 0.133661 116.469783 0.883352 -81.335838 0.157321
710 -1.888588 0.573511 -74.413165 0.359431 241.595796 1.160053 -6.738783 1.067680
710 -3.190849 0.275850 -80.203905 0.412826 213.777887 1.020461 44.605053 3.672202
710 -2.556205 0.595976 -23.391483 1.397186 260.390883 0.125138 74.628630 2.402914
710 -1.533791 0.502313 33.640306 1.134423 211.909742 0.693177 74.261196 0.358086
710 -2.967330 0.574569 48.292787 0.744174 274.313463 0.096431 -15.088989 3.225164
711 -2.739271 0.499410 -38.515147 0.311150 172.573186 0.623502 84.627857 2.769046
711 -1.618699 0.343519 65.811143 1.333837 304.319469 0.083623 25.452265 0.527903
711 -2.881827 0.169400 -77.028068 1.896062 348.536096 0.577525 -47.808609 3.054157
711 -1.550545 0.075763 36.697375 0.554838 174.619137 0.665157 73.329038 0.391594
711 -1.966981 0.450285 13.786506 0.204044 115.347385 0.825399 -60.644313 1.224466
711 -4.289360 0.664911 -19.492666 0.870252 269.794908 1.036327 -4.020704 5.869224
711 -2.088459 0.287356 -86.353968 1.243318 317.768229 0.989156 22.553134 1.467423
711 -2.982441 0.630285 -31.577574 1.271658 247.333076 0.281080 76.259378 3.255386
711 -2.128910 0.459576 28.536280 1.246490 231.645668 0.785229 55.648641 1.548324
711 -2.643172 0.515469 57.900019 0.624683 276.783732 1.071368 -38.736720 2.576848
712 -1.936931 0.598866 -11.258793 0.480782 181.598969 0.542886 -74.025802 1.164366
712 -1.859448 0.386390 75.495908 1.261075 310.423823 0.072705 -10.815458 1.009399
712 -1.470334 0.046236 -67.367599 0.574713 147.854749 0.889764 89.931354 0.231172
712 -1.506494 0.221030 30.681028 0.649220 175.729226 0.601613 86.254672 0.303492
712 -1.658709 0.529112 6.400970 0.613105 129.118802 0.963552 -77.738823 0.607923
712 -2.476540 0.605567 -30.125815 0.886523 266.856908 1.133695 -0.853125 2.243585
712 -2.459965 0.307255 -74.588541 1.311395 331.229491 0.941858 23.621608 2.210433
712 -3.057490 0.632864 -37.743516 0.511302 205.935109 0.442699 -77.985876 3.405484
712 -2.286058 0.475475 29.545830 1.333391 239.099302 0.811294 51.965203 1.862619
712 -2.220307 0.504244 55.617675 0.654958 275.452281 1.070954 -31.697103 1.731117
713 -3.042116 0.541919 -26.181593 0.810000 193.030619 0.703250 66.909000 3.374735
713 -1.773016 0.390065 -83.056504 1.458560 324.099257 0.031139 8.616216 0.836536
713 -1.828986 0.020722 -57.560373 1.089395 209.052549 0.783669 84.463778 0.948476
713 -1.641912 0.206469 14.608031 0.705382 177.143458 0.767054 70.085201 0.574327
713 -1.695668 0.526478 -2.979246 0.648961 132.609410 1.015898 -73.892789 0.681840
713 -1.462859 0.433214 19.088948 2.439734 327.168853 0.396138 53.587943 0.216223
713 -2.479021 0.298600 -81.300797 1.211703 314.696181 0.855026 28.434186 2.248546
713 -1.506124 0.748189 24.112549 0.749505 202.165619 0.726586 48.590493 0.302752
713 -1.789596 0.493131 10.324147 0.126173 144.581335 0.682152 64.939364 0.869695
713 -2.772471 0.455243 85.757800 0.575946 266.302909 0.987767 -36.566434 2.835445
714 -1.676994 0.547549 4.753818 1.044497 189.896293 0.745578 -87.183588 0.644492
714 -2.331205 0.621961 -87.488190 0.305081 200.727411 0.495804 60.170476 1.952913
714 -1.680547 0.112654 -82.914772 1.792095 289.608878 0.521670 -82.552843 0.651598
714 -1.558985 0.214823 8.608445 0.833343 196.738523 0.613692 81.641197 0.408474
714 -2.454747 0.592449 -21.125610 0.255969 154.205873 0.748028 73.587120 2.199998
714 -1.498619 0.209154 9.595399 2.461318 339.201465 0.197271 77.460775 0.287742
714 -2.455568 0.554163 -53.654040 0.460076 227.655646 0.964056 20.638667 2.201639
714 -1.513571 0.657937 15.965081 0.273158 146.118321 0.770517 74.082597 0.317647
714 -1.874992 0.236689 -28.639035 1.919102 245.290944 0.793506 67.632175 1.040487
714 -3.691701 0.309354 -24.338001 0.503705 243.506523 0.958622 -29.429090 4.673905
715 -1.542480 0.534545 5.817710 0.766828 177.392046 0.649615 -85.395531 0.375463
715 -2.447605 0.604268 -74.578563 0.372448 195.228345 0.476430 88.410967 2.185714
715 -1.496753 0.163487 -83.212468 2.592365 317.135379 0.733057 84.325458 0.284010
715 -2.239066 0.273874 0.739543 0.194788 132.280425 0.833670 54.549500 1.768635
715 -1.553943 0.505625 -28.728689 0.273041 162.041124 0.532758 -68.878437 0.398389
715 -1.763063 0.277030 -11.001985 2.151435 296.683847 0.472568 -82.723074 0.816630
715 -2.831496 0.508099 -56.109161 0.343802 232.834436 1.000616 22.964643 2.953497
715 -2.277807 0.644818 -6.940200 0.027980 144.274909 0.722834 75.573018 1.846117
715 -1.602356 0.325205 -48.332717 1.113461 193.560865 0.850877 85.281875 0.495215
715 -1.800250 0.240224 -82.213209 1.617898 334.413183 0.264242 -12.368896 0.891005
716 -2.848308 0.384291 8.037033 1.070846 222.107375 0.541057 -35.293673 2.987120
716 -2.042206 0.622006 -76.720448 0.522468 203.960386 0.513136 -88.174862 1.374917
716 -1.464040 0.111731 -80.808412 2.573087 309.708734 0.748427 86.537555 0.218584
716 -2.037982 0.286671 2.407726 0.033540 113.420492 1.005932 75.220589 1.366469
716 -1.765059 0.398435 -2.638007 1.040243 222.182939 0.415836 84.276511 0.820621
716 -1.466995 0.309504 -19.504943 2.135184 290.772659 0.465119 88.113747 0.224493
716 -2.153973 0.449964 -40.393310 0.360183 215.272982 1.082127 -10.694221 1.598449
716 -2.550700 0.581847 12.343400 0.456232 180.339385 0.746503 47.375977 2.391904
716 -2.883713 0.584035 -15.711128 0.465412 214.159493 0.202394 -25.854779 3.057929
716 -1.996881 0.129787 -58.452387 2.505608 385.514977 0.151106 1.675867 1.284266
717 -3.266251 0.366025 12.011806 1.069235 222.703981 0.544065 -30.917310 3.823005
717 -2.471397 0.668847 -65.163260 0.012449 165.759752 0.525552 35.675347 2.233297
717 -1.476493 0.233649 76.348497 1.608487 265.943475 0.668161 86.510063 0.243490
717 -2.859987 0.231214 0.008608 0.316199 123.819914 1.088598 79.390478 3.010478
717 -1.683187 0.317510 14.236935 0.937433 214.227743 0.462078 82.769844 0.656878
717 -1.693939 0.434634 -5.535368 1.589162 254.861651 0.429338 81.496419 0.678382
717 -1.628271 0.175996 -50.063323 1.152613 290.653016 0.985236 -0.160843 0.547047
717 -1.626132 0.746299 -1.820091 0.640683 211.773366 0.164299 -5.462958 0.542768
717 -2.724193 0.669272 -13.130785 1.008767 267.030022 1.156231 -19.520901 2.738890
717 -1.738894 0.097083 -62.774442 2.718140 395.776775 0.121239 -11.901985 0.768292
718 -3.057723 0.381456 13.011259 1.186797 231.192689 0.514884 -34.351955 3.405950
718 -4.735964 0.510810 -87.553303 0.054435 144.711629 0.503401 36.622291 6.762432
718 -2.251625 0.245743 49.114770 0.913497 280.440552 0.758522 -25.100792 1.793753
718 -1.470431 0.320987 12.717200 0.549505 131.001072 0.985792 -88.465711 0.231366
718 -1.790429 0.310232 4.861522 1.012671 214.580097 0.520701 -84.402853 0.871362
718 -1.678175 0.407359 -26.227603 3.298472 377.207379 0.127093 -85.651133 0.646853
718 -2.509651 0.152806 -47.714466 1.309124 295.144417 0.587061 -36.560209 2.309806
718 -1.502393 0.780441 3.284064 0.591015 203.406596 0.253674 -3.824734 0.295290
718 -1.657406 0.775338 9.092888 1.309813 235.537679 0.061790 -28.431282 0.605315
718 -1.840755 0.014327 -58.457596 2.785265 398.560101 0.172194 -25.792342 0.972013
719 -2.963480 0.380721 19.053211 1.388090 240.135662 0.508872 -41.282812 3.217464
719 -6.309499 0.417787 57.014629 0.416029 267.639327 0.352841 -59.785608 9.909501
719 -2.723014 0.064272 82.500895 0.337750 227.575758 1.038432 -29.040504 2.736533
719 -1.499737 0.371629 23.152915 0.682122 166.747084 0.793279 84.102788 0.289978
719 -1.540573 0.324099 -1.357863 1.158283 217.180404 0.516948 -76.413424 0.371650
719 -1.649288 0.596728 -19.862243 3.304840 367.336208 0.020967 -74.873978 0.589081
719 -2.498016 0.107382 -28.700136 0.803393 265.065120 0.814795 -3.433277 2.286536
719 -1.712979 0.626710 1.376526 0.078536 160.523997 0.017438 -13.023350 0.716461
719 -2.450554 0.789198 -20.048380 2.067054 301.037676 0.081381 -43.633694 2.191611
719 -1.754166 0.030525 -43.642653 2.844884 405.411337 0.230883 -14.954021 0.798836
720 -2.897860 0.384294 18.934754 1.338553 236.335747 0.505523 -41.830675 3.086224
720 -4.277293 0.468393 35.984621 0.531027 251.808360 0.270153 -28.855085 5.845090
720 -1.689617 0.054665 74.364532 0.634413 233.960921 0.691449 -18.704024 0.669738
720 -1.438789 0.382388 24.885588 0.224935 139.008412 0.765755 78.310194 0.168081
720 -1.804914 0.612145 66.722371 0.516150 254.678867 0.285351 5.677899 0.900332
720 -1.578011 0.388961 -2.319728 3.176731 356.453170 0.336310 -77.570700 0.446525
720 -1.936779 0.003789 -48.825560 1.331200 302.931810 0.755490 -27.358972 1.164062
720 -1.525189 0.584574 -5.324186 0.176196 164.300374 0.031296 -5.552916 0.340882
720 -1.548594 0.005798 -52.658181 1.663300 318.131506 0.315042 -17.085006 0.387693
720 -1.649638 0.017393 -35.200726 2.948463 407.430985 0.167556 -21.385653 0.589779
721 -2.648876 0.428489 34.614281 0.586652 250.561201 0.670026 -4.620634 2.588256
721 -5.092889 0.480399 29.593740 0.411427 250.752977 0.237597 -52.067293 7.476282
721 -2.984818 0.022347 74.480842 0.597689 248.961129 0.920808 -34.300631 3.260140
721 -1.436798 0.364454 7.245659 1.453645 224.470313 0.663598 84.346463 0.164099
721 -3.341815 0.378862 -13.142051 0.441006 239.779711 1.031021 -13.866356 3.974134
721 -1.743414 0.308361 -11.331559 3.443654 371.671490 0.423233 -80.256971 0.777331
721 -1.876520 0.029741 -37.532821 1.273329 296.940800 0.804827 -26.132159 1.043544
721 -3.379635 0.579431 -69.977654 0.225529 221.812313 0.025554 3.873829 4.049773
721 -3.631502 0.770619 -52.752967 0.743791 302.476706 0.208823 -14.654006 4.553507
721 -2.209633 0.094401 -48.003114 2.858770 401.375308 0.104218 -15.410329 1.709770
722 -2.468109 0.313470 28.683295 0.892347 271.868435 0.709948 -12.244312 2.226722
722 -3.414107 0.417987 48.030472 0.383665 240.815690 0.139512 -38.995410 4.118719
722 -2.469848 0.046374 30.409651 1.807965 347.094460 0.612046 -28.088656 2.230201
722 -1.671385 0.280555 33.883982 1.471768 227.526298 0.810674 78.922705 0.633273
722 -3.940056 0.209517 -27.988414 1.390917 310.577129 1.094155 -45.770158 5.170615
722 -1.851118 0.330020 -4.635548 3.422720 366.999871 0.443342 -73.312467 0.992740
722 -2.038288 0.038873 -37.493305 1.330431 299.245526 0.655432 -29.208223 1.367079
722 -1.941440 0.778245 -81.236685 0.393492 260.051194 0.786035 18.673750 1.173384
722 -2.139687 0.354660 -53.478914 1.036436 284.734786 0.766914 -16.915465 1.569877
722 -2.861164 0.065754 -47.714198 2.471788 371.442770 0.068776 -32.862486 3.012831
723 -2.099968 0.103334 4.420779 1.147203 291.047886 1.114656 -26.699864 1.490439
723 -3.431385 0.445903 48.121821 0.355716 240.318879 0.095412 -37.771773 4.153273
723 -2.706160 0.009949 37.455688 1.963067 360.294555 0.662787 -33.573564 2.702824
723 -1.600586 0.234274 9.433561 1.338092 210.020629 0.808422 88.316207 0.491675
723 -1.524562 0.648377 82.974388 0.732590 277.077553 0.193270 13.892209 0.339627
723 -1.748702 0.394171 14.252549 3.223772 355.885313 0.337038 -77.450143 0.787908
723 -3.295633 0.060333 -52.521678 0.523304 247.295596 0.631237 -16.903018 3.881769
723 -2.192026 0.722259 89.976531 0.465121 284.823911 0.652067 8.352660 1.674555
723 -1.634859 0.115818 -14.729147 2.643533 409.944554 1.085203 -14.212784 0.560223
723 -1.738933 0.016203 -65.888538 2.265480 359.514287 0.099705 -20.124561 0.768369
724 -1.943629 0.081729 20.797174 1.477596 325.334863 1.084086 -21.327797 1.177762
724 -2.739953 0.442712 53.365167 0.339855 240.747241 1.191906 -33.466693 2.770409
724 -3.603800 0.102312 56.555472 1.034809 289.274735 0.679520 -44.100100 4.498104
724 -1.431652 0.360756 -13.686864 0.547424 149.355200 0.803066 -87.509089 0.153808
724 -1.692102 0.615495 70.770796 0.583731 259.325838 0.209769 11.587790 0.674708
724 -1.652843 0.410872 11.265598 3.267229 358.228000 0.318397 -80.194719 0.596190
724 -2.657114 0.036565 -46.660102 0.589797 243.178911 0.715378 7.983418 2.604732
724 -1.748588 0.650301 -87.485703 0.548796 273.328013 0.694416 -8.486312 0.787679
724 -1.655413 0.132454 -36.916997 3.149323 446.426951 0.902796 -8.061987 0.601329
724 -2.199079 0.195128 -61.150498 1.971791 348.903383 0.164672 -23.456038 1.688661
725 -1.663837 0.069127 10.431610 1.754904 346.142924 1.086491 -5.693896 0.618178
725 -1.937375 0.498513 65.150842 0.863025 303.722920 0.953747 -18.005665 1.165254
725 -1.861210 0.022085 33.084834 2.987721 335.223300 0.692419 83.018687 1.012923
725 -1.597406 0.323328 -8.552869 0.784654 159.788547 0.887305 -75.369861 0.485316
725 -1.616937 0.613066 75.331591 0.518543 246.824834 0.409709 21.586658 0.524377
725 -1.634843 0.408867 -3.314368 2.624116 332.634897 0.225733 -88.251793 0.560189
725 -1.998567 0.026158 -46.861415 1.033705 274.803132 0.670136 10.068012 1.287637
725 -1.983361 0.495191 -82.423355 0.862321 299.310255 0.881628 -14.136044 1.257226
725 -1.698551 0.150701 -40.248163 3.094368 445.525704 0.937583 -6.998187 0.687606
725 -2.558723 0.262211 -46.758991 1.539210 311.577466 0.225814 -17.679340 2.407949
726 -1.715244 0.064457 14.863708 1.787241 350.655510 1.102031 -6.375386 0.720991
726 -1.745284 0.509332 -73.479809 0.975382 311.985589 1.132678 -0.208527 0.781072
726 -1.490322 0.017272 22.158519 2.042323 317.093100 0.292736 74.446587 0.271148
726 -1.461487 0.628995 -18.356008 0.527225 175.306229 0.537056 -58.055989 0.213478
726 -2.045276 0.629535 81.355240 0.392636 253.531149 0.458060 8.776744 1.381056
726 -2.707923 0.407987 -32.521745 2.225404 319.195060 0.118948 72.626139 2.706349
726 -1.919293 0.046257 -52.917704 1.078291 274.832903 0.603032 11.501501 1.129090
726 -1.677442 0.380761 -3.993832 1.093876 234.822893 0.302494 42.450728 0.645388
726 -2.076983 0.142764 -39.986615 3.093001 446.767813 0.968821 -10.077812 1.444469
726 -2.824669 0.270642 -45.911011 1.366478 293.999032 0.172331 -22.428013 2.939841
727 -1.539311 0.238905 -1.656479 1.085977 268.824664 1.121928 -13.883979 0.369125
727 -2.319051 0.602421 84.293094 0.339509 261.988463 0.898522 -13.312009 1.928607
727 -1.425155 0.006231 21.942240 2.199614 329.422073 0.273859 86.869933 0.140813
727 -2.298741 0.632628 -33.659864 1.876591 285.887919 0.587973 -64.913908 1.887985
727 -2.263094 0.413218 -17.644830 1.831496 280.615594 0.360733 43.872304 1.816691
727 -2.554535 0.430870 -36.328548 2.262627 319.968416 0.085250 77.155162 2.399574
727 -2.069898 0.012113 -48.581939 0.811635 253.030507 0.488445 -0.112366 1.430299
727 -1.675837 0.382885 -2.061205 0.480812 189.552263 0.218533 74.405575 0.642179
727 -1.846860 0.120408 -39.426914 3.134782 451.510718 0.977534 -4.405435 0.984224
727 -1.813361 0.229157 -23.148619 1.370355 271.493862 0.069176 -23.823409 0.917225
728 -1.666201 0.333338 -15.098813 2.433229 377.600294 1.160994 -16.658302 0.622905
728 -1.512773 0.721244 76.106366 1.450463 393.221688 0.316426 -15.367795 0.316049
728 -1.478754 0.011678 24.626601 2.296895 334.708370 0.273775 85.350151 0.248012
728 -1.440800 0.616607 0.070170 1.535955 196.375311 0.853319 88.063588 0.172103
728 -1.620000 0.680439 14.564747 3.495645 371.492998 0.195167 47.974539 0.530504
728 -1.630078 0.673181 18.150379 0.548657 181.951868 0.145591 78.068788 0.550660
728 -2.240717 0.234102 -85.477082 0.310436 214.884172 0.668510 2.674821 1.771939
728 -1.620971 0.471789 15.323238 0.315054 167.595912 0.265968 -88.497005 0.532445
728 -1.685877 0.072730 -40.907036 3.048185 449.421501 1.041667 7.867553 0.662257
728 -1.753844 0.439122 -18.054471 0.854647 220.638528 0.088146 -88.312696 0.798192
729 -1.491445 0.364798 -12.038809 2.339983 367.370021 1.128449 -3.924836 0.273394
729 -1.474624 0.727482 77.531805 1.355635 380.532932 0.296106 -12.712539 0.239751
729 -1.438231 0.019832 28.885632 2.360806 339.839554 0.279435 85.456063 0.166966
729 -1.481762 0.633748 -0.224713 1.449113 192.028820 0.876650 81.031470 0.254028
729 -1.602142 0.692881 13.946880 3.525048 372.145152 0.200160 47.380735 0.494787
729 -1.600024 0.609787 18.844614 1.472480 248.895746 0.302884 68.236991 0.490551
729 -1.519494 0.267617 -84.004247 1.187939 297.770753 0.490898 -8.060625 0.329492
729 -1.568953 0.460884 10.272792 0.195975 158.547787 0.226370 -87.796668 0.428410
729 -1.818771 0.081603 -39.284767 3.083119 452.987894 1.052521 8.245113 0.928047
729 -1.592288 0.501476 -5.314437 0.011284 145.473062 0.107277 15.393919 0.475080
730 -1.587126 0.322451 -12.548772 2.131219 358.163266 1.161846 -0.900490 0.464756
730 -1.639675 0.721654 78.229128 1.311915 376.768768 0.265802 -12.071391 0.569854
730 -1.555796 0.019787 25.557154 2.240740 331.471643 0.297394 85.295931 0.402096
730 -1.559244 0.605946 -4.004408 1.932140 227.873846 0.801320 -89.707525 0.408991
730 -1.623873 0.669862 15.394410 3.446876 371.319930 0.217615 46.449980 0.538251
730 -1.552598 0.758221 7.257263 0.262264 180.035748 0.142287 21.721723 0.395699
730 -1.749434 0.140846 -86.013630 1.588762 331.800636 0.470770 -6.051398 0.789372
730 -2.463221 0.486957 -33.972947 0.122268 168.155181 0.261990 -50.827258 2.216946
730 -1.750525 0.070404 -41.410780 3.102625 454.677178 1.066480 9.551716 0.791554
730 -1.957708 0.514141 -11.689540 0.133273 159.902137 0.187096 44.423467 1.205921
731 -1.601627 0.398780 -16.036576 2.357969 364.210576 1.157459 -18.676503 0.493759
731 -1.914424 0.724342 82.444777 1.415860 392.586142 0.273216 -15.920731 1.119352
731 -1.651360 0.050031 7.197794 2.098177 320.431439 0.289232 85.075092 0.593225
731 -1.527119 0.554456 -6.848796 2.216643 234.351266 0.865435 -86.920517 0.344742
731 -1.453074 0.677096 6.217029 3.417593 362.377631 0.241807 50.464988 0.196652
731 -2.535629 0.729030 -23.092427 1.188770 262.965908 0.384965 -25.756024 2.361763
731 -3.108937 0.219474 84.521479 0.490737 246.400117 0.394351 -22.789406 3.508378
731 -3.142638 0.612457 -41.442579 0.281378 188.582737 0.326523 -73.897555 3.575779
731 -1.762573 0.276631 -43.874653 2.740531 419.650006 1.040115 -13.520602 0.815649
731 -1.581607 0.484460 2.742654 0.245497 169.825888 0.174589 42.973594 0.453717
732 -1.784071 0.411108 -16.411491 1.990453 337.371999 1.098652 -21.262363 0.858645
732 -1.674175 0.712133 87.726068 1.522992 398.080739 0.279222 -14.267784 0.638854
732 -1.488135 0.035276 3.143316 1.981534 311.790294 0.287926 85.007883 0.266774
732 -1.719022 0.521082 -15.154486 2.279266 233.986412 0.915563 -87.585936 0.728549
732 -1.611967 0.776361 8.846564 3.568393 366.313775 0.215826 47.280326 0.514437
732 -2.881026 0.491905 -11.342064 1.031187 250.028436 0.267081 14.817479 3.052556
732 -2.099706 0.143389 85.639553 1.517843 322.315659 0.469395 -34.904138 1.489916
732 -1.605025 0.673847 16.349605 1.018636 216.837142 0.199888 59.141676 0.500555
732 -1.834520 0.307647 -45.085381 2.918743 432.992256 1.005620 -13.580374 0.959544
732 -1.992999 0.669710 -2.425359 0.170686 178.109271 0.160891 23.492492 1.276501
733 -2.091051 0.447704 -2.700313 1.530198 308.448512 1.062197 -11.329588 1.472605
733 -1.753238 0.709025 88.616103 1.524944 398.536753 0.292319 -14.409473 0.796980
733 -1.432956 0.108036 3.958913 2.228993 326.454944 0.249538 76.249618 0.156416
733 -1.540008 0.459056 -5.826023 1.906996 218.166394 0.896761 88.094234 0.370519
733 -2.257849 0.713102 -26.659174 3.121650 341.949533 0.171335 48.923427 1.806203
733 -2.197288 0.693103 25.922817 0.566720 207.787876 1.094874 21.575557 1.685080
733 -2.466414 0.134467 77.937838 1.662237 337.433092 0.480093 -37.314209 2.223332
733 -1.696932 0.660322 15.585092 0.882266 211.893263 0.032672 48.799688 0.684368
733 -2.062170 0.334998 -46.007243 2.898898 430.930754 1.017604 -16.345726 1.414844
733 -2.391567 0.741387 3.711352 0.429522 204.374178 0.193138 73.538533 2.073637
734 -1.674378 0.506934 -24.560960 1.930885 334.600676 1.085275 -10.903762 0.639259
734 -2.050480 0.692169 -89.751795 1.541212 397.744916 0.296975 -15.977734 1.391464
734 -2.463143 0.232454 -36.416913 0.504053 202.077993 0.160939 -73.964322 2.216791
734 -1.671859 0.472408 11.152810 1.909226 219.851456 0.915313 80.219825 0.634221
734 -2.525864 0.729193 -30.092535 3.261132 347.177660 0.184252 46.550915 2.342232
734 -1.923291 0.755396 21.634700 0.638405 197.792196 0.103096 28.285150 1.137086
734 -2.768064 0.150607 65.486911 1.055459 289.198919 0.704685 -40.813458 2.826631
734 -1.660251 0.480614 10.444156 0.727852 230.417950 1.062982 5.123943 0.611005
734 -2.499899 0.342029 -46.766834 1.790498 338.593682 1.032431 -31.263890 2.290302
734 -1.764106 0.645845 -22.278333 0.387321 177.431690 0.177787 -82.538165 0.818715
735 -1.608076 0.547505 -15.529795 1.718407 307.625743 1.003033 -9.191213 0.506655
735 -1.872548 0.697829 73.494882 1.435636 388.282408 0.301221 -19.332522 1.035599
735 -1.962408 0.298223 -44.326309 0.838023 223.298239 0.270990 -65.190741 1.215319
735 -1.527905 0.465121 9.395527 1.844431 214.795735 0.914528 80.889777 0.346314
735 -2.037501 0.797070 -18.392130 4.087394 385.760275 0.076490 56.772987 1.365506
735 -1.756335 0.717675 24.535880 0.656469 194.451771 0.256652 48.767899 0.803174
735 -1.621964 0.175973 64.522199 1.058373 282.857122 0.709033 -19.990486 0.534431
735 -2.059612 0.325438 14.588133 0.576856 237.549036 1.091647 -1.200662 1.409728
735 -1.674653 0.286607 -44.448179 1.802863 343.374213 0.973536 -16.566070 0.639809
735 -1.546174 0.601766 0.922187 0.246906 167.486705 0.198229 -78.545625 0.382852
736 -1.730640 0.569596 -24.280611 1.714675 311.362675 1.067321 -9.837469 0.751783
736 -1.599523 0.723226 81.361129 1.447782 393.733051 0.296393 -15.926484 0.489549
736 -2.378254 0.203098 -22.720077 0.830378 232.254947 0.115954 -88.663176 2.047012
736 -1.855703 0.431088 15.480818 1.437481 198.933888 0.935648 75.997607 1.001910
736 -1.527571 0.643320 -15.614846 3.472878 366.013309 0.076011 78.912511 0.345646
736 -2.165047 0.691797 -0.752754 1.318335 249.522032 0.285493 -54.687987 1.620598
736 -2.445783 0.172750 67.057612 0.759746 271.357019 0.796448 -19.745425 2.182070
736 -1.618009 0.418745 9.593846 0.969584 249.674819 0.933907 5.660394 0.526522
736 -1.902430 0.293674 -42.744032 1.747867 342.172365 0.966284 -13.453758 1.095363
736 -1.563352 0.793121 8.167733 1.356310 235.804280 0.191585 89.595037 0.417208
737 -2.986492 0.564899 -27.427478 1.602157 311.225080 1.120615 -29.148605 3.263488
737 -1.587621 0.735701 78.414382 1.436189 396.374455 0.292451 -11.213732 0.465745
737 -2.398814 0.198715 89.980726 1.285421 286.020133 0.147275 85.036490 2.088132
737 -1.856708 0.383709 20.491179 1.184015 186.556575 0.955175 71.854898 1.003919
737 -1.920688 0.617017 -22.471110 3.805795 387.281675 0.089722 72.920799 1.131879
737 -2.226085 0.657988 -80.564590 0.456300 213.321896 0.035649 69.172707 1.742673
737 -1.852669 0.191144 77.936223 0.735854 258.808480 0.719007 -19.547001 0.995841
737 -2.636111 0.428944 13.106691 0.760303 255.605482 0.849146 -4.198946 2.562726
737 -1.831882 0.190769 -55.256750 1.384486 321.881313 1.131671 -10.043449 0.954268
737 -1.456442 0.702991 4.150332 1.258918 227.959860 0.204466 80.146207 0.203388
738 -1.926507 0.449670 -59.488146 0.883256 281.730693 1.004622 -9.675494 1.143517
738 -1.558514 0.741157 81.765384 1.415495 396.849476 0.334613 -10.640201 0.407532
738 -2.841596 0.163716 88.143391 1.036613 268.241695 0.047267 84.410114 2.973696
738 -2.793257 0.410563 22.947922 0.356255 115.488594 1.143513 74.624765 2.877018
738 -1.466363 0.604818 -9.445291 3.793931 386.074559 0.091451 74.574640 0.223229
738 -2.168823 0.511520 77.764772 0.324351 220.291259 1.176748 23.974430 1.628149
738 -2.086927 0.226475 -79.912014 0.749902 268.677417 0.981129 7.959554 1.464358
738 -1.478755 0.501567 17.455391 0.947286 244.026334 0.970424 7.542530 0.248014
738 -1.622477 0.164876 -7.370022 1.311883 269.958649 0.065997 -49.104334 0.535457
738 -1.668030 0.734582 8.109249 1.301854 242.794486 0.080871 80.543351 0.626563
739 -2.569458 0.478420 -51.454071 1.023523 298.694188 1.037382 -10.157798 2.429420
739 -2.090937 0.071603 72.124789 2.695912 407.919989 0.373763 -34.326931 1.472377
739 -2.026964 0.125792 -78.658904 1.452500 296.573985 0.012065 76.968174 1.344432
739 -1.531842 0.579510 19.786352 0.352379 170.235104 0.177069 55.308782 0.354188
739 -1.832412 0.609691 -12.988083 3.853755 390.615285 0.096413 74.505100 0.955328
739 -1.581865 0.181693 -14.081408 2.111634 348.157618 0.490383 -12.732191 0.454235
739 -2.278616 0.124107 -67.221106 0.492067 231.933265 0.902079 -29.107455 1.847736
739 -1.519009 0.480883 17.593895 0.767566 234.676683 0.988864 3.573880 0.328523
739 -1.474014 0.094328 -6.078355 0.824974 225.212623 0.000654 -15.866984 0.238532
739 -1.901700 0.086772 -41.761006 0.604050 223.501844 0.549886 -2.837791 1.093904
740 -3.070344 0.496845 -38.786555 1.154606 300.849035 1.061520 -12.096286 3.431192
740 -2.092251 0.088562 85.524346 2.112413 372.452583 0.500769 -24.922668 1.475007
740 -2.477024 0.224970 -72.660069 1.563595 312.981602 0.107959 75.795768 2.244551
740 -1.568017 0.521932 -2.461017 0.775660 215.388337 0.010900 40.720010 0.426537
740 -2.421884 0.503241 5.615864 4.083067 416.930784 0.376073 40.788972 2.134271
740 -1.782235 0.018599 5.960440 2.509384 386.699483 0.337955 -0.178974 0.854974
740 -2.478360 0.636844 12.335231 1.303846 238.109780 0.410209 -42.213108 2.247225
740 -2.229206 0.655754 -9.735276 0.646674 207.918054 0.288404 -87.359516 1.748916
740 -1.630084 0.076900 2.658095 0.908572 231.701980 0.035027 -24.390736 0.550672
740 -1.891454 0.136316 -37.834449 0.945313 264.094007 0.714905 -22.471788 1.073411
741 -2.024949 0.543068 -78.641919 0.313605 228.049619 1.046347 13.129887 1.340402
741 -1.747037 0.152278 77.170377 2.111511 381.172574 0.569887 -11.412761 0.784577
741 -1.821153 0.199619 -82.445637 1.664234 317.781119 0.066314 78.078793 0.932811
741 -1.978565 0.763733 19.226834 0.384892 190.386678 0.138628 68.804245 1.247633
741 -1.630239 0.513583 11.008510 4.145262 421.873708 0.333063 40.984267 0.550982
741 -1.817861 0.004500 -6.342657 2.736936 402.565092 0.358873 12.952613 0.926226
741 -2.027945 0.688613 71.733136 0.932776 324.364946 0.279071 -32.700248 1.346394
741 -1.976616 0.572299 -35.586410 1.810483 275.808943 0.453677 -79.290716 1.243736
741 -1.508290 0.333195 9.605067 0.324650 162.998819 0.021262 -44.613890 0.307083
741 -1.958297 0.050323 -61.443701 0.882218 253.569679 0.308928 -17.148211 1.207098
742 -2.229203 0.470798 82.472927 0.457350 233.653283 1.147285 27.335024 1.748910
742 -1.735157 0.093823 46.635060 2.211020 377.673486 0.538512 -17.133508 0.760817
742 -1.888199 0.212488 -76.336632 1.566110 310.849285 0.024345 -89.981656 1.066902
742 -1.476315 0.209143 22.608662 0.836658 248.411620 1.048710 0.657887 0.243134
742 -1.712922 0.509779 10.113488 4.156423 423.042601 0.332934 40.268090 0.716348
742 -2.225756 0.036472 -8.161958 2.984964 413.308594 0.282776 18.957887 1.742015
742 -2.110037 0.609105 82.891452 2.637822 381.509661 0.730703 84.144899 1.510578
742 -1.468276 0.610762 -15.492657 0.902890 196.564566 0.409066 -82.117009 0.227055
742 -1.563483 0.339886 10.628813 0.328828 162.593247 0.071847 -45.705534 0.417471
742 -1.727089 0.601608 -19.827565 2.950437 307.573893 0.598533 89.241573 0.744681
743 -1.987021 0.530053 19.637598 0.647350 242.655153 1.160765 -0.229163 1.264546
743 -2.366949 0.287926 -26.406007 1.101434 280.802552 0.838519 9.753818 2.024402
743 -1.786969 0.132508 86.644635 1.622948 337.404285 0.573510 -15.869025 0.864442
743 -1.612534 0.152364 16.490485 0.500890 221.099587 1.171595 -2.697681 0.515572
743 -1.570065 0.535390 12.512730 4.204420 424.363561 0.356147 39.655952 0.430633
743 -2.361448 0.024856 -8.840338 3.256737 432.509225 0.266141 21.049469 2.013401
743 -2.407310 0.612509 83.296183 2.658254 385.441197 0.726627 85.007640 2.105125
743 -1.540995 0.588589 -18.203535 0.634982 178.499323 0.508772 89.776314 0.372493
743 -1.601736 0.333760 11.161636 0.288220 161.025810 0.080972 -46.939353 0.493976
743 -1.763423 0.745411 31.495334 0.830729 188.810035 0.583108 73.768635 0.817350
744 -1.643677 0.615397 35.386550 0.358212 189.889101 1.141438 14.085567 0.577857
744 -2.657473 0.494035 11.492526 0.786301 251.887395 0.765834 -0.052361 2.605449
744 -2.314494 0.458680 -87.262446 0.841147 289.673466 0.804649 -30.345721 1.919491
744 -1.594725 0.117535 9.726204 0.635246 233.695435 1.126580 -0.957394 0.479954
744 -1.691680 0.560591 10.219920 4.183974 416.180738 0.278740 46.800057 0.673863
744 -2.298258 0.021765 -9.477172 3.204471 426.699366 0.228667 21.831460 1.887019
744 -1.760699 0.623618 84.091694 2.686789 386.648206 0.728662 84.012053 0.811903
744 -1.721635 0.278256 67.771786 2.832618 422.226696 0.002819 13.534650 0.733773
744 -1.579048 0.398935 -16.086759 0.203247 156.961537 0.065205 -42.471163 0.448600
744 -1.732731 0.717147 34.644187 0.491856 168.314185 0.570514 63.594136 0.755967
745 -1.748375 0.558159 26.011565 0.387934 209.937719 0.994571 4.049724 0.787255
745 -1.792413 0.537943 29.058305 0.816307 247.863517 0.855864 12.137204 0.875331
745 -1.968994 0.523643 -72.671422 0.859364 294.276521 0.919457 -13.773305 1.228491
745 -2.413137 0.151872 -2.309687 1.111565 282.882910 1.053980 18.731951 2.116779
745 -1.500019 0.567675 11.883285 4.101654 410.413208 0.330628 46.566355 0.290541
745 -1.664712 0.013897 19.059526 2.662696 389.080005 0.157562 -2.057813 0.619928
745 -1.844261 0.626126 83.402766 2.573920 380.249109 0.726880 84.374107 0.979026
745 -1.747905 0.277752 68.458856 2.999016 434.534541 0.019484 17.224948 0.786313
745 -1.497480 0.492118 9.167363 0.037216 135.448962 0.038115 -28.264926 0.285464
745 -1.490891 0.529200 5.498552 0.894733 221.313768 0.208843 44.091829 0.272285
746 -1.636616 0.598210 38.598694 0.471983 211.353851 1.160778 15.644025 0.563735
746 -1.978873 0.552727 28.514513 0.740836 244.049874 0.855263 12.349499 1.248250
746 -2.292566 0.596265 -6.613248 0.900373 216.357398 0.618146 16.209074 1.875636
746 -1.673723 0.342519 -31.705639 0.659045 194.440148 0.496001 -82.274467 0.637950
746 -1.521725 0.530226 3.974747 5.977655 494.159753 0.137964 54.384742 0.333954
746 -1.775459 0.010230 35.323579 2.548025 396.622539 0.508685 5.940969 0.841422
746 -1.661999 0.630326 87.824711 2.567677 385.044056 0.697123 88.145843 0.614502
746 -1.695562 0.277284 67.833549 3.076145 439.206483 0.013153 17.950343 0.681628
746 -1.881231 0.500357 24.132493 0.132273 141.592569 0.009465 -24.527106 1.052966
746 -1.433019 0.520894 12.140642 0.325875 165.963919 0.099221 29.694677 0.156542
747 -1.861792 0.552207 31.394952 0.924942 240.739979 1.025120 23.466414 1.014087
747 -2.922303 0.537340 33.388079 0.377061 229.910643 0.895234 11.155445 3.135111
747 -1.846325 0.631217 -2.339011 1.185834 236.834658 0.572763 24.478667 0.983155
747 -1.524643 0.378463 14.382953 0.613733 197.745610 0.265791 67.007968 0.339790
747 -1.464139 0.571112 4.886828 5.940142 488.966499 0.150646 50.152586 0.218781
747 -1.597620 0.028786 37.132818 2.289428 373.733060 0.504656 8.939742 0.485743
747 -7.071504 0.458004 -26.498505 3.017851 494.384324 0.529491 69.010468 11.433512
747 -2.098487 0.285915 57.308847 3.098492 440.778825 0.026089 31.317779 1.487479
747 -1.725532 0.492765 19.210631 0.032910 132.787817 0.007779 -24.179326 0.741567
747 -1.964378 0.617657 8.486170 0.256338 181.744860 0.026570 30.909522 1.219260
748 -1.521939 0.576776 33.434054 0.643693 221.113794 1.106421 14.075225 0.334382
748 -1.669860 0.526564 28.870384 0.716445 232.379810 0.779082 14.615179 0.630224
748 -2.438536 0.628563 -0.681519 1.324967 239.699285 0.660078 37.080260 2.167575
748 -1.705914 0.334066 -12.261945 1.046398 232.631369 0.213802 70.470485 0.702333
748 -1.708205 0.586990 2.748042 5.928420 488.858550 0.062999 51.031767 0.706913
748 -1.693861 0.054928 30.072302 2.231655 372.703028 0.499570 -15.763313 0.678226
748 -7.037244 0.452409 -26.689173 3.030961 493.764734 0.517603 68.985059 11.364992
748 -2.030793 0.302965 56.225694 3.154218 445.264797 0.050827 32.965761 1.352089
748 -1.991329 0.531825 -11.080584 0.414678 196.873554 0.153337 -14.320138 1.273163
748 -1.821696 0.773139 14.849892 0.829677 209.414701 0.154765 -10.411425 0.933895
749 -2.173776 0.473710 -65.970638 0.761019 264.566107 0.345297 6.633815 1.638056
749 -2.524184 0.491937 28.107548 0.466982 192.209209 0.545411 35.848473 2.338871
749 -2.553631 0.587216 -6.976777 0.940800 220.093701 0.570692 29.104241 2.397766
749 -1.746597 0.315618 -23.082075 1.225991 241.914678 0.283862 77.213395 0.783698
749 -1.520350 0.609093 3.920573 5.925671 485.062293 0.065202 52.527299 0.331204
749 -3.268877 0.698460 -85.993684 0.039624 106.793436 1.077766 -34.299600 3.828258
749 -7.038038 0.451239 -26.481119 3.043988 494.490678 0.515585 68.913699 11.366580
749 -2.218990 0.275763 56.295974 3.247635 448.224992 0.057024 34.734467 1.728484
749 -2.049518 0.789090 17.913482 1.143650 231.121871 0.364540 7.796841 1.389540
749 -1.643008 0.726805 6.209106 1.170300 233.119541 0.152527 -34.705228 0.576520
750 -2.354964 0.452838 82.968477 0.323996 222.671811 0.728285 24.173451 2.000433
750 -1.918598 0.472968 21.072796 0.676547 210.398313 0.559870 39.160431 1.127700
750 -1.586495 0.617318 10.878874 1.179635 250.308926 0.374006 23.898437 0.463493
750 -1.467305 0.281550 -18.739154 1.394421 253.530419 0.281205 88.777405 0.225113
750 -1.809322 0.622741 -9.152478 6.225969 493.275719 0.109416 47.176800 0.909147
750 -3.190976 0.661740 -81.369684 0.052794 109.415558 1.055824 -35.651128 3.672457
750 -6.944137 0.452092 -26.425605 3.045058 494.562422 0.514283 68.758186 11.178779
750 -2.132635 0.282381 53.327228 3.274242 449.363091 0.066879 32.912262 1.555774
750 -1.427543 0.769684 2.245983 0.311804 183.213757 0.392974 4.904832 0.145590
750 -1.479082 0.765996 -3.104860 1.379495 245.579316 0.149703 -44.729554 0.248668
751 -2.253037 0.455986 72.963362 0.287366 215.273047 0.586237 18.556999 1.796577
751 -1.851700 0.462315 9.320076 0.527093 191.049547 0.420409 69.153002 0.993903
751 -1.419818 0.598966 18.904149 0.862745 220.727564 0.500048 31.282067 0.130139
751 -1.428325 0.260289 -18.120814 1.152247 234.831680 0.283792 -84.278721 0.147154
751 -2.366251 0.690283 -13.263757 6.400718 494.028311 0.112588 38.197797 2.023005
751 -3.463441 0.654108 -69.598068 0.121643 144.953186 1.084722 -26.633436 4.217385
751 -6.968032 0.452470 -26.721616 3.038393 494.103550 0.513020 68.691258 11.226569
751 -2.258011 0.281991 53.400682 3.282356 450.301708 0.068494 33.025166 1.806525
751 -1.430150 0.681516 6.592562 1.415663 257.593560 0.386354 27.011154 0.150803
751 -1.529714 0.765548 -5.041868 0.030481 157.827073 0.081035 -34.616786 0.349932
752 -2.120713 0.458959 61.955946 0.365832 219.389059 0.584774 19.853579 1.531930
752 -3.557930 0.358471 83.007749 2.736794 431.338541 0.414974 37.083051 4.406363
752 -2.081469 0.695709 14.660147 1.359999 264.596409 0.514919 9.493142 1.453442
752 -1.467949 0.274183 -15.326794 1.563797 267.006789 0.232737 86.148198 0.226402
752 -1.454241 0.681953 -4.560277 6.501719 497.647659 0.065490 45.803246 0.198986
752 -2.941317 0.740925 -82.763646 0.020622 122.760532 1.037703 -40.443202 3.173137
752 -7.006873 0.452413 -26.733068 3.040150 494.263603 0.512954 68.796735 11.304249
752 -2.198248 0.283845 52.710777 3.402202 458.172228 0.061454 33.894290 1.687000
752 -1.379958 0.641252 10.031168 0.285121 169.933951 0.363435 22.199444 0.050420
752 -1.640444 0.766904 5.889236 0.250916 147.977437 0.306739 -40.897020 0.571392
753 -1.686987 0.493847 64.150913 0.548483 228.661493 0.695901 26.355094 0.664478
753 -3.600894 0.349679 81.953715 2.750271 430.160467 0.407630 37.540544 4.492293
753 -1.603288 0.615324 -2.725552 2.578609 356.439733 0.735495 -1.861526 0.497080
753 -1.903037 0.440914 -22.309776 0.218358 160.204922 0.260689 72.277654 1.096578
753 -1.692542 0.698599 -4.618912 6.503302 497.960666 0.070142 38.253438 0.675588
753 -2.833774 0.768662 -81.316405 0.024306 123.581814 1.024304 -39.640247 2.958051
753 -6.862975 0.453112 -26.774901 3.062414 496.247252 0.517856 68.145606 11.016454
753 -2.091677 0.271455 56.731360 3.444608 461.551277 0.021130 38.527110 1.473859
753 -1.499256 0.530814 14.051347 0.737430 195.081116 0.210726 69.735673 0.289016
753 -1.848700 0.770166 4.712205 0.304907 174.965185 0.388698 -41.834209 0.987905
754 -1.866263 0.472685 66.518959 0.707539 242.350641 0.647201 36.334857 1.023029
754 -1.948347 0.037763 78.898400 0.709698 243.892319 0.454900 -9.016367 1.187199
754 -1.532815 0.628827 -5.485709 2.634858 352.295311 0.704444 -3.279720 0.356133
754 -1.394531 0.610096 8.024003 0.057637 140.497673 0.298785 55.129865 0.079565
754 -1.821268 0.696673 -4.904321 6.445059 497.314932 0.056360 33.111595 0.933041
754 -2.663504 0.707629 -45.299019 0.013519 130.771926 0.953671 -37.033354 2.617511
754 -6.815346 0.452740 -26.595864 3.057684 495.775056 0.518953 68.210469 10.921195
754 -2.286063 0.270503 57.274248 3.450124 462.448502 0.024623 38.213224 1.862631
754 -1.468395 0.567854 -1.662171 0.665762 198.239876 0.165364 64.050244 0.227294
754 -1.771428 0.743278 0.552165 0.711349 201.022944 0.385350 -46.905972 0.833360
755 -2.147023 0.421958 73.577235 0.802438 246.602206 0.589381 46.816622 1.584551
755 -1.889104 0.077309 47.482985 0.634684 231.436620 0.433374 -2.084082 1.068711
755 -1.694172 0.635132 -9.998390 2.745027 362.344127 0.717577 -7.645490 0.678848
755 -2.076980 0.611382 -17.014487 0.216597 159.551041 0.491651 68.511188 1.444463
755 -1.764959 0.666255 -1.592371 6.179487 491.431017 0.080908 35.279350 0.820422
755 -2.830772 0.702465 -46.559707 0.301223 151.492767 0.939936 -42.238867 2.952048
755 -2.158704 0.666619 17.065258 0.025340 76.961100 1.093196 -58.076167 1.607911
755 -2.272087 0.265558 58.944813 3.295870 452.626865 0.018351 30.271414 1.834679
755 -1.597113 0.629869 -2.637820 0.254921 149.410936 0.181236 45.821635 0.484730
755 -1.396872 0.697194 -5.664663 0.121195 136.652146 0.509867 -82.187165 0.084248
756 -2.251663 0.470233 -77.145849 0.231943 173.607850 0.590964 20.359463 1.793829
756 -1.631005 0.094902 64.885970 0.610605 226.312400 0.478455 -6.941529 0.552514
756 -2.016518 0.589036 -2.143026 2.832925 372.853557 0.694850 1.182267 1.323539
756 -1.837022 0.591585 -19.169044 0.206678 165.043178 0.363102 -87.573083 0.964548
756 -1.727111 0.663718 -4.258178 6.250338 494.394561 0.089163 32.703348 0.744725
756 -2.268596 0.762412 -44.482160 0.099705 141.658899 0.976323 -29.387533 1.827696
756 -2.190003 0.663542 19.581966 0.181100 92.847975 1.065789 -58.428008 1.670510
756 -1.870381 0.262701 59.221671 3.199428 444.131355 0.028471 26.304601 1.031265
756 -2.160173 0.718280 -19.283792 0.582244 193.222494 0.290448 44.835725 1.610849
756 -1.484710 0.697412 -1.213048 0.248811 156.840687 0.416515 -69.563231 0.259925
757 -2.402548 0.483632 76.145309 0.126316 137.124814 0.787778 3.513770 2.095599
757 -2.527023 0.167476 73.349618 0.660056 230.224573 0.498808 34.308726 2.344549
757 -2.042040 0.439075 15.033697 2.411847 345.062614 0.521669 27.682859 1.374583
757 -2.522350 0.017845 -84.268518 1.573141 320.296151 0.529811 -39.041763 2.335204
757 -1.759305 0.689529 -16.685209 6.393731 493.916864 0.037564 34.369818 0.809113
757 -3.602949 0.762145 -54.899168 1.114850 348.391412 0.044629 -59.872833 4.496402
757 -2.498879 0.673569 -43.659894 0.479714 144.693584 1.004795 83.065328 2.288263
757 -1.837059 0.252405 61.609655 3.146856 439.793272 0.038475 25.882196 0.964622
757 -1.515016 0.625043 20.902355 0.066442 135.445017 0.205694 54.992098 0.320535
757 -2.409764 0.136083 45.163885 1.157081 240.802668 0.594648 63.620065 2.110031
758 -2.249331 0.429831 58.841598 0.182845 154.169569 0.760448 9.134717 1.789165
758 -2.746040 0.155705 74.697451 0.466814 225.033450 0.495091 18.646533 2.782584
758 -3.120716 0.372616 19.958523 2.324717 355.496920 0.521425 17.254756 3.531936
758 -4.715415 0.784771 89.923969 1.597002 406.385831 0.364843 -67.201077 6.721335
758 -1.764174 0.700899 -14.375180 6.458933 495.658245 0.032869 31.557865 0.818852
758 -1.648758 0.728384 3.205919 2.404668 258.339597 0.718618 80.440141 0.588019
758 -2.678655 0.682572 -2.747482 0.934011 171.407866 0.945289 -74.573582 2.647813
758 -2.142362 0.245519 57.761195 3.053147 433.291279 0.046474 21.493362 1.575228
758 -1.503870 0.474708 6.057595 0.233646 166.700128 0.131747 25.004133 0.298243
758 -2.043513 0.419522 -38.031823 2.662809 353.415088 0.258242 -59.790281 1.377531
759 -2.271731 0.434671 56.335137 0.183403 156.877677 0.763249 7.187687 1.833965
759 -2.098371 0.153333 30.320073 0.292353 177.014414 0.956496 13.886673 1.487245
759 -1.811513 0.371846 16.827171 2.635811 364.217783 0.524251 23.676171 0.913529
759 -4.922848 0.779340 89.001243 1.609163 407.460327 0.367780 -66.761090 7.136199
759 -1.958401 0.743586 -15.278756 6.560429 494.385457 0.014537 30.801304 1.207306
759 -1.515433 0.755568 -5.424822 2.320912 246.244652 0.754296 71.993049 0.321370
759 -2.415391 0.673171 -42.202702 0.497235 155.879311 0.925237 84.753556 2.121285
759 -1.776073 0.279942 63.560622 3.057352 437.132252 0.031537 30.804305 0.842649
759 -1.403695 0.548241 2.781385 0.427801 173.776275 0.131529 14.483323 0.097894
759 -1.761792 0.408384 -76.192259 1.954757 339.883646 0.403151 -73.112306 0.814087
760 -4.667060 0.454541 79.067209 0.317164 224.406947 0.504224 44.947651 6.624623
760 -1.949940 0.171127 36.653868 0.270187 188.199943 0.952904 8.184143 1.190384
760 -1.524064 0.464294 18.938367 2.736406 363.651221 0.476569 28.660144 0.338631
760 -5.405012 0.778588 85.144695 1.553840 408.172694 0.358387 -66.026242 8.100528
760 -1.463357 0.758615 -11.732241 6.533591 488.490191 0.003392 32.115146 0.217218
760 -1.655141 0.694340 13.772341 1.132758 176.186393 0.902804 85.573226 0.600786
760 -1.523741 0.691605 -23.943725 0.044857 114.598865 0.875120 -89.196331 0.337985
760 -1.804444 0.275175 60.724949 3.020859 433.152445 0.045120 29.801060 0.899392
760 -1.481748 0.561746 13.579391 0.286066 165.929732 0.150032 22.775561 0.254001
760 -1.874068 0.409718 -78.206039 1.792311 335.901016 0.381724 -66.166476 1.038641
761 -2.598918 0.635525 -79.398893 0.563509 271.147077 0.497765 33.104197 2.488340
761 -1.912231 0.250563 34.544710 0.438386 217.964487 0.931080 -19.878480 1.114966
761 -1.572206 0.468581 20.107088 2.676384 359.181564 0.480435 31.050268 0.434916
761 -5.232705 0.779516 83.874811 1.454721 398.920342 0.356255 -66.145713 7.755914
761 -2.190100 0.771609 -12.934947 6.267736 480.914105 0.030402 31.513003 1.670703
761 -1.443983 0.753884 0.636435 0.354684 121.197139 0.925350 88.906482 0.178470
761 -1.990147 0.181666 16.101477 2.150882 316.079425 0.433134 56.223141 1.270799
761 -4.195721 0.534500 -35.269152 0.637423 265.248025 0.689203 18.458367 5.681945
761 -2.261882 0.600446 -2.742219 0.651915 219.438804 0.007846 45.787444 1.814267
761 -1.625105 0.323969 82.465740 1.157288 298.360446 0.295368 -19.963102 0.540714
762 -1.967699 0.649118 -86.698470 0.369630 217.378972 0.485337 32.393121 1.225903
762 -1.842459 0.196321 41.380809 0.601556 237.976360 0.898742 -19.224939 0.975422
762 -1.542212 0.486159 16.053577 2.878501 363.017463 0.478082 34.935624 0.374927
762 -1.432247 0.196292 -23.347501 1.706319 295.976849 0.135519 -55.136476 0.154997
762 -1.947174 0.766070 -16.754590 6.367855 484.084309 0.084554 25.177129 1.184852
762 -1.383682 0.090051 25.792436 0.279813 129.814757 0.862666 87.918869 0.057867
762 -1.413644 0.212272 10.534703 2.294640 334.475725 0.176637 53.359886 0.117793
762 -3.397846 0.548080 -41.425631 0.596464 256.538200 0.673747 23.818686 4.086195
762 -1.484015 0.618815 -4.510030 0.240307 156.479218 0.146031 23.789038 0.258535
762 -2.081372 0.504330 76.291269 1.033312 301.242309 0.086199 -45.112200 1.453248
763 -3.401072 0.633768 -55.819911 0.598735 273.090210 0.394608 29.107768 4.092647
763 -2.819405 0.230416 44.604718 0.566116 254.718368 0.964230 -27.326003 2.929313
763 -1.555071 0.487924 16.779975 2.892037 362.524734 0.465168 37.211748 0.400646
763 -1.910072 0.177563 -30.731013 1.434742 284.637696 0.189433 -49.555526 1.110648
763 -1.742803 0.680614 -17.784557 5.824156 471.593163 0.073046 35.292738 0.776110
763 -1.572807 0.757680 34.475282 0.229890 115.310518 1.020787 88.281891 0.436117
763 -1.670156 0.082349 11.939663 1.983502 321.208398 0.154594 69.220736 0.630817
763 -4.605380 0.555199 -44.950556 0.278547 238.211435 0.619534 34.887686 6.501265
763 -1.705543 0.666374 -15.394803 0.347008 175.699672 0.060094 17.995443 0.701589
763 -1.667978 0.497108 -86.080952 1.001362 286.585373 0.143603 -45.818391 0.626459
764 -3.991006 0.710559 46.216564 0.476952 273.133468 0.152307 -16.439922 5.272516
764 -2.637664 0.324575 29.498367 0.478931 235.088155 0.940634 -27.085182 2.565833
764 -1.753883 0.581303 11.544753 3.209200 358.635357 0.393843 53.594603 0.798270
764 -1.788250 0.170261 -27.950820 1.682863 300.296029 0.092959 -54.557275 0.867004
764 -1.576681 0.720567 -12.506607 5.820883 468.004589 0.015336 35.770877 0.443866
764 -1.553912 0.723287 28.027413 0.646630 146.277690 0.904036 81.639269 0.398329
764 -1.578153 0.676295 -11.638247 0.077527 154.301081 0.185236 -85.008521 0.446810
764 -3.517084 0.551381 -42.422524 0.344405 226.124686 0.672124 26.724244 4.324671
764 -1.368339 0.504990 -2.765774 0.488281 185.679594 0.110648 -0.191783 0.027181
764 -1.721692 0.455054 -80.734138 1.420686 330.079194 0.194852 -25.994093 0.733888
765 -2.205803 0.704267 -69.859991 0.330964 209.466656 0.070140 11.510931 1.702111
765 -2.268036 0.253134 31.532547 0.509841 235.513802 0.961201 5.290728 1.826577
765 -1.612592 0.377936 -3.890005 3.788416 423.908964 0.185025 5.091649 0.515688
765 -1.606254 0.206914 -22.053723 2.037041 321.363178 0.058840 -53.931871 0.503011
765 -1.903982 0.719307 -12.211639 5.907560 470.902935 0.093682 39.693421 1.098467
765 -2.193685 0.057465 37.391910 0.637112 158.557153 0.953141 68.648548 1.677873
765 -1.616218 0.753052 18.676596 0.768282 137.968715 1.061594 79.962336 0.522940
765 -2.637147 0.745511 -59.719202 0.019509 185.081669 0.591309 15.662226 2.564798
765 -1.556293 0.532115 -7.210241 0.192704 164.506782 0.028409 24.001977 0.403090
765 -2.511481 0.464131 -76.844829 0.480356 238.309531 0.200259 -33.399054 2.313466
766 -2.216444 0.663398 -70.780859 0.284265 207.226425 0.055945 3.473244 1.723392
766 -1.665221 0.271698 29.975138 0.488253 219.258156 0.887493 -1.048802 0.620946
766 -1.424377 0.418345 -2.545372 3.602593 405.253748 0.115610 0.211648 0.139257
766 -1.483766 0.410524 -4.191137 2.168085 316.549446 0.062805 -40.335987 0.258035
766 -1.993464 0.719055 -17.985578 4.726454 423.217241 0.121407 30.240830 1.277431
766 -1.396793 0.130452 15.101139 0.392013 129.019995 0.932229 84.882362 0.084091
766 -2.147839 0.766500 2.790893 1.349561 202.571299 0.855480 67.248977 1.586182
766 -2.680516 0.776987 -65.072348 0.268913 207.912870 0.518717 7.541409 2.651535
766 -1.462486 0.596041 -4.776522 0.256666 155.987378 0.082182 34.322247 0.215475
766 -1.964209 0.469669 -72.728630 0.240902 170.095204 0.211658 -22.174275 1.218922
767 -2.404263 0.172716 87.348274 1.065587 296.842051 0.732057 -24.565603 2.099030
767 -2.301645 0.320157 27.549864 0.168799 198.833598 1.003179 -1.057706 1.893794
767 -1.522082 0.434527 4.174254 3.714222 410.269795 0.123870 -0.398048 0.334667
767 -1.499732 0.461766 0.912629 2.712402 345.834040 0.019407 -42.521940 0.289968
767 -1.726030 0.681371 -21.010918 5.237122 448.791757 0.022688 27.589726 0.742563
767 -1.412491 0.183393 43.559479 0.452407 140.336239 0.885193 82.064420 0.115486
767 -3.195653 0.411665 48.919105 0.345329 246.043230 1.012203 -31.402368 3.681810
767 -1.944045 0.221198 -77.829513 0.946671 270.734555 0.297851 -13.818130 1.178594
767 -1.464722 0.502941 0.021317 0.152291 157.936109 0.077993 29.901598 0.219948
767 -1.975798 0.474337 -86.282054 0.119177 152.413422 0.282506 -12.253273 1.242100
768 -3.122007 0.234102 71.446984 0.775772 276.797864 0.706060 -34.836308 3.534517
768 -1.805368 0.271839 18.458844 0.472324 222.383551 1.049946 -10.920944 0.901240
768 -1.804229 0.402911 9.745294 3.177789 384.221998 0.143157 -3.490293 0.898961
768 -1.689120 0.345138 -21.497812 1.935483 306.066076 0.062646 -53.029050 0.668743
768 -2.258082 0.715421 -19.331007 5.736397 465.933711 0.051297 38.733824 1.806668
768 -1.668257 0.215381 55.273893 1.092745 182.961166 0.986105 79.455936 0.627017
768 -3.826640 0.342895 20.172227 0.812043 275.722488 1.009797 -43.636714 4.943784
768 -1.885755 0.233709 -68.331842 0.997817 273.448899 0.375308 -16.422437 1.062014
768 -1.747948 0.484466 21.212490 0.349539 164.114486 0.015824 30.946976 0.786401
768 -2.022983 0.473783 88.019630 0.213417 166.779000 0.375422 6.428763 1.336470
769 -1.736240 0.270840 -82.482423 0.934673 273.543822 0.658274 -28.407958 0.762983
769 -2.032666 0.299648 -17.432653 0.975684 263.602862 1.119224 -23.919859 1.355836
769 -2.142250 0.454020 19.014247 3.575176 398.634520 0.109286 -2.538681 1.575004
769 -1.591698 0.309643 -27.582324 2.148322 324.878562 0.179757 -47.777681 0.473900
769 -2.239773 0.729674 -16.707926 5.406408 453.177062 0.076884 26.449643 1.770050
769 -2.576861 0.207517 51.253827 1.171900 193.059204 0.991693 68.744593 2.444226
769 -2.032661 0.032017 -11.899741 0.639871 236.603536 1.130299 15.275945 1.355826
769 -1.710406 0.194545 -73.921912 1.263942 290.376005 0.309572 -34.104131 0.711317
769 -2.197633 0.504257 32.107240 0.218238 144.780846 0.040534 27.120239 1.685770
769 -2.277051 0.483809 -87.243655 0.212392 153.660478 0.392751 1.249446 1.844606
770 -1.523565 0.280851 -82.806254 1.037479 290.587970 0.832671 -4.708271 0.337634
770 -1.755121 0.308707 -37.017016 1.080542 272.094150 1.173981 -24.335597 0.800746
770 -1.730392 0.417259 8.914389 3.319804 390.821883 0.155445 -4.924560 0.751288
770 -1.548345 0.259483 -26.900401 1.969584 318.171096 0.223424 -45.403009 0.387193
770 -1.897347 0.729841 -6.221949 5.460208 455.101972 0.020986 31.741518 1.085198
770 -1.585988 0.241049 57.648917 0.963431 170.071314 1.015821 76.177843 0.462480
770 -1.733224 0.100279 -11.504619 1.033349 270.846733 1.052134 8.662093 0.756951
770 -1.580601 0.272249 86.210037 0.451796 224.150383 1.002338 -9.133908 0.451705
770 -2.354293 0.525973 35.309824 0.260019 148.037328 0.028099 29.827355 1.999090
770 -1.973784 0.466990 -83.182986 0.139457 158.716466 0.372004 1.062483 1.238072
771 -2.443883 0.255554 88.236207 1.871785 363.061321 0.639130 -40.613004 2.178270
771 -1.788521 0.337185 -22.071669 1.373423 298.881631 1.172813 -16.591138 0.867545
771 -1.577116 0.415741 4.529193 3.333770 392.153094 0.160284 -6.334403 0.444736
771 -1.626604 0.273903 -11.382364 2.015065 308.136637 0.303182 -47.493438 0.543711
771 -1.468210 0.710493 -2.877925 5.612344 461.357938 0.021404 32.060900 0.226923
771 -1.735660 0.226584 64.495133 1.196895 186.468370 1.016756 74.442464 0.761825
771 -1.972395 0.177877 -23.891445 0.916043 262.717828 0.860737 2.202370 1.235293
771 -3.044755 0.305190 -69.857362 0.546074 255.604530 0.998977 -28.341419 3.380013
771 -1.772053 0.522937 24.422031 0.149182 141.165473 0.133133 37.536529 0.834610
771 -2.071617 0.473566 84.669152 0.122057 150.423687 0.236103 -17.759352 1.433739
772 -3.538538 0.232812 89.819300 1.772361 356.834937 0.653065 -43.321902 4.367581
772 -1.724635 0.012582 -24.566123 1.311841 286.910816 0.417306 7.002610 0.739774
772 -1.675498 0.392180 -10.060211 2.926432 373.715731 0.180078 -23.007666 0.641500
772 -1.467744 0.184839 -17.528993 1.848826 311.271223 0.214712 -33.873056 0.225991
772 -2.500770 0.673696 -18.275460 5.333810 454.646356 0.101178 35.218617 2.292044
772 -1.674158 0.268225 79.212925 1.191055 187.589460 1.014504 74.119336 0.638819
772 -2.459609 0.313703 -19.377778 0.978627 260.851765 0.646426 -10.969662 2.209722
772 -3.408922 0.241164 -84.065066 0.299252 247.746905 1.005186 -9.850941 4.108348
772 -2.502227 0.342639 26.113244 0.484526 172.944015 0.231811 -33.757746 2.294958
772 -1.917751 0.565833 -86.848928 0.144529 159.890198 0.180277 22.524745 1.126006
773 -4.101289 0.207316 54.190454 0.678867 269.911842 0.887144 -44.625241 5.493082
773 -2.001947 0.799780 -16.824870 1.603091 265.273883 0.431773 8.906701 1.294397
773 -2.541341 0.529621 32.223555 0.603545 180.271462 0.115744 -25.368249 2.373186
773 -3.189300 0.173986 8.322912 1.067180 269.223107 0.327249 -22.469811 3.669103
773 -1.618190 0.637094 10.999782 4.022871 408.722555 0.175037 22.431509 0.526883
773 -2.149014 0.272376 76.828749 1.252972 193.803003 1.024714 76.666308 1.588532
773 -1.753677 0.457750 14.578004 1.824662 295.322658 0.174425 13.090935 0.797857
773 -1.663462 0.314577 -81.035033 0.784815 261.158918 0.939665 3.450078 0.617429
773 -1.815138 0.433346 15.135655 0.843302 204.139099 0.145405 -63.278230 0.920780
773 -1.955780 0.617864 85.688998 0.058866 150.033793 0.179665 27.568180 1.202063
774 -2.184521 0.308441 -67.877870 1.110433 283.159358 0.677124 -40.233991 1.659547
774 -2.264647 0.006043 -18.287077 1.070813 276.720814 0.597764 16.300117 1.819798
774 -1.589943 0.436435 -4.679569 0.566086 193.238918 0.248769 18.073732 0.470391
774 -1.685725 0.031768 -54.126631 1.175011 284.299046 0.497463 -10.591551 0.661953
774 -1.793067 0.635482 15.671010 4.184164 417.592440 0.195938 21.445194 0.876638
774 -1.717097 0.523705 -81.526200 1.202881 338.034749 0.777180 -4.265572 0.724698
774 -1.400052 0.497648 3.653843 1.205081 245.335613 0.206126 19.709816 0.090607
774 -1.992308 0.370564 85.758743 0.310514 228.360510 1.029344 -19.134134 1.275120
774 -1.679003 0.417708 -27.949148 0.416656 175.571638 0.391732 -84.884949 0.648510
774 -1.957927 0.612986 86.161958 0.068498 149.802194 0.245913 37.008280 1.206357
775 -2.140341 0.081080 -32.392033 0.547502 150.459076 0.978509 89.200802 1.571186
775 -2.427000 0.107781 -15.063361 1.290778 280.172113 0.372273 12.206140 2.144504
775 -1.993044 0.462101 -66.544387 1.642370 363.922088 0.848013 -13.097907 1.276592
775 -1.810513 0.112666 -29.083340 1.734702 327.902152 0.557149 4.376792 0.911531
775 -1.768417 0.647355 13.956080 4.153304 414.798739 0.194529 19.044125 0.827338
775 -1.910235 0.457836 -78.545603 1.098608 311.319894 0.677567 20.801027 1.110974
775 -1.892490 0.398804 17.270498 1.598594 276.777747 0.001132 19.971914 1.075484
775 -1.999606 0.353401 -70.536719 0.503215 239.468222 0.944394 -20.984980 1.289716
775 -1.559975 0.332354 6.287951 0.387314 169.858260 0.123408 -28.686990 0.410454
775 -1.936103 0.714916 82.370711 0.078487 152.965462 0.209755 38.058665 1.162710
776 -1.607061 0.207626 -5.031668 0.198365 107.412063 1.020387 -76.959497 0.504626
776 -2.513194 0.127782 -8.919737 1.846064 308.298106 0.208673 52.872542 2.316892
776 -2.015578 0.454715 -80.551499 1.500604 366.444298 0.980148 -10.976020 1.321659
776 -2.323825 0.152838 -27.472381 1.661506 320.920020 0.439233 10.405863 1.938154
776 -1.829662 0.646712 16.752761 4.162215 415.268736 0.185021 19.565517 0.949827
776 -1.913997 0.155760 -71.776865 1.714472 334.482959 0.447320 -29.662797 1.118498
776 -2.026160 0.324335 -10.620535 1.628267 291.195661 0.098201 16.873282 1.342823
776 -2.054324 0.402718 -69.721503 0.998514 296.494489 0.600625 3.925094 1.399152
776 -1.629907 0.342092 15.076860 0.498500 182.086459 0.030495 -18.892477 0.550318
776 -1.969503 0.707099 80.771081 0.040976 147.467089 0.202809 40.707480 1.229509
777 -1.999100 0.774027 0.270366 0.033742 108.339891 0.997580 -59.362401 1.288704
777 -1.471296 0.581012 -0.406378 0.680999 198.557761 0.134188 -67.344646 0.233095
777 -2.443755 0.459468 -68.104456 1.496001 348.399652 0.992622 -21.583395 2.178014
777 -1.693775 0.202572 -18.432683 1.815374 309.629227 0.131169 -14.754873 0.678054
777 -1.902246 0.603400 17.665860 4.260793 425.488166 0.191619 18.302878 1.094996
777 -2.769222 0.244468 -77.664321 1.551726 324.577246 0.526945 -46.295917 2.828947
777 -2.077509 0.387197 -20.819622 1.445313 268.487110 0.116173 22.020781 1.445521
777 -1.972778 0.378980 -77.833471 0.764141 274.681136 0.755539 3.476618 1.236060
777 -1.801817 0.360892 7.718887 0.533911 193.896889 0.147879 -23.989298 0.894138
777 -2.062564 0.450355 24.345341 1.152960 238.670226 0.069678 23.747314 1.415632
778 -2.648951 0.799549 1.110505 1.180046 185.803622 0.929313 -59.261069 2.588405
778 -1.474771 0.654033 10.408144 0.232232 160.151372 0.035201 -69.008044 0.240046
778 -2.258229 0.491547 -63.673136 1.548059 344.184240 1.005150 -24.567296 1.806961
778 -2.286266 0.608064 -21.138191 1.126477 234.913186 0.225882 62.930351 1.863036
778 -2.170026 0.606236 23.504166 4.493075 432.300422 0.137598 18.283268 1.630556
778 -1.683579 0.231256 6.594366 1.029703 240.282142 0.109508 -18.324141 0.657662
778 -1.465787 0.458156 -10.133627 1.837754 290.052059 0.000852 54.170441 0.222078
778 -2.344460 0.402390 -75.313388 0.408504 242.387979 0.834078 5.369846 1.979423
778 -1.476162 0.224318 -1.336077 0.727830 215.921341 0.163330 2.965568 0.242829
778 -1.887381 0.345686 17.155186 1.962906 302.993830 0.001802 49.855995 1.065266
779 -1.448595 0.679490 16.101608 1.029572 179.394765 0.805552 79.275887 0.187693
779 -1.618045 0.091434 -31.175618 2.296392 385.879007 0.930421 4.558477 0.526593
779 -2.851075 0.491800 -63.244363 1.265648 321.426023 1.001362 -26.178182 2.992653
779 -1.681043 0.342418 -10.688358 2.893333 355.391052 0.207462 60.658021 0.652591
779 -2.029383 0.625886 19.531221 4.614334 439.071863 0.189838 13.594895 1.349270
779 -2.546475 0.108171 -29.118019 1.668587 306.056503 0.045503 -43.330168 2.383454
779 -2.013447 0.467774 -15.230865 2.679155 327.070881 0.322286 81.391058 1.317397
779 -3.126788 0.396724 -55.726410 0.330911 234.099979 0.723359 4.040411 3.544080
779 -1.638340 0.253346 8.817345 0.904284 228.226881 0.192075 1.039779 0.567184
779 -2.313126 0.390774 -57.616238 0.394105 219.804879 0.654442 3.713533 1.916757
780 -1.815841 0.428081 -23.786050 4.414579 435.106939 0.072208 78.238655 0.922186
780 -1.955805 0.084347 -34.871308 2.154993 380.590186 1.015958 -8.271558 1.202113
780 -1.838639 0.393646 -54.215683 1.193833 300.583869 1.084324 -17.578775 0.967781
780 -2.085336 0.350419 -12.810325 2.929308 356.600310 0.226912 66.852308 1.461176
780 -1.933295 0.631544 17.418461 4.590011 440.276909 0.248946 15.376029 1.157093
780 -1.455078 0.015906 70.606486 1.514742 247.942828 0.656334 78.006527 0.200660
780 -1.677644 0.526072 -5.336688 2.604892 306.913163 0.446809 79.979567 0.645791
780 -2.556492 0.288941 -36.859886 0.985940 279.266178 0.842405 13.764087 2.403487
780 -2.352963 0.177913 0.630379 0.660952 235.015456 0.418778 -20.259245 1.996430
780 -2.347957 0.482866 -71.089548 0.206028 216.191586 0.879248 7.958600 1.986419
781 -1.518649 0.555711 -8.329069 4.846153 444.950856 0.003714 81.681899 0.327802
781 -2.618036 0.197254 4.389807 0.625594 245.897749 0.897711 -22.096657 2.526575
781 -1.971394 0.343219 -39.954856 1.010296 283.610070 1.186891 -1.057562 1.233292
781 -2.995204 0.402988 -31.994133 0.819001 224.166944 0.138377 59.657805 3.280913
781 -1.796105 0.663171 11.251115 4.596377 435.790706 0.192130 10.624336 0.882714
781 -1.442405 0.005261 69.439152 1.567054 244.358228 0.716755 79.945834 0.175313
781 -1.424495 0.551818 -6.805505 2.704533 310.481816 0.403208 85.158107 0.139494
781 -1.753241 0.273665 89.024199 0.438521 226.604583 0.783889 -2.738195 0.796986
781 -1.968818 0.750994 -19.579959 0.455908 166.310523 0.711435 85.203065 1.228139
781 -1.411370 0.155015 33.610831 3.299129 407.378567 0.254844 53.503802 0.113243
782 -1.432917 0.603636 -7.109039 4.601698 429.463445 0.005917 73.966683 0.156337
782 -2.198665 0.060955 32.801204 0.905806 267.438699 0.719923 -25.850895 1.687835
782 -1.700527 0.468633 -36.728302 1.270412 286.789779 1.037297 -18.559615 0.691558
782 -2.689663 0.604723 -62.130656 0.320772 211.534688 0.092424 -14.233245 2.669830
782 -1.562549 0.695967 3.741189 4.915191 443.949565 0.193376 19.929641 0.415602
782 -1.815188 0.060981 63.754747 0.495060 159.217330 0.852595 74.384949 0.920879
782 -1.453205 0.515385 -9.650772 2.684078 311.684900 0.415033 82.471044 0.196914
782 -1.792196 0.241551 -85.525697 0.641009 236.735014 0.733643 12.786374 0.874895
782 -1.632547 0.692241 -3.071280 2.396593 279.914057 0.520522 77.703973 0.555599
782 -1.951076 0.114416 27.539607 3.894495 444.804363 0.218523 51.300929 1.192656
783 -1.580648 0.589895 -1.771586 4.499199 426.128922 0.028242 76.213153 0.451800
783 -1.532419 0.063461 -56.860519 0.597040 177.628925 0.694951 89.907332 0.355342
783 -2.179685 0.341337 -37.213785 0.770967 256.550358 1.131212 -19.051614 1.649873
783 -3.111735 0.596664 -53.554946 0.455451 232.024897 0.272727 -24.705838 3.513973
783 -1.615990 0.761815 -4.652839 4.585992 421.075401 0.174343 14.810651 0.522483
783 -1.843985 0.030298 65.364740 0.417877 153.577432 0.844413 73.548252 0.978473
783 -2.515774 0.542507 14.834003 0.199464 138.384982 0.551896 -29.330740 2.322052
783 -1.787973 0.192141 82.947235 1.023498 290.037206 0.731475 -4.038253 0.866449
783 -1.682865 0.795205 10.225841 2.374799 286.861914 0.588064 57.530541 0.656233
783 -1.549279 0.123128 33.170736 3.921513 449.441214 0.187432 50.255157 0.389061
784 -1.507173 0.582350 -14.093260 3.826752 391.664924 0.056842 69.543659 0.304849
784 -2.063987 0.033250 -54.338808 0.323735 163.362385 0.709695 81.568490 1.418478
784 -2.105922 0.286874 -37.583136 0.594949 234.152993 1.192310 -26.462411 1.502347
784 -2.012342 0.769011 -67.781653 0.040586 166.387344 0.166521 -48.246450 1.315187
784 -2.497001 0.690573 -16.914825 3.843258 393.715569 0.073954 13.597637 2.284506
784 -1.899660 0.014408 61.409699 0.250676 141.818677 0.850879 74.239488 1.089824
784 -2.642258 0.538726 22.752862 0.375400 152.091850 0.479069 -29.047348 2.575020
784 -2.526410 0.323364 83.865489 0.565607 264.676735 1.020064 -22.613818 2.343323
784 -1.569068 0.786541 15.237711 2.247953 284.988391 0.624100 53.746589 0.428640
784 -2.138763 0.022146 42.411654 3.444385 455.958348 0.413933 -26.582928 1.568029
785 -1.461219 0.572580 -8.468712 3.704586 385.526151 0.083547 68.870041 0.212941
785 -1.905885 0.077208 -61.748561 0.127846 143.769292 0.709364 78.281388 1.102274
785 -3.064888 0.272433 -40.286423 0.516538 252.208172 1.124656 1.846481 3.420281
785 -2.113789 0.795231 -65.293159 0.010270 169.364775 0.192803 -50.457513 1.518082
785 -1.666332 0.680619 -18.303253 3.690937 380.145927 0.005075 30.027971 0.623169
785 -1.995004 0.580189 14.096591 0.196852 110.141280 0.880459 -59.633976 1.280512
785 -2.564096 0.606835 29.642898 0.441922 148.524815 0.489070 -43.257612 2.418697
785 -2.384633 0.258887 -50.234780 1.616022 328.385497 0.874250 -29.125153 2.059771
785 -1.683291 0.791545 13.064633 2.149623 283.543906 0.610829 50.617201 0.657085
785 -1.850207 0.000435 39.811108 3.521005 458.782805 0.431521 -25.857246 0.990917
786 -1.518571 0.632066 -14.487451 3.967906 393.028406 0.068887 67.048441 0.327646
786 -1.531567 0.071660 -46.990207 0.497701 166.397198 0.692115 -79.843423 0.353638
786 -3.853021 0.355041 -21.381260 0.355411 242.978179 1.182598 -7.950375 4.996545
786 -2.323217 0.731895 -62.249471 0.260511 200.031052 0.151653 -47.986362 1.936937
786 -1.641097 0.693175 -4.065971 4.108156 400.143053 0.005528 33.433953 0.572697
786 -2.256130 0.559824 13.243196 0.333391 120.500781 0.940491 -54.976970 1.802763
786 -2.755101 0.616320 31.365906 0.314282 140.117452 0.518159 -36.542832 2.800705
786 -1.604620 0.333826 -70.899434 1.381973 323.767206 0.839865 -17.585645 0.499744
786 -1.466018 0.262002 9.101498 3.301040 374.162848 0.332310 79.003226 0.222541
786 -1.775493 0.015581 42.234867 3.592296 464.739916 0.435695 -21.406101 0.841490
787 -1.558323 0.680825 -6.888045 3.948737 387.389510 0.098702 69.783648 0.407150
787 -1.615106 0.066760 -32.277227 0.520669 157.851015 0.807211 -78.301645 0.520716
787 -1.721430 0.280338 -3.630239 0.348489 186.280479 1.075698 -2.009248 0.733364
787 -1.855212 0.704494 -76.744378 0.220903 183.412031 0.280436 -44.095374 1.000928
787 -1.464635 0.744859 17.381211 1.698498 295.823789 1.099451 12.298567 0.219773
787 -2.246536 0.563681 12.405753 0.004446 86.408869 1.029657 -54.053409 1.783576
787 -2.336339 0.569435 22.982978 0.026155 119.146639 0.469866 -41.181924 1.963183
787 -2.598673 0.132022 -79.609675 1.429834 324.825957 1.093488 -36.060822 2.487850
787 -1.496976 0.245974 -12.857709 3.716665 404.454610 0.223005 74.792717 0.284455
787 -1.495480 0.054230 50.123872 4.149770 495.695786 0.346598 -6.546112 0.281464
788 -1.502963 0.665186 -9.258682 4.104917 395.199892 0.097701 70.726975 0.296430
788 -1.408267 0.124907 -34.186963 0.126418 117.650933 0.901325 -88.319050 0.107038
788 -2.148301 0.329967 -13.905774 0.456783 193.994222 0.104781 43.468918 1.587107
788 -2.583179 0.412043 -84.251000 0.273865 217.352564 0.989854 26.611110 2.456861
788 -1.917168 0.751176 6.786246 1.650334 289.728879 1.172286 9.385840 1.124841
788 -1.785749 0.600897 -5.359635 0.420161 107.545655 1.098899 -69.506521 0.862002
788 -2.094167 0.683251 21.054358 0.113535 142.359273 0.242423 -11.141800 1.478839
788 -2.761534 0.148333 -87.047953 1.312685 318.867467 1.053367 -35.178409 2.813573
788 -1.436582 0.208782 -4.027761 4.066013 430.770922 0.171066 79.142755 0.163668
788 -1.729223 0.050149 45.833514 4.016449 490.661974 0.387733 -12.002797 0.748950
789 -1.667695 0.634221 -10.099279 4.828905 417.750188 0.286010 -84.115648 0.625894
789 -2.346880 0.392201 -31.554404 1.443655 241.033513 0.555707 71.263292 1.984264
789 -2.072310 0.242089 -26.885259 1.053841 244.988318 0.148967 -87.113302 1.435123
789 -2.245202 0.757817 -82.548692 0.406002 196.375690 0.757853 86.668453 1.780908
789 -1.887597 0.755725 10.870303 1.050938 263.382069 1.196182 -2.315651 1.065698
789 -1.849189 0.513732 1.133310 0.598625 111.933587 1.143780 89.420856 0.988881
789 -1.592285 0.629097 6.014294 0.032273 134.309234 0.261669 -38.255933 0.475073
789 -2.078843 0.119012 -75.732580 1.451833 297.521980 0.017131 -35.344505 1.448190
789 -1.662379 0.218850 -7.181663 4.103825 443.225617 0.036141 82.035048 0.615262
789 -1.777648 0.064393 43.636275 3.888733 484.401029 0.395807 -14.724427 0.845799
790 -1.432661 0.656170 -9.621505 4.324516 385.671984 0.348300 -87.155258 0.155826
790 -2.581224 0.411358 -15.141930 0.489350 184.492100 0.484036 53.980875 2.452952
790 -1.507509 0.170263 -17.554563 1.627681 279.718094 0.285018 -84.699514 0.305521
790 -1.616330 0.049579 -86.329953 0.593707 188.641949 0.571883 83.648651 0.523164
790 -1.752962 0.724357 12.793442 0.839575 216.580237 0.063725 17.503217 0.796428
790 -2.051934 0.434815 -4.087929 1.714534 217.467398 0.886831 67.179260 1.394371
790 -1.813020 0.647326 4.142062 0.276865 143.120687 0.450688 -41.902244 0.916544
790 -1.875133 0.193643 -75.952408 2.434124 377.187892 0.113988 -66.100646 1.040769
790 -1.587434 0.430607 -15.419245 3.327937 382.814344 0.064439 -67.302603 0.465373
790 -1.653867 0.020288 41.021769 3.648117 468.456217 0.442017 -16.104041 0.598238
791 -1.765172 0.667533 -10.626167 4.393518 390.812835 0.344027 -87.395178 0.820848
791 -1.584859 0.405714 -17.598429 0.203273 148.488733 0.493508 80.803990 0.460221
791 -1.424657 0.038236 59.613648 0.873347 213.619243 0.476316 79.449148 0.139819
791 -1.599600 0.130154 -77.502254 0.583015 187.842388 0.496459 81.110340 0.489704
791 -2.148433 0.689935 14.577708 0.219082 183.358110 0.352905 52.838872 1.587369
791 -2.163556 0.405458 -32.148849 1.414659 208.458110 0.840757 73.626308 1.617616
791 -1.589630 0.586443 7.031292 0.388501 176.615149 0.166163 -67.307297 0.469765
791 -1.827812 0.224166 -75.203138 2.510269 387.409813 0.081612 -61.789549 0.946127
791 -1.827620 0.459407 -4.527564 2.634023 345.901243 0.041516 -34.467731 0.945743
791 -1.936485 0.015121 58.687421 3.306785 449.565017 0.471450 -21.350370 1.163475
792 -1.430376 0.668843 -8.382340 4.254380 384.230024 0.304281 89.686598 0.151256
792 -1.700147 0.563738 -9.330620 0.558772 177.181871 0.556210 84.423090 0.690798
792 -1.760652 0.025227 60.316527 0.880472 218.822067 0.482381 75.091757 0.811809
792 -1.572823 0.117800 -79.136478 0.567302 185.971862 0.479548 80.924544 0.436150
792 -1.879904 0.757296 20.055651 1.609074 265.896882 0.273457 24.536154 1.050312
792 -1.966206 0.387928 -31.546108 1.618804 223.414205 0.852178 88.127782 1.222916
792 -1.433853 0.624946 -5.894619 0.802906 198.636267 0.143707 68.804209 0.158210
792 -1.944538 0.260189 -71.230771 2.514301 392.476761 0.045375 -63.140270 1.179579
792 -1.625029 0.401942 22.795699 0.344457 200.313012 1.125199 -1.352870 0.540562
792 -1.862262 0.037143 53.877958 3.335174 452.873498 0.491874 -27.564501 1.015028
793 -1.761799 0.670731 10.243375 3.642485 379.205566 0.459126 43.017610 0.814103
793 -1.410112 0.649161 -2.194573 0.272723 142.725509 0.624538 89.014599 0.110728
793 -1.415465 0.016202 84.568861 0.699756 185.086206 0.638455 -88.284984 0.121434
793 -1.669773 0.096482 88.491318 0.858917 220.676180 0.446614 80.021438 0.630049
793 -1.785195 0.744564 19.625936 1.738621 277.581159 0.359139 27.861826 0.860895
793 -2.048664 0.434518 -40.951499 1.590790 220.913748 0.885132 88.270551 1.387832
793 -1.538889 0.681076 -3.150650 0.003712 141.072365 0.393970 71.794702 0.368282
793 -1.548545 0.283428 83.492837 2.619009 406.684344 0.018806 -73.528123 0.387595
793 -2.192718 0.441780 15.029122 0.223888 204.142248 1.064432 -4.616710 1.675939
793 -2.286200 0.012643 61.930850 3.198176 443.498802 0.483981 -26.780129 1.862903
794 -1.993349 0.714135 17.005257 3.445499 356.472116 0.508536 53.959470 1.277201
794 -1.476897 0.791711 7.392020 0.048185 139.699568 0.641690 70.635918 0.244297
794 -1.949819 0.765893 83.560916 0.300226 188.734706 0.570332 79.006013 1.190141
794 -1.506955 0.116763 -77.502258 0.912576 218.923235 0.505984 84.937838 0.304413
794 -1.448944 0.756373 19.242651 0.194124 162.390143 0.498802 55.610904 0.188391
794 -1.613933 0.369982 -51.108158 0.700708 163.552610 0.937852 -82.528234 0.518370
794 -1.690354 0.482904 -1.670013 1.207542 250.751405 0.242882 29.021290 0.671211
794 -1.497721 0.312734 -89.820257 2.612596 409.266781 0.015382 -58.465791 0.285945
794 -1.366206 0.418598 3.183324 0.371265 173.777099 0.043142 27.846378 0.022915
794 -2.607812 0.011676 55.335084 3.633520 470.120477 0.464164 -33.858931 2.506127
795 -1.503221 0.753578 15.080836 3.517023 367.464691 0.454207 43.430580 0.296946
795 -1.838242 0.107710 2.580629 0.102547 139.174970 0.597209 66.257588 0.966987
795 -2.065616 0.793130 83.385557 0.282612 174.697681 0.635770 -89.640152 1.421736
795 -1.902491 0.082127 -52.347903 0.866103 209.230165 0.624053 84.168302 1.095486
795 -1.846248 0.798866 0.709952 0.209731 168.272254 0.517923 69.074676 0.983000
795 -2.154016 0.697620 10.654739 0.142737 144.481256 0.661070 -57.521390 1.598536
795 -1.472302 0.557832 20.169217 0.723754 204.439373 0.607191 39.397938 0.235107
795 -1.700716 0.363918 -77.566070 2.551746 404.755833 0.114034 -57.550204 0.691936
795 -1.693831 0.498684 14.768318 0.814392 212.038441 0.011099 49.270322 0.678165
795 -3.305413 0.031491 50.173273 2.932605 428.531988 0.508743 -44.153890 3.901329
796 -1.558054 0.770359 16.625354 3.557227 366.967997 0.428784 45.880505 0.406611
796 -1.600937 0.123028 -10.175128 0.140202 136.765248 0.598683 72.553575 0.492378
796 -1.917869 0.714792 -85.463646 0.348825 192.806041 0.587574 81.032918 1.126241
796 -1.630427 0.046735 -50.087565 0.984990 220.482472 0.555543 85.417427 0.551359
796 -1.561715 0.783096 6.461303 0.088961 149.242991 0.574145 78.452591 0.413933
796 -2.298644 0.562250 16.011701 0.727776 172.518131 0.653613 -49.990950 1.887792
796 -1.501881 0.531156 21.081518 0.757486 210.818126 0.602387 32.996987 0.294265
796 -1.726064 0.366782 -75.949720 2.477951 400.865640 0.108530 -56.274968 0.742631
796 -1.610034 0.419026 0.073292 0.781589 218.792098 0.035932 46.816769 0.510572
796 -3.468498 0.032046 58.796870 2.904906 426.334266 0.517705 -48.065935 4.227500
797 -1.536966 0.747015 12.308833 3.445677 354.476704 0.419857 54.336077 0.364436
797 -2.137799 0.058686 -20.571500 0.399097 170.287686 0.567823 65.170850 1.566101
797 -1.942507 0.752668 -80.783587 0.293841 189.144076 0.557841 81.368221 1.175518
797 -1.946041 0.018504 -71.136544 1.412911 243.620522 0.663145 70.469911 1.182585
797 -1.977515 0.607822 16.696983 0.593137 190.079681 0.649374 61.751093 1.245534
797 -2.763024 0.687206 40.412981 0.062453 118.292055 0.387458 -39.802739 2.816551
797 -1.499044 0.003509 13.176465 0.524184 170.715665 0.568920 78.387000 0.288591
797 -1.768353 0.336442 -74.857734 2.637183 405.493627 0.123937 -65.812942 0.827209
797 -1.464968 0.520146 8.687048 0.098639 147.676417 0.026821 69.846442 0.220439
797 -3.880592 0.030598 62.168034 2.917318 426.409899 0.507208 -52.387632 5.051687
798 -1.773543 0.719108 -29.498065 2.311153 274.813411 0.479662 81.223184 0.837590
798 -1.496424 0.083462 -15.381009 0.576008 175.375164 0.569173 76.306689 0.283352
798 -3.084769 0.165949 -52.827729 0.780937 216.176730 0.481335 71.548573 3.460041
798 -1.522244 0.005496 -75.780077 1.344006 236.298102 0.657498 77.835615 0.334992
798 -2.068347 0.403310 -13.087333 0.786583 208.424242 0.326495 36.095270 1.427199
798 -3.268587 0.658979 33.512751 0.412073 161.002045 0.424315 -6.803981 3.827679
798 -1.883422 0.709485 17.273859 0.029072 148.565629 0.637083 80.389848 1.057348
798 -2.217046 0.232675 -23.571292 0.538217 195.916574 0.313867 73.603180 1.724596
798 -1.468049 0.292647 -12.283354 0.743936 209.022832 0.027212 78.747512 0.226602
798 -3.637959 0.131680 61.512932 2.940212 434.470808 0.418565 -51.072979 4.566422
799 -1.757526 0.772997 -24.001077 2.077243 258.154078 0.484780 71.620374 0.805556
799 -1.764767 0.056519 -12.660791 0.862995 193.764535 0.740161 76.091646 0.820038
799 -1.913495 0.088084 -61.558206 1.014203 230.833493 0.451660 77.441134 1.117493
799 -1.420343 0.026303 -77.316458 1.295084 236.046224 0.608992 82.806790 0.131189
799 -1.786159 0.767109 13.256388 0.157543 123.102098 0.623812 -62.802792 0.862822
799 -1.721944 0.742701 5.467859 0.233570 167.946597 0.458690 -11.037509 0.734391
799 -1.602865 0.617021 1.391025 0.760677 170.617514 0.754438 -87.256599 0.496233
799 -1.647152 0.316689 -30.973071 0.820052 217.205154 0.192695 -63.064720 0.584808
799 -2.132967 0.137535 81.711075 1.389619 197.399240 1.009564 72.925156 1.556438
799 -2.398674 0.265439 78.366586 2.098148 378.226848 0.370973 -45.482562 2.087851
800 -1.756413 0.671196 -28.815235 2.338962 280.811584 0.474903 80.131480 0.803330
800 -2.796089 0.171830 -21.849754 1.078915 240.931391 0.405266 71.743527 2.882682
800 -1.507341 0.097177 28.157743 1.860541 281.145624 0.513720 87.624304 0.305185
800 -1.432592 0.018435 -78.362663 1.331268 239.461199 0.609729 82.744445 0.155688
800 -2.031101 0.777912 19.155855 0.160016 130.705059 0.670555 -55.896652 1.352706
800 -1.493756 0.771332 -9.863685 0.160479 164.359881 0.466155 -12.124570 0.278016
800 -1.476990 0.047528 -6.802807 1.096665 279.760885 1.118509 -11.408200 0.244484
800 -2.041543 0.259441 10.314559 0.908508 209.762780 0.362974 -52.141811 1.373590
800 -1.563723 0.071497 -89.942157 1.465867 204.634280 0.966421 80.144408 0.417950
800 -2.658754 0.259018 73.378988 2.124512 377.955958 0.318534 -51.818318 2.608012
801 -1.547689 0.666479 -16.670936 2.433476 285.884022 0.426422 72.970653 0.385881
801 -2.188031 0.209962 10.615423 1.046890 219.603686 0.640661 68.817465 1.666566
801 -1.648487 0.622204 7.209507 0.447445 195.512754 0.978645 -0.493588 0.587478
801 -2.202443 0.376882 19.597729 1.005119 224.676501 0.183558 -45.031884 1.695390
801 -1.591668 0.710083 1.833414 0.947116 183.048435 0.782926 61.328189 0.473840
801 -1.439580 0.740125 -6.572859 0.743088 210.231496 0.359280 -1.085476 0.169665
801 -2.039408 0.140130 14.514071 1.258624 304.899157 1.086036 -15.690126 1.369321
801 -2.409563 0.180253 11.937849 0.959872 214.629612 0.416293 -47.690668 2.109629
801 -1.706942 0.063007 -80.926208 0.628885 152.436789 0.975881 89.781734 0.704387
801 -2.463753 0.227002 89.059870 2.749677 417.540601 0.329846 -46.808825 2.218011
